x0,y0,z0,x1,y1,z1,x2,y2,z2,x3,y3,z3,x4,y4,z4,x5,y5,z5,x6,y6,z6,x7,y7,z7,x8,y8,z8,x9,y9,z9,x10,y10,z10,x11,y11,z11,x12,y12,z12,x13,y13,z13,x14,y14,z14,x15,y15,z15,x16,y16,z16,x17,y17,z17,x18,y18,z18,x19,y19,z19,x20,y20,z20,x21,y21,z21,x22,y22,z22,x23,y23,z23,x24,y24,z24,x25,y25,z25,x26,y26,z26,x27,y27,z27,x28,y28,z28,x29,y29,z29,x30,y30,z30,x31,y31,z31,x32,y32,z32,x33,y33,z33
-0.3362855613231659,0.1263519823551178,4.425606727600098,-0.35347509384155273,-0.0682363212108612,4.4471940994262695,-0.37147805094718933,-0.2627112567424774,4.469137191772461,-0.3894815444946289,-0.45719200372695923,4.4910807609558105,-0.3391704261302948,-0.4648652672767639,4.473918437957764,-0.18503865599632263,-0.48509570956230164,4.421077728271484,-0.11721830070018768,-0.2032845914363861,4.40207052230835,-0.05107560008764267,0.06763312220573425,4.386537075042725,-0.03784706071019173,0.12181666493415833,4.383430480957031,-0.01138998195528984,0.23018375039100647,4.3772172927856445,-0.08610928058624268,0.1922277808189392,4.401515007019043,-0.4399883449077606,-0.4516324996948242,4.508481979370117,-0.5941201448440552,-0.4314020574092865,4.5613226890563965,-0.6509615182876587,-0.14683875441551208,4.548239707946777,-0.7423614859580994,0.08646880090236664,4.424845218658447,-0.7606414556503296,0.13313031196594238,4.4001665115356445,-0.7972014546394348,0.22645333409309387,4.350808620452881,-0.7174980044364929,0.1909383088350296,4.351065158843994,-0.23546823859214783,0.11364221572875977,4.391319751739502,-0.26000818610191345,0.5569624900817871,4.386039733886719,-0.2510952055454254,0.9425855875015259,4.469696521759033,-0.2875610589981079,1.0635700225830078,4.381435871124268,-0.43710288405418396,0.13906174898147583,4.459893703460693,-0.40670886635780334,0.5819383859634399,4.449918746948242,-0.3383290469646454,0.9516323804855347,4.570058822631836,-0.35375532507896423,1.0846401453018188,4.493718147277832,-0.4616297781467438,-0.5973432660102844,4.431999683380127,-0.47436079382896423,-0.6465622782707214,4.433011531829834,-0.4405907392501831,-0.6917232871055603,4.449887275695801,-0.34152811765670776,-0.6920194625854492,4.506422996520996,-0.49199914932250977,-0.6778136491775513,4.479669570922852,-0.4871852397918701,-0.6526087522506714,4.590806007385254,-0.2359689176082611,1.0307984352111816,4.527002334594727,-0.31039369106292725,1.0305278301239014,4.635552406311035
-0.3371996581554413,0.12568223476409912,4.412222385406494,-0.3548416495323181,-0.06864020228385925,4.435728549957275,-0.3732159733772278,-0.262866735458374,4.459465026855469,-0.3915908634662628,-0.4570990800857544,4.48320198059082,-0.33927586674690247,-0.4643232524394989,4.473429203033447,-0.17973341047763824,-0.4830996096134186,4.4432902336120605,-0.11053314805030823,-0.20268043875694275,4.425036907196045,-0.043429017066955566,0.0669909417629242,4.410468578338623,-0.030008191242814064,0.12092521786689758,4.407555103302002,-0.0031665395945310593,0.22879377007484436,4.401727676391602,-0.08021555840969086,0.1913328617811203,4.416494846343994,-0.4441055655479431,-0.4519859850406647,4.493232727050781,-0.6036480069160461,-0.433209627866745,4.523371696472168,-0.6692922115325928,-0.15218526124954224,4.501625061035156,-0.741630494594574,0.10745552182197571,4.432403087615967,-0.7560981512069702,0.15938368439674377,4.418558597564697,-0.7850334644317627,0.2632400095462799,4.390869617462158,-0.7069714665412903,0.2249959409236908,4.389584064483643,-0.2324550896883011,0.11379126459360123,4.3925347328186035,-0.254937082529068,0.557153046131134,4.380035400390625,-0.25406962633132935,0.940344512462616,4.474907398223877,-0.27678096294403076,1.0641144514083862,4.385854721069336,-0.4419442415237427,0.1375732123851776,4.431910037994385,-0.40211033821105957,0.5798327326774597,4.424760818481445,-0.34224119782447815,0.943279504776001,4.566744327545166,-0.342990905046463,1.0790907144546509,4.4938063621521,-0.4502595067024231,-0.6023977994918823,4.423311233520508,-0.4620436728000641,-0.6516234278678894,4.425666332244873,-0.4308049976825714,-0.6944083571434021,4.450848579406738,-0.3427201211452484,-0.6880782842636108,4.522402763366699,-0.4864640533924103,-0.6801325082778931,4.470737934112549,-0.5004208087921143,-0.647629976272583,4.5787553787231445,-0.2462100386619568,1.0268183946609497,4.536215782165527,-0.32203492522239685,1.0191580057144165,4.638384819030762
-0.33853238821029663,0.12649017572402954,4.407098293304443,-0.35639145970344543,-0.06766711175441742,4.43165397644043,-0.3749767541885376,-0.26173368096351624,4.456387519836426,-0.3935626149177551,-0.45580607652664185,4.48112154006958,-0.34050342440605164,-0.4625793993473053,4.4763312339782715,-0.17967858910560608,-0.47988003492355347,4.461432456970215,-0.10928326845169067,-0.20121264457702637,4.44431209564209,-0.041301608085632324,0.06683430075645447,4.430938243865967,-0.027705276384949684,0.1204436868429184,4.4282636642456055,-0.000512612983584404,0.22766245901584625,4.422914028167725,-0.07822117209434509,0.19059143960475922,4.431167125701904,-0.44682377576828003,-0.4511420428752899,4.486180782318115,-0.6076486110687256,-0.43384140729904175,4.501079559326172,-0.6751663088798523,-0.15507549047470093,4.475879669189453,-0.7416496872901917,0.11071836948394775,4.436091423034668,-0.7549463510513306,0.16387714445590973,4.428133964538574,-0.7815396785736084,0.2701946794986725,4.4122185707092285,-0.7040327191352844,0.23181159794330597,4.411589622497559,-0.23232793807983398,0.11547645181417465,4.397255897521973,-0.25154557824134827,0.5594304203987122,4.381525039672852,-0.2568421959877014,0.9411969184875488,4.4837164878845215,-0.2704344391822815,1.0669753551483154,4.395296573638916,-0.4447368383407593,0.13750390708446503,4.416940689086914,-0.3984459340572357,0.5797328948974609,4.415332317352295,-0.34684282541275024,0.9396573901176453,4.570278167724609,-0.3386412560939789,1.077054500579834,4.500436782836914,-0.441142201423645,-0.6051062345504761,4.423492908477783,-0.4508441686630249,-0.6544720530509949,4.426994800567627,-0.4197797477245331,-0.6945940256118774,4.455862522125244,-0.33777734637260437,-0.681560218334198,4.532693386077881,-0.47701770067214966,-0.6822595000267029,4.471164226531982,-0.4999515414237976,-0.6466122269630432,4.576047897338867,-0.2540769875049591,1.0265262126922607,4.547253608703613,-0.3323756456375122,1.0138331651687622,4.645207405090332
-0.33937588334083557,0.12575185298919678,4.406857967376709,-0.35733750462532043,-0.06845863163471222,4.430624961853027,-0.37601351737976074,-0.26258373260498047,4.454538345336914,-0.39469006657600403,-0.4567146301269531,4.478452682495117,-0.341425359249115,-0.46317318081855774,4.476395606994629,-0.18071386218070984,-0.4794458746910095,4.4698100090026855,-0.10983540862798691,-0.20185956358909607,4.455728054046631,-0.041547052562236786,0.0651559829711914,4.445316314697266,-0.02788938209414482,0.1185590922832489,4.443233966827393,-0.0005740392953157425,0.2253653109073639,4.4390692710876465,-0.07830385863780975,0.1884353756904602,4.443380832672119,-0.44815778732299805,-0.45236608386039734,4.480769157409668,-0.6088693141937256,-0.43609338998794556,4.487354755401611,-0.67633455991745,-0.15843626856803894,4.462231159210205,-0.7413657307624817,0.10819116234779358,4.434849262237549,-0.7543719410896301,0.16151663661003113,4.429372787475586,-0.7803844213485718,0.2681676149368286,4.41841983795166,-0.7031299471855164,0.2300141155719757,4.419044017791748,-0.23277968168258667,0.1153482124209404,4.402404308319092,-0.24949917197227478,0.5601990222930908,4.386901378631592,-0.2585083544254303,0.942215085029602,4.490596294403076,-0.26710841059684753,1.0686516761779785,4.402011394500732,-0.4459720849990845,0.13615548610687256,4.411311626434326,-0.39649394154548645,0.5788263082504272,4.413868427276611,-0.35018253326416016,0.9382928609848022,4.573270797729492,-0.3374822437763214,1.0761877298355103,4.50448751449585,-0.43743470311164856,-0.6068077683448792,4.421433925628662,-0.44636350870132446,-0.656049370765686,4.425222873687744,-0.4158022999763489,-0.6950648427009583,4.455538272857666,-0.3371783196926117,-0.6797053813934326,4.534633159637451,-0.47346678376197815,-0.6836038827896118,4.468597888946533,-0.500560998916626,-0.647232711315155,4.5716352462768555,-0.2586447298526764,1.027408242225647,4.554689407348633,-0.3389788269996643,1.0121500492095947,4.649332523345947
-0.33978909254074097,0.12629815936088562,4.412606239318848,-0.35824334621429443,-0.06804929673671722,4.434459209442139,-0.37738344073295593,-0.2623130679130554,4.456465721130371,-0.3965241014957428,-0.4565826952457428,4.47847318649292,-0.3433595895767212,-0.4632704257965088,4.475205898284912,-0.18310944736003876,-0.4802134335041046,4.465017795562744,-0.11241701245307922,-0.20259317755699158,4.456153392791748,-0.04424387961626053,0.06438013911247253,4.450764179229736,-0.0306092519313097,0.11777479946613312,4.449686527252197,-0.003339996561408043,0.22456413507461548,4.447530746459961,-0.08092927932739258,0.18757963180541992,4.452520847320557,-0.4498966634273529,-0.45200639963150024,4.4819793701171875,-0.6101468205451965,-0.4350633919239044,4.4921674728393555,-0.6755110025405884,-0.15681242942810059,4.470885276794434,-0.7395456433296204,0.10853824019432068,4.432938575744629,-0.7523525953292847,0.16160836815834045,4.425349235534668,-0.7779664397239685,0.26774862408638,4.410170555114746,-0.7009485363960266,0.22928911447525024,4.411572456359863,-0.23340186476707458,0.11542823165655136,4.405776500701904,-0.250407874584198,0.5604732632637024,4.394906520843506,-0.25824958086013794,0.9453188180923462,4.487912654876709,-0.26894357800483704,1.0691938400268555,4.395959854125977,-0.44617632031440735,0.13716807961463928,4.419435977935791,-0.3981981873512268,0.5800776481628418,4.420749187469482,-0.34972596168518066,0.9435858726501465,4.570181369781494,-0.3394315838813782,1.0798349380493164,4.4977593421936035,-0.43800273537635803,-0.6060799360275269,4.421074867248535,-0.4460832476615906,-0.6552684903144836,4.424531936645508,-0.41447222232818604,-0.693942666053772,4.453699111938477,-0.3348391056060791,-0.6782424449920654,4.530995845794678,-0.4717698395252228,-0.6835265755653381,4.467975616455078,-0.49718236923217773,-0.6487302780151367,4.571445941925049,-0.2572988271713257,1.0323089361190796,4.54956579208374,-0.3370000123977661,1.0193389654159546,4.644132614135742
-0.34184902906417847,0.1278572380542755,4.420128345489502,-0.3604573607444763,-0.06674961745738983,4.43916130065918,-0.37972068786621094,-0.2612743675708771,4.458380699157715,-0.3989845812320709,-0.4558049440383911,4.477601051330566,-0.34628576040267944,-0.462831974029541,4.4702067375183105,-0.18746677041053772,-0.4807877540588379,4.447653293609619,-0.1168312206864357,-0.2030910849571228,4.4468092918396,-0.04849153757095337,0.06380918622016907,4.449073791503906,-0.03482360020279884,0.11718924343585968,4.449526786804199,-0.007487725466489792,0.2239493429660797,4.450432300567627,-0.08459747582674026,0.18673472106456757,4.4592695236206055,-0.45189279317855835,-0.45089221000671387,4.485203742980957,-0.6107118129730225,-0.432936429977417,4.507757186889648,-0.6701533198356628,-0.15291762351989746,4.4950408935546875,-0.7367571592330933,0.1013442873954773,4.412421226501465,-0.7500779032707214,0.15219667553901672,4.395897388458252,-0.7767194509506226,0.2539014220237732,4.362849712371826,-0.6995711922645569,0.21608304977416992,4.368031024932861,-0.23638534545898438,0.11631134897470474,4.405185699462891,-0.25364255905151367,0.5614837408065796,4.402019023895264,-0.25749948620796204,0.9501490592956543,4.47786808013916,-0.2757618725299835,1.0696632862091064,4.381435394287109,-0.44731271266937256,0.13940311968326569,4.435070991516113,-0.402800053358078,0.5826875567436218,4.4331254959106445,-0.34755393862724304,0.953081488609314,4.561907768249512,-0.3450569212436676,1.0860209465026855,4.482931613922119,-0.4544205367565155,-0.600196897983551,4.419276237487793,-0.4659508168697357,-0.6486973762512207,4.422072410583496,-0.43585363030433655,-0.690305233001709,4.448598861694336,-0.35139256715774536,-0.6825225353240967,4.5217413902282715,-0.4913453459739685,-0.6760996580123901,4.4661736488342285,-0.5086190700531006,-0.6422733664512634,4.571537494659424,-0.2526976764202118,1.0398660898208618,4.535295009613037,-0.3299708962440491,1.0322329998016357,4.631160736083984
-0.3536612093448639,0.11352989077568054,4.597348213195801,-0.37342971563339233,-0.08160746097564697,4.617812156677246,-0.39383184909820557,-0.276660680770874,4.638455390930176,-0.41423457860946655,-0.47171974182128906,4.659099578857422,-0.3612363040447235,-0.4790319800376892,4.65262508392334,-0.2018471509218216,-0.49779579043388367,4.632857799530029,-0.13160040974617004,-0.21937969326972961,4.629748821258545,-0.06368269771337509,0.0482504665851593,4.629862308502197,-0.05009915679693222,0.10177649557590485,4.629885196685791,-0.02293207310140133,0.20882856845855713,4.62993049621582,-0.10027031600475311,0.17147843539714813,4.637971878051758,-0.46745461225509644,-0.4665275812149048,4.665798187255859,-0.6268437504768372,-0.4477637708187103,4.68556547164917,-0.6850639581680298,-0.16683083772659302,4.673445224761963,-0.7473597526550293,0.0947432816028595,4.6107001304626465,-0.7598189115524292,0.14705809950828552,4.598151206970215,-0.784737229347229,0.25168776512145996,4.573053359985352,-0.7080613374710083,0.21224573254585266,4.575510025024414,-0.24767577648162842,0.1014186441898346,4.584243297576904,-0.2621972858905792,0.5484358072280884,4.582176208496094,-0.2665001451969147,0.9404222965240479,4.648387908935547,-0.2826615571975708,1.0579630136489868,4.548255443572998,-0.45964664220809937,0.1256411373615265,4.610453128814697,-0.4149215817451477,0.5706367492675781,4.606201171875,-0.3614332973957062,0.9428969621658325,4.735109329223633,-0.35756251215934753,1.0760819911956787,4.655420303344727,-0.46064266562461853,-0.6205933094024658,4.604023456573486,-0.4698949456214905,-0.6695123910903931,4.608121871948242,-0.43869704008102417,-0.7087010145187378,4.6370158195495605,-0.35715562105178833,-0.6943323016166687,4.712519645690918,-0.4953947961330414,-0.6966941356658936,4.652335166931152,-0.5177992582321167,-0.660312831401825,4.755924224853516,-0.2625473141670227,1.0319042205810547,4.703835964202881,-0.344894140958786,1.0225887298583984,4.8046417236328125
-0.3443324863910675,0.12167295813560486,4.497617244720459,-0.36430540680885315,-0.07360580563545227,4.51802396774292,-0.3850375711917877,-0.2687821388244629,4.538651943206787,-0.40577036142349243,-0.4639643430709839,4.5592803955078125,-0.35307711362838745,-0.4715583920478821,4.550648212432861,-0.1946568489074707,-0.49115872383117676,4.524415493011475,-0.1241876631975174,-0.21267905831336975,4.520177841186523,-0.05594051629304886,0.054994821548461914,4.519139766693115,-0.04229108616709709,0.10852959752082825,4.518932342529297,-0.014992227777838707,0.2155991494655609,4.518517017364502,-0.09203153103590012,0.17826800048351288,4.529425621032715,-0.4586889147758484,-0.4584916830062866,4.568136692047119,-0.6171091794967651,-0.43889135122299194,4.594369411468506,-0.6728314757347107,-0.15722119808197021,4.58479118347168,-0.7398993372917175,0.0935506522655487,4.49032735824585,-0.753312885761261,0.14370502531528473,4.471434593200684,-0.7801400423049927,0.24401375651359558,4.433649063110352,-0.702864408493042,0.20605194568634033,4.439568042755127,-0.23890748620033264,0.10909455269575119,4.480433940887451,-0.24962130188941956,0.5562646985054016,4.4825029373168945,-0.24982720613479614,0.9494423866271973,4.541658401489258,-0.26902151107788086,1.0652436017990112,4.440021514892578,-0.44975748658180237,0.13425135612487793,4.514800548553467,-0.40765121579170227,0.5794988870620728,4.506936550140381,-0.3510012924671173,0.951857328414917,4.634325981140137,-0.3507497012615204,1.0851833820343018,4.55474853515625,-0.4545232951641083,-0.6114914417266846,4.502654075622559,-0.46393102407455444,-0.6604312658309937,4.50606107711792,-0.4321622848510742,-0.7003312110900879,4.533307075500488,-0.34847593307495117,-0.6878508925437927,4.6067633628845215,-0.4883407652378082,-0.6883396506309509,4.550433158874512,-0.5076482892036438,-0.653874933719635,4.655287265777588,-0.24349774420261383,1.0419012308120728,4.5952558517456055,-0.33220183849334717,1.0315347909927368,4.703314781188965
-0.3397652804851532,0.12535730004310608,4.460811614990234,-0.35941746830940247,-0.07001207768917084,4.480691432952881,-0.37985992431640625,-0.26527321338653564,4.500836372375488,-0.4003029763698578,-0.46054017543792725,4.520981788635254,-0.34824568033218384,-0.46828997135162354,4.5091986656188965,-0.191627636551857,-0.48837029933929443,4.473494529724121,-0.1210644319653511,-0.2097577452659607,4.469671726226807,-0.05256810039281845,0.0579984188079834,4.468924522399902,-0.03886883333325386,0.11154965311288834,4.468775272369385,-0.011470301076769829,0.2186521291732788,4.468476295471191,-0.08784149587154388,0.1811741590499878,4.483243942260742,-0.4525824785232544,-0.4549127221107483,4.532984256744385,-0.6092005372047424,-0.4348323941230774,4.56868839263916,-0.6626285910606384,-0.15255892276763916,4.559421539306641,-0.7373858690261841,0.08661597967147827,4.442835330963135,-0.7523373365402222,0.13445095717906952,4.419517993927002,-0.7822402119636536,0.2301209270954132,4.372883319854736,-0.7042184472084045,0.19366224110126495,4.3790974617004395,-0.23557275533676147,0.11249766498804092,4.437432765960693,-0.2472662627696991,0.5595569014549255,4.441880702972412,-0.2461872547864914,0.9532381296157837,4.497137069702148,-0.271917462348938,1.0679066181182861,4.395697116851807,-0.4439578056335449,0.13821694254875183,4.484190464019775,-0.40505850315093994,0.5836267471313477,4.473445892333984,-0.34468334913253784,0.9591163992881775,4.589211463928223,-0.3506662845611572,1.0906546115875244,4.506974697113037,-0.4560529291629791,-0.6045496463775635,4.461846828460693,-0.4668765068054199,-0.65325927734375,4.464103698730469,-0.43530991673469543,-0.6949869394302368,4.488709926605225,-0.3483148217201233,-0.687504231929779,4.558917045593262,-0.4903169274330139,-0.6818442940711975,4.508562088012695,-0.5041679739952087,-0.6502666473388672,4.6151652336120605,-0.23725084960460663,1.046242356300354,4.5493693351745605,-0.3225639760494232,1.0404335260391235,4.65521240234375
-0.33717381954193115,0.1278497874736786,4.442103385925293,-0.3564758002758026,-0.06763386726379395,4.461187362670898,-0.3765828311443329,-0.26300597190856934,4.480580806732178,-0.3966904580593109,-0.4583839178085327,4.499974727630615,-0.34544578194618225,-0.4662185311317444,4.485092639923096,-0.1911272555589676,-0.48657098412513733,4.440055847167969,-0.12038087844848633,-0.20784419775009155,4.436551570892334,-0.05157017707824707,0.05998232960700989,4.435962200164795,-0.03780803829431534,0.11354763805866241,4.435844421386719,-0.010283757001161575,0.22067824006080627,4.435608863830566,-0.08577612787485123,0.183013454079628,4.454193115234375,-0.44815367460250854,-0.4526728093624115,4.5150675773620605,-0.602472186088562,-0.43232035636901855,4.5601043701171875,-0.6545642018318176,-0.1497003138065338,4.549228191375732,-0.7375369668006897,0.08115233480930328,4.421600341796875,-0.7541314959526062,0.12732286751270294,4.3960747718811035,-0.787320613861084,0.21966391801834106,4.3450236320495605,-0.7087097764015198,0.18411171436309814,4.349437713623047,-0.23456455767154694,0.11483755707740784,4.412596225738525,-0.2497936189174652,0.5611575841903687,4.417616844177246,-0.2487887740135193,0.9543232917785645,4.472541809082031,-0.2814923822879791,1.0685313940048218,4.3729400634765625,-0.43978309631347656,0.14086201786994934,4.4716105461120605,-0.4039708077907562,0.5858497619628906,4.458880424499512,-0.34139537811279297,0.964300811290741,4.561135292053223,-0.3540540635585785,1.0934268236160278,4.476283550262451,-0.45710289478302,-0.5997878909111023,4.439189434051514,-0.4683797359466553,-0.6484271287918091,4.440432548522949,-0.4361041188240051,-0.6912579536437988,4.462029457092285,-0.3455641269683838,-0.6869748830795288,4.527873516082764,-0.4898611009120941,-0.6782050132751465,4.4850921630859375,-0.4978755712509155,-0.6499916315078735,4.593216896057129,-0.23755262792110443,1.047309160232544,4.524050712585449,-0.3163173496723175,1.047409176826477,4.623504161834717
-0.3338645398616791,0.13092419505119324,4.425076961517334,-0.35273510217666626,-0.06469422578811646,4.443239688873291,-0.37245261669158936,-0.2601989805698395,4.461723804473877,-0.3921707272529602,-0.4557095766067505,4.480208396911621,-0.34100601077079773,-0.46339309215545654,4.464972019195557,-0.18712477385997772,-0.48326465487480164,4.418941974639893,-0.11666116863489151,-0.20500296354293823,4.410126209259033,-0.04812675714492798,0.06242877244949341,4.404322624206543,-0.03441987186670303,0.11591511964797974,4.403162002563477,-0.007006105035543442,0.2228878140449524,4.400840759277344,-0.0821937620639801,0.1855636090040207,4.42073392868042,-0.4435497224330902,-0.4501510262489319,4.495645999908447,-0.597430944442749,-0.4302794635295868,4.541676044464111,-0.6570348739624023,-0.14990565180778503,4.524060249328613,-0.7347449660301208,0.10121729969978333,4.439509868621826,-0.7502869963645935,0.15144190192222595,4.422599792480469,-0.7813710570335388,0.2518910765647888,4.388779640197754,-0.704332172870636,0.2133733183145523,4.383938312530518,-0.2314291000366211,0.11823423206806183,4.394829750061035,-0.2451651692390442,0.5644243359565735,4.400824546813965,-0.24175143241882324,0.9569432139396667,4.459107875823975,-0.2745049297809601,1.0721334218978882,4.360751152038574,-0.43629997968673706,0.14361415803432465,4.455324172973633,-0.3996601104736328,0.5884178876876831,4.444488525390625,-0.33508744835853577,0.9653942584991455,4.550313472747803,-0.3477560877799988,1.0954065322875977,4.466934680938721,-0.45587465167045593,-0.5953088998794556,4.4186906814575195,-0.4679754972457886,-0.6437497138977051,4.419538974761963,-0.43615415692329407,-0.6873725056648254,4.440177917480469,-0.3446495234966278,-0.6854199767112732,4.504755020141602,-0.48933669924736023,-0.6736673712730408,4.4641499519348145,-0.49533340334892273,-0.6465886831283569,4.572676181793213,-0.22969569265842438,1.0493861436843872,4.511321544647217,-0.30934035778045654,1.047715663909912,4.613381385803223
-0.3383428454399109,0.12521132826805115,4.500273704528809,-0.3569146990776062,-0.07051463425159454,4.517864227294922,-0.3763229548931122,-0.26613128185272217,4.535765647888184,-0.3957318067550659,-0.461753785610199,4.5536675453186035,-0.34460753202438354,-0.46932274103164673,4.538213729858398,-0.19090983271598816,-0.4888415038585663,4.49155855178833,-0.12105193734169006,-0.21066880226135254,4.4785943031311035,-0.05316779017448425,0.05672556161880493,4.468516826629639,-0.03959096223115921,0.11020442843437195,4.466501235961914,-0.012437304481863976,0.21716216206550598,4.462470054626465,-0.0873989388346672,0.1799783706665039,4.4833550453186035,-0.447066992521286,-0.4563109874725342,4.569315433502197,-0.6007646918296814,-0.4367922246456146,4.615970611572266,-0.6654872894287109,-0.1579110026359558,4.594418525695801,-0.7425940036773682,0.09824776649475098,4.526250839233398,-0.7580153346061707,0.14947950839996338,4.512617111206055,-0.7888580560684204,0.2519429922103882,4.485350131988525,-0.7123100161552429,0.21317309141159058,4.476670265197754,-0.236024409532547,0.11273980885744095,4.4695329666137695,-0.24707578122615814,0.5590570569038391,4.474465847015381,-0.24111710488796234,0.9517645835876465,4.531499862670898,-0.2736814320087433,1.0668445825576782,4.432929992675781,-0.4406612813472748,0.13768285512924194,4.531014442443848,-0.40399569272994995,0.5825079679489136,4.519533634185791,-0.33884769678115845,0.959657609462738,4.62451696395874,-0.3519356846809387,1.0895675420761108,4.541018486022949,-0.4601081609725952,-0.6013917326927185,4.492986679077148,-0.47228944301605225,-0.649803102016449,4.494052886962891,-0.44040772318840027,-0.6934227347373962,4.514589309692383,-0.34846231341362,-0.6914599537849426,4.578517913818359,-0.4933924078941345,-0.6795554757118225,4.5388898849487305,-0.49858561158180237,-0.6521692872047424,4.647368907928467,-0.2282761037349701,1.0443071126937866,4.583367824554443,-0.3127690255641937,1.0420708656311035,4.687344074249268
-0.3360132873058319,0.12593752145767212,4.486494064331055,-0.35440853238105774,-0.06984007358551025,4.503754138946533,-0.37353405356407166,-0.26552140712738037,4.521309852600098,-0.39266014099121094,-0.4612085819244385,4.53886604309082,-0.34158560633659363,-0.46868810057640076,4.523200511932373,-0.1880459189414978,-0.4879368543624878,4.475916862487793,-0.12525594234466553,-0.2081800103187561,4.460434436798096,-0.06455016136169434,0.060800254344940186,4.446629524230957,-0.05240900442004204,0.11459630727767944,4.443868637084961,-0.02812669239938259,0.22218841314315796,4.438346862792969,-0.10194699466228485,0.1832922101020813,4.4601945877075195,-0.4439425468444824,-0.45585596561431885,4.554722309112549,-0.5974822044372559,-0.4366072118282318,4.602005958557129,-0.6675374507904053,-0.15969735383987427,4.572690963745117,-0.7540723085403442,0.08714817464351654,4.484344005584717,-0.771379292011261,0.13651728630065918,4.4666748046875,-0.8059932589530945,0.23525550961494446,4.431335926055908,-0.7280668616294861,0.19873802363872528,4.425537109375,-0.2338733673095703,0.11357450485229492,4.45512056350708,-0.24223056435585022,0.5599269866943359,4.4618330001831055,-0.23246882855892181,0.9518065452575684,4.523821830749512,-0.26471295952796936,1.068414330482483,4.426956653594971,-0.4381532073020935,0.13830053806304932,4.517867565155029,-0.3960076868534088,0.5826073884963989,4.505194187164307,-0.3254643678665161,0.9592973589897156,4.60832405090332,-0.33765527606010437,1.0890699625015259,4.524477005004883,-0.45748504996299744,-0.6012406349182129,4.479584693908691,-0.46970248222351074,-0.6496317386627197,4.481081008911133,-0.437747985124588,-0.6931250095367432,4.501772403717041,-0.3454563021659851,-0.6907654404640198,4.565187454223633,-0.4905887246131897,-0.679027259349823,4.5262532234191895,-0.49517178535461426,-0.65082186460495,4.634550094604492,-0.2184668779373169,1.0435638427734375,4.576773166656494,-0.29788628220558167,1.0416032075881958,4.670650005340576
-0.33173516392707825,0.1257166862487793,4.456980228424072,-0.34957489371299744,-0.0700865238904953,4.4745917320251465,-0.36816656589508057,-0.26579076051712036,4.492522716522217,-0.38675880432128906,-0.461500883102417,4.510454177856445,-0.33607473969459534,-0.46894681453704834,4.493548393249512,-0.18351000547409058,-0.48812031745910645,4.442469120025635,-0.12973584234714508,-0.20598876476287842,4.42615270614624,-0.0785759910941124,0.06529596447944641,4.4088335037231445,-0.06834401935338974,0.11955291032791138,4.405369758605957,-0.047880079597234726,0.2280668020248413,4.398442268371582,-0.11983862519264221,0.1867726594209671,4.422616481781006,-0.43764492869377136,-0.456182062625885,4.527554512023926,-0.5902096629142761,-0.4370085597038269,4.578633785247803,-0.6614243984222412,-0.16137316823005676,4.537285327911377,-0.7596843242645264,0.06419716775417328,4.410890102386475,-0.7793363332748413,0.10931123793125153,4.385611057281494,-0.8186402916908264,0.19953936338424683,4.335052967071533,-0.7389845848083496,0.1660400629043579,4.334413051605225,-0.23046544194221497,0.11342209577560425,4.422872066497803,-0.2448185533285141,0.5594500303268433,4.431827068328857,-0.23688873648643494,0.9500622749328613,4.50091552734375,-0.2728395462036133,1.0681113004684448,4.4072265625,-0.43300488591194153,0.13801127672195435,4.491088390350342,-0.38534584641456604,0.5814400911331177,4.473015308380127,-0.3072250187397003,0.9583431482315063,4.569219589233398,-0.3202870786190033,1.0871772766113281,4.484150409698486,-0.4520057439804077,-0.6043925285339355,4.45692777633667,-0.46360811591148376,-0.653053343296051,4.460138320922852,-0.43031904101371765,-0.6957618594169617,4.48099422454834,-0.3356543183326721,-0.6905902028083801,4.541452884674072,-0.4827006161212921,-0.6815608143806458,4.506935119628906,-0.48406875133514404,-0.6503539085388184,4.614952087402344,-0.22226186096668243,1.0409166812896729,4.555174827575684,-0.2768307328224182,1.0410327911376953,4.629644393920898
-0.32841670513153076,0.12554767727851868,4.440010070800781,-0.3448910713195801,-0.07038816809654236,4.457504749298096,-0.3621751070022583,-0.2662225365638733,4.475350856781006,-0.3794596791267395,-0.4620627760887146,4.493197917938232,-0.32933565974235535,-0.469262957572937,4.474598407745361,-0.17847642302513123,-0.4876958727836609,4.418433666229248,-0.12829864025115967,-0.20482191443443298,4.403428077697754,-0.08130136877298355,0.06719249486923218,4.3856425285339355,-0.07190191745758057,0.12159537523984909,4.38208532333374,-0.053103007376194,0.23040112853050232,4.374971389770508,-0.1236550435423851,0.18805815279483795,4.401381969451904,-0.4297715425491333,-0.4569910764694214,4.511991024017334,-0.5806307792663574,-0.4385581612586975,4.568155765533447,-0.6483851671218872,-0.16231882572174072,4.525007247924805,-0.7521092295646667,0.05064930021762848,4.382168769836426,-0.7728540301322937,0.09324292838573456,4.353600978851318,-0.8143436312675476,0.17843016982078552,4.296465873718262,-0.7342278957366943,0.14604094624519348,4.297134876251221,-0.22828525304794312,0.11378113180398941,4.402520179748535,-0.24873453378677368,0.5594165921211243,4.411802291870117,-0.24376752972602844,0.9498744606971741,4.481285095214844,-0.2844591736793518,1.0675147771835327,4.389118194580078,-0.4285481572151184,0.13731423020362854,4.477499961853027,-0.38642334938049316,0.581069827079773,4.457455635070801,-0.31007546186447144,0.95945143699646,4.548604965209961,-0.32764267921447754,1.0874943733215332,4.463245868682861,-0.44699156284332275,-0.6047332882881165,4.441185474395752,-0.4584406018257141,-0.6535012125968933,4.444463729858398,-0.42421501874923706,-0.6964291930198669,4.463510513305664,-0.32689154148101807,-0.6917120218276978,4.519957065582275,-0.47551000118255615,-0.6824817657470703,4.491852760314941,-0.4722273647785187,-0.6521942615509033,4.6002607345581055,-0.22854799032211304,1.040813684463501,4.535168170928955,-0.27877041697502136,1.0428977012634277,4.607440948486328
-0.325336754322052,0.12593835592269897,4.4264607429504395,-0.3398077189922333,-0.07032246887683868,4.4420061111450195,-0.355045348405838,-0.26649701595306396,4.457903861999512,-0.37028342485427856,-0.4626774489879608,4.473802089691162,-0.32110971212387085,-0.46929264068603516,4.452625274658203,-0.1732650250196457,-0.4859483242034912,4.388803482055664,-0.1277623474597931,-0.20286795496940613,4.375784873962402,-0.08789198845624924,0.06936272978782654,4.3543219566345215,-0.07991791516542435,0.12380886822938919,4.350029468536377,-0.06396976858377457,0.2327011525630951,4.341444492340088,-0.13186660408973694,0.1890852451324463,4.371789932250977,-0.4196227490901947,-0.4581944942474365,4.495151519775391,-0.567467451095581,-0.44153881072998047,4.55897331237793,-0.6354742050170898,-0.16505515575408936,4.522830009460449,-0.751616895198822,0.03339013457298279,4.370218753814697,-0.7748454213142395,0.0730791985988617,4.339696407318115,-0.8213024735450745,0.1524573266506195,4.278651714324951,-0.7402873039245605,0.12296663224697113,4.2784576416015625,-0.227095365524292,0.11532813310623169,4.3839569091796875,-0.25141364336013794,0.5605624914169312,4.394915580749512,-0.24762268364429474,0.9511703252792358,4.462756156921387,-0.2942366898059845,1.067925214767456,4.372384071350098,-0.423578143119812,0.13654857873916626,4.468964576721191,-0.39123156666755676,0.5810108184814453,4.450201511383057,-0.3196634352207184,0.9613965749740601,4.536084175109863,-0.34459254145622253,1.0885361433029175,4.451315402984619,-0.44243109226226807,-0.6026118397712708,4.420248508453369,-0.4541771709918976,-0.6514108777046204,4.422234058380127,-0.41927722096443176,-0.6953907012939453,4.43736457824707,-0.318558931350708,-0.6937941312789917,4.487855434417725,-0.4686121642589569,-0.6822124123573303,4.469394207000732,-0.4583412706851959,-0.6564555168151855,4.578605651855469,-0.23082102835178375,1.0424546003341675,4.515493392944336,-0.28749769926071167,1.0458120107650757,4.592967987060547
-0.327190637588501,0.12336966395378113,4.470217704772949,-0.33929842710494995,-0.07328741252422333,4.482668399810791,-0.3519931733608246,-0.26988935470581055,4.495401859283447,-0.36468827724456787,-0.4664972126483917,4.508135795593262,-0.3168655037879944,-0.4722367525100708,4.483829975128174,-0.17346596717834473,-0.4862231910228729,4.4108452796936035,-0.13087980449199677,-0.20405837893486023,4.400936603546143,-0.09836990386247635,0.06732329726219177,4.374994277954102,-0.09186792373657227,0.12159962952136993,4.369805812835693,-0.0788639634847641,0.23015230894088745,4.359428882598877,-0.1433005928993225,0.18566718697547913,4.394441604614258,-0.4126490652561188,-0.4628945291042328,4.5325798988342285,-0.5560486316680908,-0.44890809059143066,4.605564594268799,-0.6243248581886292,-0.1726621687412262,4.582000255584717,-0.757135808467865,0.006210491061210632,4.421551704406738,-0.7836980223655701,0.04198502376675606,4.389461994171143,-0.8368223905563354,0.11353409290313721,4.325282573699951,-0.7547780871391296,0.08858422189950943,4.323514938354492,-0.23162797093391418,0.11441134661436081,4.421652793884277,-0.25516825914382935,0.5597185492515564,4.4323906898498535,-0.2491932511329651,0.9512946009635925,4.494372844696045,-0.3018679618835449,1.0665509700775146,4.405402183532715,-0.42275330424308777,0.13232797384262085,4.518782615661621,-0.3996668756008148,0.5774345993995667,4.501031875610352,-0.3334057033061981,0.9608025550842285,4.577502250671387,-0.3671407103538513,1.0860252380371094,4.492911338806152,-0.44147244095802307,-0.6034364104270935,4.452981472015381,-0.45339903235435486,-0.6522632837295532,4.453392505645752,-0.41780394315719604,-0.6970904469490051,4.463832378387451,-0.3136928379535675,-0.6983548998832703,4.5070929527282715,-0.46468687057495117,-0.6853351593017578,4.499914646148682,-0.4465278089046478,-0.6650481224060059,4.609325885772705,-0.2296433448791504,1.0434011220932007,4.5446906089782715,-0.30007365345954895,1.0468509197235107,4.631189346313477
-0.3350524604320526,0.11699384450912476,4.5872931480407715,-0.3444679379463196,-0.0803355872631073,4.594442844390869,-0.3541818857192993,-0.2776463031768799,4.60170841217041,-0.36389613151550293,-0.4749629497528076,4.608973979949951,-0.3176984190940857,-0.4793322682380676,4.581313610076904,-0.1796901673078537,-0.48917028307914734,4.498658180236816,-0.14086996018886566,-0.2073950469493866,4.495242118835449,-0.11777244508266449,0.06382834911346436,4.468489170074463,-0.11315294355154037,0.11807303130626678,4.463138580322266,-0.10391393303871155,0.22656239569187164,4.452437400817871,-0.1641950160264969,0.18039655685424805,4.491635322570801,-0.41019943356513977,-0.47273826599121094,4.636713981628418,-0.548207700252533,-0.4629002511501312,4.719369411468506,-0.6123146414756775,-0.18576079607009888,4.719382286071777,-0.7606942653656006,-0.01957070827484131,4.560713768005371,-0.7903702259063721,0.013667307794094086,4.528980255126953,-0.8497220873832703,0.08014333993196487,4.465512752532959,-0.7670375108718872,0.05916880816221237,4.460519790649414,-0.24276292324066162,0.11059744656085968,4.532289981842041,-0.26300501823425293,0.5585188269615173,4.541801929473877,-0.2540806531906128,0.9534878730773926,4.595097064971924,-0.3132460117340088,1.0673155784606934,4.506903648376465,-0.4273419976234436,0.12339024245738983,4.642296314239502,-0.41030973196029663,0.5712601542472839,4.626290798187256,-0.34910523891448975,0.9598914384841919,4.690635681152344,-0.3922438621520996,1.0829864740371704,4.605652809143066,-0.4448661804199219,-0.6093063354492188,4.552008628845215,-0.45686936378479004,-0.6582463979721069,4.550668716430664,-0.42061910033226013,-0.7036337852478027,4.556222915649414,-0.3134307563304901,-0.7070208191871643,4.592062473297119,-0.46496349573135376,-0.6938518285751343,4.596184253692627,-0.43907320499420166,-0.6793054342269897,4.705286979675293,-0.23138408362865448,1.0472016334533691,4.6422600746154785,-0.31432420015335083,1.0484035015106201,4.740411281585693
-0.34126606583595276,0.1144721508026123,4.602992057800293,-0.3471936583518982,-0.08332622051239014,4.606724262237549,-0.35325175523757935,-0.28111934661865234,4.610524654388428,-0.3593100309371948,-0.4789184331893921,4.614325046539307,-0.3151993155479431,-0.48194432258605957,4.5831708908081055,-0.18383532762527466,-0.48775023221969604,4.4903998374938965,-0.15459060668945312,-0.20507800579071045,4.488864421844482,-0.14942508935928345,0.06608393788337708,4.455505847930908,-0.148391991853714,0.12031632661819458,4.44883394241333,-0.14632578194141388,0.2287811040878296,4.435490608215332,-0.20043355226516724,0.18024666607379913,4.480261325836182,-0.40348660945892334,-0.4780423045158386,4.6455206871032715,-0.5348505973815918,-0.47223639488220215,4.7382917404174805,-0.5873165726661682,-0.19410574436187744,4.763823509216309,-0.7436493039131165,-0.022015362977981567,4.620250225067139,-0.7749158143997192,0.012402713298797607,4.591535568237305,-0.8374488949775696,0.08123886585235596,4.534106254577637,-0.7554599642753601,0.06000795215368271,4.523397445678711,-0.2532289922237396,0.11066494882106781,4.541041374206543,-0.27364781498908997,0.5591932535171509,4.553626537322998,-0.2595858573913574,0.9541715383529663,4.610231399536133,-0.32508304715156555,1.0692074298858643,4.527849197387695,-0.4293031394481659,0.1182793527841568,4.664942741394043,-0.4141619801521301,0.5670585632324219,4.653948783874512,-0.3521623909473419,0.9568605422973633,4.71411657333374,-0.40295618772506714,1.0797449350357056,4.632695198059082,-0.44361916184425354,-0.6123683452606201,4.558774471282959,-0.4554307460784912,-0.6614712476730347,4.5566792488098145,-0.41850513219833374,-0.706838071346283,4.558109283447266,-0.3086887001991272,-0.7105123996734619,4.586083889007568,-0.460018128156662,-0.6987071633338928,4.601580619812012,-0.426308810710907,-0.6874747276306152,4.709252834320068,-0.2330661416053772,1.0474857091903687,4.65656042098999,-0.31456458568573,1.0458331108093262,4.761312961578369
-0.3455207347869873,0.11226105690002441,4.569371223449707,-0.34801092743873596,-0.08585044741630554,4.573305130004883,-0.35050252079963684,-0.2839609980583191,4.577284336090088,-0.3529941737651825,-0.4820774793624878,4.581263542175293,-0.3114911913871765,-0.48437389731407166,4.54655122756958,-0.18834297358989716,-0.4879920184612274,4.443521976470947,-0.16966749727725983,-0.2045828104019165,4.440880298614502,-0.18131870031356812,0.06571489572525024,4.403552055358887,-0.183648943901062,0.11977443099021912,4.3960862159729,-0.1883094310760498,0.22789350152015686,4.381155014038086,-0.23593096435070038,0.17751970887184143,4.430901050567627,-0.3945242464542389,-0.4819343686103821,4.616018772125244,-0.5176724791526794,-0.4783162474632263,4.719048023223877,-0.5357322692871094,-0.19718626141548157,4.755329132080078,-0.6746163964271545,0.002025231719017029,4.630365371704102,-0.7023932337760925,0.04186753183603287,4.605372428894043,-0.7579469084739685,0.12155213207006454,4.555387020111084,-0.6803348660469055,0.09029320627450943,4.538676738739014,-0.26274368166923523,0.10984952002763748,4.500325679779053,-0.28479257225990295,0.5580642223358154,4.520126819610596,-0.2610146105289459,0.9506074786186218,4.5892014503479,-0.3316391408443451,1.069186806678772,4.5166497230529785,-0.4282977879047394,0.11467259377241135,4.638416767120361,-0.40810900926589966,0.5632432103157043,4.626106262207031,-0.3360140323638916,0.9521040916442871,4.681028842926025,-0.39165839552879333,1.075783610343933,4.604089260101318,-0.4400685727596283,-0.616916298866272,4.533141136169434,-0.45134562253952026,-0.6662481427192688,4.532057762145996,-0.41375410556793213,-0.7111548781394958,4.530239582061768,-0.30172428488731384,-0.7132773399353027,4.548560619354248,-0.4514816999435425,-0.7035624980926514,4.577231407165527,-0.4086191952228546,-0.6917656660079956,4.681703567504883,-0.22954711318016052,1.041928768157959,4.636410236358643,-0.2934342622756958,1.040497899055481,4.724982738494873
-0.3495948016643524,0.11353009939193726,4.510046005249023,-0.34908780455589294,-0.08474594354629517,4.515326023101807,-0.3485604524612427,-0.2830190062522888,4.520714282989502,-0.34803307056427,-0.48129802942276,4.526102542877197,-0.3095223307609558,-0.4833090603351593,4.488011360168457,-0.19557487964630127,-0.4860714375972748,4.375210285186768,-0.18645977973937988,-0.20223215222358704,4.373696804046631,-0.21289992332458496,0.06708535552024841,4.337164878845215,-0.21818795800209045,0.12094885110855103,4.329858303070068,-0.22876401245594025,0.22867584228515625,4.315245628356934,-0.26980525255203247,0.17654713988304138,4.368872165679932,-0.3865380883216858,-0.48144200444221497,4.5642523765563965,-0.5004855394363403,-0.4786796271800995,4.677053451538086,-0.4861143231391907,-0.19727817177772522,4.712504863739014,-0.594056248664856,0.03514280915260315,4.618193626403809,-0.615644633769989,0.0816270112991333,4.599331378936768,-0.6588214039802551,0.1745954155921936,4.5616068840026855,-0.5902391076087952,0.13145047426223755,4.534912586212158,-0.2727280259132385,0.11171054095029831,4.434333324432373,-0.2917347848415375,0.5591822862625122,4.465958595275879,-0.249144047498703,0.9462152719497681,4.553562164306641,-0.3215878903865814,1.0706002712249756,4.493804931640625,-0.4264615774154663,0.1153496578335762,4.585758686065674,-0.401138037443161,0.563410222530365,4.571870803833008,-0.31552186608314514,0.9496258497238159,4.624693393707275,-0.37426647543907166,1.0754356384277344,4.553900718688965,-0.4368898272514343,-0.6178046464920044,4.486508369445801,-0.4474436938762665,-0.667324423789978,4.486677646636963,-0.4094422161579132,-0.7116788625717163,4.4817962646484375,-0.2961808741092682,-0.7119747996330261,4.490216255187988,-0.4430253207683563,-0.704350471496582,4.531897068023682,-0.3913329839706421,-0.691210925579071,4.632168292999268,-0.2107991874217987,1.0337646007537842,4.602682590484619,-0.2674016058444977,1.0364278554916382,4.66589879989624
-0.3554787039756775,0.11751207709312439,4.444459438323975,-0.3524514436721802,-0.08077409863471985,4.451767921447754,-0.3493953347206116,-0.27905339002609253,4.459249019622803,-0.3463391065597534,-0.47733864188194275,4.466730117797852,-0.31093868613243103,-0.47942036390304565,4.425700664520264,-0.2063734233379364,-0.48238787055015564,4.3043317794799805,-0.2046070694923401,-0.1984623372554779,4.305124759674072,-0.24028103053569794,0.07040408253669739,4.273922443389893,-0.24741582572460175,0.12417736649513245,4.267682075500488,-0.26168540120124817,0.23172393441200256,4.25520133972168,-0.2971474528312683,0.1780766099691391,4.311228275299072,-0.3817063271999359,-0.47741204500198364,4.507841110229492,-0.48627158999443054,-0.47444453835487366,4.629209995269775,-0.4556570053100586,-0.19300824403762817,4.65097713470459,-0.5298478603363037,0.06050121784210205,4.5819549560546875,-0.5446860194206238,0.11120310425758362,4.568150520324707,-0.5743623971939087,0.21260687708854675,4.540541648864746,-0.5164957642555237,0.16104567050933838,4.504939079284668,-0.2846975028514862,0.11558868736028671,4.362958908081055,-0.2969897389411926,0.5613994002342224,4.40525484085083,-0.23237159848213196,0.9408742189407349,4.5071916580200195,-0.30414271354675293,1.0703496932983398,4.459583282470703,-0.4262599050998688,0.11943546682596207,4.5259599685668945,-0.3976297378540039,0.5662143230438232,4.509953498840332,-0.29888132214546204,0.9486278295516968,4.56071138381958,-0.35956871509552,1.0765072107315063,4.496325969696045,-0.4361608624458313,-0.615314781665802,4.43499231338501,-0.4460047483444214,-0.6649777889251709,4.43629789352417,-0.4078880548477173,-0.7088845372200012,4.4287848472595215,-0.2942899465560913,-0.7076519727706909,4.428439617156982,-0.43761271238327026,-0.7016122341156006,4.481293678283691,-0.3785098195075989,-0.6870471239089966,4.57721471786499,-0.1869085133075714,1.024207353591919,4.557040214538574,-0.2457360476255417,1.0334725379943848,4.599092483520508
-0.35908979177474976,0.12507838010787964,4.371685028076172,-0.3540150821208954,-0.07302384078502655,4.383035182952881,-0.3490622043609619,-0.27110564708709717,4.3947882652282715,-0.3441091775894165,-0.46919336915016174,4.40654182434082,-0.31307077407836914,-0.47213202714920044,4.362153053283691,-0.22145581245422363,-0.4776332676410675,4.230830669403076,-0.22278890013694763,-0.1937631070613861,4.23196268081665,-0.25914886593818665,0.07575523853302002,4.2086501121521,-0.2664208710193634,0.12965890765190125,4.2039875984191895,-0.28096485137939453,0.2374662458896637,4.194662570953369,-0.3110753893852234,0.18317252397537231,4.253120422363281,-0.3750937879085541,-0.46840769052505493,4.4510579109191895,-0.4667087495326996,-0.46290645003318787,4.582380294799805,-0.42951446771621704,-0.18203666806221008,4.564658164978027,-0.46792134642601013,0.079740971326828,4.49755334854126,-0.4756027162075043,0.13209649920463562,4.484132289886475,-0.49096545577049255,0.23680755496025085,4.4572906494140625,-0.4462944567203522,0.17618229985237122,4.417280197143555,-0.29681116342544556,0.12162385135889053,4.283545017242432,-0.3090502619743347,0.5631775259971619,4.335219860076904,-0.23621240258216858,0.9376207590103149,4.438975811004639,-0.3120362460613251,1.0669341087341309,4.402080535888672,-0.42136842012405396,0.12853290140628815,4.459825038909912,-0.39794859290122986,0.5721204876899719,4.438116550445557,-0.29037603735923767,0.9500188827514648,4.481697082519531,-0.3548429012298584,1.0783007144927979,4.424950122833252,-0.43329349160194397,-0.6098920106887817,4.386953353881836,-0.4417705535888672,-0.6597262024879456,4.390363693237305,-0.40351149439811707,-0.7029896974563599,4.380155086517334,-0.29050979018211365,-0.699306309223175,4.36862850189209,-0.4281443953514099,-0.6950346231460571,4.43516731262207,-0.36030301451683044,-0.6767669916152954,4.524496078491211,-0.18665850162506104,1.0193307399749756,4.485859394073486,-0.2330295592546463,1.03322434425354,4.515139579772949
-0.35863736271858215,0.13012659549713135,4.320798397064209,-0.3533657193183899,-0.06775803864002228,4.335592746734619,-0.3483821153640747,-0.2655986547470093,4.351060390472412,-0.3433983623981476,-0.46344518661499023,4.366528034210205,-0.3147088885307312,-0.4673911929130554,4.320657253265381,-0.2300506979227066,-0.4758705198764801,4.18492317199707,-0.2363855540752411,-0.19209203124046326,4.183984756469727,-0.27463066577911377,0.07734006643295288,4.163097381591797,-0.28227970004081726,0.13122648000717163,4.158919811248779,-0.29757773876190186,0.23899932205677032,4.150564670562744,-0.32446110248565674,0.18452605605125427,4.21040153503418,-0.37203365564346313,-0.4616495370864868,4.412567138671875,-0.4566918611526489,-0.45317021012306213,4.548301696777344,-0.4240911602973938,-0.17566543817520142,4.4983062744140625,-0.4568186104297638,0.08137857913970947,4.412574768066406,-0.4633640944957733,0.13278737664222717,4.395428657531738,-0.47645509243011475,0.23560498654842377,4.361135959625244,-0.435909628868103,0.17042483389377594,4.3240132331848145,-0.30080464482307434,0.12485995888710022,4.229744911193848,-0.31537139415740967,0.5641160011291504,4.284917831420898,-0.24761691689491272,0.9390751123428345,4.384109020233154,-0.32794246077537537,1.0658210515975952,4.350576400756836,-0.41647008061408997,0.13539323210716248,4.41185188293457,-0.3991953730583191,0.5772780179977417,4.386523246765137,-0.2910049855709076,0.953930675983429,4.424622535705566,-0.3581714928150177,1.0815201997756958,4.371230602264404,-0.4337669610977173,-0.6041346192359924,4.352947235107422,-0.4422006607055664,-0.653904139995575,4.357395648956299,-0.40456077456474304,-0.6974210739135742,4.345970630645752,-0.29219090938568115,-0.6942337155342102,4.329129695892334,-0.42658019065856934,-0.6886836886405945,4.401976108551025,-0.35457926988601685,-0.6694778800010681,4.487812042236328,-0.19825690984725952,1.021812915802002,4.428350448608398,-0.2325526922941208,1.0369516611099243,4.455119609832764
-0.3579813539981842,0.13197576999664307,4.289574146270752,-0.353659451007843,-0.06557402014732361,4.307673931121826,-0.34967294335365295,-0.263056218624115,4.326570987701416,-0.34568631649017334,-0.4605443477630615,4.345468521118164,-0.3188588321208954,-0.46556979417800903,4.298613548278809,-0.23967474699020386,-0.47724464535713196,4.159901142120361,-0.24992917478084564,-0.19363334774971008,4.155309677124023,-0.28947713971138,0.07556676864624023,4.134072780609131,-0.2973867356777191,0.12940679490566254,4.129825592041016,-0.31320592761039734,0.23708684742450714,4.121330738067627,-0.33756452798843384,0.18300291895866394,4.182577610015869,-0.3724704682826996,-0.4576653242111206,4.392529010772705,-0.4516545534133911,-0.4459904730319977,4.531241416931152,-0.4284798204898834,-0.1734238564968109,4.455531597137451,-0.46972227096557617,0.07484087347984314,4.349950313568115,-0.47797074913978577,0.12449382245540619,4.328834056854248,-0.49446773529052734,0.2237997055053711,4.286601543426514,-0.4542965590953827,0.15633583068847656,4.2533674240112305,-0.30366915464401245,0.1246396005153656,4.196534633636475,-0.3151591420173645,0.563065767288208,4.249992370605469,-0.24716217815876007,0.938679575920105,4.342342376708984,-0.32945454120635986,1.0640909671783447,4.3103861808776855,-0.41229355335235596,0.13931193947792053,4.382613658905029,-0.39544931054115295,0.5796325206756592,4.350344657897949,-0.2891046404838562,0.9567626714706421,4.376830577850342,-0.35902711749076843,1.0824614763259888,4.323614597320557,-0.4387020468711853,-0.5998639464378357,4.336812973022461,-0.4477525055408478,-0.6494324803352356,4.342130661010742,-0.41126033663749695,-0.6936696767807007,4.329823017120361,-0.29956844449043274,-0.6924910545349121,4.308828353881836,-0.4310508966445923,-0.6839771866798401,4.386490345001221,-0.355641633272171,-0.6650290489196777,4.469386100769043,-0.19706574082374573,1.022080421447754,4.383778095245361,-0.23034891486167908,1.0405731201171875,4.403398036956787
-0.358522891998291,0.13128948211669922,4.273207664489746,-0.3555845320224762,-0.06597335636615753,4.293509483337402,-0.35298097133636475,-0.2631516754627228,4.31466007232666,-0.35037732124328613,-0.460335910320282,4.335811138153076,-0.32542040944099426,-0.4662124216556549,4.288061141967773,-0.25172480940818787,-0.48040902614593506,4.146639823913574,-0.2609824538230896,-0.1968560814857483,4.138381004333496,-0.29775434732437134,0.07264232635498047,4.11608362197876,-0.3051087260246277,0.12654201686382294,4.111624240875244,-0.3198174834251404,0.23434138298034668,4.102705478668213,-0.3425179719924927,0.18115535378456116,4.165355682373047,-0.3753059506416321,-0.456602543592453,4.383790969848633,-0.4490015506744385,-0.44240593910217285,4.525212287902832,-0.43420323729515076,-0.1742682158946991,4.433346271514893,-0.48939037322998047,0.0648336261510849,4.3139166831970215,-0.500427782535553,0.11265400052070618,4.2900309562683105,-0.5225026607513428,0.20829474925994873,4.2422590255737305,-0.48152396082878113,0.14012153446674347,4.211562156677246,-0.3077874779701233,0.12228399515151978,4.178361892700195,-0.31309783458709717,0.5607939958572388,4.227112293243408,-0.23969589173793793,0.9366820454597473,4.311694145202637,-0.3222806453704834,1.0620012283325195,4.281124114990234,-0.40925830602645874,0.14029496908187866,4.368053436279297,-0.3894619643688202,0.5791965126991272,4.327195167541504,-0.2877507209777832,0.9578492045402527,4.337717533111572,-0.36138808727264404,1.0807034969329834,4.283458709716797,-0.44613274931907654,-0.5978668928146362,4.331387996673584,-0.45587942004203796,-0.6472042798995972,4.337304592132568,-0.42071056365966797,-0.6921408772468567,4.323894023895264,-0.3099440932273865,-0.6931299567222595,4.2987589836120605,-0.43817830085754395,-0.6818211078643799,4.381172180175781,-0.35943603515625,-0.6638904809951782,4.461047649383545,-0.1877003312110901,1.020205020904541,4.350078105926514,-0.22930118441581726,1.0431153774261475,4.359311103820801
-0.35755178332328796,0.1300661563873291,4.266584396362305,-0.35560089349746704,-0.06701593101024628,4.288110733032227,-0.3539796471595764,-0.26400434970855713,4.31050443649292,-0.352358341217041,-0.46099865436553955,4.3328986167907715,-0.32871484756469727,-0.4673827290534973,4.2845683097839355,-0.25887349247932434,-0.48308441042900085,4.141390800476074,-0.26556771993637085,-0.19955235719680786,4.130077362060547,-0.29879453778266907,0.07029333710670471,4.106317520141602,-0.30543988943099976,0.1242624819278717,4.101565361022949,-0.3187306225299835,0.2322007715702057,4.092061519622803,-0.34060126543045044,0.1799103319644928,4.155757427215576,-0.375984251499176,-0.456755667924881,4.381472587585449,-0.44582560658454895,-0.44105398654937744,4.5246500968933105,-0.43663835525512695,-0.17518794536590576,4.425684928894043,-0.5041382908821106,0.057413339614868164,4.299884796142578,-0.5176382660865784,0.10393360257148743,4.274724960327148,-0.5446382164955139,0.19697412848472595,4.224404811859131,-0.5026185512542725,0.12902045249938965,4.194632053375244,-0.3093087077140808,0.12005948275327682,4.170596599578857,-0.31250566244125366,0.558746874332428,4.214529037475586,-0.24000918865203857,0.9361977577209473,4.291110992431641,-0.32422468066215515,1.0602915287017822,4.2606000900268555,-0.4057948589324951,0.14007283747196198,4.362572193145752,-0.38120973110198975,0.5775627493858337,4.313735008239746,-0.284553587436676,0.9573396444320679,4.30963659286499,-0.36131584644317627,1.0773786306381226,4.253774166107178,-0.44815582036972046,-0.5984652638435364,4.331693649291992,-0.45775270462036133,-0.6477381587028503,4.338153839111328,-0.42294466495513916,-0.6927434206008911,4.324170112609863,-0.3128843903541565,-0.6939137578010559,4.29633903503418,-0.4389896094799042,-0.6820669770240784,4.3817667961120605,-0.358345091342926,-0.663663923740387,4.459528923034668,-0.18777185678482056,1.0206501483917236,4.326808452606201,-0.22674743831157684,1.0439189672470093,4.3268914222717285
-0.3547268509864807,0.1286432445049286,4.2703351974487305,-0.3540113568305969,-0.06832197308540344,4.2925124168396,-0.353594034910202,-0.26519784331321716,4.315476894378662,-0.35317671298980713,-0.46207964420318604,4.338441848754883,-0.3301483988761902,-0.4687804579734802,4.289874076843262,-0.26204928755760193,-0.48543381690979004,4.145866394042969,-0.262489914894104,-0.20173656940460205,4.131533622741699,-0.2928773760795593,0.06828439235687256,4.103829860687256,-0.29895487427711487,0.12228858470916748,4.0982890129089355,-0.31110984086990356,0.23029696941375732,4.087207317352295,-0.33285045623779297,0.17924463748931885,4.152031898498535,-0.37620046734809875,-0.45751863718032837,4.387259483337402,-0.444299578666687,-0.44086527824401855,4.531267166137695,-0.4373132586479187,-0.175573468208313,4.429969787597656,-0.5099149942398071,0.05474959313869476,4.302366733551025,-0.5244353413581848,0.10081420838832855,4.276845932006836,-0.5534760355949402,0.19294342398643494,4.225804805755615,-0.511128306388855,0.12506872415542603,4.196125507354736,-0.3076072931289673,0.11795665323734283,4.173903942108154,-0.30806204676628113,0.5571690201759338,4.210748672485352,-0.23452183604240417,0.9358038902282715,4.279458522796631,-0.3190092146396637,1.0593299865722656,4.2476630210876465,-0.40184640884399414,0.13932983577251434,4.366766452789307,-0.37351083755493164,0.5753819346427917,4.309139728546143,-0.2822926938533783,0.9559975266456604,4.291688919067383,-0.36152923107147217,1.073129415512085,4.233298301696777,-0.44903936982154846,-0.5993831157684326,4.33925199508667,-0.4585815370082855,-0.6485850811004639,4.346088409423828,-0.42402762174606323,-0.6936649084091187,4.331861972808838,-0.31442761421203613,-0.6950738430023193,4.302538871765137,-0.4392583966255188,-0.6826905608177185,4.389585494995117,-0.3575814664363861,-0.6639798283576965,4.466088771820068,-0.18184597790241241,1.0208401679992676,4.312960147857666,-0.22547446191310883,1.043825387954712,4.305335521697998
-0.3534950613975525,0.12741246819496155,4.275148391723633,-0.3534028232097626,-0.06947077810764313,4.297848701477051,-0.35358816385269165,-0.26626670360565186,4.321293354034424,-0.3537735044956207,-0.46306854486465454,4.344738960266113,-0.33069267868995667,-0.4699540436267853,4.296228885650635,-0.2623181641101837,-0.4871826767921448,4.1521525382995605,-0.2522304058074951,-0.20323163270950317,4.137094020843506,-0.27540498971939087,0.06773045659065247,4.107235431671143,-0.28003990650177,0.12192288041114807,4.101263523101807,-0.2893097400665283,0.23030772805213928,4.089320182800293,-0.31265580654144287,0.1802518516778946,4.154547691345215,-0.37685635685920715,-0.4583219885826111,4.393503665924072,-0.4452308714389801,-0.4410933554172516,4.5375800132751465,-0.4372401535511017,-0.17500558495521545,4.437129974365234,-0.5077835321426392,0.05707542598247528,4.3105950355529785,-0.5218921899795532,0.1034916341304779,4.285287857055664,-0.5501095652580261,0.19632405042648315,4.234673976898193,-0.5081973671913147,0.12817060947418213,4.204611778259277,-0.3061274588108063,0.11633850634098053,4.1789093017578125,-0.30226701498031616,0.55586838722229,4.210265159606934,-0.22349613904953003,0.9340314865112305,4.275208473205566,-0.306127667427063,1.0583858489990234,4.241950988769531,-0.4008626639842987,0.13848643004894257,4.371387481689453,-0.37285247445106506,0.5739271640777588,4.309813022613525,-0.28248462080955505,0.9544800519943237,4.2887654304504395,-0.3618750274181366,1.0708271265029907,4.229111671447754,-0.4483482241630554,-0.6011950969696045,4.346995830535889,-0.4574164152145386,-0.6504105925559998,4.35427188873291,-0.4225032925605774,-0.6952796578407288,4.3403191566467285,-0.3130120635032654,-0.6959339380264282,4.310676097869873,-0.43765494227409363,-0.6839631199836731,4.397981643676758,-0.3559417426586151,-0.6638704538345337,4.4740519523620605,-0.16969534754753113,1.0186344385147095,4.307941913604736,-0.22589853405952454,1.042548656463623,4.301634311676025
-0.3506005108356476,0.12727221846580505,4.27793550491333,-0.3502015173435211,-0.06947708129882812,4.301764011383057,-0.35006141662597656,-0.26614078879356384,4.326292037963867,-0.349921315908432,-0.4628103971481323,4.350820541381836,-0.32628870010375977,-0.46989232301712036,4.302605628967285,-0.256043404340744,-0.4877663552761078,4.158891201019287,-0.23655164241790771,-0.20303627848625183,4.146975994110107,-0.25200289487838745,0.0697493851184845,4.118927955627441,-0.25509315729141235,0.12430651485919952,4.11331844329834,-0.26127365231513977,0.23342078924179077,4.102099418640137,-0.2869979739189148,0.18331025540828705,4.166828632354736,-0.37355244159698486,-0.45786598324775696,4.399302005767822,-0.4437977373600006,-0.43999195098876953,4.54301643371582,-0.4296681880950928,-0.17581933736801147,4.435283660888672,-0.482825368642807,0.059816181659698486,4.304563999176025,-0.49345681071281433,0.1069432869553566,4.2784199714660645,-0.5147196650505066,0.20119750499725342,4.226131916046143,-0.4754353165626526,0.13034552335739136,4.197857856750488,-0.3018936514854431,0.11580239236354828,4.182415008544922,-0.29374000430107117,0.5551680326461792,4.211032390594482,-0.20599690079689026,0.9307851195335388,4.277663707733154,-0.284814715385437,1.0572353601455688,4.243528842926025,-0.39930737018585205,0.13874204456806183,4.373456001281738,-0.37609630823135376,0.5744280815124512,4.3137359619140625,-0.2762041985988617,0.952755331993103,4.302927494049072,-0.3515491187572479,1.0722322463989258,4.244485378265381,-0.44521525502204895,-0.6004195213317871,4.353372097015381,-0.45458078384399414,-0.649537205696106,4.360898494720459,-0.4198220372200012,-0.6946678757667542,4.347433090209961,-0.31017160415649414,-0.6960708498954773,4.318448066711426,-0.43525394797325134,-0.6829153299331665,4.404928207397461,-0.353895366191864,-0.662771999835968,4.481350421905518,-0.1504766047000885,1.0138407945632935,4.311252593994141,-0.2177918553352356,1.0390387773513794,4.31880521774292
-0.34494131803512573,0.13633772730827332,4.353964805603027,-0.35545212030410767,-0.06035207211971283,4.37595272064209,-0.36651453375816345,-0.2569518983364105,4.398468494415283,-0.3775772750377655,-0.4535576105117798,4.420984745025635,-0.3377571702003479,-0.4610013961791992,4.385034084320068,-0.2182379961013794,-0.4801080524921417,4.276923656463623,-0.15783879160881042,-0.20004194974899292,4.2775373458862305,-0.13128212094306946,0.07206037640571594,4.243659973144531,-0.1259707808494568,0.1264808475971222,4.236884593963623,-0.11534811556339264,0.2353217899799347,4.223333358764648,-0.1684497892856598,0.19111019372940063,4.2746429443359375,-0.4175175726413727,-0.4482506811618805,4.457180976867676,-0.5370367169380188,-0.429144024848938,4.565291404724121,-0.6217926144599915,-0.15550780296325684,4.5703020095825195,-0.7738851308822632,0.06164868175983429,4.495445251464844,-0.8043036460876465,0.10507997870445251,4.48047399520874,-0.8651406764984131,0.19194257259368896,4.450531005859375,-0.7908048033714294,0.16297951340675354,4.418243885040283,-0.2645981013774872,0.12411683797836304,4.283051490783691,-0.27630487084388733,0.5633575916290283,4.2821574211120605,-0.24187715351581573,0.9491991400718689,4.332061767578125,-0.3101060390472412,1.063716173171997,4.257937431335449,-0.4252845346927643,0.1485586166381836,4.424878120422363,-0.40047845244407654,0.5858635902404785,4.389959812164307,-0.3211585283279419,0.9666669368743896,4.425266265869141,-0.3753741383552551,1.0854226350784302,4.3463897705078125,-0.4699208438396454,-0.594282865524292,4.3884196281433105,-0.48259323835372925,-0.6442586779594421,4.393270492553711,-0.44518226385116577,-0.6909652948379517,4.396790504455566,-0.3305738568305969,-0.6935228705406189,4.415542125701904,-0.48341912031173706,-0.6767202615737915,4.44365930557251,-0.4389115571975708,-0.6531620621681213,4.548336505889893,-0.2076582908630371,1.0396406650543213,4.373404502868652,-0.2766466736793518,1.05401611328125,4.463327407836914
-0.3430166244506836,0.1371472179889679,4.366044044494629,-0.3558362126350403,-0.059619590640068054,4.386026859283447,-0.3691701591014862,-0.2563041150569916,4.406477928161621,-0.38250452280044556,-0.45299452543258667,4.426929473876953,-0.339849591255188,-0.4603567123413086,4.394373416900635,-0.2116995006799698,-0.4792318642139435,4.296396732330322,-0.1491212546825409,-0.19964858889579773,4.304264545440674,-0.11819452047348022,0.07252094149589539,4.274019718170166,-0.11200917512178421,0.1269548535346985,4.267970561981201,-0.09963847696781158,0.2358226627111435,4.25587272644043,-0.15705513954162598,0.19171491265296936,4.302459239959717,-0.4253043532371521,-0.4477701187133789,4.459707736968994,-0.5534544587135315,-0.428894966840744,4.557684421539307,-0.6485452055931091,-0.1586436927318573,4.565854072570801,-0.8041796684265137,0.05387382209300995,4.48484992980957,-0.8353065848350525,0.09637732803821564,4.468648910522461,-0.8975603580474854,0.18138433992862701,4.4362473487854,-0.8196604251861572,0.15664613246917725,4.4091901779174805,-0.2572717070579529,0.12503081560134888,4.301743984222412,-0.2703242599964142,0.5641440153121948,4.30179500579834,-0.24312900006771088,0.9502468109130859,4.353482723236084,-0.3061099350452423,1.0640697479248047,4.273909091949463,-0.4287615418434143,0.14926362037658691,4.430344104766846,-0.3976532518863678,0.5864454507827759,4.400426387786865,-0.31832355260849,0.9662696719169617,4.4443230628967285,-0.36515483260154724,1.085910439491272,4.362182140350342,-0.47181713581085205,-0.5938358902931213,4.385895729064941,-0.4849230647087097,-0.6439014673233032,4.389499664306641,-0.44793498516082764,-0.6907268166542053,4.396254539489746,-0.3352539539337158,-0.6934131979942322,4.425192356109619,-0.49026456475257874,-0.6765232086181641,4.439635753631592,-0.4551878273487091,-0.6531696319580078,4.548106670379639,-0.21307027339935303,1.0410068035125732,4.397236347198486,-0.2762698829174042,1.0529974699020386,4.486335754394531
-0.3416774868965149,0.13839104771614075,4.374190807342529,-0.3561924695968628,-0.05842819809913635,4.392414569854736,-0.3712518811225891,-0.2551659345626831,4.41107177734375,-0.38631173968315125,-0.45190954208374023,4.429729461669922,-0.34203433990478516,-0.4592587351799011,4.3994140625,-0.20887471735477448,-0.47811031341552734,4.308107852935791,-0.14219465851783752,-0.19959303736686707,4.321174621582031,-0.10493698716163635,0.07225623726844788,4.2947540283203125,-0.09748545289039612,0.12662608921527863,4.2894697189331055,-0.08258238434791565,0.23536580801010132,4.27890157699585,-0.14322490990161896,0.19195787608623505,4.321967601776123,-0.43075278401374817,-0.44669872522354126,4.46024751663208,-0.5639123916625977,-0.42784714698791504,4.551553726196289,-0.662486732006073,-0.1587407886981964,4.558883190155029,-0.816840648651123,0.0526200532913208,4.472340106964111,-0.847711443901062,0.094892218708992,4.455031394958496,-0.9094530344009399,0.1794365644454956,4.420413970947266,-0.8298896551132202,0.15610596537590027,4.397137641906738,-0.25279515981674194,0.12629055976867676,4.314297199249268,-0.26738059520721436,0.5652743577957153,4.315873622894287,-0.245550736784935,0.9514815211296082,4.368785381317139,-0.30520501732826233,1.0648521184921265,4.2861151695251465,-0.43055981397628784,0.15049153566360474,4.434084415435791,-0.39444518089294434,0.5873844623565674,4.406839370727539,-0.31398266553878784,0.9662294387817383,4.456179618835449,-0.35550054907798767,1.0865659713745117,4.372267246246338,-0.47353750467300415,-0.5924234986305237,4.382654190063477,-0.4869854152202606,-0.6425287127494812,4.3852009773254395,-0.45054304599761963,-0.6895595788955688,4.393871784210205,-0.33963751792907715,-0.6927502751350403,4.429429531097412,-0.4953727424144745,-0.675446629524231,4.434811592102051,-0.4666549563407898,-0.6527635455131531,4.545424938201904,-0.2183893620967865,1.0424270629882812,4.413979530334473,-0.27332252264022827,1.052398920059204,4.50059700012207
-0.3408685326576233,0.13974529504776,4.379268169403076,-0.3566177189350128,-0.05715130269527435,4.395484447479248,-0.3729342520236969,-0.2539680600166321,4.41210412979126,-0.3892512619495392,-0.45079073309898376,4.42872428894043,-0.34379804134368896,-0.4580536484718323,4.400181770324707,-0.20697087049484253,-0.47666093707084656,4.314157009124756,-0.1367199420928955,-0.19930130243301392,4.33344841003418,-0.09326766431331635,0.07226860523223877,4.3136186599731445,-0.08457721024751663,0.12658259272575378,4.309652805328369,-0.06719629466533661,0.2352105677127838,4.30172061920166,-0.13044589757919312,0.19223277270793915,4.34138298034668,-0.4348818361759186,-0.445667028427124,4.457447052001953,-0.5717090368270874,-0.42705973982810974,4.543471813201904,-0.6682133078575134,-0.15703773498535156,4.546751976013184,-0.8169934153556824,0.05555669963359833,4.453480243682861,-0.8467494249343872,0.09807558357715607,4.434825897216797,-0.9062614440917969,0.18311336636543274,4.397517204284668,-0.8259167075157166,0.15914133191108704,4.377749919891357,-0.24968650937080383,0.12780967354774475,4.322901725769043,-0.2656075954437256,0.5666613578796387,4.327886581420898,-0.24807047843933105,0.9526615142822266,4.3834452629089355,-0.30501747131347656,1.0660995244979858,4.299015522003174,-0.43205055594444275,0.15168091654777527,4.435634613037109,-0.3917285203933716,0.5882852077484131,4.4107346534729,-0.3099084496498108,0.9661023020744324,4.465050220489502,-0.3469739258289337,1.0871708393096924,4.380149841308594,-0.47452056407928467,-0.5905722379684448,4.3758416175842285,-0.48821353912353516,-0.6406928300857544,4.377158164978027,-0.45233049988746643,-0.6879638433456421,4.38703727722168,-0.3432087302207947,-0.6919109225273132,4.427887439727783,-0.49907639622688293,-0.674170732498169,4.425952911376953,-0.47565534710884094,-0.6528305411338806,4.538148880004883,-0.22324243187904358,1.0435155630111694,4.430108070373535,-0.2702799439430237,1.051685094833374,4.511455535888672
-0.33961206674575806,0.14093518257141113,4.382358074188232,-0.35617417097091675,-0.05606149137020111,4.396275520324707,-0.37333136796951294,-0.2529792785644531,4.410583019256592,-0.3904890716075897,-0.4499029517173767,4.424890995025635,-0.34413233399391174,-0.4569942355155945,4.397799968719482,-0.20446784794330597,-0.4750983715057373,4.316110134124756,-0.13248670101165771,-0.19865721464157104,4.342286109924316,-0.08459745347499847,0.07272893190383911,4.330694198608398,-0.07501960545778275,0.1270061582326889,4.328375816345215,-0.05586390942335129,0.23556062579154968,4.323739051818848,-0.12110940366983414,0.1925588846206665,4.360058784484863,-0.4370323121547699,-0.44495201110839844,4.452137470245361,-0.5766968131065369,-0.4268478751182556,4.533827304840088,-0.6679951548576355,-0.15491491556167603,4.53202486038208,-0.8089888095855713,0.05999717116355896,4.4319658279418945,-0.8371875286102295,0.10297958552837372,4.411953926086426,-0.8935849666595459,0.18894442915916443,4.371930122375488,-0.8129990696907043,0.1633080542087555,4.355380058288574,-0.24668344855308533,0.129341721534729,4.3288445472717285,-0.2640440762042999,0.5680158138275146,4.338938236236572,-0.2502216398715973,0.953525185585022,4.398582458496094,-0.3050013780593872,1.0674721002578735,4.31342887878418,-0.4325406849384308,0.15252864360809326,4.435871601104736,-0.38891154527664185,0.5889213681221008,4.413597106933594,-0.30636006593704224,0.9659119844436646,4.472157955169678,-0.3399065136909485,1.0875779390335083,4.386672019958496,-0.47384923696517944,-0.5886141657829285,4.366331100463867,-0.48769983649253845,-0.6387202739715576,4.366288185119629,-0.452350378036499,-0.6862552165985107,4.376877784729004,-0.34498122334480286,-0.6911635994911194,4.422104835510254,-0.5006318092346191,-0.6729409098625183,4.414069175720215,-0.48177865147590637,-0.6534397006034851,4.527479648590088,-0.2273542582988739,1.0440460443496704,4.446848392486572,-0.2676607668399811,1.0510201454162598,4.5201735496521
-0.3409741520881653,0.1394793689250946,4.415017127990723,-0.35823941230773926,-0.05758960545063019,4.426859378814697,-0.3760807514190674,-0.2545873522758484,4.439029216766357,-0.3939226269721985,-0.45159098505973816,4.451199054718018,-0.3468385934829712,-0.45853519439697266,4.425354957580566,-0.20484504103660583,-0.47621220350265503,4.347376346588135,-0.13104626536369324,-0.20074009895324707,4.3797807693481445,-0.07859063148498535,0.07019299268722534,4.376664638519287,-0.0680995061993599,0.12437960505485535,4.376041412353516,-0.04711725562810898,0.23275282979011536,4.374794960021973,-0.11417583376169205,0.18989257514476776,4.407960414886475,-0.4412005841732025,-0.44678795337677,4.477175712585449,-0.5831941366195679,-0.42911094427108765,4.555154323577881,-0.6680698394775391,-0.155003160238266,4.548656463623047,-0.8006827235221863,0.06253337860107422,4.442553997039795,-0.8272053003311157,0.10604068636894226,4.421333312988281,-0.8802504539489746,0.19305530190467834,4.378892421722412,-0.7997275590896606,0.1654413342475891,4.365205764770508,-0.24664306640625,0.1281467229127884,4.36395788192749,-0.2642834782600403,0.5665535926818848,4.377469062805176,-0.25291672348976135,0.9516456127166748,4.439333915710449,-0.30561187863349915,1.065859317779541,4.353328227996826,-0.43530523777008057,0.15081201493740082,4.466076374053955,-0.38953807950019836,0.5869173407554626,4.4457831382751465,-0.3074400722980499,0.9634673595428467,4.506793975830078,-0.33833009004592896,1.0852543115615845,4.420583724975586,-0.47507810592651367,-0.5894626975059509,4.387751579284668,-0.4889085292816162,-0.6395604610443115,4.386517524719238,-0.45395636558532715,-0.6872482299804688,4.39772891998291,-0.3482952117919922,-0.6928101778030396,4.446750640869141,-0.5035591125488281,-0.6744312644004822,4.433324337005615,-0.4888363182544708,-0.6564953923225403,4.547604084014893,-0.2315627485513687,1.0419384241104126,4.488624095916748,-0.2697773873806,1.0483883619308472,4.555867671966553
-0.3457523286342621,0.13414838910102844,4.487814426422119,-0.36371368169784546,-0.06296214461326599,4.497893810272217,-0.3821970820426941,-0.2600121796131134,4.508210182189941,-0.4006810188293457,-0.4570681154727936,4.518526554107666,-0.35300150513648987,-0.46391984820365906,4.49376916885376,-0.2089996039867401,-0.4813425540924072,4.4189839363098145,-0.1325395703315735,-0.20685333013534546,4.456542491912842,-0.07479182630777359,0.06335067749023438,4.461479187011719,-0.06324227899312973,0.11739148199558258,4.462466716766357,-0.04014318063855171,0.225473091006279,4.464441299438477,-0.10897613316774368,0.18310250341892242,4.494779586791992,-0.448561429977417,-0.4523581266403198,4.543396472930908,-0.5925633311271667,-0.43493542075157166,4.6181817054748535,-0.6712871789932251,-0.15867933630943298,4.608894348144531,-0.7958745956420898,0.062316566705703735,4.499312400817871,-0.8207920789718628,0.10651575028896332,4.477396011352539,-0.8706270456314087,0.19491411745548248,4.433563232421875,-0.790320634841919,0.16537587344646454,4.422072887420654,-0.2502776086330414,0.12294686585664749,4.4388957023620605,-0.26626330614089966,0.561371922492981,4.4532389640808105,-0.25569331645965576,0.9466022253036499,4.514272689819336,-0.3062228858470917,1.0606493949890137,4.42677116394043,-0.4412270486354828,0.14534991979599,4.536733150482178,-0.39504504203796387,0.5814263820648193,4.517179489135742,-0.31523922085762024,0.95848548412323,4.577980041503906,-0.3445148766040802,1.0797319412231445,4.490466117858887,-0.47939950227737427,-0.594578742980957,4.45132303237915,-0.49304869771003723,-0.6446985006332397,4.449213027954102,-0.4583428204059601,-0.6923993229866028,4.461122035980225,-0.35428309440612793,-0.6981348395347595,4.513445854187012,-0.5090925693511963,-0.6800141334533691,4.495224952697754,-0.4980739951133728,-0.6630434989929199,4.610071659088135,-0.23532679677009583,1.036996603012085,4.563784599304199,-0.27887871861457825,1.043756365776062,4.627418518066406
-0.3518967926502228,0.12702077627182007,4.580435276031494,-0.37069523334503174,-0.07014383375644684,4.588808536529541,-0.38994595408439636,-0.2672611176967621,4.597268104553223,-0.40919727087020874,-0.4643843173980713,4.6057281494140625,-0.36091968417167664,-0.4711960554122925,4.582113742828369,-0.214837446808815,-0.4885285794734955,4.510674953460693,-0.13484826683998108,-0.2151675522327423,4.554535388946533,-0.070914626121521,0.054057776927948,4.569129467010498,-0.05812789499759674,0.10790283977985382,4.572048187255859,-0.03255443647503853,0.21559298038482666,4.577885627746582,-0.1033744364976883,0.17389646172523499,4.6050872802734375,-0.45768406987190247,-0.4597150683403015,4.629434585571289,-0.6037663221359253,-0.4423825442790985,4.700873374938965,-0.6757727861404419,-0.16366031765937805,4.687560558319092,-0.7913589477539062,0.06126704812049866,4.574289798736572,-0.8144761919975281,0.106252521276474,4.5516357421875,-0.8607106804847717,0.19622346758842468,4.5063276290893555,-0.780732274055481,0.1644052267074585,4.497104644775391,-0.2552735209465027,0.11582840234041214,4.533814430236816,-0.26810798048973083,0.5554208159446716,4.550411224365234,-0.25710412859916687,0.9416310787200928,4.611672878265381,-0.3049970269203186,1.0561753511428833,4.522659778594971,-0.44852006435394287,0.1382131576538086,4.627056121826172,-0.4037686586380005,0.575200080871582,4.600196838378906,-0.33022069931030273,0.9564169645309448,4.648122310638428,-0.35957688093185425,1.0741127729415894,4.555260181427002,-0.48512980341911316,-0.6017669439315796,4.535077095031738,-0.4985014796257019,-0.6519314050674438,4.532194137573242,-0.46400508284568787,-0.6995842456817627,4.544922351837158,-0.36167365312576294,-0.705269455909729,4.6005940437316895,-0.5159006714820862,-0.6876194477081299,4.577431678771973,-0.5087112188339233,-0.671369194984436,4.6927032470703125,-0.23747187852859497,1.0321863889694214,4.661764621734619,-0.2959193289279938,1.0442572832107544,4.695051193237305
-0.36123624444007874,0.11792939901351929,4.702732086181641,-0.3809634745121002,-0.07941249012947083,4.7090253829956055,-0.40106871724128723,-0.27671682834625244,4.715299606323242,-0.421174556016922,-0.4740270674228668,4.721574306488037,-0.37227535247802734,-0.48080775141716003,4.699140548706055,-0.22396649420261383,-0.4980825185775757,4.631148815155029,-0.1397271603345871,-0.22573775053024292,4.681591987609863,-0.06923255324363708,0.04245203733444214,4.705965042114258,-0.0551336333155632,0.09608999639749527,4.710839748382568,-0.026935789734125137,0.20336592197418213,4.7205891609191895,-0.0998542308807373,0.16255633533000946,4.744681358337402,-0.47029227018356323,-0.4693908989429474,4.744075775146484,-0.6186011433601379,-0.45211613178253174,4.81206750869751,-0.6846576929092407,-0.17070487141609192,4.796047210693359,-0.7917089462280273,0.05898080766201019,4.680835247039795,-0.8131191730499268,0.10491794347763062,4.657793045043945,-0.8559396862983704,0.19679221510887146,4.611708164215088,-0.7762193083763123,0.16281545162200928,4.604414463043213,-0.2634205222129822,0.106744684278965,4.658624172210693,-0.27227288484573364,0.5499651432037354,4.677070617675781,-0.26040154695510864,0.9395288825035095,4.737446308135986,-0.30555498600006104,1.0549049377441406,4.645956993103027,-0.4590519666671753,0.12911412119865417,4.746840000152588,-0.41531863808631897,0.5692253708839417,4.711449146270752,-0.3485376536846161,0.9566476345062256,4.742919445037842,-0.37816122174263,1.0702263116836548,4.643204212188721,-0.49375274777412415,-0.611699640750885,4.6478071212768555,-0.5066723823547363,-0.6619693040847778,4.6442694664001465,-0.4722704291343689,-0.7094621062278748,4.657966136932373,-0.37178030610084534,-0.7146818041801453,4.717062473297119,-0.525342583656311,-0.6979902982711792,4.688773155212402,-0.5221514701843262,-0.6821783781051636,4.804348468780518,-0.2413932830095291,1.0309247970581055,4.7880682945251465,-0.316402792930603,1.047928810119629,4.786647796630859
-0.37138694524765015,0.10870638489723206,4.822788238525391,-0.3920508623123169,-0.08892597258090973,4.826601505279541,-0.4130343794822693,-0.28652673959732056,4.830306529998779,-0.4340185225009918,-0.48413336277008057,4.834012031555176,-0.38449448347091675,-0.49087733030319214,4.812756538391113,-0.23390153050422668,-0.5080792903900146,4.748210430145264,-0.14565066993236542,-0.23646599054336548,4.804969787597656,-0.0693676620721817,0.030860960483551025,4.838202476501465,-0.0541110597550869,0.0843263491988182,4.844849109649658,-0.023597855120897293,0.19125711917877197,4.858142375946045,-0.09847969561815262,0.15134234726428986,4.879358291625977,-0.48377060890197754,-0.4795371890068054,4.855307579040527,-0.6343635320663452,-0.4623351991176605,4.919853687286377,-0.6952337026596069,-0.17810991406440735,4.902695178985596,-0.7943437695503235,0.05717284977436066,4.787775993347168,-0.8141657710075378,0.1042294055223465,4.764791965484619,-0.8538097739219666,0.19834250211715698,4.71882438659668,-0.774320662021637,0.16232186555862427,4.712944030761719,-0.27239876985549927,0.09755514562129974,4.781260967254639,-0.27709469199180603,0.5458662509918213,4.80320930480957,-0.2641974985599518,0.9400273561477661,4.863790035247803,-0.3065538704395294,1.0568368434906006,4.769772052764893,-0.470375120639801,0.11985762417316437,4.864315509796143,-0.42665985226631165,0.5642099380493164,4.818200588226318,-0.3665508031845093,0.9585297107696533,4.828105926513672,-0.3965013027191162,1.066741943359375,4.720073699951172,-0.5030721426010132,-0.6220797896385193,4.757098197937012,-0.5154949426651001,-0.6724677085876465,4.752878665924072,-0.48118987679481506,-0.719814121723175,4.767518043518066,-0.382639616727829,-0.7245948314666748,4.830016136169434,-0.5354065895080566,-0.7088816165924072,4.796586513519287,-0.5362535715103149,-0.693619430065155,4.912376880645752,-0.24577964842319489,1.032477855682373,4.915322780609131,-0.3365309536457062,1.0538989305496216,4.86741828918457
-0.3811222314834595,0.09837499260902405,4.937448501586914,-0.4025653004646301,-0.09963250160217285,4.937971591949463,-0.42431721091270447,-0.2976066470146179,4.9383416175842285,-0.44606977701187134,-0.49558669328689575,4.938711643218994,-0.3959384262561798,-0.5022212862968445,4.918581962585449,-0.24307817220687866,-0.5191309452056885,4.857341289520264,-0.15171857178211212,-0.24782946705818176,4.919810771942139,-0.07135902345180511,0.019236475229263306,4.959742069244385,-0.05528711527585983,0.07264967262744904,4.967728137969971,-0.02314329519867897,0.1794760525226593,4.983700752258301,-0.09964242577552795,0.14023377001285553,5.002543926239014,-0.49643754959106445,-0.4911039471626282,4.958845615386963,-0.649297833442688,-0.4741942882537842,5.020086288452148,-0.7058879137039185,-0.18715301156044006,5.0040130615234375,-0.7979004383087158,0.05429057776927948,4.891695976257324,-0.8163029551506042,0.10257929563522339,4.869232654571533,-0.8531079888343811,0.1991567313671112,4.824306011199951,-0.7737780213356018,0.16134613752365112,4.819380760192871,-0.28103259205818176,0.08743272721767426,4.898386001586914,-0.2825709879398346,0.541233479976654,4.92684268951416,-0.26937562227249146,0.9402212500572205,4.990013122558594,-0.30919384956359863,1.059079885482788,4.894102096557617,-0.4812118709087372,0.10931725800037384,4.976511001586914,-0.4365594983100891,0.5582985281944275,4.920215129852295,-0.38246241211891174,0.9586095809936523,4.906782150268555,-0.41257965564727783,1.0607895851135254,4.790317535400391,-0.5117300748825073,-0.6331937909126282,4.857901573181152,-0.5237083435058594,-0.683655321598053,4.8526997566223145,-0.48958730697631836,-0.7310177683830261,4.867970943450928,-0.39305663108825684,-0.7359461784362793,4.93375825881958,-0.5448734760284424,-0.720716655254364,4.895351409912109,-0.5497006773948669,-0.7067598104476929,5.011335372924805,-0.2517044246196747,1.033597707748413,5.0430402755737305,-0.3543909788131714,1.0579866170883179,4.941125869750977
-0.39350801706314087,0.08704060316085815,5.076831817626953,-0.4156898856163025,-0.11146211624145508,5.074062824249268,-0.4381479322910309,-0.30993086099624634,5.071092128753662,-0.4606066346168518,-0.5084055662155151,5.068121433258057,-0.4098680913448334,-0.5149545073509216,5.049076557159424,-0.2547215223312378,-0.5316414833068848,4.991030693054199,-0.16058626770973206,-0.26009461283683777,5.0581536293029785,-0.07686459273099899,0.007326871156692505,5.102982044219971,-0.06012025475502014,0.06081117317080498,5.111947536468506,-0.026631582528352737,0.16777977347373962,5.129878997802734,-0.10461287200450897,0.12913239002227783,5.14677095413208,-0.5115892887115479,-0.5040137767791748,5.087133884429932,-0.666735827922821,-0.4873267710208893,5.145179748535156,-0.7202810645103455,-0.19740572571754456,5.131638050079346,-0.8064215183258057,0.05039361119270325,5.02343225479126,-0.8236495852470398,0.09995348006486893,5.001791000366211,-0.8581057786941528,0.19907322525978088,4.958508491516113,-0.7787518501281738,0.15977488458156586,4.954192638397217,-0.2923842668533325,0.07625245302915573,5.040126800537109,-0.29100602865219116,0.5368722677230835,5.073398590087891,-0.2777644693851471,0.9422483444213867,5.136739730834961,-0.3153463304042816,1.0628286600112915,5.038013458251953,-0.4946317672729492,0.09782875329256058,5.113536834716797,-0.44803881645202637,0.5526007413864136,5.048030376434326,-0.39858657121658325,0.9584760069847107,5.011466026306152,-0.4285477101802826,1.054693579673767,4.88679313659668,-0.5229971408843994,-0.645792543888092,4.9838738441467285,-0.5345402359962463,-0.6963399648666382,4.977818965911865,-0.5006070137023926,-0.7437334060668945,4.99375057220459,-0.4060444235801697,-0.7487796545028687,5.0626220703125,-0.5568727254867554,-0.7339681386947632,5.01949405670166,-0.5654640793800354,-0.7211111783981323,5.135561943054199,-0.2608233392238617,1.0371803045272827,5.190762042999268,-0.37211543321609497,1.0616952180862427,5.040835380554199
-0.41028130054473877,0.07271808385848999,5.266711711883545,-0.43390876054763794,-0.1275319755077362,5.255678176879883,-0.45784714818000793,-0.3277313709259033,5.24439811706543,-0.48178625106811523,-0.5279368162155151,5.233117580413818,-0.4294825494289398,-0.5343748331069946,5.21673583984375,-0.26871028542518616,-0.5507791638374329,5.166693210601807,-0.17099839448928833,-0.27653756737709045,5.241233825683594,-0.0837245061993599,-0.005319774150848389,5.289432048797607,-0.06626972556114197,0.048923786729574203,5.299071788787842,-0.031360168009996414,0.1574109047651291,5.3183512687683105,-0.1121133416891098,0.1194099560379982,5.331928253173828,-0.5343500971794128,-0.523674726486206,5.249377250671387,-0.6951223611831665,-0.5072703957557678,5.29941987991333,-0.7426932454109192,-0.21071162819862366,5.289307117462158,-0.8161640763282776,0.050111204385757446,5.188945770263672,-0.8308582305908203,0.1022757738828659,5.168873310089111,-0.8602465391159058,0.20660489797592163,5.128728866577148,-0.7806474566459656,0.1640862673521042,5.126355171203613,-0.30649620294570923,0.06218872591853142,5.2355637550354,-0.3037756383419037,0.5395455360412598,5.281469821929932,-0.2950552701950073,0.9611336588859558,5.343947410583496,-0.328268826007843,1.085261583328247,5.2381134033203125,-0.5140663981437683,0.08324743807315826,5.2978596687316895,-0.4588797688484192,0.5527000427246094,5.216908931732178,-0.4108928442001343,0.9695175290107727,5.141566753387451,-0.43708348274230957,1.0562834739685059,5.001933574676514,-0.5383408665657043,-0.6635743379592896,5.140377521514893,-0.5494185090065002,-0.7142019867897034,5.132052898406982,-0.5163953304290771,-0.7623082399368286,5.1489996910095215,-0.42626821994781494,-0.7693979144096375,5.224430084228516,-0.5746288299560547,-0.7532198429107666,5.171219348907471,-0.5912629961967468,-0.7436473369598389,5.2873854637146,-0.2810772955417633,1.0602869987487793,5.400051116943359,-0.3861669898033142,1.0795347690582275,5.162997245788574
-0.4134644567966461,0.06842911243438721,5.302393913269043,-0.4376779794692993,-0.1323743313550949,5.285902976989746,-0.46226099133491516,-0.33311304450035095,5.269172668457031,-0.4868447482585907,-0.5338577628135681,5.252441883087158,-0.4339486360549927,-0.5401657819747925,5.237027645111084,-0.2710537910461426,-0.5561913847923279,5.189958572387695,-0.17285120487213135,-0.2798198461532593,5.264843940734863,-0.08610042929649353,-0.005375027656555176,5.308134078979492,-0.0687502771615982,0.04951393976807594,5.316792011260986,-0.03404996544122696,0.15929187834262848,5.334107875823975,-0.11547956615686417,0.12115569412708282,5.347654342651367,-0.5400080680847168,-0.5297316312789917,5.267673969268799,-0.7029029130935669,-0.5137060284614563,5.3147430419921875,-0.7483948469161987,-0.21450677514076233,5.308177947998047,-0.8172124624252319,0.05210679769515991,5.213832855224609,-0.8309760093688965,0.1054295152425766,5.1949639320373535,-0.8585030436515808,0.21207495033740997,5.157225608825684,-0.7788246870040894,0.16831210255622864,5.155030727386475,-0.30865776538848877,0.05818161368370056,5.27328634262085,-0.30795615911483765,0.5410313606262207,5.328680515289307,-0.3036171793937683,0.9683841466903687,5.391831874847412,-0.33568400144577026,1.0938677787780762,5.283721923828125,-0.5182711482048035,0.07867661118507385,5.331501483917236,-0.4562043845653534,0.5530641674995422,5.2459611892700195,-0.40438002347946167,0.9729608297348022,5.158563137054443,-0.4278488755226135,1.056914210319519,5.014122009277344,-0.5417715311050415,-0.6671594977378845,5.154731750488281,-0.5528354048728943,-0.7176291942596436,5.144829273223877,-0.5202928185462952,-0.766387403011322,5.161330223083496,-0.4317695200443268,-0.7757678031921387,5.238799095153809,-0.5791323184967041,-0.7576359510421753,5.182466983795166,-0.5984813570976257,-0.7509720325469971,5.298686504364014,-0.2914819121360779,1.0690072774887085,5.44891881942749,-0.37928229570388794,1.0849419832229614,5.177577495574951
-0.4105013310909271,0.07084476947784424,5.266413688659668,-0.4350796341896057,-0.13034628331661224,5.245499134063721,-0.46006760001182556,-0.3314594030380249,5.224322319030762,-0.4850563108921051,-0.5325785875320435,5.203144550323486,-0.43168002367019653,-0.538795530796051,5.188549518585205,-0.26713430881500244,-0.5545515418052673,5.144023895263672,-0.16961345076560974,-0.27578872442245483,5.2173542976379395,-0.08459651470184326,0.0018436014652252197,5.253450870513916,-0.06759312748908997,0.05737006664276123,5.260670185089111,-0.033586353063583374,0.16842299699783325,5.275108814239502,-0.11531830579042435,0.12995895743370056,5.289108753204346,-0.5387042164802551,-0.528547465801239,5.217509746551514,-0.7032499313354492,-0.5127914547920227,5.262035369873047,-0.7464407682418823,-0.21160978078842163,5.257505893707275,-0.8111253976821899,0.05894842743873596,5.166815757751465,-0.8240623474121094,0.11306007206439972,5.148677825927734,-0.8499361872673035,0.22128334641456604,5.112401485443115,-0.7703050374984741,0.17643623054027557,5.11060905456543,-0.30482614040374756,0.0607856884598732,5.238991737365723,-0.307758092880249,0.5465840101242065,5.302052021026611,-0.30846941471099854,0.9773502349853516,5.365753173828125,-0.33978965878486633,1.103550910949707,5.256166934967041,-0.5161765217781067,0.08090385049581528,5.293835639953613,-0.44620686769485474,0.5570006370544434,5.202067852020264,-0.38832420110702515,0.9775229692459106,5.1049675941467285,-0.4086693525314331,1.0588947534561157,4.957043647766113,-0.5386916995048523,-0.6633172035217285,5.100916862487793,-0.5497726798057556,-0.7135438919067383,5.089513778686523,-0.5176917314529419,-0.7629128694534302,5.105411529541016,-0.43057653307914734,-0.774644672870636,5.184396743774414,-0.5769743919372559,-0.7544335126876831,5.125670909881592,-0.5985440611839294,-0.7506197690963745,5.241798400878906,-0.2982664406299591,1.0788720846176147,5.423515796661377,-0.3622482717037201,1.0905731916427612,5.121908664703369
-0.4013170599937439,0.07963645458221436,5.167749881744385,-0.42586761713027954,-0.12177969515323639,5.1433000564575195,-0.4509392976760864,-0.3231026530265808,5.118612289428711,-0.476011723279953,-0.5244316458702087,5.093924045562744,-0.4222748875617981,-0.5305416584014893,5.079982280731201,-0.25656428933143616,-0.5459703207015991,5.037511348724365,-0.16114698350429535,-0.26450487971305847,5.107189655303955,-0.07935226708650589,0.016137361526489258,5.133681774139404,-0.06299332529306412,0.07226580381393433,5.138980388641357,-0.030275437980890274,0.18452268838882446,5.1495771408081055,-0.11189687252044678,0.14550283551216125,5.164538860321045,-0.530021071434021,-0.5205098390579224,5.107597351074219,-0.6957316398620605,-0.5050811767578125,5.150068283081055,-0.7362410426139832,-0.20256325602531433,5.1451497077941895,-0.7972306609153748,0.06980082392692566,5.054318428039551,-0.8094285726547241,0.1242736428976059,5.036152362823486,-0.8338244557380676,0.23321926593780518,4.999819755554199,-0.754376232624054,0.18744149804115295,4.998902797698975,-0.2949330806732178,0.06984569877386093,5.141583442687988,-0.3026617765426636,0.5562946200370789,5.210407733917236,-0.30894866585731506,0.9883421063423157,5.274080753326416,-0.34005478024482727,1.114545464515686,5.1636457443237305,-0.50770103931427,0.08942721039056778,5.193916320800781,-0.4319069981575012,0.5652498006820679,5.097597599029541,-0.3690142333507538,0.9851195812225342,4.995066165924072,-0.3867174983024597,1.06477952003479,4.84529447555542,-0.5288638472557068,-0.652276337146759,4.987563610076904,-0.5400304794311523,-0.7021592855453491,4.974707126617432,-0.5083967447280884,-0.7521114349365234,4.989773750305176,-0.42241010069847107,-0.7663320302963257,5.069669723510742,-0.5679454207420349,-0.7438475489616394,5.0094313621521,-0.591131329536438,-0.742917537689209,5.125365734100342,-0.3006756007671356,1.0902901887893677,5.332116603851318,-0.34214890003204346,1.0985229015350342,5.010812759399414
-0.3882933259010315,0.09214228391647339,5.042867183685303,-0.41278842091560364,-0.10933627188205719,5.016022682189941,-0.4378919303417206,-0.31071412563323975,4.988985061645508,-0.4629962146282196,-0.5120980143547058,4.961946964263916,-0.4090522229671478,-0.5181334018707275,4.948389053344727,-0.24270470440387726,-0.533331573009491,4.907137870788574,-0.15006574988365173,-0.24932056665420532,4.97193717956543,-0.07210090011358261,0.0335996150970459,4.988403797149658,-0.05650793015956879,0.09018365293741226,4.991697311401367,-0.025321990251541138,0.20335173606872559,4.998283863067627,-0.10654357820749283,0.163715660572052,5.014533042907715,-0.5172130465507507,-0.508251428604126,4.975210666656494,-0.6835605502128601,-0.49305325746536255,5.0164618492126465,-0.721352219581604,-0.18977975845336914,5.010124206542969,-0.7795008420944214,0.08274680376052856,4.916628360748291,-0.791130542755127,0.13725212216377258,4.8979291915893555,-0.8143900036811829,0.24626274406909943,4.860530853271484,-0.7351933717727661,0.19978810846805573,4.8606157302856445,-0.2814449071884155,0.08256111294031143,5.017280578613281,-0.29415324330329895,0.5687138438224792,5.088483810424805,-0.306008517742157,1.0011882781982422,5.1493120193481445,-0.33770301938056946,1.1263453960418701,5.037779331207275,-0.49514174461364746,0.10172345489263535,5.068453788757324,-0.41428062319755554,0.576816201210022,4.9718918800354,-0.3465490937232971,0.9962211847305298,4.869976997375488,-0.36223945021629333,1.0760968923568726,4.720036506652832,-0.5159031748771667,-0.6371763944625854,4.852320671081543,-0.5272884964942932,-0.6866917610168457,4.838251113891602,-0.49606120586395264,-0.7371816635131836,4.852391719818115,-0.4107034504413605,-0.7537615299224854,4.932539939880371,-0.5557041764259338,-0.7289912700653076,4.87183141708374,-0.5796918272972107,-0.7305554747581482,4.987618923187256,-0.29939544200897217,1.1036274433135986,5.206765651702881,-0.3187417984008789,1.1093976497650146,4.885985374450684
-0.3778969645500183,0.10122954845428467,4.970951557159424,-0.40238291025161743,-0.10021743178367615,4.9421281814575195,-0.4275806248188019,-0.30155807733535767,4.913175582885742,-0.452779084444046,-0.5029047727584839,4.884222030639648,-0.39869388937950134,-0.5088980197906494,4.870944023132324,-0.2319912314414978,-0.5239600539207458,4.830604553222656,-0.14153030514717102,-0.2378298044204712,4.889640808105469,-0.06698720157146454,0.04659739136695862,4.894794464111328,-0.05207858234643936,0.10348282754421234,4.895825386047363,-0.02226134203374386,0.2172536998987198,4.897886753082275,-0.10302727669477463,0.17728540301322937,4.91577672958374,-0.5071381330490112,-0.49909985065460205,4.897185802459717,-0.6738407611846924,-0.484037846326828,4.937525272369385,-0.7093522548675537,-0.1804446578025818,4.927079677581787,-0.765646755695343,0.09028062224388123,4.8269758224487305,-0.7769056558609009,0.14442569017410278,4.806954860687256,-0.7994234561920166,0.2527158260345459,4.766913414001465,-0.7204119563102722,0.20586346089839935,4.768555641174316,-0.27069520950317383,0.09180726110935211,4.94573450088501,-0.286992609500885,0.5772548913955688,5.020925045013428,-0.3028334975242615,1.0096174478530884,5.081659317016602,-0.33489900827407837,1.1345058679580688,4.969930171966553,-0.4850987195968628,0.11065183579921722,4.996168613433838,-0.40202611684799194,0.5857208371162415,4.901368618011475,-0.3319464921951294,1.005401849746704,4.802204132080078,-0.3464517593383789,1.0861854553222656,4.65263032913208,-0.5062171220779419,-0.6253805160522461,4.7718353271484375,-0.5179125070571899,-0.6745344996452332,4.756711006164551,-0.48708564043045044,-0.7255486845970154,4.76992654800415,-0.4020971953868866,-0.7443887591362,4.850039482116699,-0.5467610359191895,-0.7173219919204712,4.789336204528809,-0.5711774230003357,-0.7210798263549805,4.905033111572266,-0.2974252998828888,1.112108826637268,5.1391472816467285,-0.30375152826309204,1.1183676719665527,4.819007396697998
-0.3624950647354126,0.11262866854667664,4.875248908996582,-0.3870465159416199,-0.08873040974140167,4.8451385498046875,-0.41241514682769775,-0.28997960686683655,4.814970970153809,-0.4377845227718353,-0.49123483896255493,4.784802436828613,-0.3836490213871002,-0.4972156882286072,4.77160120010376,-0.21685625612735748,-0.5122349262237549,4.731534957885742,-0.12877097725868225,-0.22424232959747314,4.785271167755127,-0.05785217881202698,0.061190277338027954,4.780313491821289,-0.04366841912269592,0.11827680468559265,4.779322147369385,-0.015300897881388664,0.23244985938072205,4.777338981628418,-0.09550653398036957,0.19208990037441254,4.796910285949707,-0.4921957850456238,-0.4874413311481476,4.797676086425781,-0.6589885354042053,-0.4724220931529999,4.837742328643799,-0.6928828954696655,-0.16874563694000244,4.822973728179932,-0.7484549880027771,0.09940063953399658,4.715571880340576,-0.7595694065093994,0.1530298888683319,4.694091320037842,-0.781798243522644,0.26028841733932495,4.651130676269531,-0.7028630375862122,0.21333253383636475,4.654180526733398,-0.2551155984401703,0.1033213883638382,4.8499345779418945,-0.27256596088409424,0.5881012082099915,4.927171230316162,-0.28996819257736206,1.0202152729034424,4.987310886383057,-0.3223983645439148,1.1447702646255493,4.87547492980957,-0.4698745310306549,0.12193594872951508,4.9005632400512695,-0.3885095715522766,0.5981119871139526,4.811582088470459,-0.31939828395843506,1.0193283557891846,4.719698905944824,-0.33397984504699707,1.1025656461715698,4.5716047286987305,-0.4924590587615967,-0.6115386486053467,4.670555591583252,-0.5045797824859619,-0.6603748798370361,4.654671669006348,-0.4741116464138031,-0.7118563652038574,4.6670074462890625,-0.3890568017959595,-0.7326438426971436,4.746646881103516,-0.5337044596672058,-0.7034691572189331,4.686694622039795,-0.5579031705856323,-0.7088800668716431,4.802427291870117,-0.2849588692188263,1.1227349042892456,5.044636249542236,-0.29150065779685974,1.1319880485534668,4.738435745239258
-0.34619569778442383,0.12443336844444275,4.767981052398682,-0.3708096742630005,-0.0768214613199234,4.737196445465088,-0.39634445309638977,-0.2779655456542969,4.706437587738037,-0.42187997698783875,-0.47911563515663147,4.67567777633667,-0.3677765429019928,-0.48507940769195557,4.662332057952881,-0.2009923905134201,-0.500055730342865,4.621810436248779,-0.11558167636394501,-0.21041065454483032,4.671787261962891,-0.048449426889419556,0.07588526606559753,4.659672260284424,-0.035022977739572525,0.13314445316791534,4.657249450683594,-0.008170077577233315,0.24766281247138977,4.652403354644775,-0.08776019513607025,0.20670504868030548,4.673424243927002,-0.4762609601020813,-0.4753381013870239,4.688689231872559,-0.6430451273918152,-0.4603618085384369,4.72921085357666,-0.6765141487121582,-0.15659868717193604,4.712042808532715,-0.7328348159790039,0.10934063792228699,4.599246025085449,-0.744098961353302,0.16252849996089935,4.576686859130859,-0.7666272521018982,0.2689042389392853,4.5315680503845215,-0.6875616908073425,0.2221277803182602,4.535389423370361,-0.2388152778148651,0.11526218801736832,4.742081642150879,-0.2553618252277374,0.599237322807312,4.818251609802246,-0.27225711941719055,1.0307594537734985,4.876354217529297,-0.30519452691078186,1.154552936553955,4.764345645904541,-0.45357611775398254,0.13360454142093658,4.793880462646484,-0.37732720375061035,0.6116428971290588,4.716595649719238,-0.3120204210281372,1.0352647304534912,4.638159275054932,-0.3277953863143921,1.1229010820388794,4.4931535720825195,-0.4783042073249817,-0.5976880788803101,4.56040620803833,-0.49092304706573486,-0.6462535262107849,4.544041156768799,-0.46077078580856323,-0.6981247663497925,4.555572986602783,-0.3753141760826111,-0.7205038070678711,4.634392738342285,-0.520173966884613,-0.689497709274292,4.575776100158691,-0.5436232089996338,-0.6960603594779968,4.6916351318359375,-0.26690974831581116,1.1333355903625488,4.93305778503418,-0.28499317169189453,1.1472598314285278,4.660348892211914
-0.3315608501434326,0.13504186272621155,4.663215637207031,-0.35632970929145813,-0.06621326506137848,4.632185459136963,-0.38208454847335815,-0.2673620581626892,4.601268768310547,-0.40784016251564026,-0.46851688623428345,4.5703511238098145,-0.353808730840683,-0.47446560859680176,4.556647300720215,-0.18718869984149933,-0.48940035700798035,4.515014171600342,-0.10459335893392563,-0.19862139225006104,4.563595294952393,-0.041014961898326874,0.08843222260475159,4.548734188079834,-0.028299283236265182,0.14584293961524963,4.545762062072754,-0.0028679259121418,0.2606643736362457,4.5398173332214355,-0.08182679861783981,0.21890603005886078,4.561727046966553,-0.46215152740478516,-0.46475446224212646,4.583718776702881,-0.6287715435028076,-0.4498197138309479,4.625351905822754,-0.6628240942955017,-0.14602014422416687,4.608595848083496,-0.7210778594017029,0.11856091022491455,4.493416786193848,-0.7327286005020142,0.17147712409496307,4.470380783081055,-0.7560300827026367,0.2773095369338989,4.424309253692627,-0.676710307598114,0.23091717064380646,4.428106307983398,-0.22434473037719727,0.12599298357963562,4.636322975158691,-0.2387518584728241,0.6087868213653564,4.709096431732178,-0.2538536489009857,1.039205551147461,4.764140605926514,-0.2874986231327057,1.161861538887024,4.652013301849365,-0.43877696990966797,0.14409074187278748,4.690108299255371,-0.36818352341651917,0.6237057447433472,4.630279541015625,-0.30664879083633423,1.049595832824707,4.57240629196167,-0.3238902688026428,1.1437283754348755,4.432438850402832,-0.46602487564086914,-0.5857925415039062,4.454669952392578,-0.4790770709514618,-0.6341409087181091,4.438031196594238,-0.44912436604499817,-0.6862693428993225,4.448850631713867,-0.3630753755569458,-0.709782600402832,4.526662349700928,-0.5082746744155884,-0.6774697303771973,4.4696807861328125,-0.5306678414344788,-0.68485027551651,4.585680961608887,-0.24767258763313293,1.141793131828308,4.819864749908447,-0.28039005398750305,1.1601816415786743,4.599771022796631
-0.31838494539260864,0.14415910840034485,4.568492889404297,-0.34331297874450684,-0.05714899301528931,4.537498950958252,-0.36930766701698303,-0.25835442543029785,4.506714820861816,-0.3953031301498413,-0.4595658779144287,4.475930213928223,-0.341386616230011,-0.4654918313026428,4.461700439453125,-0.17512153089046478,-0.4803551435470581,4.418449401855469,-0.09551506489515305,-0.18906491994857788,4.468106269836426,-0.03527827188372612,0.0986502468585968,4.454728603363037,-0.023230914026498795,0.15619328618049622,4.452053070068359,0.0008638035506010056,0.27127936482429504,4.446702003479004,-0.07742674648761749,0.22851265966892242,4.468894958496094,-0.44950222969055176,-0.4558268189430237,4.4898247718811035,-0.6157673001289368,-0.4409635066986084,4.53307580947876,-0.650413990020752,-0.13721579313278198,4.519294738769531,-0.710505485534668,0.12694889307022095,4.4044318199157715,-0.7225238084793091,0.17978182435035706,4.3814592361450195,-0.7465603947639465,0.28544771671295166,4.335514068603516,-0.6670526266098022,0.23942117393016815,4.338832378387451,-0.21146909892559052,0.13525888323783875,4.540309429168701,-0.22358189523220062,0.6163685321807861,4.608800888061523,-0.2365972101688385,1.0451359748840332,4.660749435424805,-0.27122315764427185,1.1665170192718506,4.548763275146484,-0.4253007769584656,0.15305933356285095,4.596676349639893,-0.36018770933151245,0.6333374977111816,4.559293746948242,-0.3016667664051056,1.0603446960449219,4.528476238250732,-0.32034021615982056,1.1626250743865967,4.395573139190674,-0.45526203513145447,-0.5756675601005554,4.360152244567871,-0.46871039271354675,-0.6238031387329102,4.34332799911499,-0.4389001131057739,-0.676106333732605,4.353437423706055,-0.35216355323791504,-0.7005468010902405,4.4300665855407715,-0.49773454666137695,-0.6671949625015259,4.374969959259033,-0.5188611149787903,-0.6752979159355164,4.4910759925842285,-0.22939366102218628,1.147598147392273,4.715394496917725,-0.2759352922439575,1.1685869693756104,4.562504768371582
-0.3069879114627838,0.1518835723400116,4.488831043243408,-0.3319305181503296,-0.04950009286403656,4.458131313323975,-0.35802504420280457,-0.25078409910202026,4.427737236022949,-0.3841203451156616,-0.45207417011260986,4.397342205047607,-0.33036375045776367,-0.457933247089386,4.382460594177246,-0.16464479267597198,-0.47258460521698,4.337213039398193,-0.08729033172130585,-0.18159964680671692,4.389878749847412,-0.029416292905807495,0.10642242431640625,4.381227970123291,-0.017841484397649765,0.16402684152126312,4.37949800491333,0.005308130756020546,0.2792356610298157,4.37603759765625,-0.07236716151237488,0.23552381992340088,4.398096561431885,-0.43816059827804565,-0.4484028220176697,4.411893367767334,-0.6038795709609985,-0.4337514638900757,4.457140922546387,-0.6400586366653442,-0.13036388158798218,4.448385238647461,-0.7031010985374451,0.13389664888381958,4.33625602722168,-0.7157095670700073,0.18674875795841217,4.313830375671387,-0.7409265637397766,0.29245299100875854,4.268978595733643,-0.661162257194519,0.24702447652816772,4.271142959594727,-0.20044253766536713,0.14321251213550568,4.459146499633789,-0.21046976745128632,0.6221646070480347,4.523257255554199,-0.22146610915660858,1.0488206148147583,4.572462558746338,-0.2572995126247406,1.1689144372940063,4.460921287536621,-0.4135332703590393,0.16055463254451752,4.518515586853027,-0.3549751937389374,0.6401698589324951,4.506431579589844,-0.30000320076942444,1.066263198852539,4.5062689781188965,-0.32034212350845337,1.1771361827850342,4.382004737854004,-0.44567418098449707,-0.5672677159309387,4.281824111938477,-0.459418922662735,-0.6152212023735046,4.264926433563232,-0.4296436905860901,-0.6675785183906555,4.274375915527344,-0.3421437442302704,-0.6925950646400452,4.349711894989014,-0.4881172180175781,-0.6586658358573914,4.296645641326904,-0.5078187584877014,-0.6673424243927002,4.412810325622559,-0.2131870836019516,1.1510080099105835,4.626044750213623,-0.27489954233169556,1.1713366508483887,4.547636032104492
-0.29660603404045105,0.1586206555366516,4.424620151519775,-0.32145991921424866,-0.04282784461975098,4.394516944885254,-0.3475300669670105,-0.24417948722839355,4.3647966384887695,-0.3736010193824768,-0.44553714990615845,4.335075855255127,-0.32005560398101807,-0.45130008459091187,4.319450378417969,-0.15506532788276672,-0.46564781665802,4.271927356719971,-0.07796887308359146,-0.17595899105072021,4.328731536865234,-0.02022751048207283,0.11166945099830627,4.327025413513184,-0.008679237216711044,0.16919514536857605,4.32668399810791,0.014417309314012527,0.2842465341091156,4.3260016441345215,-0.06290729343891144,0.24005171656608582,4.347631931304932,-0.42742979526519775,-0.44196271896362305,4.350378036499023,-0.5924201011657715,-0.4276149868965149,4.3979010581970215,-0.6314846277236938,-0.1250287890434265,4.395501613616943,-0.698875367641449,0.13938581943511963,4.287749290466309,-0.712353527545929,0.1922687441110611,4.266198635101318,-0.7393098473548889,0.2980346083641052,4.223097801208496,-0.6591548919677734,0.253593385219574,4.223662376403809,-0.1904607117176056,0.15019971132278442,4.393336296081543,-0.19936496019363403,0.6265583634376526,4.45393180847168,-0.2091485857963562,1.0507328510284424,4.501229763031006,-0.24643050134181976,1.1696405410766602,4.390481472015381,-0.4027513563632965,0.1670415997505188,4.455904006958008,-0.3519352674484253,0.6444634199142456,4.4683451652526855,-0.30131039023399353,1.0673017501831055,4.498373031616211,-0.3236016631126404,1.1858974695205688,4.383341312408447,-0.4369124174118042,-0.5600523352622986,4.220296859741211,-0.4509621858596802,-0.6078433990478516,4.20347785949707,-0.4212019145488739,-0.6601913571357727,4.212316513061523,-0.3328266143798828,-0.6855581402778625,4.286174297332764,-0.47923001646995544,-0.6512608528137207,4.235414505004883,-0.49723953008651733,-0.6602551341056824,4.351618766784668,-0.19998249411582947,1.1524884700775146,4.5539116859436035,-0.27700501680374146,1.1687159538269043,4.546726226806641
-0.28722161054611206,0.16364935040473938,4.37612771987915,-0.311904639005661,-0.03786921501159668,4.3471503257751465,-0.33783549070358276,-0.23929359018802643,4.318611145019531,-0.3637671172618866,-0.4407239854335785,4.2900710105896,-0.3104878067970276,-0.44638878107070923,4.273633003234863,-0.14637435972690582,-0.46042874455451965,4.2236104011535645,-0.06788425147533417,-0.17259621620178223,4.284280776977539,-0.008519202470779419,0.11400666832923889,4.28984260559082,0.003353807143867016,0.17132724821567535,4.290955066680908,0.02709982544183731,0.2859684228897095,4.293179512023926,-0.05007465183734894,0.24173985421657562,4.314437389373779,-0.41732826828956604,-0.4372485280036926,4.306198596954346,-0.5814417004585266,-0.4232085645198822,4.3562211990356445,-0.623802661895752,-0.12175342440605164,4.360640525817871,-0.6961411237716675,0.14272823929786682,4.258107662200928,-0.7106088399887085,0.19562457501888275,4.237601280212402,-0.7395442128181458,0.3014172315597534,4.196588039398193,-0.6589952707290649,0.25812697410583496,4.195251941680908,-0.18152135610580444,0.15543954074382782,4.343185901641846,-0.1903432011604309,0.6290860772132874,4.400669097900391,-0.19979344308376312,1.0506839752197266,4.446444511413574,-0.23876745998859406,1.1684273481369019,4.336641311645508,-0.3929218649864197,0.17185916006565094,4.409069538116455,-0.3507947027683258,0.6461244821548462,4.441021919250488,-0.3052577078342438,1.0642215013504028,4.496255397796631,-0.3298981189727783,1.188578486442566,4.389637470245361,-0.42905059456825256,-0.555005669593811,4.176732063293457,-0.4434104859828949,-0.6026917695999146,4.160228252410889,-0.4136179983615875,-0.6549539566040039,4.168564319610596,-0.3241841197013855,-0.6803106665611267,4.2407331466674805,-0.4711030125617981,-0.6459667086601257,4.19261360168457,-0.48705828189849854,-0.6548468470573425,4.308873176574707,-0.18995217978954315,1.1519688367843628,4.49830436706543,-0.2818652391433716,1.1621348857879639,4.550205707550049
-0.278756320476532,0.16727322340011597,4.33897066116333,-0.3031004071235657,-0.034311726689338684,4.3115739822387695,-0.32871687412261963,-0.23580528795719147,4.284669876098633,-0.35433411598205566,-0.43730485439300537,4.25776481628418,-0.30138498544692993,-0.4428533911705017,4.240424633026123,-0.13832613825798035,-0.4565320312976837,4.187613487243652,-0.057652443647384644,-0.1707056164741516,4.251307010650635,0.0041343457996845245,0.11448588967323303,4.263533592224121,0.016491703689098358,0.17152419686317444,4.265978813171387,0.041206419467926025,0.28560078144073486,4.270869731903076,-0.03586385026574135,0.241571307182312,4.292011737823486,-0.40756165981292725,-0.433946430683136,4.274812698364258,-0.5706205368041992,-0.420267790555954,4.3276238441467285,-0.6165030002593994,-0.1202194094657898,4.338922023773193,-0.6942364573478699,0.14410942792892456,4.242024898529053,-0.709783136844635,0.19697518646717072,4.222645282745361,-0.7408764958381653,0.3027067184448242,4.183886528015137,-0.6599521040916443,0.26069796085357666,4.180435657501221,-0.17358650267124176,0.15929391980171204,4.304230690002441,-0.1833193600177765,0.6302350759506226,4.359203815460205,-0.1931682974100113,1.0492408275604248,4.404346466064453,-0.2341558337211609,1.165999412536621,4.295779228210449,-0.3839261531829834,0.1752525269985199,4.373710632324219,-0.3508370518684387,0.6460700035095215,4.419953346252441,-0.31061702966690063,1.058935523033142,4.494953632354736,-0.33802393078804016,1.1872639656066895,4.39555549621582,-0.4219435155391693,-0.5517029762268066,4.1465349197387695,-0.43663355708122253,-0.5993338823318481,4.130551338195801,-0.4067404568195343,-0.6514532566070557,4.1383957862854,-0.31595832109451294,-0.6765201091766357,4.208515167236328,-0.4635534882545471,-0.6423923373222351,4.163609504699707,-0.4769285321235657,-0.6508474349975586,4.279954433441162,-0.18278875946998596,1.1499898433685303,4.455583095550537,-0.2880747318267822,1.1537812948226929,4.553086280822754
-0.2715851068496704,0.17042261362075806,4.310729503631592,-0.2953299582004547,-0.03126727044582367,4.285254955291748,-0.3203575015068054,-0.23287005722522736,4.260324954986572,-0.3453857898712158,-0.43447887897491455,4.23539400100708,-0.29281681776046753,-0.4398675858974457,4.217064380645752,-0.13097845017910004,-0.4530501365661621,4.161197185516357,-0.048693232238292694,-0.16869953274726868,4.2264299392700195,0.015064626932144165,0.11515164375305176,4.244122505187988,0.027816198766231537,0.17192187905311584,4.247661113739014,0.05331934243440628,0.285462349653244,4.254737854003906,-0.023544445633888245,0.24154388904571533,4.276050090789795,-0.3982267677783966,-0.4312814176082611,4.253452301025391,-0.5600651502609253,-0.4180988669395447,4.309319496154785,-0.6097190380096436,-0.11960947513580322,4.32720947265625,-0.693280816078186,0.14426150918006897,4.235890865325928,-0.7099931836128235,0.19703571498394012,4.217627048492432,-0.7434179186820984,0.30258411169052124,4.1810994148254395,-0.662108838558197,0.2619890868663788,4.175446033477783,-0.16704250872135162,0.1627468317747116,4.274056911468506,-0.17811867594718933,0.6312563419342041,4.327402591705322,-0.18857334554195404,1.0478928089141846,4.373044013977051,-0.2317839413881302,1.1640084981918335,4.266010284423828,-0.3761277198791504,0.1780983954668045,4.347402095794678,-0.3527829349040985,0.6458165049552917,4.403655052185059,-0.31833964586257935,1.053782343864441,4.4939656257629395,-0.349043607711792,1.1847513914108276,4.400635242462158,-0.41556471586227417,-0.5496146082878113,4.1271185874938965,-0.4305494427680969,-0.5972943305969238,4.111931324005127,-0.40041613578796387,-0.6491891145706177,4.119359493255615,-0.30793750286102295,-0.6734986305236816,4.187077045440674,-0.4564366042613983,-0.6400547027587891,4.145956039428711,-0.46666213870048523,-0.6476178765296936,4.262434005737305,-0.1776546984910965,1.1480664014816284,4.423935890197754,-0.2966238856315613,1.1461145877838135,4.555179119110107
-0.2645435929298401,0.17394417524337769,4.290279388427734,-0.2873448431491852,-0.027915939688682556,4.267064571380615,-0.3114151954650879,-0.22969654202461243,4.244447231292725,-0.3354862630367279,-0.4314831793308258,4.221829414367676,-0.28333884477615356,-0.43665626645088196,4.202437877655029,-0.12285928428173065,-0.44916999340057373,4.143289566040039,-0.04025384783744812,-0.16523724794387817,4.207677364349365,0.024115972220897675,0.11780616641044617,4.228183269500732,0.036989934742450714,0.17441484332084656,4.2322845458984375,0.06273786723613739,0.2876322269439697,4.240487098693848,-0.013666968792676926,0.24357745051383972,4.262532711029053,-0.3878953158855438,-0.42850327491760254,4.2409749031066895,-0.5483748912811279,-0.41598954796791077,4.30012321472168,-0.6023440361022949,-0.11913716793060303,4.323643684387207,-0.6923839449882507,0.1437269151210785,4.2371978759765625,-0.7103919386863708,0.1962997317314148,4.219908714294434,-0.7464079260826111,0.3014453649520874,4.185330390930176,-0.6646594405174255,0.2624499797821045,4.177515029907227,-0.16073092818260193,0.16667264699935913,4.25154447555542,-0.17221906781196594,0.6330770254135132,4.30445671081543,-0.18199162185192108,1.0475314855575562,4.352689743041992,-0.22725757956504822,1.16374933719635,4.24776554107666,-0.36835625767707825,0.18121570348739624,4.329014301300049,-0.3562241494655609,0.6462966203689575,4.392396450042725,-0.32849258184432983,1.0498390197753906,4.495250225067139,-0.36317065358161926,1.1825684309005737,4.407244682312012,-0.40821635723114014,-0.5483770370483398,4.117598056793213,-0.42336541414260864,-0.5962814688682556,4.103587627410889,-0.3927585780620575,-0.6478255987167358,4.11080265045166,-0.2982187271118164,-0.6706230640411377,4.175853252410889,-0.44789794087409973,-0.6386228799819946,4.1389570236206055,-0.454446941614151,-0.6445487141609192,4.2556233406066895,-0.17016048729419708,1.1469436883926392,4.403741836547852,-0.307689368724823,1.1401100158691406,4.5588698387146
-0.2593630850315094,0.17762824892997742,4.276084899902344,-0.28104454278945923,-0.024439528584480286,4.25529670715332,-0.30400511622428894,-0.22643253207206726,4.235165596008301,-0.32696637511253357,-0.42843157052993774,4.215034008026123,-0.27525943517684937,-0.4333931803703308,4.194577217102051,-0.11619335412979126,-0.4452509880065918,4.132133483886719,-0.034273743629455566,-0.16088804602622986,4.193965911865234,0.029709145426750183,0.12187433242797852,4.215242385864258,0.04250572249293327,0.1784268021583557,4.2194976806640625,0.06809888035058975,0.2915317416191101,4.228008270263672,-0.00769621878862381,0.24717415869235992,4.251134395599365,-0.37892287969589233,-0.4256654381752014,4.23527193069458,-0.5379889607429504,-0.41380763053894043,4.297715663909912,-0.5959627032279968,-0.11841937899589539,4.325664520263672,-0.6921342611312866,0.1431906819343567,4.243128299713135,-0.7113685607910156,0.19551269710063934,4.226621150970459,-0.7498371601104736,0.30015671253204346,4.193606376647949,-0.6677015423774719,0.2626665532588959,4.18383264541626,-0.15634191036224365,0.17077115178108215,4.235290050506592,-0.16877885162830353,0.6353363990783691,4.289132118225098,-0.1779901385307312,1.0477523803710938,4.341725826263428,-0.22534188628196716,1.1645828485488892,4.239346981048584,-0.36238425970077515,0.18448534607887268,4.316879749298096,-0.3619266152381897,0.6472362279891968,4.385697364807129,-0.3408973515033722,1.0466405153274536,4.49959135055542,-0.37977728247642517,1.1806342601776123,4.416482448577881,-0.4015837609767914,-0.5482330918312073,4.115758419036865,-0.4166291058063507,-0.5965510010719299,4.103277206420898,-0.38527417182922363,-0.6475729942321777,4.110631465911865,-0.2885752320289612,-0.66795814037323,4.17310905456543,-0.4395661950111389,-0.6383261680603027,4.140279769897461,-0.4424026310443878,-0.6417586803436279,4.2571120262146,-0.1652766466140747,1.1462808847427368,4.393383502960205,-0.32092761993408203,1.1351107358932495,4.565258979797363
-0.2554309070110321,0.18132364749908447,4.266638278961182,-0.27591606974601746,-0.02096378803253174,4.248420238494873,-0.2977219223976135,-0.22317741811275482,4.230930328369141,-0.3195284307003021,-0.4253970980644226,4.21343994140625,-0.2682701349258423,-0.4301859736442566,4.191951751708984,-0.11061495542526245,-0.4415088891983032,4.126304626464844,-0.029230445623397827,-0.1564120650291443,4.184490203857422,0.03439851105213165,0.12632045149803162,4.204878330230713,0.04712430387735367,0.18286696076393127,4.208955764770508,0.0725758820772171,0.2959599792957306,4.217111110687256,-0.002603430300951004,0.25140708684921265,4.241621494293213,-0.3710237145423889,-0.42280614376068115,4.234737873077393,-0.5286788940429688,-0.4114832282066345,4.300384998321533,-0.5903504490852356,-0.11733460426330566,4.33140754699707,-0.6920307278633118,0.14308583736419678,4.252386569976807,-0.7123667597770691,0.19516992568969727,4.236582279205322,-0.7530388832092285,0.29933810234069824,4.2049736976623535,-0.670615553855896,0.2631663680076599,4.193327903747559,-0.15323495864868164,0.1748279482126236,4.223851203918457,-0.16755923628807068,0.63764488697052,4.279606342315674,-0.17677567899227142,1.0480159521102905,4.3376851081848145,-0.22627824544906616,1.165692925453186,4.238132953643799,-0.35762685537338257,0.18781934678554535,4.309425354003906,-0.3687712550163269,0.6482583284378052,4.382808685302734,-0.3538050949573517,1.0433788299560547,4.507380962371826,-0.3968060612678528,1.178420066833496,4.429126262664795,-0.3951494097709656,-0.5489292740821838,4.119727611541748,-0.40980228781700134,-0.5977746844291687,4.109012603759766,-0.3774678409099579,-0.6480977535247803,4.1168036460876465,-0.27869662642478943,-0.6653356552124023,4.176885604858398,-0.43098846077919006,-0.6388391852378845,4.147787094116211,-0.43033841252326965,-0.63910311460495,4.264673233032227,-0.16334696114063263,1.1455806493759155,4.390228748321533,-0.33448272943496704,1.1300718784332275,4.5749897956848145
-0.2533872425556183,0.18497416377067566,4.2632670402526855,-0.2723138630390167,-0.017557039856910706,4.247714996337891,-0.292603462934494,-0.22001339495182037,4.232924938201904,-0.31289365887641907,-0.42247581481933594,4.21813440322876,-0.2620275616645813,-0.4270574450492859,4.1957783699035645,-0.10558561980724335,-0.43774154782295227,4.127416133880615,-0.025259576737880707,-0.15188077092170715,4.1828460693359375,0.03779458999633789,0.13089537620544434,4.203324794769287,0.05040542408823967,0.1874506026506424,4.207420349121094,0.07562708854675293,0.3005610704421997,4.215611934661865,0.0010038912296295166,0.25568887591362,4.2411298751831055,-0.3639802932739258,-0.42009466886520386,4.240329742431641,-0.5204222202301025,-0.4094105660915375,4.30869197845459,-0.5860691070556641,-0.11633390188217163,4.34090518951416,-0.6932160258293152,0.1422898769378662,4.263504505157471,-0.7146453857421875,0.19401463866233826,4.2480244636535645,-0.7575041651725769,0.29746413230895996,4.217064380645752,-0.6747486591339111,0.26261085271835327,4.204023361206055,-0.15189561247825623,0.17889881134033203,4.218871593475342,-0.16818296909332275,0.640220046043396,4.275420188903809,-0.1774221807718277,1.0487686395645142,4.337797164916992,-0.22869297862052917,1.167020320892334,4.240594863891602,-0.35487887263298035,0.1910495162010193,4.307662487030029,-0.3790341913700104,0.6492059230804443,4.383751392364502,-0.3710351884365082,1.0402259826660156,4.517644882202148,-0.4182009696960449,1.175763487815857,4.443716526031494,-0.3886183798313141,-0.5499377846717834,4.129952430725098,-0.4026637077331543,-0.5993128418922424,4.1210150718688965,-0.3692591190338135,-0.6488276124000549,4.129416465759277,-0.26873666048049927,-0.6626290678977966,4.187431812286377,-0.42214304208755493,-0.6395864486694336,4.161471843719482,-0.41857439279556274,-0.6364457607269287,4.278255462646484,-0.16341164708137512,1.1455342769622803,4.390990257263184,-0.35264691710472107,1.1253868341445923,4.586918830871582
-0.2533319592475891,0.18727481365203857,4.2746405601501465,-0.2705441117286682,-0.01549801230430603,4.261617660522461,-0.2891286611557007,-0.21819768846035004,4.249365329742432,-0.3077137768268585,-0.42090344429016113,4.237112522125244,-0.257163405418396,-0.4252599775791168,4.214066505432129,-0.10168690979480743,-0.4352512061595917,4.14353084564209,-0.022348299622535706,-0.1487322449684143,4.196919918060303,0.04041822999715805,0.1340470314025879,4.218156814575195,0.05297153443098068,0.1906028836965561,4.2224040031433105,0.07807814329862595,0.3037146031856537,4.230898857116699,0.00386858731508255,0.2585570514202118,4.257105350494385,-0.35846614837646484,-0.4187500476837158,4.2600250244140625,-0.5139426589012146,-0.40875881910324097,4.330560684204102,-0.5834020972251892,-0.11661267280578613,4.3631815910339355,-0.6952139735221863,0.1404571831226349,4.287234306335449,-0.7175763249397278,0.19187115132808685,4.272044658660889,-0.7623010873794556,0.2946990728378296,4.241665840148926,-0.6792635321617126,0.26099273562431335,4.2274651527404785,-0.1523764729499817,0.18163184821605682,4.229072570800781,-0.17008090019226074,0.6420090794563293,4.285201549530029,-0.17895200848579407,1.0492770671844482,4.350435733795166,-0.23145443201065063,1.1679116487503052,4.254910945892334,-0.35428744554519653,0.19291777908802032,4.320208549499512,-0.39180436730384827,0.6489486694335938,4.397922515869141,-0.3907150328159332,1.035996913909912,4.540729522705078,-0.4417726993560791,1.1718701124191284,4.470820426940918,-0.38265690207481384,-0.5522213578224182,4.154086112976074,-0.39590877294540405,-0.6020851135253906,4.146820068359375,-0.3613865077495575,-0.6506975293159485,4.155924320220947,-0.25949400663375854,-0.6609400510787964,4.212252140045166,-0.4137960970401764,-0.6415555477142334,4.188772201538086,-0.4079878330230713,-0.6350377202033997,4.305320739746094,-0.16440823674201965,1.1454881429672241,4.404022216796875,-0.3733327090740204,1.1197218894958496,4.611634731292725
-0.255565881729126,0.19102171063423157,4.305578708648682,-0.2698898911476135,-0.012177661061286926,4.296258926391602,-0.28549924492836,-0.21531471610069275,4.287673473358154,-0.30110904574394226,-0.41845786571502686,4.279088020324707,-0.2508722245693207,-0.42242518067359924,4.255299091339111,-0.09636946022510529,-0.43121659755706787,4.182403564453125,-0.018718786537647247,-0.14381009340286255,4.2346978187561035,0.04493826627731323,0.13851767778396606,4.261391639709473,0.05766967684030533,0.19498322904109955,4.266730308532715,0.08313249796628952,0.3079143166542053,4.277407646179199,0.009056627750396729,0.2623136043548584,4.303445816040039,-0.351515531539917,-0.4166984558105469,4.302783489227295,-0.5060182809829712,-0.40790706872940063,4.375679016113281,-0.5803818106651306,-0.11693266034126282,4.409895420074463,-0.6973311901092529,0.1392146646976471,4.337887763977051,-0.7207210659980774,0.19044414162635803,4.323486328125,-0.7675008177757263,0.2929030656814575,4.29468297958374,-0.6841486692428589,0.26055267453193665,4.278855800628662,-0.15517541766166687,0.18609270453453064,4.258751392364502,-0.1709662228822708,0.6469287872314453,4.3108296394348145,-0.17507575452327728,1.0537970066070557,4.378503322601318,-0.22791270911693573,1.1734426021575928,4.284485816955566,-0.3559563457965851,0.1959507167339325,4.352406024932861,-0.41736114025115967,0.6487762928009033,4.433089733123779,-0.4254823923110962,1.0269479751586914,4.5975847244262695,-0.4822308123111725,1.1647709608078003,4.536506652832031,-0.37268388271331787,-0.5566481351852417,4.204416751861572,-0.38417673110961914,-0.6073107123374939,4.1999711990356445,-0.347628116607666,-0.6541118025779724,4.2107744216918945,-0.24424642324447632,-0.6576693654060364,4.265347480773926,-0.39971911907196045,-0.6452348232269287,4.244277477264404,-0.39183759689331055,-0.6325179934501648,4.360272407531738,-0.15883328020572662,1.1495379209518433,4.432400226593018,-0.40927332639694214,1.1070642471313477,4.672775745391846
-0.2677306830883026,0.18527817726135254,4.388988494873047,-0.28022709488868713,-0.018133625388145447,4.382052898406982,-0.2938116788864136,-0.2214941829442978,4.375683784484863,-0.30739665031433105,-0.4248608350753784,4.369314193725586,-0.25717395544052124,-0.42857974767684937,4.345458030700684,-0.10267628729343414,-0.4366084337234497,4.272283554077148,-0.026379339396953583,-0.14831513166427612,4.323256492614746,0.03734232485294342,0.13409936428070068,4.351691722869873,0.05008665844798088,0.1905822604894638,4.357378959655762,0.0755753219127655,0.30354806780815125,4.368752956390381,0.0014315061271190643,0.25775012373924255,4.394536972045898,-0.3577670156955719,-0.42335230112075806,4.393101692199707,-0.5122646689414978,-0.4153236150741577,4.466276168823242,-0.5892386436462402,-0.12454673647880554,4.498776912689209,-0.7078437209129333,0.13129034638404846,4.42731237411499,-0.7315647602081299,0.18245775997638702,4.41301965713501,-0.7790067791938782,0.28479260206222534,4.384433746337891,-0.6954607963562012,0.2528621554374695,4.368305683135986,-0.1672753393650055,0.18069957196712494,4.342273235321045,-0.18012136220932007,0.6422528028488159,4.386629581451416,-0.180962935090065,1.0498440265655518,4.44887638092041,-0.23293176293373108,1.1685980558395386,4.353363990783691,-0.36818602681159973,0.18985678255558014,4.435703754425049,-0.4406537413597107,0.6424411535263062,4.5069756507873535,-0.45397669076919556,1.0204885005950928,4.671014308929443,-0.5131438970565796,1.1572740077972412,4.610064506530762,-0.3755045533180237,-0.5670977830886841,4.29885196685791,-0.38571444153785706,-0.6181804537773132,4.295938491821289,-0.3479600250720978,-0.6637232303619385,4.30811071395874,-0.24443607032299042,-0.6630144119262695,4.362691879272461,-0.40028446912765503,-0.6551643013954163,4.341409683227539,-0.39268869161605835,-0.6387641429901123,4.457038879394531,-0.16392052173614502,1.1461230516433716,4.501462936401367,-0.4386952817440033,1.1009091138839722,4.746010780334473
-0.27946487069129944,0.1761985719203949,4.441703796386719,-0.2900857925415039,-0.027372747659683228,4.436291694641113,-0.30172088742256165,-0.23090197145938873,4.431406497955322,-0.31335633993148804,-0.4344373047351837,4.426521301269531,-0.26310694217681885,-0.4378477931022644,4.402670383453369,-0.1084454208612442,-0.4449315071105957,4.329434871673584,-0.03473244607448578,-0.15540346503257751,4.379177093505859,0.027538087218999863,0.12755650281906128,4.408666610717773,0.03999219462275505,0.18414849042892456,4.414564609527588,0.06490041315555573,0.2973324656486511,4.426360607147217,-0.009120345115661621,0.25101131200790405,4.451915740966797,-0.36373215913772583,-0.4332389831542969,4.450318813323975,-0.5183936953544617,-0.4261552691459656,4.52355432510376,-0.5978230834007263,-0.1356964111328125,4.55609655380249,-0.7178034782409668,0.12042361497879028,4.486664295196533,-0.741799533367157,0.17164762318134308,4.472777843475342,-0.7897917032241821,0.2740956246852875,4.445004940032959,-0.7060422897338867,0.24261905252933502,4.42848014831543,-0.17886805534362793,0.17218540608882904,4.395242214202881,-0.18900586664676666,0.6341104507446289,4.4362592697143555,-0.18682174384593964,1.0419154167175293,4.4970316886901855,-0.23773908615112305,1.1607152223587036,4.4010138511657715,-0.38006168603897095,0.18021173775196075,4.488165378570557,-0.46225863695144653,0.6323037147521973,4.551540374755859,-0.4813069701194763,1.0108177661895752,4.7139201164245605,-0.5426158308982849,1.1464025974273682,4.652410507202148,-0.37885141372680664,-0.5795174241065979,4.359156608581543,-0.3881019651889801,-0.6308698058128357,4.357351303100586,-0.3494594693183899,-0.6754496097564697,4.37047004699707,-0.24586299061775208,-0.671609103679657,4.424955368041992,-0.4019518494606018,-0.6671603322029114,4.403653144836426,-0.39459148049354553,-0.6481228470802307,4.518974781036377,-0.16912126541137695,1.138250470161438,4.549294948577881,-0.46722012758255005,1.0917941331863403,4.788549900054932
-0.28939327597618103,0.1690223217010498,4.455461025238037,-0.2982009947299957,-0.034662723541259766,4.450982570648193,-0.30795252323150635,-0.23831528425216675,4.447011470794678,-0.31770434975624084,-0.4419739842414856,4.443039894104004,-0.26742881536483765,-0.4450259804725647,4.419193267822266,-0.11257214844226837,-0.4510114789009094,4.345884799957275,-0.04231496900320053,-0.16007757186889648,4.3943772315979,0.0173090361058712,0.12373977899551392,4.424164295196533,0.029233837500214577,0.180503249168396,4.430121898651123,0.05308344215154648,0.29403018951416016,4.4420366287231445,-0.020602118223905563,0.24694299697875977,4.467506408691406,-0.3680858910083771,-0.4411354064941406,4.466843605041504,-0.5229425430297852,-0.4351499080657959,4.540152072906494,-0.6041742563247681,-0.14505216479301453,4.574428081512451,-0.724949836730957,0.11201494932174683,4.508668422698975,-0.7491049766540527,0.16342836618423462,4.495516300201416,-0.7974151968955994,0.2662551999092102,4.469212532043457,-0.7135511040687561,0.23514191806316376,4.452058792114258,-0.188655823469162,0.16568222641944885,4.4092512130737305,-0.1964273899793625,0.6275545358657837,4.4529128074646,-0.19136187434196472,1.0348105430603027,4.517910957336426,-0.24118995666503906,1.155004620552063,4.422979354858398,-0.3901307284832001,0.17236241698265076,4.501670837402344,-0.48126596212387085,0.6239205002784729,4.557190418243408,-0.5068213939666748,1.0038769245147705,4.715581893920898,-0.5702623128890991,1.1378207206726074,4.652528285980225,-0.38172388076782227,-0.588687002658844,4.377580165863037,-0.39038345217704773,-0.640189528465271,4.376418113708496,-0.3511645793914795,-0.6841787099838257,4.389963626861572,-0.24741077423095703,-0.6784728169441223,4.444121360778809,-0.4036848843097687,-0.6760984063148499,4.423218250274658,-0.39621827006340027,-0.6555786728858948,4.5383429527282715,-0.17306400835514069,1.1304978132247925,4.571220874786377,-0.494192898273468,1.0858811140060425,4.7893967628479
-0.296436607837677,0.16839933395385742,4.43438196182251,-0.30320030450820923,-0.03537842631340027,4.430565357208252,-0.3108454942703247,-0.23913346230983734,4.427228927612305,-0.3184909224510193,-0.4428946077823639,4.423892498016357,-0.26819801330566406,-0.44550007581710815,4.400028228759766,-0.11317722499370575,-0.45011407136917114,4.326587200164795,-0.04804333299398422,-0.15756723284721375,4.373978614807129,0.006658285856246948,0.1275651752948761,4.402840614318848,0.017598610371351242,0.18459166586399078,4.408613204956055,0.03947925940155983,0.29864463210105896,4.4201579093933105,-0.03343668580055237,0.2503288686275482,4.445792198181152,-0.3688669204711914,-0.44250375032424927,4.447720050811768,-0.5238876938819885,-0.4378897547721863,4.521161079406738,-0.6061738729476929,-0.14821138978004456,4.558409690856934,-0.7270452380180359,0.11031478643417358,4.497745513916016,-0.7512195110321045,0.1620200276374817,4.485612869262695,-0.7995680570602417,0.2654305100440979,4.4613471031188965,-0.7157202363014221,0.2345520406961441,4.443337440490723,-0.19556136429309845,0.16591203212738037,4.3884172439575195,-0.20218512415885925,0.6274912357330322,4.4387969970703125,-0.19511975347995758,1.0336456298828125,4.5120697021484375,-0.24411840736865997,1.156091570854187,4.419392108917236,-0.39731186628341675,0.17088663578033447,4.4803466796875,-0.4977731704711914,0.6218429803848267,4.527071952819824,-0.5308710932731628,1.0039796829223633,4.679572105407715,-0.596657395362854,1.1358281373977661,4.614218235015869,-0.381728857755661,-0.5904669165611267,4.359435558319092,-0.3899768888950348,-0.6420629024505615,4.358548641204834,-0.3503025770187378,-0.6856879591941833,4.3720502853393555,-0.24623169004917145,-0.6788966655731201,4.425568580627441,-0.4027045667171478,-0.6778877377510071,4.405602931976318,-0.3947039842605591,-0.6567960381507874,4.520634174346924,-0.17643174529075623,1.1282150745391846,4.567386150360107,-0.519974946975708,1.0874091386795044,4.752190113067627
-0.30343177914619446,0.17117717862129211,4.393664360046387,-0.3082576394081116,-0.03266941010951996,4.390592098236084,-0.31391584873199463,-0.23650100827217102,4.387980937957764,-0.319574236869812,-0.44033873081207275,4.385369300842285,-0.26927775144577026,-0.44253748655319214,4.361471652984619,-0.11415930092334747,-0.4459003806114197,4.287856578826904,-0.05530620738863945,-0.15163347125053406,4.333782196044922,-0.007237009704113007,0.13508659601211548,4.360116481781006,0.002376830205321312,0.19243061542510986,4.365383148193359,0.02160451002418995,0.30711865425109863,4.375916957855225,-0.05021496117115021,0.25732576847076416,4.401982307434082,-0.36993223428726196,-0.4403553605079651,4.409239292144775,-0.525050699710846,-0.43699246644973755,4.48285436630249,-0.6070840954780579,-0.1475655436515808,4.523701190948486,-0.7266018390655518,0.11313194036483765,4.469250679016113,-0.7505053877830505,0.16527143120765686,4.45836067199707,-0.7983124852180481,0.2695504426956177,4.436580657958984,-0.7146709561347961,0.23855866491794586,4.417597770690918,-0.20245304703712463,0.16947650909423828,4.347886085510254,-0.2068624198436737,0.6305766105651855,4.4073100090026855,-0.1968533843755722,1.0351885557174683,4.490887641906738,-0.24480853974819183,1.160447120666504,4.401126861572266,-0.4044105112552643,0.17287784814834595,4.4394426345825195,-0.514167845249176,0.6232004165649414,4.475869178771973,-0.555804431438446,1.0084996223449707,4.619421005249023,-0.6240943074226379,1.1375566720962524,4.550666332244873,-0.3829657733440399,-0.5881838798522949,4.321569442749023,-0.3910536468029022,-0.6398207545280457,4.32078218460083,-0.3510952591896057,-0.6833206415176392,4.333916187286377,-0.24650344252586365,-0.6761623620986938,4.386429309844971,-0.40320712327957153,-0.6756778359413147,4.367983341217041,-0.3941537141799927,-0.6545077562332153,4.482954025268555,-0.17753198742866516,1.1283063888549805,4.5486674308776855,-0.5469200015068054,1.0939136743545532,4.690189838409424
-0.3126606047153473,0.1773359775543213,4.341718673706055,-0.31560689210891724,-0.026556864380836487,4.339328765869141,-0.31931793689727783,-0.2304418534040451,4.337372303009033,-0.3230290710926056,-0.4343329668045044,4.335415840148926,-0.2727622091770172,-0.436126172542572,4.311420917510986,-0.11769936978816986,-0.4382389783859253,4.23746395111084,-0.06501594185829163,-0.14247068762779236,4.2817792892456055,-0.02379554882645607,0.14567989110946655,4.304825305938721,-0.015551470220088959,0.2033100128173828,4.309434413909912,0.0009366869926452637,0.31857025623321533,4.318652629852295,-0.06967207789421082,0.26735711097717285,4.345356464385986,-0.3733362853527069,-0.434755802154541,4.359389781951904,-0.5283991098403931,-0.43264299631118774,4.433346748352051,-0.6090601682662964,-0.14344581961631775,4.478921413421631,-0.7262941598892212,0.11986881494522095,4.43220329284668,-0.7497409582138062,0.17253173887729645,4.4228596687316895,-0.7966345548629761,0.27785760164260864,4.404172420501709,-0.713402509689331,0.24654671549797058,4.38383674621582,-0.21163013577461243,0.1764117181301117,4.296023845672607,-0.21234555542469025,0.6364858150482178,4.367607116699219,-0.19801963865756989,1.0386539697647095,4.464295387268066,-0.24461844563484192,1.1674306392669678,4.378462314605713,-0.41369107365608215,0.17826023697853088,4.387413501739502,-0.5329797267913818,0.6276881694793701,4.411445140838623,-0.584367036819458,1.0170127153396606,4.542130947113037,-0.655464768409729,1.1422500610351562,4.468762397766113,-0.38727736473083496,-0.58202064037323,4.272014617919922,-0.395423024892807,-0.6336588859558105,4.271213054656982,-0.35535305738449097,-0.6772302985191345,4.283815383911133,-0.250154972076416,-0.6702719330787659,4.3351850509643555,-0.4070855379104614,-0.6696080565452576,4.318483829498291,-0.39673033356666565,-0.6486755609512329,4.433412075042725,-0.1777113974094391,1.1297844648361206,4.5251359939575195,-0.5777968764305115,1.1050418615341187,4.610148906707764
-0.32417231798171997,0.18316525220870972,4.28554630279541,-0.325443834066391,-0.020752161741256714,4.283735752105713,-0.3274584412574768,-0.22466686367988586,4.282344341278076,-0.3294731080532074,-0.4285876750946045,4.2809529304504395,-0.2792550325393677,-0.4300276041030884,4.256831645965576,-0.12434285879135132,-0.43105071783065796,4.182461738586426,-0.07719943672418594,-0.13421878218650818,4.226064205169678,-0.04243195801973343,0.1550133228302002,4.2463250160217285,-0.035478461533784866,0.21285974979400635,4.250377178192139,-0.02157147042453289,0.32855260372161865,4.258481502532959,-0.09096698462963104,0.27601397037506104,4.285808086395264,-0.37971311807632446,-0.4293641448020935,4.305059432983398,-0.5346252918243408,-0.4283410310745239,4.379429340362549,-0.6123843789100647,-0.139276385307312,4.430694103240967,-0.7257921695709229,0.12714549899101257,4.392845153808594,-0.7484737038612366,0.1804298758506775,4.385275363922119,-0.7938368320465088,0.2869986295700073,4.37013578414917,-0.711219310760498,0.25505077838897705,4.3483076095581055,-0.223120778799057,0.18294064700603485,4.239879131317139,-0.21949750185012817,0.6411396265029907,4.32633113861084,-0.20146997272968292,1.040499210357666,4.435812950134277,-0.2469356209039688,1.1725356578826904,4.353967666625977,-0.42522385716438293,0.18338985741138458,4.331213474273682,-0.5535807609558105,0.6315708756446838,4.340786457061768,-0.6152163743972778,1.0251823663711548,4.455111980438232,-0.6890448927879333,1.1456680297851562,4.376169204711914,-0.39490950107574463,-0.5757747292518616,4.217545986175537,-0.4032074809074402,-0.6273919939994812,4.216566562652588,-0.3631010055541992,-0.671143651008606,4.228442668914795,-0.2572483420372009,-0.6647450923919678,4.278556823730469,-0.41438865661621094,-0.6635692715644836,4.263789176940918,-0.40256333351135254,-0.643284261226654,4.378705978393555,-0.1803055852651596,1.1296069622039795,4.499588489532471,-0.6111520528793335,1.1162242889404297,4.519534587860107
-0.33581453561782837,0.18861180543899536,4.231644153594971,-0.3356657922267914,-0.015314817428588867,4.230357646942139,-0.33624809980392456,-0.21924284100532532,4.229478359222412,-0.3368304371833801,-0.42317694425582886,4.2285990715026855,-0.286670982837677,-0.4243238568305969,4.204339504241943,-0.13196054100990295,-0.4244430661201477,4.129533290863037,-0.09052503108978271,-0.12665367126464844,4.172481060028076,-0.06259936094284058,0.163528710603714,4.189667224884033,-0.05701422691345215,0.22156518697738647,4.193104267120361,-0.04584395885467529,0.33763813972473145,4.199978828430176,-0.11388606578111649,0.28374481201171875,4.228071689605713,-0.38699620962142944,-0.42424654960632324,4.252849102020264,-0.5417066812515259,-0.42412734031677246,4.32765531539917,-0.6154956817626953,-0.13514947891235352,4.384986877441406,-0.7241896390914917,0.13438811898231506,4.356418609619141,-0.7459284067153931,0.1882956326007843,4.350705146789551,-0.7894060015678406,0.29611068964004517,4.339277744293213,-0.7075655460357666,0.2633442282676697,4.315784931182861,-0.234747976064682,0.188973531126976,4.185998916625977,-0.22713702917099,0.6443166732788086,4.288994312286377,-0.2051749974489212,1.0394806861877441,4.413944721221924,-0.24932654201984406,1.1751958131790161,4.337132453918457,-0.43688109517097473,0.1882500797510147,4.277289390563965,-0.5735549330711365,0.6346564888954163,4.270589351654053,-0.6459754705429077,1.0323283672332764,4.364727020263672,-0.7223296165466309,1.1469388008117676,4.279272079467773,-0.40426793694496155,-0.5691699981689453,4.164529800415039,-0.4129953980445862,-0.6207068562507629,4.163125514984131,-0.37309443950653076,-0.6648980379104614,4.174027442932129,-0.26655590534210205,-0.659865140914917,4.2228288650512695,-0.4238596558570862,-0.6572846174240112,4.210113048553467,-0.4103907346725464,-0.6382937431335449,4.325070858001709,-0.18313713371753693,1.1259636878967285,4.481198787689209,-0.6446642875671387,1.126682162284851,4.424591541290283
-0.36187633872032166,0.19900572299957275,4.145003318786621,-0.35961785912513733,-0.004893377423286438,4.144370079040527,-0.3580183684825897,-0.2087995558977127,4.144113540649414,-0.35641881823539734,-0.41271185874938965,4.143857002258301,-0.3063676953315735,-0.4133966267108917,4.119368553161621,-0.15204812586307526,-0.41209107637405396,4.043856620788574,-0.12304411083459854,-0.11320167779922485,4.087423801422119,-0.11092425137758255,0.17812463641166687,4.097906589508057,-0.10850027948617935,0.2363899052143097,4.100003242492676,-0.10365233570337296,0.35292044281959534,4.104196071624756,-0.1685691773891449,0.2961195111274719,4.133656978607178,-0.4064525365829468,-0.41424334049224854,4.168342590332031,-0.5607721209526062,-0.4155488908290863,4.243854522705078,-0.6285321116447449,-0.12830224633216858,4.31436824798584,-0.7287886142730713,0.14559000730514526,4.306657314300537,-0.7488399147987366,0.2003684639930725,4.305115222930908,-0.7889425158500671,0.309925377368927,4.30203104019165,-0.7086372971534729,0.27639564871788025,4.274914264678955,-0.26081424951553345,0.20026683807373047,4.099362373352051,-0.24734632670879364,0.6480773687362671,4.234282493591309,-0.2173430621623993,1.0311658382415771,4.393393039703369,-0.2587019205093384,1.1742165088653564,4.32855224609375,-0.46293842792510986,0.19774460792541504,4.190644264221191,-0.6103163957595825,0.6403970718383789,4.15518045425415,-0.6994155645370483,1.0427848100662231,4.211024284362793,-0.778940737247467,1.1460858583450317,4.1141581535339355,-0.42759469151496887,-0.5551799535751343,4.076125621795654,-0.43734514713287354,-0.6064537167549133,4.073183059692383,-0.39817386865615845,-0.6517190337181091,4.082043647766113,-0.2908948063850403,-0.6503190398216248,4.129364490509033,-0.4482426345348358,-0.644324779510498,4.119105339050293,-0.4327562749385834,-0.6293686032295227,4.234372615814209,-0.19355569779872894,1.1111783981323242,4.468043327331543,-0.7026069164276123,1.1424803733825684,4.261927604675293
-0.3780759274959564,0.20650294423103333,4.094541072845459,-0.3757888078689575,0.002632454037666321,4.093102931976318,-0.3741702735424042,-0.20124678313732147,4.092052459716797,-0.37255167961120605,-0.40513214468955994,4.091001987457275,-0.32252737879753113,-0.4057167172431946,4.066471576690674,-0.1683102399110794,-0.4041028916835785,3.990851879119873,-0.14442302286624908,-0.10535529255867004,4.0371012687683105,-0.13952626287937164,0.18606439232826233,4.045616626739502,-0.1385469138622284,0.24434833228588104,4.0473198890686035,-0.1365882158279419,0.3609161972999573,4.050725936889648,-0.20008806884288788,0.3027641177177429,4.0804619789123535,-0.42255839705467224,-0.40676349401474,4.115521430969238,-0.5767755508422852,-0.4083773195743561,4.191141128540039,-0.6398447155952454,-0.1222655177116394,4.269384384155273,-0.7342429161071777,0.1535950005054474,4.272830009460449,-0.7531225681304932,0.2087671160697937,4.273519039154053,-0.790881872177124,0.31911134719848633,4.27489709854126,-0.7115209102630615,0.2849881052970886,4.245990753173828,-0.27699294686317444,0.20795851945877075,4.048951625823975,-0.2611537277698517,0.6499776244163513,4.202519416809082,-0.22731272876262665,1.0240767002105713,4.381716251373291,-0.26702386140823364,1.170878291130066,4.324389457702637,-0.4791589081287384,0.2050473690032959,4.140130519866943,-0.6265243291854858,0.6468280553817749,4.091879367828369,-0.7195225358009338,1.0507756471633911,4.129087924957275,-0.799175500869751,1.1490342617034912,4.027035713195801,-0.44689393043518066,-0.5437403917312622,4.018918037414551,-0.4577392041683197,-0.5946593880653381,4.014341831207275,-0.4195297658443451,-0.6409982442855835,4.021601676940918,-0.31215745210647583,-0.6434161067008972,4.0685930252075195,-0.46932563185691833,-0.6337559819221497,4.0590314865112305,-0.45324572920799255,-0.6228964328765869,4.174644470214844,-0.2027953416109085,1.0998425483703613,4.460557460784912,-0.7239709496498108,1.1526719331741333,4.175508499145508
-0.3941829204559326,0.2137148678302765,4.051458358764648,-0.39247438311576843,0.00990276038646698,4.049288749694824,-0.39142677187919617,-0.19391752779483795,4.047502517700195,-0.3903791308403015,-0.39774391055107117,4.045716285705566,-0.34037911891937256,-0.3983796536922455,4.021173477172852,-0.18623967468738556,-0.39692458510398865,3.9455337524414062,-0.165688619017601,-0.09843987226486206,3.993723154067993,-0.16614094376564026,0.1928853690624237,3.999929189682007,-0.1662314087152481,0.2511504292488098,4.0011701583862305,-0.1664123386144638,0.36768051981925964,4.003652572631836,-0.22880969941616058,0.3086497187614441,4.033803462982178,-0.44036775827407837,-0.3993235230445862,4.070240020751953,-0.5945072174072266,-0.400778591632843,4.145879745483398,-0.6531386375427246,-0.11524394154548645,4.22876501083374,-0.7420573234558105,0.16204553842544556,4.2393999099731445,-0.7598410844802856,0.21750342845916748,4.241527080535889,-0.7954085469245911,0.32841920852661133,4.245780944824219,-0.7168465852737427,0.2935183048248291,4.215829849243164,-0.29310137033462524,0.21504762768745422,4.005863189697266,-0.27446451783180237,0.6516000032424927,4.17446231842041,-0.23663215339183807,1.0171351432800293,4.370081901550293,-0.2745990455150604,1.1668121814727783,4.319231986999512,-0.49526447057724,0.21238210797309875,4.097053527832031,-0.6403412818908691,0.6537887454032898,4.0381999015808105,-0.7338557839393616,1.0588245391845703,4.0609002113342285,-0.8130883574485779,1.153437614440918,3.9550654888153076,-0.4675922393798828,-0.5326706171035767,3.969926595687866,-0.479476660490036,-0.5831887125968933,3.9639430046081543,-0.44222885370254517,-0.6304643154144287,3.9698290824890137,-0.3349165916442871,-0.6363903284072876,4.016528129577637,-0.49180272221565247,-0.6232661604881287,4.007519245147705,-0.4753758907318115,-0.6159955859184265,4.123317241668701,-0.2113657295703888,1.0890878438949585,4.4522385597229,-0.738616406917572,1.1622987985610962,4.103745460510254
-0.40918660163879395,0.21998119354248047,4.012381553649902,-0.40853744745254517,0.016281098127365112,4.00937032699585,-0.40863552689552307,-0.1874256432056427,4.006769180297852,-0.408733606338501,-0.39113849401474,4.0041680335998535,-0.3587621748447418,-0.3919565975666046,3.9796388149261475,-0.20467609167099,-0.3910656273365021,3.9040474891662598,-0.18597957491874695,-0.0929313600063324,3.953969717025757,-0.19007667899131775,0.19822552800178528,3.958040952682495,-0.19089609384536743,0.2564569115638733,3.958855152130127,-0.192534938454628,0.3729196786880493,3.9604835510253906,-0.25420892238616943,0.3133716583251953,3.990936756134033,-0.4587061107158661,-0.3925344944000244,4.0286688804626465,-0.6127921938896179,-0.39342546463012695,4.104259967803955,-0.6668533682823181,-0.10798349976539612,4.189852714538574,-0.7502579092979431,0.17061200737953186,4.205146789550781,-0.7669388055801392,0.22633111476898193,4.208205699920654,-0.8003005981445312,0.3377693295478821,4.2143235206604,-0.7224750518798828,0.3018624186515808,4.183812618255615,-0.30808597803115845,0.22097666561603546,3.9668326377868652,-0.28775832056999207,0.652693510055542,4.1474080085754395,-0.24741202592849731,1.0108153820037842,4.355912685394287,-0.2839178740978241,1.1625325679779053,4.310244560241699,-0.5102872252464294,0.21898572146892548,4.0579304695129395,-0.6519111394882202,0.6603837609291077,3.990769147872925,-0.7433931827545166,1.066354513168335,4.00388765335083,-0.8218382596969604,1.1589272022247314,3.895660877227783,-0.4886046051979065,-0.5223345756530762,3.9249086380004883,-0.5014969110488892,-0.5723945498466492,3.9175939559936523,-0.4652315676212311,-0.6205207109451294,3.922194242477417,-0.35812458395957947,-0.6298426389694214,3.968626022338867,-0.5146172046661377,-0.6133362054824829,3.960068702697754,-0.49805063009262085,-0.6094866991043091,4.075936794281006,-0.22179464995861053,1.0796170234680176,4.440637111663818,-0.7477388381958008,1.1708205938339233,4.044336318969727
-0.42412710189819336,0.2245761752128601,3.973572254180908,-0.425036758184433,0.021068498492240906,3.9691779613494873,-0.4266726076602936,-0.18244290351867676,3.965184450149536,-0.42830851674079895,-0.3859603703022003,3.961190938949585,-0.37835341691970825,-0.3869886100292206,3.936739444732666,-0.22424818575382233,-0.3867487609386444,3.8613903522491455,-0.20463453233242035,-0.08951613306999207,3.9150192737579346,-0.20932361483573914,0.20143857598304749,3.9195024967193604,-0.21026143431663513,0.2596295177936554,3.9203991889953613,-0.21213707327842712,0.3760114014148712,3.9221925735473633,-0.27371907234191895,0.3163335919380188,3.952401876449585,-0.4782814085483551,-0.38714414834976196,3.9855988025665283,-0.6323866248130798,-0.38738399744033813,4.060947895050049,-0.6812795400619507,-0.10158202052116394,4.1477508544921875,-0.7586387395858765,0.1783868670463562,4.1659088134765625,-0.7741105556488037,0.23438064754009247,4.1695404052734375,-0.805054247379303,0.3463681936264038,4.1768035888671875,-0.7280163764953613,0.3091452717781067,4.146046161651611,-0.32299965620040894,0.22510580718517303,3.928110361099243,-0.30076050758361816,0.6524448990821838,4.118660926818848,-0.25801146030426025,1.0039522647857666,4.337718486785889,-0.2930690050125122,1.1572623252868652,4.296413421630859,-0.5252545475959778,0.22404654324054718,4.019033908843994,-0.660990834236145,0.6664600968360901,3.9464476108551025,-0.7483454942703247,1.0735294818878174,3.9523465633392334,-0.8255026936531067,1.1650419235229492,3.8422951698303223,-0.5102471113204956,-0.513519287109375,3.8784234523773193,-0.5240010023117065,-0.5631018280982971,3.8697845935821533,-0.4886326491832733,-0.6119402647018433,3.873201847076416,-0.38189589977264404,-0.6243716478347778,3.9195690155029297,-0.5379476547241211,-0.6048678159713745,3.911123037338257,-0.521621823310852,-0.6043329834938049,4.027012348175049,-0.23207592964172363,1.0700180530548096,4.424506187438965,-0.7517446279525757,1.1787151098251343,3.990996837615967
-0.439424604177475,0.22871729731559753,3.9359827041625977,-0.4422874450683594,0.025499582290649414,3.9298620223999023,-0.44586190581321716,-0.1777181774377823,3.924128532409668,-0.4494364857673645,-0.38094204664230347,3.9183948040008545,-0.3994869887828827,-0.3822404146194458,3.8940863609313965,-0.24529758095741272,-0.3828389644622803,3.819173574447632,-0.22354494035243988,-0.086905837059021,3.877713203430176,-0.2272741198539734,0.20381379127502441,3.884298801422119,-0.22801995277404785,0.26195770502090454,3.885615825653076,-0.22951161861419678,0.3782455623149872,3.8882501125335693,-0.2913564145565033,0.3185999393463135,3.9177825450897217,-0.4994248151779175,-0.3818524479866028,3.942641019821167,-0.6536142230033875,-0.3812538981437683,4.017553806304932,-0.6963272094726562,-0.09466058015823364,4.104250907897949,-0.7664561867713928,0.18686547875404358,4.124255180358887,-0.7804819941520691,0.24317069351673126,4.128255844116211,-0.8085335493087769,0.3557811379432678,4.136257648468018,-0.732456624507904,0.3168392777442932,4.105429649353027,-0.33825865387916565,0.22865678369998932,3.8906736373901367,-0.31252264976501465,0.6524770855903625,4.08851957321167,-0.266144335269928,0.9984114766120911,4.31557559967041,-0.29933997988700867,1.1530182361602783,4.277698516845703,-0.5405905246734619,0.22877781093120575,3.9812917709350586,-0.6684883832931519,0.6731600165367126,3.906487464904785,-0.7491152286529541,1.0816495418548584,3.909912586212158,-0.8244011998176575,1.173826813697815,3.799118995666504,-0.5326375961303711,-0.5056889057159424,3.832753896713257,-0.5469984412193298,-0.5548882484436035,3.8230655193328857,-0.5123021006584167,-0.6042354702949524,3.825657606124878,-0.40598511695861816,-0.6189998984336853,3.872220039367676,-0.5616812109947205,-0.5972713232040405,3.863485813140869,-0.5458927154541016,-0.5992681384086609,3.9793999195098877,-0.2396196871995926,1.0621874332427979,4.403886795043945,-0.7508955001831055,1.1870869398117065,3.9479854106903076
-0.456171452999115,0.2303696870803833,3.918165445327759,-0.4613141417503357,0.027468591928482056,3.9105076789855957,-0.4670860767364502,-0.17542721331119537,3.9031646251678467,-0.472858190536499,-0.3783290982246399,3.8958213329315186,-0.4228714406490326,-0.37998488545417786,3.87174916267395,-0.2684677839279175,-0.38169243931770325,3.797562837600708,-0.2438591569662094,-0.08722805976867676,3.8612375259399414,-0.24552886188030243,0.2032630443572998,3.87062931060791,-0.24586279690265656,0.2613612711429596,3.8725075721740723,-0.246530681848526,0.3775576949119568,3.8762643337249756,-0.30893170833587646,0.3181138038635254,3.9048545360565186,-0.5229076743125916,-0.3788785934448242,3.919813632965088,-0.6773113012313843,-0.37717103958129883,3.99399995803833,-0.7140823602676392,-0.08912226557731628,4.077934741973877,-0.777729332447052,0.1939067542552948,4.0958147048950195,-0.7904587388038635,0.2505125403404236,4.099390506744385,-0.8159175515174866,0.36372414231300354,4.106542587280273,-0.740668773651123,0.32286012172698975,4.076333045959473,-0.3549201488494873,0.22950197756290436,3.873159408569336,-0.32389456033706665,0.652134120464325,4.072817325592041,-0.2730325162410736,0.9961470365524292,4.301849842071533,-0.3041277527809143,1.1514004468917847,4.264821529388428,-0.5574227571487427,0.23123739659786224,3.9631714820861816,-0.6762000322341919,0.6780522465705872,3.887723922729492,-0.7490363121032715,1.0880237817764282,3.890167474746704,-0.822040855884552,1.1814485788345337,3.7788848876953125,-0.5564855933189392,-0.5014000535011292,3.8082072734832764,-0.5711889266967773,-0.5503630638122559,3.797868013381958,-0.536929190158844,-0.600026547908783,3.8001527786254883,-0.4310803711414337,-0.6162087917327881,3.8472955226898193,-0.5865157246589661,-0.593065619468689,3.837705135345459,-0.5715757012367249,-0.5964862108230591,3.9536938667297363,-0.24571341276168823,1.059066891670227,4.390536785125732,-0.7489802241325378,1.1935393810272217,3.9280762672424316
-0.4765280485153198,0.22886228561401367,3.8929972648620605,-0.484221488237381,0.026330024003982544,3.8837060928344727,-0.49237626791000366,-0.1761956810951233,3.874669075012207,-0.5005313158035278,-0.37872743606567383,3.8656318187713623,-0.45051825046539307,-0.38078176975250244,3.8417844772338867,-0.2959595322608948,-0.3837263584136963,3.768303871154785,-0.26678183674812317,-0.09086334705352783,3.836522102355957,-0.2645416557788849,0.19937503337860107,3.848540782928467,-0.2640936076641083,0.25742271542549133,3.8509445190429688,-0.26319754123687744,0.37351807951927185,3.8557519912719727,-0.3264978528022766,0.3147065043449402,3.883510112762451,-0.5506330132484436,-0.37887442111968994,3.889381170272827,-0.7051917314529419,-0.3759298324584961,3.9628617763519287,-0.7357960939407349,-0.08650612831115723,4.043923854827881,-0.7927636504173279,0.19790613651275635,4.059802055358887,-0.8041571378707886,0.2547885775566101,4.0629777908325195,-0.8269441723823547,0.36855348944664,4.069329261779785,-0.7526333332061768,0.32575443387031555,4.039624214172363,-0.3752354383468628,0.22706763446331024,3.8482441902160645,-0.3375779092311859,0.6497228145599365,4.0467143058776855,-0.2807398736476898,0.9927740097045898,4.275787830352783,-0.30939173698425293,1.1485259532928467,4.23887825012207,-0.5778206586837769,0.2306569367647171,3.9377503395080566,-0.6850681900978088,0.6809455156326294,3.8657495975494385,-0.7469545602798462,1.0926591157913208,3.872920274734497,-0.8170205354690552,1.1893351078033447,3.76252818107605,-0.5841879844665527,-0.5000635385513306,3.775693893432617,-0.5991705060005188,-0.5487750768661499,3.764622449874878,-0.5653412938117981,-0.5987344980239868,3.766686201095581,-0.46015113592147827,-0.6163294315338135,3.814755916595459,-0.6152662634849548,-0.5918101668357849,3.8037827014923096,-0.6016051173210144,-0.5967106223106384,3.919862985610962,-0.2522432506084442,1.0552071332931519,4.3644490242004395,-0.7442280054092407,1.19767165184021,3.9121079444885254
-0.4978589117527008,0.22578224539756775,3.8813462257385254,-0.5081044435501099,0.023625165224075317,3.870413303375244,-0.518671989440918,-0.17852547764778137,3.8596699237823486,-0.52923983335495,-0.38068217039108276,3.848926067352295,-0.47918084263801575,-0.3831496834754944,3.825329542160034,-0.32443922758102417,-0.3873763978481293,3.7526519298553467,-0.2895232141017914,-0.09620887041091919,3.8248543739318848,-0.2821596562862396,0.19374704360961914,3.8390281200408936,-0.2806869447231293,0.25173822045326233,3.841862916946411,-0.27774152159690857,0.3677206039428711,3.8475325107574463,-0.3421737551689148,0.30986714363098145,3.8745884895324707,-0.579413652420044,-0.38041186332702637,3.872406005859375,-0.7341552972793579,-0.3761851489543915,3.9450836181640625,-0.7586206197738647,-0.08545708656311035,4.02311897277832,-0.808720052242279,0.20022442936897278,4.0374603271484375,-0.8187399506568909,0.2573607265949249,4.040328502655029,-0.8387797474861145,0.3716333210468292,4.046064853668213,-0.7654867768287659,0.32692086696624756,4.016747951507568,-0.3965126872062683,0.22304889559745789,3.8369133472442627,-0.3516310751438141,0.6467528939247131,4.031749248504639,-0.28782856464385986,0.9892606735229492,4.259894371032715,-0.31374868750572205,1.1454466581344604,4.222711563110352,-0.5992051362991333,0.2285155951976776,3.925779104232788,-0.6930545568466187,0.6826262474060059,3.8588738441467285,-0.7421284914016724,1.0959382057189941,3.8729264736175537,-0.8086123466491699,1.196655035018921,3.7639105319976807,-0.6125422716140747,-0.5003437399864197,3.7564964294433594,-0.627739429473877,-0.5488046407699585,3.7446770668029785,-0.5943320989608765,-0.5990403890609741,3.746656894683838,-0.4899808466434479,-0.6179854273796082,3.7959859371185303,-0.6447119116783142,-0.5921351313591003,3.7831218242645264,-0.6327236294746399,-0.5984204411506653,3.899303913116455,-0.2579210102558136,1.051367998123169,4.348336696624756,-0.736325204372406,1.2001365423202515,3.9139492511749268
-0.516714870929718,0.22027558088302612,3.8566486835479736,-0.5292426347732544,0.018485993146896362,3.8442347049713135,-0.5420582294464111,-0.18329694867134094,3.83200740814209,-0.5548741817474365,-0.38508591055870056,3.819779872894287,-0.5047330856323242,-0.3879651427268982,3.796504497528076,-0.34970200061798096,-0.3934691548347473,3.724844455718994,-0.30927106738090515,-0.10391688346862793,3.8001086711883545,-0.2969328463077545,0.18569549918174744,3.815483331680298,-0.29446521401405334,0.243617981672287,3.8185582160949707,-0.2895299196243286,0.3594629168510437,3.8247082233428955,-0.35506245493888855,0.3026566803455353,3.8512165546417236,-0.6051546335220337,-0.3843999207019806,3.8429222106933594,-0.760185718536377,-0.37889590859413147,3.9145822525024414,-0.7780455350875854,-0.0866762101650238,3.9882609844207764,-0.8207699656486511,0.2002106010913849,3.9998586177825928,-0.8293148279190063,0.2575879693031311,4.002178192138672,-0.8464046120643616,0.37234270572662354,4.00681734085083,-0.7742480635643005,0.32550522685050964,3.978114604949951,-0.4152611494064331,0.21668174862861633,3.812682867050171,-0.36684584617614746,0.6427225470542908,4.001565933227539,-0.2983631491661072,0.984736442565918,4.229147911071777,-0.3222231864929199,1.1412055492401123,4.191727161407471,-0.6181685924530029,0.2238694131374359,3.9006145000457764,-0.6967785358428955,0.6820552349090576,3.8421530723571777,-0.7312723994255066,1.0963661670684814,3.866924285888672,-0.793362557888031,1.2022428512573242,3.760213851928711,-0.6378166079521179,-0.5031547546386719,3.725062131881714,-0.6532458662986755,-0.5513647198677063,3.712575912475586,-0.6203013062477112,-0.6018922328948975,3.7145698070526123,-0.5168590545654297,-0.622179388999939,3.765214443206787,-0.6711367964744568,-0.5948922038078308,3.7503597736358643,-0.6608929634094238,-0.6023460626602173,3.866619110107422,-0.2675822377204895,1.0465847253799438,4.3174824714660645,-0.7220736145973206,1.199177622795105,3.9107515811920166
-0.5349477529525757,0.21478834748268127,3.831571102142334,-0.5493475794792175,0.01332370936870575,3.818065643310547,-0.5639693737030029,-0.18813639879226685,3.804732322692871,-0.5785915851593018,-0.38960254192352295,3.791398525238037,-0.5283442139625549,-0.39283841848373413,3.7684860229492188,-0.3729817867279053,-0.3994479477405548,3.697977066040039,-0.3285302519798279,-0.11113253235816956,3.775001287460327,-0.3127021789550781,0.17815649509429932,3.7900946140289307,-0.30953657627105713,0.23601430654525757,3.7931132316589355,-0.30320534110069275,0.3517299294471741,3.7991504669189453,-0.36953845620155334,0.295803427696228,3.825357437133789,-0.6289979219436646,-0.3885563611984253,3.814166307449341,-0.7843603491783142,-0.3819468319416046,3.8846752643585205,-0.7964886426925659,-0.08830916881561279,3.9529707431793213,-0.8330967426300049,0.1994040608406067,3.959855794906616,-0.8404183387756348,0.25694671273231506,3.961232900619507,-0.8550615906715393,0.3720320165157318,3.963986873626709,-0.7838700413703918,0.3232455253601074,3.936304807662964,-0.433353990316391,0.21043719351291656,3.7881569862365723,-0.38504326343536377,0.6398600339889526,3.9692745208740234,-0.3142646849155426,0.9814082384109497,4.196870803833008,-0.3367660939693451,1.138054370880127,4.159333229064941,-0.636541485786438,0.21913950145244598,3.8749852180480957,-0.697947084903717,0.6811314225196838,3.8266708850860596,-0.7164431214332581,1.0955760478973389,3.863527536392212,-0.7733756899833679,1.2069202661514282,3.7595345973968506,-0.6608297824859619,-0.5065301656723022,3.6947178840637207,-0.6763681173324585,-0.5545551180839539,3.6816976070404053,-0.6437770128250122,-0.6052938103675842,3.6838600635528564,-0.5412468910217285,-0.6265488266944885,3.735903263092041,-0.6950896978378296,-0.5981987714767456,3.7189266681671143,-0.6866329312324524,-0.6064462661743164,3.835258722305298,-0.2831713557243347,1.0430421829223633,4.285248756408691,-0.7036309242248535,1.1966094970703125,3.91047739982605
-0.5500212907791138,0.21008113026618958,3.799314498901367,-0.566068708896637,0.008896678686141968,3.7851624488830566,-0.5823580026626587,-0.19228202104568481,3.7712061405181885,-0.5986477732658386,-0.3934667706489563,3.757249593734741,-0.5482925176620483,-0.39708590507507324,3.7347071170806885,-0.39261043071746826,-0.4048812985420227,3.665369749069214,-0.3445442318916321,-0.11761897802352905,3.7430102825164795,-0.32563120126724243,0.17127656936645508,3.7566137313842773,-0.321848601102829,0.22905567288398743,3.7593343257904053,-0.3142834007740021,0.3446139097213745,3.7647757530212402,-0.3812968134880066,0.2896155118942261,3.79091215133667,-0.6491801142692566,-0.39203423261642456,3.7796401977539062,-0.8048622012138367,-0.3842388391494751,3.848977565765381,-0.8113164901733398,-0.08943700790405273,3.9114937782287598,-0.8420656323432922,0.1987573802471161,3.9128665924072266,-0.8482154607772827,0.25639626383781433,3.9131412506103516,-0.8605151176452637,0.3716740310192108,3.9136903285980225,-0.7903071045875549,0.3209947347640991,3.8872106075286865,-0.4482998847961426,0.2049836814403534,3.756434202194214,-0.40212225914001465,0.6388105750083923,3.927384853363037,-0.3308349847793579,0.9815468788146973,4.153064250946045,-0.35268092155456543,1.1380391120910645,4.114479064941406,-0.651742696762085,0.21517857909202576,3.8421947956085205,-0.696793258190155,0.6802417635917664,3.806854724884033,-0.6999998688697815,1.0935063362121582,3.858656883239746,-0.7517921924591064,1.2106211185455322,3.7583694458007812,-0.6803348064422607,-0.5099119544029236,3.659553050994873,-0.696002721786499,-0.55784010887146,3.6463515758514404,-0.6637684106826782,-0.6087784171104431,3.6489667892456055,-0.5620806217193604,-0.630652904510498,3.702364206314087,-0.7154889106750488,-0.6013403534889221,3.6833465099334717,-0.7086220383644104,-0.6095784306526184,3.7997732162475586,-0.2997905910015106,1.043628215789795,4.241152763366699,-0.6838046312332153,1.1922229528427124,3.909353494644165
-0.5759462118148804,0.2046423852443695,3.731198310852051,-0.5944220423698425,0.004054263234138489,3.717167377471924,-0.6131067872047424,-0.19652661681175232,3.70331072807312,-0.6317920684814453,-0.39711350202560425,3.6894538402557373,-0.5813249945640564,-0.4014064073562622,3.6675522327423096,-0.4253576695919037,-0.41128480434417725,3.6002345085144043,-0.36964020133018494,-0.1269383728504181,3.678180456161499,-0.34406861662864685,0.16026249527931213,3.688290596008301,-0.33895429968833923,0.21770267188549042,3.690312623977661,-0.328725665807724,0.3325830101966858,3.694356679916382,-0.3969030976295471,0.27976441383361816,3.7205541133880615,-0.682462215423584,-0.39500075578689575,3.7112045288085938,-0.8384295701980591,-0.3851223587989807,3.778522253036499,-0.8339359760284424,-0.08915242552757263,3.827659845352173,-0.8533830046653748,0.19851154088974,3.8170900344848633,-0.8572723865509033,0.25604432821273804,3.8149759769439697,-0.8650512099266052,0.37110990285873413,3.8107481002807617,-0.7971315383911133,0.3169451951980591,3.786719560623169,-0.47412195801734924,0.19820205867290497,3.6891884803771973,-0.434975266456604,0.6447970867156982,3.825173854827881,-0.3557552993297577,0.9822335243225098,4.055977821350098,-0.3744858205318451,1.1397135257720947,4.020002841949463,-0.6777704358100891,0.21108271181583405,3.7732081413269043,-0.6959030628204346,0.6792095303535461,3.7729899883270264,-0.6748856902122498,1.0858643054962158,3.8601670265197754,-0.7178528904914856,1.2140624523162842,3.7698118686676025,-0.7130287289619446,-0.5132040977478027,3.590973377227783,-0.7290257215499878,-0.5610244274139404,3.5777828693389893,-0.6974689960479736,-0.6123268008232117,3.581331729888916,-0.5970829725265503,-0.635070264339447,3.6367809772491455,-0.7497325539588928,-0.6040410995483398,3.6146767139434814,-0.7451630234718323,-0.6115942001342773,3.7312583923339844,-0.323105126619339,1.0422190427780151,4.144904136657715,-0.6535574793815613,1.1786831617355347,3.919344425201416
-0.5833162665367126,0.20291703939437866,3.693300247192383,-0.6024496555328369,0.0025429129600524902,3.680351972579956,-0.6220142245292664,-0.19780267775058746,3.6676082611083984,-0.6415793895721436,-0.3981543183326721,3.6548643112182617,-0.5910115242004395,-0.40283283591270447,3.6334333419799805,-0.43474215269088745,-0.41390299797058105,3.5675580501556396,-0.3740580677986145,-0.13098689913749695,3.6440346240997314,-0.3439647853374481,0.1551325023174286,3.6507537364959717,-0.3379461169242859,0.21235638856887817,3.652097463607788,-0.3259088099002838,0.32680416107177734,3.65478515625,-0.3948417603969574,0.27554309368133545,3.681305170059204,-0.6923599243164062,-0.39565327763557434,3.676156759262085,-0.8486292958259583,-0.38458311557769775,3.742032051086426,-0.840898871421814,-0.08833318948745728,3.783853054046631,-0.8567854762077332,0.19849222898483276,3.7667109966278076,-0.8599628210067749,0.25585731863975525,3.763282537460327,-0.8663174510002136,0.3705874979496002,3.756425619125366,-0.7991628646850586,0.31521540880203247,3.733910083770752,-0.4813905358314514,0.19586201012134552,3.651862621307373,-0.4552614390850067,0.6512899994850159,3.758423328399658,-0.37930428981781006,0.9924392104148865,3.9847910404205322,-0.3991178870201111,1.1492568254470825,3.9466028213500977,-0.6852419972419739,0.2099720686674118,3.7347378730773926,-0.6893417239189148,0.6778477430343628,3.757718801498413,-0.6548420786857605,1.0771613121032715,3.8706486225128174,-0.6922817230224609,1.212257742881775,3.788247585296631,-0.7228958010673523,-0.5146356225013733,3.5569136142730713,-0.7391896843910217,-0.5624600052833557,3.544107437133789,-0.7081255912780762,-0.6139935255050659,3.5485384464263916,-0.608482301235199,-0.6369872093200684,3.6052098274230957,-0.7606305480003357,-0.6048723459243774,3.58128023147583,-0.7572464346885681,-0.6111437082290649,3.6979777812957764,-0.34738072752952576,1.0538830757141113,4.072976112365723,-0.6308623552322388,1.1652337312698364,3.9357588291168213
-0.5899661779403687,0.20110449194908142,3.6563520431518555,-0.609393298625946,0.0008936077356338501,3.645036220550537,-0.6292822957038879,-0.1992800384759903,3.6338651180267334,-0.6491718292236328,-0.3994596600532532,3.6226937770843506,-0.5985265970230103,-0.40442079305648804,3.6016762256622314,-0.4420638084411621,-0.4163613021373749,3.5370705127716064,-0.3793357014656067,-0.13406997919082642,3.610323429107666,-0.3479246497154236,0.15103992819786072,3.611424446105957,-0.34164243936538696,0.20806190371513367,3.611644744873047,-0.3290780186653137,0.32210585474967957,3.6120851039886475,-0.398102343082428,0.2718901038169861,3.6393635272979736,-0.7000333070755005,-0.3966742753982544,3.643589735031128,-0.8564960956573486,-0.38473376631736755,3.708195447921753,-0.8484863638877869,-0.08893886208534241,3.746016025543213,-0.8634623885154724,0.19681957364082336,3.7261836528778076,-0.8664575815200806,0.25397127866744995,3.722217082977295,-0.8724479675292969,0.36827465891838074,3.7142841815948486,-0.8056171536445618,0.31268325448036194,3.692528247833252,-0.48798495531082153,0.193524569272995,3.6153810024261475,-0.4770389795303345,0.656080961227417,3.6886653900146484,-0.4091200828552246,1.0084956884384155,3.899811267852783,-0.43217775225639343,1.1629987955093384,3.854651927947998,-0.6919474005699158,0.20868441462516785,3.6973230838775635,-0.6837434768676758,0.675177812576294,3.7393410205841064,-0.6377301216125488,1.0667526721954346,3.8732945919036865,-0.6701951026916504,1.207085132598877,3.7978289127349854,-0.7308855056762695,-0.5164684653282166,3.5257110595703125,-0.7474937438964844,-0.5643126368522644,3.513394832611084,-0.7168712615966797,-0.6160345077514648,3.5186233520507812,-0.6177299618721008,-0.6391327381134033,3.5761232376098633,-0.7694790363311768,-0.6060963869094849,3.5509581565856934,-0.7667852640151978,-0.6109746694564819,3.667738914489746,-0.3787945508956909,1.0744662284851074,3.985246419906616,-0.6115706562995911,1.1505001783370972,3.943100929260254
-0.5965927839279175,0.19978371262550354,3.620563507080078,-0.6159955859184265,-0.00029096007347106934,3.6110005378723145,-0.6358405351638794,-0.2003263533115387,3.601522922515869,-0.65568608045578,-0.40036773681640625,3.5920450687408447,-0.6050165295600891,-0.40551167726516724,3.5712954998016357,-0.4486132860183716,-0.41800740361213684,3.5075416564941406,-0.38467517495155334,-0.1360851526260376,3.5765109062194824,-0.3530973494052887,0.14786991477012634,3.570697069168091,-0.34678179025650024,0.20466092228889465,3.5695343017578125,-0.33415067195892334,0.3182429373264313,3.567208766937256,-0.40295663475990295,0.2689591348171234,3.595616579055786,-0.7065713405609131,-0.3973979949951172,3.612691879272461,-0.8629745841026306,-0.3849022686481476,3.676445722579956,-0.8570454120635986,-0.08992761373519897,3.712219715118408,-0.873278021812439,0.19465142488479614,3.691904067993164,-0.8765245676040649,0.2515672445297241,3.6878409385681152,-0.8830175995826721,0.3653988540172577,3.6797146797180176,-0.8161236047744751,0.3102943003177643,3.658294200897217,-0.494676411151886,0.19185100495815277,3.5797462463378906,-0.4973191022872925,0.658571720123291,3.6199569702148438,-0.43828651309013367,1.0250804424285889,3.8085856437683105,-0.4654370844364166,1.1758272647857666,3.753988027572632,-0.698509156703949,0.2077164202928543,3.6613807678222656,-0.6809947490692139,0.672497570514679,3.7172725200653076,-0.6257129907608032,1.0568293333053589,3.867696523666382,-0.654321014881134,1.2009780406951904,3.7980878353118896,-0.7388811111450195,-0.5169802904129028,3.4958598613739014,-0.7560310959815979,-0.5647035241127014,3.4838287830352783,-0.725954532623291,-0.6167222857475281,3.489250421524048,-0.6269330382347107,-0.6405901908874512,3.546633243560791,-0.7783726453781128,-0.6060545444488525,3.521656036376953,-0.7754510641098022,-0.6103649735450745,3.63844895362854,-0.40955880284309387,1.097001075744629,3.8896610736846924,-0.5977497100830078,1.1368904113769531,3.9410407543182373
-0.6041042804718018,0.20010128617286682,3.5856404304504395,-0.6233407855033875,0.00013934075832366943,3.577732563018799,-0.642937958240509,-0.1997881382703781,3.5698392391204834,-0.6625357270240784,-0.399721622467041,3.561945676803589,-0.611876368522644,-0.40497255325317383,3.5413432121276855,-0.455726683139801,-0.417781800031662,3.47810435295105,-0.3908078670501709,-0.13621723651885986,3.542546510696411,-0.3591022789478302,0.14640456438064575,3.5301706790924072,-0.3527611494064331,0.20292893052101135,3.527695417404175,-0.3400789201259613,0.31597766280174255,3.522745132446289,-0.4086388051509857,0.2676161229610443,3.5522336959838867,-0.7134080529212952,-0.3966436982154846,3.5824623107910156,-0.8695577383041382,-0.38383445143699646,3.6457011699676514,-0.8658531904220581,-0.0899931788444519,3.6816093921661377,-0.883259117603302,0.19356390833854675,3.6635568141937256,-0.8867403268814087,0.25027531385421753,3.6599462032318115,-0.8937026858329773,0.36369815468788147,3.6527252197265625,-0.8267823457717896,0.3092730939388275,3.6310813426971436,-0.5023528933525085,0.19193144142627716,3.544708013534546,-0.5153415203094482,0.6601130366325378,3.5543603897094727,-0.4645021855831146,1.0401957035064697,3.716686487197876,-0.4954981505870819,1.1860761642456055,3.651869535446167,-0.705855667591095,0.20827113091945648,3.626572847366333,-0.6809593439102173,0.6715139150619507,3.691704750061035,-0.617605984210968,1.0493550300598145,3.8548600673675537,-0.64312344789505,1.1963222026824951,3.790109872817993,-0.7473205924034119,-0.5157150626182556,3.466407537460327,-0.7649573683738708,-0.5633003115653992,3.454538345336914,-0.7353029251098633,-0.6155718564987183,3.459841728210449,-0.6361497640609741,-0.6402342319488525,3.5166544914245605,-0.7874287366867065,-0.6044103503227234,3.492549419403076,-0.7838394045829773,-0.6086100339889526,3.609325885772705,-0.43722376227378845,1.1182631254196167,3.79240083694458,-0.5879823565483093,1.1263129711151123,3.93082857131958
-0.6116786599159241,0.20290914177894592,3.5510776042938232,-0.6304144859313965,0.0030115246772766113,3.5445778369903564,-0.6494275331497192,-0.1968579739332199,3.5380187034606934,-0.668441116809845,-0.39673346281051636,3.531459331512451,-0.6177807450294495,-0.40197762846946716,3.5109760761260986,-0.4619320034980774,-0.41474294662475586,3.448199510574341,-0.3959265351295471,-0.13395428657531738,3.5094552040100098,-0.36332687735557556,0.14723658561706543,3.4933218955993652,-0.3568069338798523,0.203474760055542,3.4900951385498047,-0.34376707673072815,0.3159511089324951,3.4836418628692627,-0.4122316241264343,0.2684311866760254,3.513652801513672,-0.7193081974983215,-0.3936616778373718,3.5518715381622314,-0.8751569390296936,-0.38089635968208313,3.6146481037139893,-0.875167727470398,-0.08852943778038025,3.6530256271362305,-0.8947985172271729,0.19404146075248718,3.640390157699585,-0.8987246751785278,0.2505556344985962,3.6378631591796875,-0.9065769910812378,0.3635839819908142,3.6328089237213135,-0.8394252061843872,0.31034672260284424,3.610389471054077,-0.5100813508033752,0.19472187757492065,3.5100150108337402,-0.531213104724884,0.6623647212982178,3.4919626712799072,-0.48839905858039856,1.0541653633117676,3.6263558864593506,-0.522883415222168,1.194291353225708,3.5513932704925537,-0.7132759690284729,0.2110964059829712,3.5921401977539062,-0.6830352544784546,0.6732083559036255,3.6628530025482178,-0.6131254434585571,1.045593023300171,3.835608720779419,-0.6362889409065247,1.1945953369140625,3.77473521232605,-0.7545099258422852,-0.512192964553833,3.436429738998413,-0.7724925875663757,-0.5596707463264465,3.424654006958008,-0.7430988550186157,-0.6121102571487427,3.4297327995300293,-0.6437121629714966,-0.6373610496520996,3.485870361328125,-0.7949411273002625,-0.6006739139556885,3.462791681289673,-0.7905986309051514,-0.6049582362174988,3.5795373916625977,-0.4626329243183136,1.1380568742752075,3.696141242980957,-0.5821009874343872,1.120053768157959,3.913485288619995
-0.6195321083068848,0.2065596878528595,3.518716335296631,-0.6376157402992249,0.006701365113258362,3.513575792312622,-0.6558804512023926,-0.19313660264015198,3.5082855224609375,-0.6741456985473633,-0.39298051595687866,3.502995252609253,-0.6234846115112305,-0.39816680550575256,3.482600212097168,-0.4680195748806,-0.4107246994972229,3.420224189758301,-0.4001584053039551,-0.13131433725357056,3.480374336242676,-0.36535197496414185,0.14850831031799316,3.4639170169830322,-0.3583906888961792,0.2044728398323059,3.460625648498535,-0.3444681167602539,0.3164018988609314,3.454042673110962,-0.41307422518730164,0.2696725130081177,3.4839823246002197,-0.7250053882598877,-0.38996633887290955,3.5233325958251953,-0.8804703950881958,-0.3774084448814392,3.5857086181640625,-0.8868441581726074,-0.08686789870262146,3.628591299057007,-0.9108567237854004,0.19453567266464233,3.6242918968200684,-0.9156592488288879,0.25081637501716614,3.623431921005249,-0.925264298915863,0.36337780952453613,3.6217122077941895,-0.8574602603912354,0.3120984733104706,3.598050832748413,-0.5180482864379883,0.19843468070030212,3.4776041507720947,-0.544927716255188,0.664286732673645,3.4358131885528564,-0.5093958973884583,1.0649909973144531,3.5434956550598145,-0.5465803742408752,1.199097752571106,3.459355592727661,-0.7210159301757812,0.21468469500541687,3.559828519821167,-0.6875246167182922,0.6766647696495056,3.630112886428833,-0.61317378282547,1.0465317964553833,3.8064427375793457,-0.634829580783844,1.196390151977539,3.747110366821289,-0.761358380317688,-0.5081048607826233,3.4086174964904785,-0.7795910239219666,-0.5555155277252197,3.3969662189483643,-0.7503305673599243,-0.6080513596534729,3.4017810821533203,-0.6505787968635559,-0.6336548328399658,3.45709490776062,-0.8018625974655151,-0.5964622497558594,3.4352641105651855,-0.7965862154960632,-0.6008189916610718,3.5519635677337646,-0.4851571321487427,1.153856873512268,3.607436418533325,-0.5811715722084045,1.1198680400848389,3.8849968910217285
-0.6272642016410828,0.21070703864097595,3.4868483543395996,-0.6446050405502319,0.010880470275878906,3.483250856399536,-0.6620042324066162,-0.1889360100030899,3.4793848991394043,-0.6794039607048035,-0.38875845074653625,3.4755189418792725,-0.6287311911582947,-0.3938728868961334,3.455230951309204,-0.4736686646938324,-0.40617743134498596,3.3933281898498535,-0.4030438959598541,-0.12875959277153015,3.454092502593994,-0.36463695764541626,0.14964431524276733,3.4400954246520996,-0.35695555806159973,0.20532509684562683,3.437295913696289,-0.34159278869628906,0.3166866600513458,3.431697130203247,-0.41059109568595886,0.27079978585243225,3.461049795150757,-0.7302658557891846,-0.38581588864326477,3.49576473236084,-0.8853284120559692,-0.37351134419441223,3.5576674938201904,-0.9004641771316528,-0.08523967862129211,3.6057422161102295,-0.9311712980270386,0.1944299042224884,3.610405206680298,-0.9373127222061157,0.250363826751709,3.611337900161743,-0.94959557056427,0.36223167181015015,3.6132030487060547,-0.8807291984558105,0.31358399987220764,3.5883278846740723,-0.5258163809776306,0.202641099691391,3.445875644683838,-0.5572724938392639,0.6658868193626404,3.383355140686035,-0.529052197933197,1.073257565498352,3.4650912284851074,-0.5685229897499084,1.2009996175765991,3.372507095336914,-0.7287120223045349,0.2187729775905609,3.5278210639953613,-0.691835343837738,0.6816704869270325,3.5899574756622314,-0.6137654781341553,1.053139090538025,3.7612593173980713,-0.6343071460723877,1.202401041984558,3.7000491619110107,-0.7670098543167114,-0.5040919780731201,3.3817784786224365,-0.7852411866188049,-0.551537811756134,3.3702809810638428,-0.7558754086494446,-0.604023277759552,3.3749656677246094,-0.6557580828666687,-0.6294273138046265,3.4296958446502686,-0.8072187900543213,-0.5924806594848633,3.408747673034668,-0.8012308478355408,-0.5967232584953308,3.5254111289978027,-0.5064885020256042,1.1664670705795288,3.523197889328003,-0.580894947052002,1.1272079944610596,3.8387632369995117
-0.6342012286186218,0.21658238768577576,3.455707550048828,-0.6506916880607605,0.01681096851825714,3.4537746906280518,-0.6671880483627319,-0.18295599520206451,3.4514667987823486,-0.6836849451065063,-0.3827289342880249,3.4491586685180664,-0.632993757724762,-0.38777536153793335,3.4290106296539307,-0.4783143997192383,-0.3998398780822754,3.3676774501800537,-0.4052513539791107,-0.12446966767311096,3.4300475120544434,-0.36296018958091736,0.15259301662445068,3.4206831455230713,-0.35450196266174316,0.20800554752349854,3.4188103675842285,-0.3375854790210724,0.31883060932159424,3.415064573287964,-0.40709206461906433,0.2736298441886902,3.443366289138794,-0.7345553636550903,-0.37985384464263916,3.4692816734313965,-0.889234721660614,-0.3677893280982971,3.5306148529052734,-0.9151648879051208,-0.08249226212501526,3.5852973461151123,-0.9545700550079346,0.1947493553161621,3.6002726554870605,-0.9624511003494263,0.2501976788043976,3.6032676696777344,-0.9782131910324097,0.36109432578086853,3.609257936477661,-0.907974898815155,0.3157629370689392,3.5830488204956055,-0.5327277183532715,0.20859967172145844,3.4150280952453613,-0.5695085525512695,0.6686409115791321,3.3343515396118164,-0.5505145788192749,1.080932855606079,3.3899056911468506,-0.5924636125564575,1.2015905380249023,3.2892560958862305,-0.7356747388839722,0.22456510365009308,3.496387004852295,-0.6956580877304077,0.6890867352485657,3.5424067974090576,-0.6154237389564514,1.0666314363479614,3.6987850666046143,-0.6354634165763855,1.2134708166122437,3.631815195083618,-0.7709862589836121,-0.4987124800682068,3.3559484481811523,-0.7890300154685974,-0.5462700724601746,3.3446261882781982,-0.7594185471534729,-0.5986079573631287,3.3493881225585938,-0.659063994884491,-0.6234079003334045,3.403952121734619,-0.8107326626777649,-0.5872021913528442,3.3832569122314453,-0.8044539093971252,-0.5910916328430176,3.499913454055786,-0.5302002429962158,1.1781442165374756,3.4419736862182617,-0.5819990634918213,1.1435332298278809,3.7732343673706055
-0.6403154134750366,0.22364944219589233,3.425806999206543,-0.6559677124023438,0.02393178641796112,3.4258551597595215,-0.6716171503067017,-0.17578564584255219,3.4254331588745117,-0.6872670650482178,-0.3755090832710266,3.425011157989502,-0.6365732550621033,-0.38053098320961,3.4049606323242188,-0.4823727011680603,-0.3924851715564728,3.3440802097320557,-0.40741121768951416,-0.11908909678459167,3.4086387157440186,-0.3612162172794342,0.15661537647247314,3.4057974815368652,-0.35197722911834717,0.21175625920295715,3.405229330062866,-0.3334992229938507,0.32203805446624756,3.404092788696289,-0.40356260538101196,0.27735966444015503,3.4309794902801514,-0.738131046295166,-0.3726578652858734,3.445056915283203,-0.892331600189209,-0.3607036769390106,3.505937337875366,-0.9309890866279602,-0.07853752374649048,3.564420700073242,-0.9820170998573303,0.19559958577156067,3.5844202041625977,-0.9922227263450623,0.2504270076751709,3.5884201526641846,-1.0126339197158813,0.36008185148239136,3.5964200496673584,-0.9406399726867676,0.318404883146286,3.569814682006836,-0.538817822933197,0.21568512916564941,3.3854262828826904,-0.5817509889602661,0.6718134880065918,3.287457227706909,-0.5737299919128418,1.0873066186904907,3.314452886581421,-0.6186128258705139,1.1995891332626343,3.2057058811187744,-0.7418130040168762,0.23161375522613525,3.4661877155303955,-0.6980265378952026,0.6975335478782654,3.488454818725586,-0.616342306137085,1.0842053890228271,3.6197566986083984,-0.6363511085510254,1.2264513969421387,3.543510913848877,-0.7747008800506592,-0.4920964241027832,3.332669258117676,-0.7926624417304993,-0.5397501587867737,3.3216135501861572,-0.7628721594810486,-0.5919853448867798,3.326418399810791,-0.6621660590171814,-0.6162906885147095,3.380566120147705,-0.8140496611595154,-0.5806039571762085,3.360506057739258,-0.8071690201759338,-0.5840433239936829,3.4771475791931152,-0.5560953617095947,1.188376784324646,3.3597004413604736,-0.5824446082115173,1.1656806468963623,3.688939332962036
-0.654105544090271,0.2377369999885559,3.373112440109253,-0.6688249111175537,0.03816540539264679,3.376147508621216,-0.6835433840751648,-0.1614132523536682,3.3786814212799072,-0.6982623338699341,-0.36099785566329956,3.3812153339385986,-0.64772629737854,-0.3660731017589569,3.3609256744384766,-0.49483445286750793,-0.37812718749046326,3.2995965480804443,-0.4166047275066376,-0.10754713416099548,3.369396448135376,-0.362485408782959,0.16580337285995483,3.3836543560028076,-0.3516615331172943,0.22047346830368042,3.3865058422088623,-0.33001381158828735,0.3298136591911316,3.392209053039551,-0.4012998342514038,0.2857176661491394,3.4161312580108643,-0.7489583492279053,-0.35809192061424255,3.4015326499938965,-0.9018502235412598,-0.3460378348827362,3.4628617763519287,-0.9678182005882263,-0.07031562924385071,3.524756669998169,-1.047866702079773,0.1964721977710724,3.5411641597747803,-1.0638763904571533,0.24982976913452148,3.544445753097534,-1.095895767211914,0.3565449118614197,3.551008701324463,-1.019832968711853,0.32258355617523193,3.5253281593322754,-0.5530141592025757,0.22966016829013824,3.3322882652282715,-0.6047263145446777,0.6760575175285339,3.200528621673584,-0.6218758821487427,1.0891444683074951,3.1521201133728027,-0.6740192174911499,1.1770330667495728,3.0257017612457275,-0.7551969289779663,0.24581383168697357,3.4139366149902344,-0.6984363198280334,0.7103735208511353,3.397568941116333,-0.6059541702270508,1.104949712753296,3.492621660232544,-0.6234648823738098,1.2401649951934814,3.4041054248809814,-0.7886067628860474,-0.4770435094833374,3.2904133796691895,-0.8070911169052124,-0.5246580839157104,3.27960205078125,-0.7773923873901367,-0.5771473050117493,3.2835144996643066,-0.6753514409065247,-0.6021733283996582,3.3352441787719727,-0.8277767300605774,-0.5656272768974304,3.318922281265259,-0.8181071281433105,-0.5695332884788513,3.4355664253234863,-0.6102113127708435,1.197543978691101,3.1781234741210938,-0.5692898631095886,1.1914033889770508,3.5538113117218018
-0.6625984311103821,0.24639892578125,3.350454330444336,-0.6765610575675964,0.04688900709152222,3.3551456928253174,-0.6904439330101013,-0.15263736248016357,3.3593497276306152,-0.7043272256851196,-0.3521696925163269,3.363553762435913,-0.6539803743362427,-0.35719913244247437,3.342848300933838,-0.5019606947898865,-0.36909329891204834,3.2803537845611572,-0.4226376414299011,-0.09969884157180786,3.3532485961914062,-0.3643600046634674,0.1719253659248352,3.3787906169891357,-0.3527044653892517,0.22625020146369934,3.383898973464966,-0.3293934166431427,0.33489990234375,3.394115686416626,-0.40131282806396484,0.2909403443336487,3.4162790775299072,-0.7548249959945679,-0.34930896759033203,3.384305000305176,-0.9068446755409241,-0.33741480112075806,3.4467995166778564,-0.9900034666061401,-0.066668301820755,3.5097291469573975,-1.0892846584320068,0.19379499554634094,3.5211524963378906,-1.1091408729553223,0.2458876520395279,3.523437261581421,-1.1488534212112427,0.350072979927063,3.5280065536499023,-1.070561408996582,0.3212604522705078,3.5027823448181152,-0.5618967413902283,0.23837460577487946,3.3089170455932617,-0.6172771453857422,0.6798403263092041,3.163391351699829,-0.6492181420326233,1.0849206447601318,3.0737550258636475,-0.7056063413619995,1.1577048301696777,2.939861536026001,-0.7633001208305359,0.25442323088645935,3.39199161529541,-0.6930974721908569,0.7160415649414062,3.3585739135742188,-0.5871101021766663,1.109589695930481,3.4424283504486084,-0.6006709337234497,1.242836594581604,3.3504176139831543,-0.7961216568946838,-0.4679202437400818,3.27353835105896,-0.8147894144058228,-0.5155290365219116,3.262791156768799,-0.7850159406661987,-0.5680837631225586,3.2660346031188965,-0.6821220517158508,-0.5933623909950256,3.31616473197937,-0.8349065780639648,-0.5567023158073425,3.3022758960723877,-0.8234786987304688,-0.5611149668693542,3.4188482761383057,-0.6410690546035767,1.1956861019134521,3.0885074138641357,-0.5472607016563416,1.1963567733764648,3.5010502338409424
-0.6737833023071289,0.25359204411506653,3.3402600288391113,-0.6870052218437195,0.0540999174118042,3.3466694355010986,-0.700090765953064,-0.14541630446910858,3.3525900840759277,-0.7131767272949219,-0.3449384868144989,3.358510732650757,-0.6630473136901855,-0.3499458432197571,3.3372933864593506,-0.5118377804756165,-0.36176249384880066,3.273287057876587,-0.4300420880317688,-0.09344673156738281,3.3468220233917236,-0.3669128119945526,0.1761351227760315,3.379798173904419,-0.35428696870803833,0.23005148768424988,3.3863935470581055,-0.3290352523326874,0.33788424730300903,3.3995840549468994,-0.4015556871891022,0.29458123445510864,3.4208855628967285,-0.7634482979774475,-0.34209972620010376,3.3797926902770996,-0.9146578311920166,-0.3302830755710602,3.4437990188598633,-1.0137383937835693,-0.0658394992351532,3.50970721244812,-1.1301164627075195,0.1872972846031189,3.5208892822265625,-1.1533920764923096,0.23792465031147003,3.523125648498535,-1.1999433040618896,0.3391793668270111,3.5275983810424805,-1.120123267173767,0.31558412313461304,3.5019049644470215,-0.5735622644424438,0.24558468163013458,3.297776699066162,-0.6323152780532837,0.6822792291641235,3.1399433612823486,-0.6771748065948486,1.0768535137176514,3.015897035598755,-0.7372075915336609,1.1360327005386353,2.8770089149475098,-0.774004340171814,0.2615993916988373,3.3827433586120605,-0.6875441670417786,0.7192772626876831,3.3366894721984863,-0.5642638206481934,1.1085460186004639,3.4164421558380127,-0.5725311040878296,1.2414093017578125,3.3233022689819336,-0.8062574863433838,-0.46066850423812866,3.2694718837738037,-0.8250772356987,-0.5083097219467163,3.258887767791748,-0.7952201962471008,-0.5609130263328552,3.2616333961486816,-0.6915422677993774,-0.5862761735916138,3.310352087020874,-0.8446604013442993,-0.5495976209640503,3.2986104488372803,-0.8316229581832886,-0.5542157888412476,3.4151206016540527,-0.6721170544624329,1.1886519193649292,3.0208444595336914,-0.5204145908355713,1.194014549255371,3.4740729331970215
-0.6823664903640747,0.261067271232605,3.3183767795562744,-0.6947019100189209,0.06155321002006531,3.3255066871643066,-0.7070384621620178,-0.13797231018543243,3.332306146621704,-0.7193753719329834,-0.3375037908554077,3.3391058444976807,-0.6694160103797913,-0.3424195647239685,3.317477226257324,-0.5187947750091553,-0.35395532846450806,3.252246141433716,-0.4358292520046234,-0.08683109283447266,3.3281054496765137,-0.3693927526473999,0.18067440390586853,3.369136095046997,-0.3561054468154907,0.23417550325393677,3.3773422241210938,-0.32953083515167236,0.34117770195007324,3.393754482269287,-0.40245288610458374,0.29812872409820557,3.41396427154541,-0.7694689035415649,-0.3347567319869995,3.3608081340789795,-0.9200900793075562,-0.32322096824645996,3.426039218902588,-1.0330071449279785,-0.06501048803329468,3.4936437606811523,-1.164562463760376,0.18048827350139618,3.502591848373413,-1.1908735036849976,0.22958803176879883,3.5043814182281494,-1.2434955835342407,0.32778751850128174,3.507960796356201,-1.1624994277954102,0.3088635802268982,3.482255220413208,-0.5825046896934509,0.25334885716438293,3.275165557861328,-0.6430549025535583,0.6866676211357117,3.1092350482940674,-0.6972020268440247,1.0715267658233643,2.9610445499420166,-0.7595390677452087,1.1205589771270752,2.819291830062866,-0.7822282910346985,0.268785685300827,3.3615880012512207,-0.6817941069602966,0.7235063314437866,3.3156917095184326,-0.5418360829353333,1.1039659976959229,3.408810615539551,-0.5436601638793945,1.2400299310684204,3.3201138973236084,-0.81363844871521,-0.45303279161453247,3.2506515979766846,-0.832626461982727,-0.5006861090660095,3.2401154041290283,-0.8027341961860657,-0.5533761978149414,3.242353916168213,-0.6983998417854309,-0.5789817571640015,3.289865255355835,-0.8518028855323792,-0.5421414971351624,3.2799715995788574,-0.8374279737472534,-0.5471501350402832,3.3964486122131348,-0.6944720149040222,1.1834690570831299,2.9588985443115234,-0.4945753812789917,1.1854312419891357,3.4694159030914307
-0.693916380405426,0.26686322689056396,3.3097617626190186,-0.7053093314170837,0.06737709045410156,3.3174097537994385,-0.7168807983398438,-0.13210515677928925,3.32489013671875,-0.7284525632858276,-0.33159339427948,3.3323707580566406,-0.6786037087440491,-0.3363940715789795,3.310507297515869,-0.5283128619194031,-0.3475853502750397,3.244551181793213,-0.44437724351882935,-0.08096504211425781,3.3207454681396484,-0.37551671266555786,0.18515193462371826,3.3659627437591553,-0.36174461245536804,0.23837533593177795,3.3750061988830566,-0.3342004120349884,0.34482213854789734,3.3930931091308594,-0.4074115455150604,0.30209314823150635,3.4128053188323975,-0.778427243232727,-0.3289608359336853,3.3543155193328857,-0.928718090057373,-0.3177695572376251,3.420271635055542,-1.0535885095596313,-0.06463706493377686,3.485605239868164,-1.198732614517212,0.17313408851623535,3.48724627494812,-1.2277613878250122,0.22068831324577332,3.487574577331543,-1.2858190536499023,0.31579679250717163,3.4882309436798096,-1.2038350105285645,0.30073878169059753,3.463209390640259,-0.594216525554657,0.2594999074935913,3.266220808029175,-0.6568331718444824,0.6918009519577026,3.098433256149292,-0.7179995775222778,1.07047700881958,2.9376018047332764,-0.7818017601966858,1.1136536598205566,2.794604778289795,-0.7936162352561951,0.2742265462875366,3.3533027172088623,-0.6814451217651367,0.7263858318328857,3.309401750564575,-0.5269378423690796,1.0965534448623657,3.419433832168579,-0.5221566557884216,1.236078143119812,3.336409330368042,-0.8236218094825745,-0.44720637798309326,3.244486093521118,-0.8427358269691467,-0.4949192404747009,3.234055519104004,-0.8127910494804382,-0.5476961731910706,3.2360029220581055,-0.7079082727432251,-0.5733988285064697,3.282684564590454,-0.8616130352020264,-0.5364658832550049,3.2740981578826904,-0.8462371230125427,-0.5415797829627991,3.3906211853027344,-0.7171210050582886,1.1823101043701172,2.931656837463379,-0.47702914476394653,1.1734343767166138,3.483786106109619
-0.703251838684082,0.27241355180740356,3.2827112674713135,-0.7140313982963562,0.07296673953533173,3.2907657623291016,-0.7251834273338318,-0.12645912170410156,3.2988317012786865,-0.736335813999176,-0.3258909583091736,3.3068978786468506,-0.6865857839584351,-0.3306540846824646,3.2848408222198486,-0.5366247892379761,-0.34173110127449036,3.218303918838501,-0.4519882798194885,-0.07531708478927612,3.294548511505127,-0.38129502534866333,0.1898168921470642,3.3427743911743164,-0.36715638637542725,0.24284368753433228,3.35241961479187,-0.3388790786266327,0.3488972783088684,3.3717098236083984,-0.4123230576515198,0.3064025938510895,3.3910961151123047,-0.7862070202827454,-0.3232954144477844,3.3290421962738037,-0.9361680150032043,-0.31221839785575867,3.3955790996551514,-1.070215106010437,-0.06277322769165039,3.4569101333618164,-1.2271299362182617,0.16725535690784454,3.4477524757385254,-1.2585129737854004,0.21326106786727905,3.445920944213867,-1.3212789297103882,0.30527251958847046,3.442257881164551,-1.2385379076004028,0.2932646870613098,3.418062925338745,-0.6036666631698608,0.2652634382247925,3.238936424255371,-0.6655551791191101,0.6990488767623901,3.0747523307800293,-0.7284342050552368,1.0767041444778442,2.912193536758423,-0.7927388548851013,1.11894690990448,2.7691433429718018,-0.8028370141983032,0.27956366539001465,3.326486110687256,-0.6850485801696777,0.7308923006057739,3.289273500442505,-0.5205174684524536,1.0870251655578613,3.4274816513061523,-0.5089848637580872,1.2315562963485718,3.3542652130126953,-0.8315873146057129,-0.44259434938430786,3.219878911972046,-0.8505967855453491,-0.4905316233634949,3.2097771167755127,-0.8203856348991394,-0.5432854890823364,3.211916208267212,-0.7150223851203918,-0.5683709383010864,3.258429765701294,-0.8691980242729187,-0.5319984555244446,3.250209331512451,-0.8533241748809814,-0.5363909006118774,3.366926670074463,-0.7279589772224426,1.1885082721710205,2.9056906700134277,-0.46951794624328613,1.1575591564178467,3.4979565143585205
-0.7116656303405762,0.27531564235687256,3.2543869018554688,-0.722328782081604,0.07590712606906891,3.262162685394287,-0.7336233258247375,-0.12345759570598602,3.2701666355133057,-0.7449182271957397,-0.3228282928466797,3.2781708240509033,-0.6952775716781616,-0.32762283086776733,3.2559127807617188,-0.545685887336731,-0.3387923538684845,3.1887903213500977,-0.46114104986190796,-0.07255509495735168,3.2666189670562744,-0.3895167112350464,0.1917775571346283,3.3189806938171387,-0.3751918375492096,0.24464409053325653,3.3294529914855957,-0.346542090177536,0.3503771424293518,3.3503975868225098,-0.4201452136039734,0.3077673316001892,3.369232654571533,-0.7946816682815552,-0.320200651884079,3.300515651702881,-0.9442733526229858,-0.3090311288833618,3.367638111114502,-1.0844517946243286,-0.061294957995414734,3.4229934215545654,-1.25081205368042,0.16121377050876617,3.3993780612945557,-1.2840840816497803,0.20571552217006683,3.3946549892425537,-1.350628137588501,0.29471901059150696,3.38520884513855,-1.2671878337860107,0.2847885489463806,3.362255334854126,-0.6121759414672852,0.26828041672706604,3.210402727127075,-0.6722632646560669,0.7068911790847778,3.0588605403900146,-0.7337386012077332,1.0892467498779297,2.907115936279297,-0.7982493042945862,1.1357874870300293,2.765500068664551,-0.8111553192138672,0.2823508679866791,3.2983710765838623,-0.6957937479019165,0.7350297570228577,3.2713820934295654,-0.5285385847091675,1.076898455619812,3.4391703605651855,-0.5130687952041626,1.2262479066848755,3.3772175312042236,-0.8408832550048828,-0.4399450421333313,3.191742181777954,-0.8599925637245178,-0.4880043566226959,3.1818199157714844,-0.829704225063324,-0.5408682823181152,3.183885335922241,-0.7238430380821228,-0.5659218430519104,3.2299282550811768,-0.8783968091011047,-0.5294846892356873,3.222525119781494,-0.8618053197860718,-0.5336683988571167,3.339407205581665,-0.7327268123626709,1.2011849880218506,2.9037396907806396,-0.477943480014801,1.1410715579986572,3.5157506465911865
-0.7192697525024414,0.27616655826568604,3.2190656661987305,-0.7296210527420044,0.07678955793380737,3.2265968322753906,-0.7409577369689941,-0.12251853942871094,3.2345218658447266,-0.7522947788238525,-0.3218326270580292,3.2424471378326416,-0.7027641534805298,-0.32663148641586304,3.219984292984009,-0.5535424947738647,-0.33781200647354126,3.152264356613159,-0.4710580110549927,-0.07181251049041748,3.2351365089416504,-0.3996841311454773,0.19124209880828857,3.296502113342285,-0.3854093551635742,0.24385301768779755,3.3087751865386963,-0.35685980319976807,0.3490748703479767,3.3333215713500977,-0.43064451217651367,0.3057347536087036,3.350522756576538,-0.801948606967926,-0.3192000389099121,3.264996290206909,-0.9511702656745911,-0.3080195188522339,3.332716226577759,-1.0945217609405518,-0.0595870316028595,3.3791797161102295,-1.2676019668579102,0.15571284294128418,3.337383508682251,-1.302217960357666,0.19877281785011292,3.329024314880371,-1.3714500665664673,0.2848927676677704,3.3123059272766113,-1.2872416973114014,0.2759696841239929,3.2911458015441895,-0.6198499798774719,0.2693363428115845,3.1748945713043213,-0.68082195520401,0.7132409811019897,3.0400450229644775,-0.7403340935707092,1.1034516096115112,2.908918619155884,-0.8051896095275879,1.157808780670166,2.7702765464782715,-0.8186895251274109,0.2829967737197876,3.2632367610931396,-0.7138674855232239,0.738584578037262,3.243102550506592,-0.5494533777236938,1.0679982900619507,3.4366350173950195,-0.5331348180770874,1.2212600708007812,3.3853800296783447,-0.8492844104766846,-0.4386824071407318,3.1561293601989746,-0.868584930896759,-0.4867633581161499,3.146148681640625,-0.8383134603500366,-0.5397858023643494,3.14778995513916,-0.731951117515564,-0.5652384161949158,3.193030595779419,-0.8867891430854797,-0.5284473896026611,3.1869099140167236,-0.8692988157272339,-0.5331130623817444,3.303870677947998,-0.738552987575531,1.2154027223587036,2.911423921585083,-0.5000882148742676,1.1267156600952148,3.518230676651001
-0.7406089901924133,0.2738032042980194,3.186683177947998,-0.7505580186843872,0.07447069883346558,3.194519519805908,-0.7618123292922974,-0.12476810812950134,3.202950954437256,-0.7730669379234314,-0.3240128755569458,3.2113826274871826,-0.7234205603599548,-0.32884329557418823,3.1892192363739014,-0.5737313032150269,-0.34012898802757263,3.1223385334014893,-0.49555057287216187,-0.07180619239807129,3.213449716567993,-0.4237239360809326,0.18972167372703552,3.293045997619629,-0.4093586206436157,0.24202725291252136,3.3089652061462402,-0.38062795996665955,0.34663838148117065,3.340803623199463,-0.4558481276035309,0.3022472858428955,3.353794813156128,-0.8228356838226318,-0.3213479816913605,3.233637571334839,-0.9725249409675598,-0.3100622892379761,3.300518274307251,-1.1118252277374268,-0.051648616790771484,3.3156309127807617,-1.2865418195724487,0.1521993726491928,3.227247714996338,-1.321485161781311,0.1929689645767212,3.209571123123169,-1.3913718461990356,0.27450817823410034,3.174217939376831,-1.3051567077636719,0.2633151412010193,3.1587557792663574,-0.640846312046051,0.2671261429786682,3.143498420715332,-0.7029663920402527,0.7244288325309753,3.0556411743164062,-0.7546050548553467,1.1328202486038208,2.985405921936035,-0.8183872699737549,1.2092961072921753,2.8562676906585693,-0.8403716683387756,0.2804802656173706,3.229867935180664,-0.7670889496803284,0.7444665431976318,3.222801446914673,-0.6185960173606873,1.0554490089416504,3.458646535873413,-0.606069028377533,1.214663028717041,3.425670862197876,-0.8722265958786011,-0.4403088092803955,3.12496280670166,-0.8919884562492371,-0.4884629249572754,3.1148030757904053,-0.8618035316467285,-0.5419138073921204,3.1156468391418457,-0.7544494867324829,-0.5683651566505432,3.159546136856079,-0.9099659323692322,-0.5305941104888916,3.1556763648986816,-0.8909095525741577,-0.536292552947998,3.272962808609009,-0.7505571842193604,1.2434587478637695,3.005040168762207,-0.5732740163803101,1.1060384511947632,3.5482535362243652
-0.7456708550453186,0.26629671454429626,3.146394729614258,-0.7558861970901489,0.0669829249382019,3.154146909713745,-0.7675043344497681,-0.1322309374809265,3.162470817565918,-0.7791228294372559,-0.33145076036453247,3.17079496383667,-0.729529082775116,-0.336361289024353,3.1485373973846436,-0.5799158811569214,-0.3478945195674896,3.0813403129577637,-0.5043904781341553,-0.07773971557617188,3.1730575561523438,-0.4346044361591339,0.1849817931652069,3.254518985748291,-0.4206472337245941,0.2375260889530182,3.2708113193511963,-0.3927328288555145,0.34261468052864075,3.303395986557007,-0.46789267659187317,0.29734188318252563,3.3160829544067383,-0.8288428783416748,-0.32870548963546753,3.193143129348755,-0.9784560799598694,-0.31717225909233093,3.2603402137756348,-1.1028695106506348,-0.04955148696899414,3.2598936557769775,-1.266538381576538,0.15528960525989532,3.1513519287109375,-1.2992721796035767,0.1962578296661377,3.129643678665161,-1.3647396564483643,0.27819424867630005,3.0862269401550293,-1.278417944908142,0.2620818018913269,3.0740387439727783,-0.6459065079689026,0.25950872898101807,3.103334903717041,-0.7074951529502869,0.721511721611023,3.0406112670898438,-0.7514746785163879,1.1359978914260864,3.0086443424224854,-0.8140782713890076,1.2253966331481934,2.8872408866882324,-0.8454352021217346,0.27308470010757446,3.1894545555114746,-0.8060253262519836,0.7417209148406982,3.1884007453918457,-0.6758376359939575,1.0489517450332642,3.4402246475219727,-0.6724658012390137,1.210235834121704,3.4152004718780518,-0.8804595470428467,-0.44595712423324585,3.083958387374878,-0.9007976055145264,-0.49387893080711365,3.0734150409698486,-0.8710376620292664,-0.5476828217506409,3.0732452869415283,-0.7632606029510498,-0.5756675004959106,3.1156318187713623,-0.918708324432373,-0.5364246368408203,3.114030361175537,-0.8983274698257446,-0.5437692403793335,3.231189727783203,-0.7452666759490967,1.244360327720642,3.038456439971924,-0.6335656642913818,1.0976006984710693,3.5325074195861816
-0.7445458769798279,0.25943925976753235,3.097541093826294,-0.7550332546234131,0.060147762298583984,3.1052982807159424,-0.7670447826385498,-0.1390320509672165,3.113687753677368,-0.7790566682815552,-0.3382178246974945,3.122077465057373,-0.7297110557556152,-0.3432411253452301,3.0993049144744873,-0.5807321071624756,-0.3551231622695923,3.030505418777466,-0.5074132680892944,-0.0824010968208313,3.11865234375,-0.4406040906906128,0.18336355686187744,3.194977045059204,-0.427242249250412,0.23651649057865143,3.2102420330047607,-0.4005185663700104,0.3428223729133606,3.240772008895874,-0.47500723600387573,0.29652875661849976,3.2551286220550537,-0.828532874584198,-0.33535945415496826,3.1449413299560547,-0.9775118231773376,-0.3234774172306061,3.213740825653076,-1.0921149253845215,-0.0508042573928833,3.207550287246704,-1.2495265007019043,0.15522338449954987,3.090528964996338,-1.2810088396072388,0.19642890989780426,3.067124605178833,-1.3439735174179077,0.27883997559547424,3.0203161239624023,-1.2578688859939575,0.2598101496696472,3.0092875957489014,-0.6452069282531738,0.2525020241737366,3.053617238998413,-0.7052074670791626,0.7168859243392944,3.0075843334198,-0.7417830228805542,1.1334800720214844,3.002849578857422,-0.8040035963058472,1.2316782474517822,2.888134241104126,-0.8438848257064819,0.2663764953613281,3.141464948654175,-0.8378636240959167,0.7368151545524597,3.1462299823760986,-0.7246049046516418,1.042073130607605,3.408719778060913,-0.7312437891960144,1.2041465044021606,3.3896920680999756,-0.8825650811195374,-0.4512656629085541,3.035515546798706,-0.9034170508384705,-0.4989875853061676,3.0247883796691895,-0.8740160465240479,-0.5530507564544678,3.023655652999878,-0.765723705291748,-0.5822375416755676,3.0642330646514893,-0.9210582971572876,-0.5418530702590942,3.0652835369110107,-0.8990100622177124,-0.550510823726654,3.1821792125701904,-0.7332346439361572,1.2396119832992554,3.0395097732543945,-0.684639036655426,1.08980131149292,3.502558946609497
-0.7408657670021057,0.25441327691078186,3.0475802421569824,-0.7520419955253601,0.05519986152648926,3.055825710296631,-0.7648000717163086,-0.14389176666736603,3.064692974090576,-0.7775585651397705,-0.34298932552337646,3.0735604763031006,-0.7286128997802734,-0.3482634127140045,3.050008535385132,-0.5806488990783691,-0.3609182834625244,2.9787654876708984,-0.5068239569664001,-0.08495113253593445,3.0572316646575928,-0.4419001638889313,0.18531647324562073,3.1195528507232666,-0.428915411233902,0.23936998844146729,3.132017135620117,-0.402945876121521,0.3474770188331604,3.1569457054138184,-0.4765218496322632,0.3008829355239868,3.1752536296844482,-0.8266428709030151,-0.33987924456596375,3.0972089767456055,-0.9746068716049194,-0.32722437381744385,3.168452024459839,-1.0865569114685059,-0.05296698212623596,3.164579391479492,-1.2440789937973022,0.15369220077991486,3.0478644371032715,-1.2755833864212036,0.1950240433216095,3.0245213508605957,-1.3385921716690063,0.2776877284049988,2.9778354167938232,-1.2525724172592163,0.2581138014793396,2.96612811088562,-0.642274796962738,0.2470015585422516,3.002143621444702,-0.701425313949585,0.7127808332443237,2.9715709686279297,-0.7312936782836914,1.1294723749160767,2.9914870262145996,-0.7938601970672607,1.2350831031799316,2.8837502002716064,-0.8394567370414734,0.26182499527931213,3.0930168628692627,-0.8611924052238464,0.7318369150161743,3.0926260948181152,-0.7605929970741272,1.047145962715149,3.3483223915100098,-0.7774326205253601,1.2082384824752808,3.327322006225586,-0.8830913305282593,-0.45523375272750854,2.988072633743286,-0.9044011831283569,-0.502839207649231,2.9774844646453857,-0.8753148913383484,-0.5571207404136658,2.9757399559020996,-0.7665145993232727,-0.5871109962463379,3.0146636962890625,-0.9217179417610168,-0.5457771420478821,3.018129348754883,-0.8979899883270264,-0.5549708008766174,3.134767532348633,-0.7203943133354187,1.233165979385376,3.0340380668640137,-0.7214466333389282,1.0985515117645264,3.440554618835449
-0.735967755317688,0.25142011046409607,2.999680995941162,-0.7482685446739197,0.05230839550495148,3.008605480194092,-0.7620440125465393,-0.146682471036911,3.0180552005767822,-0.7758198976516724,-0.34567931294441223,3.0275051593780518,-0.7274227142333984,-0.3512861132621765,3.002923011779785,-0.5809102058410645,-0.3649645447731018,2.928464889526367,-0.5032457113265991,-0.0861254334449768,2.9924848079681396,-0.43865352869033813,0.18843546509742737,3.033662796020508,-0.42573508620262146,0.2433476448059082,3.041898488998413,-0.3998982310295105,0.3531720042228699,3.0583696365356445,-0.47238287329673767,0.30741775035858154,3.082508087158203,-0.8243667483329773,-0.34223538637161255,3.0521903038024902,-0.9708792567253113,-0.32855695486068726,3.126648426055908,-1.08307945728302,-0.05417203903198242,3.1290154457092285,-1.2437412738800049,0.15279383957386017,3.0167462825775146,-1.2758736610412598,0.1941870152950287,2.9942924976348877,-1.3401384353637695,0.2769733667373657,2.9493846893310547,-1.2541959285736084,0.2578933537006378,2.9359681606292725,-0.6384797692298889,0.24326467514038086,2.952096462249756,-0.6963679790496826,0.7097858190536499,2.937046766281128,-0.7184778451919556,1.1249444484710693,2.9811508655548096,-0.7817186713218689,1.2374541759490967,2.88116192817688,-0.8334557414054871,0.2595755457878113,3.0472655296325684,-0.8735747337341309,0.7278720140457153,3.02970290184021,-0.7823585867881775,1.0659492015838623,3.258119583129883,-0.8088204264640808,1.2238727807998657,3.226252555847168,-0.883177638053894,-0.45745086669921875,2.9434051513671875,-0.9049006104469299,-0.5049784183502197,2.9331071376800537,-0.8761113286018372,-0.5594576597213745,2.9309818744659424,-0.7668775320053101,-0.5900512933731079,2.9684741497039795,-0.9219130873680115,-0.5478490591049194,2.9740219116210938,-0.896649181842804,-0.5571603178977966,3.090420722961426,-0.7047675251960754,1.2258274555206299,3.029181957244873,-0.7431325912475586,1.1260004043579102,3.3448808193206787
-0.7296207547187805,0.24988055229187012,2.9566380977630615,-0.7430700063705444,0.05085960030555725,2.9653587341308594,-0.7579697966575623,-0.14803341031074524,2.974623918533325,-0.7728700041770935,-0.34693241119384766,2.98388934135437,-0.7251130938529968,-0.3527979850769043,2.958157539367676,-0.5803255438804626,-0.3672795295715332,2.880124807357788,-0.4965168535709381,-0.08697515726089478,2.928372383117676,-0.43189096450805664,0.19021901488304138,2.9449849128723145,-0.41896578669548035,0.24565784633159637,2.948307514190674,-0.39311543107032776,0.35653552412986755,2.9549524784088135,-0.46421241760253906,0.3126128911972046,2.985771656036377,-0.8207888603210449,-0.3432285785675049,3.0097217559814453,-0.9655764102935791,-0.328747034072876,3.087754487991333,-1.078971266746521,-0.05492466688156128,3.096985101699829,-1.2436115741729736,0.15180464088916779,2.9900007247924805,-1.27653968334198,0.19315050542354584,2.9686038494110107,-1.3423957824707031,0.27584221959114075,2.9258100986480713,-1.2565550804138184,0.25764548778533936,2.910510540008545,-0.6334443092346191,0.2411879450082779,2.906583070755005,-0.6888778805732727,0.7079060673713684,2.903446674346924,-0.7029330134391785,1.120823621749878,2.9654674530029297,-0.7668800950050354,1.2383482456207275,2.872103452682495,-0.8257972002029419,0.25857314467430115,3.006693124771118,-0.8835835456848145,0.7241241335868835,2.9778566360473633,-0.8087129592895508,1.0849249362945557,3.1747376918792725,-0.8463572263717651,1.237534999847412,3.1310203075408936,-0.8811512589454651,-0.45886945724487305,2.900848150253296,-0.9029972553253174,-0.5064488649368286,2.8907904624938965,-0.8742063045501709,-0.5609836578369141,2.8884263038635254,-0.7645105719566345,-0.5915845632553101,2.924912929534912,-0.9196294546127319,-0.5493263602256775,2.9319419860839844,-0.8932095766067505,-0.558555543422699,3.0482072830200195,-0.6863023638725281,1.2192879915237427,3.0172624588012695,-0.7712079882621765,1.1543219089508057,3.254937171936035
-0.7240883708000183,0.25097984075546265,2.921919107437134,-0.7388834953308105,0.052069291472435,2.9297444820404053,-0.7549921274185181,-0.14671969413757324,2.9380507469177246,-0.7711012363433838,-0.3455146253108978,2.946357250213623,-0.7239851355552673,-0.3515426814556122,2.919534921646118,-0.5809124112129211,-0.3665390610694885,2.8381006717681885,-0.49053165316581726,-0.0861092209815979,2.8715929985046387,-0.42621609568595886,0.19158592820167542,2.8647842407226562,-0.41335299611091614,0.24712495505809784,2.863422393798828,-0.3876267671585083,0.3582030236721039,2.860698938369751,-0.45716357231140137,0.31666532158851624,2.8977649211883545,-0.8183924555778503,-0.3416472375392914,2.9732697010040283,-0.9614651799201965,-0.32665085792541504,3.054703950881958,-1.0754297971725464,-0.05342712998390198,3.0717976093292236,-1.2428338527679443,0.15469452738761902,2.9720041751861572,-1.276314616203308,0.1963188648223877,2.952045440673828,-1.3432762622833252,0.27956753969192505,2.91212797164917,-1.257672667503357,0.2620137929916382,2.894850254058838,-0.6292703151702881,0.2418622374534607,2.8694307804107666,-0.6819753050804138,0.7085281014442444,2.8740320205688477,-0.6900449991226196,1.119760513305664,2.945482015609741,-0.7549818754196167,1.2399060726165771,2.856452226638794,-0.8189064264297485,0.2600974440574646,2.974407434463501,-0.8901506662368774,0.7229189872741699,2.9384007453918457,-0.8364599943161011,1.1046853065490723,3.098569869995117,-0.885593056678772,1.2494664192199707,3.0419797897338867,-0.8789066672325134,-0.45844608545303345,2.8636114597320557,-0.9004693627357483,-0.5062446594238281,2.853656530380249,-0.871273398399353,-0.5606451034545898,2.8513050079345703,-0.7611644864082336,-0.5904690623283386,2.887641668319702,-0.9167355895042419,-0.5492266416549683,2.894951581954956,-0.8899738788604736,-0.5581169128417969,3.0113070011138916,-0.6710892915725708,1.2167894840240479,2.9989752769470215,-0.8021854162216187,1.1836804151535034,3.170822858810425
-0.7187095284461975,0.2528030276298523,2.8946022987365723,-0.7348167300224304,0.05402073264122009,2.901033639907837,-0.7521207928657532,-0.1446462720632553,2.9079034328460693,-0.7694253921508789,-0.34331923723220825,2.914773464202881,-0.7228825092315674,-0.34942179918289185,2.8870253562927246,-0.5813247561454773,-0.36466798186302185,2.802687883377075,-0.48533764481544495,-0.08484956622123718,2.8232815265655518,-0.4226875603199005,0.19189748167991638,2.7952139377593994,-0.41015753149986267,0.2472468912601471,2.789600372314453,-0.3850975036621094,0.3579457104206085,2.7783732414245605,-0.4529394209384918,0.3188568353652954,2.8208539485931396,-0.8161563277244568,-0.33937597274780273,2.942596197128296,-0.9577140808105469,-0.32412979006767273,3.0269336700439453,-1.0710808038711548,-0.05103620886802673,3.049380302429199,-1.2399680614471436,0.15804949402809143,2.954185724258423,-1.2737455368041992,0.1998666375875473,2.9351468086242676,-1.3413004875183105,0.28350090980529785,2.897068977355957,-1.2559311389923096,0.26619821786880493,2.8784210681915283,-0.6250805258750916,0.24345193803310394,2.8400685787200928,-0.6750022172927856,0.7100688219070435,2.849287986755371,-0.6794116497039795,1.1205534934997559,2.923811435699463,-0.7454162836074829,1.24161696434021,2.837019443511963,-0.8123385310173035,0.26215410232543945,2.9491360187530518,-0.8925943374633789,0.7230390906333923,2.9110238552093506,-0.8632472157478333,1.1204638481140137,3.0345680713653564,-0.9229403138160706,1.2556804418563843,2.9660186767578125,-0.8756452202796936,-0.4575119912624359,2.831338882446289,-0.8966701030731201,-0.5055834054946899,2.821265459060669,-0.8668686747550964,-0.5597326159477234,2.8191206455230713,-0.7565749883651733,-0.5884255170822144,2.856189489364624,-0.9127612113952637,-0.5487554669380188,2.8625221252441406,-0.8866037130355835,-0.5573236346244812,2.9791603088378906,-0.6588799357414246,1.217027187347412,2.977583169937134,-0.8335671424865723,1.2078665494918823,3.0985991954803467
-0.7138107419013977,0.2555261552333832,2.8732314109802246,-0.7312098145484924,0.056913912296295166,2.8776915073394775,-0.7496703267097473,-0.14159344136714935,2.882538318634033,-0.76813143491745,-0.340106725692749,2.887385129928589,-0.7220256924629211,-0.34617698192596436,2.8589699268341064,-0.5815529823303223,-0.3613516390323639,2.77250337600708,-0.4812261462211609,-0.08250018954277039,2.783501625061035,-0.42124009132385254,0.1925586760044098,2.738180637359619,-0.4092428684234619,0.2475704550743103,2.729116439819336,-0.38524845242500305,0.35759401321411133,2.7109880447387695,-0.4514845311641693,0.3206121623516083,2.7576887607574463,-0.8144378066062927,-0.33619409799575806,2.915853261947632,-0.9549105167388916,-0.3210194408893585,3.002319812774658,-1.0679001808166504,-0.048153042793273926,3.029186964035034,-1.238147258758545,0.16136609017848969,2.9373862743377686,-1.272196650505066,0.20326991379261017,2.9190261363983154,-1.3402955532073975,0.28707757592201233,2.882305860519409,-1.255077600479126,0.2701030671596527,2.8626692295074463,-0.6210566759109497,0.24614320695400238,2.8172388076782227,-0.6684760451316833,0.7127307653427124,2.829249620437622,-0.6715872287750244,1.1232017278671265,2.9027857780456543,-0.7386041283607483,1.2440482378005981,2.8166162967681885,-0.8065648078918457,0.26490911841392517,2.9292240142822266,-0.8901417851448059,0.7252344489097595,2.89440655708313,-0.8815421462059021,1.1311663389205933,2.989532470703125,-0.9487838745117188,1.2577911615371704,2.912299156188965,-0.8717057704925537,-0.4553281366825104,2.801870584487915,-0.8920184373855591,-0.5036332607269287,2.791318655014038,-0.8615479469299316,-0.5574581027030945,2.789513349533081,-0.7514934539794922,-0.5850045680999756,2.828322172164917,-0.9082902073860168,-0.5471295118331909,2.8322103023529053,-0.8839297890663147,-0.555740237236023,2.9492974281311035,-0.6502853035926819,1.219743251800537,2.9560208320617676,-0.856261670589447,1.2242686748504639,3.046985626220703
-0.7106464505195618,0.2584152817726135,2.8592464923858643,-0.7293961048126221,0.060027748346328735,2.861680746078491,-0.749065101146698,-0.13826636970043182,2.864449977874756,-0.7687346935272217,-0.33656641840934753,2.8672192096710205,-0.7228952646255493,-0.3426036834716797,2.83843994140625,-0.5829775333404541,-0.35770684480667114,2.75075364112854,-0.47955453395843506,-0.07979115843772888,2.7548017501831055,-0.42241936922073364,0.19332480430603027,2.6959986686706543,-0.4109923243522644,0.24794799089431763,2.6842379570007324,-0.3881382644176483,0.35719436407089233,2.6607167720794678,-0.45311468839645386,0.32194608449935913,2.710435390472412,-0.8147879838943481,-0.3326844573020935,2.896028757095337,-0.9547057151794434,-0.31758129596710205,2.983715057373047,-1.0680856704711914,-0.045192569494247437,3.0137016773223877,-1.2396219968795776,0.1642133891582489,2.924041271209717,-1.273929238319397,0.20609457790851593,2.906109094619751,-1.3425437211990356,0.2898569703102112,2.8702449798583984,-1.2573529481887817,0.273348867893219,2.850087881088257,-0.618400514125824,0.24900025129318237,2.802456855773926,-0.663246214389801,0.7156513929367065,2.8154611587524414,-0.6664707660675049,1.1266416311264038,2.885169267654419,-0.7341514229774475,1.2465509176254272,2.7983193397521973,-0.8028923869132996,0.2678303122520447,2.9160361289978027,-0.8837704658508301,0.728875994682312,2.887066602706909,-0.888602614402771,1.1388177871704102,2.9626107215881348,-0.959804892539978,1.2592872381210327,2.8794291019439697,-0.868707537651062,-0.4527877867221832,2.7787554264068604,-0.888176441192627,-0.5013075470924377,2.7675673961639404,-0.8570378422737122,-0.5547803044319153,2.7664401531219482,-0.7477006912231445,-0.5811502933502197,2.8080601692199707,-0.9050053358078003,-0.545100212097168,2.8079309463500977,-0.8836086988449097,-0.5537233948707581,2.925616979598999,-0.6449853777885437,1.2236685752868652,2.9373552799224854,-0.866479218006134,1.2353085279464722,3.015519380569458
-0.7083248496055603,0.2609842121601105,2.8501062393188477,-0.7286174893379211,0.06287962198257446,2.8504412174224854,-0.7497544288635254,-0.13513590395450592,2.8510913848876953,-0.7708919644355774,-0.33315739035606384,2.8517415523529053,-0.7252098917961121,-0.33921709656715393,2.8227920532226562,-0.5855365991592407,-0.35441628098487854,2.734490156173706,-0.4797782599925995,-0.07734733819961548,2.735542058944702,-0.42461466789245605,0.19437512755393982,2.6688973903656006,-0.4135819375514984,0.24871961772441864,2.6555683612823486,-0.3915165066719055,0.3574086129665375,2.628910541534424,-0.4556945562362671,0.3232051730155945,2.680368423461914,-0.8168038129806519,-0.32924988865852356,2.8806982040405273,-0.956477165222168,-0.31405070424079895,2.9690001010894775,-1.0703842639923096,-0.04223620891571045,3.00209379196167,-1.2423350811004639,0.16826194524765015,2.915832281112671,-1.2767252922058105,0.2103615701198578,2.8985800743103027,-1.3455055952072144,0.29456084966659546,2.8640754222869873,-1.2603905200958252,0.27834004163742065,2.843364953994751,-0.6163437366485596,0.2514655590057373,2.792954921722412,-0.6594288945198059,0.7181462049484253,2.8067164421081543,-0.6642996668815613,1.1297837495803833,2.871746063232422,-0.732611894607544,1.24838125705719,2.7836720943450928,-0.800305962562561,0.27050286531448364,2.907257556915283,-0.8752622604370117,0.7328494787216187,2.8859565258026123,-0.887648344039917,1.144594430923462,2.9492862224578857,-0.9604972004890442,1.2612524032592773,2.8622636795043945,-0.8670997619628906,-0.45040765404701233,2.7603843212127686,-0.8857510089874268,-0.499136358499527,2.748636245727539,-0.8540449738502502,-0.5523114204406738,2.7484259605407715,-0.7456709742546082,-0.5775941610336304,2.7932381629943848,-0.9033148884773254,-0.5431174039840698,2.7885119915008545,-0.885269045829773,-0.5515444278717041,2.9068150520324707,-0.6431525349617004,1.227463722229004,2.9227805137634277,-0.8674941062927246,1.2429567575454712,2.999403715133667
-0.7075375318527222,0.2619808614253998,2.8486273288726807,-0.7294983863830566,0.06417611241340637,2.847032308578491,-0.7522333860397339,-0.1335432380437851,2.845720052719116,-0.7749690413475037,-0.3312685191631317,2.844407796859741,-0.7292588949203491,-0.3374220132827759,2.815581798553467,-0.5893116593360901,-0.3529300391674042,2.7275869846343994,-0.482217937707901,-0.07637369632720947,2.729686737060547,-0.42831405997276306,0.1949261724948883,2.6603193283081055,-0.417533278465271,0.24918615818023682,2.6464457511901855,-0.39597171545028687,0.35770612955093384,2.618698835372925,-0.45989376306533813,0.3237355947494507,2.670630693435669,-0.820926308631897,-0.32726404070854187,2.8732197284698486,-0.960873544216156,-0.3117560148239136,2.961214542388916,-1.0744788646697998,-0.039983153343200684,2.9957141876220703,-1.2448480129241943,0.17285972833633423,2.9120876789093018,-1.2789218425750732,0.21542830765247345,2.895362377166748,-1.347069501876831,0.3005654811859131,2.8619117736816406,-1.262021780014038,0.2840650677680969,2.841137647628784,-0.6154342293739319,0.252213716506958,2.791778564453125,-0.656528115272522,0.7189241647720337,2.806694269180298,-0.6642171740531921,1.1312825679779053,2.865983247756958,-0.7327275276184082,1.2482101917266846,2.775925636291504,-0.7996408343315125,0.27174800634384155,2.9054760932922363,-0.8655819296836853,0.7355824112892151,2.890007972717285,-0.8805629014968872,1.1485100984573364,2.943674087524414,-0.9529784917831421,1.2627497911453247,2.8532230854034424,-0.8672710061073303,-0.44958674907684326,2.750260353088379,-0.8851584196090698,-0.4985186457633972,2.7380502223968506,-0.8530339598655701,-0.5514711141586304,2.739039182662964,-0.7459353804588318,-0.5757896304130554,2.787473440170288,-0.9036857485771179,-0.5425482392311096,2.77748441696167,-0.8894488215446472,-0.5505082607269287,2.8964016437530518,-0.6439434289932251,1.2297594547271729,2.9157655239105225,-0.8614180088043213,1.2480727434158325,2.991713047027588
-0.7061060667037964,0.26318907737731934,2.8499882221221924,-0.7299084067344666,0.06570164859294891,2.8462750911712646,-0.7545232176780701,-0.13169217109680176,2.842895984649658,-0.7791387438774109,-0.3290919065475464,2.8395166397094727,-0.7332892417907715,-0.3354106545448303,2.810987949371338,-0.5927780866622925,-0.3514408469200134,2.7238686084747314,-0.48413339257240295,-0.07555776834487915,2.7303993701934814,-0.4298620820045471,0.19603824615478516,2.6624865531921387,-0.419007807970047,0.250357449054718,2.6489038467407227,-0.39729928970336914,0.35899585485458374,2.6217386722564697,-0.4615255296230316,0.3247995376586914,2.673145294189453,-0.825255811214447,-0.324918657541275,2.868008852005005,-0.9657669067382812,-0.3088884651660919,2.9551281929016113,-1.0787490606307983,-0.03714290261268616,2.9918320178985596,-1.2466801404953003,0.17935185134410858,2.9127678871154785,-1.2802664041519165,0.22265079617500305,2.8969550132751465,-1.3474388122558594,0.309248685836792,2.8653295040130615,-1.2625643014907837,0.29225748777389526,2.844243049621582,-0.613635778427124,0.25309935212135315,2.793858528137207,-0.6513784527778625,0.7198851704597473,2.8109374046325684,-0.6626736521720886,1.133086085319519,2.862441062927246,-0.7309877276420593,1.2477858066558838,2.7694990634918213,-0.7985763549804688,0.2732788026332855,2.9061179161071777,-0.8557013273239136,0.738344669342041,2.898653030395508,-0.8706730008125305,1.1515825986862183,2.9489071369171143,-0.9415625929832458,1.2652146816253662,2.856584310531616,-0.8683851361274719,-0.44751864671707153,2.7424590587615967,-0.8858645558357239,-0.4964812994003296,2.729691743850708,-0.8537561893463135,-0.5494454503059387,2.731721878051758,-0.748205304145813,-0.5737246870994568,2.7835819721221924,-0.9056358933448792,-0.5405260324478149,2.768543004989624,-0.8951978087425232,-0.5484529733657837,2.887908697128296,-0.6436673402786255,1.2325865030288696,2.9105896949768066,-0.8520336747169495,1.2514512538909912,2.9964327812194824
-0.7073737978935242,0.2638607621192932,2.8605496883392334,-0.7331753969192505,0.06669069826602936,2.8552935123443604,-0.7597945928573608,-0.13037993013858795,2.8503973484039307,-0.7864145636558533,-0.32745644450187683,2.845500946044922,-0.7402448654174805,-0.33409035205841064,2.817582845687866,-0.5986758470535278,-0.351094514131546,2.7323267459869385,-0.488543838262558,-0.07608011364936829,2.7463619709014893,-0.4325183033943176,0.1963825821876526,2.6835269927978516,-0.42131319642066956,0.2508751153945923,2.670959949493408,-0.3989029824733734,0.3598601818084717,2.6458258628845215,-0.4640163779258728,0.3250526189804077,2.695683717727661,-0.8328736424446106,-0.32296451926231384,2.873365879058838,-0.9744426012039185,-0.30596035718917847,2.9586219787597656,-1.0869815349578857,-0.033832699060440063,2.993842601776123,-1.2518872022628784,0.1855473667383194,2.9163732528686523,-1.2848683595657349,0.2294233739376068,2.900879383087158,-1.3508306741714478,0.31717538833618164,2.86989164352417,-1.266042709350586,0.29942265152931213,2.849083423614502,-0.6141568422317505,0.25312066078186035,2.8058481216430664,-0.64625084400177,0.7199935913085938,2.8268446922302246,-0.6633045077323914,1.1342840194702148,2.8650317192077637,-0.730995237827301,1.2451426982879639,2.767207145690918,-0.8005907535552979,0.2746008634567261,2.9152512550354004,-0.8478909730911255,0.7406445741653442,2.91257381439209,-0.8594918847084045,1.1540896892547607,2.9606800079345703,-0.9273022413253784,1.2679874897003174,2.86649751663208,-0.872913122177124,-0.4460600018501282,2.746049404144287,-0.8901658058166504,-0.49503856897354126,2.7329342365264893,-0.8583422303199768,-0.5481416583061218,2.7362799644470215,-0.7546195387840271,-0.5725910067558289,2.7917532920837402,-0.9114025831222534,-0.5388376116752625,2.771333694458008,-0.9049571752548218,-0.5462294816970825,2.8910720348358154,-0.6464254856109619,1.235427975654602,2.9103689193725586,-0.8407554030418396,1.2539387941360474,3.0081095695495605
-0.7080888748168945,0.265028178691864,2.8683910369873047,-0.7358877062797546,0.06818695366382599,2.8616230487823486,-0.7646676898002625,-0.12852942943572998,2.855344772338867,-0.7934485673904419,-0.3252516984939575,2.8490662574768066,-0.7469344139099121,-0.33228060603141785,2.8218305110931396,-0.6042453646659851,-0.35050204396247864,2.7386651039123535,-0.4916648864746094,-0.07704371213912964,2.7610607147216797,-0.4324362874031067,0.19611084461212158,2.70450758934021,-0.4205905795097351,0.25074175000190735,2.693197011947632,-0.39689913392066956,0.3600035607814789,2.6705758571624756,-0.4631601870059967,0.3247694969177246,2.7185842990875244,-0.8402754664421082,-0.32036092877388,2.8762338161468506,-0.9829645156860352,-0.3021394908428192,2.9593992233276367,-1.0949286222457886,-0.02956274151802063,2.9928858280181885,-1.2568305730819702,0.1923835724592209,2.9164180755615234,-1.2892109155654907,0.2367728352546692,2.9011244773864746,-1.3539717197418213,0.3255513608455658,2.870537519454956,-1.2692469358444214,0.30704814195632935,2.850137948989868,-0.6140592694282532,0.2535746693611145,2.815288782119751,-0.6410878300666809,0.7202126383781433,2.8417506217956543,-0.662156879901886,1.1348305940628052,2.8705389499664307,-0.7285579442977905,1.2429301738739014,2.7689740657806396,-0.8021184802055359,0.2764816880226135,2.9214932918548584,-0.8409310579299927,0.7430148720741272,2.926196813583374,-0.8475133776664734,1.1557600498199463,2.978910207748413,-0.9116469621658325,1.2716574668884277,2.8847575187683105,-0.8782395720481873,-0.44356971979141235,2.7476937770843506,-0.8955123424530029,-0.49248066544532776,2.734267234802246,-0.8641645908355713,-0.5458252429962158,2.7385900020599365,-0.7620577812194824,-0.5708714723587036,2.7968318462371826,-0.9180693030357361,-0.5360262989997864,2.77224063873291,-0.9147878289222717,-0.5431078672409058,2.8921751976013184,-0.6470462083816528,1.2370033264160156,2.913990020751953,-0.8283296227455139,1.2547093629837036,3.027865409851074
-0.7086723446846008,0.2663181722164154,2.8752353191375732,-0.7383832335472107,0.06980161368846893,2.867335319519043,-0.7692469358444214,-0.12656047940254211,2.8600378036499023,-0.8001115322113037,-0.3229284882545471,2.8527400493621826,-0.7532997727394104,-0.33039259910583496,2.826138973236084,-0.6096529960632324,-0.34995236992836,2.7449238300323486,-0.49373146891593933,-0.07871592044830322,2.7754976749420166,-0.4304560422897339,0.19479280710220337,2.725534677505493,-0.4178009629249573,0.2494945526123047,2.7155420780181885,-0.39249080419540405,0.3588980436325073,2.695556879043579,-0.4598545730113983,0.3234853148460388,2.741856336593628,-0.8472588062286377,-0.3175986111164093,2.8792617321014404,-0.9909055829048157,-0.2980388402938843,2.960476875305176,-1.102264404296875,-0.025026172399520874,2.9921793937683105,-1.261648416519165,0.1988542228937149,2.9161436557769775,-1.293525218963623,0.2436303049325943,2.9009366035461426,-1.357278823852539,0.3331824541091919,2.8705222606658936,-1.2726128101348877,0.3140277862548828,2.8505139350891113,-0.6139821410179138,0.2540808916091919,2.823526382446289,-0.6378759741783142,0.720144510269165,2.8557636737823486,-0.6615220308303833,1.1345775127410889,2.879956007003784,-0.7265795469284058,1.2412199974060059,2.7762157917022705,-0.8033625483512878,0.2785554528236389,2.9269442558288574,-0.8355356454849243,0.7450351119041443,2.940622329711914,-0.837035596370697,1.1563050746917725,3.001891851425171,-0.8977348804473877,1.274996042251587,2.909181833267212,-0.8842474222183228,-0.4406714141368866,2.750095844268799,-0.9017545580863953,-0.4894533157348633,2.7364606857299805,-0.8709987998008728,-0.5430984497070312,2.741448163986206,-0.7701669931411743,-0.569003701210022,2.8015570640563965,-0.9254059791564941,-0.5327054858207703,2.774123191833496,-0.924320638179779,-0.5395568609237671,2.8941359519958496,-0.6477181911468506,1.237174391746521,2.922600269317627,-0.8173024654388428,1.253831386566162,3.053218364715576
-0.7083926796913147,0.26738056540489197,2.8812384605407715,-0.7399561405181885,0.07118789851665497,2.872546672821045,-0.7728153467178345,-0.12482121586799622,2.8645427227020264,-0.8056755661964417,-0.3208361864089966,2.8565385341644287,-0.7586333155632019,-0.32875531911849976,2.830482006072998,-0.6142470836639404,-0.34971240162849426,2.7509422302246094,-0.49465829133987427,-0.08109942078590393,2.789280891418457,-0.4271836280822754,0.19245731830596924,2.7456367015838623,-0.41368868947029114,0.2471686601638794,2.736907958984375,-0.38669881224632263,0.3565913438796997,2.7194502353668213,-0.45506802201271057,0.32116585969924927,2.76422381401062,-0.8530749082565308,-0.3150475025177002,2.8825080394744873,-0.9974611401557922,-0.2940904200077057,2.962047815322876,-1.1078540086746216,-0.020608484745025635,2.9927942752838135,-1.2647045850753784,0.20529921352863312,2.9175972938537598,-1.2960747480392456,0.2504807710647583,2.902557849884033,-1.3588149547576904,0.3408438563346863,2.87247896194458,-1.274232268333435,0.3210468292236328,2.852785110473633,-0.6131855845451355,0.254302054643631,2.8307127952575684,-0.63481205701828,0.7195956110954285,2.8686153888702393,-0.6593778133392334,1.1336150169372559,2.8920538425445557,-0.7229700088500977,1.2399697303771973,2.7873597145080566,-0.8035997748374939,0.28045907616615295,2.9317641258239746,-0.8311190009117126,0.7464213967323303,2.954659938812256,-0.8285617828369141,1.155691146850586,3.0257701873779297,-0.8863547444343567,1.2772059440612793,2.935159683227539,-0.8896442651748657,-0.4379296898841858,2.753014087677002,-0.9074242115020752,-0.48656803369522095,2.7392172813415527,-0.8772085905075073,-0.5404807329177856,2.7446155548095703,-0.7773256301879883,-0.5672229528427124,2.8059329986572266,-0.9319028258323669,-0.529570460319519,2.7766377925872803,-0.9322926998138428,-0.5363106727600098,2.896662712097168,-0.6463689804077148,1.2361699342727661,2.9347646236419678,-0.8084450364112854,1.251609444618225,3.079677104949951
-0.707491397857666,0.2672761380672455,2.886521100997925,-0.7407732605934143,0.07138241827487946,2.877563953399658,-0.775495707988739,-0.12429387867450714,2.869354248046875,-0.8102192282676697,-0.3199760317802429,2.8611440658569336,-0.7630242109298706,-0.32837432622909546,2.8355190753936768,-0.6181352138519287,-0.35080286860466003,2.7572996616363525,-0.4951220154762268,-0.08480769395828247,2.8023791313171387,-0.42389169335365295,0.18858787417411804,2.764089584350586,-0.40964561700820923,0.2432669848203659,2.7564315795898438,-0.38115349411964417,0.3526252210140228,2.7411158084869385,-0.4503704011440277,0.3172905445098877,2.784634828567505,-0.8577916622161865,-0.31370455026626587,2.8866801261901855,-1.0026806592941284,-0.2912760078907013,2.9648995399475098,-1.111890196800232,-0.01739683747291565,2.996225595474243,-1.2658603191375732,0.21150243282318115,2.9242300987243652,-1.2966543436050415,0.2572822868824005,2.9098310470581055,-1.358242392539978,0.34884199500083923,2.881032943725586,-1.273860216140747,0.3283447027206421,2.8612101078033447,-0.6119370460510254,0.2533104419708252,2.8369030952453613,-0.6327458620071411,0.7177450656890869,2.879899263381958,-0.6577440500259399,1.1312205791473389,2.905298948287964,-0.720130443572998,1.2380188703536987,2.8005733489990234,-0.8030457496643066,0.28124183416366577,2.9361391067504883,-0.8272039294242859,0.7465037107467651,2.9666171073913574,-0.8216825127601624,1.1538431644439697,3.045839309692383,-0.877260684967041,1.2775570154190063,2.9571187496185303,-0.8944132328033447,-0.43652915954589844,2.7571449279785156,-0.9125188589096069,-0.48504066467285156,2.7432918548583984,-0.8828253746032715,-0.5392191410064697,2.749030351638794,-0.7836630344390869,-0.5667402148246765,2.811204671859741,-0.9376832246780396,-0.5277596116065979,2.7805984020233154,-0.9390935301780701,-0.5342715978622437,2.9006478786468506,-0.6452813148498535,1.2334463596343994,2.948673963546753,-0.80131596326828,1.248384952545166,3.101820230484009
-0.7026909589767456,0.2644866108894348,2.888056755065918,-0.7388190627098083,0.06915868818759918,2.878777027130127,-0.7764430046081543,-0.1259220540523529,2.8702738285064697,-0.814068078994751,-0.3210086524486542,2.8617703914642334,-0.7668530941009521,-0.3301126956939697,2.8364510536193848,-0.6218098402023315,-0.3547167181968689,2.7591471672058105,-0.4943940043449402,-0.09310480952262878,2.816087007522583,-0.4197064936161041,0.18037229776382446,2.785806179046631,-0.40476900339126587,0.2350677251815796,2.779750108718872,-0.37489399313926697,0.34445858001708984,2.7676377296447754,-0.4449048936367035,0.30877673625946045,2.8095743656158447,-0.8616920113563538,-0.314024955034256,2.8869974613189697,-1.0067353248596191,-0.2894209325313568,2.964301347732544,-1.1135040521621704,-0.014948159456253052,2.99869441986084,-1.264719009399414,0.217138409614563,2.9312052726745605,-1.2949620485305786,0.26355573534965515,2.9177074432373047,-1.3554480075836182,0.3563903570175171,2.890711784362793,-1.2713987827301025,0.3351576030254364,2.8702590465545654,-0.6069968938827515,0.2491094022989273,2.8391711711883545,-0.6293064951896667,0.7118818163871765,2.8918075561523438,-0.6559659242630005,1.1241874694824219,2.924781322479248,-0.7174881100654602,1.232630729675293,2.8215646743774414,-0.7983850240707397,0.2798638343811035,2.9369423389434814,-0.8164077997207642,0.7439060211181641,2.978973627090454,-0.8093302249908447,1.1498594284057617,3.062314033508301,-0.8629099130630493,1.2746647596359253,2.9742720127105713,-0.8979123830795288,-0.4371848702430725,2.756856679916382,-0.9162207245826721,-0.4856174886226654,2.7428479194641113,-0.886981725692749,-0.5400435924530029,2.7490346431732178,-0.7887211441993713,-0.5682179927825928,2.812499523162842,-0.9421722292900085,-0.5281187295913696,2.7799365520477295,-0.9450942277908325,-0.5344308614730835,2.900054454803467,-0.6443449854850769,1.2254749536514282,2.9701781272888184,-0.7891111373901367,1.2435754537582397,3.119441509246826
-0.6996874809265137,0.26049673557281494,2.8897287845611572,-0.7365825176239014,0.0652952641248703,2.881218910217285,-0.7749118208885193,-0.12966080009937286,2.873455047607422,-0.8132423162460327,-0.3246226906776428,2.8656909465789795,-0.7660887837409973,-0.333986759185791,2.840362310409546,-0.621205747127533,-0.3593910336494446,2.7630090713500977,-0.49481523036956787,-0.09855461120605469,2.8254764080047607,-0.4214266538619995,0.1756817102432251,2.7992374897003174,-0.4067489504814148,0.23052898049354553,2.793989658355713,-0.377393513917923,0.3402235209941864,2.783493995666504,-0.4474320113658905,0.30361998081207275,2.824575901031494,-0.8608124256134033,-0.31737762689590454,2.8909354209899902,-1.0056954622268677,-0.291973352432251,2.9682884216308594,-1.1100451946258545,-0.016882389783859253,3.005009651184082,-1.259910225868225,0.21640713512897491,2.938704013824463,-1.2898832559585571,0.26306504011154175,2.925442934036255,-1.3498293161392212,0.3563808500766754,2.898920774459839,-1.2659543752670288,0.33470094203948975,2.878234624862671,-0.6040984988212585,0.2445608526468277,2.8408384323120117,-0.6290426850318909,0.7065964937210083,2.8967225551605225,-0.6556318998336792,1.1180155277252197,2.937462329864502,-0.717117965221405,1.2283456325531006,2.836364984512329,-0.7952764630317688,0.2764326333999634,2.9386191368103027,-0.8103463053703308,0.7401057481765747,2.9833672046661377,-0.8019514679908752,1.1458494663238525,3.0666375160217285,-0.8549937605857849,1.2707715034484863,2.9785754680633545,-0.8974632024765015,-0.44136109948158264,2.761601209640503,-0.9157723188400269,-0.48989108204841614,2.747861385345459,-0.886406421661377,-0.5442670583724976,2.7541048526763916,-0.7877469658851624,-0.5720608234405518,2.81719708442688,-0.9414775967597961,-0.5323085784912109,2.785252332687378,-0.9437819719314575,-0.5381785035133362,2.9054481983184814,-0.6439996361732483,1.2183785438537598,2.984741449356079,-0.7814724445343018,1.2394566535949707,3.123748302459717
-0.6971668004989624,0.25634270906448364,2.89143705368042,-0.7342779040336609,0.061166539788246155,2.8837151527404785,-0.7728146910667419,-0.13376134634017944,2.8767411708831787,-0.8113526105880737,-0.32869502902030945,2.8697669506073,-0.7642725706100464,-0.33819591999053955,2.844362735748291,-0.6195822954177856,-0.3640241026878357,2.766749620437622,-0.49625372886657715,-0.10264149308204651,2.832806348800659,-0.4260473847389221,0.17261376976966858,2.8089563846588135,-0.41200610995292664,0.22766481339931488,2.8041863441467285,-0.38392356038093567,0.3377669155597687,2.7946462631225586,-0.4537453353404999,0.3000304102897644,2.8350465297698975,-0.8588515520095825,-0.32131290435791016,2.8950955867767334,-1.0035418272018433,-0.295484721660614,2.9727087020874023,-1.1054950952529907,-0.019826531410217285,3.0115981101989746,-1.2536890506744385,0.21492229402065277,2.946831226348877,-1.2833278179168701,0.2618720531463623,2.933877944946289,-1.342605471611023,0.35577160120010376,2.907971143722534,-1.2589319944381714,0.3335862457752228,2.8870460987091064,-0.6017429828643799,0.24014148116111755,2.842332124710083,-0.6288446187973022,0.7018109560012817,2.898847818374634,-0.6547757983207703,1.1125072240829468,2.9453887939453125,-0.7164510488510132,1.2242681980133057,2.8460865020751953,-0.7925906181335449,0.27254393696784973,2.940541982650757,-0.8057279586791992,0.7358249425888062,2.9881372451782227,-0.7966207265853882,1.1413236856460571,3.071789503097534,-0.8495699167251587,1.2663722038269043,2.983957290649414,-0.8959545493125916,-0.44594496488571167,2.766477584838867,-0.9143283367156982,-0.4945487678050995,2.753028154373169,-0.8849555850028992,-0.5489202737808228,2.7594523429870605,-0.7860883474349976,-0.5764493942260742,2.8224008083343506,-0.9399438500404358,-0.5367839932441711,2.790715217590332,-0.9418884515762329,-0.5420632362365723,2.9109792709350586,-0.6428611278533936,1.212152361869812,2.9940032958984375,-0.7759352326393127,1.2348071336746216,3.128951072692871
-0.6955631375312805,0.25191861391067505,2.8929479122161865,-0.7321950793266296,0.05664362013339996,2.886082887649536,-0.7701324820518494,-0.13840548694133759,2.879923105239868,-0.8080710172653198,-0.3334604501724243,2.873763084411621,-0.7610382437705994,-0.342904269695282,2.8482635021209717,-0.616470217704773,-0.3685617446899414,2.7703285217285156,-0.49838942289352417,-0.1054723858833313,2.8386998176574707,-0.4337223172187805,0.17114141583442688,2.8161122798919678,-0.42078888416290283,0.226464182138443,2.8115947246551514,-0.39492204785346985,0.3371097147464752,2.8025596141815186,-0.46411609649658203,0.297832190990448,2.842500925064087,-0.8555161952972412,-0.32613658905029297,2.899195432662964,-1.0000842809677124,-0.30047911405563354,2.97713041305542,-1.1000133752822876,-0.024483710527420044,3.0180504322052,-1.2464786767959595,0.21171367168426514,2.9550745487213135,-1.2757717370986938,0.25895315408706665,2.942479372024536,-1.3343578577041626,0.3534321188926697,2.9172890186309814,-1.2508797645568848,0.3308075964450836,2.8961851596832275,-0.6003006100654602,0.23578554391860962,2.8435282707214355,-0.628259539604187,0.6973731517791748,2.899301052093506,-0.6520765423774719,1.1074812412261963,2.9509315490722656,-0.7137569785118103,1.2206823825836182,2.853346586227417,-0.7908256649971008,0.2680516839027405,2.9423675537109375,-0.801910400390625,0.731012761592865,2.992363452911377,-0.7913016676902771,1.1361125707626343,3.0772347450256348,-0.8440917134284973,1.2615681886672974,2.9899656772613525,-0.8928794860839844,-0.4510471820831299,2.770942211151123,-0.911307156085968,-0.49969834089279175,2.7576794624328613,-0.8819610476493835,-0.5540837645530701,2.764272451400757,-0.7830290198326111,-0.5814700126647949,2.8272454738616943,-0.9369266629219055,-0.5417912006378174,2.795551300048828,-0.9387648105621338,-0.5466411709785461,2.9158685207366943,-0.6394553780555725,1.2064502239227295,3.0006699562072754,-0.7701687216758728,1.2293273210525513,3.134614944458008
-0.6950267553329468,0.24788495898246765,2.8938205242156982,-0.7304125428199768,0.052385807037353516,2.8875484466552734,-0.7669519186019897,-0.14292074739933014,2.8819236755371094,-0.8034923672676086,-0.33823317289352417,2.8762989044189453,-0.7564795613288879,-0.3473900556564331,2.850672721862793,-0.6119712591171265,-0.3721694350242615,2.7723278999328613,-0.5006005167961121,-0.10678660869598389,2.8424360752105713,-0.44243061542510986,0.17124426364898682,2.8214170932769775,-0.43079662322998047,0.2268504500389099,2.817213296890259,-0.40752866864204407,0.3380628228187561,2.8088057041168213,-0.4759480655193329,0.2969961166381836,2.848179340362549,-0.8509023785591125,-0.331199049949646,2.9018638134002686,-0.995410680770874,-0.3064196705818176,2.980208396911621,-1.0930695533752441,-0.030347704887390137,3.0248584747314453,-1.2371842861175537,0.2082834541797638,2.9664390087127686,-1.2660071849822998,0.25600969791412354,2.9547550678253174,-1.3236531019210815,0.35146215558052063,2.931387186050415,-1.2405180931091309,0.32835400104522705,2.909648895263672,-0.5998817682266235,0.23226086795330048,2.8440322875976562,-0.6271079778671265,0.6939943432807922,2.8983819484710693,-0.6473681926727295,1.1036555767059326,2.9544119834899902,-0.708749532699585,1.2183315753936768,2.858412027359009,-0.79017174243927,0.263509064912796,2.9436087608337402,-0.8002161383628845,0.7260758876800537,2.9967494010925293,-0.7888773083686829,1.1306464672088623,3.0837337970733643,-0.8417463898658752,1.2566109895706177,2.9972927570343018,-0.8880664110183716,-0.45599308609962463,2.7734079360961914,-0.9064128994941711,-0.5046864748001099,2.760134696960449,-0.8769784569740295,-0.5590381622314453,2.7667551040649414,-0.7780219316482544,-0.5862684845924377,2.8298134803771973,-0.9319979548454285,-0.5468259453773499,2.7980027198791504,-0.9339104890823364,-0.5516671538352966,2.918348789215088,-0.633661150932312,1.2019840478897095,3.0050885677337646,-0.7674746513366699,1.2235151529312134,3.1415421962738037
-0.697877824306488,0.24362483620643616,2.902756929397583,-0.7315123677253723,0.04783204197883606,2.896982431411743,-0.7660936713218689,-0.14781153202056885,2.89176869392395,-0.8006760478019714,-0.34346097707748413,2.886554718017578,-0.753650963306427,-0.3521842956542969,2.8608176708221436,-0.6091175675392151,-0.37563416361808777,2.7821149826049805,-0.5048182010650635,-0.10787025094032288,2.85341215133667,-0.45313599705696106,0.17141485214233398,2.834057569503784,-0.44279956817626953,0.2272718846797943,2.830186605453491,-0.4221266806125641,0.3389859199523926,2.8224446773529053,-0.48974084854125977,0.29614683985710144,2.8612160682678223,-0.8480769395828247,-0.3368641138076782,2.9122352600097656,-0.9926103353500366,-0.31341424584388733,2.9909379482269287,-1.0896201133728027,-0.037846505641937256,3.0390076637268066,-1.2338308095932007,0.20127235352993011,2.983588457107544,-1.2626729011535645,0.2490961253643036,2.9725046157836914,-1.3203572034835815,0.34474366903305054,2.9503369331359863,-1.2373889684677124,0.32180970907211304,2.9279677867889404,-0.6028110384941101,0.22877269983291626,2.8526079654693604,-0.6279465556144714,0.6908308267593384,2.9045825004577637,-0.6435392498970032,1.1001825332641602,2.9638383388519287,-0.7043114304542542,1.2162092924118042,2.8691213130950928,-0.792944610118866,0.25847697257995605,2.9529058933258057,-0.8016989231109619,0.7206153869628906,3.0093183517456055,-0.7889472246170044,1.1243977546691895,3.0994319915771484,-0.8416979908943176,1.2511701583862305,3.014150619506836,-0.884606122970581,-0.46147727966308594,2.783379554748535,-0.9027510285377502,-0.5102356672286987,2.770031690597534,-0.8731329441070557,-0.5644950270652771,2.7766873836517334,-0.7742085456848145,-0.5914157629013062,2.8399667739868164,-0.9282764792442322,-0.5524969696998596,2.807821273803711,-0.9304486513137817,-0.5574212074279785,2.9281795024871826,-0.6284794211387634,1.1979575157165527,3.015162706375122,-0.7671130895614624,1.2167344093322754,3.1578969955444336
-0.7000128030776978,0.24155810475349426,2.9058096408843994,-0.7316761016845703,0.04545260965824127,2.900383234024048,-0.7640665769577026,-0.15054592490196228,2.8954017162323,-0.7964580059051514,-0.3465502858161926,2.8904201984405518,-0.7494709491729736,-0.354750394821167,2.864457130432129,-0.6050824522972107,-0.37659376859664917,2.785054922103882,-0.5079572796821594,-0.10660514235496521,2.8576419353485107,-0.4637413024902344,0.17395424842834473,2.8397865295410156,-0.4548981189727783,0.23006612062454224,2.8362154960632324,-0.4372117221355438,0.34228986501693726,2.829073429107666,-0.5036119818687439,0.2974759042263031,2.86763596534729,-0.8437970876693726,-0.3404805660247803,2.9163289070129395,-0.9881855845451355,-0.3186371922492981,2.9957311153411865,-1.0869933366775513,-0.0446796715259552,3.048459768295288,-1.2343478202819824,0.19315709173679352,2.9964232444763184,-1.2638187408447266,0.24072444438934326,2.986016035079956,-1.3227605819702148,0.33585914969444275,2.9652013778686523,-1.2397674322128296,0.3140804171562195,2.941915988922119,-0.6051006317138672,0.22763599455356598,2.8551270961761475,-0.6279484629631042,0.6899508237838745,2.905103921890259,-0.6390814781188965,1.098983883857727,2.966999053955078,-0.6994199156761169,1.216167688369751,2.8734853267669678,-0.7949249744415283,0.25548022985458374,2.9564921855926514,-0.8017145991325378,0.7173562049865723,3.0146231651306152,-0.7870924472808838,1.120721459388733,3.1059775352478027,-0.8398817777633667,1.2479304075241089,3.0214271545410156,-0.8799025416374207,-0.4645536243915558,2.7868239879608154,-0.897824764251709,-0.5133459568023682,2.7732913494110107,-0.8679415583610535,-0.567491888999939,2.7797064781188965,-0.7688388228416443,-0.5941960215568542,2.842808485031128,-0.9231213331222534,-0.5558831095695496,2.810929536819458,-0.92518150806427,-0.5613044500350952,2.9312734603881836,-0.6226796507835388,1.196267008781433,3.0188021659851074,-0.7646219730377197,1.2127735614776611,3.1646125316619873
-0.7012317180633545,0.2402925193309784,2.9064385890960693,-0.7306761145591736,0.04384958744049072,2.9014956951141357,-0.760591983795166,-0.15252916514873505,2.8968422412872314,-0.7905087471008301,-0.3489137887954712,2.892188549041748,-0.7436721324920654,-0.3565157651901245,2.8657872676849365,-0.5997909903526306,-0.37652087211608887,2.7850406169891357,-0.5103433132171631,-0.10437509417533875,2.858826160430908,-0.4755057096481323,0.17738240957260132,2.8413450717926025,-0.46853819489479065,0.2337339073419571,2.8378489017486572,-0.4546031355857849,0.34643691778182983,2.8308565616607666,-0.5191649794578552,0.29940563440322876,2.8697962760925293,-0.8376705646514893,-0.343446284532547,2.918539524078369,-0.9815517067909241,-0.32344117760658264,2.99928617477417,-1.0843462944030762,-0.05259457230567932,3.059152126312256,-1.2379190921783447,0.18222378194332123,3.012436866760254,-1.2686336040496826,0.22918745875358582,3.003093719482422,-1.330062747001648,0.323114812374115,2.984407663345337,-1.2470167875289917,0.3035721182823181,2.9595494270324707,-0.6067218780517578,0.22742709517478943,2.85475492477417,-0.6283631324768066,0.6900138854980469,2.9019007682800293,-0.6360111236572266,1.098829746246338,2.965250253677368,-0.6967583894729614,1.2166953086853027,2.872915029525757,-0.7957415580749512,0.25315794348716736,2.9581222534179688,-0.7987332940101624,0.7152774333953857,3.0139272212982178,-0.7805519104003906,1.1190476417541504,3.1024770736694336,-0.8336403965950012,1.2460107803344727,3.0177993774414062,-0.8740788698196411,-0.46660059690475464,2.788292169570923,-0.8918328285217285,-0.5153940916061401,2.77451491355896,-0.8615983128547668,-0.5694265961647034,2.7802906036376953,-0.761867105960846,-0.5960618257522583,2.842456340789795,-0.9166147708892822,-0.558366060256958,2.8120150566101074,-0.9177470803260803,-0.5647236108779907,2.932342052459717,-0.61831134557724,1.1958131790161133,3.0171451568603516,-0.7567952871322632,1.211316704750061,3.160219669342041
-0.7043037414550781,0.23966538906097412,2.9039440155029297,-0.7311866283416748,0.04285989701747894,2.8994290828704834,-0.7582110166549683,-0.15392881631851196,2.895028829574585,-0.7852362394332886,-0.3507234454154968,2.8906285762786865,-0.7386267185211182,-0.35761094093322754,2.8636436462402344,-0.5955547094345093,-0.3754139244556427,2.781144857406616,-0.513994038105011,-0.10157349705696106,2.856632947921753,-0.4889708161354065,0.18098104000091553,2.839698553085327,-0.4839661717414856,0.23749195039272308,2.8363115787506104,-0.4739568829536438,0.350513756275177,2.829537868499756,-0.5365034341812134,0.3012493848800659,2.8688082695007324,-0.8321394920349121,-0.34597480297088623,2.91756534576416,-0.975211501121521,-0.32817181944847107,3.0000641345977783,-1.0825037956237793,-0.06059649586677551,3.065110206604004,-1.2440403699874878,0.16834573447704315,3.0177671909332275,-1.2763476371765137,0.21413418650627136,3.008298635482788,-1.340962290763855,0.3057110905647278,2.98936128616333,-1.2575124502182007,0.28884726762771606,2.964203357696533,-0.6103571653366089,0.22804796695709229,2.850968837738037,-0.6302490830421448,0.690876841545105,2.895703077316284,-0.6338071823120117,1.0994229316711426,2.960695743560791,-0.6951031684875488,1.2180792093276978,2.8697926998138428,-0.7982503175735474,0.25128281116485596,2.9569191932678223,-0.7949302196502686,0.7138906717300415,3.007814884185791,-0.7704330086708069,1.1182045936584473,3.0919387340545654,-0.8234403133392334,1.2449332475662231,3.0069096088409424,-0.8691338300704956,-0.46820828318595886,2.7866857051849365,-0.8866600394248962,-0.5170369148254395,2.772686719894409,-0.8559062480926514,-0.5708796977996826,2.7776095867156982,-0.7551751136779785,-0.5972412824630737,2.838325262069702,-0.9106314778327942,-0.5605551600456238,2.8101115226745605,-0.9102298021316528,-0.567988395690918,2.9304139614105225,-0.6145612001419067,1.1960529088974,3.0126609802246094,-0.7445981502532959,1.2107330560684204,3.1483230590820312
-0.7091068029403687,0.23860397934913635,2.9014077186584473,-0.7331434488296509,0.04142904281616211,2.8972856998443604,-0.7570093870162964,-0.1557653248310089,2.8931028842926025,-0.7808760404586792,-0.3529655933380127,2.8889200687408447,-0.7346339225769043,-0.35906049609184265,2.861128330230713,-0.5928855538368225,-0.37441542744636536,2.776244878768921,-0.5187700390815735,-0.09947371482849121,2.8533387184143066,-0.5039228796958923,0.1833043098449707,2.8366100788116455,-0.5009534358978271,0.2398599088191986,2.8332643508911133,-0.4950145483016968,0.3529711365699768,2.826572895050049,-0.5551788806915283,0.3015814423561096,2.866480588912964,-0.8273775577545166,-0.349014014005661,2.916666269302368,-0.9691259264945984,-0.3336590826511383,3.00154972076416,-1.0802741050720215,-0.06988981366157532,3.0729737281799316,-1.250763177871704,0.15167099237442017,3.0249316692352295,-1.2848609685897827,0.1959831565618515,3.0153231620788574,-1.35305655002594,0.284607470035553,2.9961063861846924,-1.2694059610366821,0.2707551121711731,2.970339298248291,-0.6159493327140808,0.22838953137397766,2.84678316116333,-0.6334285736083984,0.6914786100387573,2.8892672061920166,-0.6320785880088806,1.0997251272201538,2.955927610397339,-0.6940708756446838,1.2192802429199219,2.86672043800354,-0.8022642731666565,0.24881842732429504,2.9560322761535645,-0.7912662625312805,0.7120435237884521,2.999199390411377,-0.7591678500175476,1.1172086000442505,3.076151132583618,-0.8121886253356934,1.243308186531067,2.990232229232788,-0.8651885986328125,-0.4703877568244934,2.785161018371582,-0.8823914527893066,-0.5192855000495911,2.770948886871338,-0.8509332537651062,-0.5728273391723633,2.7747952938079834,-0.7488642930984497,-0.5986355543136597,2.8335466384887695,-0.9052296280860901,-0.5634714365005493,2.8083274364471436,-0.9027039408683777,-0.572127103805542,2.9285545349121094,-0.6109644770622253,1.1959556341171265,3.0078835487365723,-0.7307947874069214,1.2102304697036743,3.130441427230835
-0.715246319770813,0.23858875036239624,2.899362802505493,-0.7359136939048767,0.0410386323928833,2.8954594135284424,-0.756138265132904,-0.15655271708965302,2.8913309574127197,-0.7763634324073792,-0.3541499972343445,2.887202501296997,-0.7306531071662903,-0.3593117594718933,2.858367443084717,-0.5908645391464233,-0.3717833161354065,2.770465850830078,-0.5242038369178772,-0.09609487652778625,2.848492383956909,-0.5205634832382202,0.1862061619758606,2.8311665058135986,-0.5198354125022888,0.24266637861728668,2.8277013301849365,-0.518379271030426,0.35558679699897766,2.8207709789276123,-0.5755876898765564,0.3021588623523712,2.8617753982543945,-0.8222936391830444,-0.35113584995269775,2.915992498397827,-0.9620822072029114,-0.33866429328918457,3.003894090652466,-1.074827790260315,-0.07896286249160767,3.083765983581543,-1.252685785293579,0.13589295744895935,3.036746025085449,-1.288257360458374,0.17886412143707275,3.0273420810699463,-1.3594005107879639,0.26480644941329956,3.0085341930389404,-1.2758311033248901,0.25371253490448,2.9820427894592285,-0.6231412291526794,0.23007239401340485,2.842702865600586,-0.6368854641914368,0.6934816241264343,2.882735252380371,-0.6294484734535217,1.101496696472168,2.9502737522125244,-0.6922167539596558,1.2219455242156982,2.862844228744507,-0.8073514103889465,0.24710510671138763,2.9560227394104004,-0.7892817854881287,0.7108196020126343,2.9904022216796875,-0.7503365278244019,1.1169401407241821,3.058537244796753,-0.8040026426315308,1.2420053482055664,2.971529483795166,-0.8612223863601685,-0.47177383303642273,2.784022808074951,-0.8780197501182556,-0.5207881927490234,2.7696640491485596,-0.8456950187683105,-0.5739103555679321,2.772258996963501,-0.7419677376747131,-0.5988110303878784,2.8285231590270996,-0.8993939161300659,-0.5657053589820862,2.8070695400238037,-0.89411461353302,-0.5755636692047119,2.927152633666992,-0.606046736240387,1.1973520517349243,3.001929759979248,-0.7194660902023315,1.2106252908706665,3.1102514266967773
-0.7214150428771973,0.23913982510566711,2.898153066635132,-0.7383394241333008,0.041270121932029724,2.8940768241882324,-0.7545830011367798,-0.15664802491664886,2.8896028995513916,-0.770827054977417,-0.3545721173286438,2.8851287364959717,-0.7258015275001526,-0.35867175459861755,2.8550875186920166,-0.5885064005851746,-0.3678748309612274,2.763737201690674,-0.5306023359298706,-0.09130731225013733,2.841897964477539,-0.5401643514633179,0.18979981541633606,2.8230719566345215,-0.5420767664909363,0.24602124094963074,2.8193068504333496,-0.5459015965461731,0.3584640920162201,2.8117763996124268,-0.599510669708252,0.30294281244277954,2.854196071624756,-0.8160291314125061,-0.35262367129325867,2.91512131690979,-0.9533242583274841,-0.3434205949306488,3.006471633911133,-1.0660382509231567,-0.0890028178691864,3.098768711090088,-1.2502872943878174,0.12058994174003601,3.0588905811309814,-1.2871371507644653,0.16250848770141602,3.050915002822876,-1.3608367443084717,0.24634559452533722,3.034963607788086,-1.2778804302215576,0.23804160952568054,3.0065860748291016,-0.6306302547454834,0.23258990049362183,2.8391644954681396,-0.6404515504837036,0.6962226629257202,2.8771920204162598,-0.6269998550415039,1.103989601135254,2.945053815841675,-0.6908486485481262,1.2252070903778076,2.85951828956604,-0.8121998310089111,0.2456897497177124,2.957141637802124,-0.7888238430023193,0.7097278833389282,2.9820432662963867,-0.7450449466705322,1.116918683052063,3.0398287773132324,-0.8002592921257019,1.2404043674468994,2.951571464538574,-0.8565088510513306,-0.4724254012107849,2.782778024673462,-0.8729117512702942,-0.521557092666626,2.7682886123657227,-0.8396948575973511,-0.5742050409317017,2.7694473266601562,-0.7341361045837402,-0.5980859994888306,2.822767734527588,-0.8926194906234741,-0.5672351717948914,2.805727005004883,-0.8840891122817993,-0.5783379077911377,2.9255599975585938,-0.6012330055236816,1.1995060443878174,2.9961862564086914,-0.7120471596717834,1.211487054824829,3.0885095596313477
-0.7279776930809021,0.23869448900222778,2.894840955734253,-0.7410058379173279,0.04058316349983215,2.890326738357544,-0.7532204389572144,-0.15756838023662567,2.885329008102417,-0.7654353976249695,-0.35572588443756104,2.880331039428711,-0.721164345741272,-0.3587484359741211,2.8490865230560303,-0.5867427587509155,-0.36464741826057434,2.754441976547241,-0.5383528470993042,-0.08731833100318909,2.8313863277435303,-0.5621641874313354,0.19143274426460266,2.809512138366699,-0.5669264793395996,0.2471829652786255,2.8051373958587646,-0.5764510035514832,0.35868340730667114,2.7963876724243164,-0.6260653138160706,0.3014042377471924,2.840470314025879,-0.8098391890525818,-0.3548569977283478,2.9115211963653564,-0.9442607164382935,-0.34895801544189453,3.0061657428741455,-1.0517064332962036,-0.09790372848510742,3.1091248989105225,-1.2369496822357178,0.11008410155773163,3.0748660564422607,-1.2739983797073364,0.15168166160583496,3.06801438331604,-1.3480956554412842,0.23487679660320282,3.0543107986450195,-1.2658709287643433,0.2275257557630539,3.024801015853882,-0.6386218667030334,0.2342149019241333,2.8335492610931396,-0.6446165442466736,0.6979773640632629,2.870023012161255,-0.625533401966095,1.1054654121398926,2.9378843307495117,-0.6905106902122498,1.2273616790771484,2.8542232513427734,-0.8173335194587708,0.24317407608032227,2.956132650375366,-0.7912962436676025,0.7073132395744324,2.9745397567749023,-0.7444287538528442,1.1149930953979492,3.025691509246826,-0.8015100955963135,1.2375150918960571,2.937317132949829,-0.8518694639205933,-0.47375231981277466,2.778803586959839,-0.8678885698318481,-0.5229695439338684,2.7641680240631104,-0.8338627219200134,-0.5751135349273682,2.763902425765991,-0.7266513109207153,-0.597957968711853,2.8143110275268555,-0.8859642744064331,-0.5693550705909729,2.8015642166137695,-0.8742724657058716,-0.5816422700881958,2.9210190773010254,-0.5975132584571838,1.2006627321243286,2.988391876220703,-0.7097791433334351,1.2100456953048706,3.072200298309326
-0.7371368408203125,0.23689815402030945,2.9019036293029785,-0.7462474703788757,0.038597285747528076,2.897033929824829,-0.7543944120407104,-0.15972936153411865,2.891545295715332,-0.762541651725769,-0.35806193947792053,2.886056423187256,-0.7191124558448792,-0.3600276708602905,2.8535802364349365,-0.5878825187683105,-0.36270785331726074,2.75563645362854,-0.5486292839050293,-0.08441603183746338,2.829519748687744,-0.5865400433540344,0.19113847613334656,2.8029215335845947,-0.5941221714019775,0.24624937772750854,2.7976019382476807,-0.6092864871025085,0.3564711809158325,2.7869627475738525,-0.6547802686691284,0.2980012893676758,2.8331329822540283,-0.8060593008995056,-0.3582518696784973,2.918473243713379,-0.9372892379760742,-0.3555716872215271,3.0164170265197754,-1.036407709121704,-0.10760825872421265,3.1310274600982666,-1.2204582691192627,0.10094742476940155,3.1044774055480957,-1.2572684288024902,0.1426585614681244,3.0991673469543457,-1.3308886289596558,0.22608083486557007,3.0885472297668457,-1.2496306896209717,0.21896108984947205,3.057457685470581,-0.6493746638298035,0.2344287484884262,2.8382699489593506,-0.6512824296951294,0.6983984112739563,2.872022867202759,-0.6270095109939575,1.105946660041809,2.9376468658447266,-0.6932922601699829,1.2280393838882446,2.8553295135498047,-0.8248990178108215,0.2393675595521927,2.9655373096466064,-0.7978380918502808,0.703608512878418,2.9781384468078613,-0.7487890720367432,1.1116321086883545,3.0239882469177246,-0.8080114722251892,1.2334054708480835,2.9360101222991943,-0.849663257598877,-0.47659462690353394,2.7856812477111816,-0.8652839064598083,-0.5259386897087097,2.771022081375122,-0.8304722309112549,-0.5775460004806519,2.769460916519165,-0.7216853499412537,-0.5991300344467163,2.8169968128204346,-0.8817049264907837,-0.5729125738143921,2.808457374572754,-0.866844654083252,-0.5860020518302917,2.9274866580963135,-0.5968242883682251,1.2010984420776367,2.9869606494903564,-0.7126986384391785,1.2070488929748535,3.0685975551605225
-0.7430505156517029,0.23678994178771973,2.899996042251587,-0.7483981251716614,0.03838081657886505,2.8944246768951416,-0.7527562975883484,-0.16003313660621643,2.8882017135620117,-0.757114589214325,-0.35845303535461426,2.881978750228882,-0.7145499587059021,-0.3594127595424652,2.8483381271362305,-0.5867723822593689,-0.3590570390224457,2.7475078105926514,-0.5572823882102966,-0.08047807216644287,2.818725347518921,-0.6106858849525452,0.19048383831977844,2.7875423431396484,-0.621366560459137,0.24467621743679047,2.7813057899475098,-0.6427279710769653,0.3530609905719757,2.7688324451446533,-0.6835346221923828,0.29356300830841064,2.817142963409424,-0.7997266054153442,-0.3596498668193817,2.9155516624450684,-0.9275041818618774,-0.36000558733940125,3.0163819789886475,-1.015204906463623,-0.11288173496723175,3.1379806995391846,-1.1960686445236206,0.09685185551643372,3.1146395206451416,-1.2322413921356201,0.1387985795736313,3.109971284866333,-1.3045868873596191,0.22269201278686523,3.100634813308716,-1.2244161367416382,0.2145686000585556,3.0682969093322754,-0.6569252014160156,0.23631766438484192,2.8341495990753174,-0.6568407416343689,0.7002758979797363,2.8676536083221436,-0.6296941041946411,1.107718586921692,2.9326171875,-0.6977540254592896,1.229998230934143,2.85206937789917,-0.8291758298873901,0.23726221919059753,2.9658424854278564,-0.804823100566864,0.701662540435791,2.976752281188965,-0.7560811042785645,1.1097522974014282,3.0220699310302734,-0.8178961873054504,1.2314505577087402,2.935809373855591,-0.8453899621963501,-0.4771558344364166,2.782762289047241,-0.8608313798904419,-0.5265595316886902,2.768078327178955,-0.8255046010017395,-0.5777746438980103,2.7652435302734375,-0.7153408527374268,-0.5985396504402161,2.8099441528320312,-0.8758251667022705,-0.5740178227424622,2.8055202960968018,-0.8579156994819641,-0.5878953337669373,2.9240617752075195,-0.5979585647583008,1.2027729749679565,2.981121063232422,-0.7192287445068359,1.2052161693572998,3.0659291744232178
-0.7501341104507446,0.23583519458770752,2.90887713432312,-0.7519868612289429,0.03739982843399048,2.902463436126709,-0.7529221773147583,-0.16102014482021332,2.895406484603882,-0.7538574934005737,-0.35944604873657227,2.8883492946624756,-0.7122222185134888,-0.35948461294174194,2.8535568714141846,-0.5880752801895142,-0.35638466477394104,2.749940872192383,-0.5680539011955261,-0.07759132981300354,2.8184142112731934,-0.6370773911476135,0.18791070580482483,2.7821967601776123,-0.6508820652961731,0.2410111129283905,2.7749533653259277,-0.678491473197937,0.34721192717552185,2.7604663372039795,-0.7145423889160156,0.2870570421218872,2.8110101222991943,-0.7955030202865601,-0.36156415939331055,2.923064947128296,-0.9196499586105347,-0.36466410756111145,3.0266809463500977,-0.9922857284545898,-0.11711852252483368,3.1541972160339355,-1.1661008596420288,0.0972585529088974,3.1342458724975586,-1.2008638381958008,0.14013397693634033,3.130255699157715,-1.2703899145126343,0.225884810090065,3.1222751140594482,-1.1914410591125488,0.21533675491809845,3.0886776447296143,-0.6657830476760864,0.23724770545959473,2.840808153152466,-0.6653436422348022,0.7011194229125977,2.874476194381714,-0.6375992298126221,1.1086764335632324,2.938035011291504,-0.7081193923950195,1.2306172847747803,2.859158992767334,-0.8344851732254028,0.2344226837158203,2.9769461154937744,-0.8156753182411194,0.6989949345588684,2.9883270263671875,-0.7691226005554199,1.1070537567138672,3.035581588745117,-0.8340689539909363,1.228867530822754,2.951870918273926,-0.8435547351837158,-0.47834986448287964,2.790616035461426,-0.8588902950286865,-0.5278092622756958,2.7759816646575928,-0.8231397867202759,-0.5786505937576294,2.7718424797058105,-0.7116175889968872,-0.59861820936203,2.8134775161743164,-0.8724200129508972,-0.5756856203079224,2.8134634494781494,-0.8512448072433472,-0.5902173519134521,2.931403398513794,-0.604844331741333,1.203881859779358,2.985513210296631,-0.7319562435150146,1.202468752861023,3.0792367458343506
-0.7543402910232544,0.23632267117500305,2.9067773818969727,-0.7533714771270752,0.0378950834274292,2.9000983238220215,-0.7516222596168518,-0.16050785779953003,2.892868995666504,-0.7498729825019836,-0.3589167594909668,2.8856394290924072,-0.7091420292854309,-0.35833144187927246,2.849799394607544,-0.5887110829353333,-0.3534117043018341,2.7439217567443848,-0.5777015089988708,-0.07506173849105835,2.810250759124756,-0.6615913510322571,0.18407592177391052,2.76996111869812,-0.6783693432807922,0.23590345680713654,2.7619032859802246,-0.7119252681732178,0.33955854177474976,2.7457873821258545,-0.7432959079742432,0.2790502905845642,2.7982659339904785,-0.7905849814414978,-0.36165851354599,2.921400547027588,-0.9110159277915955,-0.36657825112342834,3.027278184890747,-0.9626662731170654,-0.11376911401748657,3.1514523029327393,-1.1225870847702026,0.10934165120124817,3.130004644393921,-1.154571294784546,0.15396380424499512,3.1257150173187256,-1.2185395956039429,0.243208110332489,3.117136001586914,-1.1416125297546387,0.22703009843826294,3.082209348678589,-0.6716828942298889,0.23908431828022003,2.8367202281951904,-0.6745123267173767,0.7026993632316589,2.872898817062378,-0.6483087539672852,1.1099627017974854,2.9386160373687744,-0.7216010689735413,1.2318792343139648,2.8623132705688477,-0.8369976878166199,0.23356102406978607,2.976834535598755,-0.8254220485687256,0.6982312202453613,2.991098403930664,-0.7813994288444519,1.1058518886566162,3.043788433074951,-0.8492213487625122,1.2283549308776855,2.963472366333008,-0.8417923450469971,-0.47780561447143555,2.789914131164551,-0.8573247790336609,-0.527276337146759,2.775491237640381,-0.8214812278747559,-0.5779502391815186,2.77011775970459,-0.7087265849113464,-0.5976128578186035,2.808516263961792,-0.8695915937423706,-0.5753846168518066,2.81312894821167,-0.8450392484664917,-0.5903435349464417,2.9303810596466064,-0.6151434779167175,1.205078363418579,2.9859559535980225,-0.7441179156303406,1.200891137123108,3.0881237983703613
-0.7576965093612671,0.2373521625995636,2.8992526531219482,-0.754490077495575,0.03894132375717163,2.8930699825286865,-0.7507581114768982,-0.15945029258728027,2.886573076248169,-0.7470260262489319,-0.3578478693962097,2.8800759315490723,-0.707132875919342,-0.356973260641098,2.8433151245117188,-0.5904077291488647,-0.35125669836997986,2.7358038425445557,-0.5873852372169495,-0.07382503151893616,2.8000264167785645,-0.6845861077308655,0.1783527135848999,2.7559609413146973,-0.7040262818336487,0.22878825664520264,2.747147798538208,-0.7429066300392151,0.3296593427658081,2.7295215129852295,-0.769959032535553,0.2692297697067261,2.7836954593658447,-0.7868785858154297,-0.36087876558303833,2.9167659282684326,-0.903603732585907,-0.3665953278541565,3.0242772102355957,-0.9290300607681274,-0.10405552387237549,3.1316473484039307,-1.0692521333694458,0.12874676287174225,3.0981175899505615,-1.0972965955734253,0.17530721426010132,3.091411590576172,-1.1533854007720947,0.26842814683914185,3.0779995918273926,-1.079519271850586,0.24343466758728027,3.0428216457366943,-0.6765846610069275,0.240899920463562,2.8274648189544678,-0.6846609115600586,0.7040061950683594,2.868443727493286,-0.6604359149932861,1.1103781461715698,2.9399213790893555,-0.7363232374191284,1.232809066772461,2.8670928478240967,-0.8388083577156067,0.23380440473556519,2.9710404872894287,-0.8349130749702454,0.6983851194381714,2.99005389213562,-0.7926762104034424,1.1049950122833252,3.0510339736938477,-0.8628399968147278,1.2287533283233643,2.974790334701538,-0.841356635093689,-0.4768937826156616,2.786858320236206,-0.8572081327438354,-0.5263967514038086,2.7728593349456787,-0.8214455842971802,-0.5770311951637268,2.766517162322998,-0.707642674446106,-0.5965385437011719,2.801856279373169,-0.8683866262435913,-0.5745295286178589,2.810823917388916,-0.8406423926353455,-0.5894504189491272,2.92739200592041,-0.627065122127533,1.2050251960754395,2.988023519515991,-0.7552093267440796,1.1992788314819336,3.0967752933502197
-0.7601638436317444,0.2385369837284088,2.8887205123901367,-0.7551879286766052,0.04016321897506714,2.883465528488159,-0.7499159574508667,-0.1582004427909851,2.8781189918518066,-0.7446438074111938,-0.3565700650215149,2.872772216796875,-0.7054627537727356,-0.3555973768234253,2.835266590118408,-0.5921228528022766,-0.3496609628200531,2.726778030395508,-0.5955429077148438,-0.07387474179267883,2.7896535396575928,-0.7039058804512024,0.17115682363510132,2.7427191734313965,-0.7255784869194031,0.22016313672065735,2.733332395553589,-0.7689236998558044,0.3181757628917694,2.7145586013793945,-0.7921894788742065,0.25811508297920227,2.7699880599975586,-0.7837675213813782,-0.3596987724304199,2.910219669342041,-0.8971074223518372,-0.3656351864337921,3.0187082290649414,-0.8920696973800659,-0.09348618984222412,3.095731735229492,-1.0088974237442017,0.14561067521572113,3.039430618286133,-1.032262921333313,0.19343005120754242,3.028170347213745,-1.0789940357208252,0.2890687882900238,3.005650043487549,-1.0097354650497437,0.25310391187667847,2.972022771835327,-0.6803169846534729,0.24247755110263824,2.8155722618103027,-0.6943113803863525,0.7048513889312744,2.8623783588409424,-0.6718900799751282,1.10988450050354,2.941444158554077,-0.7499254941940308,1.233116626739502,2.8723628520965576,-0.8400107026100159,0.23459641635417938,2.9618687629699707,-0.8433650732040405,0.6988760828971863,2.98655366897583,-0.8019998073577881,1.1039721965789795,3.0572073459625244,-0.8738459348678589,1.2292776107788086,2.985203266143799,-0.8412654995918274,-0.47569164633750916,2.781968116760254,-0.8574917316436768,-0.5252098441123962,2.768422842025757,-0.8219305276870728,-0.5758996605873108,2.7613260746002197,-0.7073295712471008,-0.5954687595367432,2.794027328491211,-0.867826521396637,-0.5732786655426025,2.8067243099212646,-0.8373681902885437,-0.5880426168441772,2.9226553440093994,-0.6384044885635376,1.2038182020187378,2.990826368331909,-0.7642626762390137,1.1972357034683228,3.104759931564331
-0.7622435092926025,0.23953580856323242,2.877121925354004,-0.7558853626251221,0.04122208058834076,2.873209238052368,-0.7494138479232788,-0.15708979964256287,2.869389533996582,-0.7429421544075012,-0.35540759563446045,2.865569829940796,-0.7043409943580627,-0.3544937074184418,2.827486276626587,-0.5939420461654663,-0.3487924337387085,2.7185280323028564,-0.6026370525360107,-0.07490357756614685,2.7803735733032227,-0.7206954956054688,0.16297738254070282,2.7310099601745605,-0.7443071603775024,0.21055357158184052,2.721137285232544,-0.7915305495262146,0.3057059645652771,2.7013919353485107,-0.8113861680030823,0.24622738361358643,2.757864236831665,-0.7814729809761047,-0.35847699642181396,2.903611660003662,-0.8918719291687012,-0.36417827010154724,3.0125699043273926,-0.8604171872138977,-0.08810070157051086,3.0538899898529053,-0.9560111165046692,0.1504942774772644,2.9708468914031982,-0.9751299023628235,0.19821327924728394,2.954238176345825,-1.0133674144744873,0.293651282787323,2.921020984649658,-0.949196994304657,0.24777066707611084,2.8910510540008545,-0.6834475994110107,0.2435268759727478,2.8028807640075684,-0.7030323147773743,0.7050482630729675,2.855462074279785,-0.6818712949752808,1.1085189580917358,2.942347764968872,-0.7616105675697327,1.2326205968856812,2.8768863677978516,-0.8410394191741943,0.23554474115371704,2.9513630867004395,-0.8504433631896973,0.6994423270225525,2.9807047843933105,-0.8090451955795288,1.1029276847839355,3.0598952770233154,-0.8820647597312927,1.2296340465545654,2.991642713546753,-0.8416248559951782,-0.4746544063091278,2.7771260738372803,-0.8582175970077515,-0.5241922736167908,2.7640740871429443,-0.8228972554206848,-0.5749808549880981,2.756422281265259,-0.7076753973960876,-0.5946677327156067,2.786858081817627,-0.8678632378578186,-0.5721233487129211,2.802741050720215,-0.8350788950920105,-0.5865713357925415,2.9180946350097656,-0.6482378840446472,1.2016419172286987,2.9931302070617676,-0.7709059715270996,1.1951873302459717,3.1090428829193115
-0.7637765407562256,0.24025586247444153,2.865114688873291,-0.7563720345497131,0.04205119609832764,2.862738609313965,-0.7489897608757019,-0.15615689754486084,2.860589027404785,-0.7416072487831116,-0.35437095165252686,2.8584394454956055,-0.703450620174408,-0.3536111116409302,2.8199446201324463,-0.5954400897026062,-0.348405659198761,2.71089506149292,-0.6078001856803894,-0.0764133632183075,2.7721469402313232,-0.7335703372955322,0.15496300160884857,2.7206170558929443,-0.7587243318557739,0.20123827457427979,2.7103111743927,-0.8090323805809021,0.2937888205051422,2.689699172973633,-0.8261208534240723,0.2350143939256668,2.7469842433929443,-0.7796837091445923,-0.3572850823402405,2.8969109058380127,-0.887694239616394,-0.36249053478240967,3.005960464477539,-0.8423812985420227,-0.08737951517105103,3.018003225326538,-0.9256235361099243,0.1454935222864151,2.9138429164886475,-0.9422720074653625,0.19206812977790833,2.8930108547210693,-0.9755688905715942,0.2852173447608948,2.851346731185913,-0.9149437546730042,0.2334464192390442,2.825416326522827,-0.685772716999054,0.2440693974494934,2.790086030960083,-0.7103047370910645,0.7046893835067749,2.848193883895874,-0.6902732849121094,1.106585144996643,2.94233775138855,-0.7713509798049927,1.2314528226852417,2.8800551891326904,-0.8417803645133972,0.23644232749938965,2.940143346786499,-0.855452835559845,0.7000599503517151,2.9720957279205322,-0.8132763504981995,1.1022413969039917,3.057276487350464,-0.8869448304176331,1.2300065755844116,2.991750478744507,-0.8418631553649902,-0.47375258803367615,2.7719271183013916,-0.8587237596511841,-0.5233114361763,2.759279251098633,-0.8235857486724854,-0.5741671919822693,2.7511887550354004,-0.7078920602798462,-0.5939087867736816,2.779799222946167,-0.867792546749115,-0.5711331367492676,2.798231601715088,-0.8331447839736938,-0.5853122472763062,2.9130871295928955,-0.6565701961517334,1.198927879333496,2.9944798946380615,-0.7746613621711731,1.1937135457992554,3.1075122356414795
-0.7651622891426086,0.24068307876586914,2.8541431427001953,-0.7570239901542664,0.042656078934669495,2.853391647338867,-0.7490242719650269,-0.1553775817155838,2.8529958724975586,-0.7410243153572083,-0.35341715812683105,2.85260009765625,-0.7032164335250854,-0.35289037227630615,2.8138203620910645,-0.5970730781555176,-0.3483847677707672,2.704829454421997,-0.6121708154678345,-0.07783368229866028,2.765050172805786,-0.7436572313308716,0.14806227385997772,2.71099853515625,-0.76995450258255,0.19324146211147308,2.700188159942627,-0.822549045085907,0.283599853515625,2.678567409515381,-0.8376520872116089,0.2256103754043579,2.736550807952881,-0.7787452936172485,-0.35609644651412964,2.8913753032684326,-0.8848886489868164,-0.3606020510196686,3.0003662109375,-0.834981381893158,-0.08774745464324951,2.9897847175598145,-0.9121360182762146,0.13828349113464355,2.870635986328125,-0.9275669455528259,0.18348968029022217,2.846806287765503,-0.9584288001060486,0.2739020586013794,2.799146890640259,-0.8998380899429321,0.2190047949552536,2.776643991470337,-0.6877353191375732,0.24415184557437897,2.7785818576812744,-0.716098964214325,0.7040198445320129,2.8407366275787354,-0.6967899203300476,1.1046124696731567,2.940411329269409,-0.7788006067276001,1.230044960975647,2.8805344104766846,-0.842589259147644,0.23721431195735931,2.929704427719116,-0.8597261905670166,0.7005080580711365,2.9645121097564697,-0.8163482546806335,1.1012039184570312,3.0558552742004395,-0.8902063965797424,1.2301175594329834,2.99284291267395,-0.8425055146217346,-0.4732179343700409,2.7680890560150146,-0.8595431447029114,-0.5228403210639954,2.75591778755188,-0.8245180249214172,-0.573738157749176,2.747567653656006,-0.7084169983863831,-0.5933454632759094,2.7746191024780273,-0.8680524826049805,-0.570480227470398,2.7952256202697754,-0.8317647576332092,-0.5841147303581238,2.9096500873565674,-0.663016676902771,1.1963324546813965,2.9935951232910156,-0.7772695422172546,1.1917979717254639,3.107307195663452
-0.769798755645752,0.24081188440322876,2.836977481842041,-0.760204017162323,0.04349195957183838,2.838249683380127,-0.7508535385131836,-0.15383629500865936,2.839973211288452,-0.7415027618408203,-0.35117048025131226,2.8416967391967773,-0.704387903213501,-0.3508290946483612,2.8024911880493164,-0.6013913154602051,-0.34690040349960327,2.6935172080993652,-0.6203562617301941,-0.07827013731002808,2.7534523010253906,-0.7600075006484985,0.14003470540046692,2.696775197982788,-0.7879377603530884,0.18369567394256592,2.6854398250579834,-0.8437982797622681,0.2710176110267639,2.662769079208374,-0.8561248183250427,0.21392570436000824,2.7215640544891357,-0.7785159349441528,-0.3536566197872162,2.8809211254119873,-0.8815125226974487,-0.3575853109359741,2.9898951053619385,-0.836752712726593,-0.08817464113235474,2.950798273086548,-0.9057494401931763,0.13184820115566254,2.8196449279785156,-0.9195488095283508,0.17585277557373047,2.793414354324341,-0.9471474885940552,0.26386192440986633,2.740952968597412,-0.8907553553581238,0.20620578527450562,2.721874713897705,-0.693599283695221,0.2440245896577835,2.760591745376587,-0.7264745831489563,0.702601969242096,2.8287389278411865,-0.709408700466156,1.1017086505889893,2.934112310409546,-0.7933052182197571,1.2272276878356934,2.8772337436676025,-0.845998227596283,0.237599179148674,2.913363218307495,-0.8665594458580017,0.7008284330368042,2.9452054500579834,-0.8211621046066284,1.1009671688079834,3.037449836730957,-0.8955746293067932,1.2302278280258179,2.9759411811828613,-0.8435122966766357,-0.47153711318969727,2.758612632751465,-0.8604086637496948,-0.5212587118148804,2.7466349601745605,-0.8251774311065674,-0.5719108581542969,2.7376508712768555,-0.7085253596305847,-0.5907766819000244,2.7628302574157715,-0.8679744005203247,-0.5690149068832397,2.786001205444336,-0.8297834992408752,-0.5825715661048889,2.899822473526001,-0.6757545471191406,1.1929044723510742,2.98819637298584,-0.7812255024909973,1.1912598609924316,3.088700771331787
-0.7703848481178284,0.2415977418422699,2.8270702362060547,-0.7613334059715271,0.04455791413784027,2.829744815826416,-0.7525963187217712,-0.1524888128042221,2.8329110145568848,-0.7438589930534363,-0.34954142570495605,2.8360772132873535,-0.7067705392837524,-0.34959879517555237,2.796954870223999,-0.6042965054512024,-0.3467949330806732,2.6886751651763916,-0.6205335855484009,-0.07842755317687988,2.747821807861328,-0.7578324675559998,0.1401975303888321,2.6893601417541504,-0.7852922677993774,0.18392254412174225,2.6776678562164307,-0.840211808681488,0.27137258648872375,2.654283285140991,-0.8533059358596802,0.21479561924934387,2.71315598487854,-0.7808524966239929,-0.35162580013275146,2.8752338886260986,-0.883326530456543,-0.3544296622276306,2.983513593673706,-0.8467981815338135,-0.08523884415626526,2.938960313796997,-0.9137531518936157,0.1362554281949997,2.8104186058044434,-0.9271441698074341,0.18055428564548492,2.784710168838501,-0.953926146030426,0.2691519856452942,2.7332935333251953,-0.89781254529953,0.21159020066261292,2.7138946056365967,-0.6942506432533264,0.2440599948167801,2.750810384750366,-0.7283474206924438,0.7024964094161987,2.8186936378479004,-0.712295651435852,1.1016051769256592,2.923905849456787,-0.7964739203453064,1.2268714904785156,2.866974353790283,-0.8465190529823303,0.2391354888677597,2.903330087661743,-0.8655828833580017,0.7026640772819519,2.9300220012664795,-0.8182545900344849,1.103346586227417,3.0185012817382812,-0.8920032978057861,1.2323622703552246,2.955772638320923,-0.8449990749359131,-0.47035300731658936,2.7525687217712402,-0.8616521954536438,-0.5201472043991089,2.740546703338623,-0.8261896967887878,-0.570679247379303,2.7317898273468018,-0.7095993757247925,-0.589098334312439,2.7575907707214355,-0.8692482709884644,-0.5678980350494385,2.7799158096313477,-0.8315985798835754,-0.5812181234359741,2.8939480781555176,-0.6788856387138367,1.1928859949111938,2.9779536724090576,-0.7778955698013306,1.1939022541046143,3.068903923034668
-0.7709423303604126,0.24216336011886597,2.819361925125122,-0.7623869180679321,0.04537893831729889,2.8233237266540527,-0.7542098760604858,-0.1514100283384323,2.827821969985962,-0.7460325956344604,-0.34820491075515747,2.832320213317871,-0.708957850933075,-0.34862852096557617,2.793283462524414,-0.606857419013977,-0.346847802400589,2.6855831146240234,-0.6198256015777588,-0.07848572731018066,2.743518590927124,-0.753986656665802,0.14110928773880005,2.683331251144409,-0.7808188796043396,0.1850282847881317,2.6712937355041504,-0.8344833254814148,0.27286627888679504,2.647218704223633,-0.848539412021637,0.21683529019355774,2.706207752227783,-0.7830184698104858,-0.3499201536178589,2.871406078338623,-0.8851189017295837,-0.35170087218284607,2.9791064262390137,-0.856845498085022,-0.08221423625946045,2.9330577850341797,-0.9234544038772583,0.14150194823741913,2.8091304302215576,-0.9367761611938477,0.18624518811702728,2.7843449115753174,-0.9634197354316711,0.2757316529750824,2.734773874282837,-0.9071967005729675,0.21878191828727722,2.714465379714966,-0.6949008703231812,0.24393616616725922,2.7432100772857666,-0.7298950552940369,0.7025180459022522,2.809030055999756,-0.7131788730621338,1.1016367673873901,2.9137978553771973,-0.797211766242981,1.2269420623779297,2.856822967529297,-0.846983790397644,0.24039055407047272,2.8955137729644775,-0.8637588620185852,0.7041638493537903,2.917583703994751,-0.8147103190422058,1.1054788827896118,3.0017974376678467,-0.8878918886184692,1.2341152429580688,2.9377174377441406,-0.8461569547653198,-0.46946296095848083,2.7482314109802246,-0.8625479936599731,-0.5193291902542114,2.736144542694092,-0.8268444538116455,-0.5697433948516846,2.7276864051818848,-0.7103700637817383,-0.5877193808555603,2.7543184757232666,-0.8702478408813477,-0.5670682787895203,2.7755091190338135,-0.8333463072776794,-0.5801398754119873,2.8898160457611084,-0.6795958280563354,1.1929079294204712,2.967712163925171,-0.773966908454895,1.1963717937469482,3.0512287616729736
-0.7704974412918091,0.24266397953033447,2.8128044605255127,-0.7624356746673584,0.04609455168247223,2.817920684814453,-0.7548243999481201,-0.1504765897989273,2.823627471923828,-0.7472129464149475,-0.3470536172389984,2.829334259033203,-0.710150420665741,-0.347820520401001,2.790369987487793,-0.6083335876464844,-0.3469916880130768,2.6831233501434326,-0.6177796125411987,-0.0783194899559021,2.7393524646759033,-0.7480520606040955,0.14295271039009094,2.6776092052459717,-0.7741065621376038,0.1872071474790573,2.6652605533599854,-0.8262155652046204,0.27571603655815125,2.6405632495880127,-0.841424822807312,0.22022078931331635,2.699690341949463,-0.784192681312561,-0.3484232723712921,2.868360757827759,-0.8860095143318176,-0.3492521047592163,2.975607395172119,-0.8647339940071106,-0.07921603322029114,2.9301810264587402,-0.9315339922904968,0.1471318006515503,2.811652660369873,-0.944894015789032,0.19240136444568634,2.787946939468384,-0.9716140031814575,0.28294050693511963,2.7405357360839844,-0.9152480363845825,0.22667190432548523,2.7189998626708984,-0.6945724487304688,0.2437979280948639,2.7367358207702637,-0.7307923436164856,0.7025632858276367,2.8000404834747314,-0.7125542163848877,1.1014916896820068,2.9050180912017822,-0.7962509393692017,1.227095603942871,2.8482794761657715,-0.8464224338531494,0.24153003096580505,2.8888731002807617,-0.8613258600234985,0.7054334878921509,2.9077534675598145,-0.8111571073532104,1.1072239875793457,2.988650321960449,-0.8839970231056213,1.2355111837387085,2.9235541820526123,-0.8464299440383911,-0.46865612268447876,2.7446649074554443,-0.8626152873039246,-0.5185767412185669,2.73252272605896,-0.8267327547073364,-0.56891930103302,2.7243969440460205,-0.7104165554046631,-0.5865892171859741,2.7519168853759766,-0.8704965710639954,-0.5662825107574463,2.77189302444458,-0.8344140648841858,-0.5791183114051819,2.8864893913269043,-0.6785759329795837,1.192599892616272,2.958923578262329,-0.7701542377471924,1.1983917951583862,3.0373146533966064
-0.7690158486366272,0.24333208799362183,2.8072478771209717,-0.7614377737045288,0.04691691696643829,2.8131604194641113,-0.7543884515762329,-0.14949649572372437,2.819746255874634,-0.7473388910293579,-0.3459157943725586,2.8263323307037354,-0.7102857828140259,-0.3469606041908264,2.7874224185943604,-0.6086620688438416,-0.34689855575561523,2.680497169494629,-0.6148105263710022,-0.07768088579177856,2.7344517707824707,-0.7407774925231934,0.14563845098018646,2.671226978302002,-0.7659708857536316,0.190302312374115,2.6585819721221924,-0.8163576722145081,0.27963003516197205,2.6332919597625732,-0.832828164100647,0.2246682494878769,2.692572832107544,-0.7843153476715088,-0.34700578451156616,2.865313768386841,-0.8859390616416931,-0.34706783294677734,2.9722390174865723,-0.8691568970680237,-0.07665199041366577,2.9272868633270264,-0.93558669090271,0.1519354283809662,2.8129565715789795,-0.9488726258277893,0.1976529061794281,2.790090560913086,-0.9754445552825928,0.2890878915786743,2.744358539581299,-0.919153094291687,0.23315125703811646,2.7218050956726074,-0.6931220293045044,0.24397504329681396,2.731332778930664,-0.7292593717575073,0.7030389904975891,2.792339563369751,-0.7087653279304504,1.101801872253418,2.89746356010437,-0.7917677760124207,1.2278891801834106,2.8407957553863525,-0.84490966796875,0.2426891326904297,2.8831629753112793,-0.8590992093086243,0.7065927386283875,2.9021246433258057,-0.8082153797149658,1.1082013845443726,2.983391046524048,-0.8806823492050171,1.2366834878921509,2.9182794094085693,-0.8459991216659546,-0.4676319658756256,2.741173505783081,-0.8621202111244202,-0.5175682306289673,2.7290079593658447,-0.826203465461731,-0.5679431557655334,2.72123646736145,-0.710097074508667,-0.5856157541275024,2.749631643295288,-0.8703093528747559,-0.5651968121528625,2.7684097290039062,-0.8350638151168823,-0.57783442735672,2.883289337158203,-0.674266517162323,1.1926937103271484,2.9513940811157227,-0.7670984268188477,1.1992435455322266,3.032183885574341
-0.7672901749610901,0.24486428499221802,2.8027195930480957,-0.7602294087409973,0.048570096492767334,2.809291124343872,-0.7537988424301147,-0.14771898090839386,2.8166189193725586,-0.7473680973052979,-0.34401392936706543,2.823946952819824,-0.7103343605995178,-0.3453213572502136,2.785071611404419,-0.6088598966598511,-0.3459814488887787,2.6783406734466553,-0.6110045909881592,-0.07642003893852234,2.7302563190460205,-0.7311667203903198,0.14990012347698212,2.666870594024658,-0.755199134349823,0.19516415894031525,2.65419340133667,-0.8032639622688293,0.2856922149658203,2.6288390159606934,-0.8212507367134094,0.23113977909088135,2.6880085468292236,-0.7843318581581116,-0.34483999013900757,2.8629021644592285,-0.8858063220977783,-0.3441798985004425,2.969633102416992,-0.8710498809814453,-0.0738416314125061,2.9242167472839355,-0.9362638592720032,0.1561497151851654,2.8122854232788086,-0.9493066668510437,0.20214799046516418,2.7898991107940674,-0.9753922820091248,0.29414451122283936,2.745126485824585,-0.9194428324699402,0.23815587162971497,2.7219865322113037,-0.6914435029029846,0.2450549602508545,2.726921319961548,-0.7279221415519714,0.7043340802192688,2.7859325408935547,-0.7055634260177612,1.1028863191604614,2.8914103507995605,-0.7880241274833679,1.2293955087661743,2.8349103927612305,-0.8431368470191956,0.24467360973358154,2.8785178661346436,-0.8585714101791382,0.7084782123565674,2.898452043533325,-0.8076607584953308,1.1096519231796265,2.9817416667938232,-0.8800820112228394,1.2384637594223022,2.9172492027282715,-0.8461431860923767,-0.46563780307769775,2.738785982131958,-0.862404465675354,-0.5155531167984009,2.7267191410064697,-0.8266478180885315,-0.5660896897315979,2.7192606925964355,-0.7107253074645996,-0.5841081738471985,2.7481892108917236,-0.8709354400634766,-0.5630199909210205,2.7662441730499268,-0.83620685338974,-0.5754106640815735,2.8813092708587646,-0.6706236004829407,1.1935672760009766,2.9454028606414795,-0.7665501236915588,1.200439214706421,3.0310022830963135
-0.7663726210594177,0.2457171380519867,2.800455331802368,-0.7599188685417175,0.04949882626533508,2.8077259063720703,-0.7541662454605103,-0.14670990407466888,2.8157994747161865,-0.7484134435653687,-0.3429245352745056,2.823873281478882,-0.7114402055740356,-0.3445099890232086,2.784977912902832,-0.6101782917976379,-0.34593310952186584,2.6782407760620117,-0.6077061295509338,-0.07607811689376831,2.7277615070343018,-0.7209038138389587,0.15379559993743896,2.6649515628814697,-0.7435433268547058,0.19977034628391266,2.6523895263671875,-0.7888224124908447,0.29171982407569885,2.627265691757202,-0.808459460735321,0.23761245608329773,2.68625545501709,-0.7853241562843323,-0.34347161650657654,2.86285662651062,-0.88658607006073,-0.3420484960079193,2.9695937633514404,-0.8718751668930054,-0.07208675146102905,2.922856330871582,-0.9354222416877747,0.1585632562637329,2.811666965484619,-0.9481316804885864,0.2046932578086853,2.789429187774658,-0.9735504984855652,0.2969532608985901,2.7449533939361572,-0.9181366562843323,0.2405989170074463,2.7215754985809326,-0.6906080842018127,0.24540257453918457,2.724712610244751,-0.72719806432724,0.7049968838691711,2.781038284301758,-0.7026645541191101,1.1034661531448364,2.886301040649414,-0.7845494747161865,1.2303662300109863,2.829853057861328,-0.8421371579170227,0.24603170156478882,2.8761980533599854,-0.859886646270752,0.7097113132476807,2.8968021869659424,-0.8088246583938599,1.110287070274353,2.9827771186828613,-0.8812651038169861,1.2395466566085815,2.919220209121704,-0.8484129905700684,-0.4641228914260864,2.739532947540283,-0.8651260137557983,-0.5139575004577637,2.7277493476867676,-0.8298172950744629,-0.5648341178894043,2.7204627990722656,-0.7139860391616821,-0.583697497844696,2.749225616455078,-0.8739722967147827,-0.5611547231674194,2.767528772354126,-0.8390918970108032,-0.5732725858688354,2.8825788497924805,-0.667191743850708,1.1939892768859863,2.940204620361328,-0.7676571607589722,1.200725793838501,3.032621145248413
-0.7644609212875366,0.245803564786911,2.79966139793396,-0.7585119605064392,0.049638643860816956,2.807676315307617,-0.7532572746276855,-0.14651134610176086,2.816500663757324,-0.7480024099349976,-0.34266722202301025,2.8253252506256104,-0.7112314701080322,-0.3445082902908325,2.7862648963928223,-0.6105301380157471,-0.34663262963294983,2.679079055786133,-0.6037138104438782,-0.07657665014266968,2.726160764694214,-0.7107195854187012,0.15633685886859894,2.664341688156128,-0.7321207523345947,0.20291955769062042,2.651977777481079,-0.7749230861663818,0.2960849702358246,2.6272501945495605,-0.7957790493965149,0.24244941771030426,2.6861863136291504,-0.7847163081169128,-0.34295809268951416,2.8644816875457764,-0.885417640209198,-0.34083375334739685,2.971667528152466,-0.8696898818016052,-0.07140013575553894,2.9231746196746826,-0.9315733313560486,0.15948964655399323,2.8119051456451416,-0.9439499974250793,0.20566760003566742,2.7896511554718018,-0.9687033891677856,0.298023521900177,2.745143413543701,-0.9139754772186279,0.241133451461792,2.7216150760650635,-0.6890004277229309,0.2449893206357956,2.7237234115600586,-0.7244808673858643,0.7049179673194885,2.777906656265259,-0.6973732709884644,1.1033947467803955,2.882472276687622,-0.7787824273109436,1.2306523323059082,2.826151132583618,-0.8399214148521423,0.24661780893802643,2.8755993843078613,-0.8596278429031372,0.7102046012878418,2.896287441253662,-0.8080053329467773,1.1102997064590454,2.984103202819824,-0.8806142807006836,1.2399190664291382,2.9214870929718018,-0.8499742150306702,-0.4639466404914856,2.7434887886047363,-0.8671472668647766,-0.5137763023376465,2.732356309890747,-0.8322404623031616,-0.564911425113678,2.7249276638031006,-0.7160831093788147,-0.584214985370636,2.7520523071289062,-0.8756435513496399,-0.5606123208999634,2.7726385593414307,-0.8390586376190186,-0.5720342397689819,2.8872334957122803,-0.661201000213623,1.1938011646270752,2.936101198196411,-0.7665948271751404,1.200458288192749,3.0342471599578857
-0.7635167241096497,0.24512159824371338,2.8007712364196777,-0.7579658031463623,0.04899795353412628,2.8097026348114014,-0.7530711889266968,-0.1471061110496521,2.819413185119629,-0.7481763958930969,-0.34321606159210205,2.8291239738464355,-0.7117286920547485,-0.3453235626220703,2.7897801399230957,-0.6119124889373779,-0.3481786549091339,2.6818089485168457,-0.6001930236816406,-0.0780399739742279,2.726609468460083,-0.6999227404594421,0.15853168070316315,2.667112350463867,-0.7198686599731445,0.20584601163864136,2.655212879180908,-0.7597605586051941,0.3004746735095978,2.6314141750335693,-0.7818766236305237,0.24721375107765198,2.690173625946045,-0.7845709323883057,-0.34324002265930176,2.8685734272003174,-0.8843871355056763,-0.34038493037223816,2.9765446186065674,-0.8674507141113281,-0.0717160701751709,2.9250710010528564,-0.9284306764602661,0.15845948457717896,2.812143087387085,-0.9406266808509827,0.20449459552764893,2.789557456970215,-0.9650186896324158,0.29656481742858887,2.7443861961364746,-0.9109122157096863,0.23908120393753052,2.72100567817688,-0.6885987520217896,0.24376286566257477,2.7243733406066895,-0.7223509550094604,0.704035222530365,2.77652907371521,-0.6923062801361084,1.1025768518447876,2.879967212677002,-0.7733812928199768,1.2301526069641113,2.8239047527313232,-0.8384346961975098,0.246480330824852,2.877169132232666,-0.8585779070854187,0.7100834846496582,2.8965697288513184,-0.8050529956817627,1.1098589897155762,2.98461651802063,-0.8776617050170898,1.2398018836975098,2.9226925373077393,-0.8528945446014404,-0.46480756998062134,2.751310110092163,-0.8705930113792419,-0.5146622061729431,2.74114990234375,-0.8361356854438782,-0.5660387277603149,2.733290910720825,-0.71937096118927,-0.5856368541717529,2.757444381713867,-0.8782053589820862,-0.5610547065734863,2.782118320465088,-0.838568389415741,-0.5715155601501465,2.8957886695861816,-0.6552664041519165,1.1928987503051758,2.933134078979492,-0.7630084753036499,1.1998032331466675,3.034606695175171
-0.7622627019882202,0.2452300786972046,2.8018386363983154,-0.7572153806686401,0.04914933443069458,2.8113672733306885,-0.7528290152549744,-0.14690816402435303,2.8216700553894043,-0.7484424710273743,-0.3429715633392334,2.831973075866699,-0.7124033570289612,-0.3453201651573181,2.79227876663208,-0.6137169599533081,-0.3488360643386841,2.6833574771881104,-0.5963872671127319,-0.07892808318138123,2.7271487712860107,-0.6870924234390259,0.1622595340013504,2.6723217964172363,-0.7052334547042847,0.21049705147743225,2.6613564491271973,-0.7415155172348022,0.30697208642959595,2.639425754547119,-0.765142560005188,0.25375741720199585,2.697596788406372,-0.7844339609146118,-0.34275388717651367,2.871779680252075,-0.8831203579902649,-0.3392379879951477,2.980700969696045,-0.8650467395782471,-0.07140502333641052,2.925863265991211,-0.9266132712364197,0.15710538625717163,2.8101158142089844,-0.9389265775680542,0.2028074711561203,2.786966323852539,-0.9635531902313232,0.29421162605285645,2.7406673431396484,-0.9098532795906067,0.23625680804252625,2.717613458633423,-0.688014566898346,0.24339939653873444,2.7248380184173584,-0.720913290977478,0.7038726806640625,2.775540828704834,-0.68888258934021,1.1025059223175049,2.877943515777588,-0.7700685858726501,1.230195164680481,2.822324514389038,-0.8365108370780945,0.24706076085567474,2.8788392543792725,-0.8572214245796204,0.7106513977050781,2.8973753452301025,-0.8023138046264648,1.110219955444336,2.985414743423462,-0.875179648399353,1.2403476238250732,2.924205780029297,-0.8567160367965698,-0.46442851424217224,2.7589190006256104,-0.8751081228256226,-0.5142385959625244,2.749796152114868,-0.8413017988204956,-0.5659229755401611,2.7411210536956787,-0.7238718271255493,-0.5861637592315674,2.761244535446167,-0.881566047668457,-0.560261607170105,2.79138445854187,-0.8379539251327515,-0.5701230764389038,2.9036569595336914,-0.6511436700820923,1.1928205490112305,2.930617332458496,-0.7597226500511169,1.2000335454940796,3.0351643562316895
-0.7603535652160645,0.2460222840309143,2.8026206493377686,-0.7559996843338013,0.04996223747730255,2.8124756813049316,-0.7523007988929749,-0.14607150852680206,2.823092460632324,-0.7486017942428589,-0.34211114048957825,2.833709716796875,-0.7129878401756287,-0.3446773290634155,2.793654203414917,-0.6154860258102417,-0.3487885892391205,2.6837730407714844,-0.5920356512069702,-0.07943737506866455,2.727687120437622,-0.6730347275733948,0.16633495688438416,2.6786653995513916,-0.6892345547676086,0.21548941731452942,2.668861150741577,-0.7216342091560364,0.31379833817481995,2.649252414703369,-0.7468357682228088,0.26049041748046875,2.7066409587860107,-0.7841755747795105,-0.34167563915252686,2.873880386352539,-0.8816773891448975,-0.3375643789768219,2.9837615489959717,-0.8627219200134277,-0.07045379281044006,2.9261326789855957,-0.9257981777191162,0.15620529651641846,2.8077473640441895,-0.9384134411811829,0.2015371173620224,2.7840702533721924,-0.9636439085006714,0.2922007441520691,2.7367162704467773,-0.9102117419242859,0.23393967747688293,2.7138915061950684,-0.6867517232894897,0.24375681579113007,2.72503399848938,-0.7189159393310547,0.7043343782424927,2.775041103363037,-0.6860749125480652,1.1032174825668335,2.8761215209960938,-0.767669141292572,1.2307586669921875,2.820784568786621,-0.8339554071426392,0.24828775227069855,2.8802073001861572,-0.8556522130966187,0.7118198275566101,2.8984875679016113,-0.8004887104034424,1.111375331878662,2.9863274097442627,-0.8739290237426758,1.2414568662643433,2.925731658935547,-0.8609736561775208,-0.4627540111541748,2.765550136566162,-0.8802275061607361,-0.5124186277389526,2.7573821544647217,-0.8473155498504639,-0.5644965171813965,2.7475810050964355,-0.7293565273284912,-0.5858785510063171,2.7630813121795654,-0.8854845762252808,-0.5582221746444702,2.799402952194214,-0.8375020623207092,-0.5681012272834778,2.909910202026367,-0.647929847240448,1.193664789199829,2.928260564804077,-0.7576207518577576,1.201200008392334,3.0358059406280518
-0.7573301792144775,0.2467617392539978,2.8027989864349365,-0.7536608576774597,0.050705909729003906,2.812798261642456,-0.7506116628646851,-0.14532199501991272,2.823526620864868,-0.7475624084472656,-0.34135574102401733,2.8342552185058594,-0.7122837901115417,-0.34408333897590637,2.7939188480377197,-0.6157289743423462,-0.34863489866256714,2.683309555053711,-0.5870013236999512,-0.07992085814476013,2.7275631427764893,-0.6589279770851135,0.16962923109531403,2.6841509342193604,-0.673313319683075,0.21953925490379333,2.6754684448242188,-0.702083945274353,0.31935930252075195,2.6581034660339355,-0.7287596464157104,0.26594892144203186,2.714695692062378,-0.7828078866004944,-0.3407588601112366,2.8747081756591797,-0.8793627023696899,-0.3362073004245758,2.9853174686431885,-0.8614152669906616,-0.07011640071868896,2.9231529235839844,-0.9299529194831848,0.15166674554347992,2.7988624572753906,-0.9436604380607605,0.1960233747959137,2.7740044593811035,-0.9710754752159119,0.28473663330078125,2.72428822517395,-0.9169155955314636,0.22676417231559753,2.7025434970855713,-0.6841927766799927,0.24415215849876404,2.724794626235962,-0.7155452966690063,0.7047344446182251,2.775167226791382,-0.6831535696983337,1.103974461555481,2.874933958053589,-0.7653084993362427,1.2311614751815796,2.8196229934692383,-0.8304675817489624,0.24937132000923157,2.880803346633911,-0.8535097241401672,0.7128125429153442,2.8994503021240234,-0.7985692620277405,1.1122807264328003,2.987778902053833,-0.8725340366363525,1.242351770401001,2.927812099456787,-0.8641385436058044,-0.4605715274810791,2.7705740928649902,-0.8843494653701782,-0.5100038051605225,2.763178586959839,-0.8525106310844421,-0.5625246167182922,2.752094268798828,-0.7342633008956909,-0.5854452848434448,2.7629430294036865,-0.8885400295257568,-0.5557692050933838,2.8054039478302,-0.8363468050956726,-0.5663050413131714,2.913987159729004,-0.6449713110923767,1.1946587562561035,2.926626443862915,-0.7556008696556091,1.2020797729492188,3.037210702896118
-0.7559689879417419,0.24656632542610168,2.8035502433776855,-0.7529436945915222,0.05052386224269867,2.8135385513305664,-0.7504351735115051,-0.14549283683300018,2.824155807495117,-0.7479265928268433,-0.3415154218673706,2.834773540496826,-0.7129150032997131,-0.3443324565887451,2.794220209121704,-0.6171119809150696,-0.3491278886795044,2.6830520629882812,-0.5831074118614197,-0.08116292953491211,2.7277233600616455,-0.645530104637146,0.17172929644584656,2.6896321773529053,-0.6580146551132202,0.2223077416419983,2.682013988494873,-0.6829837560653687,0.32346463203430176,2.6667773723602295,-0.7113509178161621,0.27004948258399963,2.7225089073181152,-0.7829108834266663,-0.3408288359642029,2.8754422664642334,-0.8787139058113098,-0.3360334038734436,2.9866104125976562,-0.8643906116485596,-0.07074645161628723,2.92046856880188,-0.9433690309524536,0.1436178833246231,2.78965425491333,-0.9591647386550903,0.1864907443523407,2.76349139213562,-0.990756094455719,0.2722364664077759,2.7111656665802,-0.934916615486145,0.21551652252674103,2.6904611587524414,-0.6831961274147034,0.24369831383228302,2.725217819213867,-0.7121808528900146,0.7043788433074951,2.7758734226226807,-0.6800625920295715,1.104178547859192,2.8733673095703125,-0.7625765204429626,1.230936884880066,2.817634105682373,-0.8287418484687805,0.24943433701992035,2.881882667541504,-0.8516822457313538,0.7128745317459106,2.9000372886657715,-0.7966286540031433,1.112532615661621,2.9873239994049072,-0.8709458708763123,1.2424266338348389,2.9274332523345947,-0.8683276176452637,-0.45903706550598145,2.774895191192627,-0.8894413113594055,-0.50820392370224,2.768054723739624,-0.8586882948875427,-0.5611109733581543,2.755627393722534,-0.7403659820556641,-0.5855981111526489,2.7621052265167236,-0.8926936984062195,-0.5541092157363892,2.8102622032165527,-0.8367146849632263,-0.5657598376274109,2.916903495788574,-0.6418518424034119,1.1951923370361328,2.924443006515503,-0.7535050511360168,1.2024539709091187,3.0363831520080566
-0.7565909624099731,0.24590560793876648,2.8060243129730225,-0.7546311020851135,0.04986342787742615,2.815675973892212,-0.7530864477157593,-0.1461591273546219,2.8257901668548584,-0.7515417337417603,-0.3421875238418579,2.835904598236084,-0.7165745496749878,-0.34507375955581665,2.7953288555145264,-0.6208875775337219,-0.3500578999519348,2.684117317199707,-0.5804680585861206,-0.08322367072105408,2.729893684387207,-0.6309032440185547,0.1731175184249878,2.6979215145111084,-0.6409902572631836,0.22438575327396393,2.6915271282196045,-0.6611643433570862,0.3269222378730774,2.6787381172180176,-0.6919899582862854,0.2736020088195801,2.7332189083099365,-0.786492109298706,-0.3414319157600403,2.8765902519226074,-0.8821790814399719,-0.3364477753639221,2.9878017902374268,-0.8753217458724976,-0.0712742805480957,2.920231819152832,-0.9712440967559814,0.13261033594608307,2.7841925621032715,-0.9904285669326782,0.17338725924491882,2.7569847106933594,-1.0287975072860718,0.25494110584259033,2.702569007873535,-0.9701237082481384,0.20103324949741364,2.682253122329712,-0.6837678551673889,0.24278058111667633,2.7277615070343018,-0.7099606394767761,0.7037354707717896,2.7769052982330322,-0.6790042519569397,1.104622721672058,2.8699989318847656,-0.7616679072380066,1.2305433750152588,2.8126678466796875,-0.8294140696525574,0.24903063476085663,2.884287118911743,-0.8507716655731201,0.7126024961471558,2.8993048667907715,-0.7955019474029541,1.1129803657531738,2.982839822769165,-0.8697024583816528,1.2423371076583862,2.9217069149017334,-0.8756148815155029,-0.4566566050052643,2.776979446411133,-0.8978853225708008,-0.5053586959838867,2.769975185394287,-0.8684336543083191,-0.5587860345840454,2.756308078765869,-0.7503915429115295,-0.5857676267623901,2.7601616382598877,-0.9012539982795715,-0.5517513155937195,2.81174898147583,-0.8433824777603149,-0.5658360123634338,2.9172446727752686,-0.6411309242248535,1.1962782144546509,2.920140504837036,-0.7523452043533325,1.2033207416534424,3.031062364578247
-0.759066641330719,0.24449753761291504,2.81734299659729,-0.7581344246864319,0.048470646142959595,2.8264529705047607,-0.757533848285675,-0.14754058420658112,2.835920572280884,-0.7569332718849182,-0.3435576558113098,2.845388412475586,-0.7219308614730835,-0.34647560119628906,2.8048629760742188,-0.6260984539985657,-0.3515484929084778,2.693758010864258,-0.5791662931442261,-0.08595755696296692,2.74017333984375,-0.6167661547660828,0.17318716645240784,2.714184522628784,-0.6242861151695251,0.22501611709594727,2.708986759185791,-0.6393260359764099,0.3286740183830261,2.6985912322998047,-0.6728328466415405,0.2757061719894409,2.7517893314361572,-0.7919291257858276,-0.3427702486515045,2.886016845703125,-0.8877615332603455,-0.3376973569393158,2.997121810913086,-0.8908823728561401,-0.07220703363418579,2.930783748626709,-1.007240891456604,0.11839433014392853,2.7915825843811035,-1.0305125713348389,0.15651459991931915,2.763742446899414,-1.0770559310913086,0.2327551543712616,2.708061933517456,-1.01493501663208,0.1829947680234909,2.6874897480010986,-0.6860383749008179,0.24121811985969543,2.7393038272857666,-0.7088440656661987,0.7026680707931519,2.7852559089660645,-0.6789610981941223,1.1049960851669312,2.8722290992736816,-0.7615889310836792,1.2298613786697388,2.8125977516174316,-0.8320949077606201,0.24777695536613464,2.8953821659088135,-0.8517538905143738,0.7114746570587158,2.9082536697387695,-0.7956469655036926,1.1121279001235962,2.9898264408111572,-0.8692632913589478,1.241357684135437,2.927738666534424,-0.8842706680297852,-0.454822838306427,2.7863070964813232,-0.9076828956604004,-0.5030388832092285,2.7789194583892822,-0.8794678449630737,-0.5569865703582764,2.764209032058716,-0.7617735862731934,-0.5865384936332703,2.766380548477173,-0.9115741848945618,-0.5499765276908875,2.8202056884765625,-0.8527414798736572,-0.566676676273346,2.9250378608703613,-0.6414574980735779,1.1974836587905884,2.9210972785949707,-0.7524058818817139,1.2026023864746094,3.0377132892608643
-0.762399435043335,0.24347054958343506,2.8244082927703857,-0.7626244425773621,0.047471657395362854,2.8330962657928467,-0.7631857991218567,-0.1485116183757782,2.8421146869659424,-0.7637472152709961,-0.34450072050094604,2.851133346557617,-0.7285928726196289,-0.3475263714790344,2.810765266418457,-0.6322606801986694,-0.3528982996940613,2.700021505355835,-0.578218400478363,-0.08881595730781555,2.746971845626831,-0.6016995906829834,0.17246636748313904,2.7270591259002686,-0.6063958406448364,0.22472283244132996,2.723076581954956,-0.6157883405685425,0.3292357623577118,2.715111494064331,-0.6523298621177673,0.27691733837127686,2.76690936088562,-0.7989075779914856,-0.34360530972480774,2.891599416732788,-0.8952397704124451,-0.3382333815097809,3.00234317779541,-0.9101128578186035,-0.0726960301399231,2.938054084777832,-1.0474799871444702,0.10049775242805481,2.7953989505767822,-1.0749534368515015,0.13513651490211487,2.7668678760528564,-1.129900336265564,0.2044140249490738,2.709805727005005,-1.0637810230255127,0.16008055210113525,2.6893534660339355,-0.6889474987983704,0.23994682729244232,2.7468161582946777,-0.7081890106201172,0.7018030285835266,2.79005765914917,-0.6788794994354248,1.1052430868148804,2.87184476852417,-0.761059045791626,1.2292965650558472,2.8099589347839355,-0.8358513712882996,0.2469942718744278,2.9020004272460938,-0.8541946411132812,0.7108162045478821,2.911163330078125,-0.7971117496490479,1.1118522882461548,2.990053653717041,-0.8699852228164673,1.2408642768859863,2.926666498184204,-0.8935843706130981,-0.4527689218521118,2.7905890941619873,-0.9179930090904236,-0.5005407929420471,2.7825794219970703,-0.8907725811004639,-0.5549643039703369,2.7671024799346924,-0.7733801603317261,-0.5868959426879883,2.7687761783599854,-0.9227744340896606,-0.54804527759552,2.823357582092285,-0.8640519976615906,-0.5672920942306519,2.9281651973724365,-0.641716480255127,1.1983720064163208,2.9197356700897217,-0.753792941570282,1.2025269269943237,3.0374794006347656
-0.7662644386291504,0.24270173907279968,2.8319251537323,-0.7675898671150208,0.04673847556114197,2.8403258323669434,-0.7692008018493652,-0.14921054244041443,2.8490045070648193,-0.7708117961883545,-0.3451654314994812,2.8576834201812744,-0.735542893409729,-0.348304808139801,2.8174400329589844,-0.638746440410614,-0.3539969027042389,2.7068891525268555,-0.5772331357002258,-0.09166941046714783,2.75416898727417,-0.5856940746307373,0.1708877980709076,2.7407054901123047,-0.5873862504959106,0.22339923679828644,2.7380127906799316,-0.5907706022262573,0.3284221291542053,2.7326273918151855,-0.6304536461830139,0.2770216464996338,2.782987117767334,-0.8060981631278992,-0.34415584802627563,2.8980209827423096,-0.9028946161270142,-0.33846375346183777,3.0085718631744385,-0.9322725534439087,-0.07244676351547241,2.9519426822662354,-1.0903377532958984,0.08479280769824982,2.812371015548706,-1.1219507455825806,0.1162407249212265,2.784456729888916,-1.1851768493652344,0.17913654446601868,2.728628158569336,-1.115756869316101,0.14119085669517517,2.7064056396484375,-0.692516565322876,0.23889119923114777,2.754671335220337,-0.7078964710235596,0.7010923027992249,2.7951760292053223,-0.6782456040382385,1.1054152250289917,2.8721237182617188,-0.7598584890365601,1.2288336753845215,2.8082919120788574,-0.8400123119354248,0.2465122789144516,2.9091789722442627,-0.8561197519302368,0.710435688495636,2.913938045501709,-0.7967512011528015,1.1116658449172974,2.9898781776428223,-0.8685607314109802,1.2406251430511475,2.9252240657806396,-0.9025004506111145,-0.4510404169559479,2.7959811687469482,-0.9276431202888489,-0.49844563007354736,2.7874362468719482,-0.9011776447296143,-0.5531602501869202,2.7712454795837402,-0.7840441465377808,-0.5868345499038696,2.772346019744873,-0.9330475926399231,-0.546438992023468,2.827731132507324,-0.8743423223495483,-0.5677908658981323,2.9323887825012207,-0.6411576867103577,1.1990500688552856,2.9190502166748047,-0.7530251741409302,1.2024227380752563,3.036742925643921
-0.7688905596733093,0.24284499883651733,2.8374979496002197,-0.7714105844497681,0.04691720008850098,2.845731735229492,-0.7742415070533752,-0.14899326860904694,2.8542706966400146,-0.777072548866272,-0.3449096083641052,2.862809896469116,-0.7416547536849976,-0.34823548793792725,2.822723865509033,-0.6442021131515503,-0.35445451736450195,2.7123470306396484,-0.575117290019989,-0.09408968687057495,2.7600111961364746,-0.5693234801292419,0.16877493262290955,2.7524430751800537,-0.5681647062301636,0.2213478535413742,2.750929355621338,-0.5658471584320068,0.3264937102794647,2.7479021549224854,-0.6084354519844055,0.2762037217617035,2.7969937324523926,-0.8125211000442505,-0.34371310472488403,2.9029886722564697,-0.9099737405776978,-0.3374940752983093,3.0133655071258545,-0.9555143117904663,-0.07152634859085083,2.968402624130249,-1.1307049989700317,0.07224167883396149,2.8348824977874756,-1.165743112564087,0.10099528729915619,2.808178424835205,-1.2358193397521973,0.1585025042295456,2.754770278930664,-1.1637400388717651,0.12745805084705353,2.7304062843322754,-0.6947798728942871,0.23866252601146698,2.760655641555786,-0.7073001265525818,0.7010307312011719,2.799043655395508,-0.6776536107063293,1.1059657335281372,2.8722076416015625,-0.7587264776229858,1.2288178205490112,2.806704044342041,-0.8430012464523315,0.2470274716615677,2.9143402576446533,-0.8568359017372131,0.7109468579292297,2.915818929672241,-0.7951194643974304,1.1120491027832031,2.9900643825531006,-0.8656830787658691,1.2411454916000366,2.924405813217163,-0.910429835319519,-0.4485889971256256,2.800238609313965,-0.9362375736236572,-0.4956418573856354,2.7912585735321045,-0.9104799032211304,-0.5506049990653992,2.774439811706543,-0.7936283349990845,-0.5858505964279175,2.7749555110931396,-0.9421920776367188,-0.5440318584442139,2.8311362266540527,-0.8834795355796814,-0.567226767539978,2.9355950355529785,-0.6407471895217896,1.199993371963501,2.9184300899505615,-0.7510261535644531,1.202717661857605,3.036699056625366
-0.7725691795349121,0.241653174161911,2.8449175357818604,-0.7779808640480042,0.04585282504558563,2.8534398078918457,-0.7837775349617004,-0.14992012083530426,2.862330436706543,-0.789574384689331,-0.3456989526748657,2.8712213039398193,-0.7537938356399536,-0.34962770342826843,2.8315346240997314,-0.6537756323814392,-0.3576287627220154,2.720560073852539,-0.5725701451301575,-0.0995110273361206,2.769666910171509,-0.543799877166748,0.16333869099617004,2.772315263748169,-0.5380458235740662,0.21590863168239594,2.7728450298309326,-0.5265377163887024,0.3210485279560089,2.773904323577881,-0.5740834474563599,0.27257344126701355,2.8209598064422607,-0.8254178762435913,-0.34389805793762207,2.9110045433044434,-0.9254360795021057,-0.3358969986438751,3.0219790935516357,-1.0051167011260986,-0.07268372178077698,3.0213871002197266,-1.2047309875488281,0.06528326869010925,2.9162967205047607,-1.2446538209915161,0.09287667274475098,2.8952786922454834,-1.324499487876892,0.14806348085403442,2.8532426357269287,-1.2499494552612305,0.1308351755142212,2.8220956325531006,-0.6975713968276978,0.23628076910972595,2.7691092491149902,-0.7074540853500366,0.6983683705329895,2.8065783977508545,-0.6814296245574951,1.1041299104690552,2.8742380142211914,-0.7621718049049377,1.2253987789154053,2.8057987689971924,-0.8475669622421265,0.24702557921409607,2.9207258224487305,-0.8612991571426392,0.7105290293693542,2.922321319580078,-0.7987115383148193,1.110551118850708,2.999539852142334,-0.8676486611366272,1.2402334213256836,2.933664560317993,-0.9253483414649963,-0.4471827745437622,2.8094489574432373,-0.9519407153129578,-0.49387815594673157,2.8003814220428467,-0.9271093606948853,-0.5491026639938354,2.7826831340789795,-0.8105604648590088,-0.5859453082084656,2.781270742416382,-0.9580045938491821,-0.542629599571228,2.8399555683135986,-0.898097038269043,-0.5676048994064331,2.943542957305908,-0.6458407640457153,1.198960781097412,2.9196043014526367,-0.7548699378967285,1.2006644010543823,3.0472378730773926
-0.7712836861610413,0.23993992805480957,2.8489582538604736,-0.7793609499931335,0.04427249729633331,2.8577117919921875,-0.7879940867424011,-0.15134954452514648,2.8669369220733643,-0.7966275215148926,-0.34697747230529785,2.87616229057312,-0.7603559494018555,-0.35149258375167847,2.836998462677002,-0.6580655574798584,-0.36121517419815063,2.726553201675415,-0.5714666843414307,-0.10414385795593262,2.777482509613037,-0.5331913232803345,0.15837916731834412,2.7844295501708984,-0.5255362391471863,0.21088376641273499,2.7858190536499023,-0.5102261304855347,0.3158929944038391,2.788597822189331,-0.560319185256958,0.26832571625709534,2.834447145462036,-0.8329929113388062,-0.3445885181427002,2.915426254272461,-0.9352833032608032,-0.334865927696228,3.025871515274048,-1.02747642993927,-0.07619220018386841,3.0535688400268555,-1.2308343648910522,0.07124973833560944,2.9679062366485596,-1.2715059518814087,0.10073812305927277,2.9507737159729004,-1.3528491258621216,0.15971490740776062,2.916508674621582,-1.2780126333236694,0.14784112572669983,2.8828539848327637,-0.6952380537986755,0.23346218466758728,2.7743310928344727,-0.7048773765563965,0.6954222321510315,2.8115978240966797,-0.6821048855781555,1.101668119430542,2.8766696453094482,-0.7623245120048523,1.2219626903533936,2.8060522079467773,-0.847329318523407,0.24641767144203186,2.9235854148864746,-0.8617936372756958,0.7097392678260803,2.927147388458252,-0.8003480434417725,1.109093189239502,3.007953405380249,-0.8681849241256714,1.239189863204956,2.9418795108795166,-0.9330568909645081,-0.4475681185722351,2.814018964767456,-0.9599757194519043,-0.49410566687583923,2.8048830032348633,-0.9354768395423889,-0.549544095993042,2.787238597869873,-0.8191109895706177,-0.5872389674186707,2.7861175537109375,-0.966488242149353,-0.542841911315918,2.8444721698760986,-0.9069768190383911,-0.5682494044303894,2.948279619216919,-0.6477741599082947,1.1969852447509766,2.9218993186950684,-0.757253885269165,1.198845624923706,3.056913375854492
-0.7699040174484253,0.2380797266960144,2.8518359661102295,-0.7808892130851746,0.04258948564529419,2.860689163208008,-0.7925863862037659,-0.15283305943012238,2.8701071739196777,-0.8042839169502258,-0.3482614755630493,2.8795254230499268,-0.7674223184585571,-0.3533925414085388,2.841005325317383,-0.6624017953872681,-0.3649654686450958,2.7313029766082764,-0.5713005065917969,-0.10821956396102905,2.783690929412842,-0.525036096572876,0.15429240465164185,2.7938458919525146,-0.5157831907272339,0.20679479837417603,2.795876979827881,-0.4972774088382721,0.3117995858192444,2.799938917160034,-0.5498455166816711,0.2651212811470032,2.844688892364502,-0.8412726521492004,-0.34525442123413086,2.9181478023529053,-0.9462931156158447,-0.33368149399757385,3.0278501510620117,-1.045694351196289,-0.07930180430412292,3.076561212539673,-1.2478190660476685,0.08073556423187256,3.008079767227173,-1.2882440090179443,0.11274303495883942,2.9943835735321045,-1.369093894958496,0.17675799131393433,2.9669909477233887,-1.2940462827682495,0.16761568188667297,2.931932210922241,-0.692619264125824,0.23042231798171997,2.7786459922790527,-0.7023510932922363,0.6923739314079285,2.814908266067505,-0.6829777956008911,1.0992134809494019,2.876810073852539,-0.762454628944397,1.2184271812438965,2.8036344051361084,-0.8471887707710266,0.24573713541030884,2.9250259399414062,-0.8622058033943176,0.7089378237724304,2.930363893508911,-0.80231112241745,1.1077784299850464,3.014413833618164,-0.86894291639328,1.2382023334503174,2.947833299636841,-0.9409254789352417,-0.44843679666519165,2.816699743270874,-0.9680407047271729,-0.4949076175689697,2.8075063228607178,-0.9436809420585632,-0.5505681037902832,2.790163516998291,-0.8273939490318298,-0.5888811349868774,2.7899205684661865,-0.9750660061836243,-0.5435435175895691,2.8472232818603516,-0.9163182973861694,-0.5689781904220581,2.951590061187744,-0.6500277519226074,1.1950887441635132,2.9218358993530273,-0.7601356506347656,1.1972506046295166,3.0646238327026367
-0.7683448195457458,0.23569881916046143,2.854734182357788,-0.7824098467826843,0.04043322801589966,2.8635997772216797,-0.7973040342330933,-0.15474167466163635,2.873086452484131,-0.8121986389160156,-0.34992241859436035,2.882573366165161,-0.7746699452400208,-0.35569143295288086,2.8448052406311035,-0.6665374040603638,-0.3692284822463989,2.7360684871673584,-0.5708596706390381,-0.11252671480178833,2.7901973724365234,-0.5184676647186279,0.15055817365646362,2.8019561767578125,-0.5079892873764038,0.2031751573085785,2.8043079376220703,-0.4870324730873108,0.3084091246128082,2.809011459350586,-0.5418285727500916,0.26254868507385254,2.8529529571533203,-0.8498892784118652,-0.34627479314804077,2.9204447269439697,-0.9580218195915222,-0.3327377438545227,3.029181480407715,-1.0607585906982422,-0.08108717203140259,3.0931901931762695,-1.2577240467071533,0.0937844067811966,3.041022777557373,-1.2971171140670776,0.1287587285041809,3.0305893421173096,-1.3759032487869263,0.19870735704898834,3.0097224712371826,-1.300675392150879,0.19020549952983856,2.97359561920166,-0.6896411776542664,0.2267843782901764,2.7832534313201904,-0.6998538970947266,0.6887155771255493,2.8184988498687744,-0.683745801448822,1.0960217714309692,2.8776848316192627,-0.7621387839317322,1.2142716646194458,2.8018906116485596,-0.8470484614372253,0.24461326003074646,2.9262149333953857,-0.8620766997337341,0.7077080011367798,2.932873010635376,-0.8042106628417969,1.1062898635864258,3.0191564559936523,-0.8695154786109924,1.2368206977844238,2.951552629470825,-0.9485319256782532,-0.4503095746040344,2.818756580352783,-0.9756865501403809,-0.49683505296707153,2.809539556503296,-0.95123291015625,-0.5527327656745911,2.792807102203369,-0.8348930478096008,-0.5913644433021545,2.7941296100616455,-0.9832871556282043,-0.5452622175216675,2.849533796310425,-0.9257134199142456,-0.5701979398727417,2.95485520362854,-0.6522454023361206,1.1923738718032837,2.922678232192993,-0.7631537318229675,1.195640206336975,3.0704522132873535
-0.7656235694885254,0.2336665391921997,2.8569037914276123,-0.782858669757843,0.03867526352405548,2.865718364715576,-0.8010639548301697,-0.15619516372680664,2.8752281665802,-0.8192697763442993,-0.35107141733169556,2.8847382068634033,-0.7810351252555847,-0.3575165569782257,2.8478052616119385,-0.6695671677589417,-0.37317848205566406,2.740259885787964,-0.568923830986023,-0.11641034483909607,2.796391010284424,-0.5111603736877441,0.1476825475692749,2.8087246417999268,-0.4996076822280884,0.20050112903118134,2.8111913204193115,-0.47650229930877686,0.306138277053833,2.816124677658081,-0.5334717035293579,0.2611159682273865,2.859426975250244,-0.8577023148536682,-0.3467443585395813,2.9217746257781982,-0.9691702723503113,-0.33108243346214294,3.029320001602173,-1.0726935863494873,-0.07969668507575989,3.1021058559417725,-1.2618203163146973,0.10971340537071228,3.0622470378875732,-1.2996456623077393,0.14759543538093567,3.0542752742767334,-1.3752963542938232,0.22335948050022125,3.0383317470550537,-1.2996041774749756,0.2139369249343872,3.001868963241577,-0.6855050921440125,0.22343504428863525,2.787224531173706,-0.6969075202941895,0.685326099395752,2.821530342102051,-0.6848131418228149,1.0931190252304077,2.8777339458465576,-0.762247622013092,1.2102060317993164,2.799257278442383,-0.8457420468330383,0.24389803409576416,2.9265830516815186,-0.8611093759536743,0.7068688869476318,2.9350733757019043,-0.806044340133667,1.1053038835525513,3.0234906673431396,-0.8701961040496826,1.2358218431472778,2.9548346996307373,-0.9553169012069702,-0.45167696475982666,2.8199362754821777,-0.9825316071510315,-0.49825766682624817,2.8107168674468994,-0.9580066800117493,-0.5544202923774719,2.7946505546569824,-0.8416368365287781,-0.5934181809425354,2.7976293563842773,-0.9907540082931519,-0.5464444756507874,2.8510189056396484,-0.9344208240509033,-0.5708200335502625,2.957339286804199,-0.6549701690673828,1.19002103805542,2.9226274490356445,-0.7663053870201111,1.194609522819519,3.075848340988159
-0.7610446214675903,0.23220738768577576,2.858156681060791,-0.7816500663757324,0.037545979022979736,2.8666160106658936,-0.8034145832061768,-0.15695413947105408,2.875847101211548,-0.8251797556877136,-0.3514600694179535,2.8850784301757812,-0.7861114740371704,-0.35860875248908997,2.8491687774658203,-0.6709545254707336,-0.3765101730823517,2.7434940338134766,-0.5658034086227417,-0.11975112557411194,2.801941156387329,-0.5039365887641907,0.14551201462745667,2.8137927055358887,-0.49156323075294495,0.19856464862823486,2.8161630630493164,-0.4668165147304535,0.30466991662979126,2.820903778076172,-0.5258712768554688,0.2604948580265045,2.8635177612304688,-0.8644846081733704,-0.34642547369003296,2.921088457107544,-0.9796415567398071,-0.32852405309677124,3.0267632007598877,-1.0813876390457153,-0.07562872767448425,3.104799747467041,-1.2603683471679688,0.12780243158340454,3.0745644569396973,-1.2961645126342773,0.16848866641521454,3.0685174465179443,-1.3677568435668945,0.24986112117767334,3.0564234256744385,-1.2915027141571045,0.2384902536869049,3.0202174186706543,-0.6793578863143921,0.2206234335899353,2.790567398071289,-0.693466305732727,0.6824677586555481,2.823608160018921,-0.6863590478897095,1.0907156467437744,2.8768670558929443,-0.7628135681152344,1.2064826488494873,2.795567512512207,-0.8427313566207886,0.2437913417816162,2.925745964050293,-0.859133243560791,0.706618070602417,2.9363913536071777,-0.8080034852027893,1.1050480604171753,3.026904344558716,-0.8710837364196777,1.235407829284668,2.9570178985595703,-0.9605717062950134,-0.4513251781463623,2.816955089569092,-0.9880244135856628,-0.49777811765670776,2.8072397708892822,-0.9635716080665588,-0.554378867149353,2.7921950817108154,-0.8475221395492554,-0.594559907913208,2.7987189292907715,-0.9978771209716797,-0.5457051992416382,2.847660541534424,-0.9447210431098938,-0.5699846148490906,2.955871105194092,-0.6585051417350769,1.1882092952728271,2.921719789505005,-0.7699334621429443,1.1944048404693604,3.0803709030151367
-0.7552517056465149,0.2314434051513672,2.859323740005493,-0.7792395353317261,0.0371578186750412,2.867154121398926,-0.8045626282691956,-0.15692318975925446,2.875810384750366,-0.8298864364624023,-0.3510100245475769,2.8844668865203857,-0.7899268865585327,-0.3588489890098572,2.8497061729431152,-0.6710155606269836,-0.37896811962127686,2.74648118019104,-0.5624118447303772,-0.12231358885765076,2.8073649406433105,-0.4979882538318634,0.14409750699996948,2.817795515060425,-0.4851035475730896,0.1973797231912613,2.8198816776275635,-0.4593341052532196,0.3039441704750061,2.824054002761841,-0.520222544670105,0.2605496048927307,2.865914821624756,-0.8701213002204895,-0.3452805280685425,2.9193217754364014,-0.9890326261520386,-0.3251613974571228,3.0225467681884766,-1.0868642330169678,-0.06927487254142761,3.102071762084961,-1.254763126373291,0.14615251123905182,3.076870918273926,-1.2883429527282715,0.18923798203468323,3.0718307495117188,-1.3555024862289429,0.27540892362594604,3.0617504119873047,-1.2786245346069336,0.2613675594329834,3.0266010761260986,-0.6719458699226379,0.218525692820549,2.794013261795044,-0.6898465752601624,0.6803780198097229,2.824770927429199,-0.6874049305915833,1.0889695882797241,2.8756332397460938,-0.7626451849937439,1.2036070823669434,2.791656970977783,-0.8385575413703918,0.24436111748218536,2.9246342182159424,-0.856421709060669,0.7070469260215759,2.937929630279541,-0.8099130988121033,1.1054960489273071,3.030748128890991,-0.8719080686569214,1.2356826066970825,2.9595937728881836,-0.9647959470748901,-0.4487999379634857,2.8115479946136475,-0.9928030967712402,-0.49486327171325684,2.800961494445801,-0.9688376784324646,-0.5520976781845093,2.7870185375213623,-0.8536603450775146,-0.5945188999176025,2.798041582107544,-1.005090355873108,-0.5425176024436951,2.841243267059326,-0.956376314163208,-0.5673754811286926,2.9516782760620117,-0.6615109443664551,1.1869542598724365,2.920579433441162,-0.7737452387809753,1.194916844367981,3.0854055881500244
-0.7492367625236511,0.23083746433258057,2.8620285987854004,-0.776261031627655,0.03693801164627075,2.8692076206207275,-0.8047221302986145,-0.1567232459783554,2.8772153854370117,-0.8331840634346008,-0.35039031505584717,2.885223388671875,-0.7923603057861328,-0.35885560512542725,2.8516387939453125,-0.6699110865592957,-0.3810061812400818,2.7511532306671143,-0.5590081810951233,-0.12429967522621155,2.813720226287842,-0.49342843890190125,0.14320343732833862,2.821390390396118,-0.4803124964237213,0.19670405983924866,2.8229243755340576,-0.45408061146736145,0.3037053048610687,2.8259923458099365,-0.516436755657196,0.26104936003685,2.8672444820404053,-0.8743171691894531,-0.3440299332141876,2.9188950061798096,-0.9967663884162903,-0.3218793570995331,3.019380569458008,-1.089239239692688,-0.062366366386413574,3.098209857940674,-1.2461369037628174,0.16292409598827362,3.074869394302368,-1.277516484260559,0.20798218250274658,3.0702013969421387,-1.340275526046753,0.2980983853340149,3.0608651638031006,-1.262923240661621,0.281080424785614,3.0271520614624023,-0.6643996834754944,0.21668009459972382,2.7990050315856934,-0.6858182549476624,0.6785306930541992,2.8261733055114746,-0.6867316961288452,1.087334394454956,2.8747780323028564,-0.7604430913925171,1.201093077659607,2.7883381843566895,-0.8340738415718079,0.24499483406543732,2.9250521659851074,-0.8543022871017456,0.7074281573295593,2.940836191177368,-0.8132888674736023,1.1059703826904297,3.0355238914489746,-0.8744140863418579,1.2357980012893677,2.963034152984619,-0.9675827622413635,-0.44561833143234253,2.8071696758270264,-0.996237576007843,-0.491183340549469,2.7955896854400635,-0.9729785323143005,-0.5491076707839966,2.782712697982788,-0.8590479493141174,-0.5941325426101685,2.7983715534210205,-1.0111790895462036,-0.5385170578956604,2.835568428039551,-0.9672828316688538,-0.5641257762908936,2.948129177093506,-0.6624656915664673,1.185682773590088,2.919792890548706,-0.7792426347732544,1.1955419778823853,3.091249704360962
-0.7435175776481628,0.23050180077552795,2.8652307987213135,-0.7729315757751465,0.03693743050098419,2.871772527694702,-0.8037242889404297,-0.15638524293899536,2.879073143005371,-0.8345179557800293,-0.3497137129306793,2.886373996734619,-0.792957603931427,-0.3586411476135254,2.853832721710205,-0.6674916744232178,-0.38232505321502686,2.7558693885803223,-0.554511547088623,-0.1258189082145691,2.820028781890869,-0.4876355528831482,0.14239731431007385,2.8251826763153076,-0.4742603600025177,0.1960405707359314,2.8262133598327637,-0.4475099444389343,0.3033270835876465,2.828274965286255,-0.5111947655677795,0.26142770051956177,2.868884325027466,-0.8764129877090454,-0.3428875207901001,2.918994665145874,-1.0018789768218994,-0.31920361518859863,3.016958236694336,-1.0880894660949707,-0.055715978145599365,3.093236207962036,-1.234785795211792,0.17736299335956573,3.068877935409546,-1.264125108718872,0.22397878766059875,3.0640063285827637,-1.3228036165237427,0.3172103762626648,3.054263114929199,-1.2451977729797363,0.2971039414405823,3.0221147537231445,-0.6574172973632812,0.21535538136959076,2.8041980266571045,-0.6807230710983276,0.6772410869598389,2.8273580074310303,-0.6824910640716553,1.086112380027771,2.8746628761291504,-0.7543467879295349,1.1996029615402222,2.786386728286743,-0.8296178579330444,0.24564822018146515,2.9262635707855225,-0.8507078886032104,0.7078664898872375,2.9443576335906982,-0.8135570287704468,1.106386423110962,3.040369749069214,-0.8736420273780823,1.2360092401504517,2.966723680496216,-0.9680719375610352,-0.44306737184524536,2.8040363788604736,-0.9971020221710205,-0.4882650375366211,2.791563034057617,-0.9743191003799438,-0.5466527938842773,2.7794408798217773,-0.8614751696586609,-0.5935079455375671,2.7987468242645264,-1.0140632390975952,-0.535393238067627,2.8311407566070557,-0.9740834832191467,-0.5616058111190796,2.94523024559021,-0.6591284871101379,1.184572696685791,2.919856548309326,-0.7811450958251953,1.1960188150405884,3.0969223976135254
-0.7383450865745544,0.230357825756073,2.868891954421997,-0.7696180939674377,0.03706681728363037,2.8746399879455566,-0.80219966173172,-0.15598651766777039,2.8810677528381348,-0.8347821831703186,-0.34904563426971436,2.887495756149292,-0.7926025986671448,-0.3582978844642639,2.8558576107025146,-0.6645978689193726,-0.3830881416797638,2.7601397037506104,-0.5500061511993408,-0.12672752141952515,2.8257081508636475,-0.4814929962158203,0.1419176161289215,2.829416036605835,-0.4677903652191162,0.19564664363861084,2.830157518386841,-0.440385103225708,0.3031046986579895,2.8316407203674316,-0.5052912831306458,0.2618735432624817,2.871521472930908,-0.8773159384727478,-0.34189170598983765,2.919203519821167,-1.00532066822052,-0.31710144877433777,3.0149214267730713,-1.0848326683044434,-0.04948347806930542,3.08709979057312,-1.2224037647247314,0.18962125480175018,3.0591511726379395,-1.249917984008789,0.23744219541549683,3.0535614490509033,-1.3049464225769043,0.3330841064453125,3.042382001876831,-1.2272629737854004,0.30990779399871826,3.0118627548217773,-0.6512250304222107,0.21449699997901917,2.8095242977142334,-0.6751286387443542,0.6764608025550842,2.828536033630371,-0.6760642528533936,1.085342288017273,2.8751494884490967,-0.7459668517112732,1.1989500522613525,2.7855172157287598,-0.8254651427268982,0.24621865153312683,2.9282596111297607,-0.8459101319313049,0.7083187103271484,2.9479806423187256,-0.810999870300293,1.1068732738494873,3.044382333755493,-0.8698859214782715,1.2363545894622803,2.9695887565612793,-0.9679080843925476,-0.44064387679100037,2.801997661590576,-0.9973136782646179,-0.4854929447174072,2.788830280303955,-0.9750445485115051,-0.544269323348999,2.7771780490875244,-0.863172709941864,-0.5927570462226868,2.7990310192108154,-1.0158416032791138,-0.5324543714523315,2.8280436992645264,-0.9787641763687134,-0.5592813491821289,2.943150043487549,-0.6530752778053284,1.1837668418884277,2.920564651489258,-0.7797344326972961,1.1965643167495728,3.101447343826294
-0.7340025305747986,0.23037096858024597,2.872770309448242,-0.7666508555412292,0.03728581964969635,2.877504587173462,-0.8005266785621643,-0.15557190775871277,2.882845401763916,-0.8344035148620605,-0.3484354019165039,2.888186454772949,-0.7917041778564453,-0.3578718900680542,2.857311964035034,-0.6615898013114929,-0.38332343101501465,2.7635462284088135,-0.5459942817687988,-0.12694063782691956,2.830191135406494,-0.4756787419319153,0.1419055461883545,2.83353853225708,-0.4616156220436096,0.19567477703094482,2.8342080116271973,-0.4334894120693207,0.3032132387161255,2.8355469703674316,-0.49949756264686584,0.2625352740287781,2.8746140003204346,-0.8774710893630981,-0.34109508991241455,2.919119119644165,-1.0075855255126953,-0.3156435489654541,3.0128848552703857,-1.0800366401672363,-0.043687283992767334,3.078662157058716,-1.209763765335083,0.19948580861091614,3.043004274368286,-1.2357091903686523,0.24812042713165283,3.0358726978302,-1.287600040435791,0.3453896641731262,3.0216095447540283,-1.2098830938339233,0.3191552758216858,2.9931516647338867,-0.6460657715797424,0.2140793353319168,2.8147504329681396,-0.669672966003418,0.6761306524276733,2.8303492069244385,-0.6689122319221497,1.084958791732788,2.8769984245300293,-0.7369449734687805,1.198954463005066,2.786458969116211,-0.8219392895698547,0.24666260182857513,2.9307901859283447,-0.8406745195388794,0.7087174654006958,2.9519150257110596,-0.8069971799850464,1.1074367761611938,3.0478625297546387,-0.8647320866584778,1.2367489337921143,2.9719290733337402,-0.9674781560897827,-0.4383365213871002,2.800353527069092,-0.9972577095031738,-0.48285189270973206,2.78661847114563,-0.9754999279975891,-0.5419419407844543,2.7751526832580566,-0.8644303679466248,-0.5918930768966675,2.798614978790283,-1.0169708728790283,-0.529728353023529,2.825483560562134,-0.9819313287734985,-0.5572879910469055,2.9412193298339844,-0.6459810733795166,1.1832362413406372,2.9227280616760254,-0.7765264511108398,1.1972391605377197,3.105156183242798
-0.7305847406387329,0.2303207814693451,2.876798152923584,-0.7641428709030151,0.037371665239334106,2.8804166316986084,-0.7988197207450867,-0.15536896884441376,2.8845603466033936,-0.8334975838661194,-0.34811535477638245,2.888704299926758,-0.7903656959533691,-0.3576076030731201,2.8584563732147217,-0.6585202813148499,-0.3833092153072357,2.7663280963897705,-0.5425528287887573,-0.12671220302581787,2.8338518142700195,-0.4706224501132965,0.14223790168762207,2.837832450866699,-0.4562363624572754,0.196027934551239,2.8386285305023193,-0.42746421694755554,0.3036080002784729,2.8402209281921387,-0.49439001083374023,0.26329195499420166,2.878455638885498,-0.8770063519477844,-0.3407180905342102,2.918997287750244,-1.0088517665863037,-0.3150164783000946,3.0111255645751953,-1.0746567249298096,-0.03908994793891907,3.0692994594573975,-1.19822096824646,0.20620077848434448,3.0236012935638428,-1.2229337692260742,0.2552589178085327,3.0144617557525635,-1.2723594903945923,0.3533751964569092,2.996182441711426,-1.1946523189544678,0.3244182765483856,2.9699254035949707,-0.642029881477356,0.2138499617576599,2.8197877407073975,-0.6646060347557068,0.6760119199752808,2.83253812789917,-0.66156005859375,1.0847649574279785,2.8795297145843506,-0.7279033660888672,1.1992791891098022,2.788410186767578,-0.8191395998001099,0.24679160118103027,2.9338085651397705,-0.8354002833366394,0.7088682651519775,2.9558675289154053,-0.8022249937057495,1.1079723834991455,3.0502700805664062,-0.8589743375778198,1.2369868755340576,2.9731175899505615,-0.966742753982544,-0.4364682137966156,2.7991228103637695,-0.9968554377555847,-0.4806882441043854,2.7849040031433105,-0.9755383729934692,-0.5400124192237854,2.773394823074341,-0.8650609850883484,-0.5911993980407715,2.7977519035339355,-1.017423152923584,-0.5275793671607971,2.823432445526123,-0.9837344884872437,-0.5559724569320679,2.9395251274108887,-0.6384302973747253,1.1828445196151733,2.9255666732788086,-0.7722501158714294,1.1980022192001343,3.107455015182495
-0.7231150269508362,0.22843968868255615,2.8859221935272217,-0.7584549784660339,0.03578874468803406,2.8872933387756348,-0.7948616147041321,-0.15665973722934723,2.8891172409057617,-0.8312693238258362,-0.34911400079727173,2.8909411430358887,-0.7875303626060486,-0.35874950885772705,2.861628770828247,-0.6535214185714722,-0.38494834303855896,2.7721951007843018,-0.537020742893219,-0.12811437249183655,2.839416265487671,-0.4615423083305359,0.14019101858139038,2.8447656631469727,-0.44644662737846375,0.19385209679603577,2.8458354473114014,-0.41625526547431946,0.30117425322532654,2.847975254058838,-0.48459357023239136,0.2617347836494446,2.884842872619629,-0.8754040002822876,-0.3415701687335968,2.9202730655670166,-1.0094130039215088,-0.3153713345527649,3.009706735610962,-1.0657875537872314,-0.035539865493774414,3.0604124069213867,-1.1830483675003052,0.2102414071559906,3.0007898807525635,-1.20650053024292,0.2593976557254791,2.988865375518799,-1.2534048557281494,0.35771018266677856,2.9650163650512695,-1.1757745742797852,0.32585376501083374,2.9417026042938232,-0.6336835622787476,0.21163924038410187,2.8304100036621094,-0.6550946235656738,0.6739618182182312,2.8360137939453125,-0.6493398547172546,1.0829339027404785,2.880492925643921,-0.7134572863578796,1.1973953247070312,2.787750482559204,-0.8125464916229248,0.24524013698101044,2.941434383392334,-0.8251011371612549,0.707441508769989,2.9625120162963867,-0.7949494123458862,1.108665943145752,3.0484163761138916,-0.8510209321975708,1.235666036605835,2.9675424098968506,-0.965606689453125,-0.43249714374542236,2.795403480529785,-0.9969167113304138,-0.4758628010749817,2.7795019149780273,-0.9769933819770813,-0.5361433029174805,2.7675960063934326,-0.8680850863456726,-0.5916330814361572,2.7945592403411865,-1.0202666521072388,-0.5230079889297485,2.816979169845581,-0.9906924962997437,-0.5544164180755615,2.934478282928467,-0.6260491013526917,1.1811041831970215,2.9262335300445557,-0.7662083506584167,1.2000740766525269,3.1040091514587402
-0.7202675938606262,0.22741243243217468,2.8911538124084473,-0.7554601430892944,0.03473219275474548,2.8911616802215576,-0.7916387915611267,-0.15776489675045013,2.8915698528289795,-0.8278185129165649,-0.3502677381038666,2.8919780254364014,-0.7839809060096741,-0.3596518635749817,2.8627328872680664,-0.6495992541313171,-0.38509735465049744,2.773477077484131,-0.5355927348136902,-0.12663307785987854,2.8391335010528564,-0.462049663066864,0.1423172652721405,2.8439748287200928,-0.44734105467796326,0.19610732793807983,2.844943046569824,-0.41792383790016174,0.3036874532699585,2.846879720687866,-0.4860047996044159,0.26380935311317444,2.883821725845337,-0.8720493316650391,-0.342975914478302,2.9212276935577393,-1.006430983543396,-0.31753042340278625,3.010483503341675,-1.0620566606521606,-0.03716188669204712,3.059588670730591,-1.1829273700714111,0.20533883571624756,2.9936342239379883,-1.2071014642715454,0.25383898615837097,2.980443239212036,-1.2554497718811035,0.3508392870426178,2.954061508178711,-1.1775195598602295,0.31932228803634644,2.931180477142334,-0.6308562159538269,0.2110794335603714,2.8354756832122803,-0.6511911153793335,0.6734525561332703,2.8388452529907227,-0.6435871720314026,1.0824553966522217,2.882596492767334,-0.7074034810066223,1.1970252990722656,2.789792060852051,-0.8096789717674255,0.24374543130397797,2.9468319416046143,-0.8198403716087341,0.7060493230819702,2.9664697647094727,-0.7902566194534302,1.108525037765503,3.046428918838501,-0.846766471862793,1.2342184782028198,2.963850259780884,-0.962905764579773,-0.4308450520038605,2.7936387062072754,-0.9948042035102844,-0.47373029589653015,2.7768125534057617,-0.9755510091781616,-0.5343965888023376,2.7643141746520996,-0.867292582988739,-0.592032253742218,2.791815757751465,-1.0193233489990234,-0.5211818218231201,2.813615560531616,-0.9913141131401062,-0.5545904040336609,2.9315030574798584,-0.619780421257019,1.1805996894836426,2.928115129470825,-0.7615587711334229,1.2007858753204346,3.1006083488464355
-0.7183887958526611,0.22713413834571838,2.8958699703216553,-0.7532538175582886,0.03440180420875549,2.8947532176971436,-0.7889827489852905,-0.15817391872406006,2.8939762115478516,-0.8247127532958984,-0.3507554233074188,2.8931992053985596,-0.7808672189712524,-0.35985442996025085,2.863878011703491,-0.646440863609314,-0.3844337463378906,2.7743911743164062,-0.5364627838134766,-0.12369000911712646,2.8381364345550537,-0.46691247820854187,0.14640146493911743,2.8414506912231445,-0.4530024230480194,0.20041976869106293,2.842113494873047,-0.4251822829246521,0.3084563612937927,2.8434393405914307,-0.49264636635780334,0.2677636444568634,2.8806650638580322,-0.8689465522766113,-0.3437494933605194,2.9225120544433594,-1.0033729076385498,-0.31917017698287964,3.0119988918304443,-1.0597507953643799,-0.0390009880065918,3.06172513961792,-1.1849315166473389,0.2006201297044754,2.9931018352508545,-1.2099676132202148,0.2485443502664566,2.979377269744873,-1.2600399255752563,0.3443928062915802,2.951927900314331,-1.1818232536315918,0.3137054145336151,2.92883038520813,-0.6291490793228149,0.21131588518619537,2.8397719860076904,-0.6486292481422424,0.6737194061279297,2.841681480407715,-0.6392518281936646,1.0826836824417114,2.8853261470794678,-0.7030603885650635,1.1974798440933228,2.7928054332733154,-0.8076285123825073,0.2429523915052414,2.95196795463562,-0.8160664439201355,0.7053343653678894,2.9701836109161377,-0.7868156433105469,1.1087684631347656,3.0452165603637695,-0.8439850807189941,1.2333694696426392,2.9614548683166504,-0.960115909576416,-0.4295097291469574,2.7923829555511475,-0.9923475384712219,-0.47212788462638855,2.7747509479522705,-0.9734063148498535,-0.5330765247344971,2.761749744415283,-0.8654402494430542,-0.5921454429626465,2.7897603511810303,-1.017704725265503,-0.5199448466300964,2.8109874725341797,-0.9909522533416748,-0.5549391508102417,2.929267406463623,-0.6148565411567688,1.1807396411895752,2.9307146072387695,-0.7580088973045349,1.2017128467559814,3.0981481075286865
-0.7177983522415161,0.22697940468788147,2.899655342102051,-0.7518548965454102,0.034126147627830505,2.897887706756592,-0.7865568995475769,-0.15861418843269348,2.896376132965088,-0.8212599158287048,-0.3513603210449219,2.894864320755005,-0.7775886654853821,-0.36007174849510193,2.8651769161224365,-0.6436982750892639,-0.38346749544143677,2.774575710296631,-0.5391271710395813,-0.11995887756347656,2.836148738861084,-0.4752865135669708,0.15158241987228394,2.837953805923462,-0.4625183939933777,0.2058906853199005,2.8383147716522217,-0.436982125043869,0.31450721621513367,2.839036703109741,-0.5033408403396606,0.2725445628166199,2.8768556118011475,-0.865308403968811,-0.3447437584400177,2.9245352745056152,-0.9991987943649292,-0.32134801149368286,3.015136480331421,-1.0555018186569214,-0.04129636287689209,3.065774440765381,-1.1839170455932617,0.19601066410541534,2.9950037002563477,-1.2096000909805298,0.24347206950187683,2.980849504470825,-1.260966181755066,0.3383948802947998,2.9525411128997803,-1.1825618743896484,0.30830055475234985,2.9292664527893066,-0.6290315985679626,0.21182647347450256,2.8426332473754883,-0.6467180848121643,0.6742945909500122,2.845296859741211,-0.6344668865203857,1.0829830169677734,2.890745162963867,-0.6984426379203796,1.198590874671936,2.7993595600128174,-0.8065651059150696,0.24213233590126038,2.9566774368286133,-0.8128053545951843,0.7045900821685791,2.9737250804901123,-0.7826686501502991,1.1086806058883667,3.0447497367858887,-0.8406826853752136,1.2325284481048584,2.960455894470215,-0.9571077823638916,-0.430015504360199,2.79350209236145,-0.9893394708633423,-0.4727356433868408,2.775562286376953,-0.9701598882675171,-0.5336945056915283,2.7619597911834717,-0.8615607619285583,-0.5927829146385193,2.7892379760742188,-1.0144906044006348,-0.5210901498794556,2.811591863632202,-0.9871645569801331,-0.5570704936981201,2.9298629760742188,-0.6090579032897949,1.1806765794754028,2.936356544494629,-0.7532850503921509,1.2020947933197021,3.096522569656372
-0.718271791934967,0.2272011935710907,2.9025521278381348,-0.7513725161552429,0.034214943647384644,2.9003756046295166,-0.7849217653274536,-0.15869569778442383,2.8983702659606934,-0.8184720277786255,-0.3516121208667755,2.896364688873291,-0.775104284286499,-0.3599202036857605,2.866135835647583,-0.6421269774436951,-0.38208720088005066,2.773867130279541,-0.5429164171218872,-0.11612388491630554,2.8339340686798096,-0.48472318053245544,0.15672704577445984,2.8352649211883545,-0.47308453917503357,0.21129722893238068,2.835530996322632,-0.44980722665786743,0.32043761014938354,2.8360633850097656,-0.5149416327476501,0.2770882844924927,2.8744709491729736,-0.8622044324874878,-0.3454008102416992,2.926571846008301,-0.9951817393302917,-0.32323381304740906,3.0188405513763428,-1.0509450435638428,-0.04332000017166138,3.0710513591766357,-1.1827623844146729,0.19168758392333984,2.9987223148345947,-1.2091258764266968,0.2386890947818756,2.9842565059661865,-1.261852741241455,0.33269211649894714,2.95532488822937,-1.183332920074463,0.30319952964782715,2.931626558303833,-0.6301923990249634,0.2127508819103241,2.844304323196411,-0.645596444606781,0.6752723455429077,2.848637342453003,-0.630662739276886,1.0837079286575317,2.8954107761383057,-0.695165753364563,1.199975848197937,2.805251121520996,-0.8063511848449707,0.2416515052318573,2.9607999324798584,-0.8093105554580688,0.7041599750518799,2.9769020080566406,-0.7772881388664246,1.1087615489959717,3.0440022945404053,-0.8361092805862427,1.2320129871368408,2.959404468536377,-0.954913854598999,-0.4310389757156372,2.7956225872039795,-0.9869877099990845,-0.4740391969680786,2.7776663303375244,-0.967315673828125,-0.5348446369171143,2.76338529586792,-0.8576188683509827,-0.5931936502456665,2.789153814315796,-1.0113428831100464,-0.5230079293251038,2.8136820793151855,-0.9823625087738037,-0.5596562623977661,2.9316611289978027,-0.6041838526725769,1.181097149848938,2.9410550594329834,-0.7470069527626038,1.202544927597046,3.0945682525634766
-0.7189138531684875,0.2275625467300415,2.903559923171997,-0.7509093880653381,0.034424588084220886,2.901080846786499,-0.7832847833633423,-0.1586519330739975,2.898751974105835,-0.8156611919403076,-0.3517342507839203,2.896422863006592,-0.7727352380752563,-0.3596377968788147,2.865478277206421,-0.6410742998123169,-0.3805752098560333,2.770991802215576,-0.54743891954422,-0.11246916651725769,2.830883026123047,-0.4958776533603668,0.16179195046424866,2.832503080368042,-0.4855653941631317,0.21664416790008545,2.832827091217041,-0.4649408757686615,0.32634860277175903,2.833475112915039,-0.5284791588783264,0.2812698185443878,2.872614860534668,-0.858938992023468,-0.34592926502227783,2.927342414855957,-0.9905999898910522,-0.3249918520450592,3.0218288898468018,-1.0449713468551636,-0.04506409168243408,3.075862169265747,-1.180572509765625,0.1873706877231598,3.001924753189087,-1.2076927423477173,0.2338576465845108,2.9871373176574707,-1.2619332075119019,0.32683154940605164,2.9575624465942383,-1.1833852529525757,0.2978917062282562,2.9331936836242676,-0.6317142844200134,0.21388350427150726,2.8438363075256348,-0.6450916528701782,0.6764174699783325,2.8506643772125244,-0.6281309723854065,1.0846203565597534,2.8986032009124756,-0.6936162710189819,1.2014002799987793,2.8098368644714355,-0.8061134219169617,0.24124158918857574,2.9632835388183594,-0.8070284724235535,0.7037642598152161,2.9786179065704346,-0.7738210558891296,1.1087982654571533,3.042337417602539,-0.8339587450027466,1.2314680814743042,2.9578332901000977,-0.9533612132072449,-0.4321085214614868,2.797498941421509,-0.9853418469429016,-0.4754195213317871,2.7797863483428955,-0.9652166366577148,-0.5359959602355957,2.764620304107666,-0.854174017906189,-0.593376636505127,2.787862777709961,-1.0084818601608276,-0.5250372886657715,2.8159408569335938,-0.9767587780952454,-0.5623271465301514,2.9332709312438965,-0.6006489396095276,1.181761384010315,2.944171667098999,-0.7427060008049011,1.2029197216033936,3.091745376586914
-0.7199234366416931,0.22773659229278564,2.9031920433044434,-0.750571072101593,0.03440341353416443,2.900484323501587,-0.7815440893173218,-0.15887977182865143,2.897916078567505,-0.8125180602073669,-0.3521687388420105,2.895347833633423,-0.7701258659362793,-0.35961735248565674,2.863574981689453,-0.6400654911994934,-0.3791695237159729,2.7665231227874756,-0.5518848896026611,-0.10941678285598755,2.8276920318603516,-0.5073707103729248,0.16614699363708496,2.8305892944335938,-0.4984678626060486,0.22125974297523499,2.8311686515808105,-0.48066216707229614,0.33148524165153503,2.8323276042938232,-0.5423937439918518,0.28448164463043213,2.8721444606781006,-0.855246901512146,-0.3468209505081177,2.9270925521850586,-0.9853072762489319,-0.3272687792778015,3.024144411087036,-1.037047028541565,-0.047135502099990845,3.0801117420196533,-1.1756525039672852,0.18327730894088745,3.005120038986206,-1.203373670578003,0.22935986518859863,2.990121603012085,-1.258815884590149,0.321524977684021,2.960124969482422,-1.1804165840148926,0.292837917804718,2.934903860092163,-0.6337403655052185,0.21493388712406158,2.841838836669922,-0.6450549960136414,0.6774635910987854,2.8516948223114014,-0.6263644099235535,1.0854617357254028,2.900686264038086,-0.6930876970291138,1.2026796340942383,2.8134348392486572,-0.8061065077781677,0.2405392974615097,2.964545249938965,-0.8059071898460388,0.7030622959136963,2.9797537326812744,-0.7720261812210083,1.1084131002426147,3.041029930114746,-0.8338197469711304,1.2306314706802368,2.957071304321289,-0.9517189264297485,-0.4335520565509796,2.7988438606262207,-0.9835958480834961,-0.47718143463134766,2.7814559936523438,-0.9630193710327148,-0.5374261140823364,2.7651872634887695,-0.8505321741104126,-0.5936198234558105,2.785205125808716,-1.0052300691604614,-0.5275226831436157,2.8177216053009033,-0.9701289534568787,-0.5655601024627686,2.9340527057647705,-0.5978931188583374,1.1823885440826416,2.9461004734039307,-0.7401346564292908,1.20279061794281,3.0894415378570557
-0.7228487730026245,0.2274295687675476,2.9019579887390137,-0.7519863843917847,0.03386637568473816,2.899055242538452,-0.7813540101051331,-0.159663587808609,2.8962559700012207,-0.8107225298881531,-0.3531993627548218,2.8934566974639893,-0.7689803242683411,-0.36013633012771606,2.860722064971924,-0.6408971548080444,-0.37812596559524536,2.7607076168060303,-0.5584799647331238,-0.10686331987380981,2.8235504627227783,-0.5218409299850464,0.16990914940834045,2.8277952671051025,-0.5145131349563599,0.22526365518569946,2.828644275665283,-0.4998575448989868,0.3359726667404175,2.8303420543670654,-0.5594727396965027,0.28690439462661743,2.8709323406219482,-0.8527839779853821,-0.348365843296051,2.9261605739593506,-0.9808671474456787,-0.33037620782852173,3.026175022125244,-1.0279903411865234,-0.05037519335746765,3.0870361328125,-1.167876958847046,0.1807340383529663,3.0164408683776855,-1.1958543062210083,0.22695589065551758,3.002321720123291,-1.251809000968933,0.3193995952606201,2.974083662033081,-1.1741732358932495,0.29055672883987427,2.946697235107422,-0.6378611922264099,0.21558347344398499,2.8387866020202637,-0.6463390588760376,0.6780748963356018,2.852041244506836,-0.6253478527069092,1.0858123302459717,2.902153491973877,-0.6933519244194031,1.203567385673523,2.816640615463257,-0.8078363537788391,0.23927566409111023,2.9651293754577637,-0.8067119717597961,0.7017970085144043,2.9799160957336426,-0.7712979912757874,1.1072160005569458,3.0397744178771973,-0.8347142934799194,1.2293304204940796,2.956890821456909,-0.9517079591751099,-0.43529900908470154,2.7997632026672363,-0.9835824966430664,-0.4791668951511383,2.7827587127685547,-0.9627459645271301,-0.5390685796737671,2.7652885913848877,-0.8489968180656433,-0.5942173600196838,2.7817044258117676,-1.0036816596984863,-0.530184268951416,2.8191018104553223,-0.9649814963340759,-0.5690450668334961,2.9341750144958496,-0.5956827402114868,1.1824731826782227,2.947361946105957,-0.7383545637130737,1.201650857925415,3.087355136871338
-0.7258922457695007,0.22682461142539978,2.8977015018463135,-0.7531992793083191,0.03300642967224121,2.8945114612579346,-0.7807057499885559,-0.16078568994998932,2.891453742980957,-0.8082130551338196,-0.35458362102508545,2.8883960247039795,-0.7672422528266907,-0.360940158367157,2.8545897006988525,-0.6415576934814453,-0.3771500289440155,2.7513115406036377,-0.5664207935333252,-0.10422706604003906,2.8162779808044434,-0.5393577814102173,0.1736583709716797,2.822319507598877,-0.5339452028274536,0.2292354702949524,2.8235278129577637,-0.5231199860572815,0.3403896689414978,2.825944423675537,-0.5801979303359985,0.2889202833175659,2.8672330379486084,-0.8494828343391418,-0.35033339262008667,2.9221689701080322,-0.9751673936843872,-0.33412352204322815,3.025447130203247,-1.0126166343688965,-0.05316340923309326,3.0887885093688965,-1.1479878425598145,0.18141908943653107,3.0207080841064453,-1.1750620603561401,0.22833558917045593,3.007091999053955,-1.2292104959487915,0.32216858863830566,2.9798598289489746,-1.152829647064209,0.29139062762260437,2.951042652130127,-0.642320990562439,0.21612374484539032,2.832479476928711,-0.647826075553894,0.6784719228744507,2.8507940769195557,-0.6245862245559692,1.0857893228530884,2.9031660556793213,-0.6941255927085876,1.2042982578277588,2.8199708461761475,-0.8094635009765625,0.23752547800540924,2.962923526763916,-0.8080869317054749,0.7000071406364441,2.978426218032837,-0.7709044218063354,1.1051921844482422,3.0386998653411865,-0.8361151218414307,1.2276166677474976,2.957697868347168,-0.951235294342041,-0.43743860721588135,2.7980923652648926,-0.983157217502594,-0.4815453290939331,2.7815890312194824,-0.9621710181236267,-0.54108726978302,2.7628374099731445,-0.8472303748130798,-0.5951429009437561,2.7751989364624023,-1.0015777349472046,-0.5332180857658386,2.8180291652679443,-0.958882749080658,-0.5728469491004944,2.9315760135650635,-0.5936598181724548,1.1820588111877441,2.948355197906494,-0.7367733716964722,1.1994457244873047,3.085791826248169
-0.7299779057502747,0.22630825638771057,2.8927156925201416,-0.7552225589752197,0.032223641872406006,2.8892605304718018,-0.7806460857391357,-0.1618402600288391,2.885955810546875,-0.8060703277587891,-0.35590997338294983,2.8826510906219482,-0.7659927010536194,-0.36163800954818726,2.8476853370666504,-0.6431804895401001,-0.375909686088562,2.7409608364105225,-0.5760014057159424,-0.10137948393821716,2.807677745819092,-0.5595192313194275,0.17726394534111023,2.8150906562805176,-0.5562227964401245,0.23299263417720795,2.816573143005371,-0.5496299266815186,0.3444499969482422,2.8195383548736572,-0.6037824749946594,0.290569543838501,2.861659049987793,-0.8464243412017822,-0.3522912561893463,2.9175808429718018,-0.9692364931106567,-0.33801957964897156,3.0243053436279297,-0.9930977821350098,-0.055886268615722656,3.088822364807129,-1.1194710731506348,0.18507707118988037,3.026090621948242,-1.1447457075119019,0.23326973617076874,3.0135443210601807,-1.195294976234436,0.32965508103370667,2.9884517192840576,-1.1213178634643555,0.29559940099716187,2.9571890830993652,-0.6480535268783569,0.21685326099395752,2.825256824493408,-0.6512994170188904,0.6789718866348267,2.8488337993621826,-0.6254910230636597,1.0856568813323975,2.9047138690948486,-0.6967471241950989,1.205199122428894,2.824511766433716,-0.8119022846221924,0.23576325178146362,2.960174560546875,-0.8104197978973389,0.6981954574584961,2.976738214492798,-0.7708940505981445,1.102956771850586,3.0382790565490723,-0.8379470705986023,1.225948691368103,2.9596850872039795,-0.9511992931365967,-0.43956810235977173,2.7960925102233887,-0.9831762909889221,-0.4839184582233429,2.7801408767700195,-0.9621161222457886,-0.5430676937103271,2.760023593902588,-0.846088707447052,-0.5959469676017761,2.7679991722106934,-0.9998061656951904,-0.5362526178359985,2.8166301250457764,-0.9528771638870239,-0.5766374468803406,2.9283838272094727,-0.593136191368103,1.1813710927963257,2.9500746726989746,-0.7353677749633789,1.1968798637390137,3.0849907398223877
-0.7359966039657593,0.22559970617294312,2.8938422203063965,-0.7590121626853943,0.0312541127204895,2.890094757080078,-0.7821807265281677,-0.16307640075683594,2.8865108489990234,-0.8053500056266785,-0.35741275548934937,2.8829267024993896,-0.766261100769043,-0.36247754096984863,2.846764326095581,-0.6467040181159973,-0.374699205160141,2.736572265625,-0.5873045921325684,-0.09885868430137634,2.804659366607666,-0.58128821849823,0.18004119396209717,2.8132917881011963,-0.5800849199295044,0.2358211725950241,2.8150181770324707,-0.577678382396698,0.3473811149597168,2.8184711933135986,-0.6287301182746887,0.29129162430763245,2.8614866733551025,-0.84469074010849,-0.35446012020111084,2.9190502166748047,-0.9642478227615356,-0.3422384560108185,3.0292422771453857,-0.9724153280258179,-0.059066712856292725,3.0924816131591797,-1.0861232280731201,0.18933817744255066,3.0353729724884033,-1.1088647842407227,0.23901915550231934,3.023951292037964,-1.1543478965759277,0.3383811116218567,3.001107931137085,-1.0836784839630127,0.30021172761917114,2.9671730995178223,-0.6558911800384521,0.21745848655700684,2.8240694999694824,-0.6569571495056152,0.6793354749679565,2.852426290512085,-0.6280673146247864,1.0853090286254883,2.9119608402252197,-0.7010301947593689,1.2059731483459473,2.8350284099578857,-0.8161020278930664,0.2337409257888794,2.9636149406433105,-0.8148801326751709,0.6961266994476318,2.981877326965332,-0.7729285955429077,1.1003460884094238,3.045441150665283,-0.8418834805488586,1.2240605354309082,2.969665288925171,-0.9525349736213684,-0.44207414984703064,2.8003945350646973,-0.9845367670059204,-0.4867081344127655,2.7850403785705566,-0.963433027267456,-0.5454375743865967,2.763517379760742,-0.8464096784591675,-0.5969856977462769,2.766890287399292,-0.999263346195221,-0.5397067666053772,2.8215372562408447,-0.9479289650917053,-0.5807483196258545,2.9312798976898193,-0.5941163897514343,1.1804121732711792,2.9574499130249023,-0.7359597682952881,1.1938477754592896,3.0918877124786377
-0.7425073981285095,0.22579509019851685,2.891247034072876,-0.763430655002594,0.03122095763683319,2.8875508308410645,-0.7845719456672668,-0.16333456337451935,2.8841257095336914,-0.8057138919830322,-0.3578959107398987,2.8807005882263184,-0.7676135301589966,-0.36245015263557434,2.843435287475586,-0.6513514518737793,-0.3730888366699219,2.7301204204559326,-0.6002436280250549,-0.0954790711402893,2.79724383354187,-0.6058434844017029,0.1833641231060028,2.8042185306549072,-0.6069634556770325,0.23913276195526123,2.8056135177612305,-0.6092033982276917,0.3506700396537781,2.808403491973877,-0.65679931640625,0.29277536273002625,2.852893590927124,-0.8440439701080322,-0.35545632243156433,2.917928457260132,-0.9603060483932495,-0.3448176383972168,3.031243324279785,-0.9517497420310974,-0.06016913056373596,3.0868020057678223,-1.049112319946289,0.19515731930732727,3.0305662155151367,-1.0685847997665405,0.2462226152420044,3.0193190574645996,-1.107529878616333,0.34835320711135864,2.9968247413635254,-1.040797233581543,0.30500179529190063,2.9612724781036377,-0.6642004251480103,0.21874025464057922,2.8193485736846924,-0.6639438271522522,0.6802984476089478,2.85270357131958,-0.6321699619293213,1.0853798389434814,2.9167611598968506,-0.7066984176635742,1.20726478099823,2.843322992324829,-0.8208143711090088,0.23284992575645447,2.9631454944610596,-0.8198307752609253,0.6951444149017334,2.9839158058166504,-0.7753373384475708,1.0986473560333252,3.0503203868865967,-0.8459200859069824,1.2232428789138794,2.9775357246398926,-0.9546709060668945,-0.4438447952270508,2.802264451980591,-0.9866552948951721,-0.4888068437576294,2.7875936031341553,-0.9655354022979736,-0.5471765995025635,2.7648983001708984,-0.8477091789245605,-0.5973595976829529,2.764028787612915,-0.9995496869087219,-0.5423212051391602,2.824173927307129,-0.9440829753875732,-0.5836027264595032,2.931976318359375,-0.5967358350753784,1.1797786951065063,2.9625930786132812,-0.7369785904884338,1.1916165351867676,3.09671688079834
-0.747832715511322,0.22597378492355347,2.8857059478759766,-0.7667920589447021,0.03119775652885437,2.882427215576172,-0.786058783531189,-0.16355450451374054,2.879556179046631,-0.8053261041641235,-0.35831254720687866,2.8766849040985107,-0.7682000398635864,-0.36249011754989624,2.8384087085723877,-0.6551840305328369,-0.37195849418640137,2.72226619720459,-0.6147305965423584,-0.0919390320777893,2.786463499069214,-0.6349716782569885,0.18627133965492249,2.789285182952881,-0.6390199065208435,0.24191340804100037,2.7898495197296143,-0.6471163630485535,0.35319754481315613,2.790978193283081,-0.6905325651168823,0.29362499713897705,2.8374674320220947,-0.8426615595817566,-0.3562518358230591,2.9149301052093506,-0.9556775689125061,-0.34678345918655396,3.0310726165771484,-0.9288459420204163,-0.06100893020629883,3.073282241821289,-1.0055025815963745,0.2009303867816925,3.0155742168426514,-1.020833969116211,0.25331825017929077,3.004032611846924,-1.0514966249465942,0.3580939769744873,2.9809494018554688,-0.9900416731834412,0.30853110551834106,2.944045305252075,-0.6713424324989319,0.2197723090648651,2.8118033409118652,-0.6709162592887878,0.6808919310569763,2.8508503437042236,-0.6368805170059204,1.0848894119262695,2.9204015731811523,-0.7130259275436401,1.2080029249191284,2.8507635593414307,-0.8243229985237122,0.23217526078224182,2.959608554840088,-0.823931872844696,0.6943233013153076,2.9835915565490723,-0.7776219248771667,1.0971359014511108,3.0529255867004395,-0.8499164581298828,1.2224745750427246,2.9831531047821045,-0.9558905363082886,-0.4454829692840576,2.8022620677948,-0.9878697991371155,-0.4907481074333191,2.7882814407348633,-0.9668209552764893,-0.5488081574440002,2.764535903930664,-0.848419189453125,-0.5977574586868286,2.7596824169158936,-0.9990631341934204,-0.5446843504905701,2.824934720993042,-0.9397719502449036,-0.5860733389854431,2.930812358856201,-0.6001535058021545,1.178517460823059,2.9667980670928955,-0.7380871176719666,1.1896271705627441,3.099294424057007
-0.7518532276153564,0.22546327114105225,2.8778865337371826,-0.7690871357917786,0.030520305037498474,2.8751778602600098,-0.7867200970649719,-0.16439351439476013,2.8729918003082275,-0.8043535947799683,-0.3593131899833679,2.8708057403564453,-0.7682783603668213,-0.36320406198501587,2.8315086364746094,-0.6587338447570801,-0.3717796802520752,2.712533473968506,-0.6308969855308533,-0.08946153521537781,2.7733001708984375,-0.6677516102790833,0.1870531439781189,2.7718122005462646,-0.6751225590705872,0.242356076836586,2.771514654159546,-0.6898643970489502,0.3529619574546814,2.7709195613861084,-0.7284653186798096,0.29179176688194275,2.819535255432129,-0.8406205177307129,-0.3575408160686493,2.910078763961792,-0.9501650333404541,-0.34896519780158997,3.0290539264678955,-0.9074240922927856,-0.06321683526039124,3.0553619861602783,-0.9628128409385681,0.20363274216651917,2.995828628540039,-0.9738906025886536,0.25700265169143677,2.983922004699707,-0.9960461258888245,0.363742470741272,2.960108518600464,-0.9406885504722595,0.30836910009384155,2.92183780670166,-0.6774119734764099,0.21993856132030487,2.8018691539764404,-0.6778756380081177,0.6805071830749512,2.8471827507019043,-0.6422240138053894,1.0833097696304321,2.9227161407470703,-0.7203215956687927,1.2075198888778687,2.857297420501709,-0.826294481754303,0.23098798096179962,2.953903913497925,-0.8274264335632324,0.6929700970649719,2.981257438659668,-0.7804999351501465,1.0953190326690674,3.052947998046875,-0.8550152778625488,1.2210423946380615,2.9862537384033203,-0.9567285180091858,-0.4472426772117615,2.8006536960601807,-0.9888443350791931,-0.4927018880844116,2.7874274253845215,-0.9681338667869568,-0.5505275130271912,2.762669324874878,-0.8494973182678223,-0.5986309051513672,2.7537600994110107,-0.9984896183013916,-0.5469672083854675,2.824141502380371,-0.9355052709579468,-0.5885434150695801,2.927931308746338,-0.6043075919151306,1.1761739253997803,2.9697000980377197,-0.7400193214416504,1.1875275373458862,3.099076271057129
-0.7557467222213745,0.22401008009910583,2.8686983585357666,-0.7714181542396545,0.028940051794052124,2.866593360900879,-0.7875410318374634,-0.1660989224910736,2.865114450454712,-0.8036643862724304,-0.3611437678337097,2.863635540008545,-0.7687222361564636,-0.36479371786117554,2.8233096599578857,-0.6628209352493286,-0.37262383103370667,2.7014214992523193,-0.6486125588417053,-0.08858981728553772,2.7590017318725586,-0.7019456028938293,0.1852310299873352,2.7546889781951904,-0.7126122117042542,0.23999519646167755,2.753826379776001,-0.7339454293251038,0.34952354431152344,2.752101421356201,-0.7675574421882629,0.28691649436950684,2.8025777339935303,-0.8387817740440369,-0.35961365699768066,2.9039454460144043,-0.9446830749511719,-0.35178354382514954,3.0258336067199707,-0.8926910758018494,-0.06651854515075684,3.036482334136963,-0.9311719536781311,0.20287346839904785,2.974935293197632,-0.9388681054115295,0.2567518651485443,2.9626259803771973,-0.9542604684829712,0.3645086884498596,2.938007116317749,-0.904339075088501,0.30486229062080383,2.898669719696045,-0.683509111404419,0.21905003488063812,2.790548324584961,-0.6846792697906494,0.6789404153823853,2.8426873683929443,-0.6479685306549072,1.080603837966919,2.9237935543060303,-0.7282071709632874,1.2056365013122559,2.8626325130462646,-0.8279843330383301,0.22897012531757355,2.9468483924865723,-0.8309620022773743,0.6907579898834229,2.9778668880462646,-0.7840346097946167,1.092766523361206,3.051666736602783,-0.8610105514526367,1.2186715602874756,2.988147258758545,-0.9581321477890015,-0.4490981101989746,2.798076868057251,-0.9905686378479004,-0.4945799708366394,2.7856554985046387,-0.9705470204353333,-0.5522189736366272,2.759860038757324,-0.8521161675453186,-0.5999596118927002,2.7466859817504883,-0.9988431930541992,-0.5491068363189697,2.822355270385742,-0.9322885870933533,-0.5911418795585632,2.9237561225891113,-0.608985424041748,1.172814130783081,2.9712159633636475,-0.7427334785461426,1.1848011016845703,3.097439765930176
-0.7595565319061279,0.2222815454006195,2.8573691844940186,-0.7735577821731567,0.027136951684951782,2.8553662300109863,-0.7880817651748657,-0.1679757684469223,2.85412335395813,-0.8026062250137329,-0.3630943298339844,2.8528802394866943,-0.7689824104309082,-0.36639952659606934,2.811438798904419,-0.667198121547699,-0.3731790781021118,2.686302900314331,-0.6673444509506226,-0.08853381872177124,2.743187665939331,-0.7364821434020996,0.1818583905696869,2.7400174140930176,-0.7503097057342529,0.23593683540821075,2.7393834590911865,-0.7779647707939148,0.3440937399864197,2.7381153106689453,-0.8063925504684448,0.2798084020614624,2.7897145748138428,-0.8363878726959229,-0.3619098663330078,2.894308567047119,-0.9381721615791321,-0.35513031482696533,3.019444465637207,-0.8842506408691406,-0.07004889845848083,3.010507583618164,-0.915838897228241,0.19812026619911194,2.939871311187744,-0.922156572341919,0.25175410509109497,2.92574405670166,-0.9347918629646301,0.35902178287506104,2.897489547729492,-0.8884615898132324,0.2961606979370117,2.858692169189453,-0.6898750066757202,0.2181079387664795,2.7768988609313965,-0.6937254667282104,0.6768771409988403,2.838467836380005,-0.6584336161613464,1.0772690773010254,2.9264698028564453,-0.7417736053466797,1.2026616334915161,2.8703453540802,-0.8292380571365356,0.22645515203475952,2.9378395080566406,-0.8345785737037659,0.6878674030303955,2.974513292312622,-0.7886759638786316,1.0894922018051147,3.051285743713379,-0.8686680793762207,1.2154273986816406,2.991616725921631,-0.9593656063079834,-0.4503859877586365,2.7917752265930176,-0.9922351241111755,-0.4957549273967743,2.7799735069274902,-0.973128080368042,-0.5531069040298462,2.752803325653076,-0.8551820516586304,-0.6006609797477722,2.7348856925964355,-0.9992085099220276,-0.5507345795631409,2.81632137298584,-0.9290765523910522,-0.5939394235610962,2.91485333442688,-0.6188896894454956,1.1689355373382568,2.9745118618011475,-0.7467110753059387,1.1813887357711792,3.096766233444214
-0.7618799209594727,0.21774372458457947,2.8371944427490234,-0.7736828327178955,0.02274589240550995,2.834139823913574,-0.7860140204429626,-0.17223016917705536,2.831886053085327,-0.7983455657958984,-0.36721205711364746,2.82963228225708,-0.7681909799575806,-0.3696746230125427,2.7856388092041016,-0.6767944693565369,-0.37391746044158936,2.652630567550659,-0.7050703763961792,-0.09135973453521729,2.72007155418396,-0.8038215637207031,0.17099124193191528,2.733489751815796,-0.8235718011856079,0.22346143424510956,2.736173391342163,-0.8630722761154175,0.3284018337726593,2.7415406703948975,-0.8799828290939331,0.25936925411224365,2.792877674102783,-0.8286341428756714,-0.3668687045574188,2.873600959777832,-0.9200306534767151,-0.3626258671283722,3.0066092014312744,-0.871165931224823,-0.0798054039478302,2.953585624694824,-0.9058571457862854,0.18015238642692566,2.853693962097168,-0.91279536485672,0.23214393854141235,2.8337156772613525,-0.9266718626022339,0.33612704277038574,2.7937591075897217,-0.8844184279441833,0.2677304744720459,2.7587802410125732,-0.6989285349845886,0.2152760922908783,2.751481533050537,-0.7094997763633728,0.6719968318939209,2.828949451446533,-0.6820613741874695,1.0717096328735352,2.924457311630249,-0.7740739583969116,1.1952130794525146,2.8780736923217773,-0.8248313069343567,0.22021135687828064,2.9229073524475098,-0.8399637937545776,0.6813872456550598,2.96527099609375,-0.8020808696746826,1.0845223665237427,3.040715456008911,-0.8909729719161987,1.2078914642333984,2.988283634185791,-0.9597322940826416,-0.4525400400161743,2.7775986194610596,-0.9935517311096191,-0.49755626916885376,2.766756057739258,-0.976668655872345,-0.5540018677711487,2.7361867427825928,-0.8603607416152954,-0.6009079813957214,2.707637310028076,-0.9978535175323486,-0.5538541078567505,2.8016510009765625,-0.9203844666481018,-0.6004892587661743,2.8931195735931396,-0.6422443985939026,1.163779377937317,2.971754550933838,-0.7598225474357605,1.1777777671813965,3.083340883255005
-0.7513736486434937,0.21582472324371338,2.812760353088379,-0.7622286677360535,0.020941853523254395,2.8079400062561035,-0.7736323475837708,-0.17392629384994507,2.803844928741455,-0.7850363254547119,-0.3688002824783325,2.7997496128082275,-0.7578455805778503,-0.37049049139022827,2.753872871398926,-0.6753739714622498,-0.37240058183670044,2.615109443664551,-0.7205650806427002,-0.09336164593696594,2.691610336303711,-0.838870644569397,0.1608293056488037,2.717653512954712,-0.8625317811965942,0.2116674929857254,2.7228622436523438,-0.909853994846344,0.31334388256073,2.7332794666290283,-0.9179036021232605,0.24200469255447388,2.784116268157959,-0.8123511075973511,-0.3692281246185303,2.8455817699432373,-0.8948227167129517,-0.3673180341720581,2.9843451976776123,-0.859277606010437,-0.08636730909347534,2.909775733947754,-0.9100242257118225,0.1659376621246338,2.7955193519592285,-0.9201735258102417,0.21639865636825562,2.7726681232452393,-0.9404721856117249,0.31732064485549927,2.7269656658172607,-0.8981223702430725,0.2478453516960144,2.6935269832611084,-0.694231390953064,0.21485814452171326,2.7231574058532715,-0.7116473317146301,0.6699578762054443,2.8105275630950928,-0.694490909576416,1.069967269897461,2.9085898399353027,-0.7942219972610474,1.1900678873062134,2.8693206310272217,-0.8085159063339233,0.2167913019657135,2.9023633003234863,-0.8363266587257385,0.677402138710022,2.9483718872070312,-0.8099002242088318,1.082159161567688,3.021798849105835,-0.9070289134979248,1.2018623352050781,2.9754343032836914,-0.9497866034507751,-0.45181241631507874,2.754546642303467,-0.9844751954078674,-0.4963480830192566,2.7443010807037354,-0.9697301983833313,-0.5519247055053711,2.711064100265503,-0.8554937839508057,-0.5984604954719543,2.674363136291504,-0.987099826335907,-0.553716242313385,2.777660846710205,-0.9047077894210815,-0.6035366058349609,2.863054037094116,-0.6555284261703491,1.1632702350616455,2.95436692237854,-0.7687152028083801,1.17717707157135,3.0617294311523438
-0.7464142441749573,0.21088644862174988,2.8160388469696045,-0.7567456364631653,0.01607862114906311,2.809401750564575,-0.7675528526306152,-0.17871975898742676,2.8032639026641846,-0.7783604264259338,-0.3735239505767822,2.797125816345215,-0.7544474005699158,-0.3744114637374878,2.7494521141052246,-0.6818774938583374,-0.3738933205604553,2.6052298545837402,-0.7402268648147583,-0.09775027632713318,2.6866161823272705,-0.8758590221405029,0.14764761924743652,2.720639705657959,-0.9029854536056519,0.1967272013425827,2.7274444103240967,-0.9572383165359497,0.29488635063171387,2.741053819656372,-0.9566646218299866,0.2230783849954605,2.7923295497894287,-0.8023908734321594,-0.37475377321243286,2.8447329998016357,-0.8749607801437378,-0.37527191638946533,2.98895525932312,-0.8514038920402527,-0.09516054391860962,2.903714179992676,-0.9168884754180908,0.15282483398914337,2.7854397296905518,-0.9299854040145874,0.2024219036102295,2.761784791946411,-0.9561792016029358,0.3016160726547241,2.71447491645813,-0.9143205285072327,0.23194779455661774,2.6801223754882812,-0.6958136558532715,0.21138325333595276,2.722691059112549,-0.7161036729812622,0.6665310859680176,2.8131840229034424,-0.7063472270965576,1.0681825876235962,2.908358097076416,-0.8128414154052734,1.184682846069336,2.875427007675171,-0.7970148324966431,0.210389643907547,2.90938663482666,-0.8357594013214111,0.6710875034332275,2.9542925357818604,-0.8190703392028809,1.0780752897262573,3.021817207336426,-0.9237051010131836,1.1938263177871704,2.981184244155884,-0.9460909366607666,-0.4544266164302826,2.7593324184417725,-0.9816162586212158,-0.4984937310218811,2.7498202323913574,-0.9692174792289734,-0.5531018972396851,2.7140603065490723,-0.8576167225837708,-0.5989891290664673,2.669160842895508,-0.9825960993766785,-0.5568782091140747,2.7815194129943848,-0.8955228328704834,-0.6096885800361633,2.860295295715332,-0.6675969958305359,1.1632330417633057,2.9510598182678223,-0.7786290645599365,1.175154209136963,3.0578696727752686
-0.7370433807373047,0.20700481534004211,2.816650867462158,-0.7476383447647095,0.012286797165870667,2.808455467224121,-0.7586190700531006,-0.1824156790971756,2.8003993034362793,-0.7696001529693604,-0.37712398171424866,2.7923429012298584,-0.749619722366333,-0.37726789712905884,2.742888927459717,-0.6889457702636719,-0.37449997663497925,2.593292713165283,-0.760330855846405,-0.10195282101631165,2.680969715118408,-0.915231466293335,0.1315668225288391,2.7253646850585938,-0.946211576461792,0.17827075719833374,2.734243631362915,-1.008171796798706,0.271678626537323,2.7520015239715576,-0.996970534324646,0.20038381218910217,2.8034608364105225,-0.7896998524665833,-0.3790963292121887,2.8417093753814697,-0.8503738045692444,-0.3818642497062683,2.9913055896759033,-0.8238222002983093,-0.10175904631614685,2.9024174213409424,-0.8911027908325195,0.14880311489105225,2.78757643699646,-0.9045588970184326,0.1989155411720276,2.764608144760132,-0.9314711093902588,0.29914039373397827,2.7186717987060547,-0.8946214318275452,0.22768133878707886,2.6813602447509766,-0.694353461265564,0.20876938104629517,2.719536781311035,-0.7184300422668457,0.6640715599060059,2.8116421699523926,-0.7158820629119873,1.0671262741088867,2.9038050174713135,-0.8290109038352966,1.1795902252197266,2.878822088241577,-0.7797333002090454,0.20524024963378906,2.9137649536132812,-0.827604353427887,0.6664128303527832,2.9510657787323,-0.8188682794570923,1.0760160684585571,3.006765604019165,-0.9303202033042908,1.1874890327453613,2.971798896789551,-0.9398631453514099,-0.45630258321762085,2.763111114501953,-0.9761642813682556,-0.4999491572380066,2.7546136379241943,-0.9663928151130676,-0.5535029172897339,2.716510772705078,-0.8581660389900208,-0.5983937382698059,2.663116931915283,-0.9753975868225098,-0.5592617988586426,2.7845590114593506,-0.8836796879768372,-0.6147106289863586,2.85591983795166,-0.6773231029510498,1.1639899015426636,2.9428536891937256,-0.7788056135177612,1.1753928661346436,3.036987781524658
-0.727485179901123,0.20483145117759705,2.817983865737915,-0.7390576601028442,0.010239079594612122,2.8085973262786865,-0.7509803175926208,-0.18432672321796417,2.7990989685058594,-0.7629033327102661,-0.37889835238456726,2.789600133895874,-0.7475392818450928,-0.3784105181694031,2.738529920578003,-0.700820803642273,-0.3737316131591797,2.584045886993408,-0.7825053930282593,-0.10340616106987,2.6742191314697266,-0.9555437564849854,0.11732080578804016,2.7250797748565674,-0.9901514053344727,0.16146621108055115,2.7352519035339355,-1.0593667030334473,0.24975700676441193,2.755596160888672,-1.0381050109863281,0.1807858645915985,2.807758092880249,-0.7783969640731812,-0.3815009295940399,2.8405673503875732,-0.825115442276001,-0.3861798346042633,2.995051383972168,-0.7873110175132751,-0.10808593034744263,2.8995838165283203,-0.848720908164978,0.1465669870376587,2.7871997356414795,-0.8610028624534607,0.19749757647514343,2.7647228240966797,-0.8855668306350708,0.2993587553501129,2.719769239425659,-0.8571236729621887,0.22488975524902344,2.680079221725464,-0.6941419839859009,0.20770171284675598,2.7173731327056885,-0.7221506237983704,0.6629304885864258,2.8107948303222656,-0.7247200608253479,1.0667887926101685,2.9010579586029053,-0.843488872051239,1.1753679513931274,2.8861916065216064,-0.7608283758163452,0.2019611895084381,2.9185945987701416,-0.8176338076591492,0.6632959246635437,2.9448390007019043,-0.8158202767372131,1.0750999450683594,2.9857022762298584,-0.9332464337348938,1.1824111938476562,2.9572088718414307,-0.9351541996002197,-0.4571612477302551,2.7705459594726562,-0.9721189737319946,-0.5005623698234558,2.7635397911071777,-0.9652368426322937,-0.5531639456748962,2.7234580516815186,-0.8611516356468201,-0.5968161821365356,2.6613235473632812,-0.9693950414657593,-0.5606626868247986,2.7918481826782227,-0.8729331493377686,-0.6180624961853027,2.8550961017608643,-0.6859869360923767,1.1652151346206665,2.936101198196411,-0.776073694229126,1.1765975952148438,3.0088212490081787
-0.716652512550354,0.20497280359268188,2.817363977432251,-0.729735791683197,0.010628148913383484,2.806260585784912,-0.743173360824585,-0.18366824090480804,2.794743537902832,-0.7566113471984863,-0.37797045707702637,2.783226251602173,-0.7462837100028992,-0.3766498267650604,2.73093581199646,-0.7147752642631531,-0.36945024132728577,2.57271409034729,-0.8043096661567688,-0.10115060210227966,2.6651289463043213,-0.9923810958862305,0.10649211704730988,2.72322678565979,-1.029995322227478,0.1480206549167633,2.734846353530884,-1.1052238941192627,0.23107774555683136,2.7580854892730713,-1.0748188495635986,0.16517166793346405,2.8102545738220215,-0.7670850157737732,-0.3814028799533844,2.8353912830352783,-0.7985934615135193,-0.38860246539115906,2.9936130046844482,-0.7440507411956787,-0.11293280124664307,2.8957717418670654,-0.7931944727897644,0.14880633354187012,2.7911810874938965,-0.8030232191085815,0.20115415751934052,2.7702629566192627,-0.8226807117462158,0.3058498203754425,2.728426694869995,-0.8054531216621399,0.2293723225593567,2.685483694076538,-0.6935811638832092,0.20932389795780182,2.714021682739258,-0.7269331216812134,0.664184033870697,2.8085124492645264,-0.7329192757606506,1.0684490203857422,2.897632122039795,-0.8559061288833618,1.1733460426330566,2.894374132156372,-0.7397238612174988,0.20062170922756195,2.920706272125244,-0.803158164024353,0.661757230758667,2.9370996952056885,-0.8104155659675598,1.0748953819274902,2.9630324840545654,-0.9333505630493164,1.1777786016464233,2.9420132637023926,-0.929864764213562,-0.4563705623149872,2.773709535598755,-0.9672015905380249,-0.4997447431087494,2.7680106163024902,-0.9629693627357483,-0.5512583255767822,2.7260472774505615,-0.8631436824798584,-0.5928667783737183,2.655710458755493,-0.9624624848365784,-0.5606774091720581,2.7944161891937256,-0.8617075681686401,-0.6195542216300964,2.8494222164154053,-0.6939190626144409,1.1682382822036743,2.928424596786499,-0.7718563675880432,1.1783137321472168,2.9786832332611084
-0.7065480947494507,0.20447060465812683,2.8260154724121094,-0.7216017246246338,0.010458067059516907,2.8130764961242676,-0.7370590567588806,-0.18346847593784332,2.7993481159210205,-0.7525168657302856,-0.37740081548690796,2.7856194972991943,-0.7475624084472656,-0.375108540058136,2.7326035499572754,-0.7322846055030823,-0.3649621605873108,2.572073459625244,-0.8285529017448425,-0.0986207127571106,2.666994333267212,-1.0289604663848877,0.09579095244407654,2.7342660427093506,-1.0690419673919678,0.13467329740524292,2.74772047996521,-1.149204969406128,0.2124379724264145,2.7746291160583496,-1.1101264953613281,0.1500970721244812,2.8259806632995605,-0.7576393485069275,-0.38180088996887207,2.8384859561920166,-0.7729171514511108,-0.39194726943969727,2.999016046524048,-0.695880115032196,-0.12034061551094055,2.9014947414398193,-0.7249635457992554,0.14984959363937378,2.8085649013519287,-0.7307802438735962,0.20388764142990112,2.7899789810180664,-0.7424136400222778,0.3119637370109558,2.7528069019317627,-0.7391093373298645,0.23528048396110535,2.706339120864868,-0.6945114135742188,0.21054419875144958,2.7209420204162598,-0.7333271503448486,0.6651041507720947,2.81615948677063,-0.7403087615966797,1.0699255466461182,2.903818130493164,-0.8656824231147766,1.1717450618743896,2.9130499362945557,-0.7185847759246826,0.19839701056480408,2.931088924407959,-0.7877641320228577,0.6592159271240234,2.9386990070343018,-0.8046901822090149,1.0729459524154663,2.951111078262329,-0.9321600198745728,1.1717979907989502,2.9388351440429688,-0.9261093735694885,-0.4565390348434448,2.7849929332733154,-0.963668704032898,-0.500006914138794,2.780433416366577,-0.9619840383529663,-0.5503556728363037,2.7367043495178223,-0.8665856719017029,-0.5894640684127808,2.658734083175659,-0.9570221304893494,-0.5617784261703491,2.8047268390655518,-0.8525267839431763,-0.6218283772468567,2.8514645099639893,-0.7008447647094727,1.1709260940551758,2.9299604892730713,-0.7678422927856445,1.1779053211212158,2.9593405723571777
-0.6989378333091736,0.20421072840690613,2.8334503173828125,-0.716216504573822,0.010608598589897156,2.818571090698242,-0.733983039855957,-0.1828632950782776,2.802611827850342,-0.751750111579895,-0.37634098529815674,2.786652088165283,-0.752147912979126,-0.3729863166809082,2.7334864139556885,-0.753062903881073,-0.3596038520336151,2.5722718238830566,-0.8544245958328247,-0.09464249014854431,2.6687521934509277,-1.063133716583252,0.08855774998664856,2.7455081939697266,-1.1048755645751953,0.12519779801368713,2.760859489440918,-1.1883591413497925,0.19847789406776428,2.7915618419647217,-1.1418782472610474,0.1398419439792633,2.8415963649749756,-0.7515454292297363,-0.38179853558540344,2.839644193649292,-0.7506304383277893,-0.39518100023269653,3.000858783721924,-0.6493247151374817,-0.1283286213874817,2.909677028656006,-0.6537008285522461,0.14965733885765076,2.8340601921081543,-0.6545760631561279,0.20525452494621277,2.818936824798584,-0.6563265323638916,0.3164489269256592,2.7886900901794434,-0.6670356392860413,0.24278834462165833,2.7380785942077637,-0.6979525089263916,0.21223801374435425,2.727858066558838,-0.7404715418815613,0.6665164232254028,2.8241426944732666,-0.7441443800926208,1.072020411491394,2.9099533557891846,-0.8694068193435669,1.1722183227539062,2.9316508769989014,-0.6999231576919556,0.196183443069458,2.939042568206787,-0.7743362188339233,0.6565199494361877,2.938319444656372,-0.8004519939422607,1.0701963901519775,2.9387357234954834,-0.9310413599014282,1.1657867431640625,2.9355742931365967,-0.9250250458717346,-0.4568178951740265,2.793424367904663,-0.9626224040985107,-0.5004865527153015,2.7896785736083984,-0.9631312489509583,-0.5496124029159546,2.744349956512451,-0.8718780875205994,-0.5858042240142822,2.6598448753356934,-0.9542670249938965,-0.5630258917808533,2.811753749847412,-0.8467627763748169,-0.6238090991973877,2.8508219718933105,-0.7036145329475403,1.1737890243530273,2.9313244819641113,-0.7656274437904358,1.1762250661849976,2.9399282932281494
-0.6927666068077087,0.2037525773048401,2.8415424823760986,-0.7124388813972473,0.010542616248130798,2.825382947921753,-0.7326961159706116,-0.18250024318695068,2.807995557785034,-0.7529539465904236,-0.3755488991737366,2.7906076908111572,-0.7582948207855225,-0.3713003098964691,2.737790107727051,-0.7742166519165039,-0.35517486929893494,2.577308416366577,-0.8794650435447693,-0.0902637243270874,2.671046018600464,-1.0931427478790283,0.08524197340011597,2.7534377574920654,-1.135878324508667,0.12034311145544052,2.76991605758667,-1.2213493585586548,0.19054538011550903,2.802872657775879,-1.1693437099456787,0.13585542142391205,2.8521628379821777,-0.747833251953125,-0.38189566135406494,2.843235969543457,-0.7319114208221436,-0.3980211019515991,3.0037176609039307,-0.6150299310684204,-0.13342106342315674,2.923921585083008,-0.6077008843421936,0.1495668590068817,2.868128538131714,-0.6062350869178772,0.20616444945335388,2.8569698333740234,-0.6033034920692444,0.3193596303462982,2.8346526622772217,-0.62135249376297,0.2501707971096039,2.779768943786621,-0.7020694613456726,0.21348315477371216,2.736525535583496,-0.7460207343101501,0.6678803563117981,2.83268666267395,-0.7428486347198486,1.074434518814087,2.914407968521118,-0.8658497929573059,1.1745730638504028,2.947105884552002,-0.6834637522697449,0.19402199983596802,2.946559429168701,-0.7622182369232178,0.6537739038467407,2.937532901763916,-0.7961423397064209,1.0669509172439575,2.9271063804626465,-0.9283707737922668,1.1602885723114014,2.9325735569000244,-0.9254425168037415,-0.45788246393203735,2.8029327392578125,-0.9628913998603821,-0.5018627047538757,2.7997217178344727,-0.9650086164474487,-0.5499302744865417,2.753138542175293,-0.8771132826805115,-0.5832326412200928,2.6636617183685303,-0.9530605673789978,-0.5649747848510742,2.8198511600494385,-0.8432604074478149,-0.625858724117279,2.8526809215545654,-0.7007908821105957,1.1765730381011963,2.9307491779327393,-0.7633742690086365,1.173564076423645,2.9218084812164307
-0.6876207590103149,0.20460101962089539,2.848374843597412,-0.7096937894821167,0.011720776557922363,2.831892967224121,-0.7324420213699341,-0.18097242712974548,2.8141870498657227,-0.755190908908844,-0.37367135286331177,2.796480655670166,-0.7647916674613953,-0.3688170313835144,2.7443339824676514,-0.7937071919441223,-0.35081079602241516,2.5855231285095215,-0.9018005132675171,-0.08444732427597046,2.6719157695770264,-1.1178982257843018,0.08743271231651306,2.755934238433838,-1.1611177921295166,0.121808722615242,2.772737979888916,-1.2475569248199463,0.1905607283115387,2.8063454627990723,-1.1915663480758667,0.13992492854595184,2.855652093887329,-0.7458375096321106,-0.38062015175819397,2.8484346866607666,-0.7169219851493835,-0.3986263871192932,3.0072455406188965,-0.5860849022865295,-0.1343044638633728,2.9514520168304443,-0.5710258483886719,0.1527874767780304,2.92592716217041,-0.5680140256881714,0.21020586788654327,2.9208221435546875,-0.5619903802871704,0.32504263520240784,2.910612106323242,-0.5833886861801147,0.2626674771308899,2.8491179943084717,-0.7058725953102112,0.21555082499980927,2.744678020477295,-0.7495898008346558,0.6702228784561157,2.839979410171509,-0.7379963397979736,1.0778073072433472,2.9159164428710938,-0.8574304580688477,1.1789488792419434,2.957627534866333,-0.6693689227104187,0.1936512142419815,2.9520716667175293,-0.7517008781433105,0.652673065662384,2.9365625381469727,-0.7919012308120728,1.065055012702942,2.9178309440612793,-0.9245541095733643,1.157020092010498,2.9312307834625244,-0.9265366196632385,-0.4584602415561676,2.8129513263702393,-0.9636282920837402,-0.5029110312461853,2.810157299041748,-0.9667221903800964,-0.550251305103302,2.7627124786376953,-0.881271481513977,-0.5809402465820312,2.66965389251709,-0.9523918628692627,-0.5663654208183289,2.828838348388672,-0.8406689763069153,-0.626596987247467,2.8570103645324707,-0.6943204998970032,1.1799548864364624,2.9273250102996826,-0.761083722114563,1.1718605756759644,2.9071204662323
-0.68030846118927,0.2050587236881256,2.85356068611145,-0.7067555785179138,0.012638747692108154,2.8383090496063232,-0.734024167060852,-0.17958258092403412,2.822033166885376,-0.7612935900688171,-0.3718096613883972,2.8057568073272705,-0.7778310775756836,-0.3662773370742798,2.7554516792297363,-0.8278970718383789,-0.34618598222732544,2.6020495891571045,-0.9419472217559814,-0.08072268962860107,2.6838572025299072,-1.1568580865859985,0.0866478979587555,2.7796082496643066,-1.1998403072357178,0.1201220154762268,2.7987585067749023,-1.2858046293258667,0.18707025051116943,2.8370590209960938,-1.2226523160934448,0.14213880896568298,2.883207082748413,-0.7450525164604187,-0.37943124771118164,2.8558850288391113,-0.6949865221977234,-0.399522602558136,3.009287118911743,-0.557887852191925,-0.14050310850143433,2.943838357925415,-0.5658271908760071,0.14764028787612915,2.927158832550049,-0.5674150586128235,0.2052689790725708,2.9238228797912598,-0.5705907940864563,0.3205263614654541,2.9171509742736816,-0.5918375849723816,0.25848984718322754,2.8552095890045166,-0.7131092548370361,0.2174828052520752,2.753692150115967,-0.7553594708442688,0.6717587113380432,2.8521947860717773,-0.7309369444847107,1.0803735256195068,2.919792652130127,-0.8427721858024597,1.182997226715088,2.97646164894104,-0.6475076675415039,0.19263464212417603,2.9534292221069336,-0.7389475107192993,0.6499747633934021,2.9351744651794434,-0.7916175723075867,1.0607647895812988,2.910489320755005,-0.9235947728157043,1.150313377380371,2.9390058517456055,-0.9309161305427551,-0.4596024751663208,2.8284833431243896,-0.9674835205078125,-0.5047211050987244,2.8268492221832275,-0.9717426896095276,-0.5519107580184937,2.779118537902832,-0.8894084692001343,-0.5807186365127563,2.682291269302368,-0.9544984698295593,-0.568260669708252,2.844663143157959,-0.8405498266220093,-0.6270433664321899,2.8680007457733154,-0.6855176687240601,1.1823705434799194,2.923435688018799,-0.765181839466095,1.1678452491760254,2.8927555084228516
-0.6808083653450012,0.20465952157974243,2.856628179550171,-0.7099301218986511,0.01247549057006836,2.843663454055786,-0.739856481552124,-0.1795281618833542,2.8298842906951904,-0.7697837352752686,-0.37153756618499756,2.8161046504974365,-0.7887658476829529,-0.36610502004623413,2.7666640281677246,-0.8462756872177124,-0.3463152050971985,2.615809202194214,-0.9560462832450867,-0.07824963331222534,2.694986343383789,-1.1626132726669312,0.09646597504615784,2.795876979827881,-1.203926682472229,0.13140909373760223,2.8160550594329834,-1.2865535020828247,0.20129534602165222,2.8564114570617676,-1.2216980457305908,0.1569429486989975,2.900728225708008,-0.7511268258094788,-0.37905704975128174,2.8653955459594727,-0.6936169862747192,-0.3988468647003174,3.0162503719329834,-0.5554832220077515,-0.14166435599327087,2.945866107940674,-0.5790554285049438,0.14589756727218628,2.934601306915283,-0.5837698578834534,0.20340995490550995,2.9323482513427734,-0.5931987166404724,0.3184347152709961,2.927842378616333,-0.6129794120788574,0.25638121366500854,2.865429162979126,-0.7188730239868164,0.2170371413230896,2.7586491107940674,-0.7555965185165405,0.6723573207855225,2.854778289794922,-0.7218540906906128,1.0815331935882568,2.9148550033569336,-0.8290276527404785,1.1865967512130737,2.9759435653686523,-0.642743706703186,0.19228190183639526,2.9546072483062744,-0.7323751449584961,0.6499924659729004,2.9352896213531494,-0.7845976948738098,1.060748815536499,2.9083704948425293,-0.9145468473434448,1.1512651443481445,2.9426684379577637,-0.9386470317840576,-0.46066054701805115,2.8406691551208496,-0.9748333692550659,-0.5061712861061096,2.839768409729004,-0.978842556476593,-0.5540613532066345,2.7926337718963623,-0.8965452909469604,-0.5834019780158997,2.6957802772521973,-0.9611806869506836,-0.5694056749343872,2.8583755493164062,-0.8465033769607544,-0.62687748670578,2.8820483684539795,-0.6748821139335632,1.1829040050506592,2.914517879486084,-0.7586888074874878,1.1674954891204834,2.8879647254943848
-0.6839268803596497,0.2032444179058075,2.8699073791503906,-0.7154572010040283,0.011315867304801941,2.8595545291900635,-0.7477337121963501,-0.18045377731323242,2.8485751152038574,-0.7800111770629883,-0.3722291588783264,2.8375954627990723,-0.8009431958198547,-0.3669953942298889,2.7889363765716553,-0.8643932938575745,-0.34781062602996826,2.6403746604919434,-0.9707345366477966,-0.07760453224182129,2.716893434524536,-1.1698720455169678,0.1036616712808609,2.8210980892181396,-1.2096995115280151,0.13991491496562958,2.8419389724731445,-1.2893545627593994,0.21242140233516693,2.8836207389831543,-1.2231974601745605,0.16850779950618744,2.926421880722046,-0.7594300508499146,-0.3795472979545593,2.8861351013183594,-0.6959799528121948,-0.39873206615448,3.0346968173980713,-0.5553383231163025,-0.14321216940879822,2.9632513523101807,-0.5880577564239502,0.14366084337234497,2.9609930515289307,-0.5946016311645508,0.20103543996810913,2.9605414867401123,-0.6076894402503967,0.31578463315963745,2.9596381187438965,-0.6273430585861206,0.25491777062416077,2.896029472351074,-0.7261962294578552,0.2153804898262024,2.7736544609069824,-0.7574475407600403,0.6718240976333618,2.8665640354156494,-0.7173105478286743,1.0814182758331299,2.9197499752044678,-0.820746898651123,1.1883113384246826,2.984064817428589,-0.6416575312614441,0.1911083459854126,2.966160297393799,-0.7293533682823181,0.6491454839706421,2.9446892738342285,-0.7808888554573059,1.0598305463790894,2.9148736000061035,-0.9088386297225952,1.15141761302948,2.953632354736328,-0.9480524063110352,-0.46262478828430176,2.864323139190674,-0.9838271737098694,-0.5085307359695435,2.8643319606781006,-0.9875401854515076,-0.5572958588600159,2.8179962635040283,-0.9052357077598572,-0.5875135064125061,2.7212705612182617,-0.9694817662239075,-0.5713561177253723,2.883979082107544,-0.8540703058242798,-0.6273509860038757,2.908222198486328,-0.6694527864456177,1.1823186874389648,2.9160404205322266,-0.7554174065589905,1.166196584701538,2.8920154571533203
-0.6895288825035095,0.20134153962135315,2.8975207805633545,-0.7229745388031006,0.009662806987762451,2.8892369270324707,-0.7571287751197815,-0.18186679482460022,2.8804116249084473,-0.7912840247154236,-0.37340211868286133,2.8715860843658447,-0.8137791752815247,-0.368257075548172,2.8236277103424072,-0.8819999098777771,-0.3493410050868988,2.677121639251709,-0.9859605431556702,-0.07758286595344543,2.7514262199401855,-1.1785823106765747,0.10961903631687164,2.857398509979248,-1.2171066999435425,0.14705941081047058,2.8785929679870605,-1.2941553592681885,0.22194017469882965,2.9209818840026855,-1.2271661758422852,0.17819899320602417,2.9626572132110596,-0.7691601514816284,-0.38062891364097595,2.9194483757019043,-0.700939416885376,-0.39954498410224915,3.0659544467926025,-0.5575454235076904,-0.14368340373039246,3.0014991760253906,-0.5953669548034668,0.14208686351776123,3.0183143615722656,-0.6029312610626221,0.19924092292785645,3.0216774940490723,-0.6180598735809326,0.3135490417480469,3.0284035205841064,-0.6388583183288574,0.2563617527484894,2.9618098735809326,-0.7351691126823425,0.21339742839336395,2.802833080291748,-0.7610246539115906,0.6708154082298279,2.8926358222961426,-0.7166333198547363,1.080652117729187,2.94040584564209,-0.8171061873435974,1.188791275024414,3.0072975158691406,-0.6438886523246765,0.18928565084934235,2.992208480834961,-0.729132354259491,0.6476923823356628,2.968522787094116,-0.7796298265457153,1.0583229064941406,2.93609881401062,-0.9056357741355896,1.151020884513855,2.9784419536590576,-0.9584081172943115,-0.4654541611671448,2.899637222290039,-0.9936901926994324,-0.5118021368980408,2.9002463817596436,-0.9969013333320618,-0.5612091422080994,2.8544673919677734,-0.9142886400222778,-0.5916875600814819,2.7579267024993896,-0.9785959720611572,-0.5742743015289307,2.9206535816192627,-0.8624233603477478,-0.6287053227424622,2.9454543590545654,-0.6683452725410461,1.1812180280685425,2.9340319633483887,-0.754460334777832,1.1643004417419434,2.9111764430999756
-0.6904710531234741,0.20257103443145752,2.9061450958251953,-0.7256263494491577,0.011155113577842712,2.8991756439208984,-0.7614768743515015,-0.18011435866355896,2.891742706298828,-0.7973284721374512,-0.37138956785202026,2.8843095302581787,-0.8211418390274048,-0.36616528034210205,2.837003469467163,-0.8933739066123962,-0.3470090627670288,2.6924519538879395,-0.9941056370735168,-0.07387050986289978,2.7662312984466553,-1.1797595024108887,0.11927780508995056,2.874011754989624,-1.2168903350830078,0.15790747106075287,2.8955678939819336,-1.2911518812179565,0.2351667881011963,2.9386801719665527,-1.2238279581069946,0.19089055061340332,2.9792511463165283,-0.7739047408103943,-0.37869274616241455,2.931534767150879,-0.7016726732254028,-0.3978489637374878,3.0760862827301025,-0.554181694984436,-0.14189407229423523,3.0219712257385254,-0.5908522605895996,0.1424228847026825,3.056748151779175,-0.5981863737106323,0.19928628206253052,3.0637035369873047,-0.6128545999526978,0.31301307678222656,3.0776143074035645,-0.6351215839385986,0.2599825859069824,3.0081100463867188,-0.7389532923698425,0.21486903727054596,2.8129351139068604,-0.761117696762085,0.6728368997573853,2.9010937213897705,-0.7152009606361389,1.0828839540481567,2.9457950592041016,-0.8136237859725952,1.1913570165634155,3.0151774883270264,-0.6419888138771057,0.19027303159236908,2.9993550777435303,-0.7252694368362427,0.6490568518638611,2.975283145904541,-0.7764607071876526,1.0596225261688232,2.9427196979522705,-0.900983452796936,1.1526243686676025,2.988677740097046,-0.9633431434631348,-0.4652112126350403,2.9141645431518555,-0.9981024861335754,-0.5120024085044861,2.9153993129730225,-1.0009829998016357,-0.5619106888771057,2.8700592517852783,-0.9184731245040894,-0.5923416614532471,2.7732644081115723,-0.9821485877037048,-0.5741535425186157,2.9363174438476562,-0.8651090264320374,-0.6270297169685364,2.960996150970459,-0.667087733745575,1.1834086179733276,2.937567949295044,-0.7520169019699097,1.1654771566390991,2.916545867919922
-0.6894713044166565,0.20389321446418762,2.9049739837646484,-0.7260769009590149,0.012720808386802673,2.8990285396575928,-0.763366162776947,-0.17830586433410645,2.892662525177002,-0.8006564974784851,-0.3693382143974304,2.886296272277832,-0.8256795406341553,-0.36397749185562134,2.8396360874176025,-0.9015945792198181,-0.34440603852272034,2.697028160095215,-0.9982724189758301,-0.06968280673027039,2.7704176902770996,-1.1766012907028198,0.12978202104568481,2.879103422164917,-1.2122670412063599,0.16967499256134033,2.9008405208587646,-1.2835986614227295,0.24946093559265137,2.944314956665039,-1.2164236307144165,0.2042267620563507,2.984079599380493,-0.7760387659072876,-0.37677526473999023,2.932887315750122,-0.7001237273216248,-0.39634671807289124,3.0754952430725098,-0.5495126247406006,-0.14004117250442505,3.0327260494232178,-0.5829053521156311,0.14239948987960815,3.082848072052002,-0.5895838737487793,0.19888761639595032,3.092872381210327,-0.6029409766197205,0.31186386942863464,3.1129212379455566,-0.6264755725860596,0.26279470324516296,3.040961742401123,-0.7405475378036499,0.216526597738266,2.813225746154785,-0.759479820728302,0.6748124361038208,2.9004478454589844,-0.7119845747947693,1.084936261177063,2.9426767826080322,-0.8083460330963135,1.1936979293823242,3.0144546031951904,-0.6383950710296631,0.19125983119010925,2.9967222213745117,-0.7195689678192139,0.6504499912261963,2.9733307361602783,-0.7725399732589722,1.060912847518921,2.9424283504486084,-0.8957728147506714,1.1536632776260376,2.9922049045562744,-0.9655795097351074,-0.46453341841697693,2.918647050857544,-0.9998966455459595,-0.5116754770278931,2.9206485748291016,-1.0027357339859009,-0.5620601177215576,2.875762701034546,-0.9208177328109741,-0.5926113128662109,2.7783775329589844,-0.9831296801567078,-0.5735206007957458,2.9419901371002197,-0.8652670979499817,-0.6250827312469482,2.966022253036499,-0.6640323400497437,1.1853902339935303,2.9328272342681885,-0.7491193413734436,1.1668169498443604,2.9155354499816895
-0.6902689933776855,0.20514801144599915,2.9111082553863525,-0.7278994917869568,0.01415841281414032,2.905532121658325,-0.7662313580513,-0.17667710781097412,2.8994786739349365,-0.804564356803894,-0.3675183355808258,2.8934249877929688,-0.830664873123169,-0.3618953824043274,2.847388505935669,-0.909862756729126,-0.3415239155292511,2.706674814224243,-1.0034091472625732,-0.06597080826759338,2.781012535095215,-1.1752049922943115,0.13835707306861877,2.8911821842193604,-1.209564208984375,0.17922264337539673,2.9132161140441895,-1.2782825231552124,0.26095378398895264,2.9572839736938477,-1.2112096548080444,0.2147720754146576,2.9961225986480713,-0.7788804769515991,-0.3752155005931854,2.9393956661224365,-0.6996825933456421,-0.3955869674682617,3.0801093578338623,-0.5474591851234436,-0.13824018836021423,3.051697254180908,-0.5770765542984009,0.14090681076049805,3.1195263862609863,-0.5830000042915344,0.19673621654510498,3.133092164993286,-0.5948469638824463,0.30839502811431885,3.160223960876465,-0.6198077201843262,0.2641029953956604,3.085691213607788,-0.7436689138412476,0.21830648183822632,2.8207848072052,-0.7594355344772339,0.6768457889556885,2.907219409942627,-0.7100111842155457,1.0869648456573486,2.947080612182617,-0.8042662739753723,1.196126103401184,3.0210046768188477,-0.6368690729141235,0.19198954105377197,3.001431703567505,-0.7154543399810791,0.6516661047935486,2.979079484939575,-0.7702075242996216,1.0620641708374023,2.9507083892822266,-0.8921725749969482,1.1544067859649658,3.004209280014038,-0.9683963060379028,-0.4642135798931122,2.92756724357605,-1.0022698640823364,-0.5117000937461853,2.9300291538238525,-1.0050299167633057,-0.5622936487197876,2.885307788848877,-0.9236345887184143,-0.5924218893051147,2.7872414588928223,-0.9847214221954346,-0.5733519196510315,2.95143985748291,-0.8660938143730164,-0.623753547668457,2.9746153354644775,-0.6621180176734924,1.1872841119766235,2.9357264041900635,-0.7478035688400269,1.168082594871521,2.923417806625366
-0.6898859143257141,0.2059400975704193,2.91426944732666,-0.7282299995422363,0.015076667070388794,2.9088191986083984,-0.7672922611236572,-0.17562547326087952,2.9028480052948,-0.8063557147979736,-0.36633333563804626,2.896876811981201,-0.8333956599235535,-0.3604520261287689,2.851414442062378,-0.9154576063156128,-0.33929184079170227,2.712451457977295,-1.0064727067947388,-0.06314471364021301,2.787766218185425,-1.1727169752120972,0.14512065052986145,2.899101734161377,-1.2059658765792847,0.18677371740341187,2.9213688373565674,-1.2724635601043701,0.2700798511505127,2.9659030437469482,-1.2055068016052246,0.223083034157753,3.0039641857147217,-0.7797403335571289,-0.3742873966693878,2.9422740936279297,-0.6976783871650696,-0.39544758200645447,3.0812370777130127,-0.5455707311630249,-0.13689160346984863,3.0662264823913574,-0.5728168487548828,0.13865014910697937,3.148333787918091,-0.5782660841941833,0.1937585026025772,3.164755344390869,-0.5891645550727844,0.3039751946926117,3.1975982189178467,-0.6148630380630493,0.26370084285736084,3.1210598945617676,-0.7452520132064819,0.21960566937923431,2.8252274990081787,-0.7579541802406311,0.6784079074859619,2.9106199741363525,-0.7068243622779846,1.0885026454925537,2.9482719898223877,-0.7991957068443298,1.198051929473877,3.023958444595337,-0.6345198154449463,0.1922745257616043,3.0033113956451416,-0.7104361057281494,0.6523900032043457,2.9813294410705566,-0.7670242190361023,1.062670350074768,2.9553029537200928,-0.8878594636917114,1.1545383930206299,3.012057304382324,-0.969293475151062,-0.4641634225845337,2.9325308799743652,-1.0028237104415894,-0.5119054317474365,2.9353559017181396,-1.00558340549469,-0.5626282095909119,2.8907344341278076,-0.9247259497642517,-0.5923857092857361,2.792032241821289,-0.9846593737602234,-0.5734172463417053,2.9567527770996094,-0.8654413223266602,-0.6229546070098877,2.9790842533111572,-0.6589906215667725,1.1886844635009766,2.935593843460083,-0.7456085085868835,1.1688077449798584,2.9277093410491943
-0.690645694732666,0.2063436508178711,2.9112966060638428,-0.7295995354652405,0.015580549836158752,2.9063684940338135,-0.7692890763282776,-0.17501550912857056,2.900879144668579,-0.8089798092842102,-0.3656172752380371,2.8953895568847656,-0.8367677927017212,-0.35961633920669556,2.850393772125244,-0.9211097955703735,-0.3380914628505707,2.7128453254699707,-1.009409785270691,-0.06109124422073364,2.788331985473633,-1.171724796295166,0.14995001256465912,2.9002819061279297,-1.2041877508163452,0.1921582669019699,2.9226717948913574,-1.2691137790679932,0.2765747606754303,2.967451810836792,-1.2023028135299683,0.22897395491600037,3.005028486251831,-0.7816231846809387,-0.37368977069854736,2.9403257369995117,-0.6972811818122864,-0.39521464705467224,3.077874183654785,-0.5464935302734375,-0.13556239008903503,3.069626808166504,-0.5730594396591187,0.13889852166175842,3.155550241470337,-0.578372597694397,0.19379070401191711,3.1727349758148193,-0.5889989733695984,0.3035750687122345,3.207104444503784,-0.6142923831939697,0.2645469307899475,3.1297831535339355,-0.7475814819335938,0.22024333477020264,2.8232970237731934,-0.7566254138946533,0.6794958114624023,2.905965566635132,-0.7025442123413086,1.0894273519515991,2.939772844314575,-0.7928553223609924,1.1999884843826294,3.0163702964782715,-0.6337099075317383,0.19244396686553955,2.999296188354492,-0.7078470587730408,0.6526297330856323,2.9756016731262207,-0.7660841941833496,1.0625720024108887,2.9497687816619873,-0.8859851360321045,1.1542130708694458,3.0086984634399414,-0.9711756110191345,-0.4639442265033722,2.9330897331237793,-1.0044728517532349,-0.5118169784545898,2.93649959564209,-1.0074105262756348,-0.5628212690353394,2.892202854156494,-0.9273048639297485,-0.5928205847740173,2.792947769165039,-0.9858468770980835,-0.5731260180473328,2.958098888397217,-0.8662077784538269,-0.622017502784729,2.9796531200408936,-0.6544134616851807,1.1892175674438477,2.925509452819824,-0.7455295920372009,1.1686724424362183,2.9215145111083984
-0.6904316544532776,0.20679393410682678,2.9049434661865234,-0.7299089431762695,0.016122743487358093,2.9006001949310303,-0.7701272964477539,-0.17438000440597534,2.895700454711914,-0.8103468418121338,-0.36488842964172363,2.8908004760742188,-0.8387198448181152,-0.35883286595344543,2.8461780548095703,-0.9248440265655518,-0.33714187145233154,2.7097597122192383,-1.0115604400634766,-0.05947086215019226,2.7846720218658447,-1.171989917755127,0.1528668999671936,2.896923065185547,-1.204075813293457,0.19533444941043854,2.9193732738494873,-1.2682476043701172,0.2802695631980896,2.964273691177368,-1.201302170753479,0.23258495330810547,3.0015134811401367,-0.7824110388755798,-0.3730146288871765,2.9353697299957275,-0.6962869167327881,-0.3947056233882904,3.0717880725860596,-0.5466728806495667,-0.13430792093276978,3.0653481483459473,-0.5707082748413086,0.1406347155570984,3.150519371032715,-0.5755153298377991,0.1956232488155365,3.167553663253784,-0.5851294994354248,0.3056003153324127,3.2016220092773438,-0.6107431650161743,0.26660144329071045,3.1243865489959717,-0.7485989332199097,0.2208225131034851,2.817781448364258,-0.754061758518219,0.6803388595581055,2.8981010913848877,-0.6977705359458923,1.09000563621521,2.9291486740112305,-0.7864295840263367,1.2012635469436646,3.006511926651001,-0.6322643756866455,0.19276535511016846,2.992105484008789,-0.7058104276657104,0.6527389287948608,2.9665780067443848,-0.7648988962173462,1.062315821647644,2.9398396015167236,-0.8839625716209412,1.154036521911621,3.0001304149627686,-0.9720008373260498,-0.4632970988750458,2.930729389190674,-1.0051770210266113,-0.5112179517745972,2.934767246246338,-1.0084587335586548,-0.5625105500221252,2.890810251235962,-0.929273247718811,-0.5929822325706482,2.790930986404419,-0.98621666431427,-0.5723685026168823,2.9565625190734863,-0.8662539720535278,-0.6209131479263306,2.977229356765747,-0.6494537591934204,1.1894752979278564,2.913710117340088,-0.7449071407318115,1.168267846107483,2.910829782485962
-0.6894031763076782,0.20687100291252136,2.898090124130249,-0.7293359041213989,0.01628461480140686,2.8943068981170654,-0.7700066566467285,-0.17413410544395447,2.889981269836426,-0.8106786012649536,-0.36455851793289185,2.885655641555786,-0.8394818902015686,-0.35848188400268555,2.841313123703003,-0.9269134998321533,-0.33672815561294556,2.7057440280914307,-1.0129002332687378,-0.05847546458244324,2.7793526649475098,-1.1728570461273193,0.15434080362319946,2.891387462615967,-1.2048484086990356,0.19690406322479248,2.91379451751709,-1.2688311338424683,0.2820305824279785,2.958608388900757,-1.2016240358352661,0.23460647463798523,2.995713710784912,-0.7823173999786377,-0.3727048635482788,2.9299509525299072,-0.694885790348053,-0.3944585919380188,3.0655200481414795,-0.5464956164360046,-0.13339772820472717,3.057513475418091,-0.5670549869537354,0.14292821288108826,3.139061212539673,-0.5711668729782104,0.19819340109825134,3.1553707122802734,-0.5793905854225159,0.3087237775325775,3.1879897117614746,-0.6058219075202942,0.26897138357162476,3.1114144325256348,-0.7484714984893799,0.22096508741378784,2.8115532398223877,-0.7510188221931458,0.6807115077972412,2.889420986175537,-0.6935991644859314,1.0901870727539062,2.918309450149536,-0.781158447265625,1.2018640041351318,2.996164560317993,-0.6303348541259766,0.19277691841125488,2.9846270084381104,-0.704138457775116,0.6523864269256592,2.957263469696045,-0.7634541988372803,1.0616211891174316,2.9287965297698975,-0.8818397521972656,1.1536545753479004,2.9897429943084717,-0.972095787525177,-0.4626655578613281,2.9275805950164795,-1.0052887201309204,-0.5105531811714172,2.932152032852173,-1.0090380907058716,-0.5620588064193726,2.8884437084198,-0.9308070540428162,-0.59306800365448,2.787916421890259,-0.9861713647842407,-0.571645975112915,2.9540493488311768,-0.8660180568695068,-0.620231568813324,2.9737987518310547,-0.6452728509902954,1.1894532442092896,2.901987314224243,-0.7437642812728882,1.167354941368103,2.8989920616149902
-0.681160569190979,0.20648890733718872,2.8839101791381836,-0.7218098044395447,0.016191184520721436,2.880679130554199,-0.7632054686546326,-0.1739361584186554,2.8769350051879883,-0.8046023845672607,-0.3640691936016083,2.8731906414031982,-0.8346129655838013,-0.3577619791030884,2.8297371864318848,-0.9255203604698181,-0.33535853028297424,2.697176933288574,-1.0108590126037598,-0.056429892778396606,2.7678933143615723,-1.1694499254226685,0.1574186533689499,2.8792757987976074,-1.2011680603027344,0.20018836855888367,2.901552200317383,-1.2646044492721558,0.2857277989387512,2.9461052417755127,-1.196718454360962,0.23907995223999023,2.982771635055542,-0.7750416994094849,-0.37244290113449097,2.9166033267974854,-0.684134304523468,-0.3948463499546051,3.049163579940796,-0.5477274656295776,-0.12830901145935059,3.0282905101776123,-0.5728302597999573,0.15057599544525146,3.0981574058532715,-0.5778508186340332,0.20635299384593964,3.112130880355835,-0.5878919363021851,0.3179069757461548,3.140077590942383,-0.6155773997306824,0.2741808295249939,3.0662500858306885,-0.7426649332046509,0.22106534242630005,2.799185037612915,-0.7418429851531982,0.6806833744049072,2.8750247955322266,-0.6828246712684631,1.0897350311279297,2.900543451309204,-0.7677785158157349,1.2018024921417236,2.9803621768951416,-0.6196562051773071,0.1919124722480774,2.968635320663452,-0.6964100003242493,0.6506626009941101,2.942978620529175,-0.7550622224807739,1.0595000982284546,2.9134914875030518,-0.8714357614517212,1.1522159576416016,2.976802349090576,-0.9661641716957092,-0.46070030331611633,2.9186317920684814,-0.9997130036354065,-0.5083191394805908,2.9240059852600098,-1.0047879219055176,-0.5599572658538818,2.880495309829712,-0.9287735223770142,-0.591972827911377,2.778442621231079,-0.9806910753250122,-0.5695728063583374,2.9457218647003174,-0.8604990839958191,-0.6192169189453125,2.9632513523101807,-0.6348339319229126,1.1887297630310059,2.882443428039551,-0.7358217835426331,1.1648739576339722,2.882558822631836
-0.675527811050415,0.2059088945388794,2.8730273246765137,-0.7157889604568481,0.015628933906555176,2.8695404529571533,-0.7567479014396667,-0.17449316382408142,2.865598440170288,-0.7977080345153809,-0.36462095379829407,2.861656427383423,-0.8273089528083801,-0.3584190607070923,2.817938804626465,-0.9168280959129333,-0.33637285232543945,2.6847915649414062,-1.0035858154296875,-0.05691337585449219,2.750333547592163,-1.1645992994308472,0.15755020081996918,2.856240749359131,-1.196802020072937,0.20044291019439697,2.8774220943450928,-1.2612074613571167,0.28622832894325256,2.9197850227355957,-1.1939256191253662,0.24025475978851318,2.958173990249634,-0.7685523629188538,-0.37288928031921387,2.9053311347961426,-0.6790332198143005,-0.3949354887008667,3.038478374481201,-0.5587483644485474,-0.12324130535125732,2.9980549812316895,-0.6000189781188965,0.15808406472206116,3.0458993911743164,-0.6082730889320374,0.21434913575649261,3.0554683208465576,-0.6247813701629639,0.3268792927265167,3.074605941772461,-0.649348258972168,0.276117742061615,3.0043647289276123,-0.736139714717865,0.22029830515384674,2.7876439094543457,-0.7364643216133118,0.6797842383384705,2.8633878231048584,-0.678697407245636,1.0888173580169678,2.8899354934692383,-0.7647548913955688,1.2005746364593506,2.9688992500305176,-0.6149159073829651,0.19151948392391205,2.9584107398986816,-0.6939563155174255,0.6497708559036255,2.9334535598754883,-0.7508329153060913,1.0585952997207642,2.902189016342163,-0.8677324056625366,1.1518131494522095,2.963636636734009,-0.9604735374450684,-0.45977866649627686,2.906231164932251,-0.9944808483123779,-0.5071122050285339,2.9114956855773926,-0.9996969699859619,-0.5588412284851074,2.868067979812622,-0.9232177138328552,-0.5917928218841553,2.7665951251983643,-0.9761315584182739,-0.568493127822876,2.9335129261016846,-0.8564489483833313,-0.6191397905349731,2.9520227909088135,-0.6307559609413147,1.1879092454910278,2.8724634647369385,-0.7308253049850464,1.1637974977493286,2.8712849617004395
-0.6714119911193848,0.20553189516067505,2.867217540740967,-0.7111214399337769,0.015262424945831299,2.863072395324707,-0.7514910697937012,-0.1748572438955307,2.8584563732147217,-0.791861891746521,-0.36498260498046875,2.8538403511047363,-0.8208333253860474,-0.35884034633636475,2.8097312450408936,-0.9083201885223389,-0.3370067775249481,2.6755924224853516,-0.9970879554748535,-0.05700686573982239,2.7344868183135986,-1.1615995168685913,0.15791752934455872,2.833080768585205,-1.1945018768310547,0.20090240240097046,2.852799654006958,-1.260306477546692,0.28687214851379395,2.8922371864318848,-1.1939191818237305,0.24178868532180786,2.9329652786254883,-0.7633292078971863,-0.37319129705429077,2.8978991508483887,-0.6758423447608948,-0.3950248658657074,3.0320379734039307,-0.5650522708892822,-0.12027037143707275,2.9874987602233887,-0.6175487041473389,0.16022512316703796,3.0267884731292725,-0.6280480027198792,0.21632422506809235,3.034646511077881,-0.6490465998649597,0.3285224437713623,3.0503623485565186,-0.6700214743614197,0.2751463055610657,2.981010913848877,-0.7307264804840088,0.21979081630706787,2.780925750732422,-0.7329105138778687,0.6793645620346069,2.8556530475616455,-0.6763893365859985,1.0884970426559448,2.882343292236328,-0.7638694643974304,1.2002031803131104,2.959749221801758,-0.6120975017547607,0.19127297401428223,2.9535093307495117,-0.69144606590271,0.6493353247642517,2.927438974380493,-0.7459006309509277,1.0582293272018433,2.8937227725982666,-0.8633385300636292,1.1521997451782227,2.9528887271881104,-0.9560756683349609,-0.45888426899909973,2.8959896564483643,-0.990541934967041,-0.5059640407562256,2.9007439613342285,-0.9955199360847473,-0.557668924331665,2.8572232723236084,-0.917772650718689,-0.5912365913391113,2.756863832473755,-0.9730015993118286,-0.5675084590911865,2.9230339527130127,-0.8539707064628601,-0.6191152334213257,2.9433271884918213,-0.6283888816833496,1.1876391172409058,2.8654379844665527,-0.7249062061309814,1.1632038354873657,2.862761974334717
-0.6671945452690125,0.20540019869804382,2.862752676010132,-0.70615553855896,0.015082702040672302,2.857543468475342,-0.7457501292228699,-0.17509089410305023,2.8518762588500977,-0.7853459119796753,-0.3652701675891876,2.8462090492248535,-0.8134375810623169,-0.35916996002197266,2.8015544414520264,-0.8981016278266907,-0.33750399947166443,2.6660268306732178,-0.9887781143188477,-0.05743277072906494,2.71928334236145,-1.1568418741226196,0.15690980851650238,2.811793327331543,-1.1904546022415161,0.19977831840515137,2.8302953243255615,-1.257680058479309,0.28551536798477173,2.8672993183135986,-1.1920050382614136,0.24140366911888123,2.9099254608154297,-0.7576846480369568,-0.37343740463256836,2.8908019065856934,-0.673020601272583,-0.3951033651828766,3.026329517364502,-0.5658438205718994,-0.11829182505607605,2.989088773727417,-0.6248344779014587,0.1604013442993164,3.0290448665618896,-0.6366326212882996,0.21613997220993042,3.037036180496216,-0.6602288484573364,0.32761722803115845,3.053018569946289,-0.677467405796051,0.2747032046318054,2.982456684112549,-0.7246622443199158,0.21956032514572144,2.775228977203369,-0.7296424508094788,0.6792798638343811,2.8484652042388916,-0.6742135882377625,1.0885244607925415,2.8747384548187256,-0.7634555101394653,1.2004024982452393,2.9497976303100586,-0.6097268462181091,0.1912400722503662,2.9502763748168945,-0.6894966959953308,0.6490464210510254,2.922339677810669,-0.7419366240501404,1.0579127073287964,2.885977268218994,-0.8603938221931458,1.152418613433838,2.942112684249878,-0.9510984420776367,-0.4582449793815613,2.884411096572876,-0.9859562516212463,-0.5051319003105164,2.888305425643921,-0.9902269244194031,-0.5567737817764282,2.8446109294891357,-0.9103398323059082,-0.5907155871391296,2.7460339069366455,-0.9693072438240051,-0.5668176412582397,2.910933494567871,-0.8510674238204956,-0.6191730499267578,2.933948040008545,-0.6259899735450745,1.1876466274261475,2.858476400375366,-0.7199308276176453,1.1626994609832764,2.855144739151001
-0.6655778288841248,0.20509284734725952,2.868168592453003,-0.7036809921264648,0.014674752950668335,2.8617968559265137,-0.7423745393753052,-0.17560911178588867,2.854987621307373,-0.781069278717041,-0.36589866876602173,2.8481783866882324,-0.8080759048461914,-0.3598635792732239,2.8028624057769775,-0.8892868161201477,-0.3384391665458679,2.6656370162963867,-0.9819884300231934,-0.058646559715270996,2.7136952877044678,-1.1540241241455078,0.15438312292099,2.8001856803894043,-1.1884312629699707,0.1969890594482422,2.81748366355896,-1.2572455406188965,0.2822009325027466,2.8520798683166504,-1.192422866821289,0.23905041813850403,2.8966219425201416,-0.754483163356781,-0.37400200963020325,2.8934202194213867,-0.6732722520828247,-0.3954264521598816,3.0306456089019775,-0.5677347779273987,-0.11713624000549316,3.00607967376709,-0.6314965486526489,0.15922683477401733,3.0509839057922363,-0.644248902797699,0.21449944376945496,3.059964656829834,-0.6697536110877991,0.3250446915626526,3.0779263973236084,-0.6831547021865845,0.27407461404800415,3.005328893661499,-0.7207676768302917,0.21911385655403137,2.7791922092437744,-0.7290161848068237,0.6791121959686279,2.850245952606201,-0.6742169857025146,1.0884994268417358,2.875363826751709,-0.7653467655181885,1.2008450031280518,2.9473824501037598,-0.6103879809379578,0.19107183814048767,2.9571449756622314,-0.6899207830429077,0.6487467885017395,2.926758050918579,-0.7398248314857483,1.057649850845337,2.8875200748443604,-0.8593963384628296,1.1527912616729736,2.9400901794433594,-0.9480810761451721,-0.4585253596305847,2.8814501762390137,-0.9831451773643494,-0.505336344242096,2.8842852115631104,-0.9862575531005859,-0.556934118270874,2.8404381275177,-0.903605043888092,-0.5909802913665771,2.7441999912261963,-0.9673032164573669,-0.5670802593231201,2.9073355197906494,-0.8499011397361755,-0.6197278499603271,2.9337425231933594,-0.625573992729187,1.1875133514404297,2.8597302436828613,-0.7166023850440979,1.1622370481491089,2.856917381286621
-0.6655112504959106,0.2054177224636078,2.8699264526367188,-0.7025150060653687,0.01487123966217041,2.8624868392944336,-0.740002453327179,-0.1755668818950653,2.8547019958496094,-0.77749103307724,-0.36601072549819946,2.846916913986206,-0.8032604455947876,-0.36013293266296387,2.8008811473846436,-0.8805754780769348,-0.33922767639160156,2.6617889404296875,-0.9737226366996765,-0.05938214063644409,2.704939365386963,-1.1501113176345825,0.15171188116073608,2.7854061126708984,-1.1853890419006348,0.19393068552017212,2.801499366760254,-1.2559444904327393,0.2783682942390442,2.833686113357544,-1.1923599243164062,0.23590460419654846,2.8802859783172607,-0.752129077911377,-0.37395837903022766,2.8928680419921875,-0.6748140454292297,-0.39486363530158997,3.0319602489471436,-0.5708439946174622,-0.1157284677028656,3.0207509994506836,-0.6389995217323303,0.1580691635608673,3.071131944656372,-0.652630627155304,0.21282869577407837,3.0812082290649414,-0.6798928380012512,0.3223477602005005,3.101360559463501,-0.6895129084587097,0.2736603617668152,3.0268306732177734,-0.7182308435440063,0.21918834745883942,2.779449462890625,-0.7272797226905823,0.6794255971908569,2.848628520965576,-0.6718842387199402,1.088716745376587,2.8735430240631104,-0.7645193338394165,1.2016220092773438,2.9426839351654053,-0.6127916574478149,0.19164709746837616,2.9604034423828125,-0.6919175982475281,0.6492363214492798,2.9281983375549316,-0.7384412884712219,1.058263897895813,2.886476993560791,-0.8589786887168884,1.1541748046875,2.935274124145508,-0.9450393915176392,-0.45919162034988403,2.875739336013794,-0.980013906955719,-0.5061222910881042,2.877652168273926,-0.9817784428596497,-0.5577476024627686,2.833753824234009,-0.8964564800262451,-0.591549813747406,2.7397711277008057,-0.9645888209342957,-0.5678111910820007,2.9011447429656982,-0.847752571105957,-0.6200631856918335,2.9307117462158203,-0.6225407123565674,1.1875120401382446,2.8588008880615234,-0.7137700319290161,1.162636160850525,2.856304168701172
-0.6665173768997192,0.20683574676513672,2.8699710369110107,-0.7021758556365967,0.016149386763572693,2.861356258392334,-0.7382370233535767,-0.17444925010204315,2.85248064994812,-0.7742992639541626,-0.36505359411239624,2.843604803085327,-0.7987289428710938,-0.3593292236328125,2.7968454360961914,-0.8718724250793457,-0.33892521262168884,2.65585994720459,-0.9639394879341125,-0.05861771106719971,2.694457530975342,-1.145313024520874,0.14953240752220154,2.7695300579071045,-1.1815876960754395,0.19116243720054626,2.7845444679260254,-1.2541371583938599,0.2744224965572357,2.8145735263824463,-1.191776156425476,0.23261424899101257,2.863077163696289,-0.7502614855766296,-0.37284964323043823,2.8902673721313477,-0.6771180033683777,-0.3932536542415619,3.031252861022949,-0.5748894810676575,-0.11381441354751587,3.032463312149048,-0.6471552848815918,0.15745145082473755,3.0877010822296143,-0.6616084575653076,0.21170462667942047,3.0987486839294434,-0.6905147433280945,0.3202109932899475,3.1208438873291016,-0.6965725421905518,0.27374327182769775,3.044728994369507,-0.7165919542312622,0.22035497426986694,2.7779951095581055,-0.7262713313102722,0.680681586265564,2.846205949783325,-0.6708924174308777,1.0898631811141968,2.872312068939209,-0.7652388215065002,1.202981948852539,2.9387013912200928,-0.6164427995681763,0.1933165192604065,2.961946964263916,-0.6948587894439697,0.6508972644805908,2.9285125732421875,-0.737822413444519,1.0601022243499756,2.885115146636963,-0.8592386841773987,1.156711459159851,2.930163860321045,-0.9415591955184937,-0.46000540256500244,2.8684709072113037,-0.9760903716087341,-0.5073127150535583,2.8695616722106934,-0.9762775301933289,-0.5589656233787537,2.825627088546753,-0.8883777260780334,-0.5918794870376587,2.7336671352386475,-0.960580587387085,-0.5688600540161133,2.8934295177459717,-0.8439030051231384,-0.6199136972427368,2.925774097442627,-0.6209839582443237,1.1885508298873901,2.858884334564209,-0.7116715312004089,1.164300799369812,2.85563325881958
-0.6685140132904053,0.20737534761428833,2.868128538131714,-0.7027853727340698,0.016568049788475037,2.8583462238311768,-0.7374083399772644,-0.17416605353355408,2.848376512527466,-0.7720323204994202,-0.36490586400032043,2.838406562805176,-0.7949832677841187,-0.35933059453964233,2.7909095287323,-0.8635611534118652,-0.3394109606742859,2.647977113723755,-0.9518652558326721,-0.05802804231643677,2.6836307048797607,-1.1380374431610107,0.1463371366262436,2.7554805278778076,-1.1752718687057495,0.18721017241477966,2.769850492477417,-1.249740719795227,0.2689562439918518,2.7985904216766357,-1.1883487701416016,0.22753570973873138,2.8483729362487793,-0.7494577169418335,-0.3725542426109314,2.8857953548431396,-0.6808798313140869,-0.39247387647628784,3.0287277698516846,-0.5819002389907837,-0.11252883076667786,3.0376129150390625,-0.6561734676361084,0.15568679571151733,3.1018893718719482,-0.6710281372070312,0.20932991802692413,3.1147446632385254,-0.7007374167442322,0.3166161775588989,3.1404552459716797,-0.7071413397789001,0.2725355327129364,3.0631322860717773,-0.7156550884246826,0.22063669562339783,2.774615526199341,-0.7261044979095459,0.6809438467025757,2.842803478240967,-0.6713090538978577,1.090033769607544,2.8713767528533936,-0.7676183581352234,1.203097939491272,2.934976816177368,-0.6213729381561279,0.19411399960517883,2.961641550064087,-0.6983025074005127,0.651883602142334,2.927431106567383,-0.7371491193771362,1.0613946914672852,2.883100986480713,-0.8593281507492065,1.1587613821029663,2.924283027648926,-0.9391639828681946,-0.4612724184989929,2.8590195178985596,-0.9733281135559082,-0.5088901519775391,2.8592841625213623,-0.9719145894050598,-0.5606396198272705,2.8154377937316895,-0.8812916874885559,-0.5929763913154602,2.7258617877960205,-0.9579322338104248,-0.5702921748161316,2.8836822509765625,-0.8416748046875,-0.6203252077102661,2.9192209243774414,-0.6209408044815063,1.188709020614624,2.859701156616211,-0.7093716263771057,1.1654428243637085,2.8545968532562256
-0.6705743670463562,0.20908057689666748,2.864952325820923,-0.702764630317688,0.01812174916267395,2.8532533645629883,-0.7352409362792969,-0.17277826368808746,2.841386556625366,-0.7677181959152222,-0.3636839985847473,2.829519510269165,-0.7891520261764526,-0.35811471939086914,2.781348466873169,-0.8530951142311096,-0.3382413387298584,2.636641502380371,-0.9375376105308533,-0.056567639112472534,2.6750454902648926,-1.1298927068710327,0.14034387469291687,2.7494492530822754,-1.1683636903762817,0.17972618341445923,2.7643299102783203,-1.2453057765960693,0.25849080085754395,2.7940914630889893,-1.1838513612747192,0.21721363067626953,2.843644142150879,-0.7466374039649963,-0.3713281750679016,2.877561569213867,-0.6826943159103394,-0.39120155572891235,3.022268295288086,-0.590564489364624,-0.10968193411827087,3.0365610122680664,-0.6705416440963745,0.15482273697853088,3.1069276332855225,-0.6865370869636536,0.2077236771583557,3.1210010051727295,-0.7185279130935669,0.31352555751800537,3.1491477489471436,-0.7244141697883606,0.27103498578071594,3.0710718631744385,-0.7147061228752136,0.2223353534936905,2.770028591156006,-0.7264155745506287,0.6824333071708679,2.83933687210083,-0.6714755296707153,1.0912834405899048,2.870774507522583,-0.7694166898727417,1.2044237852096558,2.9316799640655518,-0.6264426112174988,0.19582580029964447,2.95987606048584,-0.7018197178840637,0.6538999080657959,2.926450490951538,-0.7361270785331726,1.063859224319458,2.882615804672241,-0.8588485717773438,1.1619877815246582,2.9202044010162354,-0.9341256618499756,-0.4620968699455261,2.8461546897888184,-0.9677263498306274,-0.5101186037063599,2.8455047607421875,-0.9647529125213623,-0.5616822242736816,2.8015053272247314,-0.8718267679214478,-0.5926063060760498,2.7137866020202637,-0.9521353244781494,-0.5714378356933594,2.870009183883667,-0.8360770344734192,-0.6202472448348999,2.9078807830810547,-0.6205151081085205,1.189853310585022,2.8609519004821777,-0.7066556811332703,1.1678028106689453,2.8554747104644775
-0.6741816401481628,0.21136048436164856,2.860485792160034,-0.7033306360244751,0.020125612616539,2.8472323417663574,-0.732700765132904,-0.17106768488883972,2.8338680267333984,-0.7620717883110046,-0.3622667193412781,2.8205032348632812,-0.7807167768478394,-0.3570236563682556,2.771182060241699,-0.8357782959938049,-0.33831146359443665,2.62448787689209,-0.9058187007904053,-0.057031095027923584,2.6756834983825684,-1.112959861755371,0.11539611220359802,2.7621119022369385,-1.1543880701065063,0.14988155663013458,2.779397487640381,-1.2372444868087769,0.2188524454832077,2.8139688968658447,-1.174319863319397,0.17804814875125885,2.860809803009033,-0.7437459826469421,-0.36958783864974976,2.8696792125701904,-0.6886844635009766,-0.3883000314235687,3.0163733959198,-0.6241909265518188,-0.10116928815841675,3.009906053543091,-0.7272172570228577,0.1569296419620514,3.0635621547698975,-0.7478225231170654,0.20854942500591278,3.074293375015259,-0.789033055305481,0.31178900599479675,3.0957558155059814,-0.7919268608093262,0.26401451230049133,3.021406650543213,-0.7126725912094116,0.22396890819072723,2.7632131576538086,-0.722784698009491,0.6839131712913513,2.83374285697937,-0.6669778227806091,1.0921727418899536,2.8707633018493652,-0.7674062848091125,1.20562744140625,2.9268364906311035,-0.6356906890869141,0.19875206053256989,2.9577584266662598,-0.7024921774864197,0.658292829990387,2.9263710975646973,-0.729705274105072,1.0691958665847778,2.8866353034973145,-0.8531379699707031,1.1682876348495483,2.9189960956573486,-0.9275420904159546,-0.4633129835128784,2.833793878555298,-0.9604527354240417,-0.5119033455848694,2.832453489303589,-0.9558247327804565,-0.5634663105010986,2.788437604904175,-0.8605691194534302,-0.5929893255233765,2.702453374862671,-0.9444172978401184,-0.5730917453765869,2.857280731201172,-0.8282480835914612,-0.620261549949646,2.8975086212158203,-0.6148993968963623,1.1904410123825073,2.864412307739258,-0.6976320743560791,1.1731330156326294,2.862603187561035
-0.6777150630950928,0.2114308476448059,2.857529401779175,-0.704294741153717,0.019925355911254883,2.8435611724853516,-0.7310530543327332,-0.1715494841337204,2.8295137882232666,-0.7578121423721313,-0.3630300462245941,2.8154659271240234,-0.7739887833595276,-0.35815250873565674,2.765259027481079,-0.8214274644851685,-0.3406398892402649,2.616915225982666,-0.8794142603874207,-0.06073376536369324,2.6806182861328125,-1.093721866607666,0.09660643339157104,2.773427963256836,-1.1365834474563599,0.12807446718215942,2.791989803314209,-1.222306489944458,0.19101054966449738,2.829113721847534,-1.1594557762145996,0.149181067943573,2.874274730682373,-0.741926372051239,-0.36998873949050903,2.8655202388763428,-0.6944876909255981,-0.3875013589859009,3.013864040374756,-0.6509793400764465,-0.0996706485748291,2.9817941188812256,-0.7728003859519958,0.152644544839859,3.009972095489502,-0.7971646189689636,0.2031075805425644,3.0156075954437256,-0.8458930253982544,0.30403366684913635,3.026878833770752,-0.8439293503761292,0.24986423552036285,2.957587957382202,-0.7111552357673645,0.2233024388551712,2.7584004402160645,-0.7214192152023315,0.6830343008041382,2.830214023590088,-0.66668301820755,1.0909367799758911,2.8723196983337402,-0.769537627696991,1.2043036222457886,2.9239895343780518,-0.644274890422821,0.1995592564344406,2.956658363342285,-0.705976665019989,0.659880518913269,2.9264402389526367,-0.7294671535491943,1.0712881088256836,2.8897616863250732,-0.8538831472396851,1.1706337928771973,2.9171841144561768,-0.9227800369262695,-0.4655442535877228,2.8249664306640625,-0.9552547335624695,-0.5144445300102234,2.8228871822357178,-0.9491599798202515,-0.5660143494606018,2.778993844985962,-0.851620614528656,-0.5947726964950562,2.6952149868011475,-0.9392701387405396,-0.5755218863487244,2.8481316566467285,-0.8235994577407837,-0.6217105984687805,2.8911054134368896,-0.6141527891159058,1.189115285873413,2.869131565093994,-0.6958253383636475,1.1753087043762207,2.868394613265991
-0.6807146072387695,0.20978757739067078,2.856555700302124,-0.7044591903686523,0.018002256751060486,2.8418667316436768,-0.7283852100372314,-0.17374591529369354,2.826988458633423,-0.7523119449615479,-0.3654998540878296,2.8121097087860107,-0.7656669020652771,-0.3609369993209839,2.761061429977417,-0.8045883178710938,-0.34444162249565125,2.611062526702881,-0.8491814732551575,-0.06695890426635742,2.686401844024658,-1.0691518783569336,0.07878594100475311,2.7793831825256348,-1.1131459474563599,0.10793490707874298,2.7979793548583984,-1.2011340856552124,0.1662328541278839,2.835171937942505,-1.13994300365448,0.1226651519536972,2.8798604011535645,-0.7392171025276184,-0.3721467852592468,2.8629963397979736,-0.7002956867218018,-0.38864216208457947,3.0129952430725098,-0.6704422831535339,-0.10414168238639832,2.9598026275634766,-0.8050996661186218,0.14106906950473785,2.9634244441986084,-0.8320311307907104,0.1901112198829651,2.964148759841919,-0.8858940601348877,0.28819552063941956,2.96559739112854,-0.8785400986671448,0.22933995723724365,2.9013986587524414,-0.7083819508552551,0.22093991935253143,2.7556700706481934,-0.7194857001304626,0.680642306804657,2.827436685562134,-0.6666699051856995,1.088328242301941,2.873734474182129,-0.772114098072052,1.2016961574554443,2.9198670387268066,-0.6530472636222839,0.19863523542881012,2.9574413299560547,-0.7119545936584473,0.6592938899993896,2.9270520210266113,-0.7308454513549805,1.0710322856903076,2.8916211128234863,-0.8560115694999695,1.171004056930542,2.912550687789917,-0.917604923248291,-0.46797508001327515,2.816026210784912,-0.9500223994255066,-0.5168771743774414,2.812849760055542,-0.9424654841423035,-0.5684686303138733,2.7691757678985596,-0.8421264290809631,-0.5972830057144165,2.6887214183807373,-0.9349231719970703,-0.5779798626899719,2.8386313915252686,-0.8207564949989319,-0.6242314577102661,2.8855128288269043,-0.6139165759086609,1.186434268951416,2.8737895488739014,-0.6954203844070435,1.1749545335769653,2.8728342056274414
-0.6814866065979004,0.2075367569923401,2.8511276245117188,-0.7024091482162476,0.01550959050655365,2.8356404304504395,-0.7234941720962524,-0.17649418115615845,2.8200833797454834,-0.7445798516273499,-0.36850374937057495,2.804525852203369,-0.7549655437469482,-0.3642328381538391,2.7527732849121094,-0.7850098013877869,-0.3486878573894501,2.6016383171081543,-0.8170465230941772,-0.07466492056846619,2.6886661052703857,-1.042330265045166,0.06035086512565613,2.7802791595458984,-1.087386965751648,0.08735401928424835,2.7986018657684326,-1.1775004863739014,0.141360342502594,2.835247039794922,-1.1178892850875854,0.09618742763996124,2.879492998123169,-0.7344232797622681,-0.374861478805542,2.856109380722046,-0.7043790221214294,-0.39040645956993103,3.007244348526001,-0.6837663650512695,-0.11065146327018738,2.9365265369415283,-0.8275989890098572,0.12665848433971405,2.917261838912964,-0.8563655018806458,0.1741204708814621,2.9134089946746826,-0.9138985276222229,0.2690444588661194,2.905703067779541,-0.901066780090332,0.20680028200149536,2.8464341163635254,-0.7030433416366577,0.21813912689685822,2.7487905025482178,-0.7159417867660522,0.6774390339851379,2.8228609561920166,-0.6665172576904297,1.0847866535186768,2.875521659851074,-0.774674654006958,1.1976879835128784,2.9162075519561768,-0.6599298715591431,0.19693438708782196,2.9534647464752197,-0.7187462449073792,0.6577723026275635,2.9255669116973877,-0.731801450252533,1.0700148344039917,2.893416166305542,-0.8571231365203857,1.1709551811218262,2.907754898071289,-0.9109070301055908,-0.4693814218044281,2.8026742935180664,-0.9436683058738708,-0.5179732441902161,2.7983739376068115,-0.9350873231887817,-0.5696620941162109,2.7549965381622314,-0.8322702646255493,-0.599489688873291,2.6781013011932373,-0.9300717711448669,-0.5792108178138733,2.824681043624878,-0.8180594444274902,-0.6265442967414856,2.8755407333374023,-0.6139899492263794,1.1829354763031006,2.8795132637023926,-0.6943792700767517,1.173782229423523,2.8779196739196777
-0.6846884489059448,0.2075948417186737,2.8408515453338623,-0.7029067873954773,0.015378773212432861,2.824723958969116,-0.7212346792221069,-0.17684465646743774,2.808809518814087,-0.7395631074905396,-0.36907386779785156,2.7928946018218994,-0.7467735409736633,-0.36511728167533875,2.7405898571014404,-0.7674400806427002,-0.3505820333957672,2.588824987411499,-0.7861748933792114,-0.08078980445861816,2.6872200965881348,-1.0153748989105225,0.04717746376991272,2.774763822555542,-1.0612149238586426,0.07277092337608337,2.7922725677490234,-1.1528949737548828,0.12395783513784409,2.8272900581359863,-1.0956063270568848,0.07665332406759262,2.8714911937713623,-0.7325518727302551,-0.375119686126709,2.845026731491089,-0.7118853330612183,-0.3896549344062805,2.9967916011810303,-0.698715329170227,-0.11426898837089539,2.914271354675293,-0.8500481843948364,0.11413061618804932,2.875488042831421,-0.8803147673606873,0.15981054306030273,2.8677313327789307,-0.9408479332923889,0.25117039680480957,2.85221791267395,-0.922061562538147,0.18721874058246613,2.797166347503662,-0.6997160315513611,0.21770012378692627,2.7373883724212646,-0.7138835191726685,0.676094114780426,2.816704273223877,-0.6676134467124939,1.0825769901275635,2.8782248497009277,-0.7780386805534363,1.1950420141220093,2.913705825805664,-0.6696608662605286,0.19748955965042114,2.94431471824646,-0.7281997799873352,0.6586802005767822,2.922104835510254,-0.7328569293022156,1.0715748071670532,2.8966009616851807,-0.8572782874107361,1.1743061542510986,2.9047622680664062,-0.9067834615707397,-0.4682699739933014,2.7853639125823975,-0.9398768544197083,-0.5165458917617798,2.7800188064575195,-0.9302874803543091,-0.5684545040130615,2.7370967864990234,-0.8250881433486938,-0.59955894947052,2.663978338241577,-0.9278568625450134,-0.5778552293777466,2.806953191757202,-0.8182013034820557,-0.6261942982673645,2.8619048595428467,-0.61538165807724,1.1805830001831055,2.886904716491699,-0.6929355263710022,1.1749625205993652,2.8853793144226074
-0.6933899521827698,0.20891937613487244,2.8296756744384766,-0.7091571688652039,0.016550540924072266,2.81335711479187,-0.724987804889679,-0.17586010694503784,2.797602891921997,-0.7408189177513123,-0.36827653646469116,2.781848192214966,-0.7442521452903748,-0.36473843455314636,2.7291436195373535,-0.7539157271385193,-0.35150477290153503,2.577228307723999,-0.7566450238227844,-0.08653175830841064,2.685765027999878,-0.9873589277267456,0.04098637402057648,2.7652781009674072,-1.0335017442703247,0.06649000197649002,2.7811806201934814,-1.1257872581481934,0.11749725788831711,2.812985897064209,-1.0724132061004639,0.06715978682041168,2.8578925132751465,-0.7375577688217163,-0.3739059269428253,2.834381580352783,-0.7278941869735718,-0.38713958859443665,2.9862968921661377,-0.721481442451477,-0.11620673537254333,2.8938164710998535,-0.879219651222229,0.10161694884300232,2.834794282913208,-0.9107673168182373,0.14518168568611145,2.8229899406433105,-0.9738625884056091,0.2323111593723297,2.7993810176849365,-0.9481812119483948,0.1676081418991089,2.7488512992858887,-0.7006530165672302,0.21836067736148834,2.725395679473877,-0.7146916389465332,0.675700306892395,2.8106143474578857,-0.6706328988075256,1.0808367729187012,2.881880760192871,-0.7826890349388123,1.1935169696807861,2.9109983444213867,-0.6861268877983093,0.19947807490825653,2.933955669403076,-0.7434383630752563,0.6611703038215637,2.9207446575164795,-0.7362751364707947,1.074565052986145,2.9062843322753906,-0.8584532737731934,1.1802542209625244,2.908167600631714,-0.908516526222229,-0.46622610092163086,2.768418312072754,-0.9417911767959595,-0.5142984986305237,2.7621262073516846,-0.9309331774711609,-0.5666495561599731,2.7199971675872803,-0.8231212496757507,-0.5992000102996826,2.6513307094573975,-0.931360125541687,-0.5755165815353394,2.7899997234344482,-0.8243309259414673,-0.6243232488632202,2.8496711254119873,-0.6185945868492126,1.178322196006775,2.895930290222168,-0.6931613683700562,1.177133560180664,2.90083646774292
-0.7056562304496765,0.2113383710384369,2.8192200660705566,-0.7192549109458923,0.018843501806259155,2.80348539352417,-0.7329091429710388,-0.17372821271419525,2.7887723445892334,-0.7465637922286987,-0.3663056790828705,2.7740588188171387,-0.745358943939209,-0.36341360211372375,2.721240997314453,-0.7416893243789673,-0.3521137833595276,2.569937229156494,-0.7274901866912842,-0.09193140268325806,2.685164213180542,-0.9576689600944519,0.04221305251121521,2.7489817142486572,-1.0037046670913696,0.06904194504022598,2.7617452144622803,-1.0957762002944946,0.12269973009824753,2.7872722148895264,-1.0486249923706055,0.06919986754655838,2.834594249725342,-0.747917115688324,-0.3712908625602722,2.826716899871826,-0.7515867352485657,-0.3825906813144684,2.978020668029785,-0.7484641075134277,-0.11638984084129333,2.876526355743408,-0.9086109399795532,0.09053145349025726,2.795370578765869,-0.9406403303146362,0.13191571831703186,2.779139518737793,-1.0046989917755127,0.21468424797058105,2.7466771602630615,-0.9718146324157715,0.14987000823020935,2.701482057571411,-0.7034083604812622,0.21972237527370453,2.714709520339966,-0.715506374835968,0.6761562824249268,2.804941415786743,-0.6739590167999268,1.079787254333496,2.885641098022461,-0.7870398759841919,1.1933315992355347,2.9061782360076904,-0.7079041004180908,0.20295436680316925,2.9237306118011475,-0.762610137462616,0.6651525497436523,2.9233477115631104,-0.7439713478088379,1.0784357786178589,2.925832748413086,-0.8631901741027832,1.187374472618103,2.921292543411255,-0.9138368368148804,-0.46380937099456787,2.75329327583313,-0.9469718933105469,-0.5118507146835327,2.745958089828491,-0.9341750144958496,-0.5648632645606995,2.7051913738250732,-0.8230543732643127,-0.5988359451293945,2.6426939964294434,-0.9382901787757874,-0.5727165341377258,2.7752156257629395,-0.8347140550613403,-0.621086835861206,2.841095447540283,-0.6224162578582764,1.1764827966690063,2.9056951999664307,-0.6980187892913818,1.1798839569091797,2.9281744956970215
-0.7197045087814331,0.2143459916114807,2.8105859756469727,-0.7315473556518555,0.021737709641456604,2.796410083770752,-0.7435116171836853,-0.17096035182476044,2.7836244106292725,-0.7554762363433838,-0.3636641800403595,2.770838499069214,-0.7488133907318115,-0.3616558313369751,2.718421220779419,-0.7296209335327148,-0.35293930768966675,2.5690910816192627,-0.6988831162452698,-0.09821274876594543,2.6883702278137207,-0.9253507852554321,0.0464644730091095,2.7307846546173096,-0.9706442952156067,0.07539992034435272,2.739267587661743,-1.0612313747406006,0.13327081501483917,2.7562334537506104,-1.0220810174942017,0.0773778185248375,2.8069026470184326,-0.7622691988945007,-0.36776697635650635,2.8231165409088135,-0.7814616560935974,-0.3764835000038147,2.9724466800689697,-0.7782794833183289,-0.11701232194900513,2.859652519226074,-0.9375590085983276,0.07504768669605255,2.751204013824463,-0.9694148898124695,0.11345969140529633,2.7295143604278564,-1.033126711845398,0.19028368592262268,2.6861350536346436,-0.9921218752861023,0.12600307166576385,2.6485745906829834,-0.706276535987854,0.22115227580070496,2.7068898677825928,-0.7147511839866638,0.6769989728927612,2.800469160079956,-0.6755983829498291,1.0792205333709717,2.8890442848205566,-0.7883886694908142,1.194509744644165,2.8984644412994385,-0.7331324815750122,0.20753970742225647,2.9142820835113525,-0.7842286229133606,0.669916033744812,2.929198741912842,-0.7546606063842773,1.0818663835525513,2.95335054397583,-0.8697870969772339,1.1946591138839722,2.942139148712158,-0.9207371473312378,-0.46205681562423706,2.7409520149230957,-0.9532086253166199,-0.5103228092193604,2.7324254512786865,-0.9376159310340881,-0.5641142129898071,2.693755865097046,-0.8225358724594116,-0.599028468132019,2.6396234035491943,-0.9464150071144104,-0.5705090761184692,2.76346492767334,-0.8474665880203247,-0.6171473264694214,2.837131977081299,-0.6249507069587708,1.174864649772644,2.9154293537139893,-0.706429123878479,1.1815855503082275,2.9651381969451904
-0.7319151759147644,0.2173241674900055,2.803048610687256,-0.7426940202713013,0.02466137707233429,2.791163682937622,-0.7537689805030823,-0.16807673871517181,2.7808799743652344,-0.7648442387580872,-0.36082062125205994,2.7705960273742676,-0.7522865533828735,-0.3598584532737732,2.7192864418029785,-0.7164499163627625,-0.35415080189704895,2.573718309402466,-0.6711216568946838,-0.1059623509645462,2.696604013442993,-0.8903706669807434,0.05039280652999878,2.7137675285339355,-0.9342204928398132,0.0816638395190239,2.71720027923584,-1.021920084953308,0.14420589804649353,2.7240657806396484,-0.9920855760574341,0.08695446699857712,2.7782745361328125,-0.7775223255157471,-0.36387771368026733,2.821794033050537,-0.8133589625358582,-0.3695853650569916,2.96736216545105,-0.7996408939361572,-0.11621206998825073,2.8475003242492676,-0.9447512030601501,0.06883341073989868,2.7151644229888916,-0.9737732410430908,0.10584250837564468,2.688697338104248,-1.0318173170089722,0.17986071109771729,2.635762929916382,-0.9865315556526184,0.11532822996377945,2.605910301208496,-0.7064106464385986,0.2221546322107315,2.701612949371338,-0.7132224440574646,0.6775326728820801,2.797628402709961,-0.6802794933319092,1.078946828842163,2.8922297954559326,-0.7920450568199158,1.195561170578003,2.888669967651367,-0.7574197053909302,0.21249370276927948,2.904484272003174,-0.8058592081069946,0.6744858026504517,2.9336633682250977,-0.7687673568725586,1.0838714838027954,2.9805209636688232,-0.8790605068206787,1.2004947662353516,2.9621481895446777,-0.9265813231468201,-0.46084094047546387,2.7304115295410156,-0.9580297470092773,-0.5094438195228577,2.720632314682007,-0.939230740070343,-0.5640392303466797,2.6847891807556152,-0.820256233215332,-0.5995686054229736,2.640902519226074,-0.9534648656845093,-0.5686805844306946,2.753632068634033,-0.8605863451957703,-0.6127190589904785,2.8359575271606445,-0.6320433020591736,1.1738801002502441,2.924950122833252,-0.719639003276825,1.1814589500427246,3.0022644996643066
-0.74552321434021,0.2216108739376068,2.7894937992095947,-0.7552002668380737,0.02902364730834961,2.7826385498046875,-0.7655496597290039,-0.16358181834220886,2.7774903774261475,-0.775899350643158,-0.35619306564331055,2.7723419666290283,-0.7531141638755798,-0.357197105884552,2.7248001098632812,-0.6886811852455139,-0.3570767343044281,2.590768814086914,-0.6228373050689697,-0.11989827454090118,2.715775728225708,-0.8242546916007996,0.05011868476867676,2.684295415878296,-0.8645381927490234,0.08412207663059235,2.677999258041382,-0.9451051354408264,0.15212886035442352,2.665407180786133,-0.9311333894729614,0.09695702791213989,2.7257256507873535,-0.7987970113754272,-0.35728245973587036,2.8198280334472656,-0.8632299900054932,-0.35740283131599426,2.953859329223633,-0.8230039477348328,-0.1127549558877945,2.832430362701416,-0.9304311871528625,0.06777791678905487,2.6701560020446777,-0.9519166350364685,0.1038844883441925,2.6377010345458984,-0.9948875308036804,0.17609763145446777,2.572791337966919,-0.9468844532966614,0.11079716682434082,2.5552124977111816,-0.6989772915840149,0.2226058542728424,2.695836305618286,-0.7073221802711487,0.6770498752593994,2.796110153198242,-0.689461886882782,1.077767252922058,2.897510528564453,-0.7958106994628906,1.1962538957595825,2.8700313568115234,-0.792069137096405,0.22061589360237122,2.8831512928009033,-0.8375823497772217,0.6816601157188416,2.927992105484009,-0.7973976135253906,1.0856258869171143,3.0078184604644775,-0.8976706266403198,1.2080066204071045,2.9750685691833496,-0.9281347990036011,-0.4608515501022339,2.717195987701416,-0.9570490121841431,-0.5101763010025024,2.706129312515259,-0.9330484867095947,-0.5656975507736206,2.676365375518799,-0.8097924590110779,-0.6005764603614807,2.6507575511932373,-0.9560364484786987,-0.5670256614685059,2.7423460483551025,-0.8749249577522278,-0.6043394804000854,2.837702989578247,-0.6480588316917419,1.1718441247940063,2.9404704570770264,-0.7505783438682556,1.1794875860214233,3.0453438758850098
-0.7451607584953308,0.22310197353363037,2.7859127521514893,-0.756554365158081,0.030642539262771606,2.7832281589508057,-0.7689167857170105,-0.16177310049533844,2.7822020053863525,-0.7812795639038086,-0.3541945219039917,2.7811758518218994,-0.7527472376823425,-0.3568418622016907,2.7369563579559326,-0.6723454594612122,-0.3613446354866028,2.6126582622528076,-0.594924807548523,-0.12449581921100616,2.727160930633545,-0.7803754806518555,0.052506223320961,2.6654603481292725,-0.817465603351593,0.08790662884712219,2.653120279312134,-0.8916459083557129,0.15870743989944458,2.6284401416778564,-0.8863887786865234,0.10828740149736404,2.6933722496032715,-0.8099462985992432,-0.35363852977752686,2.8253841400146484,-0.8903480768203735,-0.34913575649261475,2.9496822357177734,-0.8315376043319702,-0.10790537297725677,2.8332717418670654,-0.9146273136138916,0.07081115245819092,2.658100128173828,-0.9312452673912048,0.10655445605516434,2.623065710067749,-0.9644811749458313,0.17804107069969177,2.55299711227417,-0.9157999157905579,0.11244326829910278,2.5423641204833984,-0.6867741942405701,0.22085478901863098,2.6992173194885254,-0.6988959312438965,0.6760697364807129,2.7955915927886963,-0.6901949048042297,1.0777883529663086,2.894237995147705,-0.7904795408248901,1.197011113166809,2.8514058589935303,-0.8035473227500916,0.22534915804862976,2.872608184814453,-0.8458825349807739,0.6868563890457153,2.915902614593506,-0.8093408942222595,1.0894746780395508,3.003924608230591,-0.9024654626846313,1.2138875722885132,2.9597103595733643,-0.9276309013366699,-0.461112916469574,2.7171220779418945,-0.9554672837257385,-0.5107771158218384,2.70570969581604,-0.9290580749511719,-0.5674117803573608,2.6809496879577637,-0.8044325113296509,-0.6031934022903442,2.6685853004455566,-0.9580053091049194,-0.5657464265823364,2.744309425354004,-0.8864498138427734,-0.59847491979599,2.848104238510132,-0.6538663506507874,1.1719536781311035,2.9413974285125732,-0.7661188244819641,1.182209849357605,3.0480034351348877
-0.7419624328613281,0.22364911437034607,2.784606695175171,-0.7547885179519653,0.03136691451072693,2.7853991985321045,-0.7686941623687744,-0.16082818806171417,2.787692070007324,-0.7826002240180969,-0.3530290424823761,2.789984941482544,-0.7499487996101379,-0.35693228244781494,2.748849630355835,-0.6582174897193909,-0.36494505405426025,2.6335153579711914,-0.5693760514259338,-0.13015717267990112,2.7413651943206787,-0.7396210432052612,0.0514620840549469,2.65740704536438,-0.7736700177192688,0.08778593689203262,2.640615463256836,-0.8417680263519287,0.16043365001678467,2.607032299041748,-0.8434423804283142,0.11420002579689026,2.6748244762420654,-0.8154027462005615,-0.35121482610702515,2.8311452865600586,-0.9071340560913086,-0.34320205450057983,2.946479558944702,-0.835682213306427,-0.1028403788805008,2.837987184524536,-0.9000201225280762,0.07610805332660675,2.6567249298095703,-0.912887692451477,0.11189773678779602,2.6204724311828613,-0.9386228322982788,0.18347710371017456,2.5479676723480225,-0.8896459937095642,0.11789024621248245,2.5419864654541016,-0.6750756502151489,0.2188570350408554,2.7044429779052734,-0.691336452960968,0.674935519695282,2.796180486679077,-0.6890698075294495,1.0775437355041504,2.891634941101074,-0.7831684350967407,1.1972237825393677,2.8374900817871094,-0.8088492155075073,0.22844119369983673,2.8647704124450684,-0.8490312695503235,0.6903699040412903,2.9059410095214844,-0.8171377182006836,1.0923957824707031,2.998505115509033,-0.9038517475128174,1.2179710865020752,2.9453916549682617,-0.9239009022712708,-0.4624718129634857,2.7205052375793457,-0.9507890939712524,-0.5124964714050293,2.7091219425201416,-0.9227937459945679,-0.5697510838508606,2.688291549682617,-0.7978851199150085,-0.6054052114486694,2.68550968170166,-0.9557917714118958,-0.5659077167510986,2.749345541000366,-0.8913795351982117,-0.5945156812667847,2.8584959506988525,-0.6569480299949646,1.1718531847000122,2.9415013790130615,-0.7776018381118774,1.1845459938049316,3.0470643043518066
-0.7380954027175903,0.223964661359787,2.784313440322876,-0.7519415020942688,0.03184622526168823,2.787447214126587,-0.7669371366500854,-0.16015870869159698,2.7919490337371826,-0.7819332480430603,-0.352169394493103,2.7964510917663574,-0.7463774681091309,-0.3569002151489258,2.7579166889190674,-0.6467186808586121,-0.36721181869506836,2.65008807182312,-0.5494514107704163,-0.1364763230085373,2.757855176925659,-0.7065871953964233,0.04881955683231354,2.659463882446289,-0.7380143404006958,0.08587872982025146,2.6397855281829834,-0.8008686900138855,0.15999707579612732,2.600429058074951,-0.8081014752388,0.11626631766557693,2.6692848205566406,-0.8176519870758057,-0.349525511264801,2.8350343704223633,-0.9173107743263245,-0.33921390771865845,2.9428629875183105,-0.8391093015670776,-0.09808020293712616,2.8426003456115723,-0.8906869292259216,0.08174058794975281,2.65899395942688,-0.9010024666786194,0.11770474910736084,2.6222727298736572,-0.9216335415840149,0.1896330714225769,2.548830270767212,-0.8721014857292175,0.12448617815971375,2.5459539890289307,-0.6652251482009888,0.2174959033727646,2.7097079753875732,-0.6848433613777161,0.6744357347488403,2.796659231185913,-0.6863460540771484,1.077702522277832,2.8895275592803955,-0.7747986316680908,1.1978422403335571,2.8274118900299072,-0.8109656572341919,0.2304334193468094,2.8589189052581787,-0.8494536280632019,0.6925951242446899,2.8997185230255127,-0.8211389780044556,1.0939056873321533,2.9966671466827393,-0.9022209644317627,1.220587134361267,2.937562942504883,-0.9195553064346313,-0.46353232860565186,2.7237355709075928,-0.9457947015762329,-0.5138067007064819,2.7125084400177,-0.9168778657913208,-0.571419358253479,2.6945371627807617,-0.7921738624572754,-0.6067788600921631,2.6983559131622314,-0.952542781829834,-0.5660384893417358,2.753796100616455,-0.8932245969772339,-0.5915330648422241,2.8662564754486084,-0.6573627591133118,1.172078251838684,2.9411888122558594,-0.7846734523773193,1.1854487657546997,3.04868483543396
-0.7341779470443726,0.2237377166748047,2.784959077835083,-0.7487132549285889,0.03175097703933716,2.7893779277801514,-0.7644237875938416,-0.16011060774326324,2.795037031173706,-0.7801347970962524,-0.3519779443740845,2.80069637298584,-0.742565929889679,-0.3571810722351074,2.7642078399658203,-0.637473464012146,-0.368792861700058,2.662283420562744,-0.5347797274589539,-0.14276525378227234,2.7739248275756836,-0.6808254718780518,0.04618178308010101,2.6667909622192383,-0.7100346088409424,0.08397118747234344,2.645364284515381,-0.7684528827667236,0.1595500111579895,2.602510690689087,-0.7802050709724426,0.11696672439575195,2.671321392059326,-0.8178744316101074,-0.34886014461517334,2.8372461795806885,-0.9229668974876404,-0.3372483551502228,2.9391705989837646,-0.8388174772262573,-0.09519393742084503,2.8473730087280273,-0.8797896504402161,0.08711034059524536,2.6640851497650146,-0.8879840970039368,0.12357119470834732,2.627427577972412,-0.9043729305267334,0.19649291038513184,2.554112434387207,-0.8549166917800903,0.13138273358345032,2.5530507564544678,-0.657141387462616,0.21629011631011963,2.7147867679595947,-0.6796742081642151,0.674094557762146,2.7967748641967773,-0.6832318305969238,1.0778484344482422,2.88777232170105,-0.7670167088508606,1.1984167098999023,2.820183753967285,-0.8112145066261292,0.23118531703948975,2.8551313877105713,-0.8484376072883606,0.6934592723846436,2.89674711227417,-0.8228214979171753,1.0939894914627075,2.997889280319214,-0.899304211139679,1.2217062711715698,2.934931755065918,-0.915404200553894,-0.4642845392227173,2.7258009910583496,-0.9412792325019836,-0.5146524310112,2.7145910263061523,-0.9119091629981995,-0.5724383592605591,2.6983673572540283,-0.7875643968582153,-0.6076604127883911,2.706342935562134,-0.9492299556732178,-0.5661787390708923,2.7563862800598145,-0.8933066129684448,-0.5899248123168945,2.870730400085449,-0.6564894318580627,1.172243595123291,2.940634250640869,-0.7887885570526123,1.184927225112915,3.052589178085327
-0.7311267852783203,0.22340595722198486,2.7867624759674072,-0.7460982203483582,0.03151072561740875,2.7918994426727295,-0.762222945690155,-0.1602579951286316,2.7981488704681396,-0.7783481478691101,-0.35203245282173157,2.804398536682129,-0.7393683791160583,-0.3574987053871155,2.7694778442382812,-0.6305150985717773,-0.36982542276382446,2.672084331512451,-0.5239340662956238,-0.14839167892932892,2.788628578186035,-0.6609972715377808,0.04383958876132965,2.6761348247528076,-0.6884099245071411,0.08228584378957748,2.6536359786987305,-0.7432352304458618,0.15917834639549255,2.6086385250091553,-0.7585126161575317,0.11713720858097076,2.6770081520080566,-0.8175031542778015,-0.34865057468414307,2.8393869400024414,-0.9263564348220825,-0.3363238573074341,2.9367804527282715,-0.8356666564941406,-0.09394262731075287,2.853104591369629,-0.8668454885482788,0.0917166918516159,2.6715762615203857,-0.8730812668800354,0.12884855270385742,2.635270595550537,-0.8855528235435486,0.20311227440834045,2.56265926361084,-0.8368405699729919,0.13751986622810364,2.56256103515625,-0.6511454582214355,0.21538002789020538,2.720050573348999,-0.6758835911750793,0.6741060018539429,2.7966651916503906,-0.6800345778465271,1.0782785415649414,2.8861865997314453,-0.7599903345108032,1.1992868185043335,2.8147685527801514,-0.8111081123352051,0.23143188655376434,2.8534743785858154,-0.8473218679428101,0.6937917470932007,2.8961732387542725,-0.8232690691947937,1.0934686660766602,3.001370668411255,-0.895962119102478,1.2222440242767334,2.93603253364563,-0.912086546421051,-0.4648173451423645,2.728029251098633,-0.937717080116272,-0.5152207016944885,2.716747760772705,-0.9080818295478821,-0.5730500817298889,2.701496124267578,-0.7840282917022705,-0.6081261038780212,2.7119336128234863,-0.9463883638381958,-0.5663812160491943,2.758729934692383,-0.8925634026527405,-0.5892310738563538,2.874095916748047,-0.654766321182251,1.1726665496826172,2.939833164215088,-0.7910204529762268,1.1837692260742188,3.058215856552124
-0.7288907766342163,0.22286760807037354,2.7895760536193848,-0.7441640496253967,0.03102654218673706,2.795443534851074,-0.7605637907981873,-0.16068798303604126,2.8023195266723633,-0.776964008808136,-0.352408230304718,2.8091957569122314,-0.73701411485672,-0.35808759927749634,2.775428533554077,-0.625626802444458,-0.3709889352321625,2.6813852787017822,-0.5157440900802612,-0.15357241034507751,2.8021023273468018,-0.645013153553009,0.04162517189979553,2.685793876647949,-0.6708669662475586,0.08066469430923462,2.662532091140747,-0.7225745916366577,0.1587437391281128,2.616008758544922,-0.740730881690979,0.11715942621231079,2.6839139461517334,-0.8170921802520752,-0.34881263971328735,2.8430378437042236,-0.9284794926643372,-0.3359113037586212,2.9370810985565186,-0.8310962319374084,-0.09399153292179108,2.8602170944213867,-0.853487491607666,0.09480151534080505,2.6807844638824463,-0.8579657673835754,0.132560133934021,2.644897937774658,-0.8669222593307495,0.2080773562192917,2.573124885559082,-0.8193504810333252,0.14169378578662872,2.5735156536102295,-0.6468343734741211,0.21437498927116394,2.7255003452301025,-0.6731082201004028,0.674049973487854,2.7962894439697266,-0.676782488822937,1.0786209106445312,2.8844237327575684,-0.753641664981842,1.2000298500061035,2.8102617263793945,-0.8109471797943115,0.23136022686958313,2.853651762008667,-0.8453548550605774,0.6940304636955261,2.895543098449707,-0.8213797211647034,1.0933024883270264,3.00262188911438,-0.8908331394195557,1.2228846549987793,2.935300588607788,-0.9098884463310242,-0.4657593369483948,2.73264479637146,-0.9353547096252441,-0.5162242650985718,2.72151517868042,-0.905565083026886,-0.5740684270858765,2.706878423690796,-0.7816565036773682,-0.6088962554931641,2.718458652496338,-0.9442713856697083,-0.567074716091156,2.76373291015625,-0.8913242816925049,-0.5890806913375854,2.8795464038848877,-0.6523874998092651,1.1730082035064697,2.9385225772857666,-0.7902368903160095,1.1831990480422974,3.0607552528381348
-0.7275206446647644,0.22231602668762207,2.7926173210144043,-0.7427351474761963,0.03049929440021515,2.798866033554077,-0.7590503096580505,-0.1611940711736679,2.8060529232025146,-0.775365948677063,-0.3528931736946106,2.8132400512695312,-0.7347943782806396,-0.35863423347473145,2.780240297317505,-0.6218242049217224,-0.37169069051742554,2.688446044921875,-0.5097973346710205,-0.1574385017156601,2.8127083778381348,-0.6334629058837891,0.03995427489280701,2.694120407104492,-0.6581960320472717,0.07943283021450043,2.670402765274048,-0.7076622247695923,0.15838994085788727,2.622967481613159,-0.7278603315353394,0.11703813076019287,2.6904220581054688,-0.8161149024963379,-0.3492356538772583,2.846317768096924,-0.9290850758552551,-0.3361791968345642,2.9381120204925537,-0.8259810209274292,-0.09491077065467834,2.867018699645996,-0.8414082527160645,0.09679582715034485,2.6900136470794678,-0.8444936871528625,0.135137140750885,2.6546125411987305,-0.8506646156311035,0.21181978285312653,2.583810567855835,-0.8042411208152771,0.14464271068572998,2.5842037200927734,-0.6441001892089844,0.2136709988117218,2.7303555011749268,-0.6705594062805176,0.6741036176681519,2.7967605590820312,-0.6715527176856995,1.0785709619522095,2.8859078884124756,-0.7457076907157898,1.2010135650634766,2.810615062713623,-0.8109411001205444,0.23096105456352234,2.854879140853882,-0.8450855016708374,0.6937799453735352,2.8966012001037598,-0.8211854100227356,1.0924259424209595,3.0063838958740234,-0.8884569406509399,1.222793698310852,2.9382741451263428,-0.9080065488815308,-0.4665047228336334,2.7368695735931396,-0.9333969354629517,-0.516992449760437,2.7258505821228027,-0.9035536050796509,-0.5748140811920166,2.711418867111206,-0.7797034978866577,-0.6094762086868286,2.7232491970062256,-0.9423174262046814,-0.5677054524421692,2.7681691646575928,-0.8895342946052551,-0.589335024356842,2.8840413093566895,-0.6471654772758484,1.172579288482666,2.940721273422241,-0.790794849395752,1.1818519830703735,3.0656814575195312
-0.7264948487281799,0.22208666801452637,2.795449733734131,-0.7412645816802979,0.03026983141899109,2.801797866821289,-0.7570685148239136,-0.1614343523979187,2.8090012073516846,-0.7728729248046875,-0.35314425826072693,2.816204786300659,-0.7319418787956238,-0.358792245388031,2.7836496829986572,-0.6180958151817322,-0.3715769946575165,2.6931815147399902,-0.5055265426635742,-0.15935149788856506,2.8203587532043457,-0.6262843608856201,0.03901241719722748,2.700439214706421,-0.6504359245300293,0.0786852017045021,2.67645525932312,-0.6987390518188477,0.15803077816963196,2.6284873485565186,-0.7201321125030518,0.11668781191110611,2.6955716609954834,-0.8139758110046387,-0.34957996010780334,2.8488380908966064,-0.9278218746185303,-0.33679521083831787,2.9393062591552734,-0.8205373287200928,-0.09608642756938934,2.872711420059204,-0.8311513662338257,0.09806396067142487,2.69805645942688,-0.8332741856575012,0.13689404726028442,2.663125514984131,-0.8375198245048523,0.21455420553684235,2.593263626098633,-0.7920216917991638,0.1467522382736206,2.593352794647217,-0.6422795653343201,0.21357735991477966,2.734266996383667,-0.668171763420105,0.674604058265686,2.7975387573242188,-0.6649982333183289,1.078505277633667,2.889646291732788,-0.7369130849838257,1.2024344205856323,2.814523696899414,-0.8107101321220398,0.23059597611427307,2.8566324710845947,-0.8458868265151978,0.6935405135154724,2.897427797317505,-0.8217711448669434,1.0915722846984863,3.009763240814209,-0.8878004550933838,1.2226052284240723,2.941615581512451,-0.9052969813346863,-0.4668254852294922,2.739759683609009,-0.9305781126022339,-0.517322838306427,2.728658437728882,-0.9006363749504089,-0.5750207901000977,2.714063882827759,-0.7767472863197327,-0.6094213128089905,2.725663423538208,-0.9393326640129089,-0.5681320428848267,2.770852565765381,-0.8863867521286011,-0.5899032950401306,2.886564254760742,-0.639968752861023,1.171829342842102,2.945389747619629,-0.79172283411026,1.1805719137191772,3.0699243545532227
-0.7263070940971375,0.22152867913246155,2.801234722137451,-0.7399343252182007,0.02976149320602417,2.807950258255005,-0.7544940114021301,-0.16191105544567108,2.8153738975524902,-0.7690541744232178,-0.35358935594558716,2.8227977752685547,-0.7272802591323853,-0.35902976989746094,2.7913503646850586,-0.61109459400177,-0.3712409436702728,2.7039389610290527,-0.5002040863037109,-0.16120149195194244,2.83609676361084,-0.6174099445343018,0.035848602652549744,2.7106404304504395,-0.6408511400222778,0.07525862008333206,2.685549259185791,-0.6877334713935852,0.1540786623954773,2.635366678237915,-0.7112067937850952,0.11325585097074509,2.7020680904388428,-0.8109862804412842,-0.35023224353790283,2.854326009750366,-0.9271719455718994,-0.33802106976509094,2.941737651824951,-0.8168667554855347,-0.09518635272979736,2.889364242553711,-0.8212119936943054,0.1065603643655777,2.723278045654297,-0.8220810294151306,0.1469097137451172,2.69006085395813,-0.823819100856781,0.22760839760303497,2.623626470565796,-0.7786139249801636,0.15963174402713776,2.622124433517456,-0.6402913331985474,0.21336567401885986,2.7426774501800537,-0.664670467376709,0.6755663156509399,2.798862934112549,-0.6525910496711731,1.0778261423110962,2.897850751876831,-0.7192515730857849,1.2049640417099,2.823115587234497,-0.8123228549957275,0.22969168424606323,2.8597919940948486,-0.848939061164856,0.6932284832000732,2.894047498703003,-0.8224374055862427,1.0900319814682007,3.0106754302978516,-0.884903609752655,1.2226018905639648,2.9420008659362793,-0.9007987976074219,-0.46653902530670166,2.744215488433838,-0.9260318875312805,-0.5169131755828857,2.732518434524536,-0.896029531955719,-0.5745522379875183,2.717874765396118,-0.7723488807678223,-0.6092192530632019,2.730576515197754,-0.9353151321411133,-0.5679705142974854,2.774277448654175,-0.8836581110954285,-0.590570867061615,2.8903844356536865,-0.6263443827629089,1.1695334911346436,2.9557583332061768,-0.7927814722061157,1.178109884262085,3.0724430084228516
-0.7287467122077942,0.22097837924957275,2.8060801029205322,-0.7410755157470703,0.029162496328353882,2.812300682067871,-0.7541697025299072,-0.16258226335048676,2.8191213607788086,-0.7672643065452576,-0.3543327748775482,2.825942277908325,-0.7261649966239929,-0.35933905839920044,2.7935726642608643,-0.6118467450141907,-0.37034663558006287,2.7035889625549316,-0.5036301612854004,-0.15799741446971893,2.8341996669769287,-0.626518189907074,0.03642477095127106,2.7101500034332275,-0.6510958075523376,0.07530920952558517,2.685340166091919,-0.700251042842865,0.1530780792236328,2.6357202529907227,-0.7220022082328796,0.1118418350815773,2.7027392387390137,-0.8085058927536011,-0.35141056776046753,2.8583858013153076,-0.9228241443634033,-0.3404029905796051,2.9483695030212402,-0.8154056668281555,-0.09514279663562775,2.9017770290374756,-0.8243884444236755,0.11174562573432922,2.7423837184906006,-0.8261849880218506,0.15312331914901733,2.7105050086975098,-0.8297781348228455,0.23587869107723236,2.646747589111328,-0.784096896648407,0.1683664321899414,2.6422312259674072,-0.6439892053604126,0.213571697473526,2.745673418045044,-0.6660106778144836,0.6762508153915405,2.799201250076294,-0.6460467576980591,1.0774074792861938,2.9015004634857178,-0.7128276228904724,1.2061259746551514,2.8295986652374268,-0.8135042190551758,0.2283850610256195,2.8664867877960205,-0.8474774956703186,0.6925806999206543,2.8946006298065186,-0.8143523931503296,1.089880108833313,3.0079421997070312,-0.8771077990531921,1.2226351499557495,2.939854860305786,-0.9002883434295654,-0.46626371145248413,2.7480814456939697,-0.9257069826126099,-0.5164836049079895,2.736138105392456,-0.8959489464759827,-0.57390958070755,2.720226764678955,-0.7720743417739868,-0.6086995601654053,2.7303905487060547,-0.9342830181121826,-0.5680943131446838,2.777359962463379,-0.8806875944137573,-0.5922229886054993,2.892268180847168,-0.6171318292617798,1.1682201623916626,2.9595675468444824,-0.7823922634124756,1.178061604499817,3.068418502807617
-0.7313796877861023,0.22065821290016174,2.8107352256774902,-0.7425302267074585,0.028800368309020996,2.8163399696350098,-0.7543593049049377,-0.16300064325332642,2.8224737644195557,-0.7661887407302856,-0.35480737686157227,2.8286077976226807,-0.7257544994354248,-0.3594112992286682,2.7953741550445557,-0.6133049726486206,-0.3693004548549652,2.7030041217803955,-0.507644772529602,-0.15487709641456604,2.8321566581726074,-0.6356511116027832,0.037761181592941284,2.710676908493042,-0.6612523794174194,0.07628883421421051,2.6863808631896973,-0.7124549150466919,0.15334415435791016,2.637789011001587,-0.732506513595581,0.11150261014699936,2.7049355506896973,-0.806751549243927,-0.3522881865501404,2.861907958984375,-0.9192010760307312,-0.3423990309238434,2.954277992248535,-0.8136248588562012,-0.09529164433479309,2.9141101837158203,-0.826172411441803,0.11672335863113403,2.761976480484009,-0.8286819458007812,0.15912635624408722,2.7315497398376465,-0.833700954914093,0.24393236637115479,2.670696258544922,-0.7878488302230835,0.17683643102645874,2.6631360054016113,-0.6478205919265747,0.21398819983005524,2.748649835586548,-0.6684091687202454,0.677001416683197,2.7999427318573,-0.6425244808197021,1.0773669481277466,2.904052257537842,-0.7097263336181641,1.2071030139923096,2.834394693374634,-0.8149387836456299,0.22732822597026825,2.8728206157684326,-0.8473592400550842,0.6919399499893188,2.895644426345825,-0.8092467784881592,1.0897550582885742,3.005607843399048,-0.8725414276123047,1.2224841117858887,2.937958240509033,-0.9004046320915222,-0.46588072180747986,2.7515695095062256,-0.9260045886039734,-0.5159679055213928,2.7394580841064453,-0.8964961767196655,-0.5732048153877258,2.7224395275115967,-0.7724777460098267,-0.6080819368362427,2.7302825450897217,-0.9339368939399719,-0.5680413842201233,2.780224084854126,-0.8785597681999207,-0.5934522151947021,2.894005298614502,-0.6114956140518188,1.167576789855957,2.961974620819092,-0.7754443883895874,1.178117036819458,3.064812183380127
-0.734043538570404,0.22033771872520447,2.814466714859009,-0.744181752204895,0.02844734489917755,2.8194758892059326,-0.7549218535423279,-0.16339775919914246,2.824944496154785,-0.7656622529029846,-0.3552485704421997,2.8304131031036377,-0.7259066104888916,-0.3594921827316284,2.7963409423828125,-0.6153866648674011,-0.36837783455848694,2.701676845550537,-0.5121261477470398,-0.1521020233631134,2.829462766647339,-0.6446983218193054,0.03950127959251404,2.7115020751953125,-0.6712127327919006,0.07782194018363953,2.6879098415374756,-0.7242416143417358,0.1544632613658905,2.640725612640381,-0.7426291704177856,0.11186745762825012,2.7078375816345215,-0.8055346608161926,-0.35309019684791565,2.8645448684692383,-0.9160546064376831,-0.34420454502105713,2.9592089653015137,-0.8125891089439392,-0.09550726413726807,2.924398899078369,-0.8289048075675964,0.12064461410045624,2.7787482738494873,-0.83216792345047,0.16387498378753662,2.7496180534362793,-0.8386942148208618,0.2503357529640198,2.6913578510284424,-0.7926312685012817,0.18378391861915588,2.6810834407806396,-0.6516953706741333,0.21432405710220337,2.7507643699645996,-0.6721166372299194,0.6776318550109863,2.799485921859741,-0.6434375047683716,1.0781488418579102,2.902306318283081,-0.711850643157959,1.2078737020492554,2.8338091373443604,-0.8163917064666748,0.22635138034820557,2.878169059753418,-0.8465307950973511,0.6913097500801086,2.896885633468628,-0.8041898608207703,1.0898072719573975,3.0027880668640137,-0.8680585622787476,1.222325325012207,2.9352564811706543,-0.9010790586471558,-0.465507447719574,2.754319906234741,-0.9268841743469238,-0.5154628157615662,2.7421042919158936,-0.897665798664093,-0.572539746761322,2.7240819931030273,-0.7735635042190552,-0.6075379252433777,2.7297122478485107,-0.9342284798622131,-0.5679306983947754,2.782471179962158,-0.8771578073501587,-0.5944789052009583,2.8951480388641357,-0.6110734343528748,1.1684128046035767,2.959412097930908,-0.768786609172821,1.178467035293579,3.0605995655059814
-0.7370869517326355,0.2200981080532074,2.8175549507141113,-0.7462987303733826,0.028178349137306213,2.8219199180603027,-0.7560634016990662,-0.1637038290500641,2.8267152309417725,-0.7658283710479736,-0.3555917739868164,2.8315107822418213,-0.7267681360244751,-0.35949766635894775,2.7966175079345703,-0.618240237236023,-0.36744195222854614,2.6997265815734863,-0.5175518989562988,-0.14916780591011047,2.8259119987487793,-0.655045211315155,0.04116177558898926,2.711832284927368,-0.6825438737869263,0.07922768592834473,2.689016342163086,-0.7375411987304688,0.15535950660705566,2.6433844566345215,-0.7540696263313293,0.11201661080121994,2.7104594707489014,-0.8049947023391724,-0.353771448135376,2.8664560317993164,-0.9135226011276245,-0.3458271622657776,2.9633469581604004,-0.8125495314598083,-0.09569665789604187,2.9326276779174805,-0.8329806327819824,0.12359431385993958,2.792491912841797,-0.8370668292045593,0.16745251417160034,2.764464855194092,-0.8452392816543579,0.2551689147949219,2.7084105014801025,-0.7989016175270081,0.1892603188753128,2.695772171020508,-0.6559706330299377,0.2147199809551239,2.7522757053375244,-0.6760158538818359,0.6782006621360779,2.7996468544006348,-0.6447948813438416,1.0787608623504639,2.901613235473633,-0.7144132852554321,1.2085307836532593,2.834414482116699,-0.8182032704353333,0.2254762351512909,2.8828341960906982,-0.8471687436103821,0.6906304359436035,2.898733377456665,-0.80168616771698,1.0896185636520386,3.0014965534210205,-0.8664356470108032,1.2219398021697998,2.9344053268432617,-0.9023861289024353,-0.4652053713798523,2.7565417289733887,-0.9283847808837891,-0.5150545835494995,2.7443079948425293,-0.8994548320770264,-0.5719904899597168,2.725400686264038,-0.7752972841262817,-0.6070592403411865,2.7289209365844727,-0.9351511001586914,-0.5678417682647705,2.784356117248535,-0.8764365315437317,-0.5953044891357422,2.895961284637451,-0.6111817359924316,1.1690243482589722,2.9580016136169434,-0.7649421691894531,1.1785075664520264,3.058114767074585
-0.740027129650116,0.21995732188224792,2.8196284770965576,-0.7482951283454895,0.02800905704498291,2.8234031200408936,-0.7571064829826355,-0.16390547156333923,2.827636241912842,-0.7659180760383606,-0.3558257520198822,2.83186936378479,-0.727536141872406,-0.35942021012306213,2.7962095737457275,-0.6209545731544495,-0.3664965033531189,2.6972463130950928,-0.5228511095046997,-0.1462239921092987,2.821725606918335,-0.6656087040901184,0.041985154151916504,2.710904359817505,-0.6941602230072021,0.07962697744369507,2.6887400150299072,-0.7512632608413696,0.1549106240272522,2.644411563873291,-0.7658309936523438,0.11105097830295563,2.711561441421509,-0.8043957948684692,-0.35431724786758423,2.8675754070281982,-0.9109773635864258,-0.34724095463752747,2.966538667678833,-0.8127472400665283,-0.09604749083518982,2.936671257019043,-0.8375716209411621,0.12443038821220398,2.7993505001068115,-0.8425365090370178,0.16852596402168274,2.7718863487243652,-0.8524662852287292,0.25671711564064026,2.7169580459594727,-0.8058347702026367,0.1913762241601944,2.7027790546417236,-0.660106360912323,0.21520216763019562,2.752877712249756,-0.679531455039978,0.6787362098693848,2.8001153469085693,-0.6458380818367004,1.0791265964508057,2.9020094871520996,-0.7165189981460571,1.2090873718261719,2.836293935775757,-0.8199478983879089,0.22471247613430023,2.8863792419433594,-0.8492795825004578,0.6898494958877563,2.902496576309204,-0.801777720451355,1.0886378288269043,3.0051686763763428,-0.8676150441169739,1.2211189270019531,2.9394547939300537,-0.9032394886016846,-0.465290904045105,2.758104085922241,-0.92930668592453,-0.5151211023330688,2.74594783782959,-0.9005258679389954,-0.5719035267829895,2.7263710498809814,-0.7762763500213623,-0.6067643165588379,2.7281012535095215,-0.9354617595672607,-0.5681263208389282,2.7858023643493652,-0.8752613067626953,-0.5960622429847717,2.8964898586273193,-0.6110466718673706,1.1692698001861572,2.9578793048858643,-0.7639979720115662,1.177406907081604,3.0612974166870117
-0.7420549988746643,0.2197878062725067,2.820707082748413,-0.7495730519294739,0.027822494506835938,2.8240444660186768,-0.757606565952301,-0.16411341726779938,2.8278403282165527,-0.7656403183937073,-0.35605505108833313,2.831636428833008,-0.727836549282074,-0.35940033197402954,2.795348882675171,-0.6229261755943298,-0.3657818138599396,2.6947054862976074,-0.5273329615592957,-0.14368689060211182,2.8176310062408447,-0.6752855777740479,0.04165458679199219,2.709082841873169,-0.7048761248588562,0.07872287929058075,2.687373161315918,-0.7640571594238281,0.15285947918891907,2.643954038619995,-0.7767537832260132,0.10874737799167633,2.7112746238708496,-0.8035314083099365,-0.3547959625720978,2.86796498298645,-0.9084417819976807,-0.34841448068618774,2.9686083793640137,-0.8129012584686279,-0.0964612066745758,2.937520742416382,-0.8418112993240356,0.1238793432712555,2.8009982109069824,-0.8475933074951172,0.167947456240654,2.773693799972534,-0.8591573238372803,0.2560836672782898,2.7190847396850586,-0.8122277855873108,0.19119015336036682,2.7040646076202393,-0.6631975173950195,0.21551711857318878,2.752699375152588,-0.6823821663856506,0.6789764165878296,2.800884962081909,-0.6469482183456421,1.0790623426437378,2.9034290313720703,-0.7186406254768372,1.2092393636703491,2.8392443656921387,-0.8209124803543091,0.22405849397182465,2.8887147903442383,-0.8498241901397705,0.6892077922821045,2.9055867195129395,-0.8002561926841736,1.0877511501312256,3.008279323577881,-0.8668864965438843,1.2204457521438599,2.943796157836914,-0.9038054943084717,-0.4653254449367523,2.759182929992676,-0.9300103783607483,-0.5151227712631226,2.747196674346924,-0.901458740234375,-0.5718485116958618,2.7271320819854736,-0.7771997451782227,-0.606704831123352,2.727318048477173,-0.9356982111930847,-0.5682349801063538,2.786975145339966,-0.8742114901542664,-0.5964665412902832,2.896873712539673,-0.6112394332885742,1.1690319776535034,2.959005355834961,-0.761523425579071,1.1763674020767212,3.064004421234131
-0.74354088306427,0.2196119725704193,2.821305274963379,-0.7506200075149536,0.027643129229545593,2.8243374824523926,-0.758215606212616,-0.16429801285266876,2.82783579826355,-0.7658114433288574,-0.35624492168426514,2.831334114074707,-0.7285515666007996,-0.35943615436553955,2.7944819927215576,-0.6252087950706482,-0.36538752913475037,2.6923301219940186,-0.5314697027206421,-0.14188185334205627,2.8138647079467773,-0.6837902665138245,0.040760189294815063,2.707062244415283,-0.7142543792724609,0.07728859782218933,2.685701847076416,-0.7751826047897339,0.15034541487693787,2.6429808139801025,-0.7862691879272461,0.10614992678165436,2.71048903465271,-0.8031538724899292,-0.35513991117477417,2.868224620819092,-0.9064966440200806,-0.34918853640556335,2.970376491546631,-0.8120037317276001,-0.09716758131980896,2.937680721282959,-0.8434504270553589,0.1229388564825058,2.801553249359131,-0.8497397899627686,0.16696015000343323,2.7743277549743652,-0.8623184561729431,0.2550027370452881,2.719876766204834,-0.8155151605606079,0.19022226333618164,2.7041773796081543,-0.6656449437141418,0.21564798057079315,2.7522034645080566,-0.6851075291633606,0.6789842247962952,2.801586389541626,-0.6483379602432251,1.0786802768707275,2.905226707458496,-0.720974326133728,1.2090927362442017,2.8425872325897217,-0.8214368224143982,0.22357596457004547,2.890407085418701,-0.8492245078086853,0.6887847781181335,2.9079155921936035,-0.7980071902275085,1.0873713493347168,3.009678602218628,-0.8653525710105896,1.2200803756713867,2.9459598064422607,-0.9048520922660828,-0.46526116132736206,2.7601869106292725,-0.931226909160614,-0.515013575553894,2.748389959335327,-0.9029433727264404,-0.5717206001281738,2.727898597717285,-0.7787183523178101,-0.6066737174987793,2.726647138595581,-0.9365191459655762,-0.5682010650634766,2.7881219387054443,-0.8738497495651245,-0.5967016816139221,2.8972795009613037,-0.6118693351745605,1.1684415340423584,2.960653305053711,-0.758486270904541,1.175997257232666,3.0648391246795654
-0.7444986701011658,0.21938806772232056,2.821655511856079,-0.751372218132019,0.027422472834587097,2.824406385421753,-0.7587664127349854,-0.1645163595676422,2.8276331424713135,-0.7661608457565308,-0.35646092891693115,2.830860137939453,-0.7294164896011353,-0.3595496416091919,2.7934908866882324,-0.627552330493927,-0.36521437764167786,2.6899590492248535,-0.5347784161567688,-0.1407010704278946,2.8101398944854736,-0.6907316446304321,0.03954090178012848,2.7047536373138428,-0.7219222784042358,0.07558929920196533,2.6836764812469482,-0.7843035459518433,0.14768609404563904,2.64152193069458,-0.7939811944961548,0.10355327278375626,2.7092502117156982,-0.8029855489730835,-0.35545840859413147,2.8682644367218018,-0.9048497080802917,-0.3497936725616455,2.9717962741851807,-0.8097971677780151,-0.09827485680580139,2.9377377033233643,-0.8422749042510986,0.12189832329750061,2.8021507263183594,-0.8487704396247864,0.16593295335769653,2.7750332355499268,-0.8617615103721619,0.2540022134780884,2.7207984924316406,-0.8154926300048828,0.18904626369476318,2.704415798187256,-0.6675001382827759,0.21562664210796356,2.751563787460327,-0.6875597238540649,0.6788322925567627,2.8020644187927246,-0.6498703360557556,1.078202724456787,2.9066789150238037,-0.7234541773796082,1.2087656259536743,2.845461130142212,-0.8214972019195557,0.22314949333667755,2.891747236251831,-0.8479922413825989,0.6884384751319885,2.909533739089966,-0.7957805395126343,1.087396264076233,3.0093741416931152,-0.863937497138977,1.2198669910430908,2.946010112762451,-0.9061424732208252,-0.4651571810245514,2.761089324951172,-0.9327256679534912,-0.5148505568504333,2.7495174407958984,-0.9047601819038391,-0.5715775489807129,2.728651285171509,-0.780616044998169,-0.6067330241203308,2.726011276245117,-0.9376755952835083,-0.5680782794952393,2.7892379760742188,-0.8738763332366943,-0.5968183875083923,2.8976736068725586,-0.6127792596817017,1.1678051948547363,2.961956262588501,-0.7556576728820801,1.1762253046035767,3.0637755393981934
-0.7450940608978271,0.21927472949028015,2.8219656944274902,-0.7520079016685486,0.02731892466545105,2.8244528770446777,-0.7594240307807922,-0.1646118015050888,2.8273887634277344,-0.766840398311615,-0.3565483093261719,2.830324649810791,-0.7305680513381958,-0.3595733046531677,2.7924964427948,-0.630052387714386,-0.3650595247745514,2.687741279602051,-0.5372828245162964,-0.1400669366121292,2.8068385124206543,-0.6960417032241821,0.03829279541969299,2.702641725540161,-0.7277934551239014,0.07396474480628967,2.681802272796631,-0.7912970185279846,0.14530864357948303,2.6401236057281494,-0.7998150587081909,0.10130847990512848,2.708064079284668,-0.8031932711601257,-0.35560935735702515,2.868184804916382,-0.9037089347839355,-0.3501231372356415,2.972939968109131,-0.8074578046798706,-0.0990433394908905,2.9396731853485107,-0.8401273488998413,0.12232100963592529,2.806241273880005,-0.8466612696647644,0.16659387946128845,2.779554843902588,-0.8597291111946106,0.25513961911201477,2.726181983947754,-0.814105749130249,0.19003471732139587,2.708737373352051,-0.6689106822013855,0.21561123430728912,2.750999689102173,-0.6897432804107666,0.6786958575248718,2.8024423122406006,-0.6516644954681396,1.0778964757919312,2.907621383666992,-0.726211667060852,1.2084641456604004,2.8475751876831055,-0.8212774395942688,0.22293822467327118,2.8929316997528076,-0.8462420105934143,0.6883730888366699,2.9095113277435303,-0.7936375737190247,1.0882551670074463,3.005432605743408,-0.8627303838729858,1.2200798988342285,2.941720962524414,-0.9076082706451416,-0.4648652672767639,2.7615790367126465,-0.9343811273574829,-0.5144878029823303,2.750155448913574,-0.90670245885849,-0.5712303519248962,2.7289624214172363,-0.7826577425003052,-0.6066113710403442,2.7252089977264404,-0.9390923380851746,-0.5677674412727356,2.789829730987549,-0.8744291663169861,-0.5967997312545776,2.8976666927337646,-0.6141225099563599,1.1674407720565796,2.9626965522766113,-0.7530718445777893,1.177607536315918,3.0586435794830322
-0.7472710013389587,0.21909767389297485,2.8226938247680664,-0.754050612449646,0.027148112654685974,2.824822425842285,-0.7613030076026917,-0.16477887332439423,2.827383279800415,-0.7685556411743164,-0.35671159625053406,2.829944133758545,-0.732883095741272,-0.35961663722991943,2.79154634475708,-0.6340129971504211,-0.3647715747356415,2.685201406478882,-0.5426623821258545,-0.13797134160995483,2.8025224208831787,-0.70811927318573,0.034534066915512085,2.698288679122925,-0.7412106394767761,0.06903515011072159,2.6774418354034424,-0.8073933720588684,0.1380373239517212,2.6357483863830566,-0.8136836290359497,0.09466011822223663,2.704418182373047,-0.8043069243431091,-0.3558926582336426,2.8683698177337646,-0.90317702293396,-0.35073772072792053,2.974714756011963,-0.8086018562316895,-0.09816306829452515,2.9462709426879883,-0.8440822958946228,0.12632021307945251,2.8184149265289307,-0.8511784076690674,0.17121687531471252,2.792843818664551,-0.8653705716133118,0.26101019978523254,2.741701364517212,-0.8195639848709106,0.19653835892677307,2.722161054611206,-0.6720295548439026,0.2156422734260559,2.7507407665252686,-0.6935973167419434,0.6786108016967773,2.802971839904785,-0.6545075178146362,1.0775043964385986,2.9089620113372803,-0.7299711108207703,1.208196759223938,2.8503432273864746,-0.8225124478340149,0.2225530743598938,2.8946468830108643,-0.8455185890197754,0.6880815029144287,2.9115917682647705,-0.7931585907936096,1.0888354778289795,3.00396466255188,-0.8633725643157959,1.2199653387069702,2.940040111541748,-0.9101603627204895,-0.46452516317367554,2.762181043624878,-0.9371479153633118,-0.5140529274940491,2.75087833404541,-0.9097927808761597,-0.570807695388794,2.7293200492858887,-0.7858819365501404,-0.6064728498458862,2.7244133949279785,-0.9416435956954956,-0.5674067735671997,2.7904677391052246,-0.8761259317398071,-0.5968367457389832,2.89766526222229,-0.6163230538368225,1.1669048070907593,2.963831663131714,-0.7523006200790405,1.1787102222442627,3.0560638904571533
-0.7480031847953796,0.21870362758636475,2.8222856521606445,-0.7550322413444519,0.026768654584884644,2.8244130611419678,-0.7624953389167786,-0.1651451289653778,2.826936960220337,-0.7699586749076843,-0.3570646643638611,2.829460859298706,-0.7347412109375,-0.35998934507369995,2.790648937225342,-0.6371079683303833,-0.3651999831199646,2.683135986328125,-0.5451870560646057,-0.13756558299064636,2.7987942695617676,-0.7143764495849609,0.03170125186443329,2.6948161125183105,-0.7482143640518188,0.06555461883544922,2.674020528793335,-0.8158901333808899,0.13326135277748108,2.6324291229248047,-0.8207645416259766,0.09044706076383591,2.7016284465789795,-0.8052572011947632,-0.3562259078025818,2.868300437927246,-0.9028904438018799,-0.35101526975631714,2.975813388824463,-0.808332085609436,-0.09814032912254333,2.948305130004883,-0.844970166683197,0.12749378383159637,2.8224692344665527,-0.8522977828979492,0.17262060940265656,2.797302007675171,-0.8669530153274536,0.2628742456436157,2.7469675540924072,-0.821379542350769,0.1984756588935852,2.726443290710449,-0.6736127734184265,0.2151721864938736,2.749464988708496,-0.6948152780532837,0.6779840588569641,2.803290367126465,-0.6550117135047913,1.0766993761062622,2.9097163677215576,-0.7312842011451721,1.2074309587478638,2.852234363555908,-0.8223935961723328,0.2222350686788559,2.895106315612793,-0.8436905741691589,0.6878806948661804,2.9112966060638428,-0.7914408445358276,1.0895897150039673,2.999526262283325,-0.862800657749176,1.2199506759643555,2.935290575027466,-0.9124343991279602,-0.46468639373779297,2.763256072998047,-0.9396135210990906,-0.5141759514808655,2.752260208129883,-0.9125755429267883,-0.5709761381149292,2.7304306030273438,-0.7887818217277527,-0.606825053691864,2.724210739135742,-0.9437639713287354,-0.5675082206726074,2.791912078857422,-0.8771489262580872,-0.5969992876052856,2.8984084129333496,-0.6163197159767151,1.166027307510376,2.9643523693084717,-0.7502376437187195,1.1800390481948853,3.0503480434417725
-0.7482760548591614,0.2181871235370636,2.8216848373413086,-0.7555332183837891,0.026263326406478882,2.823918581008911,-0.763232946395874,-0.16563794016838074,2.826568126678467,-0.7709329128265381,-0.3575449585914612,2.8292179107666016,-0.7361322045326233,-0.36052703857421875,2.79003643989563,-0.6396321654319763,-0.3658978343009949,2.6814796924591064,-0.5480698943138123,-0.13697215914726257,2.7953052520751953,-0.7204775810241699,0.02930454909801483,2.6913304328918457,-0.7549591064453125,0.06255988776683807,2.6705355644226074,-0.8239221572875977,0.12907058000564575,2.6289455890655518,-0.8276196718215942,0.08678695559501648,2.6986095905303955,-0.8058173060417175,-0.35664868354797363,2.8684279918670654,-0.9023173451423645,-0.3512778878211975,2.976984739303589,-0.8062940835952759,-0.09907406568527222,2.9466593265533447,-0.8429436087608337,0.12615655362606049,2.819729804992676,-0.8502734899520874,0.17120268940925598,2.794343948364258,-0.8649333119392395,0.261294960975647,2.743572235107422,-0.8200292587280273,0.1964043378829956,2.722895860671997,-0.6746711730957031,0.21454724669456482,2.7480807304382324,-0.6954089999198914,0.6771993041038513,2.803614377975464,-0.6552855372428894,1.0758459568023682,2.9102492332458496,-0.7323764562606812,1.2065259218215942,2.853729486465454,-0.8218809366226196,0.22182700037956238,2.8952889442443848,-0.8418039679527283,0.6875799894332886,2.910722017288208,-0.7899506092071533,1.0901832580566406,2.9951131343841553,-0.8624178171157837,1.2197885513305664,2.930570602416992,-0.9143699407577515,-0.46510347723960876,2.765031576156616,-0.9417374134063721,-0.5145784020423889,2.754452705383301,-0.9150445461273193,-0.5714263319969177,2.732330083847046,-0.7913805842399597,-0.6073968410491943,2.724508047103882,-0.9454101920127869,-0.5678616166114807,2.7942147254943848,-0.8774164915084839,-0.5972968339920044,2.8998475074768066,-0.6162140965461731,1.1651681661605835,2.9646341800689697,-0.7485104203224182,1.181182622909546,3.044757604598999
-0.7471569180488586,0.21794939041137695,2.818458318710327,-0.7545477151870728,0.02604016661643982,2.8203678131103516,-0.7624467611312866,-0.16584333777427673,2.8227641582489014,-0.7703460454940796,-0.3577325940132141,2.8251607418060303,-0.7358983159065247,-0.36068856716156006,2.7856714725494385,-0.6403543949127197,-0.3659883439540863,2.6762444972991943,-0.550251305103302,-0.13604560494422913,2.789607286453247,-0.7255738973617554,0.02815777063369751,2.686789035797119,-0.760638415813446,0.060998447239398956,2.6662254333496094,-0.8307674527168274,0.12667980790138245,2.6250979900360107,-0.8334232568740845,0.08436745405197144,2.694854736328125,-0.8048796057701111,-0.35686221718788147,2.864675998687744,-0.900423526763916,-0.3515624403953552,2.9741029739379883,-0.8020983338356018,-0.10085117816925049,2.937779664993286,-0.8380994200706482,0.12251691520214081,2.8070778846740723,-0.8452996611595154,0.1671905368566513,2.780937433242798,-0.859700083732605,0.2565377652645111,2.728656768798828,-0.8157361745834351,0.1907513439655304,2.7085893154144287,-0.6742003560066223,0.21440090239048004,2.7442078590393066,-0.6960985064506531,0.6767614483833313,2.8017261028289795,-0.6583732962608337,1.075796365737915,2.9077978134155273,-0.7369544506072998,1.205811619758606,2.851795196533203,-0.820113480091095,0.22149787843227386,2.8927087783813477,-0.8401116132736206,0.6871470808982849,2.9110400676727295,-0.7896649837493896,1.0899338722229004,2.9954276084899902,-0.8633308410644531,1.2192258834838867,2.9316139221191406,-0.9144571423530579,-0.4651590585708618,2.7622792720794678,-0.9419389963150024,-0.5146116614341736,2.7518959045410156,-0.915485143661499,-0.5714208483695984,2.729391098022461,-0.7919142246246338,-0.607387900352478,2.7202107906341553,-0.9452018737792969,-0.567967414855957,2.791595697402954,-0.876111626625061,-0.5976033210754395,2.8964571952819824,-0.6196045279502869,1.1654696464538574,2.961822748184204,-0.7482941746711731,1.1810988187789917,3.044827938079834
-0.7465894818305969,0.2170886993408203,2.8181259632110596,-0.7542531490325928,0.02521216869354248,2.82011079788208,-0.7624189257621765,-0.16663791239261627,2.822587728500366,-0.7705850005149841,-0.35849374532699585,2.8250646591186523,-0.7364763021469116,-0.3615036606788635,2.7852938175201416,-0.6418437957763672,-0.3669547140598297,2.675058126449585,-0.5532611012458801,-0.13573086261749268,2.7874016761779785,-0.730111837387085,0.02718926966190338,2.6847589015960693,-0.7654820084571838,0.05977329611778259,2.6642303466796875,-0.8362222909927368,0.12494134902954102,2.623173236846924,-0.8383654952049255,0.0827411413192749,2.69307279586792,-0.8047824501991272,-0.3575690686702728,2.8648624420166016,-0.8994150161743164,-0.35211801528930664,2.975098133087158,-0.798552393913269,-0.10336706042289734,2.9317145347595215,-0.8336697220802307,0.11751976609230042,2.7963244915008545,-0.8406931757926941,0.1616971343755722,2.7692465782165527,-0.8547400832176208,0.2500518560409546,2.71509051322937,-0.8118088841438293,0.18325397372245789,2.6959495544433594,-0.6742602586746216,0.21342554688453674,2.743274211883545,-0.6962221264839172,0.6757241487503052,2.8012659549713135,-0.6599841117858887,1.0753710269927979,2.9055380821228027,-0.739713728427887,1.204723596572876,2.8496241569519043,-0.8189187049865723,0.22075185179710388,2.892977714538574,-0.8390653133392334,0.6863473653793335,2.912480354309082,-0.789767324924469,1.0895142555236816,2.995725393295288,-0.8645609617233276,1.2183507680892944,2.9323034286499023,-0.9154067039489746,-0.4660026431083679,2.764002561569214,-0.9429954290390015,-0.5154688954353333,2.7539851665496826,-0.9167984127998352,-0.5722828507423401,2.7312002182006836,-0.7933403253555298,-0.6082165837287903,2.720550775527954,-0.9457611441612244,-0.5687976479530334,2.793755054473877,-0.8754013180732727,-0.5983418226242065,2.897789716720581,-0.6213282346725464,1.1654691696166992,2.9589333534240723,-0.7484034895896912,1.1809576749801636,3.044614553451538
-0.7447093725204468,0.21673691272735596,2.8144283294677734,-0.7526893615722656,0.024917617440223694,2.8160979747772217,-0.7612025737762451,-0.16687344014644623,2.8182950019836426,-0.7697160243988037,-0.35867026448249817,2.8204920291900635,-0.7358903288841248,-0.36167430877685547,2.780496835708618,-0.6419981718063354,-0.36711230874061584,2.669597864151001,-0.5550054311752319,-0.1352553367614746,2.782224416732788,-0.7331530451774597,0.0275907963514328,2.68137264251709,-0.7687825560569763,0.06016002222895622,2.6612021923065186,-0.8400415778160095,0.12529847025871277,2.620861530303955,-0.8416604399681091,0.0826496109366417,2.6905529499053955,-0.8036342263221741,-0.3577507734298706,2.860511064529419,-0.8975263833999634,-0.35231277346611023,2.971410036087036,-0.7941725850105286,-0.10573257505893707,2.921147584915161,-0.8282837271690369,0.11254605650901794,2.78108549118042,-0.8351059556007385,0.1562017798423767,2.75307297706604,-0.8487504124641418,0.24351322650909424,2.6970481872558594,-0.8068292140960693,0.17574289441108704,2.67893123626709,-0.672924280166626,0.2130945771932602,2.7390666007995605,-0.6961885094642639,0.6751858592033386,2.79827618598938,-0.6631175875663757,1.0755091905593872,2.9010331630706787,-0.7443876266479492,1.2039223909378052,2.845160722732544,-0.8164944648742676,0.22037924826145172,2.8897900581359863,-0.8364724516868591,0.6858605742454529,2.9122259616851807,-0.7884006500244141,1.0891220569610596,2.995776891708374,-0.86419278383255,1.217726230621338,2.933063268661499,-0.9149832129478455,-0.466013103723526,2.7602391242980957,-0.9426396489143372,-0.515450656414032,2.7502877712249756,-0.9166138768196106,-0.5721870064735413,2.7271289825439453,-0.7932447195053101,-0.6080637574195862,2.715409278869629,-0.9450867772102356,-0.5688966512680054,2.7899138927459717,-0.8739179372787476,-0.5987411141395569,2.8933002948760986,-0.6250039339065552,1.166145920753479,2.9539096355438232,-0.7471126914024353,1.180674433708191,3.04453182220459
-0.7437913417816162,0.2161717712879181,2.8168444633483887,-0.7521471977233887,0.02442432940006256,2.81805682182312,-0.7610292434692383,-0.16729553043842316,2.8197834491729736,-0.7699115872383118,-0.3590211272239685,2.821510076522827,-0.7363327741622925,-0.36198288202285767,2.781325340270996,-0.6430692672729492,-0.36730751395225525,2.6698484420776367,-0.5577660202980042,-0.13514092564582825,2.783451557159424,-0.7364810705184937,0.0284852534532547,2.6845483779907227,-0.7722240686416626,0.06121049076318741,2.6647677421569824,-0.8437100648880005,0.12666097283363342,2.625206470489502,-0.8450922966003418,0.08333368599414825,2.694530963897705,-0.8035869598388672,-0.3581431806087494,2.861713409423828,-0.8968504667282104,-0.3528185486793518,2.9731903076171875,-0.7913087010383606,-0.10836562514305115,2.916733741760254,-0.8245344758033752,0.10744579136371613,2.772456407546997,-0.8311796188354492,0.15060807764530182,2.743600845336914,-0.8444699645042419,0.236932635307312,2.685889959335327,-0.8034582734107971,0.16830912232398987,2.668745994567871,-0.6724886298179626,0.21258531510829926,2.7410452365875244,-0.6970833539962769,0.6745865345001221,2.800987720489502,-0.6675733327865601,1.0757975578308105,2.9016051292419434,-0.7504322528839111,1.203117847442627,2.8454928398132324,-0.8150940537452698,0.21975822746753693,2.892643690109253,-0.8346008062362671,0.685215175151825,2.917391538619995,-0.7879112958908081,1.0888012647628784,3.0004780292510986,-0.8646702170372009,1.2170403003692627,2.9381284713745117,-0.9153733253479004,-0.4661957323551178,2.761474609375,-0.9430416822433472,-0.515605092048645,2.7514429092407227,-0.9170882105827332,-0.5722224712371826,2.7279293537139893,-0.7937610745429993,-0.6079670190811157,2.7154977321624756,-0.9452741742134094,-0.5692142248153687,2.7908518314361572,-0.8736213445663452,-0.599443793296814,2.8937783241271973,-0.6301169991493225,1.1670944690704346,2.953848361968994,-0.7467617988586426,1.1805835962295532,3.0489566326141357
-0.7436223030090332,0.2152862846851349,2.818540334701538,-0.7523888945579529,0.023609459400177002,2.8197128772735596,-0.7616715431213379,-0.16803935170173645,2.8213860988616943,-0.7709544897079468,-0.3596939444541931,2.823059558868408,-0.7375950813293457,-0.3627060055732727,2.78271484375,-0.6448848247528076,-0.3681742250919342,2.6707353591918945,-0.5601323843002319,-0.1356804519891739,2.7844178676605225,-0.7383397817611694,0.029437676072120667,2.6867282390594482,-0.7739812731742859,0.06246130168437958,2.6671903133392334,-0.8452642560005188,0.1285085529088974,2.6281144618988037,-0.8467274308204651,0.08476976305246353,2.69722843170166,-0.8044148087501526,-0.3587648272514343,2.863422393798828,-0.8971250653266907,-0.3532966077327728,2.9754018783569336,-0.7897805571556091,-0.11095823347568512,2.9128775596618652,-0.8223368525505066,0.10222291946411133,2.764354705810547,-0.828848123550415,0.14485915005207062,2.734650135040283,-0.8418706655502319,0.2301316112279892,2.675240993499756,-0.8016375303268433,0.1607445627450943,2.6591570377349854,-0.6727425456047058,0.2115786373615265,2.7423794269561768,-0.6980203986167908,0.6737348437309265,2.801682233810425,-0.6714653372764587,1.07602858543396,2.899146795272827,-0.7556365132331848,1.202248454093933,2.8423967361450195,-0.8145020604133606,0.2189939320087433,2.8947012424468994,-0.8335485458374023,0.684574544429779,2.9195218086242676,-0.7880542874336243,1.0888288021087646,3.0004756450653076,-0.865696132183075,1.2164876461029053,2.9379312992095947,-0.9167280793190002,-0.4668216109275818,2.763763427734375,-0.9444411993026733,-0.5162206292152405,2.7538387775421143,-0.9186166524887085,-0.5727992653846741,2.7301104068756104,-0.7953695058822632,-0.6084979176521301,2.716914415359497,-0.946429967880249,-0.5698699355125427,2.793194532394409,-0.8741738796234131,-0.6001981496810913,2.8956527709960938,-0.6345565915107727,1.1680532693862915,2.950551748275757,-0.7470089197158813,1.1810272932052612,3.0483083724975586
-0.7410823106765747,0.21417424082756042,2.816221237182617,-0.7505156397819519,0.02269953489303589,2.816960096359253,-0.7604297399520874,-0.16874848306179047,2.8181705474853516,-0.7703441381454468,-0.36020225286483765,2.81938099861145,-0.73729407787323,-0.36321330070495605,2.7788431644439697,-0.6452990770339966,-0.3686895966529846,2.6661717891693115,-0.5619494318962097,-0.13615359365940094,2.7814390659332275,-0.7398586273193359,0.03168529272079468,2.6872098445892334,-0.7754404544830322,0.06525307148694992,2.6683640480041504,-0.8466041684150696,0.1323886215686798,2.6306722164154053,-0.8479973673820496,0.08748123049736023,2.6991307735443115,-0.8035020232200623,-0.3592720627784729,2.859931707382202,-0.8954969644546509,-0.35379576683044434,2.9726030826568604,-0.7863991856575012,-0.11404334008693695,2.902437686920166,-0.8186261057853699,0.09571090340614319,2.7486021518707275,-0.8250715136528015,0.13766175508499146,2.717834949493408,-0.83796226978302,0.221563458442688,2.6563007831573486,-0.7985698580741882,0.1513042151927948,2.6415674686431885,-0.6708263754844666,0.21041734516620636,2.7396090030670166,-0.6980777978897095,0.67242032289505,2.7999660968780518,-0.6785614490509033,1.0762457847595215,2.893017530441284,-0.7653533816337585,1.2002867460250854,2.835324764251709,-0.8113382458686829,0.2179311364889145,2.8928334712982178,-0.8277366757392883,0.6837970614433289,2.915907621383667,-0.7861499786376953,1.0901172161102295,2.988632917404175,-0.865669310092926,1.2156918048858643,2.9241724014282227,-0.9162510633468628,-0.4668450951576233,2.759676933288574,-0.9440170526504517,-0.5161522030830383,2.7495200634002686,-0.9182783365249634,-0.5726168155670166,2.725470781326294,-0.7951076030731201,-0.6083587408065796,2.711963653564453,-0.9460192322731018,-0.5699959397315979,2.788583517074585,-0.8737066984176636,-0.6009330153465271,2.8907830715179443,-0.6431253552436829,1.1695072650909424,2.943265676498413,-0.7457813024520874,1.183699131011963,3.0343616008758545
-0.7391061186790466,0.2137630581855774,2.8128106594085693,-0.7490105628967285,0.02240253984928131,2.8131394386291504,-0.759379506111145,-0.1689319908618927,2.8139359951019287,-0.7697487473487854,-0.36027222871780396,2.814732551574707,-0.7367585301399231,-0.3632718324661255,2.7741775512695312,-0.6448516845703125,-0.368722140789032,2.661376476287842,-0.562396228313446,-0.1365344375371933,2.7782769203186035,-0.7382874488830566,0.034604743123054504,2.6858744621276855,-0.7734656929969788,0.06883257627487183,2.667393922805786,-0.843822181224823,0.13728824257850647,2.6304328441619873,-0.8458970785140991,0.09143130481243134,2.6982874870300293,-0.8028516173362732,-0.3593522906303406,2.8552963733673096,-0.8947584629058838,-0.3539019823074341,2.968097448348999,-0.7869631052017212,-0.11411304771900177,2.8955910205841064,-0.8205681443214417,0.09422099590301514,2.7399239540100098,-0.8272891640663147,0.13588780164718628,2.7087905406951904,-0.8407312035560608,0.21922141313552856,2.6465237140655518,-0.8009941577911377,0.14900317788124084,2.6323184967041016,-0.669044554233551,0.2100050300359726,2.736086130142212,-0.6959852576255798,0.6720002293586731,2.7970128059387207,-0.6788106560707092,1.076424241065979,2.888097047805786,-0.7664064168930054,1.1996731758117676,2.8298771381378174,-0.8091676831245422,0.2175210863351822,2.8895351886749268,-0.8224489092826843,0.6835963726043701,2.911325454711914,-0.7818048596382141,1.090885877609253,2.979247570037842,-0.8618354201316833,1.2155003547668457,2.913526773452759,-0.9156413674354553,-0.4662046432495117,2.75382924079895,-0.9434919953346252,-0.5153775215148926,2.743307590484619,-0.917799174785614,-0.5717931985855103,2.7191214561462402,-0.794683039188385,-0.6078149080276489,2.7060461044311523,-0.9458351731300354,-0.5693901777267456,2.7821013927459717,-0.8741183280944824,-0.6010063290596008,2.884489059448242,-0.6438872218132019,1.1701492071151733,2.9378650188446045,-0.7415800094604492,1.1851108074188232,3.0237951278686523
-0.7384160161018372,0.21314212679862976,2.809220314025879,-0.7485650181770325,0.02188245952129364,2.8090152740478516,-0.7592086791992188,-0.16935017704963684,2.8093385696411133,-0.7698526382446289,-0.36058852076530457,2.809661865234375,-0.736930251121521,-0.36353200674057007,2.769078493118286,-0.6451367735862732,-0.368831992149353,2.656118869781494,-0.5658410787582397,-0.13611949980258942,2.7744216918945312,-0.7407475709915161,0.03734405338764191,2.6841959953308105,-0.7757288813591003,0.07203676551580429,2.6661508083343506,-0.845691442489624,0.14142218232154846,2.6300604343414307,-0.8481581807136536,0.09451909363269806,2.697225332260132,-0.8028907179832458,-0.3597235679626465,2.8502485752105713,-0.8946841955184937,-0.3544235825538635,2.9632081985473633,-0.7895395159721375,-0.11380648612976074,2.8891375064849854,-0.8256329298019409,0.09334897994995117,2.7322731018066406,-0.8328515887260437,0.13478007912635803,2.7009003162384033,-0.847288966178894,0.21764227747917175,2.6381545066833496,-0.8068032264709473,0.1477457880973816,2.624281406402588,-0.668570876121521,0.20951825380325317,2.732361078262329,-0.6941080689430237,0.6715538501739502,2.794001340866089,-0.6775134205818176,1.0763083696365356,2.883939504623413,-0.7654372453689575,1.1992506980895996,2.8255131244659424,-0.8082611560821533,0.21676599979400635,2.8860795497894287,-0.8204092979431152,0.6828146576881409,2.910155773162842,-0.7802068591117859,1.090113878250122,2.9785778522491455,-0.8605290055274963,1.2147226333618164,2.9131557941436768,-0.9156991839408875,-0.46590572595596313,2.7477405071258545,-0.9436137676239014,-0.5149579048156738,2.7369089126586914,-0.9179584980010986,-0.5713235139846802,2.7126128673553467,-0.7949046492576599,-0.6075752973556519,2.6999149322509766,-0.9462465643882751,-0.5691047310829163,2.7754673957824707,-0.8750542402267456,-0.6012888550758362,2.878002882003784,-0.642673909664154,1.1702457666397095,2.933394432067871,-0.7400320172309875,1.1843440532684326,3.0231926441192627
-0.7387832403182983,0.21323612332344055,2.8054237365722656,-0.7491413950920105,0.022062063217163086,2.804687976837158,-0.760028064250946,-0.16908401250839233,2.804553270339966,-0.7709150910377502,-0.3602358400821686,2.8044185638427734,-0.7380850315093994,-0.3631191849708557,2.763782024383545,-0.6464730501174927,-0.36825716495513916,2.65059232711792,-0.5722365379333496,-0.13423815369606018,2.7699546813964844,-0.7470139861106873,0.04113917052745819,2.6827962398529053,-0.7819694876670837,0.07621464133262634,2.6653645038604736,-0.8518804907798767,0.14636558294296265,2.6305010318756104,-0.8544175028800964,0.09823492169380188,2.6968467235565186,-0.8038634657859802,-0.3594300448894501,2.8450536727905273,-0.895475447177887,-0.35429203510284424,2.9582433700561523,-0.7952613830566406,-0.11168208718299866,2.8832709789276123,-0.8357686996459961,0.09434723854064941,2.725752592086792,-0.8438701629638672,0.13555310666561127,2.694248914718628,-0.8600730895996094,0.21796484291553497,2.6312415599823,-0.8181759119033813,0.14882102608680725,2.6175122261047363,-0.6691945791244507,0.2097621113061905,2.7283935546875,-0.6924521327018738,0.6718230843544006,2.791059970855713,-0.6753231287002563,1.0767232179641724,2.880415439605713,-0.7632811665534973,1.1996698379516602,2.8220086097717285,-0.808371901512146,0.2167101353406906,2.8824539184570312,-0.8194478154182434,0.6825950145721436,2.9106853008270264,-0.7783735990524292,1.08926260471344,2.9824931621551514,-0.8586037158966064,1.2145780324935913,2.9182822704315186,-0.9165098667144775,-0.4652293622493744,2.741642475128174,-0.9443871974945068,-0.5142092704772949,2.7305383682250977,-0.9186775088310242,-0.5704631805419922,2.7061290740966797,-0.7956504821777344,-0.6066832542419434,2.6937148571014404,-0.9471624493598938,-0.5684735774993896,2.7688658237457275,-0.8763578534126282,-0.601046085357666,2.8714687824249268,-0.6402941346168518,1.1707077026367188,2.9296696186065674,-0.7379388213157654,1.1830466985702515,3.0278327465057373
-0.74117511510849,0.21334338188171387,2.8037402629852295,-0.7516934871673584,0.022231578826904297,2.8025264739990234,-0.7626926898956299,-0.1688559204339981,2.8018743991851807,-0.7736921906471252,-0.35994911193847656,2.801222324371338,-0.7410719990730286,-0.3627294898033142,2.760427713394165,-0.6499820947647095,-0.3675847351551056,2.6467299461364746,-0.5827084183692932,-0.13152720034122467,2.7662296295166016,-0.7590442299842834,0.04408995807170868,2.6827392578125,-0.7943114042282104,0.07921339571475983,2.666041135787964,-0.8648457527160645,0.14946025609970093,2.6326448917388916,-0.8667747378349304,0.10021017491817474,2.698188543319702,-0.8064320087432861,-0.3592457175254822,2.8420097827911377,-0.8975219130516052,-0.3543904721736908,2.955707550048828,-0.8046572208404541,-0.10828781127929688,2.882641077041626,-0.8551965355873108,0.09804233908653259,2.72843337059021,-0.8653044104576111,0.139308363199234,2.697591781616211,-0.8855201005935669,0.22184042632579803,2.635908603668213,-0.8418723344802856,0.15416309237480164,2.62041974067688,-0.6719790697097778,0.2100261151790619,2.7264130115509033,-0.6918003559112549,0.6721664667129517,2.7897374629974365,-0.6729514598846436,1.0771900415420532,2.8782196044921875,-0.7607526779174805,1.2003148794174194,2.81994366645813,-0.8103711605072021,0.21666064858436584,2.8810675144195557,-0.8208070993423462,0.6824036240577698,2.9119091033935547,-0.7782006859779358,1.088426113128662,2.986467123031616,-0.8583449721336365,1.2144408226013184,2.923522472381592,-0.9188758730888367,-0.4650844633579254,2.7381110191345215,-0.9466071724891663,-0.5140743255615234,2.726881265640259,-0.9207555055618286,-0.5701786279678345,2.7023966312408447,-0.7977109551429749,-0.6060577034950256,2.69004487991333,-0.9492928385734558,-0.5683902502059937,2.7650656700134277,-0.8785666227340698,-0.6009906530380249,2.867607831954956,-0.6374014019966125,1.1711562871932983,2.9271390438079834,-0.7372837662696838,1.1817620992660522,3.032301425933838
-0.7436875700950623,0.21376949548721313,2.802450180053711,-0.7542896866798401,0.02270561456680298,2.800661325454712,-0.7653464674949646,-0.16833677887916565,2.7994093894958496,-0.776403546333313,-0.3593848943710327,2.7981574535369873,-0.7440091371536255,-0.36203300952911377,2.757188081741333,-0.6534964442253113,-0.3665229082107544,2.6429474353790283,-0.5959686636924744,-0.12755434215068817,2.761791944503784,-0.7754436731338501,0.04679214954376221,2.6823692321777344,-0.8113386631011963,0.08166144788265228,2.6664845943450928,-0.8831286430358887,0.15140005946159363,2.6347155570983887,-0.883884847164154,0.10105716437101364,2.6994552612304688,-0.8089181184768677,-0.35881322622299194,2.839113235473633,-0.8994308114051819,-0.3543233275413513,2.9533538818359375,-0.8143407106399536,-0.10457019507884979,2.883193254470825,-0.8744382262229919,0.10160546004772186,2.732210397720337,-0.8864577412605286,0.14284059405326843,2.7020137310028076,-0.9104967713356018,0.22531086206436157,2.641620635986328,-0.864802360534668,0.15935370326042175,2.6246538162231445,-0.674889862537384,0.21067875623703003,2.72481369972229,-0.690970778465271,0.6728458404541016,2.789106607437134,-0.6702357530593872,1.0779376029968262,2.8769145011901855,-0.7578374743461609,1.2013063430786133,2.818840265274048,-0.8124852776527405,0.21686023473739624,2.880086660385132,-0.823307991027832,0.6823972463607788,2.9139790534973145,-0.7791427969932556,1.0875215530395508,2.992485284805298,-0.859197199344635,1.2144135236740112,2.931197166442871,-0.9212419986724854,-0.4645734131336212,2.734856128692627,-0.9488480687141418,-0.513549268245697,2.7235207557678223,-0.9229052066802979,-0.5694918632507324,2.698925256729126,-0.7998982071876526,-0.6050571203231812,2.6864984035491943,-0.9514193534851074,-0.5679119229316711,2.761542558670044,-0.8806883692741394,-0.6005805730819702,2.8639140129089355,-0.6341235041618347,1.1718451976776123,2.925541877746582,-0.7377362847328186,1.1802656650543213,3.039083480834961
-0.7465388774871826,0.21451905369758606,2.802499294281006,-0.7572234272956848,0.02349381148815155,2.800215482711792,-0.7682924270629883,-0.16751433908939362,2.7983760833740234,-0.7793617844581604,-0.358528196811676,2.796536684036255,-0.7472746968269348,-0.3610324263572693,2.7553272247314453,-0.6575915217399597,-0.36512279510498047,2.640390396118164,-0.6134661436080933,-0.12229064106941223,2.7571659088134766,-0.7974864840507507,0.04934805631637573,2.6823108196258545,-0.8342905640602112,0.0836758017539978,2.66733980178833,-0.9078987240791321,0.15233129262924194,2.6373977661132812,-0.9069046974182129,0.10096436738967896,2.7013328075408936,-0.8115691542625427,-0.3581000566482544,2.83772611618042,-0.9012523293495178,-0.3540096879005432,2.952662944793701,-0.825163722038269,-0.10053074359893799,2.8855068683624268,-0.896193265914917,0.10463005304336548,2.7378909587860107,-0.9103991985321045,0.14566221833229065,2.7083678245544434,-0.9388110041618347,0.2277265340089798,2.6493215560913086,-0.8908295631408691,0.16383135318756104,2.63081693649292,-0.6783285140991211,0.2116377353668213,2.7243869304656982,-0.690443217754364,0.6738547086715698,2.789421796798706,-0.6677379608154297,1.0791058540344238,2.876136302947998,-0.7553215026855469,1.2026443481445312,2.8183648586273193,-0.8147492408752441,0.21740037202835083,2.8806116580963135,-0.8261535167694092,0.6829060316085815,2.915184497833252,-0.7801070213317871,1.0874650478363037,2.995652437210083,-0.8602529168128967,1.2149593830108643,2.9357192516326904,-0.9239985346794128,-0.4638424515724182,2.7334773540496826,-0.9514959454536438,-0.5128185153007507,2.722130298614502,-0.9255110025405884,-0.5686025023460388,2.6973745822906494,-0.8025615215301514,-0.6038214564323425,2.6845529079437256,-0.9538329243659973,-0.567214846611023,2.7600181102752686,-0.8828070759773254,-0.599889874458313,2.8620426654815674,-0.6309750080108643,1.1730101108551025,2.9242982864379883,-0.7380428910255432,1.179819941520691,3.042452812194824
-0.7507739663124084,0.2150929570198059,2.810051679611206,-0.7615268230438232,0.024088844656944275,2.807042360305786,-0.7725639939308167,-0.1669035702943802,2.8043339252471924,-0.7836015224456787,-0.3579017221927643,2.8016254901885986,-0.7519064545631409,-0.3601861596107483,2.760103702545166,-0.6633044481277466,-0.36366409063339233,2.644291400909424,-0.6343387961387634,-0.11712166666984558,2.7580409049987793,-0.8231981992721558,0.0514402836561203,2.688363552093506,-0.8609700798988342,0.08515267074108124,2.6744279861450195,-0.9365138411521912,0.1525774598121643,2.646557092666626,-0.933485746383667,0.10026189684867859,2.709660530090332,-0.8154165148735046,-0.3576931655406952,2.8431179523468018,-0.9040185213088989,-0.35421523451805115,2.958930253982544,-0.8391610980033875,-0.09596619009971619,2.8984150886535645,-0.9239121079444885,0.10981857776641846,2.75911021232605,-0.9408622980117798,0.1509755253791809,2.7312493324279785,-0.9747626781463623,0.233289435505867,2.675527334213257,-0.9246300458908081,0.1721520572900772,2.6536848545074463,-0.6833271980285645,0.21253661811351776,2.731307029724121,-0.6917049884796143,0.6748748421669006,2.7962331771850586,-0.6673194169998169,1.0804754495620728,2.8809313774108887,-0.7551790475845337,1.2039538621902466,2.8234291076660156,-0.8182207345962524,0.21764929592609406,2.888796329498291,-0.830344557762146,0.6832565665245056,2.922039747238159,-0.7822880744934082,1.0875848531723022,3.0025970935821533,-0.8627097010612488,1.2153997421264648,2.9437034130096436,-0.9280923008918762,-0.4633907377719879,2.738936424255371,-0.9554669857025146,-0.5123809576034546,2.727562427520752,-0.929439902305603,-0.5679587125778198,2.702517032623291,-0.8065292835235596,-0.6027166843414307,2.6890125274658203,-0.9574519395828247,-0.5668710470199585,2.765251398086548,-0.8858967423439026,-0.5996350049972534,2.8667595386505127,-0.6299043297767639,1.174516201019287,2.9283316135406494,-0.7394620180130005,1.1797560453414917,3.0490808486938477
-0.7537357211112976,0.21611493825912476,2.8140945434570312,-0.7642279863357544,0.02511751651763916,2.810300827026367,-0.7749603390693665,-0.16587114334106445,2.8067448139190674,-0.7856929898262024,-0.3568655252456665,2.8031888008117676,-0.7546489238739014,-0.35886916518211365,2.7611660957336426,-0.6678534150123596,-0.36156412959098816,2.6439497470855713,-0.6585339903831482,-0.11058256030082703,2.7514891624450684,-0.8534520268440247,0.05311192572116852,2.6865041255950928,-0.892435610294342,0.08585081994533539,2.6735072135925293,-0.9704028367996216,0.15132862329483032,2.6475131511688232,-0.9647743701934814,0.09856920689344406,2.710125684738159,-0.8168537020683289,-0.3569377362728119,2.845172882080078,-0.9036492109298706,-0.3542427718639374,2.9623892307281494,-0.8552489876747131,-0.09110277891159058,2.9070889949798584,-0.9592252373695374,0.10958872735500336,2.7732090950012207,-0.9800205230712891,0.14972703158855438,2.7464330196380615,-1.021610975265503,0.23000362515449524,2.6928811073303223,-0.9676657915115356,0.1730646789073944,2.668726682662964,-0.6875794529914856,0.21406595408916473,2.734281539916992,-0.6950647830963135,0.6763865351676941,2.79963755607605,-0.6710157990455627,1.0823254585266113,2.882918357849121,-0.7602852582931519,1.2053018808364868,2.8264951705932617,-0.8198919892311096,0.21816392242908478,2.8939075469970703,-0.8332362771034241,0.6838487982749939,2.9259588718414307,-0.7834696769714355,1.0880722999572754,3.0061283111572266,-0.8647478818893433,1.216029167175293,2.9487111568450928,-0.9305582046508789,-0.4628927707672119,2.7425754070281982,-0.957866907119751,-0.5119714736938477,2.731565475463867,-0.9319788217544556,-0.5673828125,2.7060933113098145,-0.8091859817504883,-0.6015611290931702,2.6907379627227783,-0.9590480327606201,-0.5664793252944946,2.7692079544067383,-0.8858820796012878,-0.5990012288093567,2.8695626258850098,-0.6332429647445679,1.1766462326049805,2.9294862747192383,-0.7397880554199219,1.1801612377166748,3.051990509033203
-0.7536216378211975,0.2166757881641388,2.8146705627441406,-0.7638178467750549,0.025717705488204956,2.8095970153808594,-0.7742941379547119,-0.16523128747940063,2.8047571182250977,-0.7847707271575928,-0.35618600249290466,2.799917221069336,-0.7547792792320251,-0.35778844356536865,2.7571284770965576,-0.6708917021751404,-0.3593650162220001,2.6377463340759277,-0.6854498386383057,-0.10448867082595825,2.736891031265259,-0.8881410956382751,0.05318188667297363,2.678570508956909,-0.928679347038269,0.08471599966287613,2.6669063568115234,-1.0097558498382568,0.14778423309326172,2.643578052520752,-1.0004607439041138,0.09479270875453949,2.7058162689208984,-0.8148760199546814,-0.3566589951515198,2.842653274536133,-0.8987635970115662,-0.3550824224948883,2.9620354175567627,-0.8647142648696899,-0.08876219391822815,2.9080190658569336,-0.985373854637146,0.10594333708286285,2.778111219406128,-1.0095057487487793,0.14488443732261658,2.752129554748535,-1.057769536972046,0.22276665270328522,2.7001664638519287,-1.0012075901031494,0.16909071803092957,2.6739423274993896,-0.6895866990089417,0.21542246639728546,2.7331533432006836,-0.6992416977882385,0.6775426268577576,2.7997868061065674,-0.6774263381958008,1.0837204456329346,2.8826143741607666,-0.7694498300552368,1.2057429552078247,2.828572988510132,-0.8176565766334534,0.21792910993099213,2.8961877822875977,-0.8353038430213928,0.6834667325019836,2.9286160469055176,-0.7868887186050415,1.087964415550232,3.0083298683166504,-0.8707266449928284,1.2153388261795044,2.9533274173736572,-0.931182861328125,-0.46191972494125366,2.7427189350128174,-0.9587612748146057,-0.510939359664917,2.7321863174438477,-0.933569073677063,-0.5661802887916565,2.705699920654297,-0.8112568259239197,-0.6002005338668823,2.686779737472534,-0.958886444568634,-0.5656511187553406,2.7695271968841553,-0.8829894065856934,-0.5987011790275574,2.867623805999756,-0.6394800543785095,1.1784389019012451,2.9282374382019043,-0.7428044080734253,1.1803388595581055,3.0532352924346924
-0.7497032284736633,0.21237090229988098,2.8250341415405273,-0.7597981691360474,0.021524935960769653,2.8170454502105713,-0.7701185345649719,-0.16931025683879852,2.809087038040161,-0.7804391980171204,-0.36015117168426514,2.801128387451172,-0.7543913125991821,-0.360711932182312,2.7558116912841797,-0.6805064678192139,-0.35936370491981506,2.627668857574463,-0.7439655065536499,-0.09898597002029419,2.70263409614563,-0.9597603678703308,0.05448903143405914,2.6641788482666016,-1.002919316291809,0.08518403023481369,2.6564877033233643,-1.0892372131347656,0.14657403528690338,2.6411056518554688,-1.0714476108551025,0.09392965584993362,2.7035582065582275,-0.8065991997718811,-0.3616645932197571,2.8463587760925293,-0.8804840445518494,-0.36301282048225403,2.974501609802246,-0.8653761744499207,-0.08983978629112244,2.923593282699585,-1.0128815174102783,0.10130059719085693,2.8082315921783447,-1.0423825979232788,0.13952867686748505,2.7851593494415283,-1.1013847589492798,0.21598482131958008,2.7390146255493164,-1.0434749126434326,0.16569051146507263,2.705770254135132,-0.693574070930481,0.21304820477962494,2.7379257678985596,-0.7057780027389526,0.6761878728866577,2.796698570251465,-0.6832649111747742,1.0841423273086548,2.8701388835906982,-0.7820819616317749,1.2036889791488647,2.8229830265045166,-0.8058323860168457,0.21169359982013702,2.912142515182495,-0.8357115983963013,0.6775131225585938,2.92700457572937,-0.791504442691803,1.0859562158584595,2.986562490463257,-0.8835903406143188,1.2089420557022095,2.9348464012145996,-0.93104088306427,-0.4641633927822113,2.751713752746582,-0.9594091176986694,-0.5128704309463501,2.741605520248413,-0.9363741278648376,-0.5671178698539734,2.711259603500366,-0.8158382177352905,-0.6002068519592285,2.6816561222076416,-0.9566625356674194,-0.568921685218811,2.7768898010253906,-0.873322069644928,-0.6053177118301392,2.8676083087921143,-0.6428215503692627,1.1802783012390137,2.9103376865386963,-0.7460734248161316,1.1811085939407349,3.023653745651245
-0.7422119975090027,0.20815667510032654,2.8305768966674805,-0.7525458335876465,0.01744537055492401,2.8201863765716553,-0.7630267143249512,-0.17324401438236237,2.8095438480377197,-0.7735078930854797,-0.363939106464386,2.798900842666626,-0.7513099908828735,-0.3635607659816742,2.7515790462493896,-0.687866747379303,-0.3595278859138489,2.6168406009674072,-0.7731323838233948,-0.10023999214172363,2.6825406551361084,-0.9914178252220154,0.056967586278915405,2.660003185272217,-1.0350749492645264,0.08840909600257874,2.6554956436157227,-1.1223890781402588,0.1512921154499054,2.6464807987213135,-1.1001558303833008,0.09830647706985474,2.7082090377807617,-0.7958196997642517,-0.36639007925987244,2.846107006072998,-0.8592629432678223,-0.37042295932769775,2.9808454513549805,-0.8515244722366333,-0.09398490190505981,2.932481527328491,-1.0117439031600952,0.0982804149389267,2.8313159942626953,-1.0437878370285034,0.13673347234725952,2.8110828399658203,-1.1078755855560303,0.21363960206508636,2.7706165313720703,-1.0517252683639526,0.16416892409324646,2.7317326068878174,-0.693885862827301,0.21052972972393036,2.7389583587646484,-0.710671603679657,0.6739889979362488,2.7939977645874023,-0.6889007687568665,1.0829330682754517,2.8619766235351562,-0.7934983372688293,1.2003854513168335,2.822674512863159,-0.7905381321907043,0.20578362047672272,2.9221954345703125,-0.8320624232292175,0.6709511876106262,2.921534776687622,-0.7943273186683655,1.0824356079101562,2.961371421813965,-0.8937873840332031,1.200943946838379,2.9129581451416016,-0.9274389743804932,-0.4662279486656189,2.755657434463501,-0.9565582871437073,-0.514598548412323,2.7456793785095215,-0.9356489777565002,-0.5678009986877441,2.7119576930999756,-0.8172267079353333,-0.5998752117156982,2.673391819000244,-0.9516614675521851,-0.5719377398490906,2.7787413597106934,-0.8625953197479248,-0.6115960478782654,2.86261248588562,-0.6467779874801636,1.180096983909607,2.8977370262145996,-0.7485955953598022,1.1800942420959473,2.990787982940674
-0.73333340883255,0.20365360379219055,2.837850570678711,-0.744500458240509,0.013129651546478271,2.825174570083618,-0.7557823061943054,-0.17735663056373596,2.812041997909546,-0.7670644521713257,-0.36784863471984863,2.7989091873168945,-0.7492077350616455,-0.3665643334388733,2.749800205230713,-0.6977418661117554,-0.3599019944667816,2.60895037651062,-0.7974480390548706,-0.10208144783973694,2.6707592010498047,-1.0152114629745483,0.06139858067035675,2.664980173110962,-1.058764100074768,0.09409458935260773,2.6638243198394775,-1.145869493484497,0.1594865918159485,2.661512851715088,-1.1196178197860718,0.10584656149148941,2.7221226692199707,-0.7850438356399536,-0.37120336294174194,2.8478751182556152,-0.8365097045898438,-0.3778657019138336,2.988724946975708,-0.8344807624816895,-0.09820359945297241,2.9438018798828125,-1.0054515600204468,0.09627139568328857,2.8593714237213135,-1.0396456718444824,0.13516639173030853,2.8424854278564453,-1.1080340147018433,0.21295639872550964,2.80871319770813,-1.0547958612442017,0.16400933265686035,2.7638816833496094,-0.6938541531562805,0.20770607888698578,2.742161750793457,-0.7155808210372925,0.6711670160293579,2.795544385910034,-0.6959380507469177,1.080986738204956,2.858804941177368,-0.8061270117759705,1.1960389614105225,2.8287508487701416,-0.7728126645088196,0.19960112869739532,2.933539390563965,-0.825057864189148,0.6635944843292236,2.9236226081848145,-0.7952916622161865,1.076965093612671,2.9476778507232666,-0.9018785953521729,1.1913613080978394,2.904845714569092,-0.9242768287658691,-0.46846938133239746,2.7621450424194336,-0.9542589783668518,-0.5165088176727295,2.7523746490478516,-0.9357738494873047,-0.5686501264572144,2.71543550491333,-0.8199864029884338,-0.5996534824371338,2.668030023574829,-0.9474534392356873,-0.5751200914382935,2.783088207244873,-0.8530786037445068,-0.6179850101470947,2.8597121238708496,-0.6526607871055603,1.1792426109313965,2.8899097442626953,-0.7498406171798706,1.1766232252120972,2.969973564147949
-0.7251432538032532,0.1985802948474884,2.8522536754608154,-0.7374933958053589,0.008273765444755554,2.837451696395874,-0.7499772310256958,-0.181972473859787,2.8220009803771973,-0.7624614238739014,-0.3722244203090668,2.8065497875213623,-0.7495458722114563,-0.37000733613967896,2.755946159362793,-0.7119436860084534,-0.3605920076370239,2.609632730484009,-0.8217790722846985,-0.10367903113365173,2.6704750061035156,-1.0375843048095703,0.06636933982372284,2.681082248687744,-1.0807453393936157,0.10037901252508163,2.68320369720459,-1.1670674085617065,0.16839835047721863,2.6874465942382812,-1.1366679668426514,0.11435289680957794,2.7468907833099365,-0.7755126953125,-0.37650924921035767,2.856985330581665,-0.8131148815155029,-0.3859245777130127,3.003298759460449,-0.8159000873565674,-0.10290682315826416,2.9625184535980225,-0.9960606098175049,0.09439793229103088,2.897603988647461,-1.0320926904678345,0.13385888934135437,2.8846211433410645,-1.1041568517684937,0.21278080344200134,2.8586554527282715,-1.0550165176391602,0.16422247886657715,2.8076069355010986,-0.6957519054412842,0.20438452064990997,2.7531065940856934,-0.7223483920097351,0.6675947904586792,2.80747389793396,-0.7040574550628662,1.0779927968978882,2.868014335632324,-0.8189070224761963,1.1909174919128418,2.8492369651794434,-0.7545346021652222,0.19277606904506683,2.9514007568359375,-0.8166433572769165,0.6555848717689514,2.938077926635742,-0.7973719835281372,1.0702098608016968,2.949953556060791,-0.9111343026161194,1.1804544925689697,2.915323257446289,-0.9228554964065552,-0.47143974900245667,2.776761531829834,-0.9537771344184875,-0.5192070007324219,2.7673521041870117,-0.9379715323448181,-0.5703170299530029,2.7274107933044434,-0.8252988457679749,-0.6001635789871216,2.6712756156921387,-0.9452440142631531,-0.5790573954582214,2.795680284500122,-0.8459041118621826,-0.6249279379844666,2.864706039428711,-0.659677267074585,1.1771506071090698,2.894453763961792,-0.7530274391174316,1.1716699600219727,2.9654555320739746
-0.7153370380401611,0.19523152709007263,2.8531808853149414,-0.7291162014007568,0.005158424377441406,2.8367817401885986,-0.743100106716156,-0.18483999371528625,2.819704532623291,-0.7570844292640686,-0.37484413385391235,2.802626848220825,-0.7493427991867065,-0.37182196974754333,2.7510201930999756,-0.7265885472297668,-0.3600202798843384,2.6010825634002686,-0.8425429463386536,-0.10384181141853333,2.6652965545654297,-1.0539236068725586,0.07331331074237823,2.694518804550171,-1.0961997509002686,0.10874433815479279,2.7003631591796875,-1.1807520389556885,0.1796063780784607,2.7120521068573,-1.145803451538086,0.12498816847801208,2.769522190093994,-0.7649781107902527,-0.37993136048316956,2.854048013687134,-0.7877323627471924,-0.3917330503463745,3.003985643386841,-0.7912174463272095,-0.10772570967674255,2.953747034072876,-0.9758649468421936,0.09200125932693481,2.8995800018310547,-1.0127944946289062,0.1319466531276703,2.888746500015259,-1.086653470993042,0.21183744072914124,2.867079734802246,-1.0429807901382446,0.16043755412101746,2.8126912117004395,-0.696552038192749,0.20263318717479706,2.7516093254089355,-0.7287806272506714,0.6647650003433228,2.8128721714019775,-0.7115018963813782,1.074997067451477,2.8756461143493652,-0.8296910524368286,1.1859562397003174,2.8701579570770264,-0.7341220378875732,0.1878298670053482,2.9547524452209473,-0.8028290271759033,0.6498914361000061,2.943087577819824,-0.7935094833374023,1.0651309490203857,2.9474167823791504,-0.9131360650062561,1.1719428300857544,2.9230968952178955,-0.9206308126449585,-0.47246450185775757,2.781329393386841,-0.9526665210723877,-0.519916296005249,2.7727627754211426,-0.9400813579559326,-0.5701790452003479,2.7302651405334473,-0.8314541578292847,-0.5993078947067261,2.6653475761413574,-0.9426625967025757,-0.5808209180831909,2.798865556716919,-0.8387677073478699,-0.6294598579406738,2.859715700149536,-0.6663459539413452,1.1747546195983887,2.898400068283081,-0.7505274415016174,1.1679401397705078,2.9569664001464844
-0.7056030035018921,0.19665750861167908,2.8481056690216064,-0.7208284735679626,0.006886869668960571,2.829793691635132,-0.7363367080688477,-0.18278837203979492,2.8107454776763916,-0.7518454194068909,-0.37246930599212646,2.791696548461914,-0.749152660369873,-0.3685106635093689,2.739649534225464,-0.7410298585891724,-0.35391679406166077,2.5877161026000977,-0.8621096611022949,-0.09901213645935059,2.656172752380371,-1.0687320232391357,0.08322493731975555,2.701540470123291,-1.1100565195083618,0.11967235803604126,2.710613965988159,-1.192705512046814,0.19256719946861267,2.7287609577178955,-1.1532995700836182,0.13789765536785126,2.7841455936431885,-0.7547067403793335,-0.37848949432373047,2.843536853790283,-0.7628295421600342,-0.3930833637714386,2.9954702854156494,-0.76126629114151,-0.10909846425056458,2.934863805770874,-0.9441572427749634,0.09727458655834198,2.8910179138183594,-0.9807354211807251,0.13854919373989105,2.882248640060425,-1.0538917779922485,0.2210984230041504,2.8647103309631348,-1.0173838138580322,0.1658378541469574,2.80794358253479,-0.6972254514694214,0.20590442419052124,2.7453126907348633,-0.7342991828918457,0.666095495223999,2.8175160884857178,-0.7160719633102417,1.0754250288009644,2.8857171535491943,-0.8356418609619141,1.1847026348114014,2.8942575454711914,-0.7139805555343628,0.18741059303283691,2.9508986473083496,-0.7861273884773254,0.6490160226821899,2.942014217376709,-0.7853178381919861,1.0643866062164307,2.941056251525879,-0.9090189933776855,1.1684401035308838,2.9275522232055664,-0.9174069166183472,-0.46949252486228943,2.777974843978882,-0.9502212405204773,-0.51680988073349,2.7701432704925537,-0.9404473900794983,-0.5661548376083374,2.725480318069458,-0.8357583284378052,-0.5939207673072815,2.6529462337493896,-0.9388166069984436,-0.5786380171775818,2.794069290161133,-0.8311376571655273,-0.6292897462844849,2.8472819328308105,-0.6701396107673645,1.1754423379898071,2.905604124069214,-0.7438142895698547,1.168159008026123,2.9452383518218994
-0.6960318684577942,0.19887053966522217,2.8453099727630615,-0.7132542133331299,0.009406834840774536,2.8259971141815186,-0.7308452725410461,-0.17993007600307465,2.8057937622070312,-0.7484368681907654,-0.3692726492881775,2.7855899333953857,-0.7505348920822144,-0.3645782470703125,2.733586549758911,-0.756418764591217,-0.3477610945701599,2.581106185913086,-0.8801552057266235,-0.09293031692504883,2.6511125564575195,-1.081250786781311,0.09443071484565735,2.7075278759002686,-1.1214698553085327,0.13190291821956635,2.71881103515625,-1.2019081115722656,0.20684733986854553,2.741377115249634,-1.1587607860565186,0.15287932753562927,2.795316219329834,-0.7465299963951111,-0.3760249614715576,2.837373733520508,-0.7406461238861084,-0.3928421139717102,2.989854097366333,-0.7297343611717224,-0.11050927639007568,2.916919708251953,-0.9052512049674988,0.1055670976638794,2.8818325996398926,-0.940354585647583,0.1487823724746704,2.8748152256011963,-1.0105613470077515,0.23521292209625244,2.8607802391052246,-0.9827733635902405,0.17551973462104797,2.8029162883758545,-0.6976020932197571,0.20951057970523834,2.7423295974731445,-0.7364406585693359,0.6680558323860168,2.823720932006836,-0.7153414487838745,1.0767345428466797,2.8951141834259033,-0.834501326084137,1.18470299243927,2.9165432453155518,-0.6944616436958313,0.188230499625206,2.9482903480529785,-0.7688995599746704,0.6494993567466736,2.938976764678955,-0.7763920426368713,1.0647666454315186,2.9314043521881104,-0.9028544425964355,1.1663053035736084,2.927851915359497,-0.9148166179656982,-0.4672156572341919,2.7801952362060547,-0.9479984045028687,-0.5147352814674377,2.7735233306884766,-0.9407256841659546,-0.5634673833847046,2.7273366451263428,-0.8401065468788147,-0.5896192193031311,2.6478524208068848,-0.9348913431167603,-0.577146589756012,2.795747995376587,-0.8235758543014526,-0.6283770203590393,2.8416848182678223,-0.668588399887085,1.1769713163375854,2.911768913269043,-0.7367354035377502,1.1693428754806519,2.9300644397735596
-0.687735915184021,0.2013414204120636,2.8457512855529785,-0.7075149416923523,0.012288883328437805,2.825636386871338,-0.7277915477752686,-0.17658378183841705,2.8043606281280518,-0.7480687499046326,-0.36546212434768677,2.7830841541290283,-0.7545084357261658,-0.3600150942802429,2.7315337657928467,-0.773198127746582,-0.3409003019332886,2.5796568393707275,-0.8976258039474487,-0.08611342310905457,2.652819871902466,-1.0937727689743042,0.10449281334877014,2.7197351455688477,-1.1330021619796753,0.14261406660079956,2.7331182956695557,-1.2114609479904175,0.2188565731048584,2.7598843574523926,-1.1644973754882812,0.16572308540344238,2.811933994293213,-0.7418494820594788,-0.37296199798583984,2.8344035148620605,-0.7231597900390625,-0.3920767903327942,2.9862804412841797,-0.6937864422798157,-0.10922276973724365,2.916407346725464,-0.8521719574928284,0.1230408251285553,2.900606155395508,-0.8838490843772888,0.16949354112148285,2.8974459171295166,-0.9472032785415649,0.26239898800849915,2.891125440597534,-0.9301918148994446,0.20156559348106384,2.8299057483673096,-0.6984040141105652,0.21334072947502136,2.743464708328247,-0.7377423644065857,0.6708593368530273,2.830392360687256,-0.7132679224014282,1.0794365406036377,2.901456594467163,-0.8308358192443848,1.1864670515060425,2.933727264404297,-0.6770678162574768,0.18934211134910583,2.94803786277771,-0.753094494342804,0.6503027677536011,2.935293674468994,-0.7704672813415527,1.0650981664657593,2.9202141761779785,-0.8990206718444824,1.1639212369918823,2.9254252910614014,-0.9147821664810181,-0.46485304832458496,2.7843515872955322,-0.9481545090675354,-0.5127032399177551,2.77851939201355,-0.9428974986076355,-0.5608615875244141,2.7309882640838623,-0.8457463979721069,-0.5851843953132629,2.6457502841949463,-0.9335363507270813,-0.5756946802139282,2.799121618270874,-0.819223165512085,-0.6272115707397461,2.8387949466705322,-0.6659204959869385,1.1799521446228027,2.9143879413604736,-0.7334070801734924,1.1704223155975342,2.9134507179260254
-0.6742663979530334,0.20261380076408386,2.847038745880127,-0.6990591883659363,0.014385581016540527,2.8257226943969727,-0.7245774865150452,-0.17359775304794312,2.8031396865844727,-0.7500964999198914,-0.36158671975135803,2.7805559635162354,-0.7635528445243835,-0.35481005907058716,2.7305681705474854,-0.8031688928604126,-0.3316124379634857,2.5822343826293945,-0.9256668090820312,-0.07699480652809143,2.661025047302246,-1.1099871397018433,0.11997310817241669,2.743378162384033,-1.1468511819839478,0.1593666970729828,2.7598488330841064,-1.2205792665481567,0.238153874874115,2.792789936065674,-1.1682558059692383,0.18617942929267883,2.841010570526123,-0.7369175553321838,-0.3704066276550293,2.8302981853485107,-0.6973015069961548,-0.39360424876213074,2.9786319732666016,-0.6087607741355896,-0.11597183346748352,2.945096254348755,-0.7080448865890503,0.14520204067230225,2.983609676361084,-0.7279016971588135,0.19743680953979492,2.991312265396118,-0.7676153182983398,0.3019063472747803,3.0067176818847656,-0.772010087966919,0.24977189302444458,2.9358162879943848,-0.6996945738792419,0.21720685064792633,2.7477521896362305,-0.7375519275665283,0.6733791828155518,2.8417792320251465,-0.7090374827384949,1.082155704498291,2.9097933769226074,-0.8223300576210022,1.187442421913147,2.958695411682129,-0.648838222026825,0.1880207508802414,2.9463253021240234,-0.7327991724014282,0.6472142338752747,2.9248921871185303,-0.7667874693870544,1.060251235961914,2.896918773651123,-0.8968448638916016,1.155278205871582,2.9160726070404053,-0.9192206859588623,-0.45916664600372314,2.7912466526031494,-0.9539539813995361,-0.5067281723022461,2.78672194480896,-0.95269775390625,-0.5543271899223328,2.7376508712768555,-0.8612454533576965,-0.5785439014434814,2.6448869705200195,-0.9389123320579529,-0.5708199739456177,2.8051939010620117,-0.8221867084503174,-0.625273585319519,2.836259126663208,-0.6617684960365295,1.1833189725875854,2.9161641597747803,-0.7347644567489624,1.1662545204162598,2.8812098503112793
-0.6746616363525391,0.20205894112586975,2.866748094558716,-0.7020289897918701,0.014176279306411743,2.8455846309661865,-0.7301665544509888,-0.17344343662261963,2.823137044906616,-0.7583049535751343,-0.3610687851905823,2.8006887435913086,-0.7743452787399292,-0.3538394570350647,2.751535415649414,-0.8217713236808777,-0.3292151987552643,2.6051700115203857,-0.9371196031570435,-0.07121449708938599,2.684567928314209,-1.11539888381958,0.12921695411205292,2.772409200668335,-1.1510547399520874,0.16930323839187622,2.789977550506592,-1.222366452217102,0.24947582185268402,2.8251140117645264,-1.1678082942962646,0.1981235295534134,2.871615171432495,-0.7425704598426819,-0.3703373670578003,2.8495981693267822,-0.6951444149017334,-0.3949616253376007,2.9959635734558105,-0.5813257694244385,-0.12454608082771301,2.98625111579895,-0.6548529267311096,0.14009904861450195,3.0512824058532715,-0.6695583462715149,0.19302807748317719,3.06428861618042,-0.6989691853523254,0.29888612031936646,3.090301036834717,-0.7093970775604248,0.2542962431907654,3.014941930770874,-0.7056759595870972,0.21756401658058167,2.769205093383789,-0.7388241291046143,0.6744356155395508,2.861654043197632,-0.7072564363479614,1.0837640762329102,2.924889087677002,-0.8178517818450928,1.1892915964126587,2.979163408279419,-0.643647313117981,0.18655386567115784,2.9642910957336426,-0.7278033494949341,0.6452853679656982,2.9349586963653564,-0.7641714215278625,1.05743408203125,2.898136854171753,-0.8932240605354309,1.1528218984603882,2.9217946529388428,-0.9281713962554932,-0.45803940296173096,2.814791679382324,-0.96332186460495,-0.5055683255195618,2.8110127449035645,-0.963220477104187,-0.553415834903717,2.7618961334228516,-0.8733823895454407,-0.5783703327178955,2.667231321334839,-0.9482187628746033,-0.5698775053024292,2.829399347305298,-0.8308774828910828,-0.625011682510376,2.858490467071533,-0.6598687767982483,1.1850310564041138,2.9278759956359863,-0.7332765460014343,1.1630209684371948,2.877977132797241
-0.6753881573677063,0.20092526078224182,2.874802589416504,-0.7049425840377808,0.013302326202392578,2.8543338775634766,-0.7352619171142578,-0.1740732043981552,2.8327481746673584,-0.7655821442604065,-0.3614543378353119,2.811161756515503,-0.7834337949752808,-0.3540375828742981,2.762666702270508,-0.8363743424415588,-0.3287896513938904,2.6178622245788574,-0.9422428607940674,-0.0661102831363678,2.6955559253692627,-1.1135753393173218,0.1394391655921936,2.785738468170166,-1.1478418111801147,0.18054905533790588,2.8037750720977783,-1.2163747549057007,0.26276883482933044,2.839848041534424,-1.160996913909912,0.21136492490768433,2.8853824138641357,-0.7480599880218506,-0.370907723903656,2.859422206878662,-0.6951194405555725,-0.3961556553840637,3.0042266845703125,-0.5660452246665955,-0.13267043232917786,3.0168874263763428,-0.6244398355484009,0.12948521971702576,3.104081153869629,-0.6361187696456909,0.18191635608673096,3.1215198040008545,-0.6594765782356262,0.28677862882614136,3.1563973426818848,-0.6723096966743469,0.24930498003959656,3.0775716304779053,-0.7103745937347412,0.21692131459712982,2.778693675994873,-0.7379879951477051,0.6749019622802734,2.867445468902588,-0.7039708495140076,1.084807276725769,2.925515651702881,-0.8123286962509155,1.1908718347549438,2.983161211013794,-0.6404017210006714,0.18492920696735382,2.9709115028381348,-0.7248323559761047,0.6433344483375549,2.937417984008789,-0.763359010219574,1.05483877658844,2.8958053588867188,-0.89155113697052,1.1504253149032593,2.923084259033203,-0.9368575811386108,-0.4564691483974457,2.8276729583740234,-0.9726980924606323,-0.5037031173706055,2.824580430984497,-0.9736599922180176,-0.5520155429840088,2.7757060527801514,-0.8848595023155212,-0.5788083076477051,2.6801352500915527,-0.9581590890884399,-0.5682053565979004,2.843336343765259,-0.8409401774406433,-0.6246795058250427,2.8717539310455322,-0.6565124988555908,1.1860874891281128,2.925657272338867,-0.7334704995155334,1.1601446866989136,2.8728415966033936
-0.6750136613845825,0.19892233610153198,2.8756799697875977,-0.7064439654350281,0.011624425649642944,2.855125665664673,-0.7386082410812378,-0.1754540652036667,2.833726167678833,-0.7707734704017639,-0.3625381588935852,2.812325954437256,-0.7896885275840759,-0.3548504114151001,2.7642812728881836,-0.8459398746490479,-0.32872292399406433,2.620417833328247,-0.9415684342384338,-0.06142359972000122,2.6960251331329346,-1.106221318244934,0.14927224814891815,2.7871038913726807,-1.139151930809021,0.19141142070293427,2.8053195476531982,-1.2050131559371948,0.2756897509098053,2.8417510986328125,-1.1497776508331299,0.22363942861557007,2.8867862224578857,-0.7522080540657043,-0.372259259223938,2.860138177871704,-0.6959567070007324,-0.39838674664497375,3.0040016174316406,-0.5579489469528198,-0.1413835883140564,3.0388362407684326,-0.6095548868179321,0.11658293008804321,3.141737937927246,-0.6198760867118835,0.16817623376846313,3.162318229675293,-0.6405184268951416,0.271362841129303,3.2034788131713867,-0.6519967913627625,0.23974499106407166,3.121889114379883,-0.7124683260917664,0.21563851833343506,2.780629873275757,-0.735454797744751,0.6743651628494263,2.86684513092041,-0.7008246183395386,1.084586501121521,2.922302484512329,-0.80793297290802,1.190696358680725,2.982163429260254,-0.6375589966773987,0.1822061538696289,2.9707300662994385,-0.7237219214439392,0.6405776739120483,2.9413514137268066,-0.7670754790306091,1.0519740581512451,2.903538465499878,-0.8953925371170044,1.146181344985962,2.9347565174102783,-0.9440407156944275,-0.4546990990638733,2.828972339630127,-0.9807541370391846,-0.5014211535453796,2.8260371685028076,-0.9824414253234863,-0.5500631332397461,2.7773139476776123,-0.8937251567840576,-0.5789331793785095,2.681893825531006,-0.9673387408256531,-0.5661952495574951,2.8451995849609375,-0.8509340882301331,-0.6246407628059387,2.8742363452911377,-0.6535784006118774,1.1859569549560547,2.920834541320801,-0.7387543320655823,1.1577037572860718,2.880527973175049
-0.6750003099441528,0.19786208868026733,2.8739471435546875,-0.7075785398483276,0.010790422558784485,2.853285074234009,-0.7407948970794678,-0.1761002391576767,2.832009792327881,-0.7740122675895691,-0.36299651861190796,2.8107340335845947,-0.7937299013137817,-0.3551245331764221,2.7630484104156494,-0.8524935245513916,-0.3283923864364624,2.6199679374694824,-0.9381605386734009,-0.05688098073005676,2.6928176879882812,-1.0969581604003906,0.15841595828533173,2.7838082313537598,-1.1287176609039307,0.2014753520488739,2.802006244659424,-1.1922366619110107,0.28759413957595825,2.838402509689331,-1.137425422668457,0.23489178717136383,2.883251428604126,-0.754655659198761,-0.37289977073669434,2.8581881523132324,-0.6958920359611511,-0.39963191747665405,3.0012686252593994,-0.5536667704582214,-0.1475459337234497,3.0521507263183594,-0.602451741695404,0.10620799660682678,3.166508436203003,-0.6122087240219116,0.15695878863334656,3.189379930496216,-0.6317226886749268,0.2584603726863861,3.2351229190826416,-0.6418523192405701,0.23113255202770233,3.1517934799194336,-0.71438068151474,0.21512119472026825,2.7797768115997314,-0.7321186661720276,0.6744166612625122,2.86419415473938,-0.6967418193817139,1.0847523212432861,2.9183311462402344,-0.8027238845825195,1.190863847732544,2.980163097381592,-0.6356199383735657,0.18060298264026642,2.9681174755096436,-0.7235706448554993,0.6391366124153137,2.9479966163635254,-0.772702693939209,1.050618052482605,2.919243097305298,-0.9014297127723694,1.1425920724868774,2.955092430114746,-0.9487905502319336,-0.45271816849708557,2.8279244899749756,-0.9862211346626282,-0.4989798963069916,2.8251988887786865,-0.9886601567268372,-0.5478382110595703,2.776597738265991,-0.9003537893295288,-0.5783736109733582,2.6810736656188965,-0.9736984968185425,-0.5639514327049255,2.844616174697876,-0.8579624891281128,-0.6240276098251343,2.873793125152588,-0.6496222019195557,1.1861603260040283,2.9157662391662598,-0.7461710572242737,1.1571204662322998,2.8977086544036865
-0.6747386455535889,0.19661381840705872,2.8696680068969727,-0.7078799605369568,0.009702205657958984,2.8486804962158203,-0.7415899038314819,-0.1770470142364502,2.827159881591797,-0.7753008604049683,-0.36380183696746826,2.805638551712036,-0.795607328414917,-0.355735719203949,2.7582406997680664,-0.8561931252479553,-0.3283952474594116,2.6158905029296875,-0.933024525642395,-0.05362263321876526,2.6865553855895996,-1.0872522592544556,0.16499203443527222,2.7776594161987305,-1.1180977821350098,0.20871496200561523,2.7958803176879883,-1.1797888278961182,0.29616081714630127,2.832321882247925,-1.1253833770751953,0.24285411834716797,2.8769824504852295,-0.7553608417510986,-0.3738977015018463,2.8528025150299072,-0.6947750449180603,-0.40123817324638367,2.995152711868286,-0.551262378692627,-0.15216007828712463,3.0564777851104736,-0.5995658040046692,0.0981774628162384,3.1784465312957764,-0.6092264652252197,0.1482449769973755,3.2028403282165527,-0.6285478472709656,0.24838000535964966,3.2516279220581055,-0.6376718282699585,0.22389522194862366,3.1672868728637695,-0.7156438827514648,0.21435682475566864,2.7762441635131836,-0.7277792096138,0.6739833950996399,2.8598480224609375,-0.6913601160049438,1.0842366218566895,2.9139199256896973,-0.7962695360183716,1.190306544303894,2.9776244163513184,-0.6338334083557129,0.1788708120584488,2.9630918502807617,-0.7208903431892395,0.6378495693206787,2.950721263885498,-0.7728945016860962,1.0494482517242432,2.929746627807617,-0.9014468193054199,1.1400424242019653,2.9695217609405518,-0.9510738849639893,-0.4515906572341919,2.823800563812256,-0.9890592098236084,-0.49744921922683716,2.8212757110595703,-0.9923233389854431,-0.5462916493415833,2.7726566791534424,-0.9048575162887573,-0.5778191685676575,2.6765871047973633,-0.9771576523780823,-0.562595784664154,2.840623140335083,-0.8618879914283752,-0.6240142583847046,2.869158983230591,-0.6442506313323975,1.1856310367584229,2.9107091426849365,-0.7473784685134888,1.1564496755599976,2.909496784210205
-0.6752231121063232,0.1959020495414734,2.867436170578003,-0.7085486650466919,0.009058550000190735,2.8464062213897705,-0.7423871755599976,-0.17763537168502808,2.8248727321624756,-0.7762266397476196,-0.3643348813056946,2.8033387660980225,-0.7968675494194031,-0.3562071621417999,2.7561051845550537,-0.8584925532341003,-0.3286667466163635,2.614170551300049,-0.928263783454895,-0.05128207802772522,2.682100296020508,-1.0796303749084473,0.1696760654449463,2.772489547729492,-1.1099036931991577,0.2138676941394806,2.790567398071289,-1.1704503297805786,0.3022509515285492,2.826723098754883,-1.1163806915283203,0.2486577183008194,2.8714771270751953,-0.7559535503387451,-0.37449178099632263,2.8503382205963135,-0.6943285465240479,-0.40203219652175903,2.9922728538513184,-0.5517621040344238,-0.15473097562789917,3.0625696182250977,-0.6018098592758179,0.0921768844127655,3.1907737255096436,-0.6118193864822388,0.1415584534406662,3.216414451599121,-0.6318385004997253,0.24032160639762878,3.2676961421966553,-0.6397673487663269,0.21818958222866058,3.182572841644287,-0.7171287536621094,0.21383650600910187,2.7745018005371094,-0.7235773205757141,0.6738778352737427,2.856459379196167,-0.685814619064331,1.0840771198272705,2.9100396633148193,-0.7898091077804565,1.1903468370437622,2.9749038219451904,-0.6333174705505371,0.1779675930738449,2.9603705406188965,-0.7175499796867371,0.6375691294670105,2.952129602432251,-0.7679852843284607,1.0495378971099854,2.934859275817871,-0.8956015706062317,1.140397071838379,2.976979970932007,-0.9525574445724487,-0.45094579458236694,2.8220860958099365,-0.990884006023407,-0.49653488397598267,2.819610595703125,-0.9947233200073242,-0.5452211499214172,2.7708611488342285,-0.9079222679138184,-0.5770950317382812,2.674274444580078,-0.9793508648872375,-0.5618296265602112,2.838719606399536,-0.8643670082092285,-0.6241523623466492,2.86653995513916,-0.6385622024536133,1.1853870153427124,2.906278371810913,-0.7422583103179932,1.1565744876861572,2.915062427520752
-0.6750856637954712,0.19588270783424377,2.8631067276000977,-0.7083019018173218,0.009108573198318481,2.8416481018066406,-0.7419929504394531,-0.17752468585968018,2.819709300994873,-0.7756850123405457,-0.36416351795196533,2.797769784927368,-0.7964624762535095,-0.3559323251247406,2.7506258487701416,-0.8585201501846313,-0.3280726671218872,2.6089251041412354,-0.9232149124145508,-0.0492478609085083,2.6761178970336914,-1.0732790231704712,0.17236755788326263,2.7671637535095215,-1.1032918691635132,0.21669064462184906,2.7853729724884033,-1.1633175611495972,0.3053368031978607,2.821791172027588,-1.1093580722808838,0.2514462471008301,2.866339683532715,-0.755273699760437,-0.3744232654571533,2.844675302505493,-0.6932160258293152,-0.4022829234600067,2.9863760471343994,-0.5535209774971008,-0.15523652732372284,3.0631675720214844,-0.6070274710655212,0.08865024149417877,3.1957504749298096,-0.6177287697792053,0.13742759823799133,3.2222671508789062,-0.6391313672065735,0.23498231172561646,3.2753002643585205,-0.6459658145904541,0.21449832618236542,3.1896610260009766,-0.7175957560539246,0.21408087015151978,2.7705140113830566,-0.7191882133483887,0.6742571592330933,2.8519840240478516,-0.680283784866333,1.0842761993408203,2.9061636924743652,-0.78361576795578,1.190598964691162,2.9719972610473633,-0.6325755715370178,0.17768454551696777,2.9556994438171387,-0.7135193943977356,0.6379250884056091,2.9503307342529297,-0.7602276802062988,1.0504175424575806,2.935068130493164,-0.8866373300552368,1.1423006057739258,2.978590726852417,-0.9524152278900146,-0.4499688446521759,2.8165464401245117,-0.9909968376159668,-0.49533480405807495,2.8138816356658936,-0.99527907371521,-0.5436432361602783,2.7647905349731445,-0.9090065956115723,-0.5752733945846558,2.6676440238952637,-0.9797433614730835,-0.5608313083648682,2.832470178604126,-0.8649888038635254,-0.6239728927612305,2.859403371810913,-0.6328716278076172,1.1855082511901855,2.9022791385650635,-0.7336605787277222,1.157287359237671,2.915472984313965
-0.6741074323654175,0.19692233204841614,2.8578250408172607,-0.7070139646530151,0.010256513953208923,2.8351752758026123,-0.7404202222824097,-0.17625638842582703,2.8120031356811523,-0.7738274931907654,-0.36277487874031067,2.788830280303955,-0.7945783734321594,-0.35426831245422363,2.741730213165283,-0.856593132019043,-0.32556581497192383,2.600107431411743,-0.9178600907325745,-0.04612022638320923,2.668001651763916,-1.067665934562683,0.17521138489246368,2.7602038383483887,-1.0976271629333496,0.21947771310806274,2.778644323348999,-1.157549500465393,0.30801036953926086,2.8155252933502197,-1.1037821769714355,0.25371915102005005,2.859828472137451,-0.753439724445343,-0.3733086585998535,2.8356785774230957,-0.6914249658584595,-0.4020111560821533,2.9773013591766357,-0.5560061931610107,-0.1540246605873108,3.058649778366089,-0.6141476035118103,0.0871538370847702,3.194234848022461,-0.6257758736610413,0.1353895366191864,3.2213518619537354,-0.6490324139595032,0.2318609356880188,3.275585889816284,-0.6549115777015686,0.21249282360076904,3.1896116733551025,-0.7168388366699219,0.21566253900527954,2.7654619216918945,-0.7151026725769043,0.6757887601852417,2.8472445011138916,-0.6759308576583862,1.0856081247329712,2.9027657508850098,-0.7790441513061523,1.1917246580123901,2.9692766666412354,-0.6313760280609131,0.17818212509155273,2.950188159942627,-0.7104690074920654,0.6387804746627808,2.9492316246032715,-0.7554187774658203,1.0515965223312378,2.9377710819244385,-0.8812662363052368,1.1436442136764526,2.9825637340545654,-0.950767993927002,-0.44830840826034546,2.806872844696045,-0.9894890189170837,-0.4935230612754822,2.803694725036621,-0.9940240979194641,-0.5411633849143982,2.753976583480835,-0.9080637693405151,-0.5717522501945496,2.656219959259033,-0.9783860445022583,-0.5592936873435974,2.82138729095459,-0.8637558817863464,-0.6231213808059692,2.847216844558716,-0.6285024881362915,1.186842441558838,2.8991024494171143,-0.7284528613090515,1.1585192680358887,2.919019937515259
-0.6732921600341797,0.19782164692878723,2.8553998470306396,-0.7060955762863159,0.011266723275184631,2.8317456245422363,-0.7394639849662781,-0.17510370910167694,2.807436466217041,-0.7728334069252014,-0.3614796996116638,2.7831265926361084,-0.7933337688446045,-0.3527202606201172,2.73596453666687,-0.8546257615089417,-0.3232421875,2.594099521636963,-0.9133758544921875,-0.04341226816177368,2.662773370742798,-1.0632225275039673,0.17756864428520203,2.7558436393737793,-1.0931918621063232,0.22176483273506165,2.7744576930999756,-1.1531305313110352,0.3101572096347809,2.811685800552368,-1.0995949506759644,0.25550368428230286,2.8558437824249268,-0.7526957392692566,-0.3722648620605469,2.830024242401123,-0.6914037466049194,-0.40174293518066406,2.9718892574310303,-0.5604871511459351,-0.1520475596189499,3.0554685592651367,-0.623431384563446,0.08752304315567017,3.1918232440948486,-0.6360202431678772,0.13543716073036194,3.2190942764282227,-0.6611979007720947,0.23126539587974548,3.2736361026763916,-0.6661384701728821,0.21224024891853333,3.187516212463379,-0.715703010559082,0.21699540317058563,2.762995719909668,-0.7125415205955505,0.6771996021270752,2.844316244125366,-0.674422562122345,1.08701491355896,2.900618553161621,-0.7779967784881592,1.1928138732910156,2.9669220447540283,-0.6308813095092773,0.17864789068698883,2.9478039741516113,-0.7088804244995117,0.639437198638916,2.9482994079589844,-0.7520653605461121,1.0524730682373047,2.9379067420959473,-0.8776651620864868,1.1449182033538818,2.9825806617736816,-0.9500318169593811,-0.44665220379829407,2.8006930351257324,-0.9889078140258789,-0.4917188584804535,2.79714298248291,-0.9936995506286621,-0.538848876953125,2.7469491958618164,-0.9080307483673096,-0.5687236189842224,2.6486871242523193,-0.9779719114303589,-0.5577095746994019,2.81415057182312,-0.8634692430496216,-0.6221623420715332,2.8390913009643555,-0.6271914839744568,1.1883537769317627,2.897284746170044,-0.7245937585830688,1.1593366861343384,2.919551134109497
-0.6724079847335815,0.19803494215011597,2.852097511291504,-0.7052667737007141,0.011776015162467957,2.82633113861084,-0.7386929988861084,-0.17428645491600037,2.79988431930542,-0.7721201777458191,-0.360354483127594,2.7734367847442627,-0.7922830581665039,-0.35108625888824463,2.7262282371520996,-0.8525936007499695,-0.3200593888759613,2.584170341491699,-0.903870701789856,-0.04106086492538452,2.6621179580688477,-1.0489442348480225,0.17932236194610596,2.7641029357910156,-1.0779589414596558,0.22339901328086853,2.7844998836517334,-1.1359883546829224,0.3115523159503937,2.825293779373169,-1.0829497575759888,0.2545241117477417,2.867058277130127,-0.7523206472396851,-0.3716450333595276,2.82035756111145,-0.6920101046562195,-0.4026719033718109,2.9624154567718506,-0.5763325095176697,-0.14213290810585022,3.0351028442382812,-0.653403103351593,0.09850716590881348,3.1622583866119385,-0.6688172221183777,0.14663517475128174,3.1876895427703857,-0.699645459651947,0.24289120733737946,3.238551616668701,-0.7037670612335205,0.22013765573501587,3.153258800506592,-0.7145109176635742,0.21822959184646606,2.7598071098327637,-0.70890873670578,0.6784195303916931,2.841446876525879,-0.6698865294456482,1.088077187538147,2.8986928462982178,-0.773364245891571,1.1940144300460815,2.9649808406829834,-0.6303050518035889,0.17784029245376587,2.944387912750244,-0.7054471969604492,0.6390515565872192,2.9548325538635254,-0.7494052648544312,1.052194356918335,2.954742908477783,-0.8752031922340393,1.1432746648788452,3.0016863346099854,-0.9506431221961975,-0.4437205195426941,2.7893779277801514,-0.9901235699653625,-0.48830297589302063,2.7850325107574463,-0.9954204559326172,-0.5346158742904663,2.733999013900757,-0.9098393321037292,-0.5639925003051758,2.635249376296997,-0.9800178408622742,-0.5547869205474854,2.801004648208618,-0.8661985397338867,-0.6211438179016113,2.825098752975464,-0.6223865747451782,1.1893173456192017,2.895678758621216,-0.7221252918243408,1.1595485210418701,2.9390652179718018
-0.676097571849823,0.19838586449623108,2.851919651031494,-0.7073896527290344,0.01205010712146759,2.8249404430389404,-0.739207923412323,-0.17408442497253418,2.7971982955932617,-0.771027147769928,-0.36022451519966125,2.7694554328918457,-0.7894651293754578,-0.35099565982818604,2.721545457839966,-0.8446295261383057,-0.3200673758983612,2.577302932739258,-0.8924025297164917,-0.04334166646003723,2.6652536392211914,-1.0342313051223755,0.1757301539182663,2.7745871543884277,-1.0625970363616943,0.21954451501369476,2.7964539527893066,-1.119328498840332,0.3071732521057129,2.8401873111724854,-1.0673869848251343,0.2478015273809433,2.880075693130493,-0.752934992313385,-0.37147653102874756,2.817063570022583,-0.6977705955505371,-0.4024048149585724,2.961306095123291,-0.6077151894569397,-0.12671858072280884,3.0111238956451416,-0.7087692618370056,0.11615733802318573,3.115340232849121,-0.7289800643920898,0.16473251581192017,3.136183500289917,-0.7694016695022583,0.2618829011917114,3.177870035171509,-0.7699578404426575,0.23131275177001953,3.0949292182922363,-0.714758574962616,0.2184579223394394,2.7581307888031006,-0.7101821303367615,0.6787949800491333,2.8392586708068848,-0.6700212955474854,1.0883615016937256,2.896656036376953,-0.7749654054641724,1.195312261581421,2.9589273929595947,-0.63743656873703,0.17831380665302277,2.9457085132598877,-0.7120581865310669,0.6397011280059814,2.953843593597412,-0.7551102042198181,1.0529768466949463,2.9524929523468018,-0.8823404908180237,1.1443028450012207,2.994936466217041,-0.9503503441810608,-0.4430176913738251,2.779783248901367,-0.9898667931556702,-0.48746415972709656,2.7741141319274902,-0.9938013553619385,-0.5336294770240784,2.7227723598480225,-0.9053549766540527,-0.5630452036857605,2.626488208770752,-0.9804813861846924,-0.5540701746940613,2.790184259414673,-0.8676151037216187,-0.6209606528282166,2.8174889087677,-0.6216529607772827,1.189233422279358,2.895031452178955,-0.72705078125,1.1602933406829834,2.937894821166992
-0.6822589635848999,0.1981755793094635,2.8564741611480713,-0.7117511630058289,0.011656537652015686,2.828927516937256,-0.7416985630989075,-0.17466475069522858,2.800546407699585,-0.7716468572616577,-0.36099159717559814,2.7721643447875977,-0.788060188293457,-0.35200098156929016,2.72348690032959,-0.8371660709381104,-0.32177332043647766,2.576859474182129,-0.8780818581581116,-0.04624834656715393,2.671921730041504,-1.0128685235977173,0.17547579109668732,2.784884452819824,-1.0398259162902832,0.21982061862945557,2.8074769973754883,-1.0937405824661255,0.30851027369499207,2.8526620864868164,-1.044710397720337,0.24616888165473938,2.891730546951294,-0.7555590867996216,-0.3720073997974396,2.820533275604248,-0.7064532041549683,-0.4022350609302521,2.967160701751709,-0.6339685320854187,-0.1190115213394165,3.0011510848999023,-0.7520634531974792,0.1236533373594284,3.086338996887207,-0.7756824493408203,0.17218631505966187,3.103376626968384,-0.8229204416275024,0.2692522704601288,3.1374518871307373,-0.8191224336624146,0.23343759775161743,3.0567076206207275,-0.7167720794677734,0.2177329957485199,2.761000871658325,-0.7125368118286133,0.6786329746246338,2.8394038677215576,-0.6709433197975159,1.0883147716522217,2.895500898361206,-0.7774091362953186,1.196708083152771,2.952554702758789,-0.6477458477020264,0.1786181628704071,2.9519474506378174,-0.7197418212890625,0.6405792236328125,2.9534895420074463,-0.7589541673660278,1.0542635917663574,2.9468793869018555,-0.8870561122894287,1.147077202796936,2.9831387996673584,-0.9514592885971069,-0.4434605836868286,2.7757489681243896,-0.9908325672149658,-0.4878532886505127,2.7686221599578857,-0.9929035305976868,-0.5340808629989624,2.717193603515625,-0.9008853435516357,-0.5637762546539307,2.6243362426757812,-0.9821917414665222,-0.5544845461845398,2.785107374191284,-0.8705352544784546,-0.621586799621582,2.816758632659912,-0.6215901970863342,1.188744306564331,2.8951821327209473,-0.7293242812156677,1.1612205505371094,2.932589530944824
-0.6900358200073242,0.19811281561851501,2.863821506500244,-0.7173213958740234,0.011446133255958557,2.83510684967041,-0.7449519634246826,-0.17505250871181488,2.8056399822235107,-0.7725833654403687,-0.361556738615036,2.776172161102295,-0.7866612672805786,-0.3527223765850067,2.726743698120117,-0.8287537693977356,-0.3229600489139557,2.5778450965881348,-0.8625870943069458,-0.0493796169757843,2.6810295581817627,-0.9895204305648804,0.17492470145225525,2.7979791164398193,-1.0149071216583252,0.21978557109832764,2.821368932723999,-1.0656805038452148,0.3095073103904724,2.8681488037109375,-1.0202363729476929,0.243930846452713,2.9062602519989014,-0.7588057518005371,-0.3724181354045868,2.82528018951416,-0.7167132496833801,-0.4021804630756378,2.9741787910461426,-0.655152440071106,-0.11575937271118164,3.002660036087036,-0.7848308682441711,0.125081405043602,3.0753297805786133,-0.8107665777206421,0.17324957251548767,3.0898637771606445,-0.8626379370689392,0.26958590745925903,3.118931770324707,-0.8541181087493896,0.23161038756370544,3.039538860321045,-0.719750165939331,0.21739481389522552,2.766709566116333,-0.7155807614326477,0.679083526134491,2.842076301574707,-0.6722823977470398,1.089005947113037,2.896944522857666,-0.7802343368530273,1.199027419090271,2.948054313659668,-0.6603214740753174,0.1788308173418045,2.9609334468841553,-0.7280346751213074,0.6417126059532166,2.9639906883239746,-0.7631065845489502,1.0560495853424072,2.9599390029907227,-0.8919841647148132,1.149782419204712,2.99116849899292,-0.9523313045501709,-0.44419965147972107,2.7717418670654297,-0.9913183450698853,-0.4886237680912018,2.762831449508667,-0.9910844564437866,-0.5347902774810791,2.7112925052642822,-0.8950321674346924,-0.5642839670181274,2.6225152015686035,-0.9833471775054932,-0.5552803874015808,2.779595136642456,-0.8731099367141724,-0.6223392486572266,2.8160393238067627,-0.6218656301498413,1.1889729499816895,2.8981974124908447,-0.731838047504425,1.1629176139831543,2.94817852973938
-0.6986858248710632,0.1996951401233673,2.856351375579834,-0.722396194934845,0.012793377041816711,2.8260905742645264,-0.7462484836578369,-0.1740058809518814,2.7953126430511475,-0.7701014876365662,-0.3608107268810272,2.764533758163452,-0.7811824679374695,-0.3521808981895447,2.714315414428711,-0.8142920136451721,-0.3230207562446594,2.5629937648773193,-0.8388684391975403,-0.053196072578430176,2.6782991886138916,-0.9545091986656189,0.17388916015625,2.801680326461792,-0.9776373505592346,0.21930620074272156,2.8263566493988037,-1.0238937139511108,0.3101402819156647,2.875709056854248,-0.9838293194770813,0.24017420411109924,2.9120893478393555,-0.7592797875404358,-0.37147092819213867,2.814417600631714,-0.7261702418327332,-0.4006310701370239,2.9657392501831055,-0.6998277306556702,-0.1073564887046814,2.9648547172546387,-0.8607285022735596,0.12241576611995697,3.0033130645751953,-0.8929086327552795,0.16837021708488464,3.011004686355591,-0.9572689533233643,0.26027911901474,3.026388168334961,-0.9394122958183289,0.21541091799736023,2.9522805213928223,-0.7222315669059753,0.2186821550130844,2.7575297355651855,-0.7162190079689026,0.6795786619186401,2.8384130001068115,-0.6696065068244934,1.0882751941680908,2.900336742401123,-0.7786666750907898,1.1996270418167114,2.946110725402832,-0.6751400828361511,0.1807081252336502,2.9551730155944824,-0.7364763021469116,0.6445997953414917,2.961970329284668,-0.7636810541152954,1.0596898794174194,2.9623894691467285,-0.8924713134765625,1.1554419994354248,2.987553358078003,-0.9492108225822449,-0.4441691040992737,2.7521584033966064,-0.9876025915145874,-0.48876774311065674,2.741574287414551,-0.9848777055740356,-0.5350228548049927,2.6901588439941406,-0.8847910761833191,-0.5642902255058289,2.605814218521118,-0.9801418781280518,-0.5553882718086243,2.7587943077087402,-0.8713728785514832,-0.6219921708106995,2.800281047821045,-0.61771559715271,1.1873900890350342,2.9057199954986572,-0.7298192381858826,1.1661359071731567,2.954141139984131
-0.7098471522331238,0.19994255900382996,2.858586072921753,-0.7302963137626648,0.012598171830177307,2.8287997245788574,-0.750837504863739,-0.17466558516025543,2.7985727787017822,-0.771379292011261,-0.36193493008613586,2.7683448791503906,-0.7789995074272156,-0.3539305329322815,2.7173891067504883,-0.801703155040741,-0.32665038108825684,2.563810348510742,-0.8141266703605652,-0.05796507000923157,2.683683156967163,-0.9147507548332214,0.17676840722560883,2.8059470653533936,-0.9348755478858948,0.22371509671211243,2.830399751663208,-0.9751251935958862,0.31760847568511963,2.879305362701416,-0.943025529384613,0.24387001991271973,2.9161453247070312,-0.763982355594635,-0.37197476625442505,2.818972110748291,-0.7412787079811096,-0.3992549180984497,2.972550868988037,-0.7359760403633118,-0.10552060604095459,2.952359914779663,-0.9153769016265869,0.11330582201480865,2.962550401687622,-0.951257050037384,0.15707111358642578,2.9645884037017822,-1.023017406463623,0.24460169672966003,2.9686646461486816,-0.9963818788528442,0.19638562202453613,2.8994498252868652,-0.726250410079956,0.2177051156759262,2.7581279277801514,-0.7189806699752808,0.6786696910858154,2.8392982482910156,-0.6706272959709167,1.0868017673492432,2.904334545135498,-0.780936598777771,1.1998440027236938,2.942506790161133,-0.6934438943862915,0.1821800023317337,2.9590442180633545,-0.749822735786438,0.6467939615249634,2.9682726860046387,-0.7677749991416931,1.0624890327453613,2.9721362590789795,-0.8958501815795898,1.1609203815460205,2.9897942543029785,-0.949749231338501,-0.44558781385421753,2.748718738555908,-0.9876095056533813,-0.49037209153175354,2.736992597579956,-0.9824479818344116,-0.5374069809913635,2.6864590644836426,-0.8784440755844116,-0.567895770072937,2.6074063777923584,-0.9809861779212952,-0.5567351579666138,2.75555682182312,-0.874302327632904,-0.6226589679718018,2.8031833171844482,-0.617739737033844,1.1851650476455688,2.9132893085479736,-0.7310673594474792,1.168243646621704,2.9675381183624268
-0.7217261791229248,0.2026142179965973,2.8499553203582764,-0.7390590906143188,0.014719545841217041,2.8218278884887695,-0.7564021348953247,-0.17313642799854279,2.793449640274048,-0.7737457156181335,-0.3609980344772339,2.7650704383850098,-0.7771839499473572,-0.35394740104675293,2.713528633117676,-0.7872977256774902,-0.3295353651046753,2.5581092834472656,-0.785477876663208,-0.06104153394699097,2.6795952320098877,-0.868267297744751,0.1829822063446045,2.797481060028076,-0.8848251700401306,0.23178695142269135,2.8210582733154297,-0.9179409146308899,0.32939645648002625,2.8682126998901367,-0.8959195017814636,0.2526158094406128,2.9063825607299805,-0.7704959511756897,-0.3700904846191406,2.8163037300109863,-0.7603821754455566,-0.39450252056121826,2.9717230796813965,-0.781610369682312,-0.10498073697090149,2.9209530353546143,-0.9816713929176331,0.09350027143955231,2.891294479370117,-1.0216835737228394,0.13319647312164307,2.8853628635406494,-1.101707935333252,0.21258887648582458,2.8734993934631348,-1.063552975654602,0.1610182672739029,2.812492609024048,-0.7295150756835938,0.2185685634613037,2.7481777667999268,-0.7202116847038269,0.6787797212600708,2.8333423137664795,-0.6708745956420898,1.085598349571228,2.905503988265991,-0.7821421027183533,1.2002009153366089,2.935338258743286,-0.7139372825622559,0.18665987253189087,2.951732873916626,-0.7639302015304565,0.6518984436988831,2.965430974960327,-0.7677736282348633,1.0678645372390747,2.975442886352539,-0.8933741450309753,1.1705410480499268,2.984734535217285,-0.9508681893348694,-0.4458925426006317,2.739769458770752,-0.988050103187561,-0.4911563992500305,2.727640390396118,-0.9804614782333374,-0.5396379828453064,2.6787829399108887,-0.8728435039520264,-0.5720297694206238,2.6054728031158447,-0.9821167588233948,-0.5569413304328918,2.7484304904937744,-0.877533495426178,-0.6210559606552124,2.8028078079223633,-0.6173397302627563,1.1830036640167236,2.9196131229400635,-0.7271879315376282,1.1722943782806396,2.9756829738616943
-0.7358378767967224,0.20484000444412231,2.8443775177001953,-0.7508644461631775,0.016319021582603455,2.8194262981414795,-0.7658512592315674,-0.17221960425376892,2.7945847511291504,-0.7808384895324707,-0.3607638478279114,2.769742488861084,-0.779438316822052,-0.3550987243652344,2.717940330505371,-0.7749539613723755,-0.33485159277915955,2.561565637588501,-0.7559677362442017,-0.06518512964248657,2.6796154975891113,-0.8173573017120361,0.18966004252433777,2.7879514694213867,-0.8296352028846741,0.24062907695770264,2.8096187114715576,-0.85419100522995,0.3425671458244324,2.8529531955718994,-0.8444495797157288,0.26446813344955444,2.8936679363250732,-0.7824016213417053,-0.36847829818725586,2.821274757385254,-0.7868859767913818,-0.3887254297733307,2.977649450302124,-0.814177393913269,-0.10186874866485596,2.9145255088806152,-1.009413719177246,0.09682758152484894,2.8611032962799072,-1.0484609603881836,0.13656684756278992,2.85041880607605,-1.1265555620193481,0.21604537963867188,2.829049825668335,-1.083853006362915,0.16202926635742188,2.773275375366211,-0.7336471080780029,0.21821916103363037,2.7419703006744385,-0.7219558358192444,0.6780771017074585,2.828876495361328,-0.6735115647315979,1.084023356437683,2.9064862728118896,-0.7853568196296692,1.2003233432769775,2.925779342651367,-0.7380286455154419,0.19146084785461426,2.946784734725952,-0.7810184955596924,0.6573266983032227,2.963507890701294,-0.7709263563156128,1.0729948282241821,2.9802613258361816,-0.8931159377098083,1.1801247596740723,2.9798598289489746,-0.9559812545776367,-0.44796621799468994,2.7387547492980957,-0.9922404289245605,-0.49396684765815735,2.726529598236084,-0.9818651676177979,-0.5442786812782288,2.6800687313079834,-0.8703997135162354,-0.5786985754966736,2.6136980056762695,-0.9870134592056274,-0.5588554739952087,2.7501869201660156,-0.8849864602088928,-0.6199994087219238,2.812366247177124,-0.6200817227363586,1.1805721521377563,2.9259252548217773,-0.7268324494361877,1.1758408546447754,2.9859795570373535
-0.7610253691673279,0.20977157354354858,2.8240177631378174,-0.7713732123374939,0.020121976733207703,2.8061702251434326,-0.7817175984382629,-0.16958589851856232,2.7889509201049805,-0.7920622825622559,-0.3592994809150696,2.77173113822937,-0.7792769074440002,-0.35645896196365356,2.7212703227996826,-0.7404066920280457,-0.3447404205799103,2.5688138008117676,-0.6900691390037537,-0.07799643278121948,2.68453049659729,-0.7095966935157776,0.1894194781780243,2.7773454189300537,-0.7135022282600403,0.24290266633033752,2.7959084510803223,-0.7213132381439209,0.349869042634964,2.8330345153808594,-0.7376097440719604,0.27375084161758423,2.875436544418335,-0.8049601316452026,-0.3642019033432007,2.822004795074463,-0.8438303470611572,-0.37592044472694397,2.974461317062378,-0.8616778254508972,-0.09089270234107971,2.9001832008361816,-0.9993167519569397,0.13926467299461365,2.807499408721924,-1.0268445014953613,0.18529614806175232,2.7889626026153564,-1.0819001197814941,0.27735909819602966,2.7518889904022217,-1.037370204925537,0.21569789946079254,2.706364631652832,-0.7354922294616699,0.2177642583847046,2.724282741546631,-0.7159264087677002,0.6761124730110168,2.8177270889282227,-0.6696165204048157,1.0797704458236694,2.9077765941619873,-0.7780140042304993,1.2007262706756592,2.902150869369507,-0.7865585088729858,0.20177888870239258,2.923752784729004,-0.8110226988792419,0.667779803276062,2.9617319107055664,-0.768593966960907,1.078686237335205,3.0122196674346924,-0.8780154585838318,1.1975345611572266,2.994500160217285,-0.9604086875915527,-0.45296552777290344,2.727997303009033,-0.9941372871398926,-0.500605046749115,2.7156009674072266,-0.9775426983833313,-0.5541849732398987,2.675286054611206,-0.8587363958358765,-0.5910578966140747,2.625869035720825,-0.9907913208007812,-0.562972903251648,2.7451059818267822,-0.896274209022522,-0.6159570217132568,2.8236920833587646,-0.6180474162101746,1.1740045547485352,2.9396684169769287,-0.7179772257804871,1.1760389804840088,3.0349555015563965
-0.7741729617118835,0.2121812105178833,2.8104844093322754,-0.7827889323234558,0.02196139097213745,2.798459053039551,-0.7915014624595642,-0.16830377280712128,2.787248373031616,-0.8002142906188965,-0.35857465863227844,2.7760374546051025,-0.7797195315361023,-0.3577284812927246,2.728101968765259,-0.7175489664077759,-0.3520382046699524,2.583209753036499,-0.6553065776824951,-0.08689093589782715,2.6970720291137695,-0.6531258225440979,0.18430957198143005,2.780815839767456,-0.6526896953582764,0.23854967951774597,2.7975645065307617,-0.6518173813819885,0.3470298945903778,2.831062078475952,-0.6831586360931396,0.2751050591468811,2.872389316558838,-0.820803701877594,-0.36148881912231445,2.8238511085510254,-0.8829742670059204,-0.36717909574508667,2.968743324279785,-0.894150972366333,-0.08132144808769226,2.8959264755249023,-0.9925957918167114,0.16482201218605042,2.7944891452789307,-1.012284755706787,0.21405071020126343,2.7742016315460205,-1.0516626834869385,0.31250810623168945,2.7336266040802,-1.0053651332855225,0.24877823889255524,2.6929028034210205,-0.7327800393104553,0.2162799835205078,2.7159910202026367,-0.7114684581756592,0.6743130683898926,2.8106632232666016,-0.6697014570236206,1.0776073932647705,2.904541492462158,-0.7724376320838928,1.2012181282043457,2.8804728984832764,-0.8155658841133118,0.2080824375152588,2.904977798461914,-0.8340021371841431,0.6731084585189819,2.9561846256256104,-0.7805406451225281,1.0787793397903442,3.0321907997131348,-0.8800281882286072,1.204025149345398,3.0033926963806152,-0.9629678726196289,-0.45644015073776245,2.7229883670806885,-0.9950939416885376,-0.5050361156463623,2.710584878921509,-0.9745791554450989,-0.5607516765594482,2.6755340099334717,-0.8517255187034607,-0.599286675453186,2.63987398147583,-0.9942098259925842,-0.5652771592140198,2.7441091537475586,-0.9073457717895508,-0.6121088266372681,2.834170341491699,-0.6215337514877319,1.170835256576538,2.943857192993164,-0.7295576333999634,1.1722543239593506,3.0671255588531494
-0.7807134389877319,0.21312442421913147,2.8011934757232666,-0.7886760830879211,0.02257317304611206,2.7940726280212402,-0.7968966960906982,-0.1679992973804474,2.7878732681274414,-0.8051175475120544,-0.3585774898529053,2.7816736698150635,-0.7782904505729675,-0.3593185842037201,2.736953020095825,-0.6969821453094482,-0.35842734575271606,2.6017401218414307,-0.6269737482070923,-0.09484201669692993,2.7149107456207275,-0.606887936592102,0.1770583689212799,2.794126033782959,-0.602870762348175,0.23143844306468964,2.809969186782837,-0.594836413860321,0.3401986062526703,2.8416552543640137,-0.6379382014274597,0.27288681268692017,2.8801095485687256,-0.8320339918136597,-0.35990768671035767,2.826326847076416,-0.913342297077179,-0.3607989251613617,2.9615397453308105,-0.9204313158988953,-0.07568487524986267,2.885082721710205,-1.0045570135116577,0.17074070870876312,2.771920680999756,-1.0213820934295654,0.22002582252025604,2.749288320541382,-1.0550323724746704,0.3185960650444031,2.704023599624634,-1.0037943124771118,0.25487783551216125,2.669642925262451,-0.7263012528419495,0.21412889659404755,2.7134695053100586,-0.7066733241081238,0.6722415685653687,2.808154582977295,-0.6712630987167358,1.0758471488952637,2.9033265113830566,-0.7671042084693909,1.2009280920028687,2.8635318279266357,-0.8351256251335144,0.2121199518442154,2.8889174461364746,-0.8543370962142944,0.6755691766738892,2.952662706375122,-0.7995753288269043,1.075626254081726,3.0534822940826416,-0.8900755047798157,1.2055200338363647,3.016716718673706,-0.9623546600341797,-0.4593551754951477,2.7196884155273438,-0.9932291507720947,-0.508525013923645,2.706956386566162,-0.9698106050491333,-0.5656740069389343,2.676628351211548,-0.8445912599563599,-0.6053121089935303,2.6537015438079834,-0.9952585697174072,-0.5669455528259277,2.74324893951416,-0.9166937470436096,-0.608914852142334,2.8424601554870605,-0.6275126338005066,1.1686886548995972,2.948315382003784,-0.7511546611785889,1.1656806468963623,3.09934401512146
-0.7831758260726929,0.212915301322937,2.7981128692626953,-0.7914404273033142,0.022168487310409546,2.7948215007781982,-0.8000270128250122,-0.16857632994651794,2.7923383712768555,-0.8086138963699341,-0.35932689905166626,2.7898552417755127,-0.7769677042961121,-0.36125075817108154,2.7484071254730225,-0.6811217665672302,-0.36393412947654724,2.6231000423431396,-0.6050974130630493,-0.10051161050796509,2.7325146198272705,-0.5702098608016968,0.17115122079849243,2.807016134262085,-0.5632323622703552,0.22548379004001617,2.821916341781616,-0.5492773652076721,0.33414894342422485,2.851716995239258,-0.6009615063667297,0.2716408371925354,2.8875632286071777,-0.8403533697128296,-0.3594762086868286,2.8312761783599854,-0.9361993074417114,-0.3567928373813629,2.956583261489868,-0.9445830583572388,-0.07101225852966309,2.8830862045288086,-1.032198429107666,0.1702464520931244,2.7619001865386963,-1.0497214794158936,0.21849820017814636,2.7376630306243896,-1.0847675800323486,0.3150016665458679,2.6891884803771973,-1.0276325941085815,0.2540384531021118,2.6594808101654053,-0.7188499569892883,0.21152138710021973,2.7173712253570557,-0.7009608745574951,0.6701744198799133,2.8098344802856445,-0.671665608882904,1.0748252868652344,2.9026777744293213,-0.760388970375061,1.2003703117370605,2.849926233291626,-0.8475016951560974,0.2143092155456543,2.878854513168335,-0.86847984790802,0.6770119071006775,2.9473981857299805,-0.8167951703071594,1.0732197761535645,3.0638821125030518,-0.8993722200393677,1.2061741352081299,3.0200610160827637,-0.9608203172683716,-0.4621230363845825,2.7203261852264404,-0.9907130002975464,-0.5116326808929443,2.707127094268799,-0.9653063416481018,-0.5696574449539185,2.6806116104125977,-0.8390723466873169,-0.6098686456680298,2.66819429397583,-0.9954409003257751,-0.5686542391777039,2.74509596824646,-0.924453616142273,-0.6070261597633362,2.850900411605835,-0.632326066493988,1.1678606271743774,2.951209306716919,-0.7720412611961365,1.16097092628479,3.1173171997070312
-0.7830396890640259,0.21299123764038086,2.8012189865112305,-0.7922794818878174,0.022121712565422058,2.8005919456481934,-0.8018894791603088,-0.16873057186603546,2.8006443977355957,-0.8114997744560242,-0.3595885634422302,2.800696849822998,-0.7763487100601196,-0.36240893602371216,2.7621798515319824,-0.6699606776237488,-0.3677979111671448,2.6457762718200684,-0.5876594185829163,-0.10425615310668945,2.749873638153076,-0.5405863523483276,0.16686490178108215,2.8189613819122314,-0.5311717391014099,0.22108910977840424,2.8327789306640625,-0.5123425126075745,0.3295375406742096,2.8604140281677246,-0.5700898170471191,0.27152112126350403,2.8944098949432373,-0.8467552661895752,-0.35884255170822144,2.839214563369751,-0.953143298625946,-0.3534535765647888,2.955618143081665,-0.9631398320198059,-0.06686931848526001,2.886094331741333,-1.0594452619552612,0.16505225002765656,2.754059314727783,-1.0787063837051392,0.21143656969070435,2.7276523113250732,-1.117228627204895,0.30420517921447754,2.6748383045196533,-1.054166316986084,0.246977761387825,2.6502509117126465,-0.7114832401275635,0.20977172255516052,2.7268221378326416,-0.6948055028915405,0.6694309711456299,2.8144054412841797,-0.6708318591117859,1.0757932662963867,2.9011125564575195,-0.7531177401542664,1.2007606029510498,2.8376400470733643,-0.8545961380004883,0.2162107527256012,2.8756158351898193,-0.8789510130882263,0.6787991523742676,2.9438388347625732,-0.8333783149719238,1.0731945037841797,3.0687332153320312,-0.9098248481750488,1.2076479196548462,3.0187857151031494,-0.9591536521911621,-0.46411973237991333,2.725126028060913,-0.9881817102432251,-0.513900637626648,2.711470365524292,-0.9613221883773804,-0.5724366307258606,2.6879799365997314,-0.8347945213317871,-0.6127064228057861,2.68396258354187,-0.9951110482215881,-0.5698693990707397,2.7504472732543945,-0.9305295944213867,-0.6054325103759766,2.8609530925750732,-0.6354120373725891,1.1695916652679443,2.951172351837158,-0.792705237865448,1.159841775894165,3.127013921737671
-0.7822443246841431,0.21404555439949036,2.810882568359375,-0.7931734919548035,0.023128747940063477,2.8120760917663574,-0.8044342994689941,-0.16776502132415771,2.813770055770874,-0.8156954646110535,-0.35866448283195496,2.8154642581939697,-0.7780567407608032,-0.3622460961341858,2.7793867588043213,-0.6641802787780762,-0.36993101239204407,2.6703829765319824,-0.5761626958847046,-0.10728725790977478,2.77143931388855,-0.5176980495452881,0.16165098547935486,2.839528799057007,-0.5060051083564758,0.2154386341571808,2.85314679145813,-0.4826192259788513,0.32301393151283264,2.880382537841797,-0.5450212955474854,0.26876339316368103,2.9121339321136475,-0.8534565567970276,-0.35715776681900024,2.851560115814209,-0.9673330187797546,-0.34947285056114197,2.960563898086548,-0.9794622659683228,-0.06177493929862976,2.8971288204193115,-1.0850698947906494,0.1602875292301178,2.75600004196167,-1.1061913967132568,0.2047000229358673,2.7277743816375732,-1.1484344005584717,0.29352501034736633,2.671322822570801,-1.0806446075439453,0.24033454060554504,2.6508142948150635,-0.7054998278617859,0.2092207670211792,2.74186372756958,-0.6890857815742493,0.6702737808227539,2.821930170059204,-0.6686485409736633,1.0786501169204712,2.899683952331543,-0.7452936768531799,1.2023288011550903,2.8272452354431152,-0.8589888215065002,0.2188703417778015,2.87990140914917,-0.8829470276832581,0.6823949217796326,2.9417150020599365,-0.8413360118865967,1.0772682428359985,3.0665273666381836,-0.9122311472892761,1.212231993675232,3.0101630687713623,-0.9592061638832092,-0.4650692939758301,2.735280990600586,-0.9873829483985901,-0.5151551961898804,2.7212717533111572,-0.9593188762664795,-0.5739446878433228,2.7001869678497314,-0.8327670097351074,-0.6137253046035767,2.702760934829712,-0.9959142804145813,-0.5703387260437012,2.760899543762207,-0.9364541172981262,-0.6035082340240479,2.8747801780700684,-0.6362877488136292,1.1735492944717407,2.9497480392456055,-0.8038339614868164,1.1639047861099243,3.1269195079803467
-0.7807822227478027,0.21582698822021484,2.8218767642974854,-0.7932112216949463,0.02490907907485962,2.824228048324585,-0.8060157895088196,-0.16597819328308105,2.8270106315612793,-0.8188207149505615,-0.35687118768692017,2.8297932147979736,-0.7794473171234131,-0.3610524535179138,2.795642137527466,-0.6603014469146729,-0.3705490827560425,2.6924359798431396,-0.5700675249099731,-0.10712361335754395,2.788796901702881,-0.5047876834869385,0.1605151891708374,2.8549673557281494,-0.4917317032814026,0.21404294669628143,2.868201494216919,-0.4656197726726532,0.3210984766483307,2.894669532775879,-0.5309271216392517,0.26956868171691895,2.9249026775360107,-0.8583333492279053,-0.35476475954055786,2.8639745712280273,-0.9774792194366455,-0.3452681303024292,2.9671807289123535,-0.9961040019989014,-0.05652207136154175,2.911508321762085,-1.1121798753738403,0.15651114284992218,2.76517391204834,-1.1353950500488281,0.1991177797317505,2.7359070777893066,-1.1818253993988037,0.2843310832977295,2.677373170852661,-1.1100447177886963,0.23575346171855927,2.659424304962158,-0.7003898620605469,0.20979608595371246,2.7571401596069336,-0.6838620901107788,0.6722147464752197,2.8286588191986084,-0.6657358407974243,1.082422137260437,2.8965671062469482,-0.7378361225128174,1.204359769821167,2.816896915435791,-0.8611745834350586,0.22185789048671722,2.886613368988037,-0.8841459155082703,0.6864220499992371,2.9402005672454834,-0.846182644367218,1.082993745803833,3.0606160163879395,-0.9128386974334717,1.2174876928329468,2.998302936553955,-0.9587550759315491,-0.46528786420822144,2.7463936805725098,-0.9861581921577454,-0.5157136917114258,2.732250452041626,-0.9571033120155334,-0.5746628046035767,2.7132132053375244,-0.830636739730835,-0.6137062311172485,2.7210144996643066,-0.9958525896072388,-0.570221483707428,2.772456169128418,-0.9404263496398926,-0.6011225581169128,2.8888697624206543,-0.6356603503227234,1.1785120964050293,2.9457600116729736,-0.8113095164299011,1.1703530550003052,3.121525526046753
-0.7789521813392639,0.21937435865402222,2.8367629051208496,-0.7942013740539551,0.02860642969608307,2.840886354446411,-0.8099302053451538,-0.16211383044719696,2.845395803451538,-0.8256595134735107,-0.3528398275375366,2.849905490875244,-0.7831085920333862,-0.3581017255783081,2.8199355602264404,-0.6539174318313599,-0.3709051311016083,2.729050874710083,-0.5651290416717529,-0.1034500002861023,2.814619779586792,-0.49557146430015564,0.16482987999916077,2.872770309448242,-0.4816599488258362,0.21848586201667786,2.8844003677368164,-0.45383691787719727,0.32579782605171204,2.907660484313965,-0.5230973958969116,0.27803924679756165,2.9350290298461914,-0.8683813810348511,-0.3496508300304413,2.8799242973327637,-0.9975725412368774,-0.3368474245071411,2.970808982849121,-1.0406094789505005,-0.04741784930229187,2.9374024868011475,-1.1729086637496948,0.15630276501178741,2.791839122772217,-1.1993684768676758,0.1970468908548355,2.7627265453338623,-1.2522881031036377,0.2785351276397705,2.704501152038574,-1.1737213134765625,0.24051249027252197,2.690063714981079,-0.6920401453971863,0.21122321486473083,2.781071662902832,-0.6782580614089966,0.675212562084198,2.8368582725524902,-0.6639725565910339,1.08717942237854,2.8896875381469727,-0.7261790037155151,1.2058836221694946,2.798154830932617,-0.8658642172813416,0.2275255024433136,2.892454147338867,-0.8835197687149048,0.6931273341178894,2.931072950363159,-0.852430522441864,1.0931079387664795,3.0395195484161377,-0.9097613096237183,1.2256115674972534,2.9653947353363037,-0.9586731791496277,-0.46514520049095154,2.7608540058135986,-0.9848445057868958,-0.5161961913108826,2.7468011379241943,-0.954379141330719,-0.5757033824920654,2.7324657440185547,-0.8288947343826294,-0.6137934923171997,2.751338243484497,-0.997450053691864,-0.5690078735351562,2.788355588912964,-0.9509290456771851,-0.594822883605957,2.9096930027008057,-0.638475239276886,1.1849336624145508,2.9378082752227783,-0.8229571580886841,1.1822669506072998,3.100376844406128
-0.7789148688316345,0.2218330204486847,2.8496766090393066,-0.7957314848899841,0.03116387128829956,2.8536319732666016,-0.8129923939704895,-0.15945960581302643,2.8578648567199707,-0.8302538394927979,-0.35008877515792847,2.86209774017334,-0.7873287200927734,-0.3556731343269348,2.832711696624756,-0.6566658616065979,-0.3694881200790405,2.7433865070343018,-0.5716367959976196,-0.09767314791679382,2.818357229232788,-0.5060767531394958,0.17378544807434082,2.865288019180298,-0.4929647445678711,0.22807717323303223,2.874674081802368,-0.4667407274246216,0.33666062355041504,2.893446445465088,-0.5354412794113159,0.2891361713409424,2.9225711822509766,-0.8733665943145752,-0.34657636284828186,2.8915297985076904,-1.0040295124053955,-0.33276137709617615,2.9808549880981445,-1.0647813081741333,-0.0446736216545105,2.9738852977752686,-1.2100287675857544,0.16490069031715393,2.850709915161133,-1.2390782833099365,0.20681555569171906,2.8260748386383057,-1.2971773147583008,0.2906453013420105,2.7768046855926514,-1.2170182466506958,0.25845038890838623,2.7577097415924072,-0.691087007522583,0.2129613608121872,2.795424699783325,-0.6770133376121521,0.6778919100761414,2.8384790420532227,-0.6614604592323303,1.0905646085739136,2.881767988204956,-0.7217941880226135,1.2072595357894897,2.7867136001586914,-0.866742730140686,0.2307046800851822,2.903928518295288,-0.8744627237319946,0.6971272230148315,2.928476095199585,-0.8396245241165161,1.1008036136627197,3.019285202026367,-0.8940499424934387,1.2304476499557495,2.938516855239868,-0.9613891839981079,-0.46405959129333496,2.7724499702453613,-0.9870941638946533,-0.5153923034667969,2.758605718612671,-0.956131637096405,-0.5748869776725769,2.7453808784484863,-0.8307599425315857,-0.612101674079895,2.7664639949798584,-1.000023365020752,-0.567790687084198,2.800563335418701,-0.955119788646698,-0.5919954776763916,2.922814130783081,-0.6361649036407471,1.1892238855361938,2.927882432937622,-0.8098700046539307,1.1921477317810059,3.0764777660369873
-0.7781458497047424,0.2234235405921936,2.8598074913024902,-0.7967254519462585,0.0328911691904068,2.8634109497070312,-0.8158788681030273,-0.15757852792739868,2.8673112392425537,-0.8350328207015991,-0.3480539321899414,2.871211528778076,-0.7915564179420471,-0.3540552258491516,2.842722177505493,-0.6587898135185242,-0.36918458342552185,2.7558653354644775,-0.5775994658470154,-0.09418493509292603,2.8232131004333496,-0.5164211988449097,0.17977604269981384,2.860764265060425,-0.5041855573654175,0.23456823825836182,2.868274450302124,-0.4797142446041107,0.34415262937545776,2.8832948207855225,-0.5481579899787903,0.29677337408065796,2.9132766723632812,-0.8787174224853516,-0.34412282705307007,2.8997433185577393,-1.0114840269088745,-0.32899346947669983,2.986600160598755,-1.0883480310440063,-0.04510807991027832,3.0025200843811035,-1.2412067651748657,0.1697441041469574,2.899174928665161,-1.2717784643173218,0.2127145379781723,2.8785059452056885,-1.3329219818115234,0.2986554205417633,2.837167978286743,-1.2513132095336914,0.2718521058559418,2.8159584999084473,-0.6891582608222961,0.2137567549943924,2.8075029850006104,-0.6766301393508911,0.6790566444396973,2.8404242992401123,-0.6613667011260986,1.0919573307037354,2.876828193664551,-0.7195572853088379,1.2069299221038818,2.7786850929260254,-0.8671334385871887,0.2330903261899948,2.91211199760437,-0.8681964874267578,0.6994651556015015,2.927544355392456,-0.8307434916496277,1.1045868396759033,3.008284091949463,-0.8819953203201294,1.2324703931808472,2.9231021404266357,-0.9641885757446289,-0.461833119392395,2.7785181999206543,-0.9898195862770081,-0.5130962133407593,2.7642955780029297,-0.9588882923126221,-0.5728964805603027,2.7524662017822266,-0.8344770669937134,-0.6107852458953857,2.777608633041382,-1.0043715238571167,-0.5650742650032043,2.806239366531372,-0.9633463025093079,-0.5886222124099731,2.9299659729003906,-0.6368820071220398,1.191266655921936,2.9216771125793457,-0.8011752367019653,1.1969995498657227,3.063591241836548
-0.7768710255622864,0.22365987300872803,2.8686416149139404,-0.7970029711723328,0.03326568007469177,2.8722996711730957,-0.8178244233131409,-0.15704762935638428,2.8762919902801514,-0.8386464715003967,-0.3473666310310364,2.880284547805786,-0.7945675253868103,-0.3538122773170471,2.8528263568878174,-0.6594551205635071,-0.37035688757896423,2.7688097953796387,-0.5821576118469238,-0.0927678644657135,2.8304803371429443,-0.5256131291389465,0.18332037329673767,2.859819173812866,-0.5143042206764221,0.23853802680969238,2.8656868934631348,-0.4916864335536957,0.3489733338356018,2.877422332763672,-0.5600070357322693,0.30158182978630066,2.9077858924865723,-0.8829517364501953,-0.34298956394195557,2.9077858924865723,-1.0180641412734985,-0.32644495368003845,2.991802215576172,-1.1082465648651123,-0.04780322313308716,3.02435564994812,-1.2649991512298584,0.17155002057552338,2.9372031688690186,-1.2963496446609497,0.215420663356781,2.9197726249694824,-1.3590506315231323,0.30316194891929626,2.8849117755889893,-1.2762715816497803,0.2805050313472748,2.8632352352142334,-0.6866833567619324,0.21316009759902954,2.8184943199157715,-0.6765034198760986,0.6785752773284912,2.8426401615142822,-0.6617895364761353,1.0914486646652222,2.874440908432007,-0.7176454663276672,1.2051547765731812,2.773772716522217,-0.8670586943626404,0.2341596484184265,2.9187889099121094,-0.86407870054245,0.7001949548721313,2.9287965297698975,-0.8244938254356384,1.1053743362426758,3.005964517593384,-0.8724855780601501,1.2326815128326416,2.918370485305786,-0.9654272198677063,-0.46053844690322876,2.7836716175079346,-0.9910624623298645,-0.5116411447525024,2.768901824951172,-0.9603677988052368,-0.5718662142753601,2.758748769760132,-0.8374347686767578,-0.6108688712120056,2.78892183303833,-1.007771372795105,-0.5630961060523987,2.810681104660034,-0.9717450141906738,-0.5860202312469482,2.936063528060913,-0.6382662653923035,1.1911710500717163,2.9185972213745117,-0.795301616191864,1.1979984045028687,3.060885190963745
-0.7750253081321716,0.22290417551994324,2.8763394355773926,-0.7966639399528503,0.03265313804149628,2.8806984424591064,-0.8190568089485168,-0.157502219080925,2.8854098320007324,-0.8414503335952759,-0.3476632833480835,2.8901214599609375,-0.7968220710754395,-0.35462236404418945,2.863675594329834,-0.659480631351471,-0.3728087842464447,2.7824323177337646,-0.5856204032897949,-0.09301793575286865,2.8393311500549316,-0.5332168936729431,0.18481308221817017,2.8611888885498047,-0.5227361917495728,0.24037928879261017,2.865560531616211,-0.501774787902832,0.351511687040329,2.8743035793304443,-0.5700801610946655,0.30410245060920715,2.904883623123169,-0.886322021484375,-0.3427709937095642,2.916618585586548,-1.0236635208129883,-0.32458457350730896,2.997861862182617,-1.123358130455017,-0.05040091276168823,3.040990114212036,-1.2810670137405396,0.17332927882671356,2.9669179916381836,-1.3126088380813599,0.21807532012462616,2.952103614807129,-1.375692367553711,0.30756741762161255,2.9224748611450195,-1.2921454906463623,0.287447452545166,2.9009454250335693,-0.6838101148605347,0.21142661571502686,2.828200578689575,-0.6764053702354431,0.6768347024917603,2.8449413776397705,-0.6619136333465576,1.0895038843154907,2.874997615814209,-0.7155176401138306,1.20267653465271,2.772731065750122,-0.8662405014038086,0.23438173532485962,2.92447829246521,-0.8596408367156982,0.7000607848167419,2.9307448863983154,-0.8171533942222595,1.1046103239059448,3.007840633392334,-0.8617730140686035,1.2321438789367676,2.9190475940704346,-0.9660337567329407,-0.46016961336135864,2.789937973022461,-0.9918152689933777,-0.5110775828361511,2.7747557163238525,-0.9616239070892334,-0.5718402862548828,2.7664670944213867,-0.8405197858810425,-0.61220383644104,2.801805257797241,-1.010861873626709,-0.5618036389350891,2.8164260387420654,-0.9800273180007935,-0.5837668180465698,2.9433555603027344,-0.6392150521278381,1.1893360614776611,2.919105291366577,-0.7881177067756653,1.1969490051269531,3.0631368160247803
-0.772962749004364,0.22169411182403564,2.8827600479125977,-0.7959216237068176,0.03155563771724701,2.888064384460449,-0.8196778893470764,-0.15847454965114594,2.8937253952026367,-0.8434348702430725,-0.3485104441642761,2.8993866443634033,-0.7983190417289734,-0.35596004128456116,2.87388277053833,-0.6589306592941284,-0.37572887539863586,2.7952170372009277,-0.5874816179275513,-0.09427028894424438,2.8487026691436768,-0.5382993817329407,0.18492290377616882,2.864173650741577,-0.5284629464149475,0.24076154828071594,2.8672678470611572,-0.5087900161743164,0.3524388372898102,2.8734562397003174,-0.5771871209144592,0.3050432503223419,2.904160499572754,-0.8888089060783386,-0.3431262671947479,2.9249520301818848,-1.0281972885131836,-0.3233574330806732,3.003617763519287,-1.1337733268737793,-0.052022695541381836,3.0527682304382324,-1.2901042699813843,0.17631301283836365,2.98928165435791,-1.3213704824447632,0.22198015451431274,2.9765844345092773,-1.383902907371521,0.31331443786621094,2.9511897563934326,-1.299908995628357,0.2943112254142761,2.9299488067626953,-0.6808710098266602,0.20928198099136353,2.836437940597534,-0.6764217615127563,0.6745923757553101,2.847433090209961,-0.6619091629981995,1.0869193077087402,2.8784120082855225,-0.7134188413619995,1.200261116027832,2.7754268646240234,-0.8650544881820679,0.23410624265670776,2.929082155227661,-0.8545721173286438,0.6994386911392212,2.9322946071624756,-0.8086563944816589,1.103135585784912,3.010425090789795,-0.8499436974525452,1.2311629056930542,2.920927047729492,-0.9660172462463379,-0.46041709184646606,2.7960944175720215,-0.9920102953910828,-0.5111263394355774,2.7806010246276855,-0.9624730944633484,-0.5724353194236755,2.7741587162017822,-0.8433603048324585,-0.6141483783721924,2.814382553100586,-1.0133347511291504,-0.5610315203666687,2.8221640586853027,-0.9874681830406189,-0.5818375945091248,2.950397491455078,-0.6399016976356506,1.186581015586853,2.9230666160583496,-0.7795887589454651,1.1950254440307617,3.0663013458251953
-0.7713583111763,0.22027286887168884,2.8875138759613037,-0.7950997352600098,0.030164092779159546,2.893731117248535,-0.8195734024047852,-0.15984080731868744,2.900275707244873,-0.8440477848052979,-0.3498513996601105,2.90682053565979,-0.7985818982124329,-0.3576139509677887,2.881988048553467,-0.657584547996521,-0.3784237504005432,2.805093288421631,-0.5875844359397888,-0.09594449400901794,2.857419490814209,-0.5409363508224487,0.18429803848266602,2.8685734272003174,-0.5316067337989807,0.24034655094146729,2.8708043098449707,-0.5129474997520447,0.3524435758590698,2.8752658367156982,-0.5813641548156738,0.30491504073143005,2.9060850143432617,-0.8897796869277954,-0.3441540598869324,2.9317240715026855,-1.0307769775390625,-0.32334426045417786,3.0086188316345215,-1.1394283771514893,-0.0533502995967865,3.0608749389648438,-1.2932528257369995,0.179364413022995,3.00593638420105,-1.3240177631378174,0.2259073555469513,2.994948625564575,-1.3855475187301636,0.3189932405948639,2.972973346710205,-1.301360845565796,0.300171434879303,2.951807737350464,-0.6786966323852539,0.2072249948978424,2.842381477355957,-0.6762188673019409,0.6723770499229431,2.849886655807495,-0.6608420610427856,1.084222435951233,2.8838353157043457,-0.7107416391372681,1.1983610391616821,2.781069755554199,-0.8640199899673462,0.23332074284553528,2.9326462745666504,-0.8494890928268433,0.6983118057250977,2.9337103366851807,-0.7997332215309143,1.1010680198669434,3.013192653656006,-0.8383004665374756,1.2296844720840454,2.9234778881073,-0.9646522402763367,-0.46206754446029663,2.801548480987549,-0.9905728697776794,-0.5127724409103394,2.7859160900115967,-0.961288332939148,-0.5743357539176941,2.7808895111083984,-0.843540608882904,-0.6163807511329651,2.8246397972106934,-1.0133036375045776,-0.5620943307876587,2.8274316787719727,-0.9909173846244812,-0.581696629524231,2.9565091133117676,-0.6390832662582397,1.1834580898284912,2.9294066429138184,-0.7702921628952026,1.1924479007720947,3.069591760635376
-0.7700003385543823,0.21871697902679443,2.8910908699035645,-0.7942342758178711,0.028577551245689392,2.8978912830352783,-0.81915283203125,-0.1614629328250885,2.904977321624756,-0.8440721035003662,-0.35150909423828125,2.9120635986328125,-0.7983807921409607,-0.3594627380371094,2.8876445293426514,-0.6561969518661499,-0.3809356987476349,2.8117613792419434,-0.5864189267158508,-0.09836667776107788,2.8664278984069824,-0.5407101511955261,0.18247491121292114,2.877596378326416,-0.5315684080123901,0.23864322900772095,2.8798301219940186,-0.5132849216461182,0.35097986459732056,2.8842976093292236,-0.5819125771522522,0.3031974732875824,2.914646863937378,-0.8900343179702759,-0.3456209897994995,2.9365599155426025,-1.032218098640442,-0.324148029088974,3.0124430656433105,-1.1414886713027954,-0.05417171120643616,3.066065549850464,-1.2920613288879395,0.18264606595039368,3.017782688140869,-1.3221758604049683,0.23000961542129517,3.0081260204315186,-1.3824049234390259,0.32473671436309814,2.9888129234313965,-1.2982399463653564,0.3054128587245941,2.9674391746520996,-0.6769879460334778,0.20527270436286926,2.8466477394104004,-0.6756789088249207,0.6703174710273743,2.851181745529175,-0.6592395305633545,1.0817945003509521,2.887394428253174,-0.7080709338188171,1.1965928077697754,2.784933090209961,-0.8630127310752869,0.2321612536907196,2.9355340003967285,-0.8448651432991028,0.6968756914138794,2.9352822303771973,-0.7919905781745911,1.0990225076675415,3.01513934135437,-0.8286824822425842,1.2279499769210815,2.9251790046691895,-0.9635027050971985,-0.4639246463775635,2.8056704998016357,-0.989372193813324,-0.5146299600601196,2.7899539470672607,-0.9602404832839966,-0.576326310634613,2.7857308387756348,-0.8433115482330322,-0.6185271143913269,2.8314826488494873,-1.0128989219665527,-0.5636214017868042,2.831418037414551,-0.9925106763839722,-0.5825298428535461,2.9609298706054688,-0.6374825835227966,1.180687427520752,2.9336190223693848,-0.7621350884437561,1.1900956630706787,3.0717451572418213
-0.7686455249786377,0.217250794172287,2.8936703205108643,-0.7931484580039978,0.02702881395816803,2.900728464126587,-0.8183009624481201,-0.16309864819049835,2.908043622970581,-0.8434542417526245,-0.353231817483902,2.915358781814575,-0.797639787197113,-0.36127787828445435,2.891127824783325,-0.6546437740325928,-0.3831011652946472,2.815599203109741,-0.58463054895401,-0.10099136829376221,2.8747150897979736,-0.538844108581543,0.18014365434646606,2.889256715774536,-0.5296868085861206,0.23637065291404724,2.892164945602417,-0.5113722085952759,0.3488246500492096,2.897981643676758,-0.5803256034851074,0.3006643056869507,2.9273970127105713,-0.8895420432090759,-0.3472522497177124,2.939669370651245,-1.0325380563735962,-0.32542896270751953,3.015197992324829,-1.1401560306549072,-0.05414861440658569,3.0681869983673096,-1.2866581678390503,0.18655815720558167,3.0241172313690186,-1.3159586191177368,0.23469951748847961,3.015303373336792,-1.3745595216751099,0.3309822380542755,2.9976754188537598,-1.2906259298324585,0.31049051880836487,2.9758923053741455,-0.6754584312438965,0.20360760390758514,2.8494834899902344,-0.6750432252883911,0.6685538291931152,2.8518154621124268,-0.6576420664787292,1.0797092914581299,2.8899950981140137,-0.7059223651885986,1.195084571838379,2.787985324859619,-0.8618326187133789,0.23089398443698883,2.937857151031494,-0.8409529328346252,0.6953749060630798,2.9364078044891357,-0.7859483957290649,1.0973246097564697,3.0152766704559326,-0.8216390013694763,1.226182460784912,2.924887180328369,-0.962719202041626,-0.46532028913497925,2.808433771133423,-0.988680899143219,-0.5159491300582886,2.7926218509674072,-0.959739089012146,-0.5777484178543091,2.788595199584961,-0.8431923389434814,-0.6203143000602722,2.83498215675354,-1.0125892162322998,-0.5648283362388611,2.834000587463379,-0.9929345846176147,-0.583707332611084,2.9636309146881104,-0.6357482671737671,1.1783027648925781,2.936724901199341,-0.7557166814804077,1.1883552074432373,3.0716960430145264
-0.7659812569618225,0.21550977230072021,2.8988258838653564,-0.7909266948699951,0.02504749596118927,2.905869960784912,-0.8164867758750916,-0.16532500088214874,2.913134813308716,-0.8420476317405701,-0.3557031750679016,2.9203999042510986,-0.7958171963691711,-0.36386436223983765,2.896832227706909,-0.6509205102920532,-0.3861338496208191,2.823063611984253,-0.5813313722610474,-0.1052609384059906,2.891145944595337,-0.5351167321205139,0.17589405179023743,2.9138777256011963,-0.5258737802505493,0.23212504386901855,2.918424129486084,-0.5073879361152649,0.3445870280265808,2.9275166988372803,-0.5772301554679871,0.2957879602909088,2.9542505741119385,-0.8885558843612671,-0.34961116313934326,2.9440464973449707,-1.0334525108337402,-0.3273416757583618,3.017815113067627,-1.131964921951294,-0.05088809132575989,3.06510329246521,-1.2672641277313232,0.19666096568107605,3.019122362136841,-1.2943239212036133,0.246170774102211,3.0099260807037354,-1.348443627357483,0.3451904058456421,2.9915337562561035,-1.2650803327560425,0.320878267288208,2.9707140922546387,-0.6720216870307922,0.20161625742912292,2.8559064865112305,-0.6722084283828735,0.6663302779197693,2.8527865409851074,-0.652826726436615,1.0770087242126465,2.892906665802002,-0.6990574598312378,1.1930419206619263,2.790818929672241,-0.8599408268928528,0.2294032871723175,2.9417452812194824,-0.8377822041511536,0.6935943365097046,2.9396204948425293,-0.7849581837654114,1.0965886116027832,3.0134263038635254,-0.819753110408783,1.2239770889282227,2.920774221420288,-0.9614953994750977,-0.46664726734161377,2.8124399185180664,-0.9877435564994812,-0.5170472860336304,2.7963411808013916,-0.9592428803443909,-0.5790642499923706,2.7923505306243896,-0.8433035016059875,-0.6226297616958618,2.8393805027008057,-1.0122883319854736,-0.5658462643623352,2.8374571800231934,-0.9935990571975708,-0.585178792476654,2.9671826362609863,-0.6309559345245361,1.1752238273620605,2.9403092861175537,-0.7557518482208252,1.1884572505950928,3.0689122676849365
-0.7652202844619751,0.2151200771331787,2.8976495265960693,-0.7893673181533813,0.024412021040916443,2.9039993286132812,-0.8141409158706665,-0.16620711982250214,2.9106013774871826,-0.838915228843689,-0.35683196783065796,2.917203426361084,-0.7930522561073303,-0.36469370126724243,2.892760753631592,-0.6491075754165649,-0.3860543966293335,2.816157341003418,-0.5791036486625671,-0.10700353980064392,2.891781806945801,-0.5322985649108887,0.17337048053741455,2.9236059188842773,-0.522937536239624,0.22944527864456177,2.9299707412719727,-0.5042154788970947,0.3415948748588562,2.9427003860473633,-0.5738937258720398,0.2919411361217499,2.9684765338897705,-0.885047435760498,-0.3510420620441437,2.941718101501465,-1.0289920568466187,-0.3296813666820526,3.0183215141296387,-1.1167302131652832,-0.04872864484786987,3.0614097118377686,-1.244835376739502,0.20194554328918457,3.010768175125122,-1.2704564332962036,0.25208038091659546,3.0006399154663086,-1.321698546409607,0.35235005617141724,2.9803833961486816,-1.2394819259643555,0.3247436285018921,2.95885968208313,-0.6719350814819336,0.20181821286678314,2.8528904914855957,-0.6721197366714478,0.666485607624054,2.8502423763275146,-0.6511200070381165,1.0768667459487915,2.8921000957489014,-0.6990138292312622,1.1935086250305176,2.791510820388794,-0.8585054874420166,0.22842194139957428,2.942408561706543,-0.8403218388557434,0.6927345395088196,2.9448537826538086,-0.7915104627609253,1.0963270664215088,3.0179035663604736,-0.829634964466095,1.2232578992843628,2.925966262817383,-0.9615011215209961,-0.466408371925354,2.811351776123047,-0.9882346391677856,-0.5166029930114746,2.7953903675079346,-0.9598949551582336,-0.5785781145095825,2.7898104190826416,-0.8426637649536133,-0.6227560043334961,2.832939624786377,-1.0116158723831177,-0.5659077167510986,2.8365917205810547,-0.9892061948776245,-0.5868566632270813,2.965486764907837,-0.628155529499054,1.1747797727584839,2.939582347869873,-0.7625318765640259,1.1885476112365723,3.072899341583252
-0.7645506262779236,0.21530401706695557,2.8959360122680664,-0.7877779603004456,0.02439802885055542,2.901623249053955,-0.8115620613098145,-0.16643190383911133,2.9075562953948975,-0.8353468775749207,-0.3572675585746765,2.913489580154419,-0.789887011051178,-0.3647751212120056,2.8881616592407227,-0.6471006274223328,-0.385040819644928,2.8087332248687744,-0.5781748294830322,-0.10706537961959839,2.889604330062866,-0.5329702496528625,0.17298436164855957,2.9271347522735596,-0.5239293575286865,0.22899430990219116,2.934640884399414,-0.5058475136756897,0.34101420640945435,2.949653148651123,-0.5748485326766968,0.29025113582611084,2.9752156734466553,-0.8810652494430542,-0.35183417797088623,2.9388818740844727,-1.0238516330718994,-0.33156847953796387,3.018310308456421,-1.103856086730957,-0.04770427942276001,3.0580804347991943,-1.227951169013977,0.2041741907596588,3.0029666423797607,-1.252770185470581,0.25454989075660706,2.991943836212158,-1.302408218383789,0.35530129075050354,2.9698984622955322,-1.2210941314697266,0.32549774646759033,2.9477341175079346,-0.6720319986343384,0.20265695452690125,2.8492634296417236,-0.6720038056373596,0.6672986745834351,2.8483519554138184,-0.6492177844047546,1.0772812366485596,2.892815113067627,-0.6987611055374146,1.1947649717330933,2.794038772583008,-0.8570692539215088,0.2279510796070099,2.942608594894409,-0.8412516117095947,0.6922754049301147,2.9493510723114014,-0.7946732640266418,1.0961275100708008,3.0222604274749756,-0.8357529044151306,1.222872018814087,2.9313647747039795,-0.9609091281890869,-0.46577519178390503,2.8099961280822754,-0.9880739450454712,-0.5158181190490723,2.7942545413970947,-0.9598748087882996,-0.5777151584625244,2.7871692180633545,-0.8414081931114197,-0.6222845911979675,2.8264074325561523,-1.010236144065857,-0.5656025409698486,2.8355703353881836,-0.9840987920761108,-0.5879654884338379,2.96354341506958,-0.625108003616333,1.1747808456420898,2.940561532974243,-0.7654539346694946,1.188496708869934,3.076862096786499
-0.7642519474029541,0.21597477793693542,2.89355206489563,-0.7864916920661926,0.024903565645217896,2.8985977172851562,-0.8091618418693542,-0.16611142456531525,2.9038517475128174,-0.8318327069282532,-0.3571321368217468,2.9091060161590576,-0.7868691682815552,-0.36424607038497925,2.882781505584717,-0.6456320881843567,-0.38327914476394653,2.8002288341522217,-0.578947901725769,-0.10541734099388123,2.8834128379821777,-0.5369062423706055,0.1748233139514923,2.9232735633850098,-0.5284979343414307,0.23087143898010254,2.931245803833008,-0.5116812586784363,0.342967689037323,2.947190046310425,-0.5795858502388,0.29099977016448975,2.9732837677001953,-0.8770426511764526,-0.3520943522453308,2.9354875087738037,-1.018279790878296,-0.3330612778663635,3.018040180206299,-1.0936411619186401,-0.04789331555366516,3.057706594467163,-1.2177152633666992,0.20358574390411377,3.000653028488159,-1.242530107498169,0.2538815438747406,2.9892423152923584,-1.2921597957611084,0.35447317361831665,2.966420888900757,-1.2115528583526611,0.3237798810005188,2.942904233932495,-0.672691285610199,0.20402845740318298,2.844735622406006,-0.6725648045539856,0.668626070022583,2.84677791595459,-0.648194432258606,1.0781370401382446,2.8943071365356445,-0.6997008919715881,1.1965370178222656,2.797675132751465,-0.8558126091957092,0.22792109847068787,2.942368507385254,-0.8408281207084656,0.6921871900558472,2.9517242908477783,-0.7948484420776367,1.0962939262390137,3.023388385772705,-0.8387320041656494,1.222751498222351,2.9334332942962646,-0.9604785442352295,-0.4647526443004608,2.808429718017578,-0.9880701899528503,-0.5146785378456116,2.7930126190185547,-0.9600269794464111,-0.5764675140380859,2.78438663482666,-0.8403080701828003,-0.6212791800498962,2.819422483444214,-1.0088706016540527,-0.5649428367614746,2.8344802856445312,-0.978698194026947,-0.5886257886886597,2.9613540172576904,-0.6229021549224854,1.1751739978790283,2.9423608779907227,-0.7648940086364746,1.1888437271118164,3.077261447906494
-0.764914870262146,0.21667346358299255,2.8902759552001953,-0.786124587059021,0.025463327765464783,2.8947865962982178,-0.8076531887054443,-0.16570696234703064,2.89947247505188,-0.8291824460029602,-0.3568829894065857,2.904158592224121,-0.7848337292671204,-0.3636029362678528,2.876707077026367,-0.6454951763153076,-0.3814050257205963,2.790604829788208,-0.5816584229469299,-0.10274863243103027,2.873513698577881,-0.5442387461662292,0.17835021018981934,2.9122097492218018,-0.5367547869682312,0.2345699816942215,2.9199490547180176,-0.5217869281768799,0.347009539604187,2.93542742729187,-0.5881091356277466,0.29376012086868286,2.963008165359497,-0.8737651109695435,-0.3522409200668335,2.9316608905792236,-1.013103723526001,-0.33443883061408997,3.017763137817383,-1.085503101348877,-0.04858013987541199,3.058279275894165,-1.211803674697876,0.2013770490884781,2.999255895614624,-1.2370637655258179,0.2513684928417206,2.9874513149261475,-1.2875840663909912,0.35135138034820557,2.9638419151306152,-1.2074300050735474,0.3204520344734192,2.939034938812256,-0.6745420098304749,0.20544084906578064,2.8390636444091797,-0.6737302541732788,0.6699862480163574,2.844782829284668,-0.6477781534194946,1.0791021585464478,2.894658327102661,-0.7015570998191833,1.1982388496398926,2.8002066612243652,-0.8552877306938171,0.22790607810020447,2.941488265991211,-0.8399921655654907,0.6920979619026184,2.952789545059204,-0.7933530807495117,1.096374750137329,3.02294659614563,-0.8399698138237,1.2226288318634033,2.9341001510620117,-0.9607514142990112,-0.46391618251800537,2.806591033935547,-0.9886863827705383,-0.5137848854064941,2.791557788848877,-0.9607451558113098,-0.5754006505012512,2.7813732624053955,-0.8397806882858276,-0.6201776266098022,2.8120203018188477,-1.0079723596572876,-0.5645580291748047,2.8331642150878906,-0.9735912084579468,-0.5894567370414734,2.958761215209961,-0.6212011575698853,1.1757619380950928,2.942767381668091,-0.7622678279876709,1.1890490055084229,3.0759477615356445
-0.7670281529426575,0.2176109254360199,2.8874173164367676,-0.787017285823822,0.026249542832374573,2.891219139099121,-0.8072999715805054,-0.16507764160633087,2.8951847553253174,-0.8275832533836365,-0.35641056299209595,2.8991506099700928,-0.7839701175689697,-0.36268097162246704,2.870440721511841,-0.6468609571456909,-0.37908339500427246,2.780344009399414,-0.5863431692123413,-0.09931987524032593,2.862217664718628,-0.554181694984436,0.18272307515144348,2.899148941040039,-0.547749400138855,0.23913165926933289,2.9065351486206055,-0.5348848104476929,0.3519488573074341,2.9213075637817383,-0.5993596911430359,0.29735150933265686,2.9506351947784424,-0.8714168071746826,-0.35221970081329346,2.927903413772583,-1.0085259675979614,-0.33581727743148804,3.0180001258850098,-1.0790717601776123,-0.04978632926940918,3.060929298400879,-1.2092891931533813,0.19799810647964478,3.0009891986846924,-1.235332727432251,0.2475549876689911,2.9890012741088867,-1.2874196767807007,0.3466687500476837,2.9650251865386963,-1.207581877708435,0.3161237835884094,2.9387400150299072,-0.678053617477417,0.20724765956401825,2.833601236343384,-0.6766464114189148,0.6717020273208618,2.8426029682159424,-0.6495899558067322,1.0805855989456177,2.893510103225708,-0.706098198890686,1.2000774145126343,2.801145553588867,-0.856002688407898,0.22797419130802155,2.9412333965301514,-0.8409844040870667,0.6921094655990601,2.9536333084106445,-0.7932988405227661,1.0963783264160156,3.022930145263672,-0.8428248167037964,1.2226194143295288,2.9356772899627686,-0.9624166488647461,-0.46264657378196716,2.805128335952759,-0.990770161151886,-0.5124207735061646,2.7905094623565674,-0.9630640149116516,-0.573842465877533,2.7785439491271973,-0.8409159779548645,-0.6186545491218567,2.8041892051696777,-1.0083985328674316,-0.5637694597244263,2.832174777984619,-0.9693636894226074,-0.5901142954826355,2.956143379211426,-0.6217350363731384,1.1770495176315308,2.941267251968384,-0.7608950138092041,1.189054250717163,3.075113296508789
-0.7708314657211304,0.21762141585350037,2.891894578933716,-0.7895873188972473,0.026107490062713623,2.8939568996429443,-0.8085833191871643,-0.1653815507888794,2.8961281776428223,-0.827579915523529,-0.35687634348869324,2.8982994556427,-0.7847423553466797,-0.3625168800354004,2.868319034576416,-0.6500020027160645,-0.3769504129886627,2.7742085456848145,-0.591468870639801,-0.09678053855895996,2.856050491333008,-0.5631462335586548,0.18573251366615295,2.892352342605591,-0.5574817061424255,0.24223512411117554,2.8996126651763916,-0.546152651309967,0.3552403450012207,2.914133310317993,-0.6090391278266907,0.2995910346508026,2.9448769092559814,-0.8706239461898804,-0.35331714153289795,2.9283034801483154,-1.0053642988204956,-0.3388836085796356,3.022413969039917,-1.0724432468414307,-0.052705585956573486,3.069551706314087,-1.2065447568893433,0.19305604696273804,3.009956121444702,-1.2333650588989258,0.24220837652683258,2.998037099838257,-1.2870056629180908,0.3405130207538605,2.974198818206787,-1.2077136039733887,0.31026625633239746,2.946009635925293,-0.6832892298698425,0.208441361784935,2.835557222366333,-0.6810827255249023,0.672575831413269,2.853285551071167,-0.6541921496391296,1.0809153318405151,2.9080300331115723,-0.7135701179504395,1.2011831998825073,2.8185579776763916,-0.8583737015724182,0.22680146992206573,2.9482319355010986,-0.8450461626052856,0.6910038590431213,2.9570939540863037,-0.7977014780044556,1.0960907936096191,3.0213139057159424,-0.8505322337150574,1.2212347984313965,2.934462070465088,-0.9645525813102722,-0.4625913202762604,2.8067209720611572,-0.9930287003517151,-0.5123371481895447,2.792189598083496,-0.9653060436248779,-0.5733951330184937,2.7784440517425537,-0.842133641242981,-0.617781937122345,2.799712657928467,-1.0090738534927368,-0.5644456744194031,2.833575963973999,-0.9661424160003662,-0.5924251079559326,2.9559197425842285,-0.625436007976532,1.1769392490386963,2.956102132797241,-0.7643096446990967,1.1894052028656006,3.0716712474823
-0.7729924917221069,0.2164125144481659,2.892943859100342,-0.7902997732162476,0.024734333157539368,2.8933959007263184,-0.8078275918960571,-0.16692352294921875,2.893953561782837,-0.8253559470176697,-0.3585871458053589,2.8945114612579346,-0.7834226489067078,-0.3635636270046234,2.8631579875946045,-0.6515516042709351,-0.37591004371643066,2.7647721767425537,-0.5947268605232239,-0.09512141346931458,2.8450798988342285,-0.5696981549263,0.18766915798187256,2.8803699016571045,-0.5646924376487732,0.24422727525234222,2.887427806854248,-0.5546809434890747,0.35734349489212036,2.9015438556671143,-0.615767776966095,0.30080580711364746,2.9340968132019043,-0.867479681968689,-0.3556937873363495,2.925870895385742,-0.9993507266044617,-0.34334737062454224,3.024256706237793,-1.06039559841156,-0.05649009346961975,3.0743274688720703,-1.1970847845077515,0.1876663863658905,3.0147793292999268,-1.224422574043274,0.2364976853132248,3.0028696060180664,-1.2790982723236084,0.3341602683067322,2.979050397872925,-1.2008062601089478,0.3035486340522766,2.9487009048461914,-0.687163770198822,0.20852334797382355,2.833836793899536,-0.6832948923110962,0.6723365783691406,2.857332706451416,-0.6564974784851074,1.0805970430374146,2.912348985671997,-0.7190990447998047,1.200824499130249,2.8250811100006104,-0.8588212132453918,0.22430168092250824,2.9520509243011475,-0.8501321077346802,0.6885756850242615,2.9600439071655273,-0.8044705986976624,1.093972086906433,3.0232131481170654,-0.8611657619476318,1.2186932563781738,2.9382450580596924,-0.9649214148521423,-0.4635602831840515,2.8059980869293213,-0.993656575679779,-0.513221800327301,2.7916622161865234,-0.966141939163208,-0.5739231109619141,2.7760117053985596,-0.8420997262001038,-0.6180182695388794,2.79235577583313,-1.008040428161621,-0.5660580396652222,2.8327484130859375,-0.9608120918273926,-0.5957338809967041,2.9531095027923584,-0.626697838306427,1.1766080856323242,2.9597771167755127,-0.7703517079353333,1.187530517578125,3.072592258453369
-0.7798659205436707,0.21356788277626038,2.9121615886688232,-0.7946639060974121,0.021403983235359192,2.909541368484497,-0.8096028566360474,-0.17074978351593018,2.9069783687591553,-0.8245422840118408,-0.36290931701660156,2.9044153690338135,-0.7841469645500183,-0.3666524887084961,2.8708174228668213,-0.6579134464263916,-0.3750695288181305,2.7660794258117676,-0.6034765839576721,-0.09388738870620728,2.8427939414978027,-0.5818856954574585,0.18824079632759094,2.8776798248291016,-0.5775675177574158,0.2446664273738861,2.8846569061279297,-0.5689311623573303,0.35751771926879883,2.898611307144165,-0.627068817615509,0.29998812079429626,2.933871030807495,-0.8650999069213867,-0.3612546920776367,2.937985420227051,-0.9913334250450134,-0.3528376519680023,3.0427234172821045,-1.027307152748108,-0.06128394603729248,3.0829007625579834,-1.1623876094818115,0.1761140376329422,3.001199960708618,-1.1894036531448364,0.22359363734722137,2.9848597049713135,-1.2434358596801758,0.3185528516769409,2.952179431915283,-1.1670113801956177,0.2834649085998535,2.9228365421295166,-0.6969719529151917,0.20805023610591888,2.848668336868286,-0.6872583627700806,0.6717345714569092,2.8811585903167725,-0.6612138152122498,1.0809191465377808,2.9329020977020264,-0.7291859984397888,1.2003016471862793,2.848210096359253,-0.8627598881721497,0.21908552944660187,2.9756548404693604,-0.8635597229003906,0.683951735496521,2.9828579425811768,-0.8191971778869629,1.0895026922225952,3.048797369003296,-0.8816449642181396,1.2146954536437988,2.9683475494384766,-0.9679460525512695,-0.4660515785217285,2.819784641265869,-0.9970700740814209,-0.5154638290405273,2.8052690029144287,-0.9699945449829102,-0.5753754377365112,2.786081314086914,-0.844902515411377,-0.6189342737197876,2.7943058013916016,-1.008887529373169,-0.5698239803314209,2.8452186584472656,-0.95509934425354,-0.6032053232192993,2.9618613719940186,-0.6298748850822449,1.1775197982788086,2.9783804416656494,-0.7835937142372131,1.1829553842544556,3.0975937843322754
-0.7845537662506104,0.21259376406669617,2.9132308959960938,-0.7978319525718689,0.020236968994140625,2.9090569019317627,-0.8112210631370544,-0.17211374640464783,2.9049577713012695,-0.8246105909347534,-0.3644702434539795,2.9008586406707764,-0.7856497764587402,-0.36747944355010986,2.865492582321167,-0.6642452478408813,-0.37358754873275757,2.7555649280548096,-0.6106079816818237,-0.0916353166103363,2.8286497592926025,-0.5922560095787048,0.19071084260940552,2.8609249591827393,-0.588585615158081,0.24718007445335388,2.867379903793335,-0.5812448263168335,0.3601185381412506,2.8802900314331055,-0.6366074085235596,0.30190205574035645,2.9185128211975098,-0.8637169599533081,-0.3635517358779907,2.9361798763275146,-0.985121488571167,-0.357443630695343,3.046107530593872,-0.9996663331985474,-0.06393745541572571,3.082958459854126,-1.1268062591552734,0.1768578737974167,2.999586582183838,-1.1522341966629028,0.22501693665981293,2.982912063598633,-1.2030901908874512,0.3213350772857666,2.9495632648468018,-1.1300394535064697,0.2815995216369629,2.917943239212036,-0.7043917179107666,0.2085151970386505,2.8461790084838867,-0.6927697658538818,0.6718826293945312,2.8839895725250244,-0.6670237183570862,1.0811551809310913,2.936108112335205,-0.7392978668212891,1.200435996055603,2.8548171520233154,-0.8647158145904541,0.21667233109474182,2.980282783508301,-0.8701010346412659,0.6815884113311768,2.9901885986328125,-0.8232855200767517,1.0861170291900635,3.0612382888793945,-0.8892683982849121,1.2126224040985107,2.985724449157715,-0.9709464311599731,-0.46695518493652344,2.820526361465454,-1.0003929138183594,-0.5162796974182129,2.8063502311706543,-0.9738306403160095,-0.5756590366363525,2.7849063873291016,-0.8482519388198853,-0.6185687780380249,2.7869584560394287,-1.0101841688156128,-0.5714432001113892,2.8457508087158203,-0.9512535929679871,-0.6066238880157471,2.959351062774658,-0.6343502998352051,1.1778191328048706,2.9805779457092285,-0.7856860756874084,1.1787914037704468,3.110092878341675
-0.7867798209190369,0.21167868375778198,2.9089066982269287,-0.7988137602806091,0.019156694412231445,2.90373158454895,-0.810992419719696,-0.17336001992225647,2.8987014293670654,-0.8231714367866516,-0.3658824861049652,2.8936710357666016,-0.7856157422065735,-0.3683443069458008,2.856733798980713,-0.6689084768295288,-0.37273553013801575,2.7422356605529785,-0.6172568202018738,-0.08993539214134216,2.813075065612793,-0.6038544178009033,0.19283810257911682,2.843208074569702,-0.6011739373207092,0.2493928074836731,2.8492345809936523,-0.595812976360321,0.36250221729278564,2.861287832260132,-0.6482487320899963,0.30332350730895996,2.902015209197998,-0.8608595132827759,-0.3655132055282593,2.930553436279297,-0.9775667786598206,-0.3611219823360443,3.0450515747070312,-0.9699422121047974,-0.06674259901046753,3.075786590576172,-1.080956220626831,0.18232430517673492,2.9939939975738525,-1.1031590700149536,0.23213768005371094,2.977635383605957,-1.1475646495819092,0.33176445960998535,2.944918394088745,-1.0792458057403564,0.2860032916069031,2.911024808883667,-0.709335446357727,0.20872679352760315,2.8386380672454834,-0.6978001594543457,0.6716505289077759,2.8824663162231445,-0.6719146370887756,1.0804457664489746,2.938692569732666,-0.7479481101036072,1.2003720998764038,2.861844062805176,-0.8642241954803467,0.21463057398796082,2.979175329208374,-0.8730162382125854,0.6794776320457458,2.9930410385131836,-0.823579728603363,1.0829064846038818,3.068845272064209,-0.8926548957824707,1.2105847597122192,2.9981629848480225,-0.9721343517303467,-0.467864453792572,2.817638635635376,-1.0019094944000244,-0.5171141028404236,2.8038930892944336,-0.9759642481803894,-0.5760389566421509,2.780524730682373,-0.8502210974693298,-0.6183685064315796,2.776972770690918,-1.0099021196365356,-0.5729056000709534,2.842813491821289,-0.9463786482810974,-0.6094908118247986,2.9534571170806885,-0.6379416584968567,1.1767354011535645,2.98305082321167,-0.7840758562088013,1.17482328414917,3.1176741123199463
-0.7858086824417114,0.21151143312454224,2.8961386680603027,-0.7967075109481812,0.018843844532966614,2.8907501697540283,-0.8077937960624695,-0.17381972074508667,2.885606527328491,-0.8188803791999817,-0.366489052772522,2.880462646484375,-0.7826507091522217,-0.3686027526855469,2.8421716690063477,-0.670348048210144,-0.3719036281108856,2.7237629890441895,-0.6211798191070557,-0.08826795220375061,2.792949914932251,-0.6130303740501404,0.19485455751419067,2.8215129375457764,-0.6114004850387573,0.25147905945777893,2.82722544670105,-0.6081407070159912,0.36472806334495544,2.838650703430176,-0.6577616930007935,0.3045917749404907,2.8814404010772705,-0.8552305698394775,-0.36646944284439087,2.9186975955963135,-0.9675332307815552,-0.3631685674190521,3.0371062755584717,-0.9398715496063232,-0.06889435648918152,3.054166078567505,-1.031178593635559,0.18688368797302246,2.9688360691070557,-1.0494400262832642,0.2380392998456955,2.951770067214966,-1.0859628915786743,0.34035050868988037,2.917638063430786,-1.022914171218872,0.28797516226768494,2.8831233978271484,-0.7109059691429138,0.20931701362133026,2.823103189468384,-0.7003047466278076,0.6716691255569458,2.8730459213256836,-0.6733131408691406,1.0795167684555054,2.9354610443115234,-0.7522820234298706,1.2005586624145508,2.8634557723999023,-0.860711395740509,0.2137058526277542,2.9691741466522217,-0.8717157244682312,0.6783819198608398,2.987372398376465,-0.8193472623825073,1.0806218385696411,3.0675251483917236,-0.8908543586730957,1.209377646446228,3.001338481903076,-0.97030109167099,-0.4681840240955353,2.8090226650238037,-1.0004326105117798,-0.5173901319503784,2.7959036827087402,-0.975213885307312,-0.5759992599487305,2.7709906101226807,-0.84956955909729,-0.6178947687149048,2.7623188495635986,-1.0068094730377197,-0.5735928416252136,2.83453369140625,-0.9390906095504761,-0.6110767126083374,2.9423577785491943,-0.6379929780960083,1.1751186847686768,2.9802677631378174,-0.7780554294586182,1.171783208847046,3.116304874420166
-0.7853363156318665,0.21185529232025146,2.8839526176452637,-0.7952648997306824,0.019076913595199585,2.878964900970459,-0.8053803443908691,-0.17369934916496277,2.8742804527282715,-0.8154960870742798,-0.36648136377334595,2.869595766067505,-0.7804445624351501,-0.36841437220573425,2.8301968574523926,-0.67203289270401,-0.37114837765693665,2.7086081504821777,-0.6255125403404236,-0.08657410740852356,2.7756989002227783,-0.6227578520774841,0.1968608796596527,2.8020124435424805,-0.6222069263458252,0.25354787707328796,2.8072750568389893,-0.6211050748825073,0.36692187190055847,2.817800521850586,-0.6680830717086792,0.3060491681098938,2.8624842166900635,-0.8506575226783752,-0.3666436970233917,2.9089438915252686,-0.9590691924095154,-0.36390969157218933,3.0305325984954834,-0.9138582348823547,-0.07133913040161133,3.028031349182129,-0.9838742017745972,0.18816199898719788,2.9342641830444336,-0.9978774189949036,0.24006223678588867,2.915510654449463,-1.0258837938308716,0.34386271238327026,2.8780038356781006,-0.9684442281723022,0.284803569316864,2.844511032104492,-0.7126607894897461,0.21006032824516296,2.8086588382720947,-0.7027232050895691,0.6718123555183411,2.8640220165252686,-0.6734575629234314,1.0784597396850586,2.9329235553741455,-0.7544204592704773,1.200817584991455,2.8655004501342773,-0.8580118417739868,0.21365025639533997,2.9592463970184326,-0.8699252009391785,0.6781255006790161,2.981597900390625,-0.8142841458320618,1.0791572332382202,3.065523624420166,-0.8874863982200623,1.2089202404022217,3.0032715797424316,-0.9686151146888733,-0.46839073300361633,2.8021812438964844,-0.9989376068115234,-0.5176457166671753,2.789694309234619,-0.9742546677589417,-0.5760095119476318,2.7636878490448,-0.8487641215324402,-0.6173402070999146,2.750972032546997,-1.003920316696167,-0.5740945935249329,2.8281731605529785,-0.9328168630599976,-0.6119146347045898,2.9336800575256348,-0.6367146968841553,1.1732228994369507,2.978365182876587,-0.7713363766670227,1.169580101966858,3.1142494678497314
-0.7850412726402283,0.211359441280365,2.871513605117798,-0.793858528137207,0.018478229641914368,2.8672101497650146,-0.8028945326805115,-0.1744014024734497,2.863309621810913,-0.8119308352470398,-0.3672868311405182,2.8594088554382324,-0.7780093550682068,-0.3691100478172302,2.819016218185425,-0.6732357740402222,-0.3715004026889801,2.694500684738159,-0.6289889216423035,-0.08607292175292969,2.759464979171753,-0.63124018907547,0.19756537675857544,2.7835235595703125,-0.6316904425621033,0.2542930245399475,2.7883353233337402,-0.6325909495353699,0.36774834990501404,2.7979588508605957,-0.6770575642585754,0.30631595849990845,2.8444104194641113,-0.8459504842758179,-0.3675599992275238,2.89975905418396,-0.9507241249084473,-0.3651696443557739,3.0242745876312256,-0.8968552947044373,-0.07519662380218506,2.998568534851074,-0.9549376964569092,0.18191826343536377,2.8910839557647705,-0.9665541648864746,0.233341246843338,2.869586944580078,-0.9897871017456055,0.3361871838569641,2.8265931606292725,-0.9362016320228577,0.27231767773628235,2.795637369155884,-0.714550793170929,0.2098633199930191,2.794142484664917,-0.7045424580574036,0.6709390878677368,2.854875087738037,-0.6720203757286072,1.0761780738830566,2.9303083419799805,-0.7544780969619751,1.199966549873352,2.8674631118774414,-0.8555317521095276,0.21285556256771088,2.9488847255706787,-0.8690186738967896,0.6769962310791016,2.9766528606414795,-0.8117126822471619,1.0769362449645996,3.0645766258239746,-0.8868101835250854,1.2074055671691895,3.0061769485473633,-0.9670240879058838,-0.4688437581062317,2.7960824966430664,-0.9977014064788818,-0.518034815788269,2.784217357635498,-0.9738110899925232,-0.5762187838554382,2.757086753845215,-0.8487542271614075,-0.6174020767211914,2.7402470111846924,-1.0014787912368774,-0.5747343897819519,2.822467565536499,-0.9271461963653564,-0.6131963729858398,2.925492763519287,-0.6336938142776489,1.1699949502944946,2.9764010906219482,-0.7675781846046448,1.1667598485946655,3.1133511066436768
-0.7858980298042297,0.20985716581344604,2.862405300140381,-0.7936133742332458,0.016867145895957947,2.8593273162841797,-0.8015491366386414,-0.17612072825431824,2.8567092418670654,-0.809485137462616,-0.36911439895629883,2.854091167449951,-0.7765779495239258,-0.37095892429351807,2.8128554821014404,-0.6750309467315674,-0.3734111785888672,2.685818910598755,-0.6328359842300415,-0.08682021498680115,2.7469048500061035,-0.6389504671096802,0.19702422618865967,2.767613649368286,-0.6401733756065369,0.2537931203842163,2.7717554569244385,-0.6426191926002502,0.3673309087753296,2.780039072036743,-0.684943437576294,0.3057990074157715,2.8283233642578125,-0.8424786329269409,-0.36936748027801514,2.8952980041503906,-0.9440256357192993,-0.366915225982666,3.022334575653076,-0.8816357851028442,-0.08141258358955383,2.9749844074249268,-0.9240824580192566,0.1738467812538147,2.856346845626831,-0.9325717687606812,0.22489865124225616,2.8326194286346436,-0.949550449848175,0.3270024061203003,2.7851643562316895,-0.9005486369132996,0.25844794511795044,2.7567386627197266,-0.7173991799354553,0.20838111639022827,2.783250093460083,-0.7061111927032471,0.6689572334289551,2.8474743366241455,-0.6692558526992798,1.0729124546051025,2.927666664123535,-0.7525413036346436,1.1980332136154175,2.8686656951904297,-0.8543968796730042,0.21133321523666382,2.9415605068206787,-0.8692470192909241,0.6750831604003906,2.9746971130371094,-0.8115156888961792,1.0742788314819336,3.065685272216797,-0.8885120153427124,1.205055594444275,3.010533094406128,-0.9659501314163208,-0.4706869423389435,2.7942466735839844,-0.9968404769897461,-0.5198838114738464,2.782966375350952,-0.9735422730445862,-0.5779364705085754,2.75504732131958,-0.848876953125,-0.6188696622848511,2.7349812984466553,-0.9995913505554199,-0.5767248272895813,2.821096897125244,-0.9226827621459961,-0.6154366135597229,2.922122001647949,-0.6292089223861694,1.1658573150634766,2.974064350128174,-0.7666064500808716,1.1637518405914307,3.114398717880249
-0.7881608605384827,0.20898926258087158,2.8559651374816895,-0.7949755787849426,0.01591038703918457,2.854496955871582,-0.8019605278968811,-0.17716528475284576,2.85347580909729,-0.8089457154273987,-0.3702467083930969,2.852454662322998,-0.7769489288330078,-0.3722330927848816,2.810502767562866,-0.6782519221305847,-0.3751201927661896,2.6812689304351807,-0.6372782588005066,-0.08723810315132141,2.736962080001831,-0.6453127861022949,0.19684460759162903,2.753574848175049,-0.6469196677207947,0.2536611557006836,2.756897449493408,-0.650133490562439,0.3672942519187927,2.763542652130127,-0.6908335089683533,0.3061540126800537,2.813694477081299,-0.8410183787345886,-0.370358943939209,2.894395351409912,-0.9397153854370117,-0.367471843957901,3.0236291885375977,-0.8775743246078491,-0.08455568552017212,2.96236252784729,-0.9150190949440002,0.1681233048439026,2.8366854190826416,-0.9225080609321594,0.21865910291671753,2.8115499019622803,-0.9374859929084778,0.3197306990623474,2.7612791061401367,-0.8903449773788452,0.24923814833164215,2.7344765663146973,-0.7213727831840515,0.20724496245384216,2.7753548622131348,-0.7078897356987,0.6675131916999817,2.8413541316986084,-0.6665504574775696,1.0704926252365112,2.924234628677368,-0.7502048015594482,1.1966848373413086,2.868105411529541,-0.8549489378929138,0.210733562707901,2.936575412750244,-0.869141697883606,0.6743025779724121,2.9724481105804443,-0.8092924356460571,1.0729241371154785,3.0645864009857178,-0.8873085975646973,1.2040678262710571,3.011786699295044,-0.9666325449943542,-0.47170668840408325,2.795705556869507,-0.9977384805679321,-0.5208829641342163,2.7849392890930176,-0.9750280380249023,-0.5788298845291138,2.756324529647827,-0.8508111834526062,-0.6196274757385254,2.733403205871582,-0.9996281862258911,-0.5778517723083496,2.8229312896728516,-0.9205116033554077,-0.6168560981750488,2.9221224784851074,-0.6248859167098999,1.162755012512207,2.970571279525757,-0.7633373141288757,1.162083387374878,3.1128990650177
-0.7926019430160522,0.20691555738449097,2.8447492122650146,-0.7978336215019226,0.013779684901237488,2.8455963134765625,-0.8032364249229431,-0.17934860289096832,2.8469529151916504,-0.8086393475532532,-0.37248265743255615,2.8483095169067383,-0.7782630920410156,-0.3746858239173889,2.8051791191101074,-0.684516191482544,-0.3782425820827484,2.6721763610839844,-0.6466096043586731,-0.0879104733467102,2.719301462173462,-0.6575334072113037,0.19681009650230408,2.7307016849517822,-0.6597181558609009,0.253754198551178,2.7329816818237305,-0.6640876531600952,0.36764243245124817,2.737541913986206,-0.7019703388214111,0.3069446086883545,2.7906177043914795,-0.8390743732452393,-0.3723786473274231,2.8914546966552734,-0.9328212738037109,-0.3688218891620636,3.0244574546813965,-0.8781992793083191,-0.08640813827514648,2.9522817134857178,-0.9188799262046814,0.1643413007259369,2.8227250576019287,-0.9270160794258118,0.21449118852615356,2.796813726425171,-0.9432883262634277,0.3147909641265869,2.7449910640716553,-0.8965821862220764,0.24375510215759277,2.7183678150177,-0.728851318359375,0.20482449233531952,2.761721611022949,-0.713792085647583,0.6644105315208435,2.832195520401001,-0.6648185849189758,1.0650708675384521,2.922004222869873,-0.7490361332893372,1.193337321281433,2.871690034866333,-0.8563525676727295,0.20900662243366241,2.92777681350708,-0.8673236966133118,0.6718753576278687,2.9729974269866943,-0.8066421151161194,1.0697927474975586,3.0677192211151123,-0.887040913105011,1.201084017753601,3.0189850330352783,-0.9682998657226562,-0.4735637307167053,2.7966012954711914,-0.9997572898864746,-0.5226691365242004,2.786543846130371,-0.9781070947647095,-0.5803113579750061,2.7565205097198486,-0.8548163771629333,-0.6207472085952759,2.72849702835083,-1.0001596212387085,-0.5800096392631531,2.8240227699279785,-0.9172985553741455,-0.6198922395706177,2.9197535514831543,-0.6204215288162231,1.1558688879013062,2.9687118530273438,-0.7596153020858765,1.1586681604385376,3.1155378818511963
-0.7951725125312805,0.20660626888275146,2.8391449451446533,-0.800054669380188,0.01347532868385315,2.8422858715057373,-0.8051566481590271,-0.17963945865631104,2.8460166454315186,-0.8102587461471558,-0.3727600574493408,2.849747657775879,-0.7803953886032104,-0.37543928623199463,2.806283950805664,-0.6881768107414246,-0.38046735525131226,2.6721296310424805,-0.6509530544281006,-0.08885866403579712,2.713470458984375,-0.6615043878555298,0.19629761576652527,2.7209529876708984,-0.6636146306991577,0.2533288598060608,2.722449541091919,-0.6678351759910583,0.3673913776874542,2.725442409515381,-0.7050380110740662,0.3074352741241455,2.779974937438965,-0.840177595615387,-0.3721797466278076,2.893251657485962,-0.9323961734771729,-0.36715167760849,3.0274059772491455,-0.8893841505050659,-0.0811665952205658,2.9603776931762695,-0.9411742091178894,0.1706649363040924,2.8363611698150635,-0.951532244682312,0.22103124856948853,2.8115577697753906,-0.9722482562065125,0.32176387310028076,2.761951208114624,-0.9231535196304321,0.25304606556892395,2.7333128452301025,-0.7322824597358704,0.2036559134721756,2.7554852962493896,-0.7170428037643433,0.6633540987968445,2.825397253036499,-0.6653696894645691,1.06350576877594,2.9160876274108887,-0.7494880557060242,1.1923333406448364,2.867021083831787,-0.8580625653266907,0.20955662429332733,2.922804594039917,-0.8658308386802673,0.6722090244293213,2.9711239337921143,-0.8061428666114807,1.0705392360687256,3.0648603439331055,-0.8873881697654724,1.2014400959014893,3.016444206237793,-0.9707751870155334,-0.47377169132232666,2.80061674118042,-1.0024389028549194,-0.5228629112243652,2.791154384613037,-0.9812957048416138,-0.5806243419647217,2.7609987258911133,-0.8584704399108887,-0.6213152408599854,2.731346607208252,-1.0023858547210693,-0.5800912976264954,2.8288066387176514,-0.9182258248329163,-0.619804859161377,2.923469066619873,-0.6201058626174927,1.153947114944458,2.9626731872558594,-0.7591651082038879,1.1596823930740356,3.1122446060180664
-0.7968337535858154,0.2057076096534729,2.8332772254943848,-0.8015227913856506,0.012611225247383118,2.8386659622192383,-0.8064790368080139,-0.18045897781848907,2.8447136878967285,-0.8114354014396667,-0.3735349774360657,2.850761651992798,-0.7819011807441711,-0.3767116069793701,2.8071036338806152,-0.6906342506408691,-0.3832797706127167,2.672213077545166,-0.6538868546485901,-0.09074151515960693,2.7080438137054443,-0.6642584800720215,0.19463536143302917,2.7112386226654053,-0.6663327813148499,0.2517107427120209,2.7118775844573975,-0.6704814434051514,0.3658614754676819,2.713155508041382,-0.707205593585968,0.30674391984939575,2.7689809799194336,-0.8410235643386841,-0.37245678901672363,2.8944852352142334,-0.9322904944419861,-0.3658886253833771,3.0293760299682617,-0.8936496376991272,-0.07875600457191467,2.9639956951141357,-0.9487254619598389,0.17313894629478455,2.8412222862243652,-0.9597406387329102,0.22351793944835663,2.8166675567626953,-0.9817709922790527,0.3242759108543396,2.7675580978393555,-0.9314925670623779,0.2564532458782196,2.7387101650238037,-0.7344511151313782,0.2018483281135559,2.749269485473633,-0.7186570763587952,0.6616974472999573,2.8184359073638916,-0.6654607653617859,1.0617390871047974,2.9089584350585938,-0.7494856715202332,1.1908167600631714,2.8603267669677734,-0.8592163920402527,0.2095668911933899,2.9172849655151367,-0.8640252947807312,0.6722772121429443,2.965975046157837,-0.8035373687744141,1.070885181427002,3.058227300643921,-0.8848701119422913,1.20173180103302,3.0097463130950928,-0.9721367359161377,-0.4751243591308594,2.803450107574463,-1.0037940740585327,-0.5243274569511414,2.794560194015503,-0.9827716946601868,-0.582280158996582,2.764686346054077,-0.8600890636444092,-0.6230200529098511,2.7345082759857178,-1.003407597541809,-0.581278920173645,2.832629680633545,-0.9185574054718018,-0.6201831698417664,2.927013874053955,-0.6197203397750854,1.1520603895187378,2.955343246459961,-0.756263792514801,1.1601389646530151,3.1051383018493652
-0.7996408343315125,0.2056533396244049,2.8293306827545166,-0.8041616678237915,0.01257951557636261,2.83634090423584,-0.8089958429336548,-0.1804593950510025,2.844066858291626,-0.8138301372528076,-0.373504102230072,2.851793050765991,-0.7845706343650818,-0.37704217433929443,2.807969808578491,-0.6940958499908447,-0.384731650352478,2.6724536418914795,-0.6567254662513733,-0.09172746539115906,2.704228162765503,-0.6663570404052734,0.19376572966575623,2.704087734222412,-0.6682833433151245,0.2508643567562103,2.704059600830078,-0.6721359491348267,0.3650616407394409,2.70400333404541,-0.7085766792297363,0.3066965639591217,2.760833740234375,-0.8431422114372253,-0.37206414341926575,2.895700216293335,-0.9336169958114624,-0.36437466740608215,3.0312163829803467,-0.8999866843223572,-0.07514375448226929,2.9722917079925537,-0.9603843688964844,0.17923706769943237,2.8572192192077637,-0.9724639058113098,0.23011323809623718,2.83420467376709,-0.9966229796409607,0.3318655490875244,2.788175582885742,-0.9461507797241211,0.26539820432662964,2.75657320022583,-0.737671971321106,0.20114187896251678,2.745039939880371,-0.7204034924507141,0.6611136794090271,2.8134186267852783,-0.6660941243171692,1.0612972974777222,2.902878999710083,-0.7500856518745422,1.1904429197311401,2.854304075241089,-0.861609697341919,0.21016480028629303,2.913621425628662,-0.8656036257743835,0.6729274392127991,2.9624340534210205,-0.8048876523971558,1.0716999769210815,3.0540504455566406,-0.8864469528198242,1.2024872303009033,3.005723714828491,-0.9744554758071899,-0.4758615493774414,2.8058695793151855,-1.0060086250305176,-0.5252136588096619,2.7974326610565186,-0.9849541783332825,-0.5832891464233398,2.767815113067627,-0.8622902035713196,-0.6238529086112976,2.737304449081421,-1.0052719116210938,-0.5819301009178162,2.835850715637207,-0.9198570847511292,-0.620002269744873,2.9300715923309326,-0.6199938058853149,1.1516432762145996,2.9488906860351562,-0.7574625611305237,1.1610283851623535,3.100698232650757
-0.8013538718223572,0.20646947622299194,2.8228230476379395,-0.8056958913803101,0.013390257954597473,2.8309414386749268,-0.8103804588317871,-0.17964814603328705,2.8398053646087646,-0.8150651454925537,-0.372692346572876,2.8486695289611816,-0.7860414385795593,-0.37646782398223877,2.804694890975952,-0.6962871551513672,-0.38489168882369995,2.668675661087036,-0.6578422784805298,-0.09179866313934326,2.6984314918518066,-0.666459858417511,0.1937369704246521,2.696729898452759,-0.6681833863258362,0.2508440911769867,2.696389675140381,-0.6716304421424866,0.3650583326816559,2.695708990097046,-0.7079144716262817,0.3071441650390625,2.7531051635742188,-0.8441397547721863,-0.3710150122642517,2.8927407264709473,-0.9338940382003784,-0.3625911474227905,3.0287599563598633,-0.9070131182670593,-0.07214769721031189,2.972306728363037,-0.9746367335319519,0.1826387643814087,2.8622217178344727,-0.9881614446640015,0.2335960566997528,2.8402047157287598,-1.0152108669281006,0.33551064133644104,2.796170711517334,-0.9645928144454956,0.2702626585960388,2.762326717376709,-0.7397354245185852,0.2015291154384613,2.73828387260437,-0.7207309603691101,0.6613208055496216,2.807478666305542,-0.6663317084312439,1.0616177320480347,2.896418571472168,-0.750521719455719,1.1906861066818237,2.8479702472686768,-0.8629723191261292,0.21140983700752258,2.907362222671509,-0.8666673302650452,0.6744122505187988,2.9539730548858643,-0.8065595030784607,1.0739734172821045,3.0425453186035156,-0.8886961936950684,1.2042142152786255,2.993711471557617,-0.9757199883460999,-0.47576266527175903,2.8044731616973877,-1.0071974992752075,-0.5252504348754883,2.796562910079956,-0.9861858487129211,-0.5834602117538452,2.767179012298584,-0.8636193871498108,-0.6238988637924194,2.7361135482788086,-1.0060551166534424,-0.5817166566848755,2.8353383541107178,-0.9199156761169434,-0.6189588904380798,2.929231643676758,-0.6201353073120117,1.1520272493362427,2.9422147274017334,-0.75914466381073,1.1637468338012695,3.0883474349975586
-0.8016794323921204,0.20898407697677612,2.814988851547241,-0.8063669800758362,0.01592448353767395,2.824599027633667,-0.8114911317825317,-0.1770790070295334,2.835073947906494,-0.8166154623031616,-0.37008827924728394,2.8455493450164795,-0.7877036929130554,-0.3742981553077698,2.8015215396881104,-0.6982868313789368,-0.38406482338905334,2.6653101444244385,-0.6594000458717346,-0.09082019329071045,2.693251371383667,-0.6669855713844299,0.19476479291915894,2.690351724624634,-0.668502688407898,0.25188177824020386,2.689771890640259,-0.6715368628501892,0.3661157786846161,2.6886119842529297,-0.7078852653503418,0.3085734248161316,2.746354818344116,-0.8455829620361328,-0.36797618865966797,2.889690637588501,-0.9349998235702515,-0.3582095205783844,3.025902032852173,-0.9155957102775574,-0.06711030006408691,2.9695990085601807,-0.9909577369689941,0.18529057502746582,2.858968496322632,-1.0060300827026367,0.23577074706554413,2.8368422985076904,-1.0361748933792114,0.33673107624053955,2.7925901412963867,-0.9836418628692627,0.2729479968547821,2.75884747505188,-0.7401346564292908,0.20328010618686676,2.7304203510284424,-0.7202765345573425,0.6627177000045776,2.8017117977142334,-0.6673596501350403,1.063155174255371,2.890922784805298,-0.7519025802612305,1.1919643878936768,2.8423967361450195,-0.86322420835495,0.21468804776668549,2.89955735206604,-0.8678167462348938,0.6778475642204285,2.9445230960845947,-0.8086972832679749,1.0779218673706055,3.0314388275146484,-0.8912143707275391,1.207748293876648,2.982142448425293,-0.9771862030029297,-0.4741368591785431,2.8033998012542725,-1.0085524320602417,-0.5238054394721985,2.7962212562561035,-0.987521231174469,-0.5822787284851074,2.7673821449279785,-0.8650028109550476,-0.6226934194564819,2.736104965209961,-1.0070245265960693,-0.579825222492218,2.8356239795684814,-0.9202622175216675,-0.6157417893409729,2.929457187652588,-0.6215397119522095,1.1536978483200073,2.9368350505828857,-0.7614850997924805,1.1680045127868652,3.076842784881592
-0.7994908690452576,0.210936039686203,2.8029797077178955,-0.8042888641357422,0.017847254872322083,2.8129723072052,-0.8095831274986267,-0.1751774400472641,2.8239080905914307,-0.8148775100708008,-0.3682079315185547,2.8348441123962402,-0.7860890030860901,-0.372549831867218,2.79073166847229,-0.6970707178115845,-0.38272184133529663,2.654282569885254,-0.659134566783905,-0.08950310945510864,2.6837809085845947,-0.665967583656311,0.19611752033233643,2.68359637260437,-0.6673341989517212,0.2532416582107544,2.6835594177246094,-0.6700674295425415,0.36748990416526794,2.683485507965088,-0.7064862251281738,0.30949878692626953,2.740734100341797,-0.8437235951423645,-0.36596399545669556,2.879075288772583,-0.9327418804168701,-0.35579198598861694,3.015524387359619,-0.9140793085098267,-0.06593835353851318,2.9528896808624268,-0.990157961845398,0.1838368922472,2.836914539337158,-1.0053737163543701,0.23379194736480713,2.8137195110321045,-1.0358052253723145,0.333702027797699,2.767329454421997,-0.9831720590591431,0.26931917667388916,2.734905958175659,-0.7380246520042419,0.20502831041812897,2.7183377742767334,-0.7182999849319458,0.6637061238288879,2.7944040298461914,-0.6685590147972107,1.0641062259674072,2.8855912685394287,-0.7540102005004883,1.1924985647201538,2.837552547454834,-0.8609570860862732,0.21684376895427704,2.8876216411590576,-0.8668035268783569,0.6799899935722351,2.932587146759033,-0.8080316185951233,1.0800436735153198,3.019836664199829,-0.8908324837684631,1.2098157405853271,2.9708731174468994,-0.9754267930984497,-0.4732722043991089,2.795332431793213,-1.0066598653793335,-0.5231237411499023,2.7889485359191895,-0.9856899380683899,-0.5817795991897583,2.7604587078094482,-0.8633494973182678,-0.622004508972168,2.7283246517181396,-1.0045063495635986,-0.5787501931190491,2.8288605213165283,-0.9166626930236816,-0.6134212017059326,2.9221303462982178,-0.6234949827194214,1.1547755002975464,2.931999921798706,-0.7608407139778137,1.1701375246047974,3.0652410984039307
-0.7955772876739502,0.21296334266662598,2.7903900146484375,-0.8004128336906433,0.019827991724014282,2.800107955932617,-0.8058057427406311,-0.17323921620845795,2.8108344078063965,-0.8111988306045532,-0.3663122057914734,2.821561098098755,-0.7824862003326416,-0.37062186002731323,2.7773852348327637,-0.6937170624732971,-0.3806915581226349,2.640768527984619,-0.6577559113502502,-0.08757245540618896,2.6738297939300537,-0.6640695333480835,0.1980491578578949,2.67866849899292,-0.6653322577476501,0.2551734745502472,2.679636240005493,-0.6678577065467834,0.36942213773727417,2.6815717220306396,-0.7044358253479004,0.31049299240112305,2.7377655506134033,-0.839970052242279,-0.3641010522842407,2.8658535480499268,-0.9287391901016235,-0.35403135418891907,3.0024702548980713,-0.9103423953056335,-0.06598562002182007,2.931786060333252,-0.9867523312568665,0.18035659193992615,2.8088226318359375,-1.002034306526184,0.22962503135204315,2.7842299938201904,-1.0325982570648193,0.32816192507743835,2.735044479370117,-0.9798702597618103,0.26295748353004456,2.704442262649536,-0.734047532081604,0.20716416835784912,2.7057535648345947,-0.7152479290962219,0.6650179624557495,2.786898136138916,-0.6697731614112854,1.0654689073562622,2.8800997734069824,-0.7563707828521729,1.1932274103164673,2.832416296005249,-0.8571070432662964,0.21876251697540283,2.8750264644622803,-0.8643943071365356,0.6816942691802979,2.922027111053467,-0.8055488467216492,1.0811436176300049,3.0119872093200684,-0.8883557319641113,1.2112575769424438,2.9639406204223633,-0.9719259142875671,-0.47190797328948975,2.784531354904175,-1.0031070709228516,-0.5218483209609985,2.7787671089172363,-0.9823542237281799,-0.5805721879005432,2.750303030014038,-0.8603555560112,-0.620650053024292,2.7168617248535156,-1.0003297328948975,-0.5772663950920105,2.8188979625701904,-0.9112859964370728,-0.6112836599349976,2.9112143516540527,-0.6257490515708923,1.1563663482666016,2.9270615577697754,-0.7583314180374146,1.170922040939331,3.0579893589019775
-0.7893848419189453,0.21568676829338074,2.7729883193969727,-0.7943603992462158,0.022533610463142395,2.7824079990386963,-0.799935519695282,-0.17054930329322815,2.7928740978240967,-0.8055108189582825,-0.3636380136013031,2.803340435028076,-0.7772808074951172,-0.3679180145263672,2.758849620819092,-0.6900534629821777,-0.3778897821903229,2.6213502883911133,-0.6552369594573975,-0.08538785576820374,2.6605594158172607,-0.6613311767578125,0.20002830028533936,2.6726088523864746,-0.6625500321388245,0.257111519575119,2.675018787384033,-0.6649877429008484,0.37127798795700073,2.6798386573791504,-0.7012678384780884,0.31097400188446045,2.7347538471221924,-0.8338013887405396,-0.36145663261413574,2.847944974899292,-0.921028733253479,-0.35148486495018005,2.9854443073272705,-0.8963396549224854,-0.06918740272521973,2.8959708213806152,-0.9678308367729187,0.17022141814231873,2.757344961166382,-0.9821290969848633,0.21810318529605865,2.7296197414398193,-1.0107256174087524,0.3138667047023773,2.6741693019866943,-0.9596518278121948,0.245598703622818,2.647721767425537,-0.7285260558128357,0.20996536314487457,2.6878161430358887,-0.7118262052536011,0.666654646396637,2.7757606506347656,-0.6750715970993042,1.067832112312317,2.869724988937378,-0.7647160291671753,1.1937079429626465,2.8226559162139893,-0.8502436280250549,0.2214081734418869,2.8581604957580566,-0.8596500754356384,0.6842830777168274,2.9054534435272217,-0.8053616285324097,1.0849668979644775,2.9927966594696045,-0.8902944326400757,1.2137141227722168,2.944766044616699,-0.9663042426109314,-0.47056007385253906,2.7719931602478027,-0.9972150921821594,-0.5207170248031616,2.767460584640503,-0.9769338369369507,-0.5793430209159851,2.738640546798706,-0.8558844327926636,-0.6185660362243652,2.701523780822754,-0.9927107095718384,-0.5758593678474426,2.8076844215393066,-0.9005855321884155,-0.6086956858634949,2.897148370742798,-0.6329385638237,1.1595993041992188,2.916736125946045,-0.7589545249938965,1.175612449645996,3.037921190261841
-0.7828995585441589,0.21770823001861572,2.766572952270508,-0.7884801030158997,0.02453283965587616,2.7752318382263184,-0.7946544289588928,-0.16857647895812988,2.784902811050415,-0.8008289337158203,-0.36169159412384033,2.794574022293091,-0.7724716663360596,-0.3658760190010071,2.7501542568206787,-0.6848621964454651,-0.37554997205734253,2.612919330596924,-0.6497249007225037,-0.08386102318763733,2.6575920581817627,-0.6562047600746155,0.20133084058761597,2.67413592338562,-0.6575007438659668,0.25836920738220215,2.6774446964263916,-0.6600927114486694,0.3724459409713745,2.6840622425079346,-0.6966807842254639,0.3112395405769348,2.7377662658691406,-0.8292533159255981,-0.3596060872077942,2.839099168777466,-0.9168627858161926,-0.34993213415145874,2.9763340950012207,-0.8852792978286743,-0.07236763834953308,2.8749773502349854,-0.9507280588150024,0.16212576627731323,2.7253799438476562,-0.963817834854126,0.20902444422245026,2.695460557937622,-0.9899973273277283,0.3028218150138855,2.6356215476989746,-0.9401642680168152,0.23241786658763885,2.612621307373047,-0.7217642068862915,0.21213208138942719,2.681572437286377,-0.7074850797653198,0.6683437824249268,2.77238392829895,-0.6765384078025818,1.0700128078460693,2.866346597671509,-0.7676035165786743,1.194669246673584,2.818760633468628,-0.8440349102020264,0.22328437864780426,2.8515734672546387,-0.8542888760566711,0.686270534992218,2.897599458694458,-0.8042968511581421,1.0882433652877808,2.981524705886841,-0.8903495073318481,1.2156999111175537,2.9320647716522217,-0.9613451957702637,-0.46930915117263794,2.7647855281829834,-0.9920531511306763,-0.5195854306221008,2.7605597972869873,-0.9717851877212524,-0.5781000256538391,2.731579065322876,-0.8509678840637207,-0.616762101650238,2.6933515071868896,-0.9869197607040405,-0.5746687650680542,2.8007357120513916,-0.8938491344451904,-0.6070401668548584,2.889295816421509,-0.6358678340911865,1.1623502969741821,2.913529396057129,-0.7589486241340637,1.179748773574829,3.025986433029175
-0.7770352363586426,0.2196643054485321,2.7625277042388916,-0.783191978931427,0.026474356651306152,2.7705702781677246,-0.7899195551872253,-0.16665302217006683,2.7795982360839844,-0.796647310256958,-0.35978618264198303,2.7886266708374023,-0.7680777311325073,-0.36390501260757446,2.7443349361419678,-0.6798191070556641,-0.3733746409416199,2.6075310707092285,-0.6442693471908569,-0.0824107825756073,2.656497001647949,-0.651922345161438,0.20259711146354675,2.6757335662841797,-0.6534529328346252,0.2595987021923065,2.6795809268951416,-0.6565141081809998,0.37360185384750366,2.6872756481170654,-0.6933088898658752,0.3117464780807495,2.7400949001312256,-0.8252900838851929,-0.3577665090560913,2.8330161571502686,-0.9135487079620361,-0.3482968807220459,2.969820022583008,-0.8772778511047363,-0.07487323880195618,2.859161138534546,-0.9384253025054932,0.1550087332725525,2.700815200805664,-0.9506548047065735,0.2009851336479187,2.6691460609436035,-0.9751137495040894,0.2929379343986511,2.6058077812194824,-0.9260131120681763,0.22113123536109924,2.5857388973236084,-0.7155442833900452,0.2141760140657425,2.6777660846710205,-0.7033684849739075,0.6700010299682617,2.7708184719085693,-0.6769376397132874,1.0719562768936157,2.8649518489837646,-0.768963098526001,1.1957073211669922,2.816848039627075,-0.83852618932724,0.22515259683132172,2.8472893238067627,-0.848159909248352,0.6880922317504883,2.893953800201416,-0.8005394339561462,1.0906040668487549,2.9766838550567627,-0.8869898319244385,1.2174594402313232,2.926374673843384,-0.9567874670028687,-0.46794623136520386,2.759154796600342,-0.9873031973838806,-0.5183199048042297,2.7549374103546143,-0.9669029712677002,-0.5766875743865967,2.7258005142211914,-0.8460900187492371,-0.6148000955581665,2.6871438026428223,-0.9818322658538818,-0.5734363198280334,2.7949893474578857,-0.8883897066116333,-0.6055881977081299,2.883178949356079,-0.637452244758606,1.1646909713745117,2.9123642444610596,-0.7558491826057434,1.1824895143508911,3.0210301876068115
-0.7715817093849182,0.22080019116401672,2.759673833847046,-0.7781515121459961,0.027598664164543152,2.7672793865203857,-0.7852751016616821,-0.1655428111553192,2.775850534439087,-0.7923988699913025,-0.358690083026886,2.784421920776367,-0.7635908126831055,-0.36276471614837646,2.740278482437134,-0.6746022701263428,-0.3720964193344116,2.6039583683013916,-0.6389411687850952,-0.08171084523200989,2.656243324279785,-0.6484748721122742,0.20315364003181458,2.6768991947174072,-0.6503816246986389,0.260126531124115,2.6810302734375,-0.6541951298713684,0.3740723133087158,2.6892926692962646,-0.6910495162010193,0.3117179870605469,2.7414867877960205,-0.8212844133377075,-0.35671472549438477,2.8286585807800293,-0.9102729558944702,-0.3473830223083496,2.9649786949157715,-0.8693693280220032,-0.07760035991668701,2.8471932411193848,-0.9261947274208069,0.14854615926742554,2.6819844245910645,-0.9375597834587097,0.1937754601240158,2.648942708969116,-0.9602899551391602,0.28423407673835754,2.5828592777252197,-0.911952793598175,0.21127448976039886,2.56522536277771,-0.7097495794296265,0.21537020802497864,2.675147771835327,-0.6995080709457397,0.6708741188049316,2.770003080368042,-0.6758852601051331,1.072797417640686,2.8650271892547607,-0.7683992385864258,1.196102261543274,2.816711664199829,-0.83341383934021,0.2262301743030548,2.8441998958587646,-0.8419104218482971,0.6889914274215698,2.8928422927856445,-0.7947461009025574,1.0913443565368652,2.9766128063201904,-0.8809835910797119,1.2182884216308594,2.926159143447876,-0.9522855281829834,-0.46715644001960754,2.7549071311950684,-0.9826823472976685,-0.5175859332084656,2.750631093978882,-0.9621739983558655,-0.575847327709198,2.7213830947875977,-0.8413245677947998,-0.6136065721511841,2.6825666427612305,-0.9770499467849731,-0.572748064994812,2.790579080581665,-0.8834730386734009,-0.6048252582550049,2.8786213397979736,-0.6371729969978333,1.1656702756881714,2.912806987762451,-0.7502788305282593,1.1831473112106323,3.0213541984558105
-0.7675188183784485,0.2216039001941681,2.7593655586242676,-0.7741462588310242,0.02838633954524994,2.766653537750244,-0.7812752723693848,-0.16477809846401215,2.7748234272003174,-0.7884044647216797,-0.35794830322265625,2.7829935550689697,-0.7593339085578918,-0.36193445324897766,2.7390127182006836,-0.6695417761802673,-0.37099215388298035,2.6032097339630127,-0.6340335011482239,-0.08092686533927917,2.6573081016540527,-0.6456615328788757,0.20385783910751343,2.6779043674468994,-0.6479871273040771,0.2608147859573364,2.682023525238037,-0.6526383757591248,0.3747286796569824,2.6902620792388916,-0.689488410949707,0.3121214210987091,2.742152452468872,-0.8175525069236755,-0.3560616970062256,2.8270633220672607,-0.9073446393013,-0.3470039963722229,2.9628663063049316,-0.8628488183021545,-0.07677042484283447,2.84745717048645,-0.9133402109146118,0.15365217626094818,2.686156749725342,-0.9234384894371033,0.19973669946193695,2.6538965702056885,-0.9436350464820862,0.2919057607650757,2.589376449584961,-0.8972001075744629,0.2180182933807373,2.570544958114624,-0.7053545713424683,0.21629202365875244,2.6750686168670654,-0.6958885192871094,0.6717138290405273,2.7704052925109863,-0.6729037761688232,1.0735464096069336,2.8659732341766357,-0.765329122543335,1.1968404054641724,2.8174588680267334,-0.8296830654144287,0.22691577672958374,2.8436625003814697,-0.8377183675765991,0.689458966255188,2.894425392150879,-0.7897510528564453,1.0911917686462402,2.9806861877441406,-0.8754280805587769,1.2186678647994995,2.9306185245513916,-0.9478003978729248,-0.4668024182319641,2.752396583557129,-0.9780223369598389,-0.517305850982666,2.7478413581848145,-0.9571940302848816,-0.575428307056427,2.7185585498809814,-0.8360478281974792,-0.6127308011054993,2.6802728176116943,-0.9724313616752625,-0.5725443363189697,2.7876780033111572,-0.8792203068733215,-0.6045596599578857,2.8761110305786133,-0.6344337463378906,1.1663926839828491,2.9140007495880127,-0.7452029585838318,1.1826106309890747,3.0261290073394775
-0.7651095390319824,0.222091406583786,2.7603111267089844,-0.7714428305625916,0.028855249285697937,2.7674458026885986,-0.7782030701637268,-0.1643354743719101,2.7753748893737793,-0.7849634885787964,-0.35753196477890015,2.783304214477539,-0.7556431889533997,-0.36140966415405273,2.739478826522827,-0.6650930643081665,-0.37013182044029236,2.604168653488159,-0.6296571493148804,-0.08031424880027771,2.6589741706848145,-0.6430263519287109,0.20434191823005676,2.6786603927612305,-0.645700216293335,0.2612731456756592,2.6825976371765137,-0.6510478854179382,0.375135600566864,2.69047212600708,-0.6878781914710999,0.31249430775642395,2.7422728538513184,-0.814357340335846,-0.3557540774345398,2.827216148376465,-0.9049074649810791,-0.34703192114830017,2.962526321411133,-0.8620822429656982,-0.07590988278388977,2.848893404006958,-0.913908839225769,0.15519797801971436,2.6892106533050537,-0.9242741465568542,0.20141956210136414,2.657274007797241,-0.9450048208236694,0.2938627004623413,2.5934009552001953,-0.8981793522834778,0.22039532661437988,2.5740714073181152,-0.7026042938232422,0.21693910658359528,2.676250696182251,-0.6927720308303833,0.6723939180374146,2.7713966369628906,-0.6684750318527222,1.0739954710006714,2.867612600326538,-0.7602595686912537,1.197727084159851,2.8189949989318848,-0.8276147842407227,0.22724370658397675,2.8443715572357178,-0.8353776931762695,0.689624011516571,2.896646738052368,-0.7849059104919434,1.0903160572052002,2.986258029937744,-0.8695144653320312,1.2187825441360474,2.9369089603424072,-0.9437180757522583,-0.4668334722518921,2.751063346862793,-0.9737271666526794,-0.5174237489700317,2.746112823486328,-0.9524562358856201,-0.5753900408744812,2.7168452739715576,-0.8308709859848022,-0.6121726036071777,2.679478168487549,-0.968283474445343,-0.5727530717849731,2.785839080810547,-0.8757147192955017,-0.6047011613845825,2.87496018409729,-0.629781186580658,1.166618824005127,2.9158904552459717,-0.7398791313171387,1.1810579299926758,3.032578229904175
-0.7638863325119019,0.22421985864639282,2.7611851692199707,-0.7699782848358154,0.030958369374275208,2.767972230911255,-0.7764489054679871,-0.16226425766944885,2.7754781246185303,-0.782919704914093,-0.35549265146255493,2.7829842567443848,-0.7533262968063354,-0.3592323362827301,2.7393288612365723,-0.661952555179596,-0.36752694845199585,2.6045711040496826,-0.6246383190155029,-0.07858741283416748,2.6611311435699463,-0.6375073790550232,0.20578345656394958,2.6811349391937256,-0.6400811672210693,0.26265764236450195,2.68513560295105,-0.6452288031578064,0.3764059841632843,2.6931371688842773,-0.6825003027915955,0.31383079290390015,2.7445473670959473,-0.8125834465026855,-0.35385316610336304,2.82672119140625,-0.903957188129425,-0.3455585539340973,2.9614789485931396,-0.8674985766410828,-0.07276076078414917,2.850440263748169,-0.9303860068321228,0.15550372004508972,2.6911509037017822,-0.9429634809494019,0.2011566162109375,2.6592929363250732,-0.96811842918396,0.29246240854263306,2.5955772399902344,-0.9188207983970642,0.22087198495864868,2.5757691860198975,-0.7009482979774475,0.21929456293582916,2.677429676055908,-0.6906499862670898,0.6748583912849426,2.772017478942871,-0.6646938920021057,1.0762255191802979,2.868788480758667,-0.7556613087654114,1.2004762887954712,2.8199563026428223,-0.8268243670463562,0.22914515435695648,2.844940662384033,-0.8338209390640259,0.6914125680923462,2.8983383178710938,-0.7801733613014221,1.0909371376037598,2.9912681579589844,-0.8634123802185059,1.2205334901809692,2.94254469871521,-0.9405950307846069,-0.465584933757782,2.748248815536499,-0.9702485799789429,-0.5163268446922302,2.7427475452423096,-0.9482492804527283,-0.5740934610366821,2.713625907897949,-0.825954020023346,-0.6100976467132568,2.6778576374053955,-0.9650483131408691,-0.5717322826385498,2.7823984622955322,-0.8735512495040894,-0.6034077405929565,2.872713327407837,-0.6257193684577942,1.1685975790023804,2.917322874069214,-0.7345445156097412,1.1809132099151611,3.0384860038757324
-0.7634504437446594,0.22552672028541565,2.7650721073150635,-0.7693398594856262,0.03224703669548035,2.7716023921966553,-0.7755426168441772,-0.16100220382213593,2.778717041015625,-0.7817455530166626,-0.3542572259902954,2.7858316898345947,-0.7517942190170288,-0.3578699231147766,2.7424094676971436,-0.659338116645813,-0.3657710552215576,2.6084017753601074,-0.6187436580657959,-0.07813668251037598,2.6672184467315674,-0.6284288763999939,0.20585894584655762,2.6888163089752197,-0.6303659081459045,0.2626580595970154,2.693135976791382,-0.6342399716377258,0.3762563169002533,2.701775074005127,-0.6726009845733643,0.313901424407959,2.7524383068084717,-0.8117643594741821,-0.352744996547699,2.829331398010254,-0.904220461845398,-0.34484386444091797,2.96333909034729,-0.8804019689559937,-0.06812232732772827,2.8599045276641846,-0.9652692079544067,0.15536703169345856,2.7047791481018066,-0.9822426438331604,0.20006489753723145,2.6737539768218994,-1.0161895751953125,0.2894606590270996,2.611703872680664,-0.9627153277397156,0.2217806726694107,2.5896494388580322,-0.69985032081604,0.22077544033527374,2.6818041801452637,-0.6893358826637268,0.6767866611480713,2.774204969406128,-0.6619994640350342,1.0782663822174072,2.8701393604278564,-0.7520464062690735,1.2028416395187378,2.8204312324523926,-0.8270505666732788,0.23027800023555756,2.8483400344848633,-0.8340208530426025,0.6926619410514832,2.900753974914551,-0.7774763703346252,1.0913090705871582,2.9957265853881836,-0.8592510223388672,1.2218378782272339,2.9470083713531494,-0.9380067586898804,-0.46541914343833923,2.7482569217681885,-0.9672147035598755,-0.5163599252700806,2.7422492504119873,-0.9442929029464722,-0.5740010142326355,2.7135982513427734,-0.8211173415184021,-0.6092199087142944,2.68015718460083,-0.962390124797821,-0.571696400642395,2.78204083442688,-0.8723927736282349,-0.6026902794837952,2.874077558517456,-0.6228716969490051,1.1705678701400757,2.918686866760254,-0.7313699722290039,1.180681824684143,3.043623447418213
-0.7634328007698059,0.22809231281280518,2.7677502632141113,-0.769196093082428,0.03479835391044617,2.774059772491455,-0.775272786617279,-0.15846660733222961,2.7809391021728516,-0.7813496589660645,-0.3517373502254486,2.787818670272827,-0.7509661316871643,-0.35528048872947693,2.7446906566619873,-0.6572133302688599,-0.36296412348747253,2.611642360687256,-0.6128419041633606,-0.0770784318447113,2.6741161346435547,-0.6176296472549438,0.2063450813293457,2.6994457244873047,-0.6185871958732605,0.2630297839641571,2.7045116424560547,-0.6205022931098938,0.3763991892337799,2.7146434783935547,-0.6604070663452148,0.3141581416130066,2.764025926589966,-0.811799168586731,-0.350294828414917,2.831021308898926,-0.9055519700050354,-0.3426111936569214,2.9640696048736572,-0.8968225121498108,-0.06343203783035278,2.8661653995513916,-1.0077424049377441,0.14762593805789948,2.710779905319214,-1.0299264192581177,0.1898375302553177,2.6797027587890625,-1.0742944478988647,0.2742607295513153,2.6175484657287598,-1.0149314403533936,0.2120562493801117,2.5949299335479736,-0.6989768147468567,0.22347362339496613,2.6851322650909424,-0.6888257265090942,0.6797316074371338,2.7763192653656006,-0.6604101657867432,1.0810589790344238,2.8725550174713135,-0.7494019269943237,1.206072449684143,2.8220596313476562,-0.8278887867927551,0.23271100223064423,2.8503682613372803,-0.8357514142990112,0.6951138377189636,2.902437925338745,-0.7766742706298828,1.0925917625427246,3.000690460205078,-0.8568857312202454,1.2241493463516235,2.9521474838256836,-0.9356317520141602,-0.46452751755714417,2.7470791339874268,-0.9642197489738464,-0.5157648921012878,2.740642547607422,-0.9400873184204102,-0.5733381509780884,2.712867259979248,-0.8158255219459534,-0.6075904369354248,2.6826064586639404,-0.9598572850227356,-0.5708458423614502,2.780836820602417,-0.8718404769897461,-0.6005290150642395,2.8751866817474365,-0.6212744116783142,1.173163652420044,2.9214653968811035,-0.7302446961402893,1.1812318563461304,3.0496222972869873
-0.7628934383392334,0.2312653362751007,2.771747350692749,-0.7688010334968567,0.03798763453960419,2.778543472290039,-0.7750261425971985,-0.15526019036769867,2.785884380340576,-0.7812514305114746,-0.34851378202438354,2.7932255268096924,-0.7500131130218506,-0.35218745470046997,2.7507221698760986,-0.653807520866394,-0.3602582514286041,2.619842529296875,-0.6056459546089172,-0.07690799236297607,2.687234401702881,-0.6023626923561096,0.2051285207271576,2.719146251678467,-0.6017060279846191,0.2615358233451843,2.7255287170410156,-0.600392758846283,0.3743504285812378,2.738293409347534,-0.6430590748786926,0.3123965263366699,2.7852540016174316,-0.8125574588775635,-0.3469405472278595,2.835808515548706,-0.90876305103302,-0.33886975049972534,2.9666881561279297,-0.928317129611969,-0.054937005043029785,2.8882765769958496,-1.0863624811172485,0.12722750008106232,2.738571882247925,-1.1179715394973755,0.16366040706634521,2.7086310386657715,-1.1811896562576294,0.23652620613574982,2.6487491130828857,-1.1118220090866089,0.18742969632148743,2.6234183311462402,-0.6966802477836609,0.2263861745595932,2.690542459487915,-0.6884661316871643,0.6830829381942749,2.779237747192383,-0.6592836380004883,1.0841540098190308,2.875969648361206,-0.7463966012001038,1.2097265720367432,2.8237152099609375,-0.8291066288948059,0.23614449799060822,2.852952241897583,-0.8393455147743225,0.6985255479812622,2.9039933681488037,-0.7744348645210266,1.0929899215698242,3.0100646018981934,-0.8511021137237549,1.2268753051757812,2.962268114089966,-0.9318774938583374,-0.46435806155204773,2.7476818561553955,-0.9593935012817383,-0.5161331295967102,2.7408995628356934,-0.9331989884376526,-0.5737976431846619,2.715268850326538,-0.807219386100769,-0.6066451072692871,2.691201686859131,-0.956032395362854,-0.5704346299171448,2.782231330871582,-0.8719141483306885,-0.5971166491508484,2.8809289932250977,-0.6205185055732727,1.175986886024475,2.9256317615509033,-0.7272422313690186,1.179849624633789,3.061353921890259
-0.76629239320755,0.23132047057151794,2.788240671157837,-0.7724902033805847,0.038067951798439026,2.7956137657165527,-0.7789872884750366,-0.1551557183265686,2.80346941947937,-0.7854845523834229,-0.34838515520095825,2.8113253116607666,-0.7534630298614502,-0.35221850872039795,2.7694215774536133,-0.6549188494682312,-0.3607743978500366,2.6404762268066406,-0.6050713658332825,-0.07845234870910645,2.709751605987549,-0.5963677763938904,0.20278769731521606,2.74517822265625,-0.5946270823478699,0.25903570652008057,2.7522635459899902,-0.5911456346511841,0.37153172492980957,2.7664341926574707,-0.6359151601791382,0.31000572443008423,2.8118202686309814,-0.8175767064094543,-0.34665197134017944,2.8533143997192383,-0.9161208868026733,-0.33809608221054077,2.982259750366211,-0.952817440032959,-0.05223044753074646,2.91961932182312,-1.1335079669952393,0.11305384337902069,2.776585102081299,-1.1696460247039795,0.14611069858074188,2.7479782104492188,-1.2419222593307495,0.21222442388534546,2.6907644271850586,-1.1681363582611084,0.17168405652046204,2.6631643772125244,-0.6985134482383728,0.22609901428222656,2.7083592414855957,-0.6918078064918518,0.6834853887557983,2.7935190200805664,-0.6625469923019409,1.0848331451416016,2.8890445232391357,-0.7481177449226379,1.2105660438537598,2.8346776962280273,-0.8340713381767273,0.23654192686080933,2.868122100830078,-0.8461249470710754,0.6991609334945679,2.916473150253296,-0.7793065905570984,1.0924732685089111,3.025569438934326,-0.8537975549697876,1.2273190021514893,2.9770452976226807,-0.9335160255432129,-0.466060996055603,2.762120485305786,-0.960367739200592,-0.518147349357605,2.7550668716430664,-0.9328435063362122,-0.5759113430976868,2.7311089038848877,-0.8058491945266724,-0.6080030202865601,2.7118356227874756,-0.9580081701278687,-0.5718876123428345,2.7971935272216797,-0.8771491050720215,-0.5966025590896606,2.8990750312805176,-0.6242698431015015,1.17670476436615,2.9390087127685547,-0.732203483581543,1.1786288022994995,3.0781095027923584
-0.7694483995437622,0.23115509748458862,2.798003673553467,-0.776081919670105,0.03794379532337189,2.8060522079467773,-0.783004641532898,-0.15523870289325714,2.8145365715026855,-0.78992760181427,-0.3484269976615906,2.823021173477173,-0.7570964097976685,-0.3524685502052307,2.781768560409546,-0.6560888886451721,-0.3616621196269989,2.6548550128936768,-0.6039444804191589,-0.08046296238899231,2.726508378982544,-0.5893859267234802,0.19989117980003357,2.765977144241333,-0.5864742398262024,0.2559620141983032,2.7738709449768066,-0.580650806427002,0.36810368299484253,2.789658546447754,-0.6276328563690186,0.3070574402809143,2.8333616256713867,-0.8228339552879333,-0.3464851975440979,2.864366292953491,-0.9238414764404297,-0.3372916281223297,2.9912798404693604,-0.9729307889938354,-0.050265222787857056,2.945103168487549,-1.1646186113357544,0.10819736123085022,2.8090386390686035,-1.202956199645996,0.1398898810148239,2.7818257808685303,-1.2796313762664795,0.2032749056816101,2.727400064468384,-1.203379511833191,0.16898739337921143,2.6981770992279053,-0.7001148462295532,0.2255043089389801,2.719496965408325,-0.6944207549095154,0.6837149858474731,2.800036668777466,-0.6649495363235474,1.0855653285980225,2.8932602405548096,-0.7488871216773987,1.2113091945648193,2.836453437805176,-0.8387819528579712,0.23680588603019714,2.8765103816986084,-0.8516285419464111,0.6997865438461304,2.9207818508148193,-0.7830204963684082,1.0924036502838135,3.031179189682007,-0.8553069233894348,1.2279595136642456,2.981346368789673,-0.9358108043670654,-0.467384934425354,2.7706382274627686,-0.9621913433074951,-0.5196775794029236,2.76336932182312,-0.9336749315261841,-0.577576756477356,2.7409615516662598,-0.8060067296028137,-0.609264612197876,2.7260208129882812,-0.9608989953994751,-0.5729079842567444,2.8061764240264893,-0.8831415772438049,-0.5960364937782288,2.910796642303467,-0.6271466016769409,1.1776008605957031,2.943270444869995,-0.7360556721687317,1.1780906915664673,3.0845892429351807
-0.772968053817749,0.23139044642448425,2.807907819747925,-0.7799879908561707,0.03822775185108185,2.81681227684021,-0.7872461676597595,-0.15490934252738953,2.8260738849639893,-0.7945045828819275,-0.3480522334575653,2.8353357315063477,-0.7609157562255859,-0.3523156940937042,2.7947192192077637,-0.6575833559036255,-0.36219120025634766,2.6697587966918945,-0.6033678650856018,-0.08166083693504333,2.7423973083496094,-0.5837777256965637,0.1980120837688446,2.784292459487915,-0.5798596739768982,0.2539466619491577,2.7926714420318604,-0.5720236301422119,0.36581581830978394,2.809429407119751,-0.6209529638290405,0.3054214119911194,2.851869821548462,-0.8281722664833069,-0.3458879590034485,2.8760528564453125,-0.9315046668052673,-0.33601245284080505,3.0010132789611816,-0.9939935803413391,-0.04872211813926697,2.9792797565460205,-1.1939516067504883,0.1130579262971878,2.860116481781006,-1.233943223953247,0.14541393518447876,2.8362839221954346,-1.3139264583587646,0.21012595295906067,2.788618564605713,-1.236956000328064,0.18150246143341064,2.755467414855957,-0.7021898031234741,0.22526073455810547,2.73073673248291,-0.6965672373771667,0.6844636797904968,2.804964303970337,-0.6661617755889893,1.0870496034622192,2.8943495750427246,-0.7483217120170593,1.2126609086990356,2.8347890377044678,-0.8437463045120239,0.23752015829086304,2.8850789070129395,-0.8560153245925903,0.7009846568107605,2.923274278640747,-0.7854006290435791,1.0934988260269165,3.0325255393981934,-0.8554360866546631,1.2294421195983887,2.980656862258911,-0.9384523630142212,-0.4681791067123413,2.780381679534912,-0.9644262194633484,-0.5206539034843445,2.772996187210083,-0.9350959658622742,-0.5786802768707275,2.7520294189453125,-0.8069597482681274,-0.6100096106529236,2.7409117221832275,-0.9640936851501465,-0.5733897686004639,2.8164215087890625,-0.8891199231147766,-0.5950198173522949,2.923356533050537,-0.6286399960517883,1.1793744564056396,2.943998098373413,-0.7385172247886658,1.1790224313735962,3.0862321853637695
-0.7760941386222839,0.2313549816608429,2.816645860671997,-0.7839590311050415,0.03826068341732025,2.8263466358184814,-0.7921504378318787,-0.15480081737041473,2.83642315864563,-0.8003420829772949,-0.3478681147098541,2.8464999198913574,-0.7658688426017761,-0.3524637222290039,2.8066675662994385,-0.6598034501075745,-0.36336106061935425,2.684102773666382,-0.6039189696311951,-0.0830792486667633,2.7563421726226807,-0.5810166597366333,0.1963425874710083,2.798084259033203,-0.5764362215995789,0.25222694873809814,2.8064327239990234,-0.5672752857208252,0.36399567127227783,2.823129415512085,-0.617920994758606,0.3044292628765106,2.8647031784057617,-0.8349043726921082,-0.345370888710022,2.886442184448242,-0.9409697651863098,-0.33447355031967163,3.009006977081299,-1.0170928239822388,-0.049819737672805786,3.01778244972229,-1.2209925651550293,0.12222251296043396,2.922022819519043,-1.2617725133895874,0.1566309630870819,2.9028708934783936,-1.3433324098587036,0.2254478633403778,2.8645670413970947,-1.2663980722427368,0.2024492621421814,2.8272347450256348,-0.7035518884658813,0.22460900247097015,2.7411811351776123,-0.698789119720459,0.6848304867744446,2.8079583644866943,-0.6683356761932373,1.088303804397583,2.8926596641540527,-0.7485350370407104,1.2134631872177124,2.8296971321105957,-0.8486363887786865,0.23810096085071564,2.892110586166382,-0.8597405552864075,0.7019920945167542,2.923213243484497,-0.7879548072814941,1.0948058366775513,3.0301549434661865,-0.8555272221565247,1.230817437171936,2.9754202365875244,-0.9432426691055298,-0.4673640727996826,2.787581443786621,-0.969376266002655,-0.5196977257728577,2.779771327972412,-0.9398055076599121,-0.5781606435775757,2.7604172229766846,-0.811622142791748,-0.6106276512145996,2.7541821002960205,-0.9710344672203064,-0.5720070600509644,2.823679208755493,-0.9001042246818542,-0.5931925177574158,2.933424472808838,-0.631451427936554,1.181075096130371,2.941880941390991,-0.7415021061897278,1.1804065704345703,3.0840470790863037
-0.7804082632064819,0.23082533478736877,2.832624912261963,-0.7891637682914734,0.0378192663192749,2.843294382095337,-0.7983158826828003,-0.15514442324638367,2.854389190673828,-0.8074682950973511,-0.34811389446258545,2.8654842376708984,-0.7719975709915161,-0.3530873954296112,2.8265833854675293,-0.662790060043335,-0.36515432596206665,2.706796884536743,-0.6057157516479492,-0.08489561080932617,2.7782814502716064,-0.5800564885139465,0.1944100260734558,2.819335460662842,-0.574924647808075,0.25027114152908325,2.8275463581085205,-0.5646609663963318,0.3619934022426605,2.843967914581299,-0.6170415878295898,0.3032901883125305,2.8846237659454346,-0.8430384397506714,-0.34523770213127136,2.904505968093872,-0.9522459506988525,-0.3331707715988159,3.024292469024658,-1.0415102243423462,-0.05454355478286743,3.0605034828186035,-1.2452722787857056,0.128725066781044,2.9880528450012207,-1.2860246896743774,0.16537879407405853,2.973562717437744,-1.3675295114517212,0.23868624866008759,2.944582462310791,-1.2906005382537842,0.22070631384849548,2.9045653343200684,-0.7059739232063293,0.2233835905790329,2.7590889930725098,-0.7022034525871277,0.684512734413147,2.818697452545166,-0.671691358089447,1.088733434677124,2.899352550506592,-0.7496705651283264,1.213511347770691,2.833009719848633,-0.8548426032066345,0.23826707899570465,2.906160831451416,-0.8638291954994202,0.7025318145751953,2.9303457736968994,-0.7916117906570435,1.0960381031036377,3.0341145992279053,-0.8567095994949341,1.2318328619003296,2.9760308265686035,-0.9490945935249329,-0.4671458601951599,2.802690029144287,-0.9754021167755127,-0.5193473696708679,2.794593095779419,-0.9456595778465271,-0.5783436894416809,2.7772281169891357,-0.8176493048667908,-0.6120489239692688,2.7764675617218018,-0.9792715311050415,-0.5710055232048035,2.8391263484954834,-0.9128831028938293,-0.5912573337554932,2.95184588432312,-0.6355275511741638,1.1818809509277344,2.9483518600463867,-0.7458400726318359,1.1819419860839844,3.0880653858184814
-0.7869188189506531,0.22905990481376648,2.8617377281188965,-0.7966378927230835,0.03615126013755798,2.8738086223602295,-0.8068299293518066,-0.15670181810855865,2.8863673210144043,-0.8170222640037537,-0.3495606780052185,2.8989264965057373,-0.7804474830627441,-0.3550112843513489,2.8611154556274414,-0.6676793694496155,-0.3685648739337921,2.744501829147339,-0.6098229885101318,-0.08770522475242615,2.8139712810516357,-0.581767737865448,0.19189393520355225,2.8530216217041016,-0.5761566758155823,0.24781377613544464,2.8608317375183105,-0.5649345517158508,0.35965344309806824,2.8764519691467285,-0.6191295981407166,0.3019505739212036,2.9163126945495605,-0.8537077903747559,-0.3462061882019043,2.9368739128112793,-0.9664759039878845,-0.33265259861946106,3.053487539291382,-1.0666749477386475,-0.06063756346702576,3.108473777770996,-1.2663320302963257,0.13403187692165375,3.0562376976013184,-1.3062634468078613,0.17296576499938965,3.045790433883667,-1.3861262798309326,0.25083354115486145,3.0248959064483643,-1.309132695198059,0.236018106341362,2.983566999435425,-0.7104333639144897,0.2207440286874771,2.790422201156616,-0.7072607278823853,0.6828426718711853,2.841991901397705,-0.6763002276420593,1.0878815650939941,2.9182374477386475,-0.7516279816627502,1.212264060974121,2.8481943607330322,-0.8634042739868164,0.23737578094005585,2.9330532550811768,-0.8690922856330872,0.7019855380058289,2.950662851333618,-0.7966866493225098,1.0963743925094604,3.0508787631988525,-0.8590044379234314,1.2318148612976074,2.9890427589416504,-0.9568787813186646,-0.46897393465042114,2.8329834938049316,-0.9832059741020203,-0.521166205406189,2.824901819229126,-0.9532109498977661,-0.5806823968887329,2.8099141120910645,-0.8255091905593872,-0.6151764988899231,2.814892530441284,-0.9891840219497681,-0.5718828439712524,2.8702735900878906,-0.9274327158927917,-0.5902445316314697,2.9859108924865723,-0.6408708095550537,1.1814336776733398,2.9670002460479736,-0.7517788410186768,1.1826905012130737,3.104896068572998
-0.7926974296569824,0.22646299004554749,2.8843090534210205,-0.8034627437591553,0.03362832963466644,2.897718906402588,-0.8147895932197571,-0.15913644433021545,2.9116604328155518,-0.8261167407035828,-0.35190698504447937,2.925602436065674,-0.7883718013763428,-0.35782843828201294,2.889004945755005,-0.6717343926429749,-0.37286481261253357,2.775864362716675,-0.6130755543708801,-0.09098908305168152,2.8428664207458496,-0.58261638879776,0.18923747539520264,2.8794286251068115,-0.576524555683136,0.24528278410434723,2.8867411613464355,-0.5643408894538879,0.3573734164237976,2.9013659954071045,-0.6204571723937988,0.3007145822048187,2.940429925918579,-0.8639848232269287,-0.34808075428009033,2.9623513221740723,-0.9806222319602966,-0.3330443799495697,3.0754919052124023,-1.0880540609359741,-0.06607711315155029,3.1431005001068115,-1.2799605131149292,0.140903502702713,3.109598159790039,-1.318341851234436,0.1822996288537979,3.1028976440429688,-1.3951044082641602,0.2650918662548065,3.089496612548828,-1.318103551864624,0.2516005337238312,3.0473766326904297,-0.7139929533004761,0.21728624403476715,2.815530300140381,-0.7119148969650269,0.6801310777664185,2.859971284866333,-0.6810387969017029,1.0857771635055542,2.932953119277954,-0.7534860372543335,1.2098153829574585,2.85935115814209,-0.8714019060134888,0.23563973605632782,2.95308780670166,-0.873282253742218,0.7004593014717102,2.9650824069976807,-0.800729513168335,1.0955158472061157,3.062523603439331,-0.859906792640686,1.2306429147720337,2.9970250129699707,-0.9642201066017151,-0.47179117798805237,2.8568379878997803,-0.9905914068222046,-0.5239773988723755,2.848830461502075,-0.9604681134223938,-0.5839830040931702,2.8362174034118652,-0.8332846760749817,-0.6191695928573608,2.8467612266540527,-0.9986448884010315,-0.5737069249153137,2.894974708557129,-0.9414522647857666,-0.5900539755821228,3.013239860534668,-0.646597683429718,1.1796464920043945,2.981814384460449,-0.756819486618042,1.1821590662002563,3.1168367862701416
-0.8012691736221313,0.22298666834831238,2.92149019241333,-0.8129289150238037,0.030109450221061707,2.9357216358184814,-0.8251311182975769,-0.16269896924495697,2.950422525405884,-0.8373336791992188,-0.35551315546035767,2.9651238918304443,-0.7984123826026917,-0.3617302179336548,2.9297685623168945,-0.6777607798576355,-0.3777269721031189,2.8201100826263428,-0.6183382272720337,-0.0947619080543518,2.8863461017608643,-0.5855347514152527,0.18629437685012817,2.9221322536468506,-0.5789740681648254,0.24250563979148865,2.9292895793914795,-0.5658526420593262,0.3549281656742096,2.943603992462158,-0.6239578723907471,0.29899778962135315,2.9814889430999756,-0.8763876557350159,-0.3513917624950409,3.0006392002105713,-0.997039258480072,-0.3353950083255768,3.110297679901123,-1.1095702648162842,-0.07145717740058899,3.185537576675415,-1.2929043769836426,0.14628413319587708,3.1674630641937256,-1.32957124710083,0.1898323893547058,3.1638481616973877,-1.4029048681259155,0.2769289016723633,3.156618356704712,-1.32558274269104,0.26380085945129395,3.114326000213623,-0.7203981876373291,0.2132137268781662,2.8552958965301514,-0.7189252972602844,0.6768364906311035,2.893179178237915,-0.6880481839179993,1.0831704139709473,2.963243007659912,-0.7575632333755493,1.2069180011749268,2.8862557411193848,-0.8821401596069336,0.23275960981845856,2.987684488296509,-0.8802741765975952,0.6978787183761597,2.9943270683288574,-0.8084648847579956,1.094174861907959,3.0879344940185547,-0.8648533821105957,1.2286351919174194,3.018554210662842,-0.9727926850318909,-0.47729164361953735,2.8942818641662598,-0.9987376928329468,-0.5297408103942871,2.886462688446045,-0.9680261015892029,-0.5898935794830322,2.8760414123535156,-0.8411087393760681,-0.6244045495986938,2.8914389610290527,-1.008148193359375,-0.5785858035087585,2.933321714401245,-0.9547879695892334,-0.5923659205436707,3.0537331104278564,-0.6545841097831726,1.1773658990859985,3.0122599601745605,-0.7657322883605957,1.1814534664154053,3.142263650894165
-0.8119239211082458,0.21881479024887085,2.9508039951324463,-0.8255391120910645,0.025805309414863586,2.9664111137390137,-0.8397955298423767,-0.16711775958538055,2.982506275177002,-0.8540523648262024,-0.3600465655326843,2.9986019134521484,-0.8132360577583313,-0.36689284443855286,2.965416669845581,-0.6857091188430786,-0.3849731981754303,2.8616561889648438,-0.6277077794075012,-0.09825646877288818,2.9225149154663086,-0.5916264057159424,0.1848231554031372,2.95573091506958,-0.5844101309776306,0.2414390742778778,2.962374210357666,-0.5699775815010071,0.354670912027359,2.975660562515259,-0.6313208937644958,0.29994693398475647,3.0116899013519287,-0.8950235843658447,-0.3552972674369812,3.0319621562957764,-1.0225504636764526,-0.33721691370010376,3.1357226371765137,-1.1373519897460938,-0.07323524355888367,3.2157771587371826,-1.304251790046692,0.1606079787015915,3.2168030738830566,-1.3376317024230957,0.207376629114151,3.217008352279663,-1.4043916463851929,0.30091392993927,3.217418670654297,-1.3263708353042603,0.2861892580986023,3.1755645275115967,-0.727522075176239,0.20786535739898682,2.8890247344970703,-0.7275391817092896,0.6723331212997437,2.9164154529571533,-0.6977506279945374,1.0796327590942383,2.981729745864868,-0.7624459266662598,1.2025634050369263,2.899345636367798,-0.8963257670402527,0.22976422309875488,3.0125832557678223,-0.887657105922699,0.6949566602706909,3.01138973236084,-0.8155121803283691,1.092233419418335,3.1009035110473633,-0.866346538066864,1.2259809970855713,3.0259902477264404,-0.9861181378364563,-0.4851158857345581,2.924978733062744,-1.0117770433425903,-0.5380605459213257,2.917793035507202,-0.9805071949958801,-0.5988016724586487,2.911442518234253,-0.8541817665100098,-0.6327328085899353,2.9352610111236572,-1.023880124092102,-0.5852065086364746,2.9661500453948975,-0.9770716428756714,-0.5942131280899048,3.0902652740478516,-0.6662560105323792,1.1744223833084106,3.0309624671936035,-0.7745190858840942,1.1800764799118042,3.155712604522705
-0.8223841190338135,0.21434327960014343,2.9875149726867676,-0.8374307155609131,0.021214529871940613,3.0037550926208496,-0.8530907034873962,-0.17183223366737366,3.020385503768921,-0.8687511086463928,-0.36488476395606995,3.0370163917541504,-0.8268333077430725,-0.3720909357070923,3.005187511444092,-0.6954071521759033,-0.39135605096817017,2.90531325340271,-0.6388278603553772,-0.10234925150871277,2.9623873233795166,-0.6014270782470703,0.18192145228385925,2.9937920570373535,-0.5939469337463379,0.2387755960226059,3.000072956085205,-0.578986644744873,0.352483868598938,3.0126349925994873,-0.6421229839324951,0.2984151840209961,3.0474228858947754,-0.9108392000198364,-0.35977691411972046,3.069025754928589,-1.0422652959823608,-0.3405117988586426,3.1689000129699707,-1.1478009223937988,-0.06898337602615356,3.240441083908081,-1.299378514289856,0.17639905214309692,3.23787260055542,-1.3296940326690674,0.22547553479671478,3.237358808517456,-1.3903250694274902,0.3236284852027893,3.2363314628601074,-1.311894416809082,0.3038526177406311,3.19661545753479,-0.7359588742256165,0.20264992117881775,2.92853045463562,-0.7359625101089478,0.6677255630493164,2.9499661922454834,-0.707869291305542,1.076164960861206,3.0103909969329834,-0.7698721289634705,1.1980074644088745,2.9242069721221924,-0.9088093638420105,0.22603663802146912,3.046499490737915,-0.8959973454475403,0.6913576126098633,3.038303852081299,-0.8250249624252319,1.0906248092651367,3.1208369731903076,-0.8730864524841309,1.2228446006774902,3.0413029193878174,-0.9990805387496948,-0.49210330843925476,2.9626622200012207,-1.0245829820632935,-0.5453619360923767,2.956024408340454,-0.9930531978607178,-0.6063584685325623,2.9519360065460205,-0.8670818209648132,-0.6396787166595459,2.979992151260376,-1.037994384765625,-0.5914847254753113,3.005261182785034,-0.9944153428077698,-0.5975363850593567,3.131080150604248,-0.6778372526168823,1.1716972589492798,3.059260606765747,-0.7853469848632812,1.1796406507492065,3.1748592853546143
-0.8221871256828308,0.21211019158363342,2.983490228652954,-0.8378510475158691,0.01885564625263214,3.0002293586730957,-0.854228675365448,-0.17429466545581818,3.0174806118011475,-0.8706068396568298,-0.3674507737159729,3.0347323417663574,-0.8279665112495422,-0.3748917579650879,3.0038321018218994,-0.6938936114311218,-0.39494597911834717,2.9065816402435303,-0.6394212245941162,-0.10364323854446411,2.9581246376037598,-0.6020014882087708,0.181796133518219,2.986037015914917,-0.5945175290107727,0.23888400197029114,2.99161958694458,-0.5795496106147766,0.3530597686767578,3.002784490585327,-0.6436617970466614,0.2994847893714905,3.0371949672698975,-0.913425087928772,-0.36210912466049194,3.0658199787139893,-1.0474979877471924,-0.34205490350723267,3.1630704402923584,-1.141412377357483,-0.06276649236679077,3.223562479019165,-1.2785754203796387,0.1916203498840332,3.2122225761413574,-1.3060081005096436,0.24249771237373352,3.2099545001983643,-1.3608733415603638,0.34425246715545654,3.205418586730957,-1.2825192213058472,0.31906768679618835,3.168121099472046,-0.7343928813934326,0.2000499665737152,2.9264090061187744,-0.7337045669555664,0.6653437614440918,2.944438934326172,-0.7054445743560791,1.074082612991333,3.0031890869140625,-0.765140950679779,1.1956710815429688,2.9149930477142334,-0.909981369972229,0.22417041659355164,3.040571451187134,-0.8963536620140076,0.689569354057312,3.0340983867645264,-0.8269195556640625,1.0885282754898071,3.119703769683838,-0.8727574944496155,1.2210931777954102,3.0393834114074707,-1.000828742980957,-0.49502119421958923,2.960191249847412,-1.0265454053878784,-0.5482891798019409,2.9538464546203613,-0.995237410068512,-0.6095510721206665,2.9508204460144043,-0.8696296811103821,-0.6431987881660461,2.980783462524414,-1.0407849550247192,-0.5938358902931213,3.0034961700439453,-0.9986812472343445,-0.5986725091934204,3.1300313472747803,-0.6761257648468018,1.1697994470596313,3.052170991897583,-0.7884955406188965,1.1773263216018677,3.1750123500823975
-0.8245342373847961,0.20930856466293335,2.9942328929901123,-0.8406882882118225,0.0158243328332901,3.010406732559204,-0.8575179576873779,-0.17756353318691254,3.0270376205444336,-0.8743481040000916,-0.3709571659564972,3.0436689853668213,-0.831092894077301,-0.37838053703308105,3.0135250091552734,-0.6948617696762085,-0.39840778708457947,2.9185030460357666,-0.6429349184036255,-0.10594406723976135,2.970175266265869,-0.6057846546173096,0.17995601892471313,3.0005810260772705,-0.5983545780181885,0.23713603615760803,3.006662130355835,-0.5834944844245911,0.3514960706233978,3.018824338912964,-0.6484748125076294,0.2976509630680084,3.051701784133911,-0.9177862405776978,-0.36563581228256226,3.0739939212799072,-1.054017424583435,-0.34560856223106384,3.169015884399414,-1.1355358362197876,-0.059013694524765015,3.215054750442505,-1.2598172426223755,0.20156443119049072,3.18865966796875,-1.2846735715866089,0.2536800503730774,3.183380603790283,-1.3343861103057861,0.35791128873825073,3.1728227138519287,-1.2562005519866943,0.32726067304611206,3.1389079093933105,-0.7355782389640808,0.19724272191524506,2.9387388229370117,-0.7346009612083435,0.6626786589622498,2.9581689834594727,-0.7077845335006714,1.0716476440429688,3.0172383785247803,-0.7659311294555664,1.1931896209716797,2.9278247356414795,-0.9134902358055115,0.22137440741062164,3.049726963043213,-0.898667573928833,0.686935305595398,3.043210506439209,-0.8314406871795654,1.0868449211120605,3.1269772052764893,-0.8761932849884033,1.2187590599060059,3.0448546409606934,-1.0047296285629272,-0.49757570028305054,2.967505931854248,-1.030700922012329,-0.5507047176361084,2.960730791091919,-0.9996890425682068,-0.6121611595153809,2.957709312438965,-0.8744466304779053,-0.6466434001922607,2.9885761737823486,-1.045604944229126,-0.5963973999023438,3.0101048946380615,-1.0045415163040161,-0.6019795536994934,3.137030601501465,-0.6794635057449341,1.1674566268920898,3.06673264503479,-0.7941141724586487,1.1761767864227295,3.1822736263275146
-0.8212704062461853,0.20875012874603271,2.984173059463501,-0.8375778198242188,0.015067517757415771,2.999691963195801,-0.8545137047767639,-0.17852672934532166,3.015634536743164,-0.8714500665664673,-0.3721267580986023,3.0315775871276855,-0.8277885317802429,-0.37945556640625,3.001924514770508,-0.6901347637176514,-0.39920279383659363,2.908360004425049,-0.6411182284355164,-0.10579007863998413,2.959878921508789,-0.6051638126373291,0.18046393990516663,2.9920847415924072,-0.5979729294776917,0.2377147376537323,2.998525857925415,-0.5835911631584167,0.35221636295318604,3.0114083290100098,-0.6489509344100952,0.29797080159187317,3.0431950092315674,-0.9152957201004028,-0.3669021427631378,3.06140398979187,-1.0529495477676392,-0.3471549153327942,3.154968500137329,-1.1247756481170654,-0.055795371532440186,3.1881113052368164,-1.240268588066101,0.2073785364627838,3.147219181060791,-1.2633671760559082,0.26001331210136414,3.13904070854187,-1.3095643520355225,0.36528289318084717,3.1226837635040283,-1.231695532798767,0.3306022882461548,3.0917229652404785,-0.7315837144851685,0.19682691991329193,2.929609537124634,-0.7302322387695312,0.6622444987297058,2.9506540298461914,-0.7048124074935913,1.071399450302124,3.0093812942504883,-0.7621471881866455,1.1927106380462646,2.9191009998321533,-0.9109570980072021,0.2206733375787735,3.038736581802368,-0.8943852186203003,0.6862314939498901,3.0324740409851074,-0.8281782269477844,1.0867555141448975,3.1143271923065186,-0.8721407651901245,1.218125343322754,3.0308799743652344,-1.002694845199585,-0.4968422055244446,2.953719139099121,-1.0290602445602417,-0.5496935844421387,2.946269989013672,-0.9985058307647705,-0.6113489270210266,2.9425466060638428,-0.8735554814338684,-0.6471512317657471,2.9731578826904297,-1.0443778038024902,-0.5958689451217651,2.9950761795043945,-1.003525972366333,-0.603291392326355,3.1219913959503174,-0.6772275567054749,1.1673474311828613,3.0590503215789795,-0.7914550304412842,1.176473617553711,3.1694273948669434
-0.814782977104187,0.21010753512382507,2.961906909942627,-0.8310789465904236,0.016319379210472107,2.977069616317749,-0.8479897379875183,-0.17738181352615356,2.9926645755767822,-0.864901065826416,-0.37108880281448364,3.0082597732543945,-0.8210710883140564,-0.37835437059402466,2.9788029193878174,-0.6827605366706848,-0.3979189395904541,2.8857760429382324,-0.6358453631401062,-0.10366061329841614,2.935406446456909,-0.6008181571960449,0.18290793895721436,2.9673330783843994,-0.5938127040863037,0.24022164940834045,2.9737184047698975,-0.5798017978668213,0.35484907031059265,2.9864890575408936,-0.6452088356018066,0.3004454970359802,3.0180559158325195,-0.9089148044586182,-0.3659285306930542,3.037886142730713,-1.0472253561019897,-0.34636396169662476,3.130913019180298,-1.1138659715652466,-0.052746981382369995,3.1554131507873535,-1.2257473468780518,0.21036091446876526,3.104182481765747,-1.2481236457824707,0.26298248767852783,3.0939364433288574,-1.2928762435913086,0.368225634098053,3.073444128036499,-1.2152175903320312,0.33143916726112366,3.044285774230957,-0.7248149514198303,0.19829240441322327,2.907594919204712,-0.7229225039482117,0.6636722683906555,2.92946720123291,-0.6977028846740723,1.0728495121002197,2.9881396293640137,-0.7546884417533875,1.1941310167312622,2.897597312927246,-0.9047510027885437,0.22192266583442688,3.016218900680542,-0.8869917392730713,0.6874576807022095,3.01151442527771,-0.820553183555603,1.087775707244873,3.094194173812866,-0.863983690738678,1.2193235158920288,3.010747194290161,-0.9978708028793335,-0.4933335781097412,2.9294092655181885,-1.0248000621795654,-0.5458090901374817,2.9213390350341797,-0.9948738813400269,-0.6076937913894653,2.916476011276245,-0.8700777292251587,-0.6451636552810669,2.945697069168091,-1.0402449369430542,-0.5925717353820801,2.969543218612671,-0.9986290335655212,-0.6023176908493042,3.0960545539855957,-0.6703011393547058,1.168814778327942,3.0378777980804443,-0.7839301824569702,1.177365779876709,3.1495697498321533
-0.8075531721115112,0.2120535969734192,2.937960147857666,-0.8237841725349426,0.018227562308311462,2.952906608581543,-0.8406305313110352,-0.1755116581916809,2.9682915210723877,-0.8574773669242859,-0.3692566752433777,2.9836769104003906,-0.813639760017395,-0.37647581100463867,2.9542124271392822,-0.6752020120620728,-0.3959079682826996,2.8610949516296387,-0.6294523477554321,-0.10111665725708008,2.908673048019409,-0.5947397947311401,0.18557652831077576,2.939910888671875,-0.5877972841262817,0.24291516840457916,2.9461584091186523,-0.5739122629165649,0.3575924336910248,2.958653450012207,-0.6392384171485901,0.30318427085876465,2.9903886318206787,-0.9014981389045715,-0.3641433119773865,3.013308525085449,-1.039935827255249,-0.34471115469932556,3.1064260005950928,-1.1046011447906494,-0.05021020770072937,3.125033378601074,-1.2162326574325562,0.21147799491882324,3.066455125808716,-1.2385590076446533,0.26381564140319824,3.054739475250244,-1.283211588859558,0.36849093437194824,3.031308174133301,-1.2056065797805786,0.3308100402355194,3.003156900405884,-0.7175715565681458,0.20032000541687012,2.8835136890411377,-0.7156242728233337,0.66553795337677,2.90647292137146,-0.6902998685836792,1.0744668245315552,2.9661386013031006,-0.7473078966140747,1.1959559917449951,2.875957489013672,-0.8975347876548767,0.22378718852996826,2.9924066066741943,-0.8793746829032898,0.6892141103744507,2.9898128509521484,-0.8123636245727539,1.0888783931732178,3.074678421020508,-0.8555984497070312,1.2209174633026123,2.9919824600219727,-0.9925362467765808,-0.48888668417930603,2.9043562412261963,-1.0200767517089844,-0.5409578680992126,2.895737648010254,-0.9908247590065002,-0.6030460000038147,2.8895275592803955,-0.8660866022109985,-0.6422110199928284,2.916717767715454,-1.0354477167129517,-0.5883527994155884,2.9433467388153076,-0.9925181865692139,-0.6005803346633911,3.0692052841186523,-0.6628557443618774,1.1702800989151,3.016087532043457,-0.7756149768829346,1.178086757659912,3.1305322647094727
-0.800658643245697,0.21450164914131165,2.914348840713501,-0.8167821168899536,0.020653918385505676,2.929295539855957,-0.8335052728652954,-0.17310865223407745,2.94468092918396,-0.8502289056777954,-0.366877019405365,2.960066795349121,-0.8065564036369324,-0.37407368421554565,2.9303464889526367,-0.6685999631881714,-0.39344045519828796,2.836395025253296,-0.6237555742263794,-0.09803947806358337,2.8812777996063232,-0.5900881290435791,0.18909823894500732,2.909888982772827,-0.583354651927948,0.24652577936649323,2.9156112670898438,-0.5698876976966858,0.3613808751106262,2.927055835723877,-0.6347387433052063,0.30694103240966797,2.959737539291382,-0.8940832018852234,-0.3617863655090332,2.9899544715881348,-1.0320396423339844,-0.3424195945262909,3.0839059352874756,-1.0978367328643799,-0.04794773459434509,3.0995349884033203,-1.2122610807418823,0.21174460649490356,3.037348747253418,-1.235145926475525,0.2636830806732178,3.024911403656006,-1.28091561794281,0.3675600290298462,3.0000369548797607,-1.2032541036605835,0.3300192356109619,2.971808910369873,-0.710986852645874,0.2027982920408249,2.8592967987060547,-0.7086971402168274,0.6677024960517883,2.8830556869506836,-0.6823456287384033,1.076120376586914,2.9440858364105225,-0.7396584153175354,1.1979751586914062,2.854764223098755,-0.89033043384552,0.2262050062417984,2.9694008827209473,-0.8724826574325562,0.6913789510726929,2.968838691711426,-0.8045865893363953,1.0900778770446777,3.056323528289795,-0.8480811715126038,1.2227129936218262,2.97491192817688,-0.9874640107154846,-0.48415401577949524,2.8809640407562256,-1.0155467987060547,-0.5358653664588928,2.8719358444213867,-0.9868865013122559,-0.5980644226074219,2.8642470836639404,-0.8620455861091614,-0.6386210322380066,2.888803005218506,-1.030536413192749,-0.5839194059371948,2.91900372505188,-0.985720157623291,-0.5985434055328369,3.0439465045928955,-0.6544575095176697,1.17164146900177,2.9942030906677246,-0.7674564123153687,1.1787657737731934,3.1126222610473633
-0.7961275577545166,0.21676796674728394,2.9004290103912354,-0.812101423740387,0.022887349128723145,2.915335178375244,-0.8286575078964233,-0.1709115207195282,2.9306633472442627,-0.8452140688896179,-0.36471620202064514,2.9459919929504395,-0.8018355369567871,-0.3718753457069397,2.9158270359039307,-0.6648014187812805,-0.3911241888999939,2.820469379425049,-0.6201711297035217,-0.09527885913848877,2.8628933429718018,-0.5875532627105713,0.1923322081565857,2.888247489929199,-0.5810297131538391,0.2498544156551361,2.8933184146881104,-0.56798255443573,0.3648988604545593,2.9034600257873535,-0.6321730613708496,0.3104707896709442,2.9374780654907227,-0.8887726068496704,-0.3596634864807129,2.9763236045837402,-1.0258067846298218,-0.3404146432876587,3.071681261062622,-1.094408392906189,-0.04654785990715027,3.0875637531280518,-1.212925910949707,0.2114500105381012,3.0257771015167236,-1.2366293668746948,0.2630496025085449,3.0134198665618896,-1.28403639793396,0.36624875664711,2.9887051582336426,-1.2063391208648682,0.3294998109340668,2.9595038890838623,-0.7069828510284424,0.20512032508850098,2.8444607257843018,-0.7040910720825195,0.6697397232055664,2.8682446479797363,-0.6760134100914001,1.077628493309021,2.9303479194641113,-0.7338268160820007,1.1998698711395264,2.8420588970184326,-0.8852722644805908,0.2284156084060669,2.956397294998169,-0.8680810928344727,0.6933344602584839,2.9567408561706543,-0.7990099787712097,1.0911704301834106,3.04603910446167,-0.8430870175361633,1.2242761850357056,2.965911865234375,-0.9845919013023376,-0.47993290424346924,2.867575168609619,-1.0131299495697021,-0.5313411355018616,2.8582208156585693,-0.9849644303321838,-0.5935547351837158,2.848940849304199,-0.8598947525024414,-0.6351733207702637,2.870414972305298,-1.0274847745895386,-0.5801072120666504,2.9047584533691406,-0.9803692102432251,-0.5970721244812012,3.028564691543579,-0.6473830342292786,1.1728442907333374,2.9804787635803223,-0.7612939476966858,1.1794137954711914,3.1025142669677734
-0.7936395406723022,0.21972480416297913,2.9109714031219482,-0.8096165657043457,0.025736987590789795,2.9248082637786865,-0.826115071773529,-0.16818125545978546,2.9390037059783936,-0.8426140546798706,-0.36210528016090393,2.9531993865966797,-0.7997225522994995,-0.3690841794013977,2.9222912788391113,-0.6641556024551392,-0.3877723217010498,2.8245604038238525,-0.6195234656333923,-0.09184324741363525,2.8666915893554688,-0.5907866954803467,0.19663703441619873,2.8867738246917725,-0.5850393176078796,0.2543330788612366,2.8907902240753174,-0.5735446214675903,0.36972519755363464,2.8988232612609863,-0.6362777948379517,0.31491369009017944,2.9349143505096436,-0.8856849074363708,-0.3572341203689575,2.984261989593506,-1.021251916885376,-0.3385459780693054,3.0819928646087646,-1.0958707332611084,-0.04670599102973938,3.106539726257324,-1.2206615209579468,0.21067076921463013,3.05521297454834,-1.2456196546554565,0.26214611530303955,3.044947624206543,-1.295535922050476,0.3650968074798584,3.024416923522949,-1.2179769277572632,0.33064672350883484,2.99216628074646,-0.7053830027580261,0.20835638046264648,2.85349702835083,-0.7014443278312683,0.6730760335922241,2.8741657733917236,-0.6718635559082031,1.0813204050064087,2.932900905609131,-0.7310484647750854,1.2029982805252075,2.8447682857513428,-0.8818960785865784,0.23109322786331177,2.9684457778930664,-0.8674378991127014,0.6960568428039551,2.965841770172119,-0.7986660599708557,1.094486951828003,3.0525143146514893,-0.8447016477584839,1.227088212966919,2.9726812839508057,-0.9842658042907715,-0.4736984074115753,2.8728697299957275,-1.0133031606674194,-0.5246458649635315,2.862055778503418,-0.9856186509132385,-0.5866886377334595,2.8498501777648926,-0.8602185249328613,-0.6297847032546997,2.867419481277466,-1.0271002054214478,-0.5751787424087524,2.907008647918701,-0.9777497053146362,-0.5971733331680298,3.0293684005737305,-0.6422749757766724,1.1768425703048706,2.9818568229675293,-0.7603969573974609,1.1830965280532837,3.1080162525177
-0.7900163531303406,0.22280287742614746,2.899277925491333,-0.8053505420684814,0.028689756989479065,2.9123363494873047,-0.82127445936203,-0.16534391045570374,2.925861358642578,-0.8371988534927368,-0.35938340425491333,2.9393868446350098,-0.7952651381492615,-0.36613959074020386,2.907135009765625,-0.6627221703529358,-0.3841243386268616,2.8051722049713135,-0.6198186278343201,-0.08787772059440613,2.8470802307128906,-0.5968450307846069,0.20141610503196716,2.8628249168395996,-0.5922502875328064,0.2592748701572418,2.865973949432373,-0.5830608606338501,0.37499240040779114,2.872271776199341,-0.643389880657196,0.31928008794784546,2.911007881164551,-0.8793056011199951,-0.3547361493110657,2.971785545349121,-1.0118485689163208,-0.33675140142440796,3.0737483501434326,-1.0874214172363281,-0.046133458614349365,3.1082305908203125,-1.216829538345337,0.21088573336601257,3.067471742630005,-1.2427111864089966,0.2622895836830139,3.0593199729919434,-1.294474482536316,0.3650972545146942,3.0430164337158203,-1.2180404663085938,0.3321063816547394,3.0067756175994873,-0.703554093837738,0.21192005276679993,2.8390350341796875,-0.6998462080955505,0.6764847040176392,2.861806631088257,-0.668571412563324,1.0842567682266235,2.9225449562072754,-0.7304345965385437,1.2065258026123047,2.8371493816375732,-0.8764786124229431,0.233685702085495,2.9595208168029785,-0.8666591048240662,0.6987177729606628,2.9583232402801514,-0.7982075214385986,1.0969407558441162,3.0459485054016113,-0.8475795984268188,1.229771614074707,2.968569278717041,-0.9817129373550415,-0.4684053659439087,2.8604183197021484,-1.0113273859024048,-0.5189657807350159,2.8492116928100586,-0.9843159317970276,-0.5808535218238831,2.834744691848755,-0.8586456179618835,-0.6249611377716064,2.847733974456787,-1.0241279602050781,-0.5705217719078064,2.8933377265930176,-0.9714463949203491,-0.5956878662109375,3.0137476921081543,-0.6375253796577454,1.1794244050979614,2.9712562561035156,-0.7589329481124878,1.1854047775268555,3.100950002670288
-0.7852646708488464,0.22512707114219666,2.8797168731689453,-0.7999547123908997,0.030904904007911682,2.8920440673828125,-0.8153355121612549,-0.1632244735956192,2.9049758911132812,-0.8307167291641235,-0.3573596775531769,2.917908191680908,-0.7897941470146179,-0.3639046549797058,2.88433575630188,-0.6604253053665161,-0.38122478127479553,2.7781982421875,-0.6195240616798401,-0.08492046594619751,2.8210372924804688,-0.6019755005836487,0.2047644555568695,2.8348467350006104,-0.5984658002853394,0.26270145177841187,2.837608575820923,-0.5914463996887207,0.3785754144191742,2.843132495880127,-0.6494162082672119,0.3218623399734497,2.883901596069336,-0.8718065619468689,-0.3529247045516968,2.9516208171844482,-1.0011754035949707,-0.33560457825660706,3.057758331298828,-1.0660825967788696,-0.04253080487251282,3.0923871994018555,-1.190578818321228,0.21661624312400818,3.050440788269043,-1.2154780626296997,0.2684456408023834,3.0420515537261963,-1.265276551246643,0.3721044659614563,3.025273084640503,-1.1906263828277588,0.3367292881011963,2.987657308578491,-0.700729250907898,0.21473421156406403,2.8167097568511963,-0.6981633305549622,0.6789053678512573,2.8450868129730225,-0.6655767560005188,1.0856318473815918,2.911336660385132,-0.7301640510559082,1.2091115713119507,2.829850196838379,-0.8698000907897949,0.23551993072032928,2.9427239894866943,-0.8652251958847046,0.7005296945571899,2.9461469650268555,-0.797385573387146,1.0979385375976562,3.03747820854187,-0.8501869440078735,1.2314187288284302,2.963628053665161,-0.9786919355392456,-0.46322691440582275,2.841043710708618,-1.0091800689697266,-0.5132384300231934,2.8296914100646973,-0.9832859039306641,-0.5750969052314758,2.81317400932312,-0.8577707409858704,-0.6207720041275024,2.8215386867523193,-1.0212464332580566,-0.5655634999275208,2.8731226921081543,-0.9653255939483643,-0.59376060962677,2.991393804550171,-0.6331854462623596,1.1800473928451538,2.9605820178985596,-0.7571719288825989,1.1859147548675537,3.092538595199585
-0.7806676626205444,0.22717392444610596,2.859464645385742,-0.7947559356689453,0.03282482922077179,2.8710079193115234,-0.8095687627792358,-0.1614287942647934,2.883230686187744,-0.8243820667266846,-0.3556882441043854,2.895453929901123,-0.7845450043678284,-0.3619888126850128,2.8605411052703857,-0.6586838960647583,-0.37852609157562256,2.750250816345215,-0.6208237409591675,-0.08232077956199646,2.794240713119507,-0.6109274625778198,0.2075234055519104,2.805426597595215,-0.6089482307434082,0.2654922306537628,2.807663679122925,-0.6049897074699402,0.38142991065979004,2.812138080596924,-0.6599839925765991,0.32352757453918457,2.8550806045532227,-0.8643801212310791,-0.3514990210533142,2.93049955368042,-0.9902412295341492,-0.33496174216270447,3.040789842605591,-1.0358189344406128,-0.03800645470619202,3.0698812007904053,-1.1485651731491089,0.2250044047832489,3.0214428901672363,-1.171114444732666,0.2776065766811371,3.0117552280426025,-1.2162128686904907,0.38281092047691345,2.992379903793335,-1.144574522972107,0.3424338400363922,2.95418643951416,-0.6981797814369202,0.21728846430778503,2.7937021255493164,-0.6967316269874573,0.680869460105896,2.8292574882507324,-0.6633507013320923,1.0864239931106567,2.901473045349121,-0.7307970523834229,1.2110271453857422,2.824190378189087,-0.8631555438041687,0.23705938458442688,2.925227165222168,-0.8635390400886536,0.7019132375717163,2.9344115257263184,-0.7968502640724182,1.0986669063568115,3.0289788246154785,-0.8533107042312622,1.232534408569336,2.9586987495422363,-0.9756193161010742,-0.45871254801750183,2.8210806846618652,-1.0069198608398438,-0.5082197785377502,2.8097074031829834,-0.9821317195892334,-0.5699896216392517,2.791254997253418,-0.856864333152771,-0.6169672608375549,2.7949838638305664,-1.0181934833526611,-0.5612573027610779,2.8524904251098633,-0.959039568901062,-0.5922257900238037,2.9684836864471436,-0.6297416090965271,1.1800744533538818,2.951305866241455,-0.7558005452156067,1.1862956285476685,3.083927869796753
-0.777027428150177,0.22715118527412415,2.8438143730163574,-0.7906426787376404,0.03273309767246246,2.855372428894043,-0.8049322366714478,-0.161593958735466,2.867626190185547,-0.8192222118377686,-0.35592684149742126,2.879880428314209,-0.7805652618408203,-0.3621211349964142,2.843632459640503,-0.6586785912513733,-0.3782895803451538,2.729361057281494,-0.6251027584075928,-0.0818326473236084,2.772136688232422,-0.6252349615097046,0.20792236924171448,2.777813196182251,-0.6252614259719849,0.26587337255477905,2.7789485454559326,-0.6253142952919006,0.3817753791809082,2.781219244003296,-0.6766772866249084,0.32288286089897156,2.826946258544922,-0.8580344319343567,-0.3518447279930115,2.9162614345550537,-0.9799211025238037,-0.33567628264427185,3.0305328369140625,-0.9993722438812256,-0.035355180501937866,3.047045946121216,-1.0922484397888184,0.23267862200737,2.987698554992676,-1.110823631286621,0.2862853705883026,2.9758291244506836,-1.1479741334915161,0.39349889755249023,2.952090263366699,-1.0808625221252441,0.34575605392456055,2.9144856929779053,-0.6968089938163757,0.21745719015598297,2.775247097015381,-0.695561945438385,0.680424153804779,2.8174757957458496,-0.6609713435173035,1.0849345922470093,2.8945398330688477,-0.7312285304069519,1.2104246616363525,2.8213436603546143,-0.8572458624839783,0.23684518039226532,2.912381649017334,-0.8596706986427307,0.7015607357025146,2.924903154373169,-0.7928029298782349,1.0983774662017822,3.018867254257202,-0.8525811433792114,1.232080101966858,2.9511051177978516,-0.9739388227462769,-0.4567139446735382,2.8096694946289062,-1.006064534187317,-0.5058095455169678,2.7987966537475586,-0.9824960231781006,-0.5675443410873413,2.7786812782287598,-0.8575840592384338,-0.6156166791915894,2.7773165702819824,-1.016269564628601,-0.5593084096908569,2.8412821292877197,-0.9532758593559265,-0.5922815799713135,2.954685688018799,-0.6260221004486084,1.1779413223266602,2.944626569747925,-0.7505876421928406,1.186082124710083,3.0727760791778564
-0.7745242118835449,0.22584787011146545,2.829202651977539,-0.7873765826225281,0.031349942088127136,2.840855598449707,-0.8008887767791748,-0.16305677592754364,2.8532602787017822,-0.814401388168335,-0.3574693202972412,2.8656654357910156,-0.7769424319267273,-0.3635328412055969,2.828146457672119,-0.6592367887496948,-0.3792353868484497,2.7102713584899902,-0.6301475167274475,-0.0824519693851471,2.7515807151794434,-0.6408106088638306,0.20682576298713684,2.751803398132324,-0.6429432034492493,0.26468130946159363,2.751847982406616,-0.6472084522247314,0.3803924024105072,2.7519371509552,-0.6948161125183105,0.3206660747528076,2.800359010696411,-0.8520072102546692,-0.3535188138484955,2.9033193588256836,-0.9697128534317017,-0.3378162682056427,3.0211944580078125,-0.960228681564331,-0.03692552447319031,3.0183942317962646,-1.0280933380126953,0.2344851791858673,2.9440574645996094,-1.0416662693023682,0.28876733779907227,2.929190158843994,-1.0688121318817139,0.3973316252231598,2.8994555473327637,-1.007683277130127,0.3410795032978058,2.8637146949768066,-0.6966801285743713,0.21643081307411194,2.757880449295044,-0.6956790089607239,0.6787316203117371,2.806600570678711,-0.6593940258026123,1.0820447206497192,2.888850212097168,-0.7323083877563477,1.2084777355194092,2.8200278282165527,-0.8523682951927185,0.23526492714881897,2.900524854660034,-0.8561654090881348,0.6998183727264404,2.917027711868286,-0.7890651822090149,1.0966954231262207,3.01045823097229,-0.8520796298980713,1.2302268743515015,2.9453670978546143,-0.9720655679702759,-0.457034707069397,2.8003921508789062,-1.0047895908355713,-0.5059093832969666,2.7903072834014893,-0.9822506308555603,-0.5675720572471619,2.7688164710998535,-0.8576754927635193,-0.616143524646759,2.762422800064087,-1.0136499404907227,-0.5597299933433533,2.832698106765747,-0.9466403126716614,-0.5939245223999023,2.943420648574829,-0.6229942440986633,1.1743381023406982,2.9392075538635254,-0.7456936240196228,1.1844773292541504,3.0632987022399902
-0.774215042591095,0.224870502948761,2.8173391819000244,-0.7860199809074402,0.0302792489528656,2.8289430141448975,-0.798388659954071,-0.16423235833644867,2.8412723541259766,-0.8107577562332153,-0.35874974727630615,2.8536019325256348,-0.7744626402854919,-0.3645758330821991,2.814910411834717,-0.6608631610870361,-0.37947455048561096,2.6938250064849854,-0.636080801486969,-0.08235004544258118,2.7339041233062744,-0.6574774980545044,0.20608443021774292,2.729079484939575,-0.6617568135261536,0.26377132534980774,2.728114604949951,-0.6703155040740967,0.3791451156139374,2.726184606552124,-0.7141320705413818,0.3187265694141388,2.777139902114868,-0.8471872806549072,-0.3550378978252411,2.892427444458008,-0.960786759853363,-0.3401391804218292,3.0135128498077393,-0.9273327589035034,-0.041990727186203,2.99133563041687,-0.9723914265632629,0.2301548719406128,2.9042606353759766,-0.9814031720161438,0.2845839858055115,2.886845588684082,-0.9994266629219055,0.39344221353530884,2.852015495300293,-0.9448158740997314,0.33006012439727783,2.817852735519409,-0.6986861824989319,0.2158842533826828,2.743481397628784,-0.6970492005348206,0.6775922179222107,2.7974417209625244,-0.6576747298240662,1.0796129703521729,2.884422779083252,-0.7326192855834961,1.2070964574813843,2.8198578357696533,-0.8497439026832581,0.23385675251483917,2.8911969661712646,-0.8533971905708313,0.6982526779174805,2.9114863872528076,-0.7853212952613831,1.0951467752456665,3.004101037979126,-0.8510617017745972,1.2285677194595337,2.941535711288452,-0.9703664779663086,-0.4582735598087311,2.793117046356201,-1.0033118724822998,-0.5071643590927124,2.7838335037231445,-0.9813867807388306,-0.5686315894126892,2.7611618041992188,-0.8569871187210083,-0.6168562173843384,2.750155448913574,-1.0105878114700317,-0.5612930059432983,2.8261430263519287,-0.9397234916687012,-0.5960636734962463,2.9342691898345947,-0.619568407535553,1.1711254119873047,2.9349381923675537,-0.7407158613204956,1.1829711198806763,3.0558276176452637
-0.7756891846656799,0.2242952287197113,2.8061892986297607,-0.7862772941589355,0.029600292444229126,2.8173739910125732,-0.7973583936691284,-0.16502487659454346,2.829272985458374,-0.8084398508071899,-0.35965588688850403,2.841172218322754,-0.7732310891151428,-0.3651547431945801,2.8014395236968994,-0.6634689569473267,-0.37897634506225586,2.677584409713745,-0.6436482667922974,-0.08153772354125977,2.7174806594848633,-0.6762423515319824,0.2056879997253418,2.709167957305908,-0.6827611923217773,0.26313313841819763,2.707505464553833,-0.6957988142967224,0.3780234456062317,2.7041804790496826,-0.7357928156852722,0.31678688526153564,2.757216691970825,-0.8437690138816833,-0.3562723994255066,2.8810343742370605,-0.9535311460494995,-0.3424507975578308,3.004889488220215,-0.9023554921150208,-0.049469709396362305,2.9601967334747314,-0.9305607080459595,0.21906650066375732,2.856645345687866,-0.9362017512321472,0.27277374267578125,2.835935115814209,-0.9474838376045227,0.3801882266998291,2.7945146560668945,-0.8985338807106018,0.3109876215457916,2.7632498741149902,-0.702357828617096,0.21593309938907623,2.7300472259521484,-0.6993882656097412,0.6770481467247009,2.788776159286499,-0.6560368537902832,1.077636480331421,2.880337953567505,-0.7324524521827698,1.2062692642211914,2.819913148880005,-0.8490205407142639,0.23265735805034637,2.882331371307373,-0.8515189290046692,0.6968612670898438,2.9066944122314453,-0.7820590138435364,1.093614101409912,2.998870372772217,-0.8500620126724243,1.2270534038543701,2.938816785812378,-0.9697005748748779,-0.4589764475822449,2.7848265171051025,-1.0028334856033325,-0.5078553557395935,2.776136875152588,-0.9815170764923096,-0.569071888923645,2.7522239685058594,-0.8574265241622925,-0.6169315576553345,2.7368686199188232,-1.008674144744873,-0.5623854398727417,2.8181612491607666,-0.9343715310096741,-0.59798663854599,2.9236907958984375,-0.6161144971847534,1.1682883501052856,2.931000232696533,-0.7362380623817444,1.1813852787017822,3.0496134757995605
-0.7810646295547485,0.22469210624694824,2.792440414428711,-0.7898733615875244,0.030025199055671692,2.8025460243225098,-0.7990613579750061,-0.16458962857723236,2.8132967948913574,-0.8082496523857117,-0.3592102825641632,2.824047803878784,-0.7750443816184998,-0.3641299605369568,2.7826149463653564,-0.6719757318496704,-0.37609967589378357,2.654020071029663,-0.6687544584274292,-0.07810872793197632,2.6946301460266113,-0.7262604236602783,0.20511436462402344,2.6840760707855225,-0.7377616167068481,0.2617589831352234,2.6819653511047363,-0.7607640027999878,0.3750482201576233,2.677743673324585,-0.7927854061126709,0.31156525015830994,2.733485698699951,-0.8415547609329224,-0.3564058840274811,2.8655974864959717,-0.9446234107017517,-0.3444361686706543,2.994192361831665,-0.8788113594055176,-0.06337615847587585,2.9097399711608887,-0.8940474390983582,0.19231179356575012,2.775482177734375,-0.8970946669578552,0.2434493899345398,2.7486305236816406,-0.9031891226768494,0.34572458267211914,2.694927453994751,-0.860744833946228,0.2698800265789032,2.670254945755005,-0.7116696834564209,0.2174077183008194,2.7126097679138184,-0.7034763097763062,0.6778480410575867,2.7757959365844727,-0.6512566804885864,1.0764877796173096,2.8710718154907227,-0.7293428182601929,1.2067830562591553,2.816664218902588,-0.8504595756530762,0.2319764941930771,2.8722710609436035,-0.8497196435928345,0.6959714293479919,2.9000754356384277,-0.7776139974594116,1.0931508541107178,2.9882075786590576,-0.8492146134376526,1.226180076599121,2.9315412044525146,-0.9707646369934082,-0.45939403772354126,2.7732903957366943,-1.0037211179733276,-0.5084851980209351,2.765256881713867,-0.9828519225120544,-0.5690311193466187,2.739374876022339,-0.8591033816337585,-0.6151917576789856,2.7176716327667236,-1.007083535194397,-0.5637564063072205,2.8065483570098877,-0.92775958776474,-0.6002467274665833,2.907996416091919,-0.6078214049339294,1.16593599319458,2.920966386795044,-0.7297118902206421,1.1812009811401367,3.0364737510681152
-0.7883142828941345,0.22471299767494202,2.79622745513916,-0.7959238290786743,0.030050724744796753,2.8054087162017822,-0.8038410544395447,-0.16457107663154602,2.8151698112487793,-0.8117585182189941,-0.3591987192630768,2.8249311447143555,-0.7798016667366028,-0.3636881709098816,2.782514810562134,-0.680753231048584,-0.37431037425994873,2.6510605812072754,-0.6896816492080688,-0.07650750875473022,2.6924655437469482,-0.7616361379623413,0.2034827172756195,2.683385133743286,-0.7760270237922668,0.2594807744026184,2.6815690994262695,-0.8048088550567627,0.3714768588542938,2.6779367923736572,-0.8319119215011597,0.30659693479537964,2.7346880435943604,-0.8438013792037964,-0.3568246364593506,2.8674535751342773,-0.9428498148918152,-0.34620243310928345,2.9989078044891357,-0.8818735480308533,-0.06901782751083374,2.899252414703369,-0.9021081328392029,0.1803629845380783,2.7541518211364746,-0.9061550498008728,0.2302391529083252,2.7251317501068115,-0.9142488837242126,0.32999148964881897,2.6670913696289062,-0.8721877336502075,0.2532408833503723,2.6446218490600586,-0.7212737798690796,0.21823139488697052,2.714367389678955,-0.7098380327224731,0.6785809993743896,2.777663469314575,-0.6527290344238281,1.0766842365264893,2.8723506927490234,-0.7317863702774048,1.207513451576233,2.8207035064697266,-0.8553547859191895,0.2311946004629135,2.8780875205993652,-0.8522055149078369,0.6951068043708801,2.9069738388061523,-0.7782678008079529,1.09259033203125,2.992140293121338,-0.8517430424690247,1.2253726720809937,2.937331438064575,-0.9738703966140747,-0.4614037275314331,2.777160882949829,-1.0062764883041382,-0.5109097361564636,2.769536256790161,-0.9851230978965759,-0.5709617137908936,2.7427866458892822,-0.8612632155418396,-0.6151513457298279,2.7180044651031494,-1.0079046487808228,-0.5664792656898499,2.81050705909729,-0.9258109331130981,-0.602450966835022,2.909879207611084,-0.6073402166366577,1.1657755374908447,2.921128749847412,-0.7291301488876343,1.1808240413665771,3.0387988090515137
-0.7911965847015381,0.22337722778320312,2.7971689701080322,-0.797788143157959,0.028719931840896606,2.805128812789917,-0.8047022223472595,-0.1659037172794342,2.813620090484619,-0.8116164803504944,-0.3605331778526306,2.8221116065979004,-0.7810836434364319,-0.36457523703575134,2.7786474227905273,-0.686556875705719,-0.37380319833755493,2.644108772277832,-0.7100009322166443,-0.07738757133483887,2.690100908279419,-0.7973490953445435,0.1984064280986786,2.687781572341919,-0.8148187398910522,0.2535652220249176,2.6873176097869873,-0.8497580289840698,0.36388280987739563,2.686389923095703,-0.871083676815033,0.29691094160079956,2.743212938308716,-0.8422245383262634,-0.3586065173149109,2.865668296813965,-0.9367513060569763,-0.3493785560131073,3.00020694732666,-0.8827670216560364,-0.07476407289505005,2.8897547721862793,-0.9104598760604858,0.1698511242866516,2.737787961959839,-0.9159984588623047,0.21877416968345642,2.707394599914551,-0.9270756244659424,0.31662026047706604,2.6466078758239746,-0.8848720192909241,0.23963266611099243,2.625145435333252,-0.7268251180648804,0.21776285767555237,2.7131762504577637,-0.7155563235282898,0.6778783798217773,2.778146505355835,-0.6590304970741272,1.076385736465454,2.8714544773101807,-0.7408561706542969,1.206546425819397,2.8225057125091553,-0.8555680513381958,0.22899159789085388,2.881161689758301,-0.8528265357017517,0.6929425597190857,2.9093828201293945,-0.7794691920280457,1.0915043354034424,2.9898619651794434,-0.8558316230773926,1.2233555316925049,2.936784029006958,-0.9741054773330688,-0.4637168049812317,2.7781200408935547,-1.0062788724899292,-0.513424813747406,2.7709789276123047,-0.9853970408439636,-0.5730229020118713,2.7430789470672607,-0.861967146396637,-0.6158641576766968,2.7143192291259766,-1.0062344074249268,-0.5693582892417908,2.8114490509033203,-0.9210062026977539,-0.6054810285568237,2.908034324645996,-0.6129133105278015,1.165834665298462,2.9188733100891113,-0.7295625805854797,1.1804078817367554,3.0343809127807617
-0.7887352108955383,0.22205260396003723,2.7954044342041016,-0.7945173382759094,0.027429580688476562,2.801485300064087,-0.8006654381752014,-0.1671658456325531,2.808069944381714,-0.8068137764930725,-0.36176711320877075,2.81465482711792,-0.77813720703125,-0.3652459979057312,2.7699379920959473,-0.6894071698188782,-0.37272945046424866,2.631627321243286,-0.7305631637573242,-0.07976782321929932,2.68719482421875,-0.8357980251312256,0.18965554237365723,2.6976318359375,-0.8568450212478638,0.2435402125120163,2.699719190597534,-0.8989389538764954,0.35130956768989563,2.7038941383361816,-0.9128313660621643,0.28153496980667114,2.7597033977508545,-0.8355571031570435,-0.36040323972702026,2.859442949295044,-0.9242871403694153,-0.3529197871685028,2.997753620147705,-0.8784875869750977,-0.07983750104904175,2.8797004222869873,-0.9153386354446411,0.16152378916740417,2.724268913269043,-0.9227088689804077,0.20979604125022888,2.6931827068328857,-0.9374492764472961,0.3063405752182007,2.631010055541992,-0.8952011466026306,0.22939766943454742,2.6093060970306396,-0.7279112935066223,0.21754024922847748,2.70881724357605,-0.7196524143218994,0.6771540641784668,2.777644157409668,-0.6682199239730835,1.0766576528549194,2.8696110248565674,-0.7547799348831177,1.2050575017929077,2.8242945671081543,-0.8495591282844543,0.22656495869159698,2.8819916248321533,-0.8501750230789185,0.6905657052993774,2.909435749053955,-0.780701220035553,1.090991735458374,2.983858823776245,-0.8615695238113403,1.221041202545166,2.933063268661499,-0.9706462621688843,-0.46461907029151917,2.775418758392334,-1.002984642982483,-0.5142704844474792,2.7688136100769043,-0.9830926060676575,-0.5734195113182068,2.739335775375366,-0.8608158230781555,-0.615607500076294,2.705362558364868,-1.0013331174850464,-0.5707355737686157,2.808464527130127,-0.9124971628189087,-0.6080030202865601,2.9012274742126465,-0.6222224235534668,1.1670255661010742,2.915372133255005,-0.7305871844291687,1.181117296218872,3.0255982875823975
-0.7828469276428223,0.2204003930091858,2.7923519611358643,-0.7880911827087402,0.025846585631370544,2.7963290214538574,-0.7937509417533875,-0.16868524253368378,2.800783157348633,-0.7994108200073242,-0.3632228672504425,2.805237293243408,-0.7729701399803162,-0.36610567569732666,2.7591660022735596,-0.6911649703979492,-0.37174728512763977,2.616715908050537,-0.7506908774375916,-0.08373460173606873,2.682234048843384,-0.8746945858001709,0.17704731225967407,2.7057671546936035,-0.8994953036308289,0.2292037010192871,2.7104737758636475,-0.9490967988967896,0.3335164785385132,2.7198870182037354,-0.9546073079109192,0.26158905029296875,2.7745535373687744,-0.8259130716323853,-0.36245447397232056,2.8513572216033936,-0.9077182412147522,-0.35681286454200745,2.993807315826416,-0.8712499141693115,-0.08456918597221375,2.8699498176574707,-0.9187001585960388,0.1543990969657898,2.713167905807495,-0.9281902313232422,0.2021927535533905,2.681811571121216,-0.9471703171730042,0.2977800667285919,2.6190989017486572,-0.904969334602356,0.22100083529949188,2.596374988555908,-0.7263690233230591,0.21704985201358795,2.7029218673706055,-0.7238422632217407,0.6759932637214661,2.77648663520813,-0.6800739169120789,1.0765522718429565,2.867814540863037,-0.7724778056144714,1.2024405002593994,2.8272433280944824,-0.8393248319625854,0.22375093400478363,2.881782054901123,-0.8455636501312256,0.6877933144569397,2.907722234725952,-0.7828866243362427,1.0906791687011719,2.974493980407715,-0.8694992661476135,1.2180430889129639,2.9264416694641113,-0.9651802182197571,-0.46487802267074585,2.77168869972229,-0.9979591965675354,-0.5143005847930908,2.7657089233398438,-0.9796373248100281,-0.5729820728302002,2.7343790531158447,-0.8592001795768738,-0.6149364709854126,2.694241523742676,-0.9947391152381897,-0.5714231133460999,2.8042757511138916,-0.9019885659217834,-0.6105194687843323,2.892282009124756,-0.6346831917762756,1.1681091785430908,2.911781072616577,-0.7331234216690063,1.182519793510437,3.0127687454223633
-0.7795002460479736,0.21724233031272888,2.8054728507995605,-0.7845189571380615,0.022728964686393738,2.8068246841430664,-0.7899436354637146,-0.171770840883255,2.80851674079895,-0.795368492603302,-0.36627650260925293,2.810208797454834,-0.7715733051300049,-0.3684113323688507,2.762702703475952,-0.697920024394989,-0.37174341082572937,2.6158101558685303,-0.7733688354492188,-0.08898958563804626,2.689011812210083,-0.9149593710899353,0.16186854243278503,2.7230358123779297,-0.9432774782180786,0.21204015612602234,2.7298405170440674,-0.9999136924743652,0.31238341331481934,2.743450164794922,-0.9968067407608032,0.23972637951374054,2.797513961791992,-0.8192225694656372,-0.36625567078590393,2.8577334880828857,-0.8928758502006531,-0.36292359232902527,3.0046260356903076,-0.8664870262145996,-0.08934926986694336,2.880281925201416,-0.9255053400993347,0.15008001029491425,2.7275540828704834,-0.9373090267181396,0.1979658603668213,2.6970086097717285,-0.9609163403511047,0.2937375605106354,2.6359174251556396,-0.9191389679908752,0.2174798995256424,2.6104021072387695,-0.7282575964927673,0.2152775079011917,2.713000535964966,-0.7305263876914978,0.6741747856140137,2.787132740020752,-0.6941728591918945,1.0765109062194824,2.87396502494812,-0.7925972938537598,1.199238896369934,2.838080883026123,-0.8307428956031799,0.21920715272426605,2.8979451656341553,-0.8433887362480164,0.6834006309509277,2.9192042350769043,-0.7891001105308533,1.0892081260681152,2.9749608039855957,-0.8820868134498596,1.2130553722381592,2.9296557903289795,-0.9628043174743652,-0.46654650568962097,2.781184673309326,-0.9960042834281921,-0.5156993269920349,2.7753641605377197,-0.9792645573616028,-0.5736216306686401,2.741828680038452,-0.8608162999153137,-0.6149081587791443,2.695587158203125,-0.9913880825042725,-0.5737795233726501,2.8123130798339844,-0.8951663374900818,-0.6153554916381836,2.8952927589416504,-0.649246871471405,1.1697136163711548,2.914870500564575,-0.7400083541870117,1.183194875717163,3.008648157119751
-0.7724757194519043,0.21441137790679932,2.8153061866760254,-0.7776529788970947,0.019949600100517273,2.8139827251434326,-0.783172070980072,-0.17450331151485443,2.8127410411834717,-0.7886912822723389,-0.36896204948425293,2.8114991188049316,-0.7680736780166626,-0.370292067527771,2.7625160217285156,-0.704231321811676,-0.37113699316978455,2.6110808849334717,-0.7928942441940308,-0.0930517315864563,2.6892364025115967,-0.9501160979270935,0.14757947623729706,2.7315523624420166,-0.981560468673706,0.19570571184158325,2.7400155067443848,-1.0444492101669312,0.29195818305015564,2.7569420337677,-1.0326611995697021,0.2199961245059967,2.81099009513855,-0.8093689680099487,-0.36974555253982544,2.860469102859497,-0.8732113242149353,-0.3689006268978119,3.011904239654541,-0.8574063181877136,-0.09255295991897583,2.890730857849121,-0.928688645362854,0.1492149829864502,2.746232271194458,-0.942945122718811,0.19756856560707092,2.717332601547241,-0.9714580774307251,0.2942757308483124,2.6595332622528076,-0.9307410717010498,0.21875186264514923,2.6299197673797607,-0.7276150584220886,0.21386803686618805,2.7196578979492188,-0.735649824142456,0.672905445098877,2.792877197265625,-0.705435037612915,1.076759696006775,2.875138521194458,-0.8096291422843933,1.1963410377502441,2.8453469276428223,-0.81733638048172,0.21495471894741058,2.910954475402832,-0.8387614488601685,0.6791647672653198,2.9247732162475586,-0.7956666350364685,1.0880098342895508,2.966804027557373,-0.8958554267883301,1.2073228359222412,2.924729585647583,-0.9579163193702698,-0.46763429045677185,2.787883996963501,-0.9916523694992065,-0.5164585113525391,2.782390832901001,-0.9768656492233276,-0.5735801458358765,2.7466378211975098,-0.8609837889671326,-0.6142411231994629,2.693809747695923,-0.9856524467468262,-0.5754913091659546,2.817589521408081,-0.8858797550201416,-0.6196560859680176,2.8948397636413574,-0.6606320738792419,1.1715173721313477,2.912489414215088,-0.747905433177948,1.1845204830169678,2.9948391914367676
-0.7634668946266174,0.21285495162010193,2.8212485313415527,-0.7692052721977234,0.01850712299346924,2.8168935775756836,-0.7752354741096497,-0.17582803964614868,2.8123714923858643,-0.7812658548355103,-0.3701690435409546,2.807849407196045,-0.7641745805740356,-0.3705861270427704,2.7575266361236572,-0.7111897468566895,-0.36860883235931396,2.601895570755005,-0.8111063838005066,-0.09488505125045776,2.684075355529785,-0.9829843044281006,0.1347876787185669,2.7336201667785645,-1.0173598527908325,0.1807222217321396,2.7435290813446045,-1.086111068725586,0.27259132266044617,2.7633469104766846,-1.065834403038025,0.20231008529663086,2.817389965057373,-0.7984226942062378,-0.3718641996383667,2.8581228256225586,-0.851407527923584,-0.3738414943218231,3.013753890991211,-0.8456205129623413,-0.09382092952728271,2.8987905979156494,-0.9285558462142944,0.15153269469738007,2.7658636569976807,-0.945142924785614,0.2006034255027771,2.7392783164978027,-0.9783170819282532,0.2987448573112488,2.686107635498047,-0.9393863677978516,0.22413820028305054,2.651618719100952,-0.7257594466209412,0.21395064890384674,2.7226638793945312,-0.7404760718345642,0.6728720664978027,2.795682907104492,-0.7151060104370117,1.0776779651641846,2.8749260902404785,-0.8243603706359863,1.1943575143814087,2.852677583694458,-0.8011743426322937,0.21175925433635712,2.919833183288574,-0.8314304947853088,0.6756786108016968,2.9243721961975098,-0.8003969788551331,1.0869075059890747,2.951178550720215,-0.9076299667358398,1.2013176679611206,2.9130077362060547,-0.9517574906349182,-0.46777254343032837,2.7892422676086426,-0.9858871102333069,-0.5163554549217224,2.783970355987549,-0.9729264974594116,-0.5725396275520325,2.7460720539093018,-0.8596684336662292,-0.6120544672012329,2.687011957168579,-0.9785265326499939,-0.5763326287269592,2.817279100418091,-0.8755351305007935,-0.6228013634681702,2.888765811920166,-0.6702312231063843,1.173720121383667,2.908756732940674,-0.7543081641197205,1.1858470439910889,2.9728376865386963
-0.752803385257721,0.21199849247932434,2.8246424198150635,-0.7595116496086121,0.01787729561328888,2.8167006969451904,-0.7665168642997742,-0.17621950805187225,2.8084259033203125,-0.7735223174095154,-0.3703221082687378,2.8001508712768555,-0.7602042555809021,-0.3696686029434204,2.7487263679504395,-0.7188019156455994,-0.3643729090690613,2.58945631980896,-0.8279643058776855,-0.09465575218200684,2.675266981124878,-1.0128415822982788,0.12384302914142609,2.7315077781677246,-1.0498170852661133,0.16754278540611267,2.742755889892578,-1.1237679719924927,0.25494229793548584,2.765252113342285,-1.095744013786316,0.1869286745786667,2.8190391063690186,-0.7869164943695068,-0.3730853199958801,2.85148549079895,-0.8283188343048096,-0.37838101387023926,3.0107555389404297,-0.8313523530960083,-0.0943242609500885,2.9043140411376953,-0.92453932762146,0.15524578094482422,2.785506010055542,-0.9431767463684082,0.20515978336334229,2.761744499206543,-0.9804515242576599,0.3049877882003784,2.714221239089966,-0.9440798759460449,0.2314765900373459,2.674504280090332,-0.7228179574012756,0.21509714424610138,2.723573923110962,-0.7450292706489563,0.6736375093460083,2.797201633453369,-0.7232638597488403,1.0790330171585083,2.8745620250701904,-0.8366637825965881,1.1930580139160156,2.8609108924865723,-0.7827888131141663,0.2088998407125473,2.925710916519165,-0.8229312896728516,0.6721068024635315,2.9244630336761475,-0.8043697476387024,1.0846754312515259,2.940161943435669,-0.9180437326431274,1.1945277452468872,2.907630681991577,-0.9449645280838013,-0.4671592116355896,2.7859301567077637,-0.9794244766235352,-0.5155455470085144,2.7807223796844482,-0.9681945443153381,-0.5706818699836731,2.7407383918762207,-0.8575512170791626,-0.6086963415145874,2.675895929336548,-0.9708360433578491,-0.5764719247817993,2.812011957168579,-0.8650354146957397,-0.6251015067100525,2.877837657928467,-0.6782087683677673,1.1761565208435059,2.9048991203308105,-0.7602912187576294,1.185580849647522,2.9562387466430664
-0.729554295539856,0.21129393577575684,2.8239731788635254,-0.7386537790298462,0.018132641911506653,2.810169219970703,-0.7481029629707336,-0.17496703565120697,2.7957518100738525,-0.757552444934845,-0.3680724799633026,2.781334161758423,-0.7516092658042908,-0.36549514532089233,2.7287518978118896,-0.7329432964324951,-0.35420215129852295,2.5652639865875244,-0.8558268547058105,-0.09152328968048096,2.6561269760131836,-1.05735445022583,0.10843241214752197,2.72536039352417,-1.097659945487976,0.14842355251312256,2.7392070293426514,-1.178270936012268,0.22840583324432373,2.7669003009796143,-1.1379244327545166,0.16550567746162415,2.819337844848633,-0.7635983228683472,-0.37274861335754395,2.8337595462799072,-0.7822642922401428,-0.38404160737991333,2.9972474575042725,-0.7722488045692444,-0.09944510459899902,2.8911290168762207,-0.8565607666969299,0.1597246527671814,2.7857182025909424,-0.873423159122467,0.21155861020088196,2.7646360397338867,-0.9071479439735413,0.3152265250682831,2.7224717140197754,-0.8841456770896912,0.23879486322402954,2.6781654357910156,-0.7148967981338501,0.21803396940231323,2.719996213912964,-0.7541100978851318,0.6747399568557739,2.798272132873535,-0.73591148853302,1.0805175304412842,2.8749125003814697,-0.8541870713233948,1.1902854442596436,2.87916898727417,-0.7442117929458618,0.20455390214920044,2.927950143814087,-0.8017498850822449,0.6658716201782227,2.9169740676879883,-0.8078528642654419,1.0791711807250977,2.914393901824951,-0.9318208694458008,1.1805660724639893,2.894213914871216,-0.9302861094474792,-0.464588463306427,2.7701845169067383,-0.9651584625244141,-0.5128715634346008,2.764160394668579,-0.9558191895484924,-0.5661705136299133,2.720870018005371,-0.8478992581367493,-0.6010012626647949,2.648956775665283,-0.9552023410797119,-0.5755023956298828,2.7920947074890137,-0.84615159034729,-0.6274416446685791,2.8507602214813232,-0.6904200911521912,1.1791874170303345,2.899040460586548,-0.7685645222663879,1.183139443397522,2.920260429382324
-0.7159003615379333,0.21182101964950562,2.825801134109497,-0.7274775505065918,0.019318848848342896,2.8095712661743164,-0.7394152283668518,-0.1731002777814865,2.792633295059204,-0.7513532638549805,-0.36552518606185913,2.7756948471069336,-0.7501356601715088,-0.3620145320892334,2.72293758392334,-0.746133029460907,-0.34779444336891174,2.55857253074646,-0.87010657787323,-0.08430519700050354,2.646273136138916,-1.0724973678588867,0.11385390162467957,2.718942403793335,-1.1129754781723022,0.1534857153892517,2.733476161956787,-1.1939318180084229,0.2327493578195572,2.7625439167022705,-1.1493310928344727,0.17274591326713562,2.815042734146118,-0.752700686454773,-0.3711272180080414,2.828268051147461,-0.7567033171653748,-0.38534730672836304,2.992633104324341,-0.7332538962364197,-0.10341835021972656,2.8810372352600098,-0.8056527376174927,0.16115933656692505,2.7797114849090576,-0.8201324939727783,0.21407487988471985,2.759446382522583,-0.8490920066833496,0.31990593671798706,2.718916177749634,-0.8369648456573486,0.2413444072008133,2.673896312713623,-0.7112479209899902,0.2203637808561325,2.7211570739746094,-0.7555761337280273,0.6757564544677734,2.8044090270996094,-0.7336435317993164,1.0814334154129028,2.880775213241577,-0.8519238829612732,1.1901243925094604,2.896782636642456,-0.7205528020858765,0.20327825844287872,2.9304451942443848,-0.7813222408294678,0.6641179919242859,2.915877342224121,-0.7929299473762512,1.077214241027832,2.9057085514068604,-0.919517457485199,1.1768096685409546,2.894911766052246,-0.9247965812683105,-0.4620002508163452,2.7677745819091797,-0.959945559501648,-0.5102559328079224,2.7618043422698975,-0.9519359469413757,-0.5627726912498474,2.717067003250122,-0.8460243940353394,-0.5961992740631104,2.6410560607910156,-0.9491674900054932,-0.5735889673233032,2.7881929874420166,-0.8381805419921875,-0.6268452405929565,2.8425798416137695,-0.6869058609008789,1.1804287433624268,2.9008948802948,-0.7546033263206482,1.1817145347595215,2.9059178829193115
-0.7040905952453613,0.21098262071609497,2.8326313495635986,-0.7183513045310974,0.019081920385360718,2.8154163360595703,-0.7330026030540466,-0.1727081537246704,2.797319173812866,-0.747654378414154,-0.36450397968292236,2.779221534729004,-0.7506792545318604,-0.3603721559047699,2.7266733646392822,-0.7598912119865417,-0.3441890478134155,2.5626261234283447,-0.8843466639518738,-0.07843020558357239,2.6427934169769287,-1.0856770277023315,0.12134380638599396,2.7143359184265137,-1.1259430646896362,0.16129860281944275,2.728644371032715,-1.2064752578735352,0.24120821058750153,2.757261276245117,-1.1591219902038574,0.18414555490016937,2.8106689453125,-0.7447887063026428,-0.37072038650512695,2.8315727710723877,-0.7355767488479614,-0.3869034945964813,2.995620012283325,-0.6979478001594543,-0.10774374008178711,2.880739212036133,-0.7561358213424683,0.16239529848098755,2.784817695617676,-0.767773449420929,0.21642310917377472,2.7656333446502686,-0.7910486459732056,0.32447871565818787,2.727264881134033,-0.7898362278938293,0.24523738026618958,2.681765556335449,-0.7084910869598389,0.2206782102584839,2.728196859359741,-0.7543530464172363,0.6754130721092224,2.8142030239105225,-0.7278216481208801,1.0813751220703125,2.887565851211548,-0.8447960615158081,1.1895885467529297,2.9134066104888916,-0.6996901035308838,0.20128703117370605,2.937065839767456,-0.759867787361145,0.6619877219200134,2.9166274070739746,-0.7729795575141907,1.0747332572937012,2.897641658782959,-0.9001951217651367,1.1740849018096924,2.89512300491333,-0.9219368696212769,-0.46093302965164185,2.7766876220703125,-0.9574622511863708,-0.5092244744300842,2.7715632915496826,-0.9511250257492065,-0.5615310072898865,2.7260091304779053,-0.8477510809898376,-0.5945772528648376,2.6457715034484863,-0.9458287954330444,-0.5729713439941406,2.7971036434173584,-0.8327451944351196,-0.6269914507865906,2.847205638885498,-0.6799863576889038,1.1806246042251587,2.9034066200256348,-0.7349449396133423,1.1791977882385254,2.8921525478363037
-0.6938526034355164,0.2104494273662567,2.839500665664673,-0.710793673992157,0.019161269068717957,2.821784496307373,-0.7281886339187622,-0.17199067771434784,2.8030662536621094,-0.7455840706825256,-0.36314836144447327,2.7843475341796875,-0.7523022890090942,-0.3584960401058197,2.7322826385498047,-0.773063063621521,-0.340658038854599,2.5694119930267334,-0.8973162174224854,-0.07251891493797302,2.6416733264923096,-1.0959181785583496,0.13073348999023438,2.7111129760742188,-1.1356385946273804,0.17138397693634033,2.7250008583068848,-1.215079426765442,0.25268495082855225,2.752776861190796,-1.1657885313034058,0.1981050968170166,2.807032585144043,-0.7390549778938293,-0.3698783218860626,2.8362090587615967,-0.7182942032814026,-0.3877163231372833,2.999079704284668,-0.670305609703064,-0.10921153426170349,2.8864238262176514,-0.7169447541236877,0.1662597954273224,2.7997262477874756,-0.7262725830078125,0.22135406732559204,2.7823867797851562,-0.744928240776062,0.33154261112213135,2.7477078437805176,-0.7524570822715759,0.25340741872787476,2.7009055614471436,-0.7061935663223267,0.22113600373268127,2.735914945602417,-0.7517282962799072,0.6757804751396179,2.822585105895996,-0.7209235429763794,1.0823019742965698,2.8910293579101562,-0.8359408378601074,1.1904219388961792,2.9248273372650146,-0.681511640548706,0.19976285099983215,2.9430863857269287,-0.7396485209465027,0.6603729724884033,2.9157891273498535,-0.7542761564254761,1.0725648403167725,2.887910842895508,-0.8813509345054626,1.1720203161239624,2.892582654953003,-0.91997230052948,-0.4608629643917084,2.7872467041015625,-0.9555333852767944,-0.5094839930534363,2.782992362976074,-0.9505243301391602,-0.561596155166626,2.7366695404052734,-0.8495238423347473,-0.5935806632041931,2.6522622108459473,-0.9426231384277344,-0.5735898017883301,2.8076975345611572,-0.8271370530128479,-0.6275627613067627,2.8535079956054688,-0.6723161935806274,1.1817691326141357,2.902578115463257,-0.7167937755584717,1.1768102645874023,2.877060890197754
-0.6860129833221436,0.20863354206085205,2.845531940460205,-0.7055871486663818,0.01794561743736267,2.827542304992676,-0.7256669998168945,-0.17258942127227783,2.8085196018218994,-0.745747447013855,-0.3631301522254944,2.7894961833953857,-0.7557181119918823,-0.35800430178642273,2.7380897998809814,-0.7866835594177246,-0.3386576175689697,2.5769968032836914,-0.9104659557342529,-0.06848704814910889,2.6424193382263184,-1.1059529781341553,0.13842858374118805,2.7100908756256104,-1.1450504064559937,0.17981171607971191,2.7236251831054688,-1.2232451438903809,0.26257795095443726,2.7506937980651855,-1.1722300052642822,0.21011371910572052,2.805469274520874,-0.7359950542449951,-0.3703269362449646,2.840696096420288,-0.7050296068191528,-0.3896736204624176,3.001789093017578,-0.6493092775344849,-0.11020401120185852,2.895082473754883,-0.6865940093994141,0.17011353373527527,2.819978713989258,-0.6940509676933289,0.22617703676223755,2.804957866668701,-0.7089648842811584,0.3383040428161621,2.774916410446167,-0.7233309745788574,0.2622743546962738,2.7262492179870605,-0.7054002285003662,0.2202739119529724,2.7432405948638916,-0.7492894530296326,0.6751433610916138,2.829576253890991,-0.7146773338317871,1.0822561979293823,2.892457962036133,-0.827375054359436,1.1905298233032227,2.932920455932617,-0.6666257381439209,0.1969931721687317,2.9478232860565186,-0.722171425819397,0.6574419736862183,2.9133572578430176,-0.7397451400756836,1.0688884258270264,2.8773586750030518,-0.8664563894271851,1.168290138244629,2.8885269165039062,-0.920245349407196,-0.46183153986930847,2.7973484992980957,-0.9558899402618408,-0.5107212662696838,2.7938857078552246,-0.9521909952163696,-0.5626753568649292,2.7468903064727783,-0.8535088300704956,-0.5938220620155334,2.6587347984313965,-0.9419271349906921,-0.5751805305480957,2.817791700363159,-0.8244279026985168,-0.6292533874511719,2.859622001647949,-0.6655740737915039,1.1818692684173584,2.899930953979492,-0.7033659815788269,1.172903299331665,2.8616364002227783
-0.6814009547233582,0.20628833770751953,2.8506364822387695,-0.7033680081367493,0.016085907816886902,2.8326735496520996,-0.7258623838424683,-0.17395763099193573,2.8137097358703613,-0.7483574151992798,-0.3640068769454956,2.7947452068328857,-0.7611350417137146,-0.3584950268268585,2.744067668914795,-0.8009200096130371,-0.33792054653167725,2.585075616836548,-0.9228336215019226,-0.06571409106254578,2.6454262733459473,-1.113994836807251,0.14545820653438568,2.712351083755493,-1.1522270441055298,0.18769267201423645,2.725736141204834,-1.228691577911377,0.272161602973938,2.7525060176849365,-1.176259160041809,0.2211635559797287,2.8073339462280273,-0.7358242869377136,-0.37158429622650146,2.845216751098633,-0.6960393190383911,-0.39215877652168274,3.00420880317688,-0.6337072253227234,-0.11141934990882874,2.9047021865844727,-0.6626752614974976,0.17276674509048462,2.8413429260253906,-0.6684688925743103,0.22960397601127625,2.8286709785461426,-0.680056095123291,0.3432784080505371,2.8033273220062256,-0.6999152898788452,0.26973578333854675,2.7527987957000732,-0.7068864703178406,0.218747079372406,2.7498817443847656,-0.7474760413169861,0.6741676330566406,2.834901809692383,-0.7089913487434387,1.0817985534667969,2.891883373260498,-0.8190674185752869,1.1905741691589355,2.9378397464752197,-0.6559154391288757,0.19382959604263306,2.9513912200927734,-0.7084611654281616,0.6540905833244324,2.910371780395508,-0.7287716865539551,1.064774513244629,2.867743968963623,-0.8546802401542664,1.164350986480713,2.8848447799682617,-0.9227575659751892,-0.4637317657470703,2.8069703578948975,-0.9584277272224426,-0.5128845572471619,2.8041765689849854,-0.9559018611907959,-0.5646495819091797,2.7565650939941406,-0.8594026565551758,-0.5948879718780518,2.6650712490081787,-0.9435020685195923,-0.5776668190956116,2.827270746231079,-0.8242698311805725,-0.631770133972168,2.865403652191162,-0.6594710946083069,1.1814169883728027,2.8955583572387695,-0.6935723423957825,1.1684770584106445,2.847834348678589
-0.6804261207580566,0.20589876174926758,2.855532169342041,-0.7044772505760193,0.01608271896839142,2.837894916534424,-0.7290537357330322,-0.1735748052597046,2.8193020820617676,-0.7536309957504272,-0.36323797702789307,2.800708770751953,-0.7687364220619202,-0.35744136571884155,2.7507545948028564,-0.8158431649208069,-0.3359600901603699,2.5938994884490967,-0.934516191482544,-0.0617372989654541,2.6510348320007324,-1.1200324296951294,0.15419545769691467,2.7182705402374268,-1.1571357250213623,0.19738200306892395,2.731717586517334,-1.2313421964645386,0.2837550938129425,2.7586119174957275,-1.177834391593933,0.23352164030075073,2.8130598068237305,-0.7387926578521729,-0.37109607458114624,2.8504607677459717,-0.6916859149932861,-0.3925773501396179,3.0073158740997314,-0.6230105757713318,-0.11076390743255615,2.9156055450439453,-0.6440619230270386,0.17630615830421448,2.8635334968566895,-0.6482722163200378,0.23372016847133636,2.853119134902954,-0.6566927433013916,0.34854820370674133,2.8322904109954834,-0.6809826493263245,0.2776658833026886,2.7799766063690186,-0.7109959721565247,0.21898667514324188,2.756364583969116,-0.7465664744377136,0.6751672029495239,2.8395349979400635,-0.7042243480682373,1.083142638206482,2.891049385070801,-0.8115925788879395,1.1926356554031372,2.9414889812469482,-0.6498562693595886,0.19281084835529327,2.954699754714966,-0.6986085176467896,0.6529054045677185,2.9075887203216553,-0.720546305179596,1.0628987550735474,2.8594772815704346,-0.8451923727989197,1.1630436182022095,2.8817293643951416,-0.9272682666778564,-0.46487945318222046,2.8166966438293457,-0.9626606702804565,-0.5144706964492798,2.8144783973693848,-0.9608637690544128,-0.5660654306411743,2.7663607597351074,-0.866154134273529,-0.5949623584747314,2.6720385551452637,-0.9465467929840088,-0.5794360041618347,2.836848497390747,-0.8255895376205444,-0.6328455805778503,2.871753454208374,-0.6543208956718445,1.1826367378234863,2.8914077281951904,-0.6863101720809937,1.1661815643310547,2.8360228538513184
-0.6820054054260254,0.20563101768493652,2.8660638332366943,-0.7077980637550354,0.016108408570289612,2.8488128185272217,-0.7341245412826538,-0.17325201630592346,2.830612897872925,-0.7604517936706543,-0.362618088722229,2.8124125003814697,-0.7774671912193298,-0.3565747141838074,2.763134479522705,-0.8305713534355164,-0.3343147039413452,2.6083474159240723,-0.9458653926849365,-0.05833497643470764,2.6627700328826904,-1.1257169246673584,0.16205932199954987,2.7300503253936768,-1.1616872549057007,0.20613817870616913,2.74350643157959,-1.2336279153823853,0.29429590702056885,2.770418643951416,-1.1793451309204102,0.2445591688156128,2.824448585510254,-0.7437226176261902,-0.37071967124938965,2.861492395401001,-0.6906184554100037,-0.3929796814918518,3.016279458999634,-0.6155864000320435,-0.10989409685134888,2.9347190856933594,-0.6290120482444763,0.17943164706230164,2.895256996154785,-0.6316971778869629,0.23729678988456726,2.887364625930786,-0.637067437171936,0.3530270755290985,2.871579885482788,-0.6647964715957642,0.28523486852645874,2.8170368671417236,-0.7167567610740662,0.21924829483032227,2.768420696258545,-0.7466652393341064,0.6763100624084473,2.848961114883423,-0.7010729908943176,1.0845588445663452,2.8953020572662354,-0.8059302568435669,1.1947904825210571,2.949294328689575,-0.6472540497779846,0.19201374053955078,2.9637069702148438,-0.6915702223777771,0.6518933176994324,2.910475254058838,-0.7137193083763123,1.0612471103668213,2.8572568893432617,-0.8367097973823547,1.162404179573059,2.8837482929229736,-0.9329918026924133,-0.4665888845920563,2.831108808517456,-0.9679452776908875,-0.5166797637939453,2.829209327697754,-0.9665258526802063,-0.5680125951766968,2.7805566787719727,-0.8731767535209656,-0.5951926112174988,2.6839261054992676,-0.9506198763847351,-0.5817759037017822,2.8508074283599854,-0.8281098008155823,-0.6341886520385742,2.882970094680786,-0.6509231328964233,1.183897852897644,2.892751693725586,-0.6801055073738098,1.1639792919158936,2.8306868076324463
-0.6870306134223938,0.2053094208240509,2.8767101764678955,-0.7143523097038269,0.015988394618034363,2.8600096702575684,-0.742215633392334,-0.17316827178001404,2.8423678874969482,-0.7700797915458679,-0.3623305857181549,2.82472562789917,-0.788339376449585,-0.35614854097366333,2.775923013687134,-0.8453216552734375,-0.33346012234687805,2.6226537227630615,-0.9548764824867249,-0.054907023906707764,2.6740293502807617,-1.1271772384643555,0.17137973010540009,2.740224838256836,-1.1616374254226685,0.21663707494735718,2.7534639835357666,-1.2305576801300049,0.30715179443359375,2.779942274093628,-1.1763954162597656,0.25726771354675293,2.8338019847869873,-0.7521230578422546,-0.3705686330795288,2.8733363151550293,-0.6951407194137573,-0.3932570517063141,3.0266056060791016,-0.616178035736084,-0.10934650897979736,2.953166961669922,-0.6248604655265808,0.18100357055664062,2.923224687576294,-0.6265969276428223,0.23907358944416046,2.917236328125,-0.63006991147995,0.35521364212036133,2.905259370803833,-0.6597499847412109,0.28978821635246277,2.849032402038574,-0.7245968580245972,0.2192433476448059,2.780209541320801,-0.7480964064598083,0.6773422956466675,2.8570165634155273,-0.6991975903511047,1.085745930671692,2.8985376358032227,-0.8019084930419922,1.1969621181488037,2.954617977142334,-0.6494643688201904,0.1913754940032959,2.9732108116149902,-0.688904881477356,0.6508071422576904,2.912604331970215,-0.7097455859184265,1.0594167709350586,2.8533382415771484,-0.8310372829437256,1.1619819402694702,2.8821873664855957,-0.9416831731796265,-0.46847087144851685,2.843789577484131,-0.9761719703674316,-0.5190103054046631,2.8417446613311768,-0.9745100736618042,-0.5700673460960388,2.79262638092041,-0.8813250660896301,-0.5955969095230103,2.695042133331299,-0.9579813480377197,-0.5841863751411438,2.8628005981445312,-0.8344936370849609,-0.6356006860733032,2.893869161605835,-0.6486610174179077,1.184808373451233,2.8936846256256104,-0.6762619018554688,1.1614315509796143,2.8239665031433105
-0.6977900862693787,0.20159760117530823,2.923413038253784,-0.727918267250061,0.012828022241592407,2.906463623046875,-0.7586716413497925,-0.1757432371377945,2.8884620666503906,-0.7894259691238403,-0.36432015895843506,2.870460033416748,-0.8100031018257141,-0.357467383146286,2.8227102756500244,-0.8741638660430908,-0.332703560590744,2.672912120819092,-0.9761767387390137,-0.051256775856018066,2.7199149131774902,-1.136743187904358,0.18318018317222595,2.784397840499878,-1.1688565015792847,0.23006758093833923,2.7972943782806396,-1.2330830097198486,0.3238423764705658,2.823087453842163,-1.1787712574005127,0.273937851190567,2.8764357566833496,-0.7691830396652222,-0.3732225000858307,2.9180142879486084,-0.7050222754478455,-0.3979863226413727,3.067812442779541,-0.6212201118469238,-0.11051720380783081,3.0212626457214355,-0.6240473985671997,0.18084290623664856,3.0200002193450928,-0.6246128678321838,0.2391149252653122,3.019747734069824,-0.6257438063621521,0.35565897822380066,3.019242763519287,-0.6575954556465149,0.29680392146110535,2.9575352668762207,-0.7405598759651184,0.2168692797422409,2.829353094100952,-0.7550957202911377,0.6778482794761658,2.8992559909820557,-0.7031400799751282,1.0878938436508179,2.932325601577759,-0.8027492761611938,1.200486421585083,2.9924943447113037,-0.6550202965736389,0.18632592260837555,3.017472982406616,-0.6899896264076233,0.6453397274017334,2.9420883655548096,-0.7100399136543274,1.0531960725784302,2.870105266571045,-0.8285439014434814,1.1585489511489868,2.9029223918914795,-0.9595065712928772,-0.47391676902770996,2.8885512351989746,-0.9932602643966675,-0.5250777006149292,2.8856523036956787,-0.9911618232727051,-0.5751246809959412,2.835291624069214,-0.8981572985649109,-0.5970177054405212,2.736217737197876,-0.9737945795059204,-0.5905421376228333,2.9051663875579834,-0.8489501476287842,-0.6407005786895752,2.934196710586548,-0.6526184678077698,1.1870448589324951,2.923292636871338,-0.6772220134735107,1.1540305614471436,2.835171937942505
-0.7026253938674927,0.19725003838539124,2.9341623783111572,-0.7334358096122742,0.008612453937530518,2.9174036979675293,-0.764887273311615,-0.1798345148563385,2.899717330932617,-0.7963396906852722,-0.3682871460914612,2.8820302486419678,-0.8168283104896545,-0.3614451289176941,2.83425235748291,-0.8806582689285278,-0.33673301339149475,2.684455633163452,-0.9765359163284302,-0.05320665240287781,2.730231761932373,-1.1298868656158447,0.18599054217338562,2.7936906814575195,-1.1605570316314697,0.23382997512817383,2.806382417678833,-1.2218973636627197,0.32950884103775024,2.831766128540039,-1.1685909032821655,0.2786625623703003,2.8851096630096436,-0.7761929035186768,-0.377177357673645,2.9296159744262695,-0.7123629450798035,-0.40188947319984436,3.0794126987457275,-0.6365355849266052,-0.11122232675552368,3.041491985321045,-0.6478344202041626,0.1796225905418396,3.04784893989563,-0.650094211101532,0.23779156804084778,3.0491204261779785,-0.654613733291626,0.35412952303886414,3.0516631603240967,-0.6840094327926636,0.2960922420024872,2.9881019592285156,-0.7454151511192322,0.21259135007858276,2.8401472568511963,-0.7576462626457214,0.6746362447738647,2.9055063724517822,-0.7084089517593384,1.085461139678955,2.936683177947998,-0.8088912963867188,1.1977555751800537,2.996262550354004,-0.6598356366157532,0.1819087266921997,3.028177499771118,-0.692338764667511,0.6407927870750427,2.9489572048187256,-0.7107411623001099,1.0484508275985718,2.873793125152588,-0.8288171887397766,1.154645562171936,2.9059982299804688,-0.9676018357276917,-0.4766465127468109,2.8978469371795654,-1.0017338991165161,-0.5275770425796509,2.8944714069366455,-0.9993689060211182,-0.5776415467262268,2.84407114982605,-0.9051956534385681,-0.6002087593078613,2.7461280822753906,-0.9830178618431091,-0.5932477116584778,2.9142019748687744,-0.8588677644729614,-0.6444262266159058,2.9448323249816895,-0.6585023999214172,1.1849713325500488,2.927215576171875,-0.6775166392326355,1.1489386558532715,2.838003396987915
-0.7026500701904297,0.19326773285865784,2.9343855381011963,-0.7340027093887329,0.004716932773590088,2.918015241622925,-0.765943169593811,-0.18366731703281403,2.900881767272949,-0.7978845834732056,-0.3720571994781494,2.8837475776672363,-0.818259060382843,-0.3653141260147095,2.83591628074646,-0.8816885948181152,-0.3409266769886017,2.686021089553833,-0.9729857444763184,-0.05613929033279419,2.7324130535125732,-1.12128746509552,0.18585999310016632,2.796632766723633,-1.1509478092193604,0.23425984382629395,2.809476613998413,-1.210268497467041,0.3310595750808716,2.8351645469665527,-1.157524824142456,0.27933579683303833,2.8881518840789795,-0.77785724401474,-0.38084787130355835,2.9313929080963135,-0.7144277095794678,-0.40523532032966614,3.0812880992889404,-0.6461934447288513,-0.11272993683815002,3.0441946983337402,-0.6651993989944458,0.17757004499435425,3.050974130630493,-0.6690005660057068,0.23563003540039062,3.0523300170898438,-0.6766029596328735,0.3517500162124634,3.055041790008545,-0.70416659116745,0.29309380054473877,2.9912877082824707,-0.7454301118850708,0.20854313671588898,2.8403778076171875,-0.7558976411819458,0.6710753440856934,2.9034066200256348,-0.7087776064872742,1.0822844505310059,2.9341979026794434,-0.809922456741333,1.1941580772399902,2.9935600757598877,-0.6598700284957886,0.1779923290014267,3.028393268585205,-0.6920357942581177,0.6371099948883057,2.9496874809265137,-0.7112776041030884,1.0450152158737183,2.8754959106445312,-0.829586386680603,1.1509228944778442,2.90799880027771,-0.9710429906845093,-0.4778045117855072,2.897559881210327,-1.0059003829956055,-0.5282537937164307,2.893914222717285,-1.00355863571167,-0.5786052942276001,2.8437578678131104,-0.9082868695259094,-0.6030524969100952,2.747258186340332,-0.9884563684463501,-0.5941317081451416,2.914217948913574,-0.8654969930648804,-0.6470440030097961,2.9468953609466553,-0.6593559980392456,1.1820629835128784,2.9246742725372314,-0.6782552599906921,1.1456811428070068,2.839931011199951
-0.7003908157348633,0.19037121534347534,2.9293127059936523,-0.7320166826248169,0.0018684417009353638,2.913214683532715,-0.7641845941543579,-0.18648633360862732,2.8964712619781494,-0.7963534593582153,-0.3748467266559601,2.879727363586426,-0.8165920376777649,-0.36819443106651306,2.8318331241607666,-0.8795568943023682,-0.34410548210144043,2.6818151473999023,-0.967610239982605,-0.05889824032783508,2.731229305267334,-1.113417148590088,0.1836237609386444,2.7987256050109863,-1.1425784826278687,0.23212815821170807,2.812224864959717,-1.2009012699127197,0.3291369676589966,2.8392233848571777,-1.1481783390045166,0.27654170989990234,2.8913209438323975,-0.776464581489563,-0.38354629278182983,2.9274394512176514,-0.7134997248649597,-0.40763524174690247,3.0774574279785156,-0.6502119302749634,-0.11472615599632263,3.0357775688171387,-0.6740560531616211,0.1752023994922638,3.038059949874878,-0.6788249015808105,0.23318810760974884,3.0385165214538574,-0.6883625388145447,0.3491595387458801,3.0394294261932373,-0.7149736881256104,0.2890838086605072,2.976637125015259,-0.7430847883224487,0.2055651694536209,2.8352723121643066,-0.7519094347953796,0.6683094501495361,2.897045612335205,-0.7049635052680969,1.0795704126358032,2.927509307861328,-0.8062149882316589,1.1914663314819336,2.9866552352905273,-0.6576968431472778,0.17517726123332977,3.023353099822998,-0.6905688047409058,0.6347067952156067,2.9473395347595215,-0.7109556794166565,1.0430361032485962,2.8757917881011963,-0.8296419382095337,1.148366093635559,2.908806324005127,-0.9715453386306763,-0.4774404764175415,2.8918368816375732,-1.007253646850586,-0.5272812247276306,2.887972116470337,-1.0051922798156738,-0.5778940916061401,2.8380582332611084,-0.9091800451278687,-0.6044661998748779,2.7428460121154785,-0.9912394285202026,-0.5933737754821777,2.9087717533111572,-0.8696467876434326,-0.6483254432678223,2.9432010650634766,-0.6555643677711487,1.179358720779419,2.9179484844207764,-0.678189218044281,1.144035816192627,2.840937852859497
-0.6967411041259766,0.18943634629249573,2.9204800128936768,-0.7281627655029297,0.0009162873029708862,2.9043922424316406,-0.7600501179695129,-0.18748070299625397,2.887787103652954,-0.7919384241104126,-0.3758833110332489,2.8711814880371094,-0.8120583295822144,-0.36931276321411133,2.8232312202453613,-0.8746150135993958,-0.3454951345920563,2.67313289642334,-0.960830569267273,-0.06063523888587952,2.7272796630859375,-1.1065107583999634,0.1804349422454834,2.79986572265625,-1.1356468200683594,0.22864897549152374,2.814383029937744,-1.1939189434051514,0.3250770568847656,2.8434174060821533,-1.1407372951507568,0.2717215418815613,2.894235372543335,-0.772165060043335,-0.3845016062259674,2.9189512729644775,-0.7096083760261536,-0.40831923484802246,3.069049835205078,-0.6498507857322693,-0.11584725975990295,3.020066976547241,-0.6770023107528687,0.1737174391746521,3.0154457092285156,-0.6824325919151306,0.2316303849220276,3.014521360397339,-0.6932932138442993,0.34745627641677856,3.0126729011535645,-0.7194448709487915,0.28559044003486633,2.9514660835266113,-0.7393481731414795,0.20456598699092865,2.8264050483703613,-0.7466506958007812,0.6673427820205688,2.8883492946624756,-0.6984683275222778,1.0784684419631958,2.919053554534912,-0.799419641494751,1.1906485557556152,2.978201389312744,-0.6541340351104736,0.1743067055940628,3.014554977416992,-0.688207745552063,0.6344629526138306,2.942805528640747,-0.709014892578125,1.0433987379074097,2.874781847000122,-0.8279426693916321,1.1482714414596558,2.908425807952881,-0.9687633514404297,-0.4757997691631317,2.8829338550567627,-1.0052080154418945,-0.5251327157020569,2.879143714904785,-1.0036585330963135,-0.5760458111763,2.8294875621795654,-0.9075543284416199,-0.6045619249343872,2.7348740100860596,-0.9902893900871277,-0.5913680791854858,2.9003705978393555,-0.8696752190589905,-0.6479749083518982,2.935708999633789,-0.6487571001052856,1.1781169176101685,2.9095723628997803,-0.6763079762458801,1.144753098487854,2.8408925533294678
-0.6929484009742737,0.1899130940437317,2.909285306930542,-0.7238803505897522,0.0013372749090194702,2.8929476737976074,-0.7552151679992676,-0.18713654577732086,2.8762056827545166,-0.7865509390830994,-0.37561601400375366,2.8594632148742676,-0.8065087199211121,-0.3690927028656006,2.8114397525787354,-0.8685032725334167,-0.34544599056243896,2.661267042160034,-0.9530516266822815,-0.06128925085067749,2.721177339553833,-1.1000890731811523,0.17696276307106018,2.7998976707458496,-1.1294965744018555,0.22461315989494324,2.8156416416168213,-1.1883115768432617,0.31991398334503174,2.8471298217773438,-1.1345521211624146,0.26578569412231445,2.896477222442627,-0.7669336795806885,-0.38418787717819214,2.907304525375366,-0.7049391269683838,-0.40783458948135376,3.0574772357940674,-0.6504043340682983,-0.1161104142665863,2.9991188049316406,-0.6824894547462463,0.17262795567512512,2.98564076423645,-0.6889064908027649,0.23037563264369965,2.982945203781128,-0.7017405033111572,0.3458709716796875,2.9775540828704834,-0.727123498916626,0.28170478343963623,2.918447971343994,-0.7353105545043945,0.20502117276191711,2.815105438232422,-0.7414771914482117,0.6676781177520752,2.878154993057251,-0.691085934638977,1.0785064697265625,2.909440517425537,-0.7915287017822266,1.1911739110946655,2.9685399532318115,-0.6505862474441528,0.17480501532554626,3.003465175628662,-0.685876190662384,0.6356390714645386,2.9367470741271973,-0.706440269947052,1.0452333688735962,2.8726561069488525,-0.8255362510681152,1.1497602462768555,2.9067986011505127,-0.9647964239120483,-0.4730626940727234,2.871663808822632,-1.001922607421875,-0.521930456161499,2.8681371212005615,-1.0010298490524292,-0.5731759071350098,2.8187735080718994,-0.9052166938781738,-0.6035853028297424,2.7243874073028564,-0.9879246950149536,-0.5882567167282104,2.8897831439971924,-0.8680853843688965,-0.646314263343811,2.925581216812134,-0.6408079266548157,1.1778934001922607,2.9001691341400146,-0.6735963225364685,1.1469224691390991,2.839911699295044
-0.6897065043449402,0.1913953423500061,2.898738384246826,-0.7198494076728821,0.0027177631855010986,2.882256031036377,-0.7503373026847839,-0.18587958812713623,2.865492820739746,-0.7808261513710022,-0.3744826018810272,2.848729133605957,-0.8005866408348083,-0.3680712580680847,2.8006131649017334,-0.8618994355201721,-0.34480297565460205,2.6503419876098633,-0.9452845454216003,-0.06132420897483826,2.7146155834198,-1.0950305461883545,0.17350254952907562,2.798149824142456,-1.1249797344207764,0.22046789526939392,2.814856767654419,-1.1848781108856201,0.3143985867500305,2.8482704162597656,-1.1305419206619263,0.25988122820854187,2.896510124206543,-0.7613970041275024,-0.3829438090324402,2.896662712097168,-0.7000842094421387,-0.40621209144592285,3.046933889389038,-0.6526467800140381,-0.11578443646430969,2.9773218631744385,-0.691489577293396,0.1713627278804779,2.953172206878662,-0.6992581486701965,0.22879216074943542,2.9483423233032227,-0.7147952318191528,0.34365102648735046,2.9386825561523438,-0.7389734983444214,0.27674347162246704,2.8821985721588135,-0.7317222356796265,0.20635050535202026,2.8043808937072754,-0.7370297312736511,0.6688652634620667,2.8686439990997314,-0.6839610934257507,1.0793344974517822,2.900378704071045,-0.7838166356086731,1.1926374435424805,2.9592714309692383,-0.6476907730102539,0.17644017934799194,2.993095874786377,-0.6848713755607605,0.6379707455635071,2.9323923587799072,-0.7070298194885254,1.0482995510101318,2.873676061630249,-0.8267905116081238,1.1518115997314453,2.908599615097046,-0.9602192640304565,-0.4697455167770386,2.862060070037842,-0.9979395866394043,-0.5182026624679565,2.858959197998047,-0.9977892637252808,-0.5697946548461914,2.809926986694336,-0.902580976486206,-0.6019746661186218,2.715471029281616,-0.984666109085083,-0.5845592021942139,2.881016969680786,-0.865398645401001,-0.6438074707984924,2.9168920516967773,-0.6329863667488098,1.1783899068832397,2.8913259506225586,-0.6744957566261292,1.1505718231201172,2.8424627780914307
-0.6883895397186279,0.1924315094947815,2.8954622745513916,-0.7177245616912842,0.0036422014236450195,2.878988265991211,-0.7473703622817993,-0.18508104979991913,2.8623151779174805,-0.7770170569419861,-0.37380996346473694,2.845641613006592,-0.79648357629776,-0.3675481677055359,2.797390937805176,-0.8568075895309448,-0.34477707743644714,2.646904706954956,-0.9393176436424255,-0.061800241470336914,2.7141451835632324,-1.0927730798721313,0.16930843889713287,2.801032066345215,-1.1234642267227173,0.2155301719903946,2.8184094429016113,-1.1848464012145996,0.3079736530780792,2.8531641960144043,-1.1300373077392578,0.25335630774497986,2.900714159011841,-0.7578727602958679,-0.3821229934692383,2.8937108516693115,-0.6975487470626831,-0.404894083738327,3.0441970825195312,-0.657150387763977,-0.11636295914649963,2.963433027267456,-0.7027925848960876,0.1686049997806549,2.928516387939453,-0.7119210362434387,0.22559860348701477,2.9215331077575684,-0.7301778793334961,0.3395857810974121,2.907566547393799,-0.7529183030128479,0.27004027366638184,2.853766918182373,-0.7298181056976318,0.2071283608675003,2.800809860229492,-0.7347882390022278,0.6695133447647095,2.866058349609375,-0.6797359585762024,1.0796825885772705,2.8983397483825684,-0.7793216705322266,1.1934770345687866,2.9567439556121826,-0.646960973739624,0.17773465812206268,2.990114688873291,-0.6860201954841614,0.639844536781311,2.935244083404541,-0.710708498954773,1.0508016347885132,2.882174491882324,-0.8314465880393982,1.1529613733291626,2.9177162647247314,-0.9575682878494263,-0.4669044613838196,2.859133720397949,-0.9958516955375671,-0.5149426460266113,2.856233835220337,-0.9961979985237122,-0.5668307542800903,2.807500123977661,-0.9011523723602295,-0.6006855368614197,2.713435649871826,-0.9834012985229492,-0.5813278555870056,2.878716230392456,-0.8648950457572937,-0.6417607069015503,2.9152143001556396,-0.6281899809837341,1.1784741878509521,2.889632225036621,-0.6786919236183167,1.1537340879440308,2.85263729095459
-0.6856109499931335,0.19403603672981262,2.8879692554473877,-0.7134689092636108,0.005099967122077942,2.8714656829833984,-0.741588294506073,-0.18378710746765137,2.854844808578491,-0.769708514213562,-0.37267982959747314,2.838223457336426,-0.7888454794883728,-0.36663034558296204,2.7898359298706055,-0.8477813005447388,-0.3446630537509918,2.6398983001708984,-0.9228231906890869,-0.06316053867340088,2.720283269882202,-1.0886787176132202,0.15198853611946106,2.8234760761260986,-1.121849775314331,0.19501835107803345,2.8441145420074463,-1.1881920099258423,0.2810779809951782,2.8853917121887207,-1.1303296089172363,0.22630873322486877,2.9289140701293945,-0.7508772015571594,-0.3807823359966278,2.886430263519287,-0.6919413805007935,-0.402749627828598,3.036367893218994,-0.6619674563407898,-0.11667877435684204,2.943622350692749,-0.7177567481994629,0.16468489170074463,2.8970611095428467,-0.7289146184921265,0.22095762193202972,2.887748956680298,-0.7512303590774536,0.3335030972957611,2.869124412536621,-0.7715463638305664,0.26104477047920227,2.81834077835083,-0.7263855934143066,0.20834100246429443,2.7930309772491455,-0.7296257615089417,0.6703373193740845,2.861151695251465,-0.6701427698135376,1.0797597169876099,2.895127534866333,-0.7687395811080933,1.1944668292999268,2.9534339904785156,-0.6448363065719604,0.1797310709953308,2.98290753364563,-0.6873094439506531,0.642392635345459,2.9356648921966553,-0.7071367502212524,1.0540754795074463,2.886234760284424,-0.8272649049758911,1.1571375131607056,2.921251058578491,-0.9502570629119873,-0.4657741189002991,2.8522355556488037,-0.9885441064834595,-0.5138331651687622,2.8495261669158936,-0.9889511466026306,-0.5658689737319946,2.800933837890625,-0.8940166234970093,-0.5999858379364014,2.7068192958831787,-0.9760513305664062,-0.580162763595581,2.8721847534179688,-0.8574671745300293,-0.6404848694801331,2.908696413040161,-0.6174495220184326,1.1779981851577759,2.887017250061035,-0.673703134059906,1.1569491624832153,2.858085870742798
-0.6878138780593872,0.19643500447273254,2.8815600872039795,-0.7135422229766846,0.00723816454410553,2.8650684356689453,-0.7394576668739319,-0.18193085491657257,2.848550796508789,-0.7653738856315613,-0.3711055517196655,2.8320326805114746,-0.7832260727882385,-0.3654443025588989,2.7831220626831055,-0.8380489349365234,-0.3447386920452118,2.632005214691162,-0.9098455905914307,-0.06480947136878967,2.72015380859375,-1.0878453254699707,0.13640978932380676,2.830721855163574,-1.1234452724456787,0.1766536384820938,2.8528354167938232,-1.1946451663970947,0.2571413516998291,2.8970625400543213,-1.1351487636566162,0.20287860929965973,2.938931703567505,-0.7478033304214478,-0.37882286310195923,2.880763530731201,-0.6929804682731628,-0.39952847361564636,3.0318803787231445,-0.6704408526420593,-0.11484730243682861,2.9332199096679688,-0.7345336675643921,0.16323226690292358,2.878793478012085,-0.7473522424697876,0.21884818375110626,2.867908239364624,-0.7729893922805786,0.3300800323486328,2.846137762069702,-0.7895974516868591,0.2558583617210388,2.796613931655884,-0.725814700126648,0.20998412370681763,2.785405158996582,-0.7302636504173279,0.6716631054878235,2.8556079864501953,-0.6689449548721313,1.0805823802947998,2.8923182487487793,-0.7683275938034058,1.1958211660385132,2.9481959342956543,-0.6498130559921265,0.18288588523864746,2.977715015411377,-0.6932586431503296,0.6456499099731445,2.9323534965515137,-0.7059562802314758,1.0575377941131592,2.882256269454956,-0.8258242607116699,1.1621983051300049,2.9131920337677,-0.9448004961013794,-0.46663469076156616,2.8439226150512695,-0.9823852181434631,-0.5152237415313721,2.840850353240967,-0.981428861618042,-0.5674002170562744,2.7924163341522217,-0.8847851753234863,-0.6004787683486938,2.6996796131134033,-0.969287633895874,-0.5813100337982178,2.8638765811920166,-0.8503851890563965,-0.6398899555206299,2.9021501541137695,-0.6153778433799744,1.1784758567810059,2.8859291076660156,-0.6702328324317932,1.1599469184875488,2.855245351791382
-0.6913248896598816,0.19857537746429443,2.8796274662017822,-0.7147406935691833,0.009145885705947876,2.862786054611206,-0.7382875680923462,-0.18027368187904358,2.8460161685943604,-0.7618351578712463,-0.3696988821029663,2.8292455673217773,-0.778051495552063,-0.36435389518737793,2.7797441482543945,-0.8277486562728882,-0.34466320276260376,2.62711501121521,-0.8964234590530396,-0.06611505150794983,2.7215569019317627,-1.0866196155548096,0.12158925831317902,2.8352880477905273,-1.1246588230133057,0.15913012623786926,2.858034372329712,-1.2007372379302979,0.23421184718608856,2.903526782989502,-1.1404157876968384,0.18045805394649506,2.9448020458221436,-0.7458747029304504,-0.37710273265838623,2.8785650730133057,-0.6961775422096252,-0.3967934250831604,3.0311942100524902,-0.6812224388122559,-0.11319500207901001,2.9283697605133057,-0.7539783120155334,0.16118896007537842,2.867032289505005,-0.76852947473526,0.21606574952602386,2.854764699935913,-0.7976318597793579,0.32581934332847595,2.8302297592163086,-0.8097482323646545,0.25023987889289856,2.7815189361572266,-0.725851833820343,0.21151144802570343,2.7821297645568848,-0.7319067716598511,0.6727633476257324,2.855198383331299,-0.6690228581428528,1.0810946226119995,2.895941734313965,-0.7694511413574219,1.1967898607254028,2.948969602584839,-0.6567979454994202,0.18563930690288544,2.9771251678466797,-0.7003071904182434,0.6486409306526184,2.933934450149536,-0.7049158215522766,1.0607728958129883,2.8841869831085205,-0.82437664270401,1.1671628952026367,2.9105210304260254,-0.9400787353515625,-0.4677736759185791,2.837805986404419,-0.9768940806388855,-0.516907274723053,2.8341164588928223,-0.9742181301116943,-0.5691854953765869,2.7858548164367676,-0.8752676248550415,-0.6010995507240295,2.6951613426208496,-0.9633139967918396,-0.5827421545982361,2.8575832843780518,-0.844372570514679,-0.6395100951194763,2.8983922004699707,-0.6145854592323303,1.1786400079727173,2.8918468952178955,-0.6666317582130432,1.1626869440078735,2.8588263988494873
-0.6937592625617981,0.19988307356834412,2.8761115074157715,-0.7149693965911865,0.010191693902015686,2.859429121017456,-0.736312747001648,-0.17949704825878143,2.8428871631622314,-0.7576567530632019,-0.3691914677619934,2.8263447284698486,-0.7720777988433838,-0.3642522692680359,2.776252269744873,-0.8161858320236206,-0.34584417939186096,2.622075080871582,-0.8787405490875244,-0.06815668940544128,2.722050189971924,-1.0796849727630615,0.10591752827167511,2.838115692138672,-1.1198738813400269,0.14073237776756287,2.8613288402557373,-1.200251579284668,0.21036206185817719,2.907755136489868,-1.1389977931976318,0.15732064843177795,2.948347806930542,-0.7434676885604858,-0.37619245052337646,2.8762574195861816,-0.699359655380249,-0.3946005403995514,3.0304346084594727,-0.6895105838775635,-0.11252474784851074,2.9238760471343994,-0.7684117555618286,0.15817037224769592,2.855681896209717,-0.7841919660568237,0.21230940520763397,2.842043161392212,-0.8157524466514587,0.3205874562263489,2.814765453338623,-0.8236856460571289,0.24404224753379822,2.766900062561035,-0.7244505286216736,0.21200692653656006,2.7772746086120605,-0.7309960126876831,0.6730437278747559,2.8519163131713867,-0.6678546667098999,1.080955982208252,2.8966522216796875,-0.7696815133094788,1.1969114542007446,2.9463882446289062,-0.6630679965019226,0.18775922060012817,2.9749484062194824,-0.710058331489563,0.6507465243339539,2.934900999069214,-0.7097188234329224,1.0631908178329468,2.8872551918029785,-0.8295212984085083,1.1702760457992554,2.9088916778564453,-0.935279130935669,-0.46857351064682007,2.8329851627349854,-0.9716597199440002,-0.5180271863937378,2.8291640281677246,-0.9678195714950562,-0.5707224607467651,2.7814276218414307,-0.867191731929779,-0.6026902794837952,2.6925978660583496,-0.957952082157135,-0.5835460424423218,2.853447675704956,-0.8392338752746582,-0.6390238404273987,2.8966546058654785,-0.6128652691841125,1.1782749891281128,2.8949854373931885,-0.6696714758872986,1.1649771928787231,2.8641610145568848
-0.6941125392913818,0.20106101036071777,2.871675968170166,-0.7132541537284851,0.011137545108795166,2.8552651405334473,-0.732542097568512,-0.1787918359041214,2.8390960693359375,-0.7518305778503418,-0.3687268793582916,2.8229265213012695,-0.7641026377677917,-0.36421486735343933,2.7722280025482178,-0.8015639781951904,-0.3471449613571167,2.6164050102233887,-0.8573952317237854,-0.07107996940612793,2.722625494003296,-1.0699763298034668,0.08714401721954346,2.8390307426452637,-1.112492561340332,0.11878881603479385,2.862311840057373,-1.1975250244140625,0.18207842111587524,2.9088737964630127,-1.1354988813400269,0.12996582686901093,2.949042797088623,-0.7397682070732117,-0.3753032982349396,2.8734490871429443,-0.702306866645813,-0.3923732042312622,3.0292720794677734,-0.6924387812614441,-0.11174634099006653,2.9208147525787354,-0.77251136302948,0.15638506412506104,2.846857786178589,-0.7885258793830872,0.2100113481283188,2.832066297531128,-0.8205549120903015,0.3172639012336731,2.802483558654785,-0.8251348733901978,0.24035272002220154,2.755152940750122,-0.7202640771865845,0.21235361695289612,2.771489143371582,-0.728082001209259,0.6731874942779541,2.8473472595214844,-0.6674841046333313,1.080950140953064,2.896838426589966,-0.771571934223175,1.1965656280517578,2.9425389766693115,-0.6679610013961792,0.18976840376853943,2.97186279296875,-0.7207899689674377,0.6524775624275208,2.9359078407287598,-0.717235267162323,1.0653538703918457,2.892176866531372,-0.8377711772918701,1.172529935836792,2.908733606338501,-0.9295014142990112,-0.46820831298828125,2.8270416259765625,-0.9657621383666992,-0.517745852470398,2.823054075241089,-0.9608839154243469,-0.5710126757621765,2.7760396003723145,-0.8583822250366211,-0.603949248790741,2.689716100692749,-0.9525166749954224,-0.5829628109931946,2.848407745361328,-0.8346749544143677,-0.6378079056739807,2.8947596549987793,-0.6125888824462891,1.1783324480056763,2.898102045059204,-0.675871729850769,1.1672539710998535,2.8720810413360596
-0.6965477466583252,0.20178884267807007,2.8685874938964844,-0.7136495113372803,0.011616155505180359,2.8528738021850586,-0.7308552265167236,-0.17857155203819275,2.8374581336975098,-0.74806147813797,-0.3687649369239807,2.8220419883728027,-0.7577653527259827,-0.36477822065353394,2.770747661590576,-0.7873221635818481,-0.349338173866272,2.6132490634918213,-0.8354880809783936,-0.07521852850914001,2.724846363067627,-1.0589327812194824,0.0674234926700592,2.838238000869751,-1.1036217212677002,0.09595189988613129,2.8609163761138916,-1.1929996013641357,0.15300869941711426,2.906273126602173,-1.1307393312454224,0.10191503167152405,2.946606159210205,-0.7385445833206177,-0.3748188614845276,2.873168706893921,-0.7089877724647522,-0.39025890827178955,3.030667304992676,-0.6968296766281128,-0.11155876517295837,2.9206950664520264,-0.7757624387741089,0.15392601490020752,2.840573787689209,-0.7915489673614502,0.20702296495437622,2.824549436569214,-0.8231220841407776,0.3132168650627136,2.7925009727478027,-0.8243837356567383,0.23614852130413055,2.7458903789520264,-0.717336893081665,0.21204525232315063,2.7670857906341553,-0.724871039390564,0.673021674156189,2.8421268463134766,-0.6655901074409485,1.0805695056915283,2.8949036598205566,-0.7715347409248352,1.1965148448944092,2.935185432434082,-0.6757586002349854,0.1915324330329895,2.9700891971588135,-0.7317732572555542,0.6540740728378296,2.9368510246276855,-0.7235512733459473,1.0672919750213623,2.8971245288848877,-0.8442407846450806,1.1750311851501465,2.9079179763793945,-0.9258120656013489,-0.46822822093963623,2.8222451210021973,-0.9619513154029846,-0.5178283452987671,2.8178625106811523,-0.9556888937950134,-0.571739673614502,2.771745204925537,-0.8506655693054199,-0.6058392524719238,2.6889560222625732,-0.949475884437561,-0.5826943516731262,2.844494104385376,-0.8330619931221008,-0.6368776559829712,2.895077705383301,-0.6105148792266846,1.1777703762054443,2.899068593978882,-0.6805807948112488,1.1691181659698486,2.880284547805786
-0.7019100189208984,0.2036682665348053,2.863307476043701,-0.7166646122932434,0.013247594237327576,2.848252296447754,-0.7314673662185669,-0.1772107034921646,2.8337295055389404,-0.7462705969810486,-0.36767470836639404,2.8192062377929688,-0.7528569102287292,-0.36425819993019104,2.76737904548645,-0.7728450298309326,-0.350581556558609,2.608391284942627,-0.8107815980911255,-0.0795380175113678,2.7269604206085205,-1.0432381629943848,0.04847554862499237,2.8357138633728027,-1.0897294282913208,0.0740782618522644,2.857464551925659,-1.1827120780944824,0.12528368830680847,2.900965929031372,-1.1209160089492798,0.07459494471549988,2.941457509994507,-0.7398451566696167,-0.37316131591796875,2.870875597000122,-0.7198570370674133,-0.3868379592895508,3.0298633575439453,-0.70376056432724,-0.11039352416992188,2.9190399646759033,-0.7797906398773193,0.15222051739692688,2.832413911819458,-0.7949966788291931,0.20474332571029663,2.8150887489318848,-0.8254086971282959,0.30978894233703613,2.7804384231567383,-0.8230741620063782,0.23275300860404968,2.7347469329833984,-0.7162274718284607,0.21289460361003876,2.7606420516967773,-0.722521185874939,0.673967719078064,2.835278034210205,-0.6640211939811707,1.0810844898223877,2.892176628112793,-0.7715237140655518,1.1976823806762695,2.925936460494995,-0.6875925660133362,0.19444192945957184,2.965972900390625,-0.7446005940437317,0.657304584980011,2.939387083053589,-0.7312335968017578,1.071167230606079,2.9086813926696777,-0.8516778945922852,1.1795947551727295,2.9139950275421143,-0.9234530329704285,-0.46801626682281494,2.8143861293792725,-0.9591813087463379,-0.5178581476211548,2.809443712234497,-0.9509734511375427,-0.5724388957023621,2.7644360065460205,-0.8428071141242981,-0.6072770357131958,2.6861307621002197,-0.9474111199378967,-0.5822402238845825,2.837524175643921,-0.8327138423919678,-0.635047435760498,2.8932135105133057,-0.6086870431900024,1.1779241561889648,2.8998894691467285,-0.6866298317909241,1.1729789972305298,2.896674871444702
-0.7088728547096252,0.2059800922870636,2.8606231212615967,-0.7211270928382874,0.015344515442848206,2.8460612297058105,-0.7334151864051819,-0.17534597218036652,2.8322668075561523,-0.7457036972045898,-0.3660421669483185,2.818471908569336,-0.7486671209335327,-0.3631218671798706,2.766282081604004,-0.7575560808181763,-0.35098013281822205,2.606356620788574,-0.7838760614395142,-0.08437150716781616,2.7339227199554443,-1.0243499279022217,0.031417153775691986,2.834763288497925,-1.0724446773529053,0.054574884474277496,2.854931354522705,-1.1686341762542725,0.10089035332202911,2.8952674865722656,-1.1083890199661255,0.04962659999728203,2.936347007751465,-0.7428737878799438,-0.3710351288318634,2.870512008666992,-0.7339848279953003,-0.38317686319351196,3.030437469482422,-0.7120102643966675,-0.10667398571968079,2.925036907196045,-0.7830873727798462,0.1551876664161682,2.8368325233459473,-0.797302782535553,0.2075600028038025,2.8191916942596436,-0.8257336020469666,0.31230467557907104,2.783910036087036,-0.8195765614509583,0.23627173900604248,2.7378005981445312,-0.715693473815918,0.21432161331176758,2.7571609020233154,-0.720378577709198,0.6749881505966187,2.834392786026001,-0.6629387140274048,1.0812033414840698,2.898386001586914,-0.7716745138168335,1.1984559297561646,2.9252219200134277,-0.7020522356033325,0.19763857126235962,2.964085340499878,-0.7591090202331543,0.6609166264533997,2.9462428092956543,-0.74167799949646,1.0753530263900757,2.9276978969573975,-0.8616870641708374,1.1843924522399902,2.9275195598602295,-0.9216598272323608,-0.4679274559020996,2.8073508739471436,-0.956731915473938,-0.5181268453598022,2.801584243774414,-0.9461164474487305,-0.5732706189155579,2.7578110694885254,-0.8343532085418701,-0.6083100438117981,2.684891939163208,-0.9457086324691772,-0.5819752812385559,2.8311049938201904,-0.8331975936889648,-0.6329731941223145,2.8925580978393555,-0.6075468063354492,1.177524209022522,2.9107718467712402,-0.6958646178245544,1.1771520376205444,2.9215757846832275
-0.7216953635215759,0.20911842584609985,2.8511407375335693,-0.7314078211784363,0.018284067511558533,2.8377184867858887,-0.7410991787910461,-0.17262610793113708,2.8254051208496094,-0.7507908344268799,-0.36354202032089233,2.813091278076172,-0.7492522597312927,-0.36129289865493774,2.760815382003784,-0.7443788647651672,-0.35122713446617126,2.600917100906372,-0.7545938491821289,-0.08980822563171387,2.737323760986328,-0.9986595511436462,0.0263703390955925,2.823451519012451,-1.0474727153778076,0.04960605129599571,2.84067702293396,-1.1450990438461304,0.09607747197151184,2.8751280307769775,-1.0898754596710205,0.041681401431560516,2.918100595474243,-0.7524347305297852,-0.3678661286830902,2.8652336597442627,-0.7573081254959106,-0.3779318928718567,3.025131940841675,-0.7328777313232422,-0.10224688053131104,2.9228975772857666,-0.8017463684082031,0.15661606192588806,2.8294601440429688,-0.8155201077461243,0.20838865637779236,2.810772657394409,-0.8430675864219666,0.31193384528160095,2.77339768409729,-0.8310737609863281,0.23663422465324402,2.7282168865203857,-0.7192209362983704,0.2162855863571167,2.747448682785034,-0.720221221446991,0.6764625310897827,2.8277273178100586,-0.6605355143547058,1.0810062885284424,2.899794340133667,-0.7688507437705994,1.2003012895584106,2.917940616607666,-0.7241697907447815,0.201951265335083,2.9548327922821045,-0.7773646712303162,0.6660150289535522,2.949977397918701,-0.7524448037147522,1.0804903507232666,2.949047327041626,-0.870419979095459,1.191563606262207,2.9429354667663574,-0.924137532711029,-0.46815502643585205,2.794299602508545,-0.9580671787261963,-0.5189140439033508,2.7876100540161133,-0.9442665576934814,-0.5746349692344666,2.7456600666046143,-0.8282952308654785,-0.6092950105667114,2.6798510551452637,-0.9478116631507874,-0.5819199085235596,2.818917751312256,-0.838339626789093,-0.629935622215271,2.8874146938323975,-0.6045352220535278,1.1760891675949097,2.9177680015563965,-0.7048131227493286,1.1816242933273315,2.950774669647217
