x0,y0,z0,x1,y1,z1,x2,y2,z2,x3,y3,z3,x4,y4,z4,x5,y5,z5,x6,y6,z6,x7,y7,z7,x8,y8,z8,x9,y9,z9,x10,y10,z10,x11,y11,z11,x12,y12,z12,x13,y13,z13,x14,y14,z14,x15,y15,z15,x16,y16,z16,x17,y17,z17,x18,y18,z18,x19,y19,z19,x20,y20,z20,x21,y21,z21,x22,y22,z22,x23,y23,z23,x24,y24,z24,x25,y25,z25,x26,y26,z26,x27,y27,z27,x28,y28,z28,x29,y29,z29,x30,y30,z30,x31,y31,z31,x32,y32,z32,x33,y33,z33
-0.36831769347190857,0.12206098437309265,3.0049619674682617,-0.37062397599220276,-0.06044912338256836,2.98773193359375,-0.3730649948120117,-0.24304808676242828,2.9714901447296143,-0.37550610303878784,-0.42565253376960754,2.9552478790283203,-0.38197654485702515,-0.43096020817756653,3.004645824432373,-0.4035005569458008,-0.4453446865081787,3.169599771499634,-0.45729202032089233,-0.1707988679409027,3.0423779487609863,-0.5137779116630554,0.091875821352005,2.9193344116210938,-0.5250750780105591,0.14441075921058655,2.894725799560547,-0.5476694703102112,0.24948063492774963,2.845508337020874,-0.5195856094360352,0.1707085520029068,2.806399345397949,-0.3690621554851532,-0.42232954502105713,2.9056735038757324,-0.34753814339637756,-0.40794506669044495,2.7407195568084717,-0.365105003118515,-0.11010339856147766,2.8144495487213135,-0.3785095512866974,0.1763533353805542,2.8858025074005127,-0.3811904489994049,0.23364467918872833,2.9000730514526367,-0.38655227422714233,0.3482273817062378,2.9286141395568848,-0.3924952745437622,0.2735411524772644,2.982557773590088,-0.3799278140068054,0.11293215304613113,3.1032137870788574,-0.362271249294281,0.5732486248016357,3.1022093296051025,-0.3403969705104828,0.9821359515190125,3.102027416229248,-0.21306422352790833,1.0778446197509766,3.116008996963501,-0.3567075729370117,0.13118982315063477,2.906710147857666,-0.43470528721809387,0.5339282751083374,3.116286277770996,-0.4974600672721863,0.8926968574523926,3.3034074306488037,-0.3919520378112793,0.9958471059799194,3.36503005027771,-0.413200706243515,-0.5572099685668945,2.9490435123443604,-0.43879783153533936,-0.589197039604187,2.954866647720337,-0.466274619102478,-0.597707986831665,2.993168830871582,-0.48924553394317627,-0.5418679714202881,3.0636656284332275,-0.48625385761260986,-0.5898716449737549,2.948390245437622,-0.5458534359931946,-0.5196650624275208,2.936793088912964,-0.3755497932434082,1.0865287780761719,3.097306251525879,-0.5535476803779602,0.9779030084609985,3.3452401161193848
-0.38194093108177185,0.12334886193275452,2.973459243774414,-0.3823070228099823,-0.0591941773891449,2.9565110206604004,-0.3825911283493042,-0.24172021448612213,2.9393792152404785,-0.3828752338886261,-0.4242517352104187,2.9222469329833984,-0.355292409658432,-0.42137911915779114,2.8805227279663086,-0.2636256515979767,-0.4085366725921631,2.7421765327453613,-0.33307021856307983,-0.13767537474632263,2.8669028282165527,-0.45377275347709656,0.118650883436203,2.9469046592712402,-0.4779132604598999,0.16991613805294037,2.962904930114746,-0.5261942744255066,0.2724466323852539,2.994905710220337,-0.5376473069190979,0.1883593648672104,3.0303657054901123,-0.4104611575603485,-0.42910823225975037,2.96378493309021,-0.5021278858184814,-0.4419506788253784,3.1021311283111572,-0.47745901346206665,-0.13948875665664673,3.0614707469940186,-0.4513815641403198,0.15134504437446594,3.02394437789917,-0.446166068315506,0.20951180160045624,3.016439199447632,-0.4357350766658783,0.325845330953598,3.0014286041259766,-0.4022376239299774,0.25671321153640747,2.950852870941162,-0.32454806566238403,0.13072535395622253,2.892770290374756,-0.34681984782218933,0.5778046250343323,3.001589775085449,-0.33585023880004883,0.9698421955108643,3.1193368434906006,-0.4334617257118225,1.090793490409851,3.081737756729126,-0.43933379650115967,0.1159723699092865,3.0541481971740723,-0.514382004737854,0.5653709769248962,3.122164487838745,-0.4998668134212494,0.9576686024665833,3.238654613494873,-0.5973061323165894,1.0790311098098755,3.201944589614868,-0.4601777195930481,-0.5377518534660339,2.8644895553588867,-0.466867059469223,-0.5805909633636475,2.852445602416992,-0.4323866367340088,-0.6128995418548584,2.830519914627075,-0.3323003947734833,-0.604063868522644,2.8208446502685547,-0.45347797870635986,-0.6232740879058838,2.879135847091675,-0.39205920696258545,-0.6334584951400757,2.958589792251587,-0.29965654015541077,1.060204267501831,3.17111873626709,-0.4625486433506012,1.0479803085327148,3.2897212505340576
-0.4237614572048187,0.11437329649925232,2.9883477687835693,-0.4180588722229004,-0.06878228485584259,2.9833743572235107,-0.4125555455684662,-0.2519584000110626,2.9789645671844482,-0.40705204010009766,-0.4351400136947632,2.9745547771453857,-0.38854968547821045,-0.43446046113967896,2.928006649017334,-0.3286725580692291,-0.42903104424476624,2.7772021293640137,-0.36302754282951355,-0.14802449941635132,2.8776638507843018,-0.45614683628082275,0.1162467896938324,2.9478001594543457,-0.4747706949710846,0.1691010445356369,2.961827516555786,-0.5120184421539307,0.2748095393180847,2.989881992340088,-0.5174978971481323,0.1974819004535675,3.0360679626464844,-0.42549458146095276,-0.437810480594635,3.021054744720459,-0.4853717088699341,-0.44323989748954773,3.1718592643737793,-0.48608800768852234,-0.14696583151817322,3.122274398803711,-0.4831353425979614,0.13814014196395874,3.0760631561279297,-0.48254480957984924,0.1951613426208496,3.0668208599090576,-0.4813637435436249,0.30920374393463135,3.0483365058898926,-0.4557946026325226,0.24164742231369019,2.9942522048950195,-0.38406217098236084,0.11807718873023987,2.8974661827087402,-0.388761043548584,0.564114511013031,3.002725839614868,-0.335746705532074,0.9507172107696533,3.1197474002838135,-0.43325793743133545,1.0756418704986572,3.105774402618408,-0.4634607434272766,0.11066940426826477,3.0792293548583984,-0.5140276551246643,0.55802321434021,3.165069341659546,-0.47696271538734436,0.948380708694458,3.2755837440490723,-0.5795698761940002,1.0689162015914917,3.25968337059021,-0.4997810125350952,-0.5544764995574951,2.957388401031494,-0.5099744200706482,-0.5991618633270264,2.9542062282562256,-0.48242220282554626,-0.636681318283081,2.928483724594116,-0.38676419854164124,-0.6340491771697998,2.8902292251586914,-0.4896487891674042,-0.6389216780662537,2.9830944538116455,-0.40723949670791626,-0.6403968334197998,3.044959545135498,-0.28557151556015015,1.0379432439804077,3.16341233253479,-0.4304053485393524,1.0383213758468628,3.3177220821380615
-0.4470062553882599,0.10214415192604065,3.081782102584839,-0.4415287375450134,-0.08115626871585846,3.0817370414733887,-0.43628278374671936,-0.2644626498222351,3.0822789669036865,-0.43103668093681335,-0.4477745294570923,3.0828208923339844,-0.4035772979259491,-0.44810962677001953,3.040900468826294,-0.31644755601882935,-0.4460098147392273,2.9077377319335938,-0.34329742193222046,-0.16241991519927979,2.9910457134246826,-0.40878787636756897,0.11021444201469421,3.044153928756714,-0.42188596725463867,0.16474130749702454,3.0547754764556885,-0.4480821490287781,0.27379506826400757,3.076018810272217,-0.4719119071960449,0.19981932640075684,3.119701623916626,-0.45843902230262756,-0.44943177700042725,3.1247472763061523,-0.5455687642097473,-0.4515315890312195,3.2579100131988525,-0.536054253578186,-0.15826672315597534,3.2133052349090576,-0.523606538772583,0.12391459941864014,3.1725900173187256,-0.5211169719696045,0.1803508698940277,3.164447069168091,-0.5161378979682922,0.29322341084480286,3.148160934448242,-0.48092347383499146,0.22699575126171112,3.099970817565918,-0.3906245827674866,0.10384905338287354,3.000105857849121,-0.4015679359436035,0.5528046488761902,3.0994436740875244,-0.34674543142318726,0.936348557472229,3.2299745082855225,-0.4325382709503174,1.0676758289337158,3.2002577781677246,-0.5033879280090332,0.10043925046920776,3.1634583473205566,-0.518003523349762,0.5434505939483643,3.2862436771392822,-0.4832378923892975,0.9256448745727539,3.4271998405456543,-0.5741103887557983,1.0537755489349365,3.398650884628296,-0.5172659158706665,-0.5711658596992493,3.054408311843872,-0.5261639952659607,-0.6165282130241394,3.052325487136841,-0.49306827783584595,-0.655307948589325,3.035891056060791,-0.3906567394733429,-0.6529145240783691,3.0191550254821777,-0.5121819376945496,-0.6539515256881714,3.0880086421966553,-0.4448120892047882,-0.649071455001831,3.166821241378784,-0.2998736500740051,1.020420789718628,3.2833902835845947,-0.4413585066795349,1.010332703590393,3.483701467514038
-0.4544912278652191,0.10881856083869934,3.0901834964752197,-0.45368385314941406,-0.07440407574176788,3.097128391265869,-0.4532422125339508,-0.25760358572006226,3.104689359664917,-0.45280057191848755,-0.44080859422683716,3.112250566482544,-0.4206427335739136,-0.4433109164237976,3.0739054679870605,-0.31850019097328186,-0.4480971097946167,2.9519708156585693,-0.3205057680606842,-0.15700170397758484,3.006169319152832,-0.3511824905872345,0.1247093677520752,3.033757448196411,-0.35731783509254456,0.1810515820980072,3.0392751693725586,-0.3695885241031647,0.2937360107898712,3.0503103733062744,-0.4076988399028778,0.22756782174110413,3.0959298610687256,-0.4849535822868347,-0.4402974247932434,3.1506776809692383,-0.587096095085144,-0.4355112314224243,3.2726123332977295,-0.5976617336273193,-0.140369713306427,3.2940099239349365,-0.6374761462211609,0.14151906967163086,3.289915084838867,-0.6454390287399292,0.1978968232870102,3.2890961170196533,-0.6613647937774658,0.31065234541893005,3.2874581813812256,-0.6100402474403381,0.259635865688324,3.23573899269104,-0.38875502347946167,0.10629085451364517,3.0158534049987793,-0.3965070843696594,0.5605401396751404,3.0740299224853516,-0.33644968271255493,0.9481056928634644,3.183317184448242,-0.41107824444770813,1.0800859928131104,3.135465145111084,-0.5202274322509766,0.11134626716375351,3.16451358795166,-0.5110028982162476,0.5641542673110962,3.2328274250030518,-0.43655961751937866,0.9461874961853027,3.352269411087036,-0.5050538778305054,1.0822458267211914,3.306720495223999,-0.5373029708862305,-0.557878851890564,3.0537421703338623,-0.5490586161613464,-0.6030126214027405,3.0474891662597656,-0.5152868628501892,-0.6452235579490662,3.040785312652588,-0.411190927028656,-0.6520014405250549,3.0569047927856445,-0.5500530004501343,-0.6423200368881226,3.0851874351501465,-0.5096948742866516,-0.6437747478485107,3.182711124420166,-0.29155436158180237,1.033300757408142,3.235697031021118,-0.3889137804508209,1.0281791687011719,3.40726637840271
-0.46199503540992737,0.10263490676879883,3.100480794906616,-0.4646576941013336,-0.08031719923019409,3.1116883754730225,-0.46771302819252014,-0.2632327377796173,3.1233816146850586,-0.47076845169067383,-0.44615375995635986,3.135075330734253,-0.4335535764694214,-0.449904203414917,3.101749897003174,-0.3151523470878601,-0.4586698114871979,2.9955687522888184,-0.2879078984260559,-0.1659928262233734,3.0305562019348145,-0.2774648666381836,0.11800596117973328,3.046398639678955,-0.27537626028060913,0.17480571568012238,3.049567222595215,-0.2711990475654602,0.28840523958206177,3.0559041500091553,-0.32448527216911316,0.2309655398130417,3.0979559421539307,-0.5080165266990662,-0.4443914294242859,3.168527841567993,-0.6264177560806274,-0.435625821352005,3.2747089862823486,-0.676968514919281,-0.15121132135391235,3.339355707168579,-0.7471054196357727,0.1220490038394928,3.3771042823791504,-0.7611327767372131,0.17670106887817383,3.3846540451049805,-0.7891875505447388,0.2860051989555359,3.3997535705566406,-0.7259550094604492,0.2500001788139343,3.348641872406006,-0.38706475496292114,0.09756772220134735,3.0355658531188965,-0.38649308681488037,0.5488741993904114,3.0500192642211914,-0.3239043951034546,0.9363530278205872,3.1339151859283447,-0.38497787714004517,1.0645309686660767,3.067525863647461,-0.5369253158569336,0.1077020913362503,3.165395736694336,-0.5064849257469177,0.5581377744674683,3.173630475997925,-0.4104262590408325,0.9373917579650879,3.263267755508423,-0.45905598998069763,1.0713318586349487,3.197981595993042,-0.5480290651321411,-0.5652820467948914,3.0708799362182617,-0.559638261795044,-0.6105590462684631,3.065337896347046,-0.5260947942733765,-0.6534912586212158,3.0659842491149902,-0.4256689250469208,-0.660624623298645,3.0977842807769775,-0.5670017600059509,-0.6477172374725342,3.104501724243164,-0.5415719747543335,-0.6442647576332092,3.2069170475006104,-0.28268367052078247,1.0227866172790527,3.1840102672576904,-0.36219680309295654,1.0191630125045776,3.314908981323242
-0.46219244599342346,0.1096842885017395,3.1140549182891846,-0.4678175151348114,-0.07309071719646454,3.125075340270996,-0.4736359715461731,-0.25584882497787476,3.1362738609313965,-0.4794546067714691,-0.4386124014854431,3.147472620010376,-0.4408012926578522,-0.442773699760437,3.1159310340881348,-0.31757068634033203,-0.45286551117897034,3.015261173248291,-0.27484554052352905,-0.1628260612487793,3.0545437335968018,-0.25317275524139404,0.12043541669845581,3.0681076049804688,-0.24883820116519928,0.1770877093076706,3.0708203315734863,-0.24016909301280975,0.29039230942726135,3.0762460231781006,-0.29755866527557373,0.23574504256248474,3.116433620452881,-0.5181711912155151,-0.43643754720687866,3.179136037826538,-0.6414017677307129,-0.42634573578834534,3.279805898666382,-0.7079154849052429,-0.14738565683364868,3.3522534370422363,-0.789880096912384,0.12085700035095215,3.3993539810180664,-0.8062730431556702,0.17450553178787231,3.4087741374969482,-0.8390588760375977,0.28180259466171265,3.427614450454712,-0.7722826600074768,0.2506091594696045,3.3779871463775635,-0.38464003801345825,0.10357937216758728,3.052388906478882,-0.3755558133125305,0.5513573884963989,3.0449860095977783,-0.3138643503189087,0.9399416446685791,3.1060497760772705,-0.3706111013889313,1.062940239906311,3.029712677001953,-0.5397448539733887,0.11578920483589172,3.1757209300994873,-0.5051096677780151,0.5616054534912109,3.1494383811950684,-0.4101761281490326,0.943591833114624,3.20949125289917,-0.45541366934776306,1.0707318782806396,3.1322569847106934,-0.5564690232276917,-0.5562326312065125,3.079798460006714,-0.5685651302337646,-0.6013479232788086,3.073505401611328,-0.5356371998786926,-0.6448280215263367,3.074840545654297,-0.436242938041687,-0.6536982655525208,3.1097521781921387,-0.5777016878128052,-0.6387547850608826,3.1121551990509033,-0.5554255247116089,-0.6364907622337341,3.2154767513275146,-0.2743849456310272,1.0284701585769653,3.1518499851226807,-0.3634524345397949,1.0285406112670898,3.255253553390503
-0.4605833888053894,0.11131945252418518,3.1318554878234863,-0.4686722457408905,-0.07134781777858734,3.142261505126953,-0.47686338424682617,-0.25400716066360474,3.152726650238037,-0.48505476117134094,-0.4366719722747803,3.1631920337677,-0.44482406973838806,-0.4411602318286896,3.1337602138519287,-0.316430002450943,-0.45230382680892944,3.0397531986236572,-0.26672452688217163,-0.1657446324825287,3.0922164916992188,-0.24094682931900024,0.11657172441482544,3.1117868423461914,-0.23579129576683044,0.17303499579429626,3.1157009601593018,-0.22548021376132965,0.2859615385532379,3.1235291957855225,-0.2858954966068268,0.23177771270275116,3.1595194339752197,-0.5253744721412659,-0.43416908383369446,3.192737340927124,-0.6537685394287109,-0.4230254888534546,3.2867443561553955,-0.7309369444847107,-0.1459364891052246,3.354611396789551,-0.8250122666358948,0.11962991952896118,3.391683340072632,-0.8438273072242737,0.17274320125579834,3.3990976810455322,-0.8814574480056763,0.27896976470947266,3.413926362991333,-0.8106983304023743,0.24947182834148407,3.3691580295562744,-0.3800920844078064,0.1044682189822197,3.0741569995880127,-0.3651631474494934,0.5485107898712158,3.051363229751587,-0.3078385591506958,0.9375492334365845,3.0930917263031006,-0.36069557070732117,1.0549708604812622,3.0078511238098145,-0.5410746932029724,0.11817068606615067,3.18955397605896,-0.507255494594574,0.5605361461639404,3.1566097736358643,-0.4218716025352478,0.9433940649032593,3.206686496734619,-0.46532413363456726,1.0660700798034668,3.12355899810791,-0.5573416948318481,-0.5557376742362976,3.0920183658599854,-0.5688199400901794,-0.601099967956543,3.085463285446167,-0.5357230305671692,-0.6444762945175171,3.0892820358276367,-0.43836191296577454,-0.6524153351783752,3.130399227142334,-0.5801342725753784,-0.6382520794868469,3.1239755153656006,-0.564193844795227,-0.6347801685333252,3.2286975383758545,-0.2711113691329956,1.0280882120132446,3.1354148387908936,-0.3789261281490326,1.0301214456558228,3.2510879039764404
-0.45693883299827576,0.112200528383255,3.1511402130126953,-0.4671660363674164,-0.07037471234798431,3.1609184741973877,-0.4774402379989624,-0.25294631719589233,3.170715808868408,-0.4877147674560547,-0.4355233907699585,3.180513381958008,-0.4459281265735626,-0.44032812118530273,3.15339994430542,-0.3124443292617798,-0.4524906873703003,3.0667340755462646,-0.25855782628059387,-0.1695675551891327,3.132033109664917,-0.22927844524383545,0.11160412430763245,3.1588423252105713,-0.223422572016716,0.167838454246521,3.1642041206359863,-0.21171081066131592,0.2803071141242981,3.1749277114868164,-0.27499884366989136,0.22656330466270447,3.206169843673706,-0.5296130776405334,-0.43270301818847656,3.207733392715454,-0.6630969047546387,-0.420540452003479,3.2943992614746094,-0.7428575754165649,-0.14129194617271423,3.3479878902435303,-0.8443580865859985,0.12367463111877441,3.359118700027466,-0.8646581768989563,0.1766679435968399,3.361344814300537,-0.9052584171295166,0.2826545834541321,3.365797281265259,-0.8309286236763,0.25183385610580444,3.3284475803375244,-0.3734595775604248,0.10467463731765747,3.097932815551758,-0.35357674956321716,0.5457515120506287,3.065589427947998,-0.30100682377815247,0.9348315000534058,3.092229127883911,-0.3496295213699341,1.0472567081451416,2.9994280338287354,-0.5404180884361267,0.11972641944885254,3.204347610473633,-0.5108380913734436,0.5609321594238281,3.1830694675445557,-0.43830999732017517,0.9437505602836609,3.238262414932251,-0.4802582263946533,1.0650184154510498,3.1537041664123535,-0.5546313524246216,-0.557641863822937,3.1078648567199707,-0.5652639865875244,-0.6034713387489319,3.101750135421753,-0.5318663716316223,-0.6465185284614563,3.1086483001708984,-0.4366762936115265,-0.6523124575614929,3.155874490737915,-0.578528642654419,-0.6399552226066589,3.140596389770508,-0.5688860416412354,-0.6337164044380188,3.246393918991089,-0.26727595925331116,1.0270497798919678,3.132042646408081,-0.40015122294425964,1.0309340953826904,3.284846067428589
-0.4550865888595581,0.11143827438354492,3.168238639831543,-0.4668668806552887,-0.07111044228076935,3.1764070987701416,-0.47871705889701843,-0.253653347492218,3.1846039295196533,-0.4905675947666168,-0.43620172142982483,3.192800998687744,-0.4475356340408325,-0.44111883640289307,3.1677393913269043,-0.3099031448364258,-0.4536539316177368,3.0875601768493652,-0.25309422612190247,-0.1745113730430603,3.1651289463043213,-0.21752125024795532,0.10424080491065979,3.2053842544555664,-0.21040666103363037,0.15999123454093933,3.213435411453247,-0.19617746770381927,0.2714920938014984,3.2295374870300293,-0.26247137784957886,0.21843403577804565,3.255138635635376,-0.5337283611297607,-0.433268666267395,3.217951774597168,-0.6713608503341675,-0.42073357105255127,3.298130989074707,-0.7436011433601379,-0.1378883719444275,3.3422293663024902,-0.8403430581092834,0.12888973951339722,3.334538698196411,-0.8596914410591125,0.18224535882472992,3.333000659942627,-0.8983882069587708,0.2889566123485565,3.3299243450164795,-0.8225865960121155,0.25512808561325073,3.2986960411071777,-0.36914703249931335,0.10369294881820679,3.1190857887268066,-0.34594422578811646,0.5432716608047485,3.081116199493408,-0.2985645532608032,0.9329020977020264,3.0946409702301025,-0.34389132261276245,1.0408191680908203,2.9955403804779053,-0.5410261750221252,0.11918359994888306,3.2173914909362793,-0.5161367654800415,0.5602957010269165,3.214205265045166,-0.4558314085006714,0.94288170337677,3.279250144958496,-0.49656420946121216,1.0644088983535767,3.1950271129608154,-0.5516588687896729,-0.5606997013092041,3.1180307865142822,-0.5613322257995605,-0.6069040298461914,3.111996650695801,-0.5277219414710999,-0.6494983434677124,3.121532678604126,-0.43511253595352173,-0.6532557010650635,3.1744956970214844,-0.5764139890670776,-0.6431107521057129,3.1506810188293457,-0.5730735063552856,-0.635157585144043,3.257082462310791,-0.2676624059677124,1.0268065929412842,3.1321828365325928,-0.42215201258659363,1.0299012660980225,3.3290061950683594
-0.4536770284175873,0.11058676242828369,3.184516668319702,-0.46603095531463623,-0.07197679579257965,3.191169023513794,-0.478426992893219,-0.25453683733940125,3.1978399753570557,-0.4908234179019928,-0.4371023178100586,3.2045109272003174,-0.44686925411224365,-0.4419406056404114,3.1810929775238037,-0.30613067746162415,-0.4542368948459625,3.1061089038848877,-0.2476561814546585,-0.17812961339950562,3.192305564880371,-0.20318256318569183,0.09574264287948608,3.251723527908325,-0.19428783655166626,0.15051709115505219,3.2636070251464844,-0.1764983832836151,0.2600660026073456,3.287374258041382,-0.2457863986492157,0.20830273628234863,3.3068151473999023,-0.5349122881889343,-0.43424832820892334,3.228001594543457,-0.6756508350372314,-0.4219520390033722,3.302985668182373,-0.7346864342689514,-0.1357416808605194,3.3440074920654297,-0.8161367177963257,0.13588488101959229,3.334043502807617,-0.8324267864227295,0.19021019339561462,3.3320508003234863,-0.8650069236755371,0.2988608181476593,3.3280651569366455,-0.7900877594947815,0.26099783182144165,3.299574136734009,-0.36591020226478577,0.10297475010156631,3.1386067867279053,-0.340636283159256,0.5416967868804932,3.096967935562134,-0.29728418588638306,0.9316524863243103,3.100193977355957,-0.34001389145851135,1.0359618663787842,2.996406316757202,-0.5414438247680664,0.11819877475500107,3.230426549911499,-0.5190555453300476,0.5588403940200806,3.2439684867858887,-0.46775856614112854,0.94093918800354,3.316937208175659,-0.5071779489517212,1.0629749298095703,3.2330827713012695,-0.5445888042449951,-0.5646393299102783,3.1284239292144775,-0.5528835654258728,-0.6112719178199768,3.122709035873413,-0.518923282623291,-0.6530042886734009,3.135159969329834,-0.42948079109191895,-0.6536622643470764,3.1939122676849365,-0.569575309753418,-0.6471858024597168,3.1611990928649902,-0.5729948282241821,-0.6371764540672302,3.2676901817321777,-0.2685902416706085,1.0268678665161133,3.1358652114868164,-0.43751975893974304,1.027626872062683,3.3692116737365723
-0.4481656849384308,0.11184081435203552,3.1987972259521484,-0.4599002003669739,-0.07085856795310974,3.203234910964966,-0.4715709388256073,-0.25356221199035645,3.207665205001831,-0.4832420349121094,-0.4362713098526001,3.2120957374572754,-0.43811550736427307,-0.44066518545150757,3.1909101009368896,-0.29364001750946045,-0.4515382647514343,3.1231014728546143,-0.24007457494735718,-0.1749509572982788,3.2100815773010254,-0.18957573175430298,0.09189975261688232,3.2914276123046875,-0.17947596311569214,0.14526990056037903,3.30769681930542,-0.15927642583847046,0.25201019644737244,3.3402352333068848,-0.2311497926712036,0.20168402791023254,3.3523287773132324,-0.5284953713417053,-0.4338632822036743,3.2333292961120605,-0.6729708909988403,-0.42299020290374756,3.301137924194336,-0.7102884650230408,-0.1333101987838745,3.34148907661438,-0.7649590969085693,0.14485830068588257,3.338322401046753,-0.7758932113647461,0.2004919946193695,3.337689161300659,-0.7977614402770996,0.3117593824863434,3.3364224433898926,-0.7256893515586853,0.2678288519382477,3.3095808029174805,-0.3580339550971985,0.10504575818777084,3.157379150390625,-0.3274865746498108,0.5422276854515076,3.1202926635742188,-0.2876221835613251,0.9311022758483887,3.115175724029541,-0.3259221315383911,1.0318630933761597,3.007063388824463,-0.5382974147796631,0.1186358705163002,3.240215301513672,-0.5138683319091797,0.5567160844802856,3.2706382274627686,-0.4697438180446625,0.9375309348106384,3.347266435623169,-0.5056073069572449,1.0591371059417725,3.2622156143188477,-0.5310819149017334,-0.5660147070884705,3.134922981262207,-0.5384800434112549,-0.6129594445228577,3.129485607147217,-0.5046976804733276,-0.6541508436203003,3.144587993621826,-0.4185697138309479,-0.6527132987976074,3.2085623741149902,-0.5569744110107422,-0.6485813856124878,3.167631149291992,-0.5666871666908264,-0.6369333267211914,3.2738518714904785,-0.2615674138069153,1.0271402597427368,3.149507522583008,-0.4430811405181885,1.0239337682724,3.4011595249176025
-0.44244080781936646,0.11357095837593079,3.2012667655944824,-0.45147278904914856,-0.06931303441524506,3.2039148807525635,-0.46029093861579895,-0.25220829248428345,3.206503391265869,-0.46910935640335083,-0.43510901927948,3.209091901779175,-0.42364731431007385,-0.4385893642902374,3.1884636878967285,-0.27814027667045593,-0.4465389549732208,3.122464656829834,-0.2305254340171814,-0.1675039529800415,3.20412540435791,-0.18265530467033386,0.09897443652153015,3.287466287612915,-0.17308127880096436,0.15227010846138,3.3041343688964844,-0.15393322706222534,0.2588614523410797,3.337470769882202,-0.22551649808883667,0.2080204039812088,3.348571538925171,-0.5146672129631042,-0.43361660838127136,3.229748487472534,-0.6601742506027222,-0.42566701769828796,3.2957475185394287,-0.6885329484939575,-0.13616681098937988,3.3424553871154785,-0.7286237478256226,0.1438252329826355,3.3581130504608154,-0.7366418838500977,0.19982364773750305,3.3612446784973145,-0.7526782155036926,0.31182044744491577,3.3675076961517334,-0.6829049587249756,0.26614615321159363,3.337880849838257,-0.35168805718421936,0.10850514471530914,3.160944700241089,-0.32936397194862366,0.5463234186172485,3.132580041885376,-0.29888683557510376,0.9356227517127991,3.131436586380005,-0.3383254110813141,1.0363166332244873,3.023922920227051,-0.5331935286521912,0.11863677203655243,3.241588830947876,-0.5073641538619995,0.5555145740509033,3.279777765274048,-0.46550118923187256,0.9360297918319702,3.3568477630615234,-0.5007491111755371,1.0573787689208984,3.2714905738830566,-0.5146027207374573,-0.5652980208396912,3.131023645401001,-0.5213001370429993,-0.6123542189598083,3.1253459453582764,-0.48701542615890503,-0.6531519889831543,3.1405296325683594,-0.40129566192626953,-0.6507495641708374,3.205148696899414,-0.5395601987838745,-0.6484146118164062,3.1632492542266846,-0.5501725077629089,-0.6373270750045776,3.2695212364196777,-0.27558159828186035,1.0318245887756348,3.166893243789673,-0.4397975504398346,1.02241849899292,3.4109902381896973
-0.4366024434566498,0.11365336179733276,3.1991870403289795,-0.4428015947341919,-0.06932669878005981,3.200963020324707,-0.44874677062034607,-0.2523157596588135,3.2026803493499756,-0.45469212532043457,-0.4353103041648865,3.204397678375244,-0.40902775526046753,-0.4379797875881195,3.184119939804077,-0.26290029287338257,-0.4433361887931824,3.119246482849121,-0.22081132233142853,-0.16195005178451538,3.1939947605133057,-0.17795827984809875,0.10671499371528625,3.2713961601257324,-0.16938766837120056,0.16044799983501434,3.2868764400482178,-0.15224646031856537,0.2679140269756317,3.3178369998931885,-0.22287946939468384,0.2161758542060852,3.3297932147979736,-0.5004211068153381,-0.4346297085285187,3.22469425201416,-0.6465485692024231,-0.4292733073234558,3.2895679473876953,-0.6762621402740479,-0.1417306661605835,3.3440957069396973,-0.7096243500709534,0.13608023524284363,3.385524272918701,-0.7162967920303345,0.1916424185037613,3.3938100337982178,-0.7296416759490967,0.3027667701244354,3.410381555557251,-0.6611034870147705,0.2584495544433594,3.376509428024292,-0.3454474210739136,0.11018083989620209,3.1595916748046875,-0.33481913805007935,0.5486146211624146,3.1388745307922363,-0.31476154923439026,0.9383190870285034,3.144984722137451,-0.3560558557510376,1.03981351852417,3.0390563011169434,-0.527757465839386,0.11712588369846344,3.2387824058532715,-0.5032201409339905,0.553284764289856,3.2827110290527344,-0.4642067849636078,0.9334776401519775,3.361708641052246,-0.49949413537979126,1.0549226999282837,3.2766611576080322,-0.4957200884819031,-0.5675451755523682,3.1268911361694336,-0.5009860396385193,-0.6148800849914551,3.121523380279541,-0.4655984342098236,-0.6545798182487488,3.137328863143921,-0.3804275095462799,-0.6491454839706421,3.202709674835205,-0.5185160040855408,-0.6512190103530884,3.15960693359375,-0.5303606986999512,-0.6396233439445496,3.2658307552337646,-0.29431092739105225,1.0343891382217407,3.182330846786499,-0.43943989276885986,1.0197268724441528,3.4163904190063477
-0.4274106025695801,0.11547419428825378,3.1903276443481445,-0.43075403571128845,-0.06753738224506378,3.1909685134887695,-0.43379807472229004,-0.2505543529987335,3.191561460494995,-0.4368422031402588,-0.4335767924785614,3.1921544075012207,-0.3908860981464386,-0.4353998005390167,3.172485113143921,-0.24398553371429443,-0.43804681301116943,3.109623432159424,-0.21081030368804932,-0.15482521057128906,3.178591251373291,-0.17737524211406708,0.11640667915344238,3.248544454574585,-0.1706882268190384,0.1706530600786209,3.2625350952148438,-0.15731419622898102,0.2791458070278168,3.2905163764953613,-0.22627879679203033,0.22573089599609375,3.303068161010742,-0.4828313887119293,-0.43374302983283997,3.2118303775787354,-0.6297319531440735,-0.43109601736068726,3.2746920585632324,-0.6600773334503174,-0.14470180869102478,3.3306305408477783,-0.6882157921791077,0.1302981674671173,3.3868558406829834,-0.6938434839248657,0.1852981597185135,3.3981008529663086,-0.7050988674163818,0.29529815912246704,3.420590877532959,-0.6374614238739014,0.2516876757144928,3.3846728801727295,-0.33563488721847534,0.11366352438926697,3.152060031890869,-0.33142849802970886,0.5521320104598999,3.1399073600769043,-0.3168758749961853,0.9414803981781006,3.1551260948181152,-0.3579944670200348,1.044708490371704,3.0510172843933105,-0.5191863179206848,0.1172848641872406,3.22859525680542,-0.4997934103012085,0.5525493621826172,3.2794735431671143,-0.46574392914772034,0.931429386138916,3.365065813064575,-0.5009536743164062,1.0537807941436768,3.2815444469451904,-0.47177088260650635,-0.5678443908691406,3.1146461963653564,-0.475324422121048,-0.615439236164093,3.109506368637085,-0.4389040768146515,-0.6538703441619873,3.1263701915740967,-0.35524892807006836,-0.6451051235198975,3.193596601486206,-0.49245160818099976,-0.6521579623222351,3.1475348472595215,-0.5069670081138611,-0.6402534246444702,3.253563165664673,-0.2983188033103943,1.0368537902832031,3.194901943206787,-0.4426575303077698,1.0169389247894287,3.4214370250701904
-0.4165225028991699,0.11399528384208679,3.177682399749756,-0.4168117046356201,-0.06903737783432007,3.177638053894043,-0.4168899655342102,-0.25207024812698364,3.1776363849639893,-0.4169682264328003,-0.43510860204696655,3.1776347160339355,-0.3707081973552704,-0.4361228942871094,3.1586382389068604,-0.22311906516551971,-0.43618544936180115,3.098031520843506,-0.20132265985012054,-0.1506807506084442,3.1586055755615234,-0.18021397292613983,0.12375327944755554,3.217216968536377,-0.1759922355413437,0.17864008247852325,3.2289392948150635,-0.1675487607717514,0.2884137034416199,3.2523839473724365,-0.23430941998958588,0.23289170861244202,3.2661588191986084,-0.46322908997535706,-0.43608367443084717,3.19663143157959,-0.6108182072639465,-0.4360211193561554,3.2572381496429443,-0.6432507634162903,-0.14899501204490662,3.3043694496154785,-0.671420156955719,0.12601923942565918,3.3569867610931396,-0.6770540475845337,0.18102207779884338,3.3675103187561035,-0.6883217692375183,0.2910277843475342,3.388557195663452,-0.6205946207046509,0.24701379239559174,3.3538405895233154,-0.32414087653160095,0.11385826021432877,3.1408443450927734,-0.3247353434562683,0.5523084402084351,3.138854503631592,-0.3141956329345703,0.9410326480865479,3.1648926734924316,-0.35468590259552,1.0466407537460327,3.063051700592041,-0.5089040994644165,0.11413230746984482,3.2145204544067383,-0.5025363564491272,0.5476894378662109,3.2795627117156982,-0.47853514552116394,0.9227028489112854,3.3829286098480225,-0.5148879885673523,1.0479258298873901,3.304431676864624,-0.4480191469192505,-0.5710539221763611,3.10115122795105,-0.45054230093955994,-0.618804931640625,3.0965235233306885,-0.4135993719100952,-0.6563240885734558,3.1144168376922607,-0.3311290144920349,-0.6450821757316589,3.1828629970550537,-0.4675361216068268,-0.6554448008537292,3.134751319885254,-0.48394978046417236,-0.6425908803939819,3.2404773235321045,-0.29718562960624695,1.0354046821594238,3.207519054412842,-0.4584171175956726,1.005966305732727,3.443549394607544
-0.4023433029651642,0.11390066146850586,3.15755558013916,-0.3973385691642761,-0.06914512813091278,3.1572651863098145,-0.3920508027076721,-0.2521830201148987,3.157045602798462,-0.3867628574371338,-0.4352264106273651,3.1568260192871094,-0.3399336040019989,-0.43484795093536377,3.139190912246704,-0.19135408103466034,-0.4304884672164917,3.0832080841064453,-0.18707162141799927,-0.1433057188987732,3.1315412521362305,-0.18807710707187653,0.1347881555557251,3.1645772457122803,-0.1882781982421875,0.190406933426857,3.171184539794922,-0.18868039548397064,0.301644504070282,3.184398889541626,-0.2513640522956848,0.24300262331962585,3.2013256549835205,-0.4335346519947052,-0.43759432435035706,3.1744585037231445,-0.5821141600608826,-0.4419538080692291,3.2304413318634033,-0.6129399538040161,-0.15265962481498718,3.24411678314209,-0.6443610191345215,0.12549611926078796,3.2525246143341064,-0.6506452560424805,0.18112726509571075,3.2542061805725098,-0.6632136702537537,0.29238957166671753,3.2575693130493164,-0.5944366455078125,0.24452775716781616,3.2323977947235107,-0.30894577503204346,0.1165086030960083,3.1233184337615967,-0.3208184838294983,0.5541843175888062,3.1421024799346924,-0.3214855492115021,0.9412899613380432,3.1856343746185303,-0.3619942367076874,1.0502545833587646,3.0875167846679688,-0.4957408308982849,0.11129271984100342,3.1917927265167236,-0.5026057362556458,0.5422255992889404,3.2711877822875977,-0.485895574092865,0.9090481996536255,3.401219367980957,-0.5220040678977966,1.039031744003296,3.3309216499328613,-0.4136465787887573,-0.5734853148460388,3.082864761352539,-0.41517946124076843,-0.6213817000389099,3.0792925357818604,-0.3779209554195404,-0.6577788591384888,3.098820447921753,-0.29712536931037903,-0.6433995366096497,3.1687071323394775,-0.432298868894577,-0.657469630241394,3.1180078983306885,-0.4511960744857788,-0.6425233483314514,3.223071336746216,-0.3082050085067749,1.0340036153793335,3.232851028442383,-0.4682893455028534,0.9879945516586304,3.4679958820343018
-0.39135825634002686,0.11639872193336487,3.1372570991516113,-0.3812492787837982,-0.06650727987289429,3.13728404045105,-0.37081703543663025,-0.24939511716365814,3.137355089187622,-0.3603844940662384,-0.43228843808174133,3.1374261379241943,-0.31346243619918823,-0.4306158125400543,3.1200602054595947,-0.16506196558475494,-0.4221721291542053,3.0650691986083984,-0.1720426380634308,-0.1342465579509735,3.101483106613159,-0.18833309412002563,0.14424678683280945,3.1111695766448975,-0.19159118831157684,0.19994544982910156,3.1131069660186768,-0.19810736179351807,0.3113427758216858,3.1169815063476562,-0.2574664354324341,0.25116777420043945,3.138434648513794,-0.4071931540966034,-0.4359488785266876,3.1547927856445312,-0.5555936098098755,-0.4443925619125366,3.2097837924957275,-0.5944418907165527,-0.1567138135433197,3.207026958465576,-0.6364331841468811,0.11881771683692932,3.191636800765991,-0.6448314189910889,0.1739240288734436,3.18855881690979,-0.6616279482841492,0.28413665294647217,3.1824028491973877,-0.5909754037857056,0.2372133731842041,3.1621246337890625,-0.29781296849250793,0.1215638741850853,3.103546142578125,-0.3168914318084717,0.5574113726615906,3.1382944583892822,-0.3233940303325653,0.9418123960494995,3.1977038383483887,-0.3650997281074524,1.0539913177490234,3.1041343212127686,-0.4849035441875458,0.11123356968164444,3.1709680557250977,-0.5159616470336914,0.541582465171814,3.244246244430542,-0.5062344074249268,0.8966472744941711,3.402897596359253,-0.5455347895622253,1.0308268070220947,3.3434832096099854,-0.3886614441871643,-0.571476936340332,3.0656485557556152,-0.3902525007724762,-0.6194286346435547,3.062685012817383,-0.3526057004928589,-0.6555991172790527,3.081939220428467,-0.27045994997024536,-0.6403714418411255,3.1501052379608154,-0.4066230058670044,-0.6550570726394653,3.102168321609497,-0.42350897192955017,-0.638835608959198,3.207421064376831,-0.31165966391563416,1.0325530767440796,3.248696804046631,-0.4898918569087982,0.9702757000923157,3.475586175918579
-0.3779539465904236,0.12105309963226318,3.116334915161133,-0.3634948432445526,-0.06158728897571564,3.1172633171081543,-0.349037766456604,-0.24422720074653625,3.1183059215545654,-0.33458027243614197,-0.4268725514411926,3.1193485260009766,-0.2876178026199341,-0.4242520034313202,3.102187395095825,-0.1392609030008316,-0.4128187596797943,3.047865390777588,-0.15851229429244995,-0.12474861741065979,3.0708813667297363,-0.19003891944885254,0.15164458751678467,3.0578794479370117,-0.19634424149990082,0.2069232314825058,3.055279016494751,-0.20895488560199738,0.31748050451278687,3.0500783920288086,-0.2650356590747833,0.2561779022216797,3.0758934020996094,-0.38138559460639954,-0.4314782917499542,3.136521100997925,-0.5297424793243408,-0.4429115355014801,3.190843105316162,-0.5822620987892151,-0.15808475017547607,3.1912612915039062,-0.6359387040138245,0.11505141854286194,3.1827962398529053,-0.6466740369796753,0.16967865824699402,3.181103229522705,-0.6681446433067322,0.2789331078529358,3.1777172088623047,-0.595718264579773,0.23571501672267914,3.156360626220703,-0.2843242883682251,0.12829655408859253,3.0831007957458496,-0.31366634368896484,0.5599460601806641,3.1313037872314453,-0.3284812271595001,0.9395560622215271,3.204854965209961,-0.37209388613700867,1.053691029548645,3.1159424781799316,-0.47158360481262207,0.11380963772535324,3.149569034576416,-0.5369706153869629,0.5407755970954895,3.203702211380005,-0.5365709066390991,0.8792536854743958,3.3912265300750732,-0.5807265639305115,1.015921950340271,3.344254970550537,-0.3630736768245697,-0.5670707821846008,3.0493154525756836,-0.3643774688243866,-0.6151032447814941,3.046835422515869,-0.32613304257392883,-0.6508593559265137,3.06583309173584,-0.2429175227880478,-0.6343932151794434,3.132556676864624,-0.37986522912979126,-0.6504915952682495,3.086958169937134,-0.39515870809555054,-0.63335120677948,3.192411184310913,-0.31888195872306824,1.028047800064087,3.259009599685669,-0.5217190980911255,0.9465236067771912,3.4693918228149414
-0.3691472113132477,0.12500903010368347,3.098550796508789,-0.3519474267959595,-0.057379141449928284,3.101757526397705,-0.33511677384376526,-0.2397981733083725,3.105161190032959,-0.31828561425209045,-0.42222267389297485,3.108565092086792,-0.27124348282814026,-0.41919755935668945,3.091681957244873,-0.12269093096256256,-0.40648937225341797,3.0382049083709717,-0.151789128780365,-0.11928799748420715,3.0463979244232178,-0.1970914602279663,0.1517743170261383,3.006654977798462,-0.20615193247795105,0.20598678290843964,2.998706340789795,-0.22427286207675934,0.3144116997718811,2.982809066772461,-0.27725672721862793,0.25324806571006775,3.014071226119995,-0.365144819021225,-0.4272305369377136,3.1254851818084717,-0.5136973857879639,-0.4399387240409851,3.178962230682373,-0.57964688539505,-0.15880271792411804,3.182379722595215,-0.6443471312522888,0.11123493313789368,3.182013511657715,-0.6572871804237366,0.16524246335029602,3.1819403171539307,-0.6831672787666321,0.2732575237751007,3.181793689727783,-0.6092607378959656,0.23382669687271118,3.15924072265625,-0.2753424048423767,0.13328242301940918,3.065976858139038,-0.3147774338722229,0.5617080926895142,3.1212072372436523,-0.33780723810195923,0.9377160668373108,3.203381299972534,-0.38307368755340576,1.0526140928268433,3.1172373294830322,-0.46295201778411865,0.11673563718795776,3.13112473487854,-0.5614727735519409,0.5383051633834839,3.158085584640503,-0.5684292912483215,0.8617763519287109,3.3678066730499268,-0.6171324849128723,0.9994377493858337,3.3310813903808594,-0.3454853892326355,-0.5641865134239197,3.041170597076416,-0.3462015986442566,-0.6123286485671997,3.039562702178955,-0.30734407901763916,-0.6472997069358826,3.0589776039123535,-0.22382229566574097,-0.6285702586174011,3.1249356269836426,-0.3610105812549591,-0.6472190618515015,3.0804669857025146,-0.3758774399757385,-0.628341794013977,3.1858224868774414,-0.33039501309394836,1.0247527360916138,3.2594873905181885,-0.5545137524604797,0.923712968826294,3.449955463409424
-0.3658455014228821,0.12558028101921082,3.082812547683716,-0.34711727499961853,-0.056638747453689575,3.087599277496338,-0.32894474267959595,-0.23890838027000427,3.0925965309143066,-0.3107716739177704,-0.4211834669113159,3.0975937843322754,-0.2636062502861023,-0.41793471574783325,3.081087350845337,-0.11470639705657959,-0.40452325344085693,3.0287816524505615,-0.1461063027381897,-0.11819183826446533,3.0267398357391357,-0.19779516756534576,0.1467902660369873,2.964864492416382,-0.20813293755054474,0.1997866928577423,2.9524893760681152,-0.2288084775209427,0.30577951669692993,2.927739381790161,-0.2803570032119751,0.24616298079490662,2.9634616374969482,-0.35773956775665283,-0.426413357257843,3.114154577255249,-0.5066394209861755,-0.43982481956481934,3.1664602756500244,-0.5822986960411072,-0.16198277473449707,3.1738948822021484,-0.6550447940826416,0.10517367720603943,3.1810526847839355,-0.6695939898490906,0.1586049646139145,3.1824841499328613,-0.6986924409866333,0.2654675543308258,3.185347318649292,-0.6237685084342957,0.2290654480457306,3.161921977996826,-0.27174708247184753,0.13442014157772064,3.051161050796509,-0.3154505789279938,0.5614491105079651,3.1129469871520996,-0.3438507616519928,0.9365098476409912,3.197387933731079,-0.38952091336250305,1.0514341592788696,3.1115434169769287,-0.4599439203739166,0.11674042046070099,3.114464044570923,-0.5861513614654541,0.5316386222839355,3.1109464168548584,-0.6098800301551819,0.8569661378860474,3.3163883686065674,-0.6645190119743347,0.9917413592338562,3.2774930000305176,-0.3356418013572693,-0.5639698505401611,3.030935287475586,-0.3355633318424225,-0.612138569355011,3.0295803546905518,-0.2961195707321167,-0.6463702917098999,3.0491750240325928,-0.21288444101810455,-0.6259118914604187,3.1150314807891846,-0.3497917056083679,-0.6470627188682556,3.070683002471924,-0.36495548486709595,-0.6278737187385559,3.175971031188965,-0.3380940854549408,1.0232219696044922,3.2541496753692627,-0.5995765924453735,0.9204835891723633,3.397834062576294
-0.3664684295654297,0.12528899312019348,3.0685760974884033,-0.34714964032173157,-0.0569448322057724,3.073625087738037,-0.32830187678337097,-0.23922395706176758,3.078817129135132,-0.309453547000885,-0.4215085506439209,3.0840094089508057,-0.2621002495288849,-0.41806966066360474,3.068018674850464,-0.11273272335529327,-0.40406739711761475,3.0173799991607666,-0.1425592452287674,-0.11821979284286499,3.012134313583374,-0.19568458199501038,0.14218884706497192,2.9362566471099854,-0.20630964636802673,0.19427058100700378,2.921081066131592,-0.22755977511405945,0.2984340190887451,2.8907299041748047,-0.2789865732192993,0.2402932345867157,2.928556442260742,-0.3566019833087921,-0.4269286096096039,3.1000566482543945,-0.5059695243835449,-0.44093087315559387,3.150695323944092,-0.5862683057785034,-0.16530051827430725,3.165048122406006,-0.6627048850059509,0.09982308745384216,3.1811509132385254,-0.6779922246932983,0.15284781157970428,3.1843714714050293,-0.7085668444633484,0.25889724493026733,3.190812587738037,-0.6331608891487122,0.22447875142097473,3.166621446609497,-0.2719191908836365,0.13447050750255585,3.0381956100463867,-0.3154791593551636,0.5605878829956055,3.1047990322113037,-0.3480125665664673,0.9366233348846436,3.1823272705078125,-0.3930157423019409,1.049686074256897,3.093820333480835,-0.4610176682472229,0.11610747873783112,3.09895658493042,-0.5944302678108215,0.5273579359054565,3.067594051361084,-0.6366058588027954,0.8698028326034546,3.2391295433044434,-0.6936413645744324,0.9981811046600342,3.18520450592041,-0.32934388518333435,-0.564148485660553,3.015226364135742,-0.3280683755874634,-0.6123048067092896,3.013352870941162,-0.2882468104362488,-0.6458175182342529,3.0334906578063965,-0.20701751112937927,-0.6241106986999512,3.101497173309326,-0.3423873782157898,-0.6480398774147034,3.053755283355713,-0.36041581630706787,-0.6304073333740234,3.158914089202881,-0.34385597705841064,1.0242809057235718,3.2376723289489746,-0.6316525340080261,0.9411584138870239,3.3142831325531006
-0.3679158091545105,0.1261879801750183,3.0561866760253906,-0.348565012216568,-0.056200191378593445,3.060384750366211,-0.3296085000038147,-0.23862755298614502,3.064678192138672,-0.31065142154693604,-0.42106038331985474,3.068971872329712,-0.26306915283203125,-0.4174807071685791,3.0535871982574463,-0.11322925984859467,-0.4030548930168152,3.004960775375366,-0.13746090233325958,-0.11731284856796265,3.0035321712493896,-0.18599210679531097,0.14256906509399414,2.9251770973205566,-0.1956983506679535,0.1945454478263855,2.90950608253479,-0.21511083841323853,0.2984982132911682,2.878164052963257,-0.26779478788375854,0.24133823812007904,2.915285587310791,-0.3580276370048523,-0.42662280797958374,3.0844032764434814,-0.5078675150871277,-0.44104862213134766,3.1330296993255615,-0.5894978642463684,-0.16712278127670288,3.156242609024048,-0.6670122742652893,0.09628507494926453,3.1815648078918457,-0.6825151443481445,0.14896664023399353,3.186629295349121,-0.713520884513855,0.25432977080345154,3.196758270263672,-0.6379332542419434,0.22121916711330414,3.1720387935638428,-0.27283722162246704,0.1356087028980255,3.0272164344787598,-0.315335214138031,0.562161922454834,3.098719358444214,-0.3509346842765808,0.9403274655342102,3.1690845489501953,-0.3948947489261627,1.051876425743103,3.077533721923828,-0.46299439668655396,0.1167672649025917,3.0851569175720215,-0.5920811891555786,0.5285661220550537,3.0339248180389404,-0.6522632241249084,0.8911963105201721,3.1526904106140137,-0.7089301943778992,1.0092170238494873,3.077742338180542,-0.3255796432495117,-0.5625766515731812,2.996485471725464,-0.3233625292778015,-0.6106802821159363,2.9936344623565674,-0.2836269736289978,-0.643944263458252,3.014437675476074,-0.20513832569122314,-0.6222984790802002,3.0857088565826416,-0.3384145498275757,-0.6475561857223511,3.0327725410461426,-0.36036983132362366,-0.6325321793556213,3.1376571655273438,-0.34814780950546265,1.0291996002197266,3.2230565547943115,-0.6534349322319031,0.9727328419685364,3.217261552810669
-0.37547191977500916,0.13048791885375977,3.0424790382385254,-0.3574599027633667,-0.05276457965373993,3.045306921005249,-0.33972376585006714,-0.2360435128211975,3.0481643676757812,-0.3219870924949646,-0.4193279445171356,3.0510218143463135,-0.27382659912109375,-0.4158942997455597,3.0368268489837646,-0.12276478111743927,-0.4019721448421478,2.992164134979248,-0.1339031457901001,-0.1159580647945404,3.0026755332946777,-0.1662304848432541,0.1504174768924713,2.940640687942505,-0.17269594967365265,0.20369258522987366,2.9282336235046387,-0.18562687933444977,0.31024280190467834,2.9034197330474854,-0.24229970574378967,0.2537996172904968,2.9351255893707275,-0.36995479464530945,-0.42475366592407227,3.0652480125427246,-0.5210165977478027,-0.43867582082748413,3.109910726547241,-0.5971795320510864,-0.16692104935646057,3.158769369125366,-0.669232964515686,0.0939888060092926,3.209599256515503,-0.683643639087677,0.14617078006267548,3.2197651863098145,-0.7124650478363037,0.25053471326828003,3.2400970458984375,-0.6372818946838379,0.2183668613433838,3.213346242904663,-0.2792462408542633,0.1395362913608551,3.015927791595459,-0.3208498954772949,0.5678406953811646,3.0892086029052734,-0.3592362403869629,0.9492186307907104,3.1494739055633545,-0.40073925256729126,1.0588958263397217,3.053515672683716,-0.471697598695755,0.12143954634666443,3.069030284881592,-0.583686113357544,0.5368008613586426,2.9950084686279297,-0.657609224319458,0.9165273308753967,3.024970769882202,-0.709132194519043,1.0138314962387085,2.920870542526245,-0.3278353810310364,-0.5599212050437927,2.9751973152160645,-0.3241055905818939,-0.6079320907592773,2.971696615219116,-0.28503111004829407,-0.6405672430992126,2.994760751724243,-0.2123921513557434,-0.61821448802948,3.071920394897461,-0.340920627117157,-0.6459513306617737,3.00905442237854,-0.37074577808380127,-0.6334694027900696,3.112419605255127,-0.3581973612308502,1.0397855043411255,3.2015483379364014,-0.665075957775116,1.0106680393218994,3.0696582794189453
-0.3802371919155121,0.13350027799606323,3.0341222286224365,-0.3647913634777069,-0.05043335258960724,3.036613941192627,-0.34943628311157227,-0.23437461256980896,3.039102554321289,-0.3340807259082794,-0.4183213710784912,3.041591167449951,-0.28542017936706543,-0.4154418110847473,3.028602123260498,-0.13313144445419312,-0.40328049659729004,2.987839460372925,-0.13410821557044983,-0.11791563034057617,3.0091419219970703,-0.15257051587104797,0.15319037437438965,2.9658913612365723,-0.15626297891139984,0.20741157233715057,2.9572412967681885,-0.16364790499210358,0.3158539831638336,2.939941167831421,-0.2235923707485199,0.2601029574871063,2.9661664962768555,-0.3825744092464447,-0.42320024967193604,3.0546071529388428,-0.5348631143569946,-0.4353615641593933,3.095369815826416,-0.6037269830703735,-0.16239631175994873,3.146707773208618,-0.6689077615737915,0.09960579872131348,3.1997764110565186,-0.6819438934326172,0.15200622379779816,3.210390090942383,-0.7080162167549133,0.2568070590496063,3.2316174507141113,-0.6333242058753967,0.22276589274406433,3.2060914039611816,-0.28304171562194824,0.14133313298225403,3.009826183319092,-0.3223658502101898,0.569058895111084,3.0898494720458984,-0.35910657048225403,0.9503049254417419,3.1541590690612793,-0.3973792493343353,1.061651349067688,3.058558940887451,-0.4774326682090759,0.12566742300987244,3.0584182739257812,-0.5625299215316772,0.5452800989151001,2.971337080001831,-0.6228381991386414,0.9287675023078918,2.9597418308258057,-0.6657417416572571,1.016850471496582,2.843971014022827,-0.3341071605682373,-0.5600801706314087,2.9676482677459717,-0.3296630084514618,-0.6081016063690186,2.965080738067627,-0.2915923595428467,-0.639952540397644,2.9908013343811035,-0.22365954518318176,-0.6156442165374756,3.0716094970703125,-0.3481529653072357,-0.6457859873771667,3.002005100250244,-0.383914589881897,-0.6321722865104675,3.103353500366211,-0.35859593749046326,1.040271520614624,3.2074623107910156,-0.6286397576332092,1.0272356271743774,2.99446702003479
-0.383649080991745,0.13764682412147522,3.0191338062286377,-0.37117117643356323,-0.046794772148132324,3.0198278427124023,-0.35873112082481384,-0.23123899102210999,3.0205018520355225,-0.3462907075881958,-0.415688693523407,3.0211758613586426,-0.29702675342559814,-0.41341304779052734,3.0102169513702393,-0.1430947333574295,-0.4031562805175781,2.9759161472320557,-0.1400466412305832,-0.11907076835632324,3.0084311962127686,-0.14970813691616058,0.15468326210975647,2.984611988067627,-0.15164043009281158,0.20943406224250793,2.9798481464385986,-0.15550503134727478,0.31893569231033325,2.970320463180542,-0.2178982049226761,0.2631932199001312,2.989778518676758,-0.3954194486141205,-0.4199691414833069,3.032141923904419,-0.5493514537811279,-0.4302259087562561,3.0664427280426025,-0.6080479621887207,-0.15446415543556213,3.1142053604125977,-0.6636605858802795,0.1102273166179657,3.1636791229248047,-0.6747831106185913,0.1631656140089035,3.1735739707946777,-0.6970281600952148,0.2690421938896179,3.1933634281158447,-0.6230295300483704,0.2316707968711853,3.1708614826202393,-0.2852758765220642,0.14422528445720673,2.9987475872039795,-0.322858065366745,0.5702898502349854,3.0879452228546143,-0.35776129364967346,0.9502478837966919,3.1603879928588867,-0.3909088969230652,1.064405083656311,3.0661988258361816,-0.4820222854614258,0.1310683637857437,3.039520025253296,-0.5406784415245056,0.5535712242126465,2.944913148880005,-0.5830298066139221,0.9382346868515015,2.912130117416382,-0.6160435676574707,1.0222426652908325,2.7902491092681885,-0.33995679020881653,-0.5578442215919495,2.94818115234375,-0.33501943945884705,-0.6058582663536072,2.9462063312530518,-0.2987212538719177,-0.6373249888420105,2.9748306274414062,-0.23704767227172852,-0.6121405363082886,3.0602941513061523,-0.35592710971832275,-0.6434978246688843,2.9818882942199707,-0.3991309106349945,-0.6296302676200867,3.0802905559539795,-0.35834649205207825,1.0388481616973877,3.2159318923950195,-0.586142361164093,1.038453221321106,2.9418294429779053
-0.3873443007469177,0.14066365361213684,3.002690076828003,-0.37808698415756226,-0.04403737187385559,3.0002968311309814,-0.3688890039920807,-0.2287408709526062,2.9978649616241455,-0.35969075560569763,-0.41344988346099854,2.9954330921173096,-0.30978333950042725,-0.4118679463863373,2.987604856491089,-0.1542954444885254,-0.4038039743900299,2.96323299407959,-0.15110529959201813,-0.12088444828987122,3.0035665035247803,-0.15528574585914612,0.15379148721694946,2.9962317943573,-0.15612183511257172,0.2087266743183136,2.994764804840088,-0.1577940136194229,0.31859704852104187,2.991831064224243,-0.2221139669418335,0.2629425525665283,3.0034968852996826,-0.4094981551170349,-0.4170393943786621,3.003234624862671,-0.5649860501289368,-0.4251033663749695,3.02760648727417,-0.6108211278915405,-0.1472441554069519,3.0763285160064697,-0.6542650461196899,0.11933943629264832,3.1269640922546387,-0.6629538536071777,0.17265614867210388,3.1370911598205566,-0.6803314089775085,0.279289573431015,3.1573452949523926,-0.607410728931427,0.23810604214668274,3.1384494304656982,-0.2877484858036041,0.14583955705165863,2.9884822368621826,-0.3222760260105133,0.5707266926765442,3.083763599395752,-0.35390719771385193,0.9496543407440186,3.162304639816284,-0.37898334860801697,1.0663931369781494,3.0688517093658447,-0.4869401156902313,0.13548775017261505,3.0168979167938232,-0.5180839896202087,0.560132622718811,2.919395923614502,-0.5401239395141602,0.9454096555709839,2.876603126525879,-0.5606749653816223,1.0281283855438232,2.751201868057251,-0.345489501953125,-0.5545327663421631,2.9212708473205566,-0.3403811752796173,-0.6025477051734924,2.919081926345825,-0.3074086010456085,-0.6345557570457458,2.951003313064575,-0.2553694248199463,-0.6108357310295105,3.0431158542633057,-0.3650783896446228,-0.6407226324081421,2.9516916275024414,-0.41876712441444397,-0.6283085942268372,3.0450665950775146,-0.3560922145843506,1.0370506048202515,3.2196359634399414,-0.5406202673912048,1.0462623834609985,2.904139280319214
-0.3975408375263214,0.14130789041519165,2.9759886264801025,-0.39063483476638794,-0.04351834952831268,2.9720988273620605,-0.38395097851753235,-0.22835232317447662,2.968189239501953,-0.37726691365242004,-0.4131918251514435,2.9642796516418457,-0.32683131098747253,-0.4123031198978424,2.960916757583618,-0.17056024074554443,-0.40643298625946045,2.9505555629730225,-0.1661786288022995,-0.12400892376899719,2.9941060543060303,-0.16433484852313995,0.15073812007904053,2.9993672370910645,-0.1639660894870758,0.2056875228881836,3.0004193782806396,-0.1632285863161087,0.3155863285064697,3.002523899078369,-0.22940954566001892,0.2609964609146118,3.0057616233825684,-0.42762985825538635,-0.4160895049571991,2.967599868774414,-0.5839009284973145,-0.42195963859558105,2.9779610633850098,-0.6177532076835632,-0.14014515280723572,3.0113348960876465,-0.6500762701034546,0.13046148419380188,3.0466091632843018,-0.6565408706665039,0.18458281457424164,3.053663969039917,-0.6694700717926025,0.29282546043395996,3.0677735805511475,-0.5976799130439758,0.24698954820632935,3.0570175647735596,-0.29697591066360474,0.1451760083436966,2.970736503601074,-0.3340460956096649,0.5692299008369446,3.0687131881713867,-0.3673131465911865,0.9473092555999756,3.150574207305908,-0.3824205994606018,1.0658650398254395,3.0572683811187744,-0.4981057643890381,0.1374397724866867,2.981240749359131,-0.510887086391449,0.5635719895362854,2.8861443996429443,-0.5205791592597961,0.9492236971855164,2.8422043323516846,-0.5278820395469666,1.0323410034179688,2.7156031131744385,-0.35274359583854675,-0.5532788038253784,2.890873432159424,-0.34730222821235657,-0.6012683510780334,2.888761281967163,-0.31898629665374756,-0.6337199211120605,2.9244930744171143,-0.2801714539527893,-0.6112626194953918,3.023226499557495,-0.37619948387145996,-0.6398836374282837,2.917142152786255,-0.44227540493011475,-0.6287263035774231,3.002398729324341,-0.3733663558959961,1.0338170528411865,3.20896315574646,-0.5213755369186401,1.0500684976577759,2.869758129119873
-0.42369526624679565,0.13574635982513428,2.9018521308898926,-0.42689162492752075,-0.04909700155258179,2.8890902996063232,-0.4308074414730072,-0.23390616476535797,2.8760368824005127,-0.4347233772277832,-0.4187208414077759,2.862982988357544,-0.3896189033985138,-0.42229294776916504,2.8857290744781494,-0.25295403599739075,-0.4300694763660431,2.9548308849334717,-0.24831658601760864,-0.1446254849433899,2.966193437576294,-0.2203320413827896,0.12652039527893066,2.93202805519104,-0.21473513543605804,0.1807495653629303,2.9251949787139893,-0.2035413235425949,0.28920793533325195,2.9115288257598877,-0.2674960196018219,0.23714521527290344,2.8877551555633545,-0.47987043857574463,-0.41715747117996216,2.840095281600952,-0.6165353059768677,-0.4093809425830841,2.77099347114563,-0.6064781546592712,-0.12754642963409424,2.816787004470825,-0.560084342956543,0.14195162057876587,2.7905397415161133,-0.5508055686950684,0.19585123658180237,2.785290241241455,-0.5322480201721191,0.30365046858787537,2.7747912406921387,-0.4834851026535034,0.2427273988723755,2.810519218444824,-0.33404913544654846,0.1310337781906128,2.9476563930511475,-0.3508518934249878,0.5589148998260498,3.0357494354248047,-0.38625869154930115,0.9278348684310913,3.152611494064331,-0.34274959564208984,1.0560530424118042,3.084080696105957,-0.5133413672447205,0.14045894145965576,2.8560478687286377,-0.5353050827980042,0.5770258903503418,2.8632490634918213,-0.5589303970336914,0.9646427631378174,2.8776485919952393,-0.5117796063423157,1.068628191947937,2.7776825428009033,-0.3775359094142914,-0.5500151515007019,2.782794713973999,-0.3708547353744507,-0.5985220670700073,2.7750256061553955,-0.3599432706832886,-0.6387994885444641,2.814424514770508,-0.36794745922088623,-0.6343441009521484,2.9252548217773438,-0.4095565974712372,-0.6403806805610657,2.7816309928894043,-0.5085185170173645,-0.6388241648674011,2.8323397636413574,-0.4125639796257019,1.0080687999725342,3.214409112930298,-0.582522451877594,1.059186577796936,2.9157705307006836
-0.40679892897605896,0.14777979254722595,2.759134531021118,-0.4189755618572235,-0.03625597059726715,2.7470035552978516,-0.4313312768936157,-0.22028882801532745,2.7350099086761475,-0.443687379360199,-0.4043272137641907,2.7230160236358643,-0.42488279938697815,-0.40963423252105713,2.7695956230163574,-0.36765849590301514,-0.42269399762153625,2.9110360145568848,-0.3582195043563843,-0.13699084520339966,2.888057231903076,-0.28652793169021606,0.12547320127487183,2.8432064056396484,-0.2721896171569824,0.17796601355075836,2.8342361450195312,-0.24351298809051514,0.2829516530036926,2.816295862197876,-0.28113511204719543,0.22625704109668732,2.7634596824645996,-0.46262624859809875,-0.4010204076766968,2.6763060092926025,-0.5198505520820618,-0.38796064257621765,2.5348658561706543,-0.4961358308792114,-0.10437703132629395,2.5703814029693604,-0.42022645473480225,0.16048377752304077,2.5815703868865967,-0.4050445854663849,0.2134559452533722,2.583808183670044,-0.37468084692955017,0.31940028071403503,2.5882837772369385,-0.36508387327194214,0.2567663788795471,2.6466469764709473,-0.36791738867759705,0.13910283148288727,2.8517417907714844,-0.34517714381217957,0.5589775443077087,2.973031520843506,-0.4074810743331909,0.9169965386390686,3.1118390560150146,-0.3168414235115051,1.0388997793197632,3.110652208328247,-0.4456804692745209,0.15645675361156464,2.666527271270752,-0.5016041398048401,0.5745607018470764,2.783080816268921,-0.5500166416168213,0.9465233087539673,2.8861680030822754,-0.45630258321762085,1.0649614334106445,2.869814157485962,-0.355145126581192,-0.5382999181747437,2.685283899307251,-0.34705862402915955,-0.5872491002082825,2.6806533336639404,-0.36298954486846924,-0.6288530230522156,2.7172913551330566,-0.4346087574958801,-0.6254632472991943,2.803034782409668,-0.38408929109573364,-0.6270489692687988,2.6613731384277344,-0.4943913519382477,-0.6203516721725464,2.644599676132202,-0.45846226811408997,0.995701789855957,3.158503770828247,-0.5973921418190002,1.0310314893722534,2.9259817600250244
-0.40082019567489624,0.15176722407341003,2.7295022010803223,-0.4141318202018738,-0.032165542244911194,2.7177188396453857,-0.4274868369102478,-0.21612951159477234,2.706484317779541,-0.44084227085113525,-0.400098979473114,2.695249557495117,-0.4263130724430084,-0.4051002264022827,2.743354082107544,-0.38203346729278564,-0.41723453998565674,2.8894152641296387,-0.37296587228775024,-0.1324814260005951,2.856003761291504,-0.29832369089126587,0.12836569547653198,2.806380271911621,-0.28339526057243347,0.18053512275218964,2.7964556217193604,-0.2535383701324463,0.28487396240234375,2.776606321334839,-0.28661102056503296,0.2258560210466385,2.7232394218444824,-0.45551660656929016,-0.39709728956222534,2.6470229625701904,-0.49979621171951294,-0.3849629759788513,2.5009617805480957,-0.4736235737800598,-0.1011573076248169,2.533399820327759,-0.40248894691467285,0.1648557484149933,2.5492770671844482,-0.3882620334625244,0.21805836260318756,2.552452564239502,-0.35980817675590515,0.3244635760784149,2.5588035583496094,-0.3545164167881012,0.2623041868209839,2.61824369430542,-0.37002697587013245,0.14341191947460175,2.8251378536224365,-0.34693315625190735,0.5610623955726624,2.953930377960205,-0.41413986682891846,0.9181512594223022,3.092930793762207,-0.3214879631996155,1.0382548570632935,3.1013965606689453,-0.43161341547966003,0.16012252867221832,2.633866548538208,-0.4939023554325104,0.5740655660629272,2.761631965637207,-0.5469332933425903,0.9425758123397827,2.8744959831237793,-0.4512421488761902,1.0604804754257202,2.869739055633545,-0.35064825415611267,-0.5351392030715942,2.6655709743499756,-0.3426707983016968,-0.5842146873474121,2.661773204803467,-0.36210697889328003,-0.6255696415901184,2.6970417499542236,-0.44083401560783386,-0.6211998462677002,2.7763755321502686,-0.3783278167247772,-0.6237515211105347,2.6394736766815186,-0.48679307103157043,-0.6160486340522766,2.6132659912109375,-0.467426061630249,0.9971463680267334,3.1364424228668213,-0.5965073108673096,1.0261110067367554,2.913702964782715
-0.39961808919906616,0.1543612778186798,2.707970142364502,-0.4131651818752289,-0.029488712549209595,2.6959385871887207,-0.4266568720340729,-0.21340341866016388,2.6848723888397217,-0.4401489794254303,-0.3973236083984375,2.6738057136535645,-0.42904457449913025,-0.40209612250328064,2.722823143005371,-0.395143985748291,-0.4135391414165497,2.871669054031372,-0.38548147678375244,-0.1302652657032013,2.827166795730591,-0.3065780997276306,0.12813320755958557,2.771381378173828,-0.2907974123954773,0.17981290817260742,2.7602243423461914,-0.25923606753349304,0.2831723093986511,2.737910270690918,-0.2888937294483185,0.22190746665000916,2.6850409507751465,-0.4514000117778778,-0.3945501148700714,2.6246681213378906,-0.48530060052871704,-0.38310709595680237,2.4758222103118896,-0.45586395263671875,-0.0994819700717926,2.5075738430023193,-0.38586708903312683,0.1666378378868103,2.5272769927978516,-0.37186771631240845,0.21986180543899536,2.531217575073242,-0.3438689708709717,0.3263097405433655,2.5390987396240234,-0.342667818069458,0.26436036825180054,2.5990066528320312,-0.3753056228160858,0.14618892967700958,2.805473566055298,-0.35350602865219116,0.5619190335273743,2.940560817718506,-0.42156699299812317,0.9190361499786377,3.0790796279907227,-0.3270852267742157,1.0369993448257446,3.0945427417755127,-0.4239305555820465,0.16253362596035004,2.610466718673706,-0.490719735622406,0.5734143853187561,2.745638847351074,-0.5464920997619629,0.9394798874855042,2.8649613857269287,-0.44945791363716125,1.0563099384307861,2.869004726409912,-0.34801775217056274,-0.5324914455413818,2.6507222652435303,-0.3397717773914337,-0.5816086530685425,2.647625684738159,-0.36155346035957336,-0.6228981018066406,2.6816470623016357,-0.4455471932888031,-0.6183343529701233,2.7554938793182373,-0.37383902072906494,-0.6212671995162964,2.6230628490448,-0.48035627603530884,-0.6137135028839111,2.5895047187805176,-0.4757479131221771,0.99875408411026,3.120098114013672,-0.5974276065826416,1.022558331489563,2.9033877849578857
-0.3991151452064514,0.1555122435092926,2.6910483837127686,-0.4120485484600067,-0.02832883596420288,2.679065465927124,-0.424875944852829,-0.21225912868976593,2.6684110164642334,-0.4377037286758423,-0.3961949348449707,2.6577563285827637,-0.42935070395469666,-0.40065687894821167,2.7073299884796143,-0.4038010239601135,-0.41115981340408325,2.857884168624878,-0.39413562417030334,-0.13011029362678528,2.8006792068481445,-0.3115440011024475,0.12526649236679077,2.736625909805298,-0.29502567648887634,0.17634184658527374,2.7238152027130127,-0.261989027261734,0.2784925699234009,2.6981937885284424,-0.28900015354156494,0.21472208201885223,2.646860361099243,-0.44619613885879517,-0.39373207092285156,2.6080665588378906,-0.4717458188533783,-0.38322913646698,2.457512378692627,-0.4406808614730835,-0.09973454475402832,2.4894564151763916,-0.37178054451942444,0.16648298501968384,2.5123138427734375,-0.3580004870891571,0.21972648799419403,2.516885280609131,-0.33044037222862244,0.3262135088443756,2.5260283946990967,-0.3326045274734497,0.26441413164138794,2.5860912799835205,-0.37999001145362854,0.1477346569299698,2.7897298336029053,-0.3593050241470337,0.5620181560516357,2.9294064044952393,-0.42645880579948425,0.919592559337616,3.067223072052002,-0.3304048776626587,1.0354646444320679,3.087961435317993,-0.4182402789592743,0.16328983008861542,2.592366933822632,-0.487615168094635,0.5723556280136108,2.731724262237549,-0.5450060963630676,0.9369263648986816,2.8548381328582764,-0.4470268189907074,1.0525540113449097,2.8654730319976807,-0.3437252342700958,-0.5310307741165161,2.639979124069214,-0.33506518602371216,-0.5801464915275574,2.637500524520874,-0.35837680101394653,-0.621461033821106,2.670530080795288,-0.44616377353668213,-0.6170901656150818,2.7399606704711914,-0.3676277697086334,-0.6201052665710449,2.611342191696167,-0.47237488627433777,-0.613248884677887,2.5722615718841553,-0.4808613657951355,1.0001599788665771,3.1062490940093994,-0.5967961549758911,1.0199073553085327,2.892331123352051
-0.40085819363594055,0.1555262804031372,2.6816582679748535,-0.4127679765224457,-0.02834324538707733,2.6697638034820557,-0.4245377480983734,-0.21232423186302185,2.6595754623413086,-0.4363078773021698,-0.3963107466697693,2.6493868827819824,-0.4303662180900574,-0.4004630446434021,2.6993210315704346,-0.4121461808681488,-0.4100271463394165,2.8509814739227295,-0.40208253264427185,-0.13213714957237244,2.7795164585113525,-0.31523218750953674,0.11924052238464355,2.7054977416992188,-0.29786211252212524,0.16951605677604675,2.6906940937042236,-0.26312196254730225,0.27006712555885315,2.6610865592956543,-0.28818270564079285,0.2036624401807785,2.6120893955230713,-0.4423774182796478,-0.39415812492370605,2.599341869354248,-0.4605974555015564,-0.38459402322769165,2.447681427001953,-0.4283478260040283,-0.10124492645263672,2.4809176921844482,-0.36031079292297363,0.1650010347366333,2.5073094367980957,-0.3467033803462982,0.21825022995471954,2.512587785720825,-0.3194885551929474,0.3247486352920532,2.523144483566284,-0.32474032044410706,0.26290497183799744,2.583028554916382,-0.3862929046154022,0.14814753830432892,2.781136989593506,-0.36640194058418274,0.5610452890396118,2.924996852874756,-0.43102285265922546,0.919230580329895,3.062459707260132,-0.33331847190856934,1.0327974557876587,3.0877604484558105,-0.4154234826564789,0.1629050225019455,2.582179546356201,-0.4857085347175598,0.570696234703064,2.7248058319091797,-0.543616771697998,0.9341453313827515,2.850980520248413,-0.4447488486766815,1.0483472347259521,2.8673136234283447,-0.3408854901790619,-0.530828595161438,2.6362862586975098,-0.33187010884284973,-0.5799466371536255,2.634389877319336,-0.3564167618751526,-0.6212863326072693,2.666562557220459,-0.44725388288497925,-0.6171007752418518,2.732116460800171,-0.36307817697525024,-0.6202084422111511,2.606973886489868,-0.466127872467041,-0.6140466928482056,2.563282012939453,-0.48513129353523254,1.000770092010498,3.0998470783233643,-0.5958755016326904,1.0172276496887207,2.887594223022461
-0.4034217596054077,0.15562528371810913,2.675990104675293,-0.41412270069122314,-0.028320878744125366,2.6643600463867188,-0.42467793822288513,-0.21238777041435242,2.6546685695648193,-0.4352335035800934,-0.3964601755142212,2.644976854324341,-0.431547611951828,-0.40031948685646057,2.6951475143432617,-0.4201911389827728,-0.4089932143688202,2.847517251968384,-0.40911298990249634,-0.135441392660141,2.7598721981048584,-0.3175857663154602,0.11081072688102722,2.673945665359497,-0.2992803156375885,0.16006115078926086,2.6567604541778564,-0.2626694142818451,0.25856199860572815,2.622389793395996,-0.2864062786102295,0.1893382966518402,2.5765492916107178,-0.4390341341495514,-0.3946014940738678,2.594700813293457,-0.45039060711860657,-0.3859277665615082,2.442331075668335,-0.4172693192958832,-0.10271650552749634,2.4787912368774414,-0.3503792881965637,0.16362085938453674,2.5102686882019043,-0.3370012938976288,0.21688833832740784,2.516564130783081,-0.3102452754974365,0.32342329621315,2.5291552543640137,-0.31847187876701355,0.2611188292503357,2.588376760482788,-0.3931998610496521,0.14870573580265045,2.7760283946990967,-0.3737875819206238,0.5615467429161072,2.920469045639038,-0.4349254071712494,0.9216369390487671,3.054805278778076,-0.3355064392089844,1.0328997373580933,3.0836572647094727,-0.41364365816116333,0.1625448316335678,2.5759518146514893,-0.4839424192905426,0.5696859359741211,2.720768451690674,-0.541766345500946,0.9325125217437744,2.849073886871338,-0.44203314185142517,1.045139193534851,2.870626211166382,-0.33864888548851013,-0.5307522416114807,2.6362414360046387,-0.3293355107307434,-0.5798954963684082,2.6349058151245117,-0.3549976944923401,-0.6212726831436157,2.6662774085998535,-0.4485176205635071,-0.6172447204589844,2.728203296661377,-0.3592790365219116,-0.6204564571380615,2.6063928604125977,-0.4606481194496155,-0.614932119846344,2.558530330657959,-0.48844432830810547,1.0045794248580933,3.0899667739868164,-0.5942853689193726,1.0159125328063965,2.8846583366394043
-0.40844130516052246,0.15513840317726135,2.687506914138794,-0.41756370663642883,-0.028809383511543274,2.6746037006378174,-0.42657342553138733,-0.21289163827896118,2.6636927127838135,-0.4355834126472473,-0.396979421377182,2.6527812480926514,-0.43406543135643005,-0.4010395109653473,2.7030487060546875,-0.4293110966682434,-0.41032305359840393,2.8557467460632324,-0.41678938269615173,-0.1414027214050293,2.7528021335601807,-0.3207254409790039,0.09966856241226196,2.655531406402588,-0.3015126585960388,0.14788281917572021,2.6360771656036377,-0.26308706402778625,0.24431133270263672,2.5971689224243164,-0.2859489917755127,0.17250221967697144,2.5545427799224854,-0.43719932436943054,-0.39492011070251465,2.6023952960968018,-0.4419536590576172,-0.385636568069458,2.449697494506836,-0.40912583470344543,-0.10303187370300293,2.4958436489105225,-0.34448230266571045,0.163092702627182,2.5383193492889404,-0.3315536081790924,0.21631762385368347,2.546814441680908,-0.30569618940353394,0.322767436504364,2.5638046264648438,-0.3167203962802887,0.25861260294914246,2.6208908557891846,-0.4024958312511444,0.14780505001544952,2.7878477573394775,-0.3848022520542145,0.5600470900535583,2.9367613792419434,-0.4439888298511505,0.9210596084594727,3.0717127323150635,-0.3433550298213959,1.0302821397781372,3.105329990386963,-0.4143867790699005,0.16247175633907318,2.5871660709381104,-0.4843902587890625,0.5695155262947083,2.7349722385406494,-0.5419930219650269,0.9321765899658203,2.866135358810425,-0.4413387179374695,1.0431827306747437,2.8932130336761475,-0.3376653790473938,-0.5308085083961487,2.646212577819824,-0.327960729598999,-0.5799676775932312,2.6447675228118896,-0.3544621765613556,-0.6218680739402771,2.674922227859497,-0.45027318596839905,-0.6189963817596436,2.7337090969085693,-0.3566768169403076,-0.6205386519432068,2.614823341369629,-0.4565480053424835,-0.6152296662330627,2.5634284019470215,-0.49726229906082153,1.0049896240234375,3.1054906845092773,-0.594745397567749,1.016061544418335,2.9008305072784424
-0.4153270423412323,0.15316230058670044,2.690814971923828,-0.42364197969436646,-0.030778497457504272,2.677281141281128,-0.4319270849227905,-0.21486957371234894,2.66595196723938,-0.4402124285697937,-0.3989661931991577,2.6546225547790527,-0.44124433398246765,-0.40302029252052307,2.7049028873443604,-0.44423988461494446,-0.4122893512248993,2.857710361480713,-0.42799341678619385,-0.1482428014278412,2.7418551445007324,-0.3266620635986328,0.08790187537670135,2.6365835666656494,-0.3063957989215851,0.13513082265853882,2.6155292987823486,-0.2658632695674896,0.22958870232105255,2.573420763015747,-0.2872960865497589,0.15564583241939545,2.5334274768829346,-0.43927058577537537,-0.39691296219825745,2.6042189598083496,-0.43627503514289856,-0.3876439034938812,2.451411485671997,-0.4044875204563141,-0.10618621110916138,2.507786273956299,-0.3413710296154022,0.15878826379776,2.561816930770874,-0.3287477195262909,0.21178315579891205,2.5726230144500732,-0.3035011291503906,0.3177729547023773,2.5942351818084717,-0.3180098235607147,0.25189900398254395,2.6487925052642822,-0.41437822580337524,0.14572584629058838,2.7913026809692383,-0.3991207778453827,0.5570317506790161,2.945420026779175,-0.45942968130111694,0.9182941913604736,3.081326484680176,-0.3587155044078827,1.0258301496505737,3.1209113597869873,-0.41627585887908936,0.1605987548828125,2.590327262878418,-0.4861465394496918,0.5677054524421692,2.740459442138672,-0.5438195466995239,0.930309534072876,2.873914957046509,-0.4424997866153717,1.0394089221954346,2.907170057296753,-0.3419109284877777,-0.5327756404876709,2.6520495414733887,-0.3320973515510559,-0.5819494128227234,2.650792360305786,-0.3600143492221832,-0.6240670680999756,2.6793951988220215,-0.4586353600025177,-0.6215962171554565,2.733497142791748,-0.3593021035194397,-0.6223869323730469,2.619231700897217,-0.4566173553466797,-0.6168358325958252,2.5630342960357666,-0.5131040811538696,1.002869725227356,3.113433837890625,-0.596817135810852,1.0148110389709473,2.9073150157928467
-0.41986283659935,0.1515209674835205,2.6856212615966797,-0.42772549390792847,-0.032448187470436096,2.672308921813965,-0.43564897775650024,-0.2165558785200119,2.6611168384552,-0.44357267022132874,-0.40066906809806824,2.6499242782592773,-0.4471842050552368,-0.40456971526145935,2.7000954151153564,-0.4580245614051819,-0.4133796691894531,2.852691650390625,-0.4368182420730591,-0.1539066731929779,2.7266416549682617,-0.3301524519920349,0.07800012826919556,2.6162140369415283,-0.3088192939758301,0.12438149005174637,2.5941286087036133,-0.2661529779434204,0.2171442210674286,2.549957513809204,-0.2859606444835663,0.14150269329547882,2.5120677947998047,-0.4400472939014435,-0.3987695574760437,2.5996315479278564,-0.4292069375514984,-0.3899596035480499,2.447035312652588,-0.4009642004966736,-0.11045688390731812,2.5159201622009277,-0.3405084013938904,0.15240907669067383,2.583737373352051,-0.32841724157333374,0.20498228073120117,2.5973007678985596,-0.30423492193222046,0.31012868881225586,2.624427556991577,-0.3221147954463959,0.24219486117362976,2.6755638122558594,-0.423952579498291,0.14443039894104004,2.786024808883667,-0.4116903245449066,0.5571398138999939,2.9378585815429688,-0.47533372044563293,0.9203161001205444,3.068117618560791,-0.3756018280982971,1.0273700952529907,3.111849784851074,-0.41577309370040894,0.15861153602600098,2.5852177143096924,-0.48434045910835266,0.5656975507736206,2.7372453212738037,-0.5422560572624207,0.9279932975769043,2.8725318908691406,-0.44071677327156067,1.0350178480148315,2.91196608543396,-0.34487923979759216,-0.5342569351196289,2.65213942527771,-0.3348731994628906,-0.5834141969680786,2.65120792388916,-0.36419954895973206,-0.6257408857345581,2.6780738830566406,-0.4656582474708557,-0.6237577795982361,2.726745128631592,-0.3602136969566345,-0.6237918138504028,2.6180286407470703,-0.45436498522758484,-0.6182354688644409,2.556617498397827,-0.5297921299934387,1.0056902170181274,3.0969598293304443,-0.5954076647758484,1.0130836963653564,2.90448260307312
-0.42317935824394226,0.15023282170295715,2.6787614822387695,-0.43071165680885315,-0.03377169370651245,2.66611385345459,-0.4383806586265564,-0.21789316833019257,2.655397891998291,-0.44604989886283875,-0.4020201563835144,2.644681692123413,-0.45205157995224,-0.4056831896305084,2.694634199142456,-0.4701800048351288,-0.41378137469291687,2.8467514514923096,-0.44351068139076233,-0.15817660093307495,2.7131597995758057,-0.33180391788482666,0.07037997245788574,2.5998189449310303,-0.3094625771045685,0.116091288626194,2.577150821685791,-0.26477986574172974,0.2075139284133911,2.5318143367767334,-0.2830190062522888,0.13056489825248718,2.4955334663391113,-0.4401315748691559,-0.4003583788871765,2.5946125984191895,-0.4220031499862671,-0.39226019382476807,2.442495346069336,-0.3993990123271942,-0.11504712700843811,2.523327112197876,-0.3423076272010803,0.14519944787025452,2.6044132709503174,-0.33088934421539307,0.19724875688552856,2.6206305027008057,-0.30805277824401855,0.30134737491607666,2.6530649662017822,-0.3287156820297241,0.231463223695755,2.7005977630615234,-0.4319503605365753,0.14371193945407867,2.7788538932800293,-0.42283403873443604,0.5590999722480774,2.924030303955078,-0.4917030334472656,0.9247930645942688,3.0447685718536377,-0.3938346803188324,1.0325251817703247,3.0912015438079834,-0.4144083559513092,0.15675370395183563,2.5786690711975098,-0.4809262156486511,0.5639885067939758,2.7317757606506348,-0.5400454998016357,0.925976037979126,2.8678715229034424,-0.4389224648475647,1.031219482421875,2.913019895553589,-0.34702807664871216,-0.5353307127952576,2.6516823768615723,-0.3367900550365448,-0.584478497505188,2.6511342525482178,-0.3673381507396698,-0.6270235180854797,2.676321029663086,-0.47127920389175415,-0.6255669593811035,2.719644069671631,-0.3602164685726166,-0.6248732209205627,2.616534948348999,-0.4511010944843292,-0.6194744110107422,2.550250768661499,-0.5472821593284607,1.0107800960540771,3.0695369243621826,-0.5934596061706543,1.0115573406219482,2.8981871604919434
-0.42500728368759155,0.149845153093338,2.6697630882263184,-0.43228739500045776,-0.034174367785453796,2.6580326557159424,-0.4397272765636444,-0.2182837575674057,2.6479246616363525,-0.44716739654541016,-0.40239864587783813,2.6378161907196045,-0.45521658658981323,-0.40580540895462036,2.6874828338623047,-0.4796208441257477,-0.4131375849246979,2.838993787765503,-0.4475792348384857,-0.1604253351688385,2.7003672122955322,-0.33138740062713623,0.06573469936847687,2.5858545303344727,-0.3081490397453308,0.11096670478582382,2.5629520416259766,-0.26167231798171997,0.20143070816993713,2.5171470642089844,-0.2785748243331909,0.1235397681593895,2.4819774627685547,-0.4391990303993225,-0.4009929895401001,2.5880398750305176,-0.41479477286338806,-0.3936608135700226,2.4365289211273193,-0.3990827202796936,-0.11888259649276733,2.5279483795166016,-0.34568101167678833,0.13850167393684387,2.6210272312164307,-0.3350006639957428,0.18997852504253387,2.6396429538726807,-0.3136399984359741,0.2929322421550751,2.6768743991851807,-0.33638331294059753,0.22129566967487335,2.720925807952881,-0.43782153725624084,0.1440013200044632,2.769390821456909,-0.4297729730606079,0.5641340017318726,2.9003639221191406,-0.5036673545837402,0.9338818788528442,3.0047523975372314,-0.40785306692123413,1.043339490890503,3.0514638423919678,-0.41219303011894226,0.15568898618221283,2.5701353549957275,-0.4763328433036804,0.5630776882171631,2.723923444747925,-0.5375754237174988,0.9247287511825562,2.860043525695801,-0.43740737438201904,1.028642177581787,2.9101600646972656,-0.3479815721511841,-0.5354681611061096,2.6486778259277344,-0.33753520250320435,-0.5846089124679565,2.648383855819702,-0.36903294920921326,-0.627400279045105,2.6720266342163086,-0.4748750925064087,-0.6265046000480652,2.7107114791870117,-0.35925933718681335,-0.6249671578407288,2.612586259841919,-0.4471832513809204,-0.619610607624054,2.542297124862671,-0.560236930847168,1.0206453800201416,3.0239779949188232,-0.5913789868354797,1.01064133644104,2.888711452484131
-0.4258377254009247,0.14995712041854858,2.6624228954315186,-0.43301016092300415,-0.03403976559638977,2.6517245769500732,-0.4403388202190399,-0.21810702979564667,2.6424355506896973,-0.4476677179336548,-0.4021798372268677,2.633146286010742,-0.4573669731616974,-0.40528935194015503,2.682511806488037,-0.48686814308166504,-0.411731094121933,2.833434820175171,-0.4497194290161133,-0.1611543893814087,2.6915700435638428,-0.3295380473136902,0.06318648159503937,2.5768423080444336,-0.3055017590522766,0.10805465281009674,2.55389666557312,-0.25742921233177185,0.19779101014137268,2.5080056190490723,-0.2733604311943054,0.11925002187490463,2.4735970497131348,-0.4380480945110321,-0.4010709524154663,2.583679676055908,-0.40854692459106445,-0.39462921023368835,2.4327566623687744,-0.4000135660171509,-0.12215399742126465,2.5326504707336426,-0.3498685657978058,0.13240408897399902,2.6357061862945557,-0.3398395776748657,0.183315709233284,2.6563172340393066,-0.3197815716266632,0.28513893485069275,2.6975395679473877,-0.344027578830719,0.212083101272583,2.7385447025299072,-0.4419853389263153,0.14482511579990387,2.7615113258361816,-0.43226632475852966,0.5701926946640015,2.8745057582855225,-0.510017991065979,0.9442209005355835,2.9592602252960205,-0.415976345539093,1.055889368057251,3.0044045448303223,-0.40969011187553406,0.1550891250371933,2.5633344650268555,-0.4701964557170868,0.5631142258644104,2.7171339988708496,-0.5343403816223145,0.9247896671295166,2.8520498275756836,-0.43548864126205444,1.0279384851455688,2.9062747955322266,-0.34886306524276733,-0.5353696942329407,2.647082567214966,-0.3384023904800415,-0.5845386385917664,2.6469883918762207,-0.37074002623558044,-0.6274374723434448,2.6693530082702637,-0.47796016931533813,-0.6266738176345825,2.7042555809020996,-0.3588424324989319,-0.6247931718826294,2.610273599624634,-0.4442503750324249,-0.6191816926002502,2.5368642807006836,-0.5672824382781982,1.0316741466522217,2.972463607788086,-0.5886722803115845,1.0109652280807495,2.8789467811584473
-0.4260714650154114,0.15019789338111877,2.6591644287109375,-0.43326225876808167,-0.03374558687210083,2.6495330333709717,-0.44060254096984863,-0.21774426102638245,2.6411497592926025,-0.4479430615901947,-0.4017484784126282,2.6327662467956543,-0.458919882774353,-0.40455055236816406,2.6818506717681885,-0.4924093782901764,-0.4100688099861145,2.832289934158325,-0.45066723227500916,-0.16108393669128418,2.68835186958313,-0.32703953981399536,0.061814263463020325,2.5738306045532227,-0.30231401324272156,0.10639390349388123,2.550926446914673,-0.25286293029785156,0.19555318355560303,2.505117893218994,-0.26815086603164673,0.11656422168016434,2.4712376594543457,-0.43704602122306824,-0.4009462594985962,2.583590507507324,-0.4035565257072449,-0.39542800188064575,2.4331512451171875,-0.4018479883670807,-0.12466302514076233,2.5386853218078613,-0.35420680046081543,0.12763679027557373,2.64894700050354,-0.3446785509586334,0.17809675633907318,2.67099928855896,-0.3256220817565918,0.2790166735649109,2.7151038646698,-0.35088789463043213,0.20496857166290283,2.7538256645202637,-0.44478639960289,0.14576904475688934,2.7577199935913086,-0.43116411566734314,0.5759270191192627,2.8504810333251953,-0.5116403698921204,0.953619122505188,2.913874864578247,-0.41900119185447693,1.0676811933517456,2.9558589458465576,-0.40735653042793274,0.1546267420053482,2.5606088638305664,-0.4632716774940491,0.5638821125030518,2.7129557132720947,-0.5313153266906738,0.9260619878768921,2.8446459770202637,-0.4341549277305603,1.0292348861694336,2.9018304347991943,-0.3496800661087036,-0.535180926322937,2.64897084236145,-0.3392748236656189,-0.5843861103057861,2.6489853858947754,-0.3722926676273346,-0.6273458003997803,2.670285701751709,-0.48049795627593994,-0.626571536064148,2.702192544937134,-0.35873687267303467,-0.6244966983795166,2.6115450859069824,-0.44208982586860657,-0.6184990406036377,2.5357601642608643,-0.5693455338478088,1.0414958000183105,2.921011447906494,-0.5863833427429199,1.0123976469039917,2.869481325149536
-0.4258502125740051,0.15057340264320374,2.6583282947540283,-0.4331318736076355,-0.033126384019851685,2.649663209915161,-0.440591961145401,-0.21686847507953644,2.6421189308166504,-0.4480522871017456,-0.4006161093711853,2.6345744132995605,-0.46151670813560486,-0.4030585289001465,2.6829733848571777,-0.5029377341270447,-0.4075137972831726,2.8324408531188965,-0.44788873195648193,-0.16045981645584106,2.68815016746521,-0.313446044921875,0.05896523594856262,2.5774271488189697,-0.28655749559402466,0.10285024344921112,2.5552825927734375,-0.23278041183948517,0.1906202733516693,2.510993480682373,-0.24824368953704834,0.11143990606069565,2.477064371109009,-0.4346689283847809,-0.4001707434654236,2.5860934257507324,-0.39324793219566345,-0.39571547508239746,2.4366259574890137,-0.40383344888687134,-0.1260652244091034,2.5464556217193604,-0.3598543703556061,0.12396100163459778,2.6649229526519775,-0.3510585427284241,0.17396624386310577,2.6886165142059326,-0.33346691727638245,0.27397674322128296,2.7360033988952637,-0.3606961667537689,0.19896185398101807,2.7719359397888184,-0.4495783746242523,0.14693184196949005,2.7554707527160645,-0.42501935362815857,0.5819746851921082,2.813459634780884,-0.509596049785614,0.9626468420028687,2.838149309158325,-0.4197201430797577,1.0805363655090332,2.8743040561676025,-0.40212205052375793,0.15421496331691742,2.561185836791992,-0.4507597088813782,0.56535404920578,2.70892596244812,-0.5328014492988586,0.9277282953262329,2.8298728466033936,-0.44152241945266724,1.0329151153564453,2.8922159671783447,-0.3517376184463501,-0.5349785089492798,2.6552417278289795,-0.34167754650115967,-0.5842870473861694,2.6554136276245117,-0.37618470191955566,-0.627214252948761,2.674391031265259,-0.48611652851104736,-0.6259272694587708,2.700007200241089,-0.35922080278396606,-0.6239548921585083,2.6165249347686768,-0.43805214762687683,-0.6166924238204956,2.536052942276001,-0.5677468776702881,1.0502409934997559,2.8343276977539062,-0.5905750393867493,1.0134574174880981,2.849407434463501
-0.4251229465007782,0.15098613500595093,2.6662940979003906,-0.4325375556945801,-0.03257313370704651,2.657655715942383,-0.440097838640213,-0.21616803109645844,2.6499509811401367,-0.44765836000442505,-0.3997684121131897,2.6422460079193115,-0.4610500931739807,-0.4022483825683594,2.690624713897705,-0.502395749092102,-0.40683865547180176,2.840578079223633,-0.4430730938911438,-0.1576615869998932,2.7011001110076904,-0.305282860994339,0.062094300985336304,2.594487428665161,-0.2777248024940491,0.10604548454284668,2.573164939880371,-0.22260871529579163,0.19394785165786743,2.530519962310791,-0.2392675131559372,0.11559922248125076,2.4950270652770996,-0.43434879183769226,-0.3992839455604553,2.5937838554382324,-0.3930031359195709,-0.39469367265701294,2.4438304901123047,-0.4069380462169647,-0.12417417764663696,2.5519392490386963,-0.36144453287124634,0.12630394101142883,2.6695661544799805,-0.3523458242416382,0.17639955878257751,2.693091630935669,-0.3341484069824219,0.27659082412719727,2.740142345428467,-0.3612269163131714,0.20162969827651978,2.776520013809204,-0.44884297251701355,0.14738063514232635,2.763267993927002,-0.417155385017395,0.5835410356521606,2.8040969371795654,-0.5030887722969055,0.9642913937568665,2.8121578693389893,-0.41369521617889404,1.08389413356781,2.8429489135742188,-0.40140292048454285,0.1545916348695755,2.5693202018737793,-0.4433351159095764,0.5684232115745544,2.710359573364258,-0.5306221842765808,0.9321796298027039,2.82208514213562,-0.4412972629070282,1.03964364528656,2.883049488067627,-0.35252314805984497,-0.5351138710975647,2.662285327911377,-0.34287819266319275,-0.5845180749893188,2.6621479988098145,-0.3778141140937805,-0.6272913813591003,2.6807289123535156,-0.48783740401268005,-0.6252487301826477,2.706024646759033,-0.3606395721435547,-0.6237778663635254,2.6229240894317627,-0.43917611241340637,-0.6152938604354858,2.5422444343566895,-0.5615310668945312,1.0513405799865723,2.8045811653137207,-0.5894928574562073,1.0176104307174683,2.839005470275879
-0.4251299798488617,0.15065079927444458,2.675276279449463,-0.4325929880142212,-0.03277675807476044,2.6664090156555176,-0.4401935040950775,-0.21623609960079193,2.6583526134490967,-0.44779425859451294,-0.39970093965530396,2.6502959728240967,-0.4610574245452881,-0.4022764563560486,2.698671340942383,-0.5021436214447021,-0.4071815311908722,2.849130868911743,-0.4388328492641449,-0.15600323677062988,2.714590549468994,-0.29779163002967834,0.06395775079727173,2.61213755607605,-0.2695833742618561,0.10794994980096817,2.591646909713745,-0.21316687762737274,0.19593435525894165,2.5506656169891357,-0.2310430407524109,0.11850865930318832,2.5136001110076904,-0.4346136748790741,-0.39911943674087524,2.6018331050872803,-0.3935275077819824,-0.39421436190605164,2.45137357711792,-0.41064947843551636,-0.12282642722129822,2.557464599609375,-0.3658096194267273,0.12879669666290283,2.673427104949951,-0.35684165358543396,0.17912133038043976,2.6966195106506348,-0.3389056921005249,0.2797705829143524,2.743004560470581,-0.365325927734375,0.20480644702911377,2.780025005340576,-0.4487336277961731,0.14692969620227814,2.7721166610717773,-0.4131608307361603,0.5833256840705872,2.801227569580078,-0.49923455715179443,0.9637545943260193,2.7986128330230713,-0.409905344247818,1.0841319561004639,2.825653553009033,-0.4015263319015503,0.15437190234661102,2.5784358978271484,-0.4382810592651367,0.57034832239151,2.7132210731506348,-0.529029130935669,0.9352058172225952,2.8170742988586426,-0.4410287141799927,1.0444403886795044,2.8764491081237793,-0.35333380103111267,-0.5355793237686157,2.670203685760498,-0.3439165949821472,-0.5850374102592468,2.6699390411376953,-0.3791162371635437,-0.6277146935462952,2.6882786750793457,-0.4892297089099884,-0.6252385377883911,2.7132441997528076,-0.36174172163009644,-0.6240974068641663,2.6305272579193115,-0.44000187516212463,-0.6149895787239075,2.5496151447296143,-0.5577021837234497,1.050438404083252,2.7887277603149414,-0.5886119604110718,1.0204133987426758,2.8319005966186523
-0.42553141713142395,0.1497688889503479,2.6847190856933594,-0.43297937512397766,-0.03353680670261383,2.6755149364471436,-0.4405740201473236,-0.21687065064907074,2.667018175125122,-0.44816887378692627,-0.4002099931240082,2.6585211753845215,-0.4612451195716858,-0.40291112661361694,2.7069106101989746,-0.501875102519989,-0.4082249402999878,2.857884168624878,-0.43484267592430115,-0.15589109063148499,2.7269999980926514,-0.2906855642795563,0.0635877251625061,2.627455472946167,-0.2618541419506073,0.10748349130153656,2.60754656791687,-0.20419129729270935,0.19527502357959747,2.5677287578582764,-0.22334298491477966,0.11866021156311035,2.529515504837036,-0.43517518043518066,-0.3995015621185303,2.610039472579956,-0.39454522728919983,-0.3941877484321594,2.4590659141540527,-0.4135408401489258,-0.12200331687927246,2.56323504447937,-0.3686952590942383,0.13059893250465393,2.6774380207061768,-0.3597261309623718,0.1811193823814392,2.7002785205841064,-0.3417879045009613,0.28216028213500977,2.745959758758545,-0.3677343726158142,0.20729652047157288,2.783630132675171,-0.4489321708679199,0.14586219191551208,2.7814600467681885,-0.41277405619621277,0.5822299718856812,2.801455497741699,-0.500044047832489,0.9618015885353088,2.7909162044525146,-0.4111340045928955,1.0828951597213745,2.8150227069854736,-0.402130663394928,0.15367558598518372,2.5879781246185303,-0.4349536895751953,0.5713207125663757,2.7168939113616943,-0.5277432203292847,0.9370437860488892,2.8140459060668945,-0.4405727982521057,1.0476058721542358,2.8717269897460938,-0.3542487621307373,-0.5365270376205444,2.678218364715576,-0.3450203537940979,-0.586028516292572,2.6778366565704346,-0.3804190754890442,-0.6286252737045288,2.6960105895996094,-0.4905797839164734,-0.625789999961853,2.7208142280578613,-0.36293670535087585,-0.6249210834503174,2.638286590576172,-0.44104641675949097,-0.6152948141098022,2.557262897491455,-0.5587707161903381,1.0479609966278076,2.779367685317993,-0.5877298712730408,1.0220974683761597,2.827202796936035
-0.4263078272342682,0.14870113134384155,2.695726156234741,-0.43361130356788635,-0.03452630341053009,2.686290740966797,-0.4410676062107086,-0.21777993440628052,2.6775054931640625,-0.44852414727211,-0.4010390639305115,2.668720006942749,-0.46141675114631653,-0.4038352370262146,2.717132806777954,-0.5015804767608643,-0.40946125984191895,2.8685755729675293,-0.43163707852363586,-0.15658792853355408,2.739960193634033,-0.2850080132484436,0.06218358874320984,2.6421003341674805,-0.25568220019340515,0.1059378907084465,2.622528314590454,-0.19703057408332825,0.19344648718833923,2.5833845138549805,-0.21724645793437958,0.11741853505373001,2.544456720352173,-0.4357125759124756,-0.4002346396446228,2.620211601257324,-0.39554888010025024,-0.39460861682891846,2.468768835067749,-0.41450271010398865,-0.12144237756729126,2.5707485675811768,-0.36875173449516296,0.13212421536445618,2.6827683448791504,-0.35960152745246887,0.18283753097057343,2.705172300338745,-0.3413011431694031,0.2842641770839691,2.7499802112579346,-0.36711761355400085,0.20968730747699738,2.788400411605835,-0.44958585500717163,0.14465227723121643,2.7923693656921387,-0.41437000036239624,0.5807675719261169,2.8048019409179688,-0.5031158924102783,0.9592075347900391,2.787827491760254,-0.4147779941558838,1.0809013843536377,2.8095667362213135,-0.40302979946136475,0.15274998545646667,2.5990829467773438,-0.43238717317581177,0.5717162489891052,2.722357988357544,-0.5267170071601868,0.938071608543396,2.8132777214050293,-0.4402434229850769,1.0497331619262695,2.869309663772583,-0.35454845428466797,-0.5373220443725586,2.6885972023010254,-0.3452804982662201,-0.5868236422538757,2.688204050064087,-0.3807077705860138,-0.6294676661491394,2.7062389850616455,-0.4909619688987732,-0.6267340183258057,2.730712890625,-0.3630499839782715,-0.625703752040863,2.6485626697540283,-0.4409315884113312,-0.6160695552825928,2.5672972202301025,-0.5621438026428223,1.0447895526885986,2.7749228477478027,-0.5869848132133484,1.0229694843292236,2.824907064437866
-0.42703813314437866,0.14771392941474915,2.708134651184082,-0.4342256784439087,-0.03549249470233917,2.6988255977630615,-0.44156089425086975,-0.21872343122959137,2.690134286880493,-0.4488963186740875,-0.4019598364830017,2.6814427375793457,-0.4615704119205475,-0.4047508239746094,2.7299044132232666,-0.5011346936225891,-0.41037246584892273,2.8818111419677734,-0.42955198884010315,-0.15756714344024658,2.753659725189209,-0.281488835811615,0.060419872403144836,2.6558377742767334,-0.25187620520591736,0.10401727259159088,2.6362733840942383,-0.1926509439945221,0.19121207296848297,2.597144603729248,-0.2136484682559967,0.11543772369623184,2.5580453872680664,-0.43630194664001465,-0.40116044878959656,2.6328864097595215,-0.396737664937973,-0.3955388069152832,2.4809796810150146,-0.4140753149986267,-0.12105223536491394,2.580044984817505,-0.36706504225730896,0.13378486037254333,2.6889405250549316,-0.35766297578811646,0.18475228548049927,2.710719585418701,-0.33885887265205383,0.28668713569641113,2.7542777061462402,-0.3646743595600128,0.21259155869483948,2.7937088012695312,-0.45013102889060974,0.14371179044246674,2.8047289848327637,-0.4166513979434967,0.5794802308082581,2.8099470138549805,-0.5061095356941223,0.9568778276443481,2.7872467041015625,-0.41809460520744324,1.0789077281951904,2.8067786693573,-0.4039452373981476,0.15171606838703156,2.6115403175354004,-0.42964425683021545,0.5718275904655457,2.7293879985809326,-0.5244119763374329,0.9388426542282104,2.814628839492798,-0.43825584650039673,1.0512913465499878,2.868959426879883,-0.3542565703392029,-0.5376710295677185,2.7022364139556885,-0.3447100818157196,-0.5871273279190063,2.7020459175109863,-0.37999752163887024,-0.6299178600311279,2.720031261444092,-0.4904053807258606,-0.6277238726615906,2.7439258098602295,-0.3620578348636627,-0.6262332201004028,2.662429094314575,-0.43957632780075073,-0.6172840595245361,2.5807197093963623,-0.5652672052383423,1.042000412940979,2.7731692790985107,-0.5847198963165283,1.023698091506958,2.824932336807251
-0.4280626177787781,0.14830446243286133,2.7178115844726562,-0.43511152267456055,-0.03487195074558258,2.7082631587982178,-0.4422760605812073,-0.21807537972927094,2.6993396282196045,-0.4494408071041107,-0.4012843072414398,2.690415859222412,-0.46188655495643616,-0.40415990352630615,2.7389254570007324,-0.5007898211479187,-0.4100548028945923,2.891185760498047,-0.42850810289382935,-0.15697693824768066,2.7637970447540283,-0.2798004746437073,0.060794323682785034,2.666266679763794,-0.25005894899368286,0.1043485775589943,2.6467607021331787,-0.19057589769363403,0.1914570927619934,2.607748508453369,-0.21209505200386047,0.11593107134103775,2.5684030055999756,-0.4370729625225067,-0.40039992332458496,2.6418094635009766,-0.39816969633102417,-0.39450502395629883,2.489549160003662,-0.4130985736846924,-0.11930844187736511,2.587247133255005,-0.36504513025283813,0.1361916959285736,2.694303035736084,-0.35543444752693176,0.1872917264699936,2.7157142162323,-0.336213082075119,0.28949177265167236,2.7585365772247314,-0.3620494604110718,0.21569904685020447,2.798567056655884,-0.4509443938732147,0.14415153861045837,2.814373254776001,-0.4195302724838257,0.5794695615768433,2.814680814743042,-0.5090895891189575,0.9560337662696838,2.7884485721588135,-0.42120546102523804,1.0781148672103882,2.8064846992492676,-0.40518084168434143,0.15245738625526428,2.6212499141693115,-0.4248923659324646,0.5730434656143188,2.7361741065979004,-0.5181715488433838,0.9406338930130005,2.817941188812256,-0.4317322373390198,1.0530861616134644,2.871189832687378,-0.35341042280197144,-0.535829484462738,2.7124786376953125,-0.34330105781555176,-0.5851781368255615,2.7125723361968994,-0.3782314360141754,-0.6282936930656433,2.7304935455322266,-0.48883479833602905,-0.6272545456886292,2.7535910606384277,-0.3599197566509247,-0.6246516108512878,2.6730005741119385,-0.4369516968727112,-0.6169351935386658,2.5906949043273926,-0.5682374238967896,1.0408614873886108,2.7736923694610596,-0.5780777335166931,1.0256799459457397,2.8274474143981934
-0.43011659383773804,0.15001359581947327,2.7266249656677246,-0.43685537576675415,-0.03312133252620697,2.716618776321411,-0.443654865026474,-0.2162858545780182,2.7072129249572754,-0.45045456290245056,-0.39945584535598755,2.6978068351745605,-0.46272632479667664,-0.40249213576316833,2.746342658996582,-0.5011317729949951,-0.4088984727859497,2.8988590240478516,-0.42852258682250977,-0.1554984748363495,2.7722725868225098,-0.27949512004852295,0.06225225329399109,2.6751532554626465,-0.24968962371349335,0.10580240190029144,2.655729293823242,-0.19007864594459534,0.19290268421173096,2.6168816089630127,-0.21194300055503845,0.11759817600250244,2.5772948265075684,-0.43825671076774597,-0.3984104096889496,2.6491687297821045,-0.3998512327671051,-0.3920040726661682,2.496652364730835,-0.41216182708740234,-0.11658868193626404,2.5941336154937744,-0.3634321391582489,0.13912665843963623,2.700396776199341,-0.35368621349334717,0.19026972353458405,2.721649408340454,-0.3341943323612213,0.29255586862564087,2.7641546726226807,-0.3600570857524872,0.21890975534915924,2.8044450283050537,-0.45292413234710693,0.14558008313179016,2.823127269744873,-0.4238634407520294,0.5804732441902161,2.819692373275757,-0.5119162797927856,0.956697404384613,2.7911202907562256,-0.42367810010910034,1.0784025192260742,2.808276414871216,-0.40730905532836914,0.15444710850715637,2.630122661590576,-0.41780221462249756,0.5749176740646362,2.744502544403076,-0.5087311863899231,0.9430199861526489,2.8241701126098633,-0.42181262373924255,1.0549886226654053,2.8770909309387207,-0.35204774141311646,-0.5320441126823425,2.721301317214966,-0.34098130464553833,-0.5811899900436401,2.721665859222412,-0.3752501606941223,-0.6249233484268188,2.7393815517425537,-0.4860912263393402,-0.6259644031524658,2.761357545852661,-0.3564269542694092,-0.6211100816726685,2.6820602416992188,-0.43275880813598633,-0.6151601672172546,2.5989468097686768,-0.5706799626350403,1.0415370464324951,2.7758774757385254,-0.5680137276649475,1.028397798538208,2.833085775375366
-0.4333127439022064,0.1507655382156372,2.7369935512542725,-0.4396366477012634,-0.03235208988189697,2.7271480560302734,-0.4459686279296875,-0.2155027687549591,2.7179431915283203,-0.4523007869720459,-0.3986589312553406,2.708738088607788,-0.46444711089134216,-0.4016784429550171,2.7572951316833496,-0.5025036334991455,-0.40803855657577515,2.9100217819213867,-0.4298256039619446,-0.15491268038749695,2.7829182147979736,-0.2806961238384247,0.06248140335083008,2.685147285461426,-0.2508702278137207,0.10596022009849548,2.665593147277832,-0.19121843576431274,0.1929178535938263,2.6264848709106445,-0.21329550445079803,0.11759394407272339,2.587050437927246,-0.4402232766151428,-0.39763009548187256,2.660080909729004,-0.40216678380966187,-0.3912699818611145,2.507354259490967,-0.41162291169166565,-0.11510962247848511,2.6030421257019043,-0.36218199133872986,0.14139384031295776,2.707063913345337,-0.35229381918907166,0.1926945298910141,2.7278683185577393,-0.33251744508743286,0.29529592394828796,2.769476890563965,-0.35846954584121704,0.22204652428627014,2.8104302883148193,-0.45618540048599243,0.14637057483196259,2.8334271907806396,-0.42893531918525696,0.5809166431427002,2.826298952102661,-0.5129328370094299,0.9575274586677551,2.7957241535186768,-0.42352038621902466,1.0782718658447266,2.8122973442077637,-0.4104400873184204,0.15516050159931183,2.6405599117279053,-0.4079638123512268,0.5753785371780396,2.754728078842163,-0.49676430225372314,0.9442375898361206,2.831432819366455,-0.40949034690856934,1.055835485458374,2.884136199951172,-0.3510504961013794,-0.5287042856216431,2.7347776889801025,-0.33882448077201843,-0.57759028673172,2.7357590198516846,-0.3722914457321167,-0.6219789385795593,2.753467321395874,-0.48340412974357605,-0.6254510879516602,2.7740488052368164,-0.35281333327293396,-0.6182547211647034,2.6963295936584473,-0.4282160997390747,-0.6148990392684937,2.6121580600738525,-0.5707361698150635,1.0428162813186646,2.78000807762146,-0.5554558038711548,1.0299912691116333,2.839433431625366
-0.4372645914554596,0.15115734934806824,2.7471160888671875,-0.44330671429634094,-0.03196750581264496,2.7379276752471924,-0.44930118322372437,-0.21512940526008606,2.729475259780884,-0.4552958309650421,-0.3982967734336853,2.721022605895996,-0.46741294860839844,-0.40113991498947144,2.769587278366089,-0.5054113268852234,-0.40694984793663025,2.9224371910095215,-0.433915376663208,-0.15461957454681396,2.7930877208709717,-0.2857699394226074,0.06255272030830383,2.6933319568634033,-0.2561408579349518,0.10598717629909515,2.6733808517456055,-0.1968826800584793,0.192856103181839,2.6334786415100098,-0.21866726875305176,0.1170993521809578,2.594712495803833,-0.4432438313961029,-0.3974444568157196,2.672366142272949,-0.40524542331695557,-0.3916345238685608,2.5195162296295166,-0.411710262298584,-0.11437162756919861,2.612236499786377,-0.36151406168937683,0.1432696282863617,2.713050127029419,-0.3514748215675354,0.19479787349700928,2.733212947845459,-0.33139634132385254,0.29785436391830444,2.77353835105896,-0.35760748386383057,0.22520872950553894,2.8153958320617676,-0.4604347050189972,0.1470881700515747,2.8434503078460693,-0.43385761976242065,0.5813460350036621,2.8346142768859863,-0.5100746750831604,0.9593400955200195,2.8040754795074463,-0.4183703064918518,1.0781617164611816,2.8210744857788086,-0.414094477891922,0.15522652864456177,2.6507818698883057,-0.3948453366756439,0.5741811990737915,2.766845226287842,-0.48194748163223267,0.9436805248260498,2.841038227081299,-0.3945430517196655,1.0548598766326904,2.8941123485565186,-0.35134297609329224,-0.5255290269851685,2.750560998916626,-0.3379291594028473,-0.5741028189659119,2.7523622512817383,-0.3706420958042145,-0.6191251873970032,2.7699666023254395,-0.4820639491081238,-0.6251298785209656,2.788470506668091,-0.3501482605934143,-0.6155728101730347,2.7131450176239014,-0.423998087644577,-0.6150649189949036,2.6274757385253906,-0.5660485029220581,1.0457309484481812,2.788229465484619,-0.5401163697242737,1.0297871828079224,2.8480777740478516
-0.4423474967479706,0.15111783146858215,2.758089780807495,-0.44809690117836,-0.03203505277633667,2.7500839233398438,-0.4537457525730133,-0.2152249962091446,2.742896556854248,-0.45939478278160095,-0.39842042326927185,2.7357089519500732,-0.47163379192352295,-0.4009455740451813,2.784250259399414,-0.5100386738777161,-0.4057573676109314,2.9370739459991455,-0.44209882616996765,-0.15461307764053345,2.80348539352417,-0.2970166802406311,0.06306067109107971,2.700279712677002,-0.2680002450942993,0.10659541934728622,2.679638624191284,-0.20996737480163574,0.19366490840911865,2.6383564472198486,-0.23049969971179962,0.11691182851791382,2.6008622646331787,-0.4472171366214752,-0.39788639545440674,2.687089443206787,-0.4088122248649597,-0.3930746018886566,2.5342657566070557,-0.41180649399757385,-0.1142151951789856,2.6223771572113037,-0.3593515157699585,0.14470192790031433,2.7187745571136475,-0.3488605320453644,0.19648535549640656,2.738054037094116,-0.32787853479385376,0.3000521957874298,2.7766129970550537,-0.354838103055954,0.2283882200717926,2.819692850112915,-0.466140478849411,0.14766085147857666,2.854264497756958,-0.43892621994018555,0.5815953016281128,2.8451712131500244,-0.5040621161460876,0.961519181728363,2.816098213195801,-0.4092121124267578,1.0775139331817627,2.834449529647827,-0.41855451464653015,0.15457481145858765,2.6619150638580322,-0.38042664527893066,0.5711421966552734,2.7808279991149902,-0.4671174883842468,0.9411119818687439,2.8518009185791016,-0.38013187050819397,1.0521537065505981,2.905571937561035,-0.35289067029953003,-0.5227479338645935,2.769190549850464,-0.3383170962333679,-0.5709928274154663,2.7719509601593018,-0.3703088164329529,-0.6166146993637085,2.789527416229248,-0.4820215404033661,-0.62513667345047,2.8058385848999023,-0.3487056791782379,-0.6133210062980652,2.7330386638641357,-0.42081257700920105,-0.6158045530319214,2.645787239074707,-0.5573907494544983,1.0494955778121948,2.800290107727051,-0.5250096321105957,1.0274213552474976,2.857534885406494
-0.44770121574401855,0.15114182233810425,2.7688629627227783,-0.4533703923225403,-0.03202030062675476,2.76231050491333,-0.45890533924102783,-0.21521659195423126,2.756660223007202,-0.4644404649734497,-0.3984183967113495,2.751009702682495,-0.47695809602737427,-0.4005327820777893,2.799485206604004,-0.5162537693977356,-0.4040534198284149,2.9521236419677734,-0.45330125093460083,-0.15451225638389587,2.813127279281616,-0.3126049339771271,0.06403453648090363,2.705697536468506,-0.2844656705856323,0.10774389654397964,2.684211492538452,-0.22818714380264282,0.19516262412071228,2.641239643096924,-0.2467457503080368,0.11711157858371735,2.6054110527038574,-0.4519829750061035,-0.39829516410827637,2.702472686767578,-0.4126873314380646,-0.39477452635765076,2.5498342514038086,-0.412833034992218,-0.11419159173965454,2.632459878921509,-0.35855230689048767,0.1461855173110962,2.723874568939209,-0.3476961553096771,0.19826093316078186,2.742157459259033,-0.3259838819503784,0.3024117648601532,2.7787234783172607,-0.3538142144680023,0.2318735420703888,2.8231072425842285,-0.4724574387073517,0.14847607910633087,2.8647971153259277,-0.4452550709247589,0.5822054743766785,2.8567025661468506,-0.50046306848526,0.9636586904525757,2.8298516273498535,-0.4030225872993469,1.0770312547683716,2.8502602577209473,-0.4229449927806854,0.15380756556987762,2.672928810119629,-0.36302727460861206,0.5662869215011597,2.79620623588562,-0.44920578598976135,0.9368109703063965,2.863738536834717,-0.3627544939517975,1.0476429462432861,2.918574094772339,-0.3561598062515259,-0.5202423334121704,2.7890377044677734,-0.34068745374679565,-0.5682139992713928,2.7929306030273438,-0.37223324179649353,-0.614254355430603,2.8105363845825195,-0.48429006338119507,-0.6247615814208984,2.824420928955078,-0.34934404492378235,-0.6114251613616943,2.754425048828125,-0.41943734884262085,-0.6167455911636353,2.6654388904571533,-0.5513458847999573,1.0530189275741577,2.814098358154297,-0.5067490339279175,1.0233750343322754,2.8679707050323486
-0.45266324281692505,0.14773312211036682,2.7842514514923096,-0.45842039585113525,-0.03547438979148865,2.77947998046875,-0.46408382058143616,-0.218708798289299,2.7757411003112793,-0.469747394323349,-0.4019486904144287,2.7720022201538086,-0.48366960883140564,-0.40349721908569336,2.820112705230713,-0.5274146795272827,-0.4052377939224243,2.971679925918579,-0.4733409881591797,-0.1566312611103058,2.827026844024658,-0.34093785285949707,0.06604515016078949,2.717134714126587,-0.3144572377204895,0.1105804294347763,2.6951563358306885,-0.261495977640152,0.19965100288391113,2.6511995792388916,-0.2748599052429199,0.11968788504600525,2.6171934604644775,-0.4558867812156677,-0.4023917615413666,2.723851203918457,-0.41214171051979065,-0.4006511867046356,2.572283983230591,-0.41351982951164246,-0.11748787760734558,2.6462457180023193,-0.3600153625011444,0.14537203311920166,2.7312963008880615,-0.34931448101997375,0.1979440152645111,2.7483065128326416,-0.32791268825531006,0.30308797955513,2.7823266983032227,-0.3573887348175049,0.23403498530387878,2.828064441680908,-0.4809432923793793,0.14614874124526978,2.879206895828247,-0.4563448429107666,0.5799846649169922,2.876668691635132,-0.500336766242981,0.9631288647651672,2.8552112579345703,-0.4008982181549072,1.0733853578567505,2.88181471824646,-0.4243831932544708,0.14931750297546387,2.689296007156372,-0.3282358646392822,0.5507634878158569,2.8250234127044678,-0.4153759181499481,0.922188401222229,2.88539981842041,-0.3312869966030121,1.0327919721603394,2.9441208839416504,-0.3585937023162842,-0.5189459919929504,2.8196372985839844,-0.34141725301742554,-0.5663946270942688,2.8257086277008057,-0.3722747564315796,-0.6134917140007019,2.8427748680114746,-0.4850541949272156,-0.6282830238342285,2.8505194187164307,-0.34613707661628723,-0.6110743284225464,2.787721633911133,-0.4109974503517151,-0.6214337944984436,2.6945347785949707,-0.5481469035148621,1.054091453552246,2.83919095993042,-0.4724522531032562,1.0091288089752197,2.8859517574310303
-0.4518931806087494,0.14298707246780396,2.791215419769287,-0.4577344059944153,-0.040212973952293396,2.787238836288452,-0.4635494351387024,-0.22343561053276062,2.784438133239746,-0.46936464309692383,-0.4066637456417084,2.78163743019104,-0.48421162366867065,-0.4079206883907318,2.829472303390503,-0.530888020992279,-0.40874364972114563,2.9802258014678955,-0.48153093457221985,-0.1604120284318924,2.8332736492156982,-0.3537527322769165,0.06483569741249084,2.722954273223877,-0.32819709181785583,0.10988524556159973,2.700890302658081,-0.2770858108997345,0.1999843418598175,2.6567625999450684,-0.28734996914863586,0.11919864267110825,2.623572826385498,-0.4545808434486389,-0.4073982536792755,2.733772039413452,-0.4079044461250305,-0.4065752923488617,2.5830185413360596,-0.4118300676345825,-0.12209993600845337,2.6519968509674072,-0.36115822196006775,0.14255622029304504,2.7333827018737793,-0.3510238528251648,0.19548743963241577,2.749659776687622,-0.3307551145553589,0.3013498783111572,2.7822141647338867,-0.36075305938720703,0.23294410109519958,2.8286256790161133,-0.482452392578125,0.141915962100029,2.885448694229126,-0.46144816279411316,0.5758630037307739,2.890913963317871,-0.5048762559890747,0.9593284130096436,2.8757925033569336,-0.4062131345272064,1.068986415863037,2.907219648361206,-0.4213339686393738,0.14405818283557892,2.6969821453094482,-0.30896180868148804,0.5381777286529541,2.841285467147827,-0.39171040058135986,0.9107527732849121,2.900453805923462,-0.30759453773498535,1.0197418928146362,2.9620399475097656,-0.35734742879867554,-0.521306037902832,2.8343942165374756,-0.33944547176361084,-0.5684816837310791,2.8416032791137695,-0.3700474500656128,-0.616098165512085,2.8582613468170166,-0.48304489254951477,-0.6329942941665649,2.8625218868255615,-0.3420921862125397,-0.6137957572937012,2.803907871246338,-0.40383830666542053,-0.626470685005188,2.7085201740264893,-0.5522400140762329,1.0505975484848022,2.860276460647583,-0.44733187556266785,0.9986147880554199,2.8996479511260986
-0.4504941701889038,0.1389266848564148,2.7994322776794434,-0.45640724897384644,-0.04424676299095154,2.7959718704223633,-0.46237269043922424,-0.22743836045265198,2.793804883956909,-0.4683383107185364,-0.41063547134399414,2.791637659072876,-0.48421359062194824,-0.41167712211608887,2.8391366004943848,-0.5341472029685974,-0.41182246804237366,2.9888806343078613,-0.4872961938381195,-0.16337591409683228,2.841156005859375,-0.3622973561286926,0.06404349207878113,2.7319304943084717,-0.33729758858680725,0.10952737927436829,2.710085391998291,-0.2872980535030365,0.2004951536655426,2.6663951873779297,-0.2949927747249603,0.11924755573272705,2.633580446243286,-0.45252788066864014,-0.41158491373062134,2.7441155910491943,-0.40259426832199097,-0.41143956780433655,2.5943715572357178,-0.40897268056869507,-0.12576061487197876,2.658325433731079,-0.36243951320648193,0.14091560244560242,2.7357394695281982,-0.35313287377357483,0.19425085186958313,2.7512223720550537,-0.334519624710083,0.30092132091522217,2.7821879386901855,-0.3649332821369171,0.23311418294906616,2.8292453289031982,-0.483470618724823,0.1382269710302353,2.8928213119506836,-0.4657408595085144,0.5722205638885498,2.9074881076812744,-0.5108258724212646,0.9558004140853882,2.8989877700805664,-0.41365957260131836,1.065295696258545,2.935434579849243,-0.4175177216529846,0.1396263986825943,2.706043243408203,-0.29453614354133606,0.5287424325942993,2.855522871017456,-0.36949053406715393,0.9032958149909973,2.913229465484619,-0.2842859625816345,1.0101029872894287,2.9771926403045654,-0.35578328371047974,-0.5232838988304138,2.8486838340759277,-0.3372723460197449,-0.5702142119407654,2.856778621673584,-0.3676329553127289,-0.6183516979217529,2.872880220413208,-0.48068174719810486,-0.6371847987174988,2.873857259750366,-0.3380185067653656,-0.6159215569496155,2.8192481994628906,-0.39677417278289795,-0.6302993297576904,2.7218997478485107,-0.5582429766654968,1.0471619367599487,2.884005308151245,-0.42287686467170715,0.9925445318222046,2.9111440181732178
-0.4495672285556793,0.13375473022460938,2.817739963531494,-0.4553855359554291,-0.04941219091415405,2.8151934146881104,-0.4612983465194702,-0.23258915543556213,2.813889741897583,-0.4672113358974457,-0.41577160358428955,2.8125860691070557,-0.48412802815437317,-0.4165576100349426,2.8597216606140137,-0.537362277507782,-0.41589710116386414,3.008355140686035,-0.4908539354801178,-0.16773761808872223,2.859954357147217,-0.366748183965683,0.06078304350376129,2.7519068717956543,-0.34192702174186707,0.10648717731237411,2.730297327041626,-0.2922847270965576,0.19789543747901917,2.6870782375335693,-0.29808852076530457,0.11631812155246735,2.6546597480773926,-0.45035892724990845,-0.41697657108306885,2.7654361724853516,-0.39712467789649963,-0.41763707995414734,2.61680269241333,-0.40370887517929077,-0.13004577159881592,2.6717281341552734,-0.36016520857810974,0.1394106149673462,2.7409770488739014,-0.3514564633369446,0.19330188632011414,2.754826784133911,-0.33403900265693665,0.3010844588279724,2.7825262546539307,-0.3651251494884491,0.23473607003688812,2.8312196731567383,-0.4849463999271393,0.1335928738117218,2.910215377807617,-0.4698916971683502,0.5678524971008301,2.9308464527130127,-0.517008364200592,0.9516139030456543,2.925830125808716,-0.42144113779067993,1.0612798929214478,2.9663491249084473,-0.41418805718421936,0.13391658663749695,2.725264549255371,-0.28376197814941406,0.5222569704055786,2.8716013431549072,-0.3478681445121765,0.9000437259674072,2.9234235286712646,-0.26040780544281006,1.0050076246261597,2.9877257347106934,-0.35385584831237793,-0.526409387588501,2.872753143310547,-0.3347064256668091,-0.5730592608451843,2.881507396697998,-0.3646480143070221,-0.6217085123062134,2.897221803665161,-0.4775506258010864,-0.6424835920333862,2.895836353302002,-0.3338627815246582,-0.6190317869186401,2.844144105911255,-0.39032575488090515,-0.6348996162414551,2.7454493045806885,-0.5645696520805359,1.042979121208191,2.910651683807373,-0.3983903229236603,0.9909846782684326,2.9192636013031006
-0.4490633010864258,0.1301516890525818,2.8308444023132324,-0.45451802015304565,-0.05303950607776642,2.8287930488586426,-0.4601043462753296,-0.23623673617839813,2.8280508518218994,-0.46569082140922546,-0.419439435005188,2.8273086547851562,-0.4839019179344177,-0.4200696349143982,2.8739640712738037,-0.5412278771400452,-0.41891753673553467,3.0210862159729004,-0.4987470507621765,-0.16856032609939575,2.875140428543091,-0.3791695833206177,0.06441184878349304,2.7715213298797607,-0.35525408387184143,0.11100628226995468,2.7507975101470947,-0.30742308497428894,0.20419514179229736,2.7093498706817627,-0.3097529411315918,0.12264923751354218,2.6764004230499268,-0.4475404620170593,-0.42080044746398926,2.7806453704833984,-0.3902145028114319,-0.4219525456428528,2.6335232257843018,-0.39610210061073303,-0.13295969367027283,2.68076753616333,-0.35482048988342285,0.13850703835487366,2.7433245182037354,-0.3465641736984253,0.192800372838974,2.755836009979248,-0.3300515413284302,0.30138707160949707,2.7808587551116943,-0.36246752738952637,0.2364303320646286,2.830564260482788,-0.48732930421829224,0.13026872277259827,2.9221408367156982,-0.47477492690086365,0.5648061037063599,2.9517269134521484,-0.5226293802261353,0.9491469860076904,2.952950954437256,-0.4285249710083008,1.0582935810089111,2.9988620281219482,-0.4107972979545593,0.1300346553325653,2.7395479679107666,-0.2733762860298157,0.5174323320388794,2.884096145629883,-0.3223845064640045,0.89849853515625,2.933046817779541,-0.23162899911403656,1.0001555681228638,2.9986648559570312,-0.35141491889953613,-0.5278825759887695,2.8903026580810547,-0.33157190680503845,-0.5741999745368958,2.899657726287842,-0.36097079515457153,-0.6233898401260376,2.915008783340454,-0.4735764265060425,-0.6462630033493042,2.9114584922790527,-0.32913970947265625,-0.6203635931015015,2.862474203109741,-0.38338831067085266,-0.6376887559890747,2.762610673904419,-0.5699490308761597,1.040878415107727,2.9380552768707275,-0.36897242069244385,0.9916349053382874,2.9274909496307373
-0.4483342468738556,0.1284485161304474,2.842266082763672,-0.4532216787338257,-0.05478677153587341,2.8403406143188477,-0.458220511674881,-0.23802782595157623,2.8396334648132324,-0.4632194936275482,-0.4212743639945984,2.838926315307617,-0.48288851976394653,-0.42191213369369507,2.8849937915802,-0.5448194742202759,-0.4207831621170044,3.030256986618042,-0.5093477964401245,-0.165394127368927,2.8912832736968994,-0.3972969651222229,0.07497154176235199,2.7964584827423096,-0.37488681077957153,0.12304467707872391,2.777493476867676,-0.3300664722919464,0.21919095516204834,2.7395637035369873,-0.32787278294563293,0.1384231299161911,2.704726219177246,-0.44360479712486267,-0.422628253698349,2.792851209640503,-0.38167381286621094,-0.4237572252750397,2.647588014602661,-0.38553673028945923,-0.13395053148269653,2.689927816390991,-0.34506022930145264,0.13853967189788818,2.7485239505767822,-0.3369649350643158,0.1930377185344696,2.7602431774139404,-0.3207743167877197,0.30203381180763245,2.783681631088257,-0.35510188341140747,0.23818781971931458,2.8335535526275635,-0.48978060483932495,0.1286093294620514,2.9321634769439697,-0.4787594974040985,0.5635006427764893,2.970280647277832,-0.5243046879768372,0.9489138126373291,2.9781994819641113,-0.43103358149528503,1.0566116571426392,3.0299723148345947,-0.40688788890838623,0.12828770279884338,2.752368688583374,-0.2633627951145172,0.5154637694358826,2.894495725631714,-0.29485636949539185,0.8995065689086914,2.9413962364196777,-0.20043116807937622,0.9971137046813965,3.008742332458496,-0.3481360971927643,-0.5282164812088013,2.9035544395446777,-0.32772156596183777,-0.5743019580841064,2.9131650924682617,-0.3566432595252991,-0.6240006685256958,2.9280576705932617,-0.46897077560424805,-0.6485657691955566,2.9228386878967285,-0.3240594267845154,-0.6204373836517334,2.875931739807129,-0.3766499161720276,-0.6384698152542114,2.775148868560791,-0.5705767869949341,1.0414855480194092,2.9635813236236572,-0.3368293046951294,0.9949851036071777,2.9345810413360596
-0.44644051790237427,0.12934982776641846,2.8502793312072754,-0.4504290223121643,-0.05391313135623932,2.847705364227295,-0.4544597268104553,-0.2371867150068283,2.846156358718872,-0.4584905505180359,-0.42046576738357544,2.844607353210449,-0.4797176122665405,-0.4213789701461792,2.889977216720581,-0.5465764999389648,-0.4211178719997406,3.033053398132324,-0.520052969455719,-0.1589328646659851,2.905193328857422,-0.41755756735801697,0.09022773802280426,2.8231332302093506,-0.39705848693847656,0.14005985856056213,2.8067212104797363,-0.35606032609939575,0.23972409963607788,2.773897171020508,-0.34886085987091064,0.16062474250793457,2.7360408306121826,-0.4373072683811188,-0.42154461145401,2.799220323562622,-0.37044841051101685,-0.4218057096004486,2.656144142150879,-0.3708716034889221,-0.131985604763031,2.698532819747925,-0.3296322226524353,0.14021903276443481,2.757897138595581,-0.32138434052467346,0.19465996325016022,2.7697699069976807,-0.30488860607147217,0.30354180932044983,2.793515682220459,-0.34161627292633057,0.2401888221502304,2.842292070388794,-0.49123531579971313,0.129084512591362,2.9385807514190674,-0.4825276732444763,0.5643171072006226,2.9852664470672607,-0.5251257419586182,0.9508383870124817,3.0007500648498535,-0.4327152669429779,1.0566602945327759,3.0587034225463867,-0.4016457200050354,0.12961514294147491,2.7619779109954834,-0.2517033815383911,0.5160689949989319,2.9028801918029785,-0.2641891837120056,0.9021786451339722,2.9499599933624268,-0.16602373123168945,0.9949162006378174,3.0196728706359863,-0.3425602912902832,-0.5268062353134155,2.9093403816223145,-0.3216704726219177,-0.5728039145469666,2.918731927871704,-0.35018274188041687,-0.6230263113975525,2.9329745769500732,-0.46233323216438293,-0.6488536596298218,2.9266107082366943,-0.3171733021736145,-0.6186308264732361,2.8810787200927734,-0.36880648136138916,-0.6363998651504517,2.7795722484588623,-0.5701286196708679,1.0444048643112183,2.98659348487854,-0.3010729253292084,0.9999693632125854,2.942415714263916
-0.4438389539718628,0.13113510608673096,2.862088203430176,-0.4466278851032257,-0.05214811861515045,2.8591253757476807,-0.449347585439682,-0.23544295132160187,2.856909990310669,-0.45206737518310547,-0.4187432825565338,2.854694366455078,-0.47507449984550476,-0.4199361205101013,2.8991830348968506,-0.5475722551345825,-0.42055636644363403,3.0394985675811768,-0.5325258374214172,-0.1513984501361847,2.9251627922058105,-0.4423130750656128,0.10683220624923706,2.858419418334961,-0.42427051067352295,0.15847834944725037,2.8450708389282227,-0.38818541169166565,0.2617706060409546,2.818373441696167,-0.3752596378326416,0.18518389761447906,2.7770848274230957,-0.42908981442451477,-0.41954267024993896,2.8101818561553955,-0.3565920889377594,-0.41892242431640625,2.6698663234710693,-0.3533625900745392,-0.12942779064178467,2.7137691974639893,-0.31043916940689087,0.14186403155326843,2.7756919860839844,-0.3018544912338257,0.19612239301204681,2.788076639175415,-0.2846851348876953,0.30463913083076477,2.8128457069396973,-0.3242279589176178,0.2417123168706894,2.859898090362549,-0.4924134612083435,0.13047872483730316,2.9484148025512695,-0.4862738847732544,0.5661159753799438,3.000758171081543,-0.5250340104103088,0.9536608457565308,3.0219883918762207,-0.43370023369789124,1.0574381351470947,3.085944652557373,-0.3952644467353821,0.13179148733615875,2.775761604309082,-0.23890230059623718,0.5177801847457886,2.9140400886535645,-0.2322620451450348,0.9050610065460205,2.9600138664245605,-0.13089579343795776,0.9929778575897217,3.032107353210449,-0.3362835645675659,-0.5257100462913513,2.9194915294647217,-0.31533586978912354,-0.5718445777893066,2.928603172302246,-0.3439156115055084,-0.6223745346069336,2.9420650005340576,-0.45614972710609436,-0.6484320163726807,2.934359550476074,-0.31037014722824097,-0.6173399686813354,2.890434980392456,-0.36110422015190125,-0.6341674327850342,2.788074016571045,-0.568398654460907,1.0482500791549683,3.007746458053589,-0.26383736729621887,1.0048489570617676,2.9513072967529297
-0.4425317347049713,0.13309133052825928,2.878237009048462,-0.44400766491889954,-0.05021868646144867,2.8758881092071533,-0.4452875256538391,-0.23353610932826996,2.874058961868286,-0.44656744599342346,-0.4168590307235718,2.872229814529419,-0.4714500904083252,-0.41811540722846985,2.915696144104004,-0.5498987436294556,-0.41893577575683594,3.0528039932250977,-0.5480260252952576,-0.14448106288909912,2.9512689113616943,-0.47198665142059326,0.1213897168636322,2.8992292881011963,-0.45677876472473145,0.17456388473510742,2.8888213634490967,-0.4263630211353302,0.28091222047805786,2.8680055141448975,-0.40749427676200867,0.20730383694171906,2.8238072395324707,-0.4216986894607544,-0.41759514808654785,2.8287434577941895,-0.343250036239624,-0.41677477955818176,2.6916356086730957,-0.33553045988082886,-0.12749511003494263,2.735177755355835,-0.2888723313808441,0.14266055822372437,2.7985520362854004,-0.2795407176017761,0.19669169187545776,2.8112268447875977,-0.26087746024131775,0.30475395917892456,2.836576461791992,-0.3036738634109497,0.24286627769470215,2.882030963897705,-0.4950229823589325,0.13243666291236877,2.9623115062713623,-0.491225928068161,0.5685677528381348,3.0175538063049316,-0.5253459811210632,0.9570316076278687,3.0429298877716064,-0.4352489113807678,1.058680772781372,3.112489700317383,-0.39004048705101013,0.13374599814414978,2.7941625118255615,-0.2275361716747284,0.5199340581893921,2.927307605743408,-0.20231108367443085,0.9075499773025513,2.9700844287872314,-0.09833891689777374,0.9910948872566223,3.0442373752593994,-0.33161094784736633,-0.5246201753616333,2.9382503032684326,-0.31084781885147095,-0.5709528923034668,2.9474775791168213,-0.3397934138774872,-0.6215792894363403,2.9604198932647705,-0.4522559642791748,-0.6473801732063293,2.951173782348633,-0.30550092458724976,-0.616429328918457,2.9091150760650635,-0.35509395599365234,-0.6327884793281555,2.80580997467041,-0.5667517185211182,1.0526365041732788,3.0282018184661865,-0.22856010496616364,1.0089069604873657,2.959625720977783
-0.4409394860267639,0.13523975014686584,2.8923301696777344,-0.4409024715423584,-0.048085302114486694,2.89086651802063,-0.4405399560928345,-0.23141224682331085,2.8897242546081543,-0.44017744064331055,-0.41474467515945435,2.8885819911956787,-0.46695441007614136,-0.41605767607688904,2.930905818939209,-0.5514233708381653,-0.4170566499233246,3.0644278526306152,-0.5632006525993347,-0.13842275738716125,2.9767231941223145,-0.5019700527191162,0.13350731134414673,2.9403293132781982,-0.48972392082214355,0.1878933310508728,2.9330506324768066,-0.46523165702819824,0.29666537046432495,2.9184930324554443,-0.4406931400299072,0.22671963274478912,2.8713996410369873,-0.41339653730392456,-0.41542428731918335,2.846245527267456,-0.32892757654190063,-0.4144253134727478,2.71272349357605,-0.31583359837532043,-0.12580415606498718,2.757378339767456,-0.26314860582351685,0.1419994831085205,2.8246476650238037,-0.25261160731315613,0.19556021690368652,2.838101625442505,-0.2315376102924347,0.30268168449401855,2.865009307861328,-0.27813276648521423,0.24200372397899628,2.908130168914795,-0.4973723292350769,0.13457714021205902,2.973893642425537,-0.4955253303050995,0.5710500478744507,3.030349016189575,-0.5246096849441528,0.9601210355758667,3.0590574741363525,-0.43603193759918213,1.0595588684082031,3.1339282989501953,-0.3845066428184509,0.13590236008167267,2.8107666969299316,-0.21717393398284912,0.5223397016525269,2.938693046569824,-0.17591075599193573,0.9093809127807617,2.977971076965332,-0.07038628309965134,0.9892410039901733,3.05430269241333,-0.326107919216156,-0.5232032537460327,2.956104278564453,-0.30554020404815674,-0.5697251558303833,2.965547561645508,-0.33486369252204895,-0.6204252243041992,2.9780433177948,-0.44754594564437866,-0.6459740400314331,2.9672257900238037,-0.29978829622268677,-0.6152628660202026,2.9270803928375244,-0.3481656610965729,-0.6313475370407104,2.8228306770324707,-0.5638303756713867,1.0566654205322266,3.0436699390411377,-0.19733119010925293,1.0117746591567993,2.9656198024749756
-0.4381095767021179,0.13729357719421387,2.9025654792785645,-0.4365946650505066,-0.046028584241867065,2.9020566940307617,-0.4346378445625305,-0.22934694588184357,2.901716709136963,-0.43268096446990967,-0.4126707911491394,2.901376724243164,-0.4613616466522217,-0.4140494763851166,2.942431688308716,-0.551877498626709,-0.41525593400001526,3.071958541870117,-0.574455201625824,-0.1342754065990448,2.996091842651367,-0.5255547761917114,0.1412016749382019,2.973559856414795,-0.515774667263031,0.19629709422588348,2.9690535068511963,-0.49621450901031494,0.30648791790008545,2.960040807723999,-0.4668452739715576,0.24005594849586487,2.910910129547119,-0.40397900342941284,-0.41328462958335876,2.8603179454803467,-0.31346315145492554,-0.4120781719684601,2.7307910919189453,-0.2942546308040619,-0.12460982799530029,2.7777860164642334,-0.23438981175422668,0.1397450566291809,2.8507192134857178,-0.22241684794425964,0.1926160305738449,2.8653059005737305,-0.19847092032432556,0.2983579933643341,2.894479274749756,-0.24905513226985931,0.23910316824913025,2.9347243309020996,-0.49846121668815613,0.13657622039318085,2.9813544750213623,-0.4977954626083374,0.5732598900794983,3.0378806591033936,-0.5210713148117065,0.9626702070236206,3.069716215133667,-0.43419450521469116,1.0596709251403809,3.1497514247894287,-0.3777579367160797,0.1380109339952469,2.8237764835357666,-0.20785768330097198,0.524701714515686,2.9482452869415283,-0.15314027667045593,0.910434365272522,2.9858226776123047,-0.04717227816581726,0.9869744777679443,3.0650360584259033,-0.31949329376220703,-0.5215859413146973,2.9706509113311768,-0.29908299446105957,-0.5682521462440491,2.9803881645202637,-0.328726589679718,-0.6190369129180908,2.9924545288085938,-0.4415408968925476,-0.6444790959358215,2.979954242706299,-0.2928217053413391,-0.6138836145401001,2.9418914318084717,-0.33981040120124817,-0.6298779845237732,2.8366920948028564,-0.5577888488769531,1.0601401329040527,3.053649663925171,-0.17022380232810974,1.0134985446929932,2.9719440937042236
-0.4332268536090851,0.13910141587257385,2.9102861881256104,-0.430133193731308,-0.04420015215873718,2.910545587539673,-0.42651277780532837,-0.22749200463294983,2.910835027694702,-0.4228922426700592,-0.4107893705368042,2.9111244678497314,-0.4534747004508972,-0.41232728958129883,2.9507768154144287,-0.5500428080558777,-0.4140370786190033,3.0758986473083496,-0.5816976428031921,-0.13135147094726562,3.0124764442443848,-0.5436363220214844,0.14616408944129944,3.0044658184051514,-0.5360240340232849,0.2016672044992447,3.002863645553589,-0.5207995176315308,0.312673419713974,2.999659299850464,-0.4871309995651245,0.2499900907278061,2.9486541748046875,-0.39227041602134705,-0.41124361753463745,2.8714754581451416,-0.2957023084163666,-0.409533828496933,2.7463536262512207,-0.2706991136074066,-0.12356892228126526,2.7966973781585693,-0.2040780782699585,0.13663509488105774,2.8765923976898193,-0.19075387716293335,0.1886759102344513,2.892571449279785,-0.16410546004772186,0.292757511138916,2.924529552459717,-0.21854425966739655,0.23499584197998047,2.961466073989868,-0.4974393844604492,0.13812483847141266,2.9860334396362305,-0.49908581376075745,0.5749604105949402,3.0416226387023926,-0.5185240507125854,0.964418888092041,3.0757339000701904,-0.43420857191085815,1.0595452785491943,3.160632848739624,-0.36901432275772095,0.14007799327373505,2.8345389366149902,-0.19996555149555206,0.5280437469482422,2.956289768218994,-0.13583014905452728,0.9124572277069092,2.9927890300750732,-0.030747853219509125,0.9867370128631592,3.0752885341644287,-0.310895174741745,-0.5200923681259155,2.9824416637420654,-0.29065877199172974,-0.5668703317642212,2.9924869537353516,-0.3206014335155487,-0.6177551746368408,3.003901481628418,-0.43336620926856995,-0.643162727355957,2.9891767501831055,-0.28367292881011963,-0.6125055551528931,2.9539544582366943,-0.32873547077178955,-0.6282888054847717,2.8476600646972656,-0.5531086325645447,1.0625295639038086,3.058804750442505,-0.14947912096977234,1.015835165977478,2.9774556159973145
-0.4288453757762909,0.14015603065490723,2.9246127605438232,-0.42407771944999695,-0.043106839060783386,2.925410747528076,-0.41867583990097046,-0.22635261714458466,2.9260776042938232,-0.41327381134033203,-0.40960386395454407,2.9267444610595703,-0.4456881880760193,-0.41141730546951294,2.9649012088775635,-0.5481454133987427,-0.41399914026260376,3.0853888988494873,-0.5882396101951599,-0.1277802586555481,3.0507426261901855,-0.5550432205200195,0.14860975742340088,3.079784631729126,-0.5484039187431335,0.20388776063919067,3.0855929851531982,-0.5351253747940063,0.31444376707077026,3.0972096920013428,-0.49770134687423706,0.25920093059539795,3.0406999588012695,-0.38080069422721863,-0.40978217124938965,2.88859486579895,-0.27834343910217285,-0.40720033645629883,2.7681071758270264,-0.2478649765253067,-0.12262207269668579,2.8211677074432373,-0.17512500286102295,0.13350051641464233,2.907463550567627,-0.16057699918746948,0.18472503125667572,2.924722671508789,-0.13148100674152374,0.2871740460395813,2.9592409133911133,-0.18943768739700317,0.23108366131782532,2.993013381958008,-0.49665722250938416,0.1387079954147339,2.9972198009490967,-0.5008700489997864,0.5759681463241577,3.049299478530884,-0.5176627039909363,0.9655603170394897,3.083385467529297,-0.43631160259246826,1.0596134662628174,3.172283887863159,-0.36103352904319763,0.14160406589508057,2.85200572013855,-0.19379018247127533,0.5319318771362305,2.9686262607574463,-0.12205202877521515,0.9152690172195435,3.00227427482605,-0.01825760304927826,0.9882941842079163,3.0874857902526855,-0.30017808079719543,-0.5170736908912659,3.0001273155212402,-0.279197633266449,-0.563584566116333,3.0105550289154053,-0.3084537386894226,-0.6151383519172668,3.0215373039245605,-0.42075759172439575,-0.642692506313324,3.004948139190674,-0.2707233726978302,-0.6092087626457214,2.972072124481201,-0.3138549029827118,-0.6258920431137085,2.8647971153259277,-0.5503773093223572,1.0640733242034912,3.065114736557007,-0.13273745775222778,1.0187063217163086,2.985086441040039
-0.4213552474975586,0.14060655236244202,2.937903881072998,-0.41551101207733154,-0.042624473571777344,2.9396774768829346,-0.40901073813438416,-0.22583545744419098,2.941228151321411,-0.40251028537750244,-0.40905192494392395,2.9427788257598877,-0.43672606348991394,-0.410953551530838,2.9793269634246826,-0.5450471639633179,-0.41381868720054626,3.0948855876922607,-0.5946310758590698,-0.12707513570785522,3.0924956798553467,-0.5674066543579102,0.14272204041481018,3.161527633666992,-0.5619617700576782,0.19668146967887878,3.1753339767456055,-0.5510720014572144,0.3046003580093384,3.202946662902832,-0.510188102722168,0.25825193524360657,3.1411235332489014,-0.3682238459587097,-0.4091416299343109,2.906247615814209,-0.2599027454853058,-0.40627649426460266,2.790688991546631,-0.22423726320266724,-0.12269216775894165,2.8454067707061768,-0.14645259082317352,0.12996187806129456,2.937126874923706,-0.13089565932750702,0.18049268424510956,2.9554708003997803,-0.09978179633617401,0.28155428171157837,2.992158889770508,-0.16110700368881226,0.22732405364513397,3.022819995880127,-0.49262329936027527,0.13900412619113922,3.0071945190429688,-0.4991876482963562,0.5769320726394653,3.053447961807251,-0.5143743753433228,0.9668455123901367,3.08494234085083,-0.4364674985408783,1.0606980323791504,3.177103042602539,-0.3500871956348419,0.1422089785337448,2.8686132431030273,-0.1893276423215866,0.5369449853897095,2.9795329570770264,-0.11654072999954224,0.9205172061920166,3.0083324909210205,-0.01567550003528595,0.9946759939193726,3.096071243286133,-0.2889212369918823,-0.5156564116477966,3.018649101257324,-0.2674657702445984,-0.5621380805969238,3.0295333862304688,-0.296434223651886,-0.614301323890686,3.0400478839874268,-0.4086284637451172,-0.6433663964271545,3.021313190460205,-0.25768226385116577,-0.6078897714614868,2.991039276123047,-0.2988312840461731,-0.6252002716064453,2.882455587387085,-0.5454055666923523,1.0655324459075928,3.0647201538085938,-0.12590016424655914,1.0236550569534302,2.9886860847473145
-0.39608362317085266,0.1431785225868225,2.9519736766815186,-0.3899485766887665,-0.04012991487979889,2.9550533294677734,-0.3832531273365021,-0.22342170774936676,2.957951307296753,-0.37655749917030334,-0.4067189693450928,2.9608495235443115,-0.41401129961013794,-0.40855884552001953,2.9941177368164062,-0.5333094596862793,-0.41124364733695984,3.099931001663208,-0.5987122058868408,-0.12884119153022766,3.1277105808258057,-0.5997277498245239,0.13508817553520203,3.221214532852173,-0.5999308824539185,0.18787404894828796,3.239915370941162,-0.6003370881080627,0.29344579577445984,3.2773170471191406,-0.5513023138046265,0.2562439739704132,3.215157985687256,-0.339030921459198,-0.40687137842178345,2.927612781524658,-0.21973276138305664,-0.40418657660484314,2.8217995166778564,-0.1783158928155899,-0.12259671092033386,2.883380174636841,-0.09568429738283157,0.12304796278476715,2.989367961883545,-0.07915797829627991,0.17217689752578735,3.0105655193328857,-0.046105340123176575,0.27043476700782776,3.0529606342315674,-0.11280728131532669,0.21892350912094116,3.0764031410217285,-0.47355329990386963,0.14163623750209808,3.0145039558410645,-0.49117588996887207,0.5794953107833862,3.056976318359375,-0.5136891007423401,0.9690976142883301,3.086246967315674,-0.44569888710975647,1.0638840198516846,3.184983015060425,-0.3186139464378357,0.14472080767154694,2.8894433975219727,-0.1846507042646408,0.5516646504402161,2.990861177444458,-0.12273220717906952,0.9374896287918091,3.0122804641723633,-0.03204319626092911,1.0169607400894165,3.106172800064087,-0.2660014033317566,-0.5184162259101868,3.0382635593414307,-0.24550452828407288,-0.5660588145256042,3.048771381378174,-0.27605369687080383,-0.6184660792350769,3.057297468185425,-0.38940560817718506,-0.6452454924583435,3.0343964099884033,-0.2353251576423645,-0.611581563949585,3.009065866470337,-0.2740080654621124,-0.625739336013794,2.897740125656128,-0.5438569188117981,1.0673695802688599,3.063091993331909,-0.13232237100601196,1.0396075248718262,2.9881229400634766
-0.3776392340660095,0.1426052451133728,2.974109649658203,-0.37214136123657227,-0.04082070291042328,2.9780261516571045,-0.3661934435367584,-0.22423791885375977,2.98168683052063,-0.36024534702301025,-0.4076606333255768,2.9853475093841553,-0.3995381295681,-0.4093116521835327,3.0164825916290283,-0.5249349474906921,-0.41139790415763855,3.1157004833221436,-0.5979580879211426,-0.12992176413536072,3.133976697921753,-0.6177119016647339,0.13851121068000793,3.211719274520874,-0.6216626763343811,0.1921977996826172,3.2272677421569824,-0.6295641660690308,0.2995709776878357,3.2583649158477783,-0.5752463340759277,0.2616559863090515,3.201157331466675,-0.32088789343833923,-0.40800315141677856,2.954252243041992,-0.19549106061458588,-0.40591689944267273,2.855034351348877,-0.1526307463645935,-0.1247248649597168,2.9181947708129883,-0.07134481519460678,0.11982887983322144,3.028087615966797,-0.055087629705667496,0.16873963177204132,3.0500662326812744,-0.022573258727788925,0.2665611207485199,3.0940234661102295,-0.09130415320396423,0.2162107527256012,3.114062547683716,-0.4584287106990814,0.14142923057079315,3.0324409008026123,-0.48411262035369873,0.5800119638442993,3.060988187789917,-0.5156114101409912,0.9698564410209656,3.0743401050567627,-0.45499178767204285,1.069586992263794,3.1730027198791504,-0.2968497574329376,0.14378125965595245,2.915778398513794,-0.1892402470111847,0.56069016456604,3.007629156112671,-0.1434105932712555,0.9490684270858765,3.0221593379974365,-0.061584994196891785,1.034371256828308,3.1190264225006104,-0.25408846139907837,-0.5251967906951904,3.062678337097168,-0.23506087064743042,-0.5739592909812927,3.0723986625671387,-0.2674371004104614,-0.626007080078125,3.0787854194641113,-0.3815809190273285,-0.6490830183029175,3.05233097076416,-0.2251201570034027,-0.6189303994178772,3.0314502716064453,-0.2616828978061676,-0.6290323734283447,2.918214797973633,-0.5463175773620605,1.0665611028671265,3.045903205871582,-0.15540924668312073,1.050093650817871,2.99471378326416
-0.3616127669811249,0.14030250906944275,3.0206899642944336,-0.35695919394493103,-0.043389543890953064,3.0257112979888916,-0.35203826427459717,-0.22708162665367126,3.030470371246338,-0.34711721539497375,-0.41077920794487,3.0352296829223633,-0.3882753849029541,-0.41213613748550415,3.063997745513916,-0.5197985172271729,-0.41328147053718567,3.15578556060791,-0.5996482968330383,-0.13269174098968506,3.1530685424804688,-0.6377250552177429,0.14076954126358032,3.2026844024658203,-0.6453403830528259,0.19546179473400116,3.2126076221466064,-0.6605710983276367,0.30484631657600403,3.2324540615081787,-0.6006245613098145,0.2646610140800476,3.1827352046966553,-0.3059055209159851,-0.4114188551902771,3.0065131187438965,-0.17438238859176636,-0.4102735221385956,2.9147253036499023,-0.12866200506687164,-0.12874001264572144,2.976064443588257,-0.04899606108665466,0.11722296476364136,3.084913969039917,-0.03306287154555321,0.16641555726528168,3.1066839694976807,-0.001196492463350296,0.2648007571697235,3.150223731994629,-0.0717964917421341,0.2159244269132614,3.1677491664886475,-0.44572263956069946,0.13963818550109863,3.0743377208709717,-0.4783240556716919,0.5786490440368652,3.0855371952056885,-0.5171761512756348,0.9681094884872437,3.07997989654541,-0.4641493856906891,1.0731456279754639,3.177558422088623,-0.2775028944015503,0.14096683263778687,2.9670422077178955,-0.19531947374343872,0.566511869430542,3.044991970062256,-0.16368459165096283,0.9566189050674438,3.050952672958374,-0.09103550016880035,1.047402262687683,3.1501822471618652,-0.24723604321479797,-0.5322582721710205,3.11600399017334,-0.22980336844921112,-0.5817491412162781,3.125941514968872,-0.26378515362739563,-0.6332243084907532,3.130091667175293,-0.3774353265762329,-0.6532063484191895,3.097928285598755,-0.21899893879890442,-0.6265547275543213,3.0847420692443848,-0.2505410313606262,-0.6343092918395996,2.969437599182129,-0.5478024482727051,1.0629175901412964,3.0456011295318604,-0.17735598981380463,1.0563935041427612,3.0198631286621094
-0.33885157108306885,0.13610413670539856,3.0263240337371826,-0.3342400789260864,-0.047837525606155396,3.031651496887207,-0.3296232521533966,-0.23178158700466156,3.036890983581543,-0.32500627636909485,-0.41573119163513184,3.042130708694458,-0.3678128123283386,-0.4170549809932709,3.068519115447998,-0.5047541856765747,-0.41809144616127014,3.1527974605560303,-0.5846487283706665,-0.13780534267425537,3.1338083744049072,-0.6324104070663452,0.13769850134849548,3.159977436065674,-0.6419627666473389,0.19279927015304565,3.1652112007141113,-0.6610674262046814,0.303000807762146,3.1756787300109863,-0.5969879031181335,0.26090753078460693,3.1330230236053467,-0.2821495831012726,-0.41640663146972656,3.0157992839813232,-0.1452081799507141,-0.4153701663017273,2.931520938873291,-0.0999266505241394,-0.13345515727996826,2.9929826259613037,-0.025000452995300293,0.11414408683776855,3.102294445037842,-0.010015212930738926,0.16366393864154816,3.1241567134857178,0.019955266267061234,0.26270365715026855,3.167881488800049,-0.05190853029489517,0.2144407033920288,3.1821587085723877,-0.4259086847305298,0.13534054160118103,3.0753180980682373,-0.4658019542694092,0.5738750696182251,3.0791895389556885,-0.5107100009918213,0.962492823600769,3.0657925605773926,-0.4649016857147217,1.0697596073150635,3.164592742919922,-0.2517944574356079,0.1368677318096161,2.977329969406128,-0.19431591033935547,0.5681748986244202,3.045074462890625,-0.17758604884147644,0.9592499732971191,3.045628309249878,-0.1144837960600853,1.0543544292449951,3.147310733795166,-0.2314527928829193,-0.5383849143981934,3.128726005554199,-0.2152070850133896,-0.5880982279777527,3.1396822929382324,-0.2499922662973404,-0.6392028331756592,3.1418087482452393,-0.3618273138999939,-0.6578941941261292,3.1029412746429443,-0.20249426364898682,-0.6330785155296326,3.099168539047241,-0.22724968194961548,-0.6405420899391174,2.9821276664733887,-0.5409488081932068,1.0562764406204224,3.028393507003784,-0.193043515086174,1.0579068660736084,3.011918783187866
-0.31829044222831726,0.13046523928642273,3.045883893966675,-0.313574880361557,-0.05379411578178406,3.0514893531799316,-0.3089487850666046,-0.2380584329366684,3.0570054054260254,-0.3043225407600403,-0.42232829332351685,3.0625216960906982,-0.3486328125,-0.42372632026672363,3.086483955383301,-0.4905271828174591,-0.4249957501888275,3.1630783081054688,-0.5689544081687927,-0.1447937786579132,3.1331045627593994,-0.6219069361686707,0.1312437653541565,3.143427610397339,-0.6324974298477173,0.1864512711763382,3.1454923152923584,-0.6536784172058105,0.2968662977218628,3.1496214866638184,-0.5864045023918152,0.25382548570632935,3.112980365753174,-0.2599620223045349,-0.42293304204940796,3.0386195182800293,-0.1180676519870758,-0.4216636121273041,2.9620251655578613,-0.07305079698562622,-0.13937902450561523,3.0240840911865234,-0.002541482448577881,0.10985498130321503,3.133711338043213,0.011560381390154362,0.15970177948474884,3.155636787414551,0.03976410999894142,0.25939539074897766,3.1994876861572266,-0.03317917883396149,0.21167483925819397,3.210573434829712,-0.4079933762550354,0.12951821088790894,3.090217113494873,-0.45432358980178833,0.5675071477890015,3.0876195430755615,-0.5042608976364136,0.9552909135818481,3.0675151348114014,-0.4654172956943512,1.064287781715393,3.167440891265869,-0.22858750820159912,0.13141226768493652,3.0015506744384766,-0.19131740927696228,0.5663348436355591,3.0602097511291504,-0.18662965297698975,0.9577871561050415,3.056058406829834,-0.1323622763156891,1.0561254024505615,3.1597838401794434,-0.21763789653778076,-0.5448213219642639,3.1563093662261963,-0.20248693227767944,-0.5945488810539246,3.1687519550323486,-0.23767046630382538,-0.6454481482505798,3.1689131259918213,-0.346748411655426,-0.6638279557228088,3.122648000717163,-0.18732376396656036,-0.6399577260017395,3.1295504570007324,-0.20409941673278809,-0.6482717394828796,3.011120080947876,-0.5338545441627502,1.048219919204712,3.0275051593780518,-0.20315620303153992,1.0554918050765991,3.020099639892578
-0.298812597990036,0.12396231293678284,3.0424442291259766,-0.29353269934654236,-0.06061162054538727,3.048659324645996,-0.28834640979766846,-0.24518972635269165,3.0548293590545654,-0.2831599712371826,-0.42977333068847656,3.0609993934631348,-0.32872089743614197,-0.43133312463760376,3.082700490951538,-0.4746960699558258,-0.4331156015396118,3.1520791053771973,-0.5485712289810181,-0.15144190192222595,3.1204888820648193,-0.6006181240081787,0.12526243925094604,3.1274631023406982,-0.6110274791717529,0.18060331046581268,3.1288578510284424,-0.6318462491035461,0.29128503799438477,3.1316475868225098,-0.5628761053085327,0.24775628745555878,3.098628282546997,-0.23754268884658813,-0.43021976947784424,3.039365530014038,-0.0915675163269043,-0.4284372925758362,2.969986915588379,-0.04872693121433258,-0.1451834738254547,3.0310404300689697,0.01650834083557129,0.10612624883651733,3.1401760578155518,0.029555395245552063,0.15638819336891174,3.1620032787323,0.05564950406551361,0.25691208243370056,3.205657482147217,-0.01792086288332939,0.20934242010116577,3.213808298110962,-0.39071667194366455,0.12268131971359253,3.0824766159057617,-0.4427657723426819,0.5600154399871826,3.077861785888672,-0.496370792388916,0.9472624659538269,3.0568017959594727,-0.4636419117450714,1.0562963485717773,3.1588568687438965,-0.20690853893756866,0.12524330615997314,3.0024118423461914,-0.18362517654895782,0.5620948672294617,3.0535011291503906,-0.186098113656044,0.9535348415374756,3.0467264652252197,-0.13905592262744904,1.0535534620285034,3.152358293533325,-0.2035517543554306,-0.5501155853271484,3.1636195182800293,-0.18936485052108765,-0.5995644927024841,3.178248167037964,-0.22451360523700714,-0.6505152583122253,3.1769843101501465,-0.3300040364265442,-0.6700543761253357,3.123293876647949,-0.17140191793441772,-0.6458466053009033,3.1412575244903564,-0.17952093482017517,-0.6568266153335571,3.0220677852630615,-0.5251487493515015,1.0400002002716064,3.015763521194458,-0.20260316133499146,1.0506752729415894,3.0092575550079346
-0.2808912992477417,0.12082600593566895,3.0224366188049316,-0.27487829327583313,-0.06396704912185669,3.02868390083313,-0.26897311210632324,-0.2487623393535614,3.0349671840667725,-0.26306775212287903,-0.4335631728172302,3.041250705718994,-0.30965477228164673,-0.43539363145828247,3.0607995986938477,-0.45899754762649536,-0.4380403161048889,3.1233139038085938,-0.5285300016403198,-0.15456661581993103,3.096018075942993,-0.5778018236160278,0.12267312407493591,3.1088311672210693,-0.5876561999320984,0.17812106013298035,3.111393690109253,-0.6073649525642395,0.2890169620513916,3.116518974304199,-0.5373536348342896,0.24557843804359436,3.085435390472412,-0.21641655266284943,-0.4337412714958191,3.0217702388763428,-0.06707379221916199,-0.43109458684921265,2.9592559337615967,-0.02777799218893051,-0.14736643433570862,3.021636486053467,0.03145240992307663,0.10467925667762756,3.1330747604370117,0.04329849034547806,0.1550883948802948,3.155362367630005,0.06699065119028091,0.2559066712856293,3.199937582015991,-0.006861332803964615,0.20816662907600403,3.2045698165893555,-0.37463441491127014,0.11899258941411972,3.0584325790405273,-0.4303763806819916,0.5558984279632568,3.058767557144165,-0.48563751578330994,0.9432088732719421,3.044069528579712,-0.4580608308315277,1.050096035003662,3.149851083755493,-0.18714818358421326,0.12265942245721817,2.986440658569336,-0.17462347447872162,0.5602620244026184,3.034825563430786,-0.18228909373283386,0.9516617059707642,3.0296549797058105,-0.14161784946918488,1.0517914295196533,3.137798309326172,-0.19124725461006165,-0.5511944890022278,3.1525843143463135,-0.178127720952034,-0.6002582907676697,3.1694579124450684,-0.2130238562822342,-0.6513752341270447,3.1667730808258057,-0.3141705095767975,-0.6725755333900452,3.105692148208618,-0.1573260873556137,-0.6473907232284546,3.1350526809692383,-0.1563601791858673,-0.6612861752510071,3.015817880630493,-0.5132501125335693,1.0366833209991455,3.0039095878601074,-0.19840137660503387,1.048751711845398,2.9918837547302246
-0.2468496859073639,0.11825832724571228,2.981473207473755,-0.23916977643966675,-0.06657201051712036,2.986318826675415,-0.23146945238113403,-0.25140079855918884,2.9911909103393555,-0.22376888990402222,-0.43623512983322144,2.996063232421875,-0.2719625234603882,-0.43885189294815063,3.0111613273620605,-0.4265696704387665,-0.44401973485946655,3.059469699859619,-0.488983690738678,-0.1587010622024536,3.034003734588623,-0.5349743366241455,0.11891984939575195,3.050671100616455,-0.544172465801239,0.1744440346956253,3.054004669189453,-0.562568724155426,0.2854924201965332,3.06067156791687,-0.49059316515922546,0.24170827865600586,3.035012722015381,-0.1754915565252304,-0.435627281665802,2.98101806640625,-0.020884409546852112,-0.4304594397544861,2.9327096939086914,0.011542867869138718,-0.14826563000679016,3.0052762031555176,0.059565670788288116,0.10050980746746063,3.128851890563965,0.06917022913694382,0.1502648890018463,3.15356707572937,0.08837935328483582,0.24977506697177887,3.2029972076416016,0.014480765908956528,0.20201680064201355,3.1992475986480713,-0.3435746431350708,0.11496078222990036,3.008992910385132,-0.4031991958618164,0.5508507490158081,3.024203300476074,-0.4591825604438782,0.9381134510040283,3.027161121368408,-0.4415036737918854,1.0386451482772827,3.1408753395080566,-0.15012474358081818,0.1215558722615242,2.953953504562378,-0.15357185900211334,0.5593727231025696,2.9996814727783203,-0.17003187537193298,0.950283408164978,2.9939215183258057,-0.1418546885251999,1.0510332584381104,3.105301856994629,-0.1698150783777237,-0.548335075378418,3.122128486633301,-0.15935076773166656,-0.5965001583099365,3.1429331302642822,-0.19326429069042206,-0.6479890942573547,3.1370911598205566,-0.28361937403678894,-0.6726869940757751,3.062074661254883,-0.13334812223911285,-0.6448377370834351,3.1142501831054688,-0.11385690420866013,-0.6637581586837769,2.997358798980713,-0.48373663425445557,1.0336904525756836,2.9902424812316895,-0.18491093814373016,1.0470037460327148,2.9548747539520264
-0.2351909577846527,0.1219271719455719,2.945451259613037,-0.22608953714370728,-0.06288392841815948,2.948214530944824,-0.2168038934469223,-0.24768543243408203,2.951005458831787,-0.20751796662807465,-0.4324924349784851,2.95379638671875,-0.2562710642814636,-0.43575233221054077,2.966834783554077,-0.41274523735046387,-0.44298404455184937,3.0085902214050293,-0.4699912667274475,-0.15632203221321106,2.986483573913574,-0.5121937990188599,0.12143683433532715,3.0094218254089355,-0.5206342935562134,0.1769886165857315,3.014009475708008,-0.5375153422355652,0.28809216618537903,3.0231847763061523,-0.46516817808151245,0.24382862448692322,2.999485492706299,-0.15866395831108093,-0.4312412738800049,2.9407882690429688,-0.0021898001432418823,-0.4240095615386963,2.8990328311920166,0.02354300580918789,-0.14333128929138184,2.9796457290649414,0.06345431506633759,0.10200801491737366,3.1125853061676025,0.0714365765452385,0.15107586979866028,3.1391732692718506,0.08740109950304031,0.24921159446239471,3.1923489570617676,0.014256618916988373,0.2009001076221466,3.1839282512664795,-0.33292075991630554,0.11746959388256073,2.96921706199646,-0.3926382064819336,0.5523932576179504,2.9999403953552246,-0.4475440979003906,0.9391940832138062,3.0197556018829346,-0.43369442224502563,1.033966064453125,3.138761281967163,-0.13746115565299988,0.12638475000858307,2.9216854572296143,-0.14550518989562988,0.5632272958755493,2.9743406772613525,-0.1649000644683838,0.9539172649383545,2.971623182296753,-0.1419317126274109,1.053763508796692,3.084932804107666,-0.1641455888748169,-0.5413662195205688,3.0864901542663574,-0.15528491139411926,-0.5889670848846436,3.1091911792755127,-0.18829068541526794,-0.6407841444015503,3.1016013622283936,-0.27164411544799805,-0.6677427291870117,3.019660711288452,-0.12666451930999756,-0.6377202272415161,3.083972215652466,-0.09703663736581802,-0.6590615510940552,2.9697110652923584,-0.4704626202583313,1.0365370512008667,2.986692190170288,-0.17902113497257233,1.0508651733398438,2.9329476356506348
-0.22862569987773895,0.1277191936969757,2.918408155441284,-0.2180575281381607,-0.05705438554286957,2.9191508293151855,-0.2070627212524414,-0.2418030947446823,2.9198896884918213,-0.19606757164001465,-0.42655736207962036,2.920628547668457,-0.24523815512657166,-0.43044644594192505,2.9318184852600098,-0.403036892414093,-0.43969401717185974,2.967672824859619,-0.45673108100891113,-0.15220782160758972,2.9485349655151367,-0.49674952030181885,0.12525716423988342,2.977325677871704,-0.5047532320022583,0.18075016140937805,2.983083724975586,-0.5207605957984924,0.2917361557483673,2.9946000576019287,-0.4480142295360565,0.24725879728794098,2.9726717472076416,-0.14677749574184418,-0.4246762990951538,2.9094467163085938,0.011021226644515991,-0.4154287278652191,2.8735923767089844,0.030492380261421204,-0.13618552684783936,2.960435628890991,0.0629149079322815,0.10606782138347626,3.1007184982299805,0.06939941644668579,0.1545184850692749,3.128775119781494,0.08236842602491379,0.2514198422431946,3.1848883628845215,0.010104820132255554,0.20266371965408325,3.1725621223449707,-0.3270944356918335,0.12216908484697342,2.9387717247009277,-0.38617900013923645,0.5560802817344666,2.9810781478881836,-0.439708411693573,0.9420797824859619,3.013866424560547,-0.42916741967201233,1.032156229019165,3.136739730834961,-0.13015694916248322,0.1332692950963974,2.8980445861816406,-0.14173302054405212,0.5692143440246582,2.9561617374420166,-0.16324913501739502,0.9596896767616272,2.954699754714966,-0.14479753375053406,1.0590516328811646,3.0691964626312256,-0.16225452721118927,-0.533668041229248,3.05735182762146,-0.15492355823516846,-0.5809431672096252,3.0811846256256104,-0.1870611160993576,-0.6329684257507324,3.0717766284942627,-0.26396679878234863,-0.6612226963043213,2.984250068664551,-0.12434278428554535,-0.6298179030418396,3.0587339401245117,-0.08626484870910645,-0.6522961854934692,2.947295665740967,-0.4610652029514313,1.040720820426941,2.9838380813598633,-0.17657171189785004,1.056727409362793,2.9160468578338623
-0.22245053946971893,0.1341646909713745,2.899646043777466,-0.2101227194070816,-0.050522103905677795,2.898404836654663,-0.19716042280197144,-0.2351653128862381,2.897141218185425,-0.18419773876667023,-0.4198140501976013,2.8958775997161865,-0.23368217051029205,-0.42436110973358154,2.905332088470459,-0.39238137006759644,-0.4357094466686249,2.9356322288513184,-0.4442969262599945,-0.14775902032852173,2.9204392433166504,-0.4837735891342163,0.12878745794296265,2.9568939208984375,-0.4916689097881317,0.18409675359725952,2.9641847610473633,-0.5074595808982849,0.29471534490585327,2.978766679763794,-0.4342046082019806,0.2504885196685791,2.958181619644165,-0.13457241654396057,-0.4172739088535309,2.886409282684326,0.024126797914505005,-0.40592557191848755,2.856109142303467,0.03740244358778,-0.1279897391796112,2.9478530883789062,0.062431152909994125,0.11153510212898254,3.094026565551758,0.06743689626455307,0.1594400703907013,3.1232612133026123,0.07744838297367096,0.2552500069141388,3.1817307472229004,0.006186462938785553,0.2060815691947937,3.1659111976623535,-0.3214537799358368,0.12744082510471344,2.916818141937256,-0.37928465008735657,0.5605273842811584,2.9671177864074707,-0.43096524477005005,0.9456316232681274,3.0102925300598145,-0.4232994616031647,1.0317753553390503,3.1361043453216553,-0.12344729900360107,0.14088855683803558,2.882473945617676,-0.13843300938606262,0.5760168433189392,2.9447410106658936,-0.1619216799736023,0.9662554860115051,2.943220376968384,-0.14765429496765137,1.0654774904251099,3.058370590209961,-0.1593143194913864,-0.5266128778457642,3.0346295833587646,-0.15347488224506378,-0.5738153457641602,3.0589523315429688,-0.18477340042591095,-0.6259059309959412,3.047506093978882,-0.25557824969291687,-0.6544481515884399,2.9551424980163574,-0.12136624753475189,-0.622616708278656,3.0386664867401123,-0.07592464238405228,-0.6451285481452942,2.9300973415374756,-0.45074737071990967,1.0452851057052612,2.9827468395233154,-0.1745070368051529,1.0632610321044922,2.904330015182495
-0.2168446183204651,0.13933876156806946,2.8880906105041504,-0.20261096954345703,-0.045206040143966675,2.8850786685943604,-0.18757742643356323,-0.2296869456768036,2.8820393085479736,-0.17254343628883362,-0.4141733944416046,2.878999710083008,-0.22225791215896606,-0.4193625748157501,2.886793613433838,-0.38150447607040405,-0.43275126814842224,2.911770820617676,-0.43299052119255066,-0.14461863040924072,2.9014859199523926,-0.473308265209198,0.1302802860736847,2.9474287033081055,-0.48137181997299194,0.18526005744934082,2.9566173553466797,-0.49749892950057983,0.2952196002006531,2.974994421005249,-0.42362987995147705,0.251627653837204,2.9554152488708496,-0.12266556173563004,-0.41098934412002563,2.8711729049682617,0.03658098727464676,-0.3976006507873535,2.846195697784424,0.04479368403553963,-0.12071514129638672,2.941295623779297,0.06368106603622437,0.11652866005897522,3.0918424129486084,0.06745854020118713,0.16397741436958313,3.1219518184661865,0.07501348853111267,0.25887492299079895,3.1821703910827637,0.004650253802537918,0.20947693288326263,3.1634867191314697,-0.3162645399570465,0.131440669298172,2.902182102203369,-0.37148892879486084,0.5641536712646484,2.957141160964966,-0.42024004459381104,0.9485396146774292,3.0082309246063232,-0.41501352190971375,1.031532883644104,3.1362056732177734,-0.11742468923330307,0.14723685383796692,2.8739991188049316,-0.1358531415462494,0.581652045249939,2.9392266273498535,-0.16119100153446198,0.9716407060623169,2.936725616455078,-0.15092764794826508,1.0709604024887085,3.0521509647369385,-0.15630939602851868,-0.5215969085693359,3.0184319019317627,-0.15199461579322815,-0.5688943862915039,3.0428271293640137,-0.18251891434192657,-0.620887279510498,3.0292229652404785,-0.24745126068592072,-0.648935079574585,2.9325733184814453,-0.11871935427188873,-0.6175869107246399,3.0243375301361084,-0.06668584048748016,-0.6395840048789978,2.918731212615967,-0.4382326006889343,1.0490038394927979,2.982602596282959,-0.17305807769298553,1.0685303211212158,2.897416830062866
-0.2115611732006073,0.14264032244682312,2.881922483444214,-0.19542066752910614,-0.0417199432849884,2.8774099349975586,-0.1783294379711151,-0.22599400579929352,2.8728768825531006,-0.1612377017736435,-0.41027358174324036,2.8683435916900635,-0.21111063659191132,-0.41606247425079346,2.8745455741882324,-0.3705494701862335,-0.4313390254974365,2.894413948059082,-0.4235609769821167,-0.143434077501297,2.8908374309539795,-0.4665605127811432,0.12849920988082886,2.9495668411254883,-0.4751604199409485,0.18288587033748627,2.961312770843506,-0.4923602342605591,0.2916591763496399,2.984804630279541,-0.4177120327949524,0.2493404746055603,2.965538740158081,-0.11117899417877197,-0.4064875841140747,2.8620924949645996,0.04825983941555023,-0.39121103286743164,2.84222412109375,0.05120348557829857,-0.1151232123374939,2.939584970474243,0.06357140839099884,0.120806485414505,3.092653751373291,0.06604499369859695,0.16799242794513702,3.123267412185669,0.07099216431379318,0.26236432790756226,3.184494972229004,0.0016689151525497437,0.21256688237190247,3.1633079051971436,-0.31129586696624756,0.13363811373710632,2.8929758071899414,-0.36270734667778015,0.5664093494415283,2.9502170085906982,-0.4077799916267395,0.9504574537277222,3.0062155723571777,-0.40482282638549805,1.0313184261322021,3.135573387145996,-0.11182646453380585,0.15164253115653992,2.8708691596984863,-0.13405127823352814,0.5854746103286743,2.9379992485046387,-0.16135744750499725,0.9752137064933777,2.933743953704834,-0.1550939828157425,1.0748372077941895,3.0491416454315186,-0.15367300808429718,-0.5185989737510681,3.007697105407715,-0.1509685069322586,-0.5660433769226074,3.031975507736206,-0.1807773858308792,-0.617810070514679,3.0162405967712402,-0.23990008234977722,-0.6449840068817139,2.9157683849334717,-0.11682453751564026,-0.6147065162658691,3.015181541442871,-0.058700352907180786,-0.6361905336380005,2.9127676486968994,-0.423789918422699,1.051519751548767,2.981762409210205,-0.1725473254919052,1.0719189643859863,2.893859624862671
-0.20757870376110077,0.14407587051391602,2.87914776802063,-0.1896875947713852,-0.04008416831493378,2.873530149459839,-0.1707608997821808,-0.22414085268974304,2.8679182529449463,-0.151833638548851,-0.40820303559303284,2.8623061180114746,-0.20181311666965485,-0.41449564695358276,2.8669445514678955,-0.36114609241485596,-0.43133285641670227,2.881798267364502,-0.416583389043808,-0.14397653937339783,2.884622812271118,-0.46325886249542236,0.12407371401786804,2.9564785957336426,-0.4725939631462097,0.1776837706565857,2.9708497524261475,-0.4912641644477844,0.284903883934021,2.9995920658111572,-0.4157903790473938,0.24410071969032288,2.980407953262329,-0.10164846479892731,-0.40391093492507935,2.8576066493988037,0.05768449604511261,-0.38707372546195984,2.8427529335021973,0.05532730370759964,-0.11144876480102539,2.941141128540039,0.06106572225689888,0.12397919595241547,3.095198154449463,0.06221340596675873,0.17106479406356812,3.126009464263916,0.06450877338647842,0.2652359902858734,3.1876323223114014,-0.0036911778151988983,0.21492700278759003,3.1642444133758545,-0.3075399398803711,0.134120374917984,2.8871562480926514,-0.3551287353038788,0.5671358108520508,2.945283889770508,-0.3967891335487366,0.9511278867721558,3.003795623779297,-0.3962615132331848,1.030709981918335,3.133946657180786,-0.10761746019124985,0.15403136610984802,2.8711392879486084,-0.13418671488761902,0.5873637199401855,2.9394259452819824,-0.16361093521118164,0.97687166929245,2.934241533279419,-0.16141338646411896,1.0765247344970703,3.0497288703918457,-0.15299448370933533,-0.5173264145851135,3.0011162757873535,-0.1520024538040161,-0.5649029612541199,3.025202512741089,-0.18118610978126526,-0.6163408160209656,3.007473945617676,-0.23459669947624207,-0.6425045132637024,2.9036664962768555,-0.11729305982589722,-0.6136784553527832,3.010101079940796,-0.05356637388467789,-0.6349611878395081,2.9111104011535645,-0.4108518064022064,1.0525978803634644,2.9799158573150635,-0.17415152490139008,1.0734899044036865,2.8940176963806152
-0.20580673217773438,0.14190861582756042,2.8793699741363525,-0.1862843930721283,-0.04206043481826782,2.8731045722961426,-0.1657334417104721,-0.22591882944107056,2.866879940032959,-0.14518186450004578,-0.409782737493515,2.8606550693511963,-0.19522306323051453,-0.41649478673934937,2.8637807369232178,-0.3541906476020813,-0.4346025884151459,2.8737947940826416,-0.41108614206314087,-0.1477578580379486,2.882326602935791,-0.46075427532196045,0.11594885587692261,2.966732978820801,-0.4706878960132599,0.16869020462036133,2.983614206314087,-0.49055513739585876,0.27417290210723877,3.017376661300659,-0.41444915533065796,0.23462460935115814,2.998215436935425,-0.09491731226444244,-0.4050690531730652,2.857461929321289,0.06405027210712433,-0.3869612514972687,2.8474478721618652,0.057091835886240005,-0.11137351393699646,2.945390462875366,0.05684506148099899,0.12448853254318237,3.0986928939819336,0.05679570510983467,0.17166094481945038,3.1293532848358154,0.056696996092796326,0.2660057544708252,3.190674304962158,-0.01044127345085144,0.21517497301101685,3.165534257888794,-0.30589866638183594,0.13111549615859985,2.884408712387085,-0.35131314396858215,0.5643497109413147,2.942457675933838,-0.39118286967277527,0.9483970403671265,3.001702070236206,-0.39347395300865173,1.0273593664169312,3.1322009563446045,-0.10571479052305222,0.152701735496521,2.87433123588562,-0.1360141932964325,0.5857224464416504,2.9428811073303223,-0.1668686866760254,0.9750961065292358,2.937588930130005,-0.1684359461069107,1.0745168924331665,3.0532751083374023,-0.15442360937595367,-0.5193088054656982,2.9987118244171143,-0.15502838790416718,-0.5669458508491516,3.0226216316223145,-0.18355968594551086,-0.6180896162986755,3.003187894821167,-0.23154114186763763,-0.6435113549232483,2.8966610431671143,-0.1199164018034935,-0.6158789992332458,3.009202241897583,-0.05121847987174988,-0.6372479200363159,2.913701057434082,-0.4037090837955475,1.0500919818878174,2.9779505729675293,-0.17663109302520752,1.071747064590454,2.8972628116607666
-0.2053108811378479,0.13803407549858093,2.8812546730041504,-0.18423420190811157,-0.045761898159980774,2.8748533725738525,-0.1621277779340744,-0.2294398546218872,2.8685379028320312,-0.1400206983089447,-0.41312330961227417,2.86222243309021,-0.19008061289787292,-0.42021849751472473,2.8638627529144287,-0.34852567315101624,-0.4394698739051819,2.8691511154174805,-0.4073362648487091,-0.15328937768936157,2.8821420669555664,-0.46052902936935425,0.10588765144348145,2.9773895740509033,-0.47116759419441223,0.1577230542898178,2.996438980102539,-0.4924446940422058,0.26139387488365173,3.0345380306243896,-0.4156997501850128,0.22314590215682983,3.0154342651367188,-0.08972048759460449,-0.40802454948425293,2.860513210296631,0.06872457265853882,-0.3887731730937958,2.855224847793579,0.05682719126343727,-0.11248627305030823,2.950360059738159,0.05012119561433792,0.12545892596244812,3.100064277648926,0.04877999424934387,0.1730479598045349,3.130005121231079,0.04609759524464607,0.2682260274887085,3.1898868083953857,-0.019832752645015717,0.21653011441230774,3.1634602546691895,-0.30544212460517883,0.12647658586502075,2.8834080696105957,-0.3513925075531006,0.5598045587539673,2.940316677093506,-0.39194148778915405,0.9438946843147278,2.998812198638916,-0.3976157307624817,1.0227466821670532,3.1292741298675537,-0.10517963767051697,0.1495915651321411,2.879101276397705,-0.13731098175048828,0.5823447108268738,2.9484941959381104,-0.16789516806602478,0.9717668294906616,2.946012496948242,-0.17260439693927765,1.0700995922088623,3.062540054321289,-0.15674597024917603,-0.5225179195404053,2.9995312690734863,-0.15881451964378357,-0.5701188445091248,3.0233538150787354,-0.1866205334663391,-0.6210641264915466,3.0025246143341064,-0.22935838997364044,-0.6461949348449707,2.893805742263794,-0.12338487803936005,-0.6192231774330139,3.0116939544677734,-0.05019071698188782,-0.640978991985321,2.919785261154175,-0.4035663902759552,1.0456407070159912,2.974823474884033,-0.17652015388011932,1.0687966346740723,2.9063427448272705
-0.20525714755058289,0.13407137989997864,2.8828530311584473,-0.18270879983901978,-0.049567073583602905,2.876892566680908,-0.15918150544166565,-0.23308688402175903,2.871062994003296,-0.1356535106897354,-0.4166121482849121,2.8652331829071045,-0.18569155037403107,-0.4240463376045227,2.8653762340545654,-0.34349244832992554,-0.44429391622543335,2.8659253120422363,-0.40383970737457275,-0.15866753458976746,2.8809587955474854,-0.460576593875885,0.09679993987083435,2.983530044555664,-0.47192397713661194,0.14789342880249023,3.0040442943573,-0.4946187138557434,0.250080406665802,3.0450727939605713,-0.41727885603904724,0.21282222867012024,3.0266032218933105,-0.08535973727703094,-0.41117268800735474,2.8650269508361816,0.07244114577770233,-0.3909251093864441,2.8644778728485107,0.05539551377296448,-0.11341670155525208,2.9547483921051025,0.041932135820388794,0.12781845033168793,3.098372459411621,0.03923945873975754,0.17606547474861145,3.1270973682403564,0.033854108303785324,0.2725595235824585,3.184546947479248,-0.0307406485080719,0.21972452104091644,3.1572206020355225,-0.3053419589996338,0.12180647253990173,2.882108211517334,-0.3539101183414459,0.5550311803817749,2.9375174045562744,-0.3970077931880951,0.9390325546264648,2.994687557220459,-0.4065645635128021,1.0179110765457153,3.12490177154541,-0.10517234355211258,0.14633628726005554,2.8835978507995605,-0.13913969695568085,0.5788472890853882,2.9535489082336426,-0.16958995163440704,0.9682751893997192,2.954810619354248,-0.1774250566959381,1.0652351379394531,3.07231068611145,-0.1596767157316208,-0.5253633260726929,3.0018155574798584,-0.16317258775234222,-0.572837233543396,3.025644540786743,-0.19019077718257904,-0.623668909072876,3.0036566257476807,-0.22766754031181335,-0.6489285826683044,2.89313006401062,-0.12751305103302002,-0.6221396923065186,3.0158984661102295,-0.050080642104148865,-0.6445956230163574,2.9278154373168945,-0.4081881046295166,1.0407401323318481,2.97033953666687,-0.17712832987308502,1.0657645463943481,2.916064500808716
-0.20522257685661316,0.1308678686618805,2.8838980197906494,-0.18145132064819336,-0.05264668166637421,2.878847360610962,-0.156782329082489,-0.23604723811149597,2.8739633560180664,-0.13211259245872498,-0.41945329308509827,2.869079113006592,-0.1820918321609497,-0.42715418338775635,2.8676822185516357,-0.3391595482826233,-0.4481668174266815,2.8633873462677,-0.4005735516548157,-0.16289234161376953,2.8772053718566895,-0.4608878493309021,0.09052705764770508,2.982306480407715,-0.47295069694519043,0.14121094346046448,3.003326654434204,-0.4970764219760895,0.24257871508598328,3.0453672409057617,-0.4191877841949463,0.20586803555488586,3.028430223464966,-0.08186522871255875,-0.41374579071998596,2.870422840118408,0.07520250231027603,-0.3927331566810608,2.8747177124023438,0.053435564041137695,-0.11387783288955688,2.9590389728546143,0.03359789401292801,0.13091881573200226,3.0953714847564697,0.029630359262228012,0.1798781454563141,3.122637987136841,0.021695291623473167,0.27779680490493774,3.177170991897583,-0.04156246781349182,0.22382791340351105,3.1491177082061768,-0.30518290400505066,0.11802145093679428,2.880200147628784,-0.35765549540519714,0.5510359406471252,2.933809757232666,-0.4044470191001892,0.9348925352096558,2.989130735397339,-0.4182651937007904,1.0138895511627197,3.1188974380493164,-0.10526224225759506,0.1437142789363861,2.8875958919525146,-0.14077195525169373,0.5760920643806458,2.9577207565307617,-0.17102134227752686,0.9655166864395142,2.9631223678588867,-0.18195179104804993,1.0609866380691528,3.081599712371826,-0.16329607367515564,-0.5273140668869019,3.0047807693481445,-0.16820259392261505,-0.5746184587478638,3.0286266803741455,-0.19439701735973358,-0.6253842115402222,3.005617380142212,-0.22661447525024414,-0.6509868502616882,2.893599510192871,-0.1324133574962616,-0.6241311430931091,3.0208568572998047,-0.050994113087654114,-0.6474363803863525,2.9367780685424805,-0.41543814539909363,1.0365123748779297,2.964315414428711,-0.17746098339557648,1.0635015964508057,2.9254305362701416
-0.2047145664691925,0.12902525067329407,2.8846659660339355,-0.17992864549160004,-0.05439397692680359,2.880977153778076,-0.1543540507555008,-0.23770898580551147,2.877495765686035,-0.12877869606018066,-0.4210294783115387,2.874014377593994,-0.1786574125289917,-0.42894792556762695,2.8710529804229736,-0.33482640981674194,-0.45056086778640747,2.8618664741516113,-0.3960795998573303,-0.165263831615448,2.870373487472534,-0.45892882347106934,0.08899542689323425,2.971327304840088,-0.47149866819381714,0.1398472785949707,2.991518020629883,-0.49663835763931274,0.2415509819984436,3.0318996906280518,-0.4184126853942871,0.20462223887443542,3.017516851425171,-0.0786219909787178,-0.415103554725647,2.8769376277923584,0.07754702121019363,-0.39349061250686646,2.8861241340637207,0.05067823827266693,-0.1131734848022461,2.963059902191162,0.02404750883579254,0.13572727143764496,3.0900588035583496,0.018721362575888634,0.1855074167251587,3.1154584884643555,0.008069070056080818,0.28506773710250854,3.1662580966949463,-0.05366697907447815,0.22972935438156128,3.1376893520355225,-0.3044663071632385,0.11567969620227814,2.877995491027832,-0.3617827296257019,0.5483877658843994,2.929687738418579,-0.4130880534648895,0.9320195913314819,2.98298978805542,-0.43140652775764465,1.0110946893692017,3.112180233001709,-0.10496281087398529,0.14237080514431,2.891336441040039,-0.14311589300632477,0.5746557712554932,2.96110463142395,-0.17434130609035492,0.9639906883239746,2.970595121383667,-0.18875981867313385,1.0579427480697632,3.089942216873169,-0.16716745495796204,-0.5278036594390869,3.0086162090301514,-0.1735411137342453,-0.5749064683914185,3.0324583053588867,-0.19894938170909882,-0.6256078481674194,3.008521556854248,-0.22593282163143158,-0.6516559720039368,2.895289659500122,-0.13778814673423767,-0.6246832013130188,3.026698350906372,-0.052642643451690674,-0.649036169052124,2.9467906951904297,-0.4240836501121521,1.0335384607315063,2.957693576812744,-0.17994360625743866,1.0624516010284424,2.933976173400879
-0.20413661003112793,0.12638559937477112,2.8773930072784424,-0.17814579606056213,-0.056910693645477295,2.87567400932312,-0.15156179666519165,-0.2401241660118103,2.874220848083496,-0.1249769926071167,-0.42334312200546265,2.872767686843872,-0.17447228729724884,-0.43148916959762573,2.8661630153656006,-0.32807308435440063,-0.4536145329475403,2.845750570297241,-0.38514143228530884,-0.1686503291130066,2.8461434841156006,-0.450583279132843,0.08825215697288513,2.9345059394836426,-0.46367165446281433,0.13963265717029572,2.952178478240967,-0.48984840512275696,0.2423936426639557,2.9875235557556152,-0.4117812216281891,0.20401188731193542,2.980182647705078,-0.07519274950027466,-0.41718846559524536,2.879356622695923,0.07840803265571594,-0.3950631022453308,2.8997690677642822,0.04078008979558945,-0.1122739315032959,2.955230474472046,0.00012475624680519104,0.1461711823940277,3.0534279346466064,-0.008006311021745205,0.1978602111339569,3.0730674266815186,-0.024268444627523422,0.3012382686138153,3.1123464107513428,-0.08225595951080322,0.2424618899822235,3.0839858055114746,-0.3031211197376251,0.11247766017913818,2.86377215385437,-0.3673974275588989,0.5444399118423462,2.9175240993499756,-0.42531582713127136,0.927388072013855,2.972055196762085,-0.45302629470825195,1.004729986190796,3.100816249847412,-0.10515210032463074,0.14029353857040405,2.8910138607025146,-0.1511283814907074,0.5722695589065552,2.9609780311584473,-0.18699422478675842,0.9612280130386353,2.9810376167297363,-0.21030904352664948,1.0511504411697388,3.102278709411621,-0.1804722249507904,-0.5267890095710754,3.003331184387207,-0.1906936764717102,-0.5732254385948181,3.0268239974975586,-0.21478840708732605,-0.6234138011932373,3.000946521759033,-0.23020526766777039,-0.6502684950828552,2.886082649230957,-0.15607810020446777,-0.6239116787910461,3.0255064964294434,-0.06385940313339233,-0.6516792178153992,2.955669403076172,-0.435385137796402,1.029256820678711,2.9473118782043457,-0.19117790460586548,1.0609066486358643,2.947310447692871
-0.20471800863742828,0.12459677457809448,2.8735275268554688,-0.17954105138778687,-0.05882188677787781,2.8731565475463867,-0.15402604639530182,-0.24219416081905365,2.873034715652466,-0.1285102814435959,-0.4255719482898712,2.872912883758545,-0.17780426144599915,-0.4334412217140198,2.864668130874634,-0.3299427628517151,-0.45459339022636414,2.8392958641052246,-0.3800656199455261,-0.16919085383415222,2.832542657852173,-0.4411056339740753,0.09227356314659119,2.907274007797241,-0.4533136487007141,0.14456644654273987,2.922220230102539,-0.4777296483516693,0.24915221333503723,2.9521126747131348,-0.400777667760849,0.20851604640483856,2.949265241622925,-0.07893897593021393,-0.41969576478004456,2.8811559677124023,0.07319954037666321,-0.3985435962677002,2.9065282344818115,0.03323674947023392,-0.11464762687683105,2.9491732120513916,-0.011094264686107635,0.14774838089942932,3.031982660293579,-0.019960466772317886,0.20022758841514587,3.0485446453094482,-0.037692874670028687,0.305186003446579,3.0816683769226074,-0.09434353560209274,0.24516132473945618,3.0539419651031494,-0.30328306555747986,0.1111011803150177,2.8567497730255127,-0.3704005181789398,0.5427845120429993,2.911193370819092,-0.4309406876564026,0.9255695343017578,2.9655239582061768,-0.46295052766799927,1.0023274421691895,3.093733310699463,-0.1061529591679573,0.13809236884117126,2.890305280685425,-0.1574133038520813,0.5697693824768066,2.95992374420166,-0.19742318987846375,0.9582445621490479,2.984973430633545,-0.2253880798816681,1.0460565090179443,3.106879472732544,-0.1915627121925354,-0.5260987877845764,3.0019214153289795,-0.2037576138973236,-0.5719499588012695,3.0254220962524414,-0.2278175801038742,-0.6218186616897583,2.999141216278076,-0.23900935053825378,-0.6496201157569885,2.8842194080352783,-0.17030276358127594,-0.6232994794845581,3.026097536087036,-0.07605067640542984,-0.653815746307373,2.9605953693389893,-0.4404507875442505,1.027578592300415,2.9408977031707764,-0.20143818855285645,1.0584657192230225,2.952687978744507
-0.2046273648738861,0.12289276719093323,2.870032548904419,-0.1809309720993042,-0.06072629988193512,2.870706796646118,-0.15710040926933289,-0.24432706832885742,2.871596097946167,-0.13326913118362427,-0.42793333530426025,2.872485399246216,-0.18237777054309845,-0.43536871671676636,2.8628437519073486,-0.33299946784973145,-0.455061674118042,2.83333420753479,-0.3756578266620636,-0.16976052522659302,2.82092547416687,-0.4310190975666046,0.09494560956954956,2.883746385574341,-0.44209134578704834,0.14788684248924255,2.896310567855835,-0.4642358422279358,0.25376930832862854,2.9214389324188232,-0.38875630497932434,0.2110530436038971,2.9225494861602783,-0.08390148729085922,-0.42249351739883423,2.8821370601654053,0.06672021001577377,-0.4028005599975586,2.911646604537964,0.02747821807861328,-0.11878353357315063,2.9457764625549316,-0.017710097134113312,0.1446152925491333,3.021007776260376,-0.02674775943160057,0.19729505479335785,3.0360541343688965,-0.04482308775186539,0.30265459418296814,3.0661466121673584,-0.10069726407527924,0.2425803691148758,3.0379998683929443,-0.30279865860939026,0.11015194654464722,2.850527763366699,-0.37020212411880493,0.5421676635742188,2.9040987491607666,-0.4310307800769806,0.925364077091217,2.9568662643432617,-0.466410756111145,1.00223970413208,3.0842251777648926,-0.10645607858896255,0.13563358783721924,2.8895373344421387,-0.16339273750782013,0.5670307874679565,2.9581334590911865,-0.20813390612602234,0.9549989700317383,2.9864702224731445,-0.24051402509212494,1.0411449670791626,3.108586072921753,-0.20224948227405548,-0.5253368616104126,3.0003795623779297,-0.2160973995923996,-0.5705419778823853,3.023979425430298,-0.24031975865364075,-0.6201304197311401,2.997600793838501,-0.24850071966648102,-0.6490663886070251,2.882948637008667,-0.1838255375623703,-0.622452437877655,3.0263025760650635,-0.08843374252319336,-0.655645489692688,2.964270830154419,-0.4395136833190918,1.0274709463119507,2.932002544403076,-0.21225425601005554,1.0556063652038574,2.9552104473114014
-0.20406267046928406,0.12120664119720459,2.8667399883270264,-0.1822246015071869,-0.06264160573482513,2.8682289123535156,-0.1603911817073822,-0.2464887499809265,2.8699090480804443,-0.13855710625648499,-0.4303414225578308,2.871589183807373,-0.1874943971633911,-0.4372653663158417,2.86076283454895,-0.3366160988807678,-0.45527583360671997,2.827824831008911,-0.37202224135398865,-0.17051655054092407,2.810917615890503,-0.42118820548057556,0.09642118215560913,2.8630764484405518,-0.43102139234542847,0.14980873465538025,2.8735082149505615,-0.4506877660751343,0.2565838396549225,2.894371747970581,-0.37685519456863403,0.21204639971256256,2.8989739418029785,-0.08938249945640564,-0.42541569471359253,2.8824338912963867,0.05973920226097107,-0.40740522742271423,2.915371894836426,0.02332550287246704,-0.12371602654457092,2.9440388679504395,-0.021108701825141907,0.13894352316856384,3.017721652984619,-0.029995542019605637,0.19147543609142303,3.0324583053588867,-0.047769226133823395,0.2965392470359802,3.0619313716888428,-0.10322681069374084,0.23722679913043976,3.0325629711151123,-0.3018718957901001,0.10941186547279358,2.844921350479126,-0.36815616488456726,0.5421140789985657,2.896717071533203,-0.42799556255340576,0.9260281324386597,2.9472761154174805,-0.4660297632217407,1.0034295320510864,3.07366943359375,-0.10625346004962921,0.1330014169216156,2.8885586261749268,-0.16834886372089386,0.5641744136810303,2.9559500217437744,-0.21747611463069916,0.9517198801040649,2.9863150119781494,-0.2537701427936554,1.0365957021713257,3.108346700668335,-0.21188245713710785,-0.5245016813278198,2.9989538192749023,-0.22700420022010803,-0.5690208077430725,3.0228071212768555,-0.25144368410110474,-0.6184446811676025,2.996641159057617,-0.25757139921188354,-0.6487969160079956,2.882504940032959,-0.1957750916481018,-0.6213209629058838,3.026563882827759,-0.09984368085861206,-0.6569463014602661,2.9672858715057373,-0.4352639615535736,1.0281990766525269,2.9219980239868164,-0.22175385057926178,1.0526098012924194,2.9557595252990723
-0.20331309735774994,0.1202663779258728,2.8621985912323,-0.18357494473457336,-0.06381508708000183,2.864232063293457,-0.1638452410697937,-0.24789482355117798,2.866490602493286,-0.14411495625972748,-0.43198007345199585,2.8687493801116943,-0.19290784001350403,-0.4383661448955536,2.856980323791504,-0.3406240940093994,-0.4546350836753845,2.8213913440704346,-0.36970439553260803,-0.17068904638290405,2.801635265350342,-0.4129302501678467,0.09749266505241394,2.84517240524292,-0.4215754270553589,0.15112900733947754,2.853879928588867,-0.4388657808303833,0.25840169191360474,2.8712947368621826,-0.36664602160453796,0.21239717304706573,2.8786964416503906,-0.09510761499404907,-0.42759478092193604,2.8805429935455322,0.05260865390300751,-0.4113258421421051,2.9161319732666016,0.019390936940908432,-0.12788742780685425,2.9366393089294434,-0.023993264883756638,0.13484224677085876,3.0057501792907715,-0.03267010301351547,0.18738818168640137,3.0195722579956055,-0.05002378299832344,0.2924800515174866,3.0472166538238525,-0.10508821904659271,0.23362314701080322,3.0173726081848145,-0.30083805322647095,0.10954859852790833,2.8386011123657227,-0.3630909323692322,0.5429832935333252,2.8907153606414795,-0.4193304777145386,0.9276213645935059,2.941071033477783,-0.45871734619140625,1.0052413940429688,3.066986322402954,-0.10578814148902893,0.13098415732383728,2.885796070098877,-0.17208422720432281,0.5616709589958191,2.9534027576446533,-0.2248961329460144,0.9486699104309082,2.9863836765289307,-0.26428088545799255,1.0321425199508667,3.1084985733032227,-0.22024288773536682,-0.5230206847190857,2.9961602687835693,-0.23625381290912628,-0.5668664574623108,3.0203962326049805,-0.2609558701515198,-0.6162185072898865,2.9946887493133545,-0.2659553587436676,-0.6480972170829773,2.881211519241333,-0.20587188005447388,-0.6193952560424805,3.025331497192383,-0.10988405346870422,-0.657098114490509,2.9680323600769043,-0.4249480366706848,1.0299607515335083,2.915884494781494,-0.2293718457221985,1.0498453378677368,2.956672430038452
-0.20256558060646057,0.11996030807495117,2.8574187755584717,-0.18492354452610016,-0.06432701647281647,2.8598952293395996,-0.167225643992424,-0.2486051619052887,2.8626420497894287,-0.14952722191810608,-0.43288880586624146,2.865389108657837,-0.1981889307498932,-0.43876028060913086,2.8528366088867188,-0.34458988904953003,-0.4533829689025879,2.815101385116577,-0.3694014847278595,-0.17049577832221985,2.792672634124756,-0.40828850865364075,0.09833982586860657,2.8278472423553467,-0.41606590151786804,0.15210695564746857,2.8348822593688965,-0.431620717048645,0.25964120030403137,2.848952054977417,-0.36074477434158325,0.21276403963565826,2.859015941619873,-0.10067315399646759,-0.4290202856063843,2.8779714107513428,0.04572780430316925,-0.41439759731292725,2.9157066345214844,0.015236057341098785,-0.1313592493534088,2.9258739948272705,-0.02712984010577202,0.13232803344726562,2.98667049407959,-0.03560302034020424,0.18506549298763275,2.9988298416137695,-0.05254938080906868,0.2905403971672058,3.02314829826355,-0.10722686350345612,0.23161669075489044,2.9938137531280518,-0.29985105991363525,0.11031088978052139,2.832402229309082,-0.3563697040081024,0.5443857908248901,2.8861727714538574,-0.40741652250289917,0.9296936392784119,2.9373228549957275,-0.4473268389701843,1.007434606552124,3.0630223751068115,-0.10528010129928589,0.12960973381996155,2.8824353218078613,-0.1744244396686554,0.5597251653671265,2.951184034347534,-0.22979116439819336,0.9461542367935181,2.987119197845459,-0.271536648273468,1.0282254219055176,3.109424114227295,-0.22752058506011963,-0.521125078201294,2.993088483810425,-0.244162455201149,-0.5643553733825684,3.017735004425049,-0.2691050171852112,-0.6136866807937622,2.9925625324249268,-0.2734575867652893,-0.6470224261283875,2.879765748977661,-0.21445073187351227,-0.617000937461853,3.023653030395508,-0.11860375106334686,-0.6564128994941711,2.967855453491211,-0.4111286997795105,1.03221595287323,2.912473201751709,-0.23433157801628113,1.0476068258285522,2.958329200744629
-0.20303910970687866,0.1208043098449707,2.8492791652679443,-0.1877298802137375,-0.0636969655752182,2.8505799770355225,-0.17217965424060822,-0.24817582964897156,2.852169990539551,-0.15662896633148193,-0.43266019225120544,2.853760004043579,-0.20497232675552368,-0.4378654956817627,2.8397724628448486,-0.3496124744415283,-0.4504178762435913,2.7979702949523926,-0.37101686000823975,-0.16805970668792725,2.778860330581665,-0.406820148229599,0.10039916634559631,2.8123340606689453,-0.4139808118343353,0.15409094095230103,2.819028854370117,-0.4283021092414856,0.26147449016571045,2.832418203353882,-0.358659029006958,0.2137845903635025,2.844419479370117,-0.10811659693717957,-0.4294600188732147,2.867764711380005,0.03652355074882507,-0.4169076383113861,2.909566879272461,0.008592560887336731,-0.13447338342666626,2.9100289344787598,-0.032828189432621,0.13056078553199768,2.9601662158966064,-0.04111234098672867,0.183567613363266,2.97019362449646,-0.057680644094944,0.289581298828125,2.990248441696167,-0.1117493286728859,0.23043936491012573,2.961139678955078,-0.29973745346069336,0.11258557438850403,2.821613311767578,-0.34774574637413025,0.5471487641334534,2.879575252532959,-0.3906652629375458,0.933278501033783,2.931999683380127,-0.4318552613258362,1.011210560798645,3.0571682453155518,-0.10634078085422516,0.12902304530143738,2.8769450187683105,-0.17505383491516113,0.5588144063949585,2.9481310844421387,-0.2290024757385254,0.9453279972076416,2.9853243827819824,-0.2736676335334778,1.0267903804779053,3.1070046424865723,-0.24239549040794373,-0.5259698629379272,2.9724996089935303,-0.2604416608810425,-0.5701538324356079,2.9942731857299805,-0.2835228741168976,-0.6184542775154114,2.9656031131744385,-0.28044652938842773,-0.6472629308700562,2.851552724838257,-0.23099713027477264,-0.6229533553123474,3.000007152557373,-0.13162358105182648,-0.6600103378295898,2.9490315914154053,-0.39124175906181335,1.0360110998153687,2.9077515602111816,-0.23209697008132935,1.0470117330551147,2.9571619033813477
-0.20395302772521973,0.12194362282752991,2.8471462726593018,-0.19025111198425293,-0.06268250942230225,2.8482460975646973,-0.17607903480529785,-0.24727067351341248,2.849702835083008,-0.16190652549266815,-0.4318643808364868,2.8511595726013184,-0.20998142659664154,-0.4366829991340637,2.836148500442505,-0.3532833755016327,-0.4480379819869995,2.7914514541625977,-0.37385207414627075,-0.16629919409751892,2.7729992866516113,-0.40843814611434937,0.10211542248725891,2.8021814823150635,-0.4153553545475006,0.15579834580421448,2.8080179691314697,-0.4291898012161255,0.2631641924381256,2.8196909427642822,-0.36030998826026917,0.21530582010746002,2.8337173461914062,-0.11367760598659515,-0.42905205488204956,2.8661863803863525,0.029624342918395996,-0.41769707202911377,2.9108834266662598,0.003992184996604919,-0.13594385981559753,2.900963544845581,-0.03534012660384178,0.13093101978302002,2.937363624572754,-0.043206587433815,0.18430599570274353,2.94464373588562,-0.05893951281905174,0.29105594754219055,2.9592037200927734,-0.11284233629703522,0.2313467264175415,2.93161940574646,-0.30018144845962524,0.11462639272212982,2.8176512718200684,-0.338422954082489,0.5498362183570862,2.878131866455078,-0.3717949390411377,0.9370307922363281,2.9297821521759033,-0.41295045614242554,1.0161212682724,3.0542423725128174,-0.1077246218919754,0.12926085293293,2.876641273498535,-0.17347396910190582,0.5594903826713562,2.948107957839966,-0.22409236431121826,0.9464883208274841,2.9851410388946533,-0.2701812982559204,1.0281708240509033,3.1061501502990723,-0.25086814165115356,-0.5282187461853027,2.964951992034912,-0.26919543743133545,-0.5729727745056152,2.9852454662323,-0.29067137837409973,-0.6209651231765747,2.9548912048339844,-0.2831260561943054,-0.6476273536682129,2.840557098388672,-0.2393980622291565,-0.6255437731742859,2.9910991191864014,-0.13785168528556824,-0.6606002449989319,2.943145990371704,-0.3692004382610321,1.0397320985794067,2.9055120944976807,-0.2256021797657013,1.0482600927352905,2.957149028778076
-0.20765076577663422,0.12395721673965454,2.843031167984009,-0.19533950090408325,-0.060765430331230164,2.8431692123413086,-0.18239052593708038,-0.24544380605220795,2.843688726425171,-0.16944116353988647,-0.43012773990631104,2.844208240509033,-0.21709898114204407,-0.4345240294933319,2.827806234359741,-0.3588222861289978,-0.44459816813468933,2.7790942192077637,-0.3803996443748474,-0.16315126419067383,2.7633538246154785,-0.41570574045181274,0.10503381490707397,2.7902989387512207,-0.42276695370674133,0.1586708426475525,2.7956879138946533,-0.4368893802165985,0.2659448981285095,2.8064658641815186,-0.36853229999542236,0.2182123064994812,2.8226256370544434,-0.1216425970196724,-0.4277386963367462,2.8606157302856445,0.020080722868442535,-0.4176645576953888,2.909327507019043,-0.0021470822393894196,-0.13618957996368408,2.895064115524292,-0.037693172693252563,0.1320021152496338,2.9216251373291016,-0.04480239003896713,0.18564045429229736,2.9269373416900635,-0.05902082473039627,0.2929171323776245,2.9375617504119873,-0.11308339983224869,0.23333892226219177,2.91036057472229,-0.30313074588775635,0.11756980419158936,2.811001777648926,-0.3314000368118286,0.5530918836593628,2.8747684955596924,-0.3545185923576355,0.9412044882774353,2.9252519607543945,-0.3962307274341583,1.0216844081878662,3.0486397743225098,-0.11217079311609268,0.13034462928771973,2.875060558319092,-0.17258845269680023,0.5613600015640259,2.9466168880462646,-0.21730196475982666,0.9491991996765137,2.9826157093048096,-0.26496198773384094,1.0316617488861084,3.102490186691284,-0.2631340026855469,-0.5337913036346436,2.947216749191284,-0.2815941572189331,-0.5798598527908325,2.964142322540283,-0.29980507493019104,-0.6267982125282288,2.930237054824829,-0.2841339111328125,-0.6477540731430054,2.815563678741455,-0.2509150207042694,-0.6319594979286194,2.9695117473602295,-0.14561204612255096,-0.6623777151107788,2.9268417358398438,-0.34832072257995605,1.0437487363815308,2.9009504318237305,-0.21631979942321777,1.050991415977478,2.9546570777893066
-0.21245455741882324,0.1258435845375061,2.8411881923675537,-0.20125910639762878,-0.058941587805747986,2.8405702114105225,-0.1892884224653244,-0.24367907643318176,2.840366840362549,-0.17731738090515137,-0.42842209339141846,2.840163469314575,-0.22449766099452972,-0.43246787786483765,2.822357177734375,-0.3645983934402466,-0.4414880871772766,2.7695579528808594,-0.3886478841304779,-0.1602189540863037,2.757444381713867,-0.4259509742259979,0.10764011740684509,2.783409833908081,-0.4334115982055664,0.16121193766593933,2.788602828979492,-0.44833284616470337,0.2683555781841278,2.7989890575408936,-0.3802749514579773,0.2209671586751938,2.8170647621154785,-0.13000696897506714,-0.42638421058654785,2.8579676151275635,0.010093778371810913,-0.4173640012741089,2.910766839981079,-0.009408149868249893,-0.1359301507472992,2.8948886394500732,-0.040468744933605194,0.1334591805934906,2.9115867614746094,-0.046680863946676254,0.18733704090118408,2.914926290512085,-0.059105101972818375,0.29509276151657104,2.9216055870056152,-0.1134529784321785,0.2356908768415451,2.894735813140869,-0.3070889711380005,0.120225690305233,2.8066132068634033,-0.3248818814754486,0.5558965802192688,2.8731911182403564,-0.3368827998638153,0.9447867274284363,2.9216220378875732,-0.37888672947883606,1.0271111726760864,3.0436935424804688,-0.1178201287984848,0.1314614862203598,2.875763177871704,-0.1713491827249527,0.5636312961578369,2.9459221363067627,-0.20896418392658234,0.9523812532424927,2.980328321456909,-0.2578599750995636,1.036015272140503,3.098893165588379,-0.2742210030555725,-0.5397125482559204,2.931577205657959,-0.2922499179840088,-0.5870758891105652,2.9450297355651855,-0.306613564491272,-0.6328144073486328,2.907804250717163,-0.2826566696166992,-0.6476646065711975,2.7936160564422607,-0.2603098750114441,-0.6384457945823669,2.9500327110290527,-0.15146294236183167,-0.6636203527450562,2.9132635593414307,-0.3268817961215973,1.0469752550125122,2.8970751762390137,-0.20520392060279846,1.0540865659713745,2.952275514602661
-0.21682089567184448,0.12697118520736694,2.841952085494995,-0.2063949704170227,-0.05785781145095825,2.8412816524505615,-0.1950768530368805,-0.24263541400432587,2.84108829498291,-0.18375839293003082,-0.42741858959198,2.840894937515259,-0.23056115210056305,-0.4312736392021179,2.8220794200897217,-0.36946630477905273,-0.4397236108779907,2.7663135528564453,-0.3971419632434845,-0.15870356559753418,2.756727457046509,-0.4373370110988617,0.1088387668132782,2.7814834117889404,-0.4453760087490082,0.1623472273349762,2.7864346504211426,-0.46145403385162354,0.2693641781806946,2.796337127685547,-0.3933827877044678,0.22260472178459167,2.8159191608428955,-0.1368326097726822,-0.42557185888290405,2.859708547592163,0.002072542905807495,-0.41712188720703125,2.9154744148254395,-0.01635439693927765,-0.13568580150604248,2.898613929748535,-0.04320581257343292,0.13459011912345886,2.9047255516052246,-0.04857609421014786,0.18864530324935913,2.9059479236602783,-0.05931666120886803,0.29675567150115967,2.9083926677703857,-0.11405616253614426,0.23728662729263306,2.8824961185455322,-0.3108111023902893,0.12180119007825851,2.805600643157959,-0.3185040354728699,0.5575559139251709,2.873624324798584,-0.3197382092475891,0.9469839334487915,2.919203996658325,-0.3611524701118469,1.0314005613327026,3.0400469303131104,-0.12283068150281906,0.13214118778705597,2.8783035278320312,-0.16909831762313843,0.5654250979423523,2.946808338165283,-0.1999056339263916,0.9548541903495789,2.980409860610962,-0.24914440512657166,1.0394936800003052,3.098121404647827,-0.2798978388309479,-0.5441032648086548,2.9261550903320312,-0.2967953681945801,-0.5923515558242798,2.9377923011779785,-0.30842655897140503,-0.6375242471694946,2.8989644050598145,-0.2802741229534149,-0.6485878229141235,2.7853152751922607,-0.2633739709854126,-0.6427866220474243,2.942564010620117,-0.15262505412101746,-0.6634979248046875,2.9088470935821533,-0.3063448369503021,1.048654317855835,2.894116163253784,-0.19376181066036224,1.0564507246017456,2.9523732662200928
-0.22177499532699585,0.12952876091003418,2.840578317642212,-0.21228349208831787,-0.05534708499908447,2.8393266201019287,-0.20196203887462616,-0.24018102884292603,2.838541030883789,-0.19164028763771057,-0.4250205159187317,2.8377554416656494,-0.2380298227071762,-0.4285341203212738,2.8178799152374268,-0.37567049264907837,-0.43596988916397095,2.7589919567108154,-0.4072357714176178,-0.15527108311653137,2.7568910121917725,-0.45170971751213074,0.11082503199577332,2.788318634033203,-0.4606045186519623,0.16404426097869873,2.7946040630340576,-0.478394091129303,0.27048271894454956,2.8071751594543457,-0.41006553173065186,0.22414064407348633,2.8267672061920166,-0.14513854682445526,-0.42351585626602173,2.8576223850250244,-0.007497861981391907,-0.4160800874233246,2.9165103435516357,-0.02576056309044361,-0.13458198308944702,2.9017493724823,-0.048756953328847885,0.1360490620136261,2.900090217590332,-0.05335623025894165,0.19017526507377625,2.8997583389282227,-0.06255478411912918,0.29842767119407654,2.899094581604004,-0.11756139993667603,0.23907798528671265,2.873558282852173,-0.31502848863601685,0.12500029802322388,2.802297592163086,-0.31580814719200134,0.5604032278060913,2.8728535175323486,-0.3090211749076843,0.949937641620636,2.916886568069458,-0.3506677746772766,1.0357850790023804,3.0366296768188477,-0.12852148711681366,0.13405722379684448,2.878859043121338,-0.1683112233877182,0.5680888891220093,2.946591377258301,-0.1931804120540619,0.957884669303894,2.9806911945343018,-0.24315062165260315,1.0430513620376587,3.0977048873901367,-0.2890360951423645,-0.5463042855262756,2.914729118347168,-0.3053685128688812,-0.5952335596084595,2.9240787029266357,-0.3141215741634369,-0.6394028663635254,2.8833959102630615,-0.2803776264190674,-0.6463137865066528,2.770961046218872,-0.2710822820663452,-0.6450692415237427,2.9289257526397705,-0.1584329605102539,-0.6623685359954834,2.8999621868133545,-0.29287663102149963,1.0511666536331177,2.8916499614715576,-0.18481341004371643,1.0594277381896973,2.9530532360076904
-0.23208647966384888,0.1353399157524109,2.8386592864990234,-0.22444085776805878,-0.04962162673473358,2.8375167846679688,-0.21595977246761322,-0.23454920947551727,2.8368916511535645,-0.20747843384742737,-0.41948235034942627,2.83626651763916,-0.25337207317352295,-0.42252299189567566,2.8151979446411133,-0.3893809914588928,-0.42854979634284973,2.7528326511383057,-0.4295724630355835,-0.1493927538394928,2.764101505279541,-0.4854656159877777,0.11151781678199768,2.8137195110321045,-0.4966442584991455,0.1636999249458313,2.823643207550049,-0.5190015435218811,0.26806414127349854,2.8434903621673584,-0.44922253489494324,0.2232096940279007,2.861046552658081,-0.16149258613586426,-0.4184516668319702,2.857328176498413,-0.02548365294933319,-0.41242486238479614,2.9196934700012207,-0.045585326850414276,-0.13139864802360535,2.9026293754577637,-0.06407362967729568,0.13876113295555115,2.8844027519226074,-0.0677712932229042,0.1927930861711502,2.8807573318481445,-0.07516661286354065,0.3008570075035095,2.873466730117798,-0.13043172657489777,0.24096477031707764,2.8500587940216064,-0.32442447543144226,0.13177338242530823,2.798124313354492,-0.317076176404953,0.5664342045783997,2.8719513416290283,-0.3002544641494751,0.9558044075965881,2.9136064052581787,-0.34198692440986633,1.0435969829559326,3.031839370727539,-0.1397484838962555,0.13890644907951355,2.8791942596435547,-0.17042019963264465,0.5730440616607666,2.95003342628479,-0.1879849135875702,0.9625034332275391,2.9905319213867188,-0.2386801838874817,1.0466252565383911,3.1079273223876953,-0.3032267987728119,-0.5433996319770813,2.910820960998535,-0.3185855448246002,-0.5927178263664246,2.919567108154297,-0.3257133364677429,-0.6367426514625549,2.8784711360931396,-0.2901262044906616,-0.64206463098526,2.766599416732788,-0.2832878828048706,-0.641775906085968,2.924591541290283,-0.16992071270942688,-0.6563254594802856,2.897273302078247,-0.28073641657829285,1.0563303232192993,2.888080596923828,-0.1769413948059082,1.0642826557159424,2.9648995399475098
-0.2389121949672699,0.1400839388370514,2.8357064723968506,-0.23252446949481964,-0.044919490814208984,2.833855390548706,-0.2253909409046173,-0.2298998385667801,2.832486629486084,-0.21825720369815826,-0.4148856997489929,2.831117868423462,-0.2641146183013916,-0.41750410199165344,2.8099143505096436,-0.3999404311180115,-0.42227789759635925,2.7471859455108643,-0.4442882239818573,-0.144639790058136,2.771151065826416,-0.5070579648017883,0.11028888821601868,2.8396213054656982,-0.5196118950843811,0.16127462685108185,2.8533153533935547,-0.5447198152542114,0.263246089220047,2.8807034492492676,-0.4736715257167816,0.21920783817768097,2.8947668075561523,-0.17232225835323334,-0.41427791118621826,2.852306604385376,-0.03649646043777466,-0.40950411558151245,2.9150350093841553,-0.05748315155506134,-0.12853309512138367,2.8995816707611084,-0.07485353946685791,0.14142489433288574,2.8786582946777344,-0.07832761853933334,0.19541649520397186,2.8744735717773438,-0.08527576923370361,0.3033996820449829,2.8661041259765625,-0.140722393989563,0.24351704120635986,2.8431968688964844,-0.3311314582824707,0.13730870187282562,2.7948412895202637,-0.3221743106842041,0.5716498494148254,2.8699939250946045,-0.3030039668083191,0.9609252214431763,2.9110019207000732,-0.34458988904953003,1.049187183380127,3.0289089679718018,-0.1466929316520691,0.14285917580127716,2.8765716552734375,-0.1712358146905899,0.5766182541847229,2.9516117572784424,-0.18367144465446472,0.9656974077224731,2.996858596801758,-0.2334890514612198,1.0490323305130005,3.115159749984741,-0.3144015371799469,-0.5398572087287903,2.9033212661743164,-0.3297726809978485,-0.5892956852912903,2.9112980365753174,-0.33656585216522217,-0.632768988609314,2.869572877883911,-0.30018556118011475,-0.6365646123886108,2.7579078674316406,-0.2944681644439697,-0.6383804082870483,2.915916681289673,-0.18090879917144775,-0.6524636149406433,2.8892152309417725,-0.2827518880367279,1.061263084411621,2.885368824005127,-0.17121078073978424,1.0676121711730957,2.9725072383880615
-0.24575451016426086,0.14495599269866943,2.834867000579834,-0.24039071798324585,-0.040073275566101074,2.8325955867767334,-0.23421993851661682,-0.22508297860622406,2.830836534500122,-0.22804898023605347,-0.41009822487831116,2.8290774822235107,-0.2740131914615631,-0.4124382734298706,2.808074951171875,-0.4101000726222992,-0.41638678312301636,2.7459657192230225,-0.4562229812145233,-0.14018535614013672,2.7801365852355957,-0.5228043794631958,0.10899311304092407,2.8641319274902344,-0.5361206531524658,0.15882880985736847,2.8809309005737305,-0.5627532005310059,0.25850018858909607,2.9145290851593018,-0.49079573154449463,0.2150496393442154,2.92527174949646,-0.18201768398284912,-0.40976905822753906,2.8500609397888184,-0.04593080282211304,-0.4058205485343933,2.912170171737671,-0.06559421867132187,-0.12484976649284363,2.8963282108306885,-0.08074083924293518,0.14496150612831116,2.872861623764038,-0.08377016335725784,0.1989237666130066,2.868168354034424,-0.08982881158590317,0.30684828758239746,2.8587818145751953,-0.14588478207588196,0.24724313616752625,2.8367319107055664,-0.33815914392471313,0.14277420938014984,2.794387102127075,-0.3265259265899658,0.5769665837287903,2.8694653511047363,-0.304464727640152,0.9661574363708496,2.9089736938476562,-0.3449305593967438,1.0551128387451172,3.026705741882324,-0.1533498764038086,0.14713777601718903,2.8753468990325928,-0.17176634073257446,0.5803195238113403,2.9547791481018066,-0.17936092615127563,0.9688088893890381,3.0051329135894775,-0.2275198996067047,1.0511527061462402,3.1247639656066895,-0.32276487350463867,-0.5353320837020874,2.9026129245758057,-0.3378926217556,-0.5848031044006348,2.9107775688171387,-0.3452177345752716,-0.6282474994659424,2.869131326675415,-0.31054461002349854,-0.6318609118461609,2.7569446563720703,-0.302413672208786,-0.6337973475456238,2.9148125648498535,-0.1892664134502411,-0.6475855708122253,2.8863749504089355,-0.2836223840713501,1.066235899925232,2.882899045944214,-0.16583946347236633,1.0708574056625366,2.9820404052734375
-0.25398772954940796,0.1490635871887207,2.834523916244507,-0.24987785518169403,-0.03598947823047638,2.831932306289673,-0.24499979615211487,-0.22103017568588257,2.8298373222351074,-0.24012158811092377,-0.40607643127441406,2.827742338180542,-0.2861059308052063,-0.40805745124816895,2.8067495822906494,-0.4222085773944855,-0.41094276309013367,2.744685173034668,-0.46699461340904236,-0.13545992970466614,2.7852749824523926,-0.534092903137207,0.10971421003341675,2.8797762393951416,-0.5475125312805176,0.1587490439414978,2.8986763954162598,-0.5743518471717834,0.2568187117576599,2.936476945877075,-0.5021640062332153,0.21329760551452637,2.9449987411499023,-0.19408424198627472,-0.4061066508293152,2.84871244430542,-0.057981595396995544,-0.40322133898735046,2.9107768535614014,-0.0736728385090828,-0.12210002541542053,2.8943843841552734,-0.08471260219812393,0.14773952960968018,2.8697316646575928,-0.08692055940628052,0.20170745253562927,2.8648011684417725,-0.09133646637201309,0.3096432685852051,2.854940176010132,-0.14829397201538086,0.25081709027290344,2.833188772201538,-0.3464259207248688,0.14757688343524933,2.7940900325775146,-0.33266550302505493,0.5817447304725647,2.868102788925171,-0.308678537607193,0.970791220664978,2.906637668609619,-0.3487248122692108,1.0602116584777832,3.0240960121154785,-0.16154953837394714,0.15055029094219208,2.874957799911499,-0.17373259365558624,0.5830920934677124,2.958193063735962,-0.1763412058353424,0.970881998538971,3.013235092163086,-0.22321727871894836,1.0523430109024048,3.1339118480682373,-0.33615168929100037,-0.5322811603546143,2.8978192806243896,-0.35148751735687256,-0.5818449258804321,2.9049582481384277,-0.3582615256309509,-0.6245983839035034,2.862514019012451,-0.3219113051891327,-0.6264783143997192,2.7508208751678467,-0.31616106629371643,-0.6309673190116882,2.90873646736145,-0.20262667536735535,-0.6445236206054688,2.881783962249756,-0.2873341143131256,1.0706665515899658,2.8803298473358154,-0.16158539056777954,1.0729916095733643,2.99135684967041
-0.26198241114616394,0.15278828144073486,2.8330485820770264,-0.2589196264743805,-0.032271817326545715,2.8303122520446777,-0.25501713156700134,-0.21732349693775177,2.8281302452087402,-0.25111451745033264,-0.40238070487976074,2.8259482383728027,-0.29723110795021057,-0.4041152596473694,2.8052327632904053,-0.43369191884994507,-0.4062710106372833,2.7439985275268555,-0.4763829708099365,-0.13080713152885437,2.7866978645324707,-0.542630672454834,0.1124202311038971,2.8865880966186523,-0.5558801889419556,0.1610656976699829,2.9065661430358887,-0.5823792815208435,0.25835663080215454,2.9465222358703613,-0.5101585984230042,0.21465349197387695,2.953619956970215,-0.20495550334453583,-0.40265750885009766,2.84663987159729,-0.06849470734596252,-0.4005017578601837,2.90787410736084,-0.08144896477460861,-0.11932140588760376,2.890672206878662,-0.09008817374706268,0.15053614974021912,2.8655993938446045,-0.0918160155415535,0.20450766384601593,2.8605847358703613,-0.09527169913053513,0.31245067715644836,2.850555658340454,-0.15291231870651245,0.2541351020336151,2.8292713165283203,-0.3546445369720459,0.15184514224529266,2.793116331100464,-0.33812931180000305,0.5858184099197388,2.8660600185394287,-0.31221118569374084,0.974500298500061,2.9045357704162598,-0.3512870669364929,1.0640209913253784,3.0221199989318848,-0.16932030022144318,0.15373142063617706,2.872980833053589,-0.17625495791435242,0.5850620865821838,2.961479902267456,-0.17483502626419067,0.9717225432395935,3.0224502086639404,-0.22009657323360443,1.0516963005065918,3.1446080207824707,-0.34648144245147705,-0.528594970703125,2.8968923091888428,-0.36173510551452637,-0.5781604647636414,2.904179334640503,-0.36885976791381836,-0.6209285855293274,2.8618109226226807,-0.33347925543785095,-0.6228305101394653,2.7498116493225098,-0.3263595402240753,-0.6272662281990051,2.9076669216156006,-0.21306195855140686,-0.6407871246337891,2.879737138748169,-0.2905465364456177,1.0742206573486328,2.8781661987304688,-0.15927453339099884,1.0739514827728271,3.002054452896118
-0.2698270082473755,0.15469461679458618,2.8313419818878174,-0.2681528329849243,-0.030362501740455627,2.828136682510376,-0.26576897501945496,-0.21542003750801086,2.825446367263794,-0.26338502764701843,-0.4004831314086914,2.822755813598633,-0.30955979228019714,-0.40178442001342773,2.802147388458252,-0.4461668133735657,-0.4026586413383484,2.7412381172180176,-0.48539987206459045,-0.12691596150398254,2.7851157188415527,-0.5496222972869873,0.11520449817180634,2.888817310333252,-0.5624668002128601,0.16362859308719635,2.909557580947876,-0.5881557464599609,0.2604767680168152,2.951038122177124,-0.5162460803985596,0.21616294980049133,2.957280397415161,-0.217184379696846,-0.4011932611465454,2.8433351516723633,-0.08057737350463867,-0.40031903982162476,2.9042444229125977,-0.0914011299610138,-0.11919739842414856,2.885483503341675,-0.09839984774589539,0.15059924125671387,2.8597612380981445,-0.09979958832263947,0.2045585662126541,2.85461688041687,-0.10259907692670822,0.3124772310256958,2.844327926635742,-0.16065974533557892,0.25448593497276306,2.823359966278076,-0.36254632472991943,0.15454527735710144,2.7915351390838623,-0.3453604578971863,0.5884016752243042,2.8627946376800537,-0.3195502758026123,0.976748526096344,2.9014229774475098,-0.3586353063583374,1.0661327838897705,3.0189430713653564,-0.17710770666599274,0.15484395623207092,2.8711488246917725,-0.18051208555698395,0.5846428871154785,2.9653077125549316,-0.17582453787326813,0.9701722860336304,3.0310094356536865,-0.22014343738555908,1.0489221811294556,3.1541452407836914,-0.35995179414749146,-0.5273696780204773,2.890878915786743,-0.3754054307937622,-0.576994001865387,2.8973495960235596,-0.38206353783607483,-0.6192229390144348,2.8543572425842285,-0.34521469473838806,-0.6198154091835022,2.7428009510040283,-0.34017664194107056,-0.626225471496582,2.9006900787353516,-0.22653520107269287,-0.6396559476852417,2.874077796936035,-0.29791855812072754,1.0764027833938599,2.8751256465911865,-0.15948906540870667,1.0724321603775024,3.01186466217041
-0.27614855766296387,0.15612778067588806,2.8318159580230713,-0.2759496867656708,-0.028919517993927002,2.8283677101135254,-0.27515602111816406,-0.21397362649440765,2.8254051208496094,-0.27436232566833496,-0.3990333080291748,2.8224425315856934,-0.32055050134658813,-0.3999076783657074,2.8018503189086914,-0.4571782350540161,-0.3995193541049957,2.740990161895752,-0.4936155080795288,-0.12348407506942749,2.785045623779297,-0.5563036203384399,0.11790774762630463,2.891201972961426,-0.5688412189483643,0.1661861091852188,2.91243314743042,-0.5939164757728577,0.2627428472042084,2.9548957347869873,-0.5222705602645874,0.21796727180480957,2.960604429244995,-0.22816553711891174,-0.4001702666282654,2.8430025577545166,-0.09153780341148376,-0.40055859088897705,2.903862714767456,-0.09999152272939682,-0.11958545446395874,2.8827285766601562,-0.1052103191614151,0.1500779390335083,2.855832576751709,-0.10625407844781876,0.20401062071323395,2.8504533767700195,-0.10834159702062607,0.31187596917152405,2.8396949768066406,-0.16679136455059052,0.25419434905052185,2.819030523300171,-0.36879926919937134,0.1567727029323578,2.791863203048706,-0.3533022999763489,0.5907239317893982,2.8605310916900635,-0.3296769857406616,0.9789178371429443,2.8986599445343018,-0.36965057253837585,1.0681897401809692,3.015793800354004,-0.1834978312253952,0.15548285841941833,2.8717687129974365,-0.1856802999973297,0.5836493968963623,2.971457004547119,-0.17888709902763367,0.9683286547660828,3.039883613586426,-0.2229166328907013,1.0463769435882568,3.163405179977417,-0.3734583854675293,-0.5265390276908875,2.8861613273620605,-0.3893231153488159,-0.5762327313423157,2.8915135860443115,-0.3949785828590393,-0.6178790330886841,2.847714900970459,-0.35500410199165344,-0.6171013712882996,2.7370922565460205,-0.35437631607055664,-0.6257330179214478,2.895143508911133,-0.23996436595916748,-0.6393542885780334,2.871473550796509,-0.30847734212875366,1.0785584449768066,2.8723249435424805,-0.16194619238376617,1.0705389976501465,3.0215184688568115
-0.2815958261489868,0.15720948576927185,2.829695463180542,-0.28266096115112305,-0.027798771858215332,2.8256280422210693,-0.2831104099750519,-0.2128201723098755,2.8220772743225098,-0.2835598587989807,-0.39784711599349976,2.81852650642395,-0.32975906133651733,-0.3983461260795593,2.797962188720703,-0.4664074778556824,-0.3968479335308075,2.7371909618377686,-0.5013112425804138,-0.1207687258720398,2.781750202178955,-0.563585638999939,0.11955028772354126,2.890378952026367,-0.576040506362915,0.16761408746242523,2.912104606628418,-0.600950300693512,0.26374170184135437,2.9555561542510986,-0.5294035077095032,0.218793585896492,2.9608137607574463,-0.23736555874347687,-0.3993591070175171,2.8390519618988037,-0.10071714222431183,-0.4008572995662689,2.8998231887817383,-0.10694433003664017,-0.1199653148651123,2.8778131008148193,-0.11068028956651688,0.1497155725955963,2.8515491485595703,-0.11142748594284058,0.20365175604820251,2.8462963104248047,-0.11292187124490738,0.3115241229534149,2.8357906341552734,-0.17168961465358734,0.25423067808151245,2.8150367736816406,-0.37418919801712036,0.1586230844259262,2.789644956588745,-0.3591475784778595,0.5925153493881226,2.85684871673584,-0.3361165523529053,0.9805444478988647,2.8942766189575195,-0.37650465965270996,1.069930076599121,3.011045217514038,-0.18900245428085327,0.1557958871126175,2.869745969772339,-0.19071027636528015,0.5818147659301758,2.9770309925079346,-0.1815754771232605,0.9657182097434998,3.047971487045288,-0.22518721222877502,1.043164610862732,3.1718907356262207,-0.38517874479293823,-0.5258046388626099,2.8779783248901367,-0.40144914388656616,-0.5755568742752075,2.8822875022888184,-0.40607088804244995,-0.6167131662368774,2.837775707244873,-0.36291882395744324,-0.6148133873939514,2.728165626525879,-0.3667982220649719,-0.6253529191017151,2.886307954788208,-0.2516462802886963,-0.6392927765846252,2.865673303604126,-0.31497684121131897,1.0800923109054565,2.8678297996520996,-0.16399329900741577,1.0678704977035522,3.0303118228912354
-0.28656309843063354,0.1574709415435791,2.828030824661255,-0.2888367176055908,-0.02745988965034485,2.8233394622802734,-0.29053735733032227,-0.2124096304178238,2.819181442260742,-0.2922380566596985,-0.39736491441726685,2.815023183822632,-0.3384515941143036,-0.3974847197532654,2.794520378112793,-0.4751344323158264,-0.39486581087112427,2.7339351177215576,-0.5086503624916077,-0.11863195896148682,2.777878761291504,-0.5705147385597229,0.12124793231487274,2.8874359130859375,-0.582887589931488,0.16922390460968018,2.9093472957611084,-0.6076333522796631,0.26517584919929504,2.95317006111145,-0.536230742931366,0.22005334496498108,2.958343744277954,-0.24604299664497375,-0.39925533533096313,2.8354809284210205,-0.10936015844345093,-0.40187424421310425,2.896066188812256,-0.11383266746997833,-0.12116247415542603,2.872819423675537,-0.11666880548000336,0.1484755575656891,2.8471364974975586,-0.11723603308200836,0.20240315794944763,2.8420000076293945,-0.11837048828601837,0.3102583885192871,2.8317267894744873,-0.17734062671661377,0.25323545932769775,2.810940980911255,-0.3791195750236511,0.1596256047487259,2.7879514694213867,-0.3631693422794342,0.5932449102401733,2.8544232845306396,-0.3390859365463257,0.9810037612915039,2.890737533569336,-0.3793489336967468,1.0707709789276123,3.0070979595184326,-0.19400662183761597,0.1553162783384323,2.868110179901123,-0.19713135063648224,0.5787354707717896,2.9838902950286865,-0.18652988970279694,0.9620110988616943,3.0562994480133057,-0.22982193529605865,1.0390710830688477,3.18042254447937,-0.39677098393440247,-0.5252974033355713,2.8706040382385254,-0.4136051535606384,-0.5750685930252075,2.8740127086639404,-0.417341411113739,-0.6158833503723145,2.8289027214050293,-0.3710445463657379,-0.6133605241775513,2.720280885696411,-0.37940627336502075,-0.6253145337104797,2.8785407543182373,-0.2635616362094879,-0.6400821805000305,2.8609213829040527,-0.3176371455192566,1.0803343057632446,2.864055633544922,-0.16856539249420166,1.0640829801559448,3.0390615463256836
-0.2969520092010498,0.15690329670906067,2.839932918548584,-0.30141398310661316,-0.027817219495773315,2.834442615509033,-0.30537885427474976,-0.21256454288959503,2.829500675201416,-0.3093438446521759,-0.39731740951538086,2.824558734893799,-0.35559916496276855,-0.3967868685722351,2.804257392883301,-0.49238720536231995,-0.39224672317504883,2.7442734241485596,-0.5241637229919434,-0.11554849147796631,2.7845985889434814,-0.5859879851341248,0.12409915030002594,2.8940041065216064,-0.59835284948349,0.17202867567539215,2.9158852100372314,-0.6230825781822205,0.26788774132728577,2.9596474170684814,-0.5517852902412415,0.22277048230171204,2.9649083614349365,-0.26313161849975586,-0.39985597133636475,2.84480619430542,-0.12634357810020447,-0.404396116733551,2.904790163040161,-0.12742367386817932,-0.12423095107078552,2.878255844116211,-0.1292773187160492,0.1453249752521515,2.854613780975342,-0.12964804470539093,0.19923615455627441,2.8498854637145996,-0.1303894966840744,0.30705851316452026,2.840428590774536,-0.18959742784500122,0.25048282742500305,2.819448709487915,-0.38947373628616333,0.1603260487318039,2.7999677658081055,-0.3713894188404083,0.5938533544540405,2.8658313751220703,-0.34407931566238403,0.9816232919692993,2.8986198902130127,-0.38360634446144104,1.0727571249008179,3.0141217708587646,-0.20443029701709747,0.15348054468631744,2.8798980712890625,-0.21388249099254608,0.5700036287307739,3.017848014831543,-0.19861257076263428,0.9536513090133667,3.086897134780884,-0.24068716168403625,1.0322648286819458,3.210420846939087,-0.41998064517974854,-0.5267130136489868,2.8750293254852295,-0.4379268288612366,-0.5772106051445007,2.877230167388916,-0.44017893075942993,-0.6183158159255981,2.8307504653930664,-0.3880033493041992,-0.6153745055198669,2.7223782539367676,-0.4040011465549469,-0.6288992166519165,2.882922410964966,-0.28549957275390625,-0.6453608274459839,2.8701987266540527,-0.32180026173591614,1.0805020332336426,2.87104868888855,-0.17949773371219635,1.0553293228149414,3.0687389373779297
-0.2984597086906433,0.1542011797428131,2.842742681503296,-0.3038223087787628,-0.030455604195594788,2.837320327758789,-0.3087470829486847,-0.21514034271240234,2.8324644565582275,-0.3136720061302185,-0.3998306095600128,2.827608346939087,-0.3600797653198242,-0.39907458424568176,2.807694435119629,-0.49721378087997437,-0.3938717544078827,2.7488927841186523,-0.5273175239562988,-0.1162075400352478,2.782594680786133,-0.5874190926551819,0.12650026381015778,2.885791778564453,-0.5994393825531006,0.1750418245792389,2.906431198120117,-0.6234800219535828,0.2721249461174011,2.9477100372314453,-0.5525089502334595,0.22669608891010284,2.954082489013672,-0.2673177719116211,-0.4025939702987671,2.8474698066711426,-0.13018375635147095,-0.40779680013656616,2.906271457672119,-0.13212378323078156,-0.12800776958465576,2.877051591873169,-0.1361985057592392,0.14148694276809692,2.8541409969329834,-0.13701345026493073,0.1953858882188797,2.8495588302612305,-0.13864333927631378,0.30318376421928406,2.8403944969177246,-0.19758549332618713,0.24624013900756836,2.8197906017303467,-0.39114147424697876,0.15805241465568542,2.803250551223755,-0.3700540065765381,0.5911330580711365,2.870682954788208,-0.3391551375389099,0.9786607027053833,2.9024062156677246,-0.377231627702713,1.070389986038208,3.017892599105835,-0.20577795803546906,0.1503499448299408,2.882234811782837,-0.22342729568481445,0.562446653842926,3.0319526195526123,-0.2100714147090912,0.9465024471282959,3.098747491836548,-0.2521665692329407,1.025574803352356,3.2219412326812744,-0.42797863483428955,-0.5286767482757568,2.8771111965179443,-0.4467984139919281,-0.5793884992599487,2.879255533218384,-0.44873571395874023,-0.6210960745811462,2.8325271606445312,-0.3939979374408722,-0.6194108128547668,2.724148750305176,-0.4133615791797638,-0.6319663524627686,2.885915994644165,-0.2937711775302887,-0.6502099633216858,2.8754172325134277,-0.3161633610725403,1.077260136604309,2.8744852542877197,-0.19158773124217987,1.048163652420044,3.0799477100372314
-0.30126693844795227,0.1513645350933075,2.8555727005004883,-0.30729278922080994,-0.033247023820877075,2.8496475219726562,-0.312925785779953,-0.21788862347602844,2.8443000316619873,-0.3185589611530304,-0.40253573656082153,2.8389525413513184,-0.3650308847427368,-0.4015513062477112,2.8192052841186523,-0.5021963119506836,-0.3956800699234009,2.7609670162200928,-0.5312352180480957,-0.11742514371871948,2.7900335788726807,-0.5901216268539429,0.12761850655078888,2.8881726264953613,-0.6018989086151123,0.1766272336244583,2.9078004360198975,-0.6254534721374512,0.2746447026729584,2.9470560550689697,-0.5547671318054199,0.22895783185958862,2.9544811248779297,-0.2721482515335083,-0.4055270552635193,2.8586416244506836,-0.13498279452323914,-0.4113982915878296,2.916879892349243,-0.13802964985370636,-0.13173231482505798,2.8870205879211426,-0.1442011147737503,0.13783219456672668,2.865993022918701,-0.1454354077577591,0.1917451024055481,2.8617875576019287,-0.14790399372577667,0.2995709180831909,2.853376626968384,-0.20649613440036774,0.24234136939048767,2.832622766494751,-0.39394599199295044,0.1556541472673416,2.816174030303955,-0.36983925104141235,0.5881117582321167,2.886263132095337,-0.3352448344230652,0.9752930402755737,2.9179348945617676,-0.37224021553993225,1.0673624277114868,3.033482313156128,-0.2085878998041153,0.14707492291927338,2.8949713706970215,-0.2335134744644165,0.5542268753051758,3.0565855503082275,-0.22295019030570984,0.9378798007965088,3.1259260177612305,-0.26577460765838623,1.0158320665359497,3.249563217163086,-0.4366632401943207,-0.5308368802070618,2.8865036964416504,-0.45634791254997253,-0.5817286968231201,2.888363838195801,-0.45772451162338257,-0.6239171028137207,2.8413245677948,-0.39992114901542664,-0.6232773661613464,2.733356237411499,-0.42347952723503113,-0.6351631879806519,2.89603590965271,-0.3028936982154846,-0.655141294002533,2.8883719444274902,-0.31138157844543457,1.0736637115478516,2.8899762630462646,-0.20515428483486176,1.0397800207138062,3.1078271865844727
-0.3003832697868347,0.14952027797698975,2.8643901348114014,-0.30701130628585815,-0.03505297005176544,2.8579795360565186,-0.31335824728012085,-0.2196539342403412,2.852104902267456,-0.31970536708831787,-0.40426042675971985,2.8462302684783936,-0.3661609888076782,-0.40303945541381836,2.826458692550659,-0.5031542778015137,-0.39647558331489563,2.768205404281616,-0.5299673080444336,-0.11779159307479858,2.7943689823150635,-0.586445152759552,0.12928958237171173,2.888518810272217,-0.5977407097816467,0.17870581150054932,2.907348871231079,-0.6203318238258362,0.2775382995605469,2.9450087547302246,-0.550173282623291,0.23123817145824432,2.9533112049102783,-0.2733187675476074,-0.4074878692626953,2.8659379482269287,-0.13632547855377197,-0.41405174136161804,2.9241912364959717,-0.14068585634231567,-0.13447493314743042,2.8944251537323,-0.1490039825439453,0.13511407375335693,2.875567674636841,-0.15066760778427124,0.18903186917304993,2.871796131134033,-0.1539948582649231,0.2968674898147583,2.864253282546997,-0.21211355924606323,0.23935791850090027,2.8430466651916504,-0.3929118514060974,0.15422043204307556,2.824730157852173,-0.36923137307167053,0.586237370967865,2.897465705871582,-0.33443599939346313,0.973270058631897,2.9304163455963135,-0.3716835081577301,1.0650084018707275,3.0461337566375732,-0.20785468816757202,0.14482012391090393,2.90405011177063,-0.24076974391937256,0.5485283136367798,3.072650671005249,-0.23464438319206238,0.932020902633667,3.1432669162750244,-0.2790931463241577,1.0091221332550049,3.266853094100952,-0.4384607672691345,-0.5331334471702576,2.895324468612671,-0.45832645893096924,-0.5843448638916016,2.8975064754486084,-0.4600616991519928,-0.6269903182983398,2.850306272506714,-0.40255260467529297,-0.6268017292022705,2.741227149963379,-0.42524492740631104,-0.6381567716598511,2.9052135944366455,-0.30390509963035583,-0.6584399938583374,2.8967978954315186,-0.3104217052459717,1.0717015266418457,2.902827501296997,-0.21778634190559387,1.034151315689087,3.1256103515625
-0.2986004054546356,0.14862602949142456,2.8586697578430176,-0.3060574233531952,-0.03592458367347717,2.852539300918579,-0.3135133385658264,-0.22048787772655487,2.846801996231079,-0.32096946239471436,-0.4050567150115967,2.841064453125,-0.3672899007797241,-0.40356725454330444,2.8209967613220215,-0.5036579370498657,-0.3962230384349823,2.7619576454162598,-0.5266450643539429,-0.11711490154266357,2.78535532951355,-0.5793591737747192,0.13221894204616547,2.875203847885132,-0.5899019837379456,0.18208570778369904,2.8931734561920166,-0.6109876036643982,0.28181925415992737,2.9291129112243652,-0.5417226552963257,0.2344912588596344,2.9385502338409424,-0.27473005652427673,-0.4085521697998047,2.861069679260254,-0.13836203515529633,-0.41589638590812683,2.9201087951660156,-0.1436871737241745,-0.13648301362991333,2.8904941082000732,-0.1537880301475525,0.13301944732666016,2.8736040592193604,-0.1558081954717636,0.1869199424982071,2.8702261447906494,-0.15984854102134705,0.29472094774246216,2.8634700775146484,-0.21740517020225525,0.2369997203350067,2.841512441635132,-0.3907867670059204,0.15369175374507904,2.818305253982544,-0.36904922127723694,0.5851243138313293,2.8948516845703125,-0.33596062660217285,0.9719160199165344,2.931854009628296,-0.37450847029685974,1.0623801946640015,3.0481350421905518,-0.20641404390335083,0.14356030523777008,2.899034261703491,-0.25053244829177856,0.5481744408607483,3.062762498855591,-0.25147545337677,0.9331823587417603,3.1247291564941406,-0.2990608811378479,1.012321949005127,3.2458221912384033,-0.4398311674594879,-0.5339879393577576,2.8935070037841797,-0.4598495066165924,-0.5854367017745972,2.896507978439331,-0.46237456798553467,-0.6287855505943298,2.849492073059082,-0.4062022864818573,-0.6297608613967896,2.7389304637908936,-0.4265434145927429,-0.639531135559082,2.904285430908203,-0.30468064546585083,-0.66020667552948,2.894178628921509,-0.31208181381225586,1.0706918239593506,2.905427932739258,-0.2359279841184616,1.035138487815857,3.10502028465271
-0.29698461294174194,0.14773422479629517,2.8475005626678467,-0.30546459555625916,-0.03679284453392029,2.8420584201812744,-0.31423547863960266,-0.221313014626503,2.8368477821350098,-0.32300662994384766,-0.4058386981487274,2.831636905670166,-0.36905914545059204,-0.4040723443031311,2.8109843730926514,-0.5042795538902283,-0.39593300223350525,2.750364303588867,-0.5228446125984192,-0.11658766865730286,2.7722127437591553,-0.571387529373169,0.1346953809261322,2.858276844024658,-0.5810961127281189,0.1849519908428192,2.8754897117614746,-0.6005132794380188,0.28546521067619324,2.9099154472351074,-0.5323914885520935,0.23690010607242584,2.920710802078247,-0.2770494222640991,-0.40961068868637085,2.8522329330444336,-0.1418290138244629,-0.4177500307559967,2.9128530025482178,-0.14819659292697906,-0.13855606317520142,2.883424997329712,-0.1601174771785736,0.13076061010360718,2.8681583404541016,-0.16250164806842804,0.18462394177913666,2.865104913711548,-0.1672700047492981,0.2923506200313568,2.8589982986450195,-0.22407278418540955,0.2343897521495819,2.8359837532043457,-0.3885982632637024,0.15317003428936005,2.805941343307495,-0.36904361844062805,0.5837216973304749,2.8877389430999756,-0.338154673576355,0.9700151681900024,2.9311084747314453,-0.378711074590683,1.0585200786590576,3.0482017993927,-0.2053709477186203,0.14229841530323029,2.8890597820281982,-0.2626374065876007,0.550889790058136,3.0381288528442383,-0.27187642455101013,0.9380744695663452,3.08351993560791,-0.32393112778663635,1.0213721990585327,3.1998839378356934,-0.44241878390312195,-0.5335724353790283,2.88828706741333,-0.4628097414970398,-0.5850411057472229,2.8924942016601562,-0.4663222134113312,-0.6293666958808899,2.8460886478424072,-0.4115605652332306,-0.6326516270637512,2.734283685684204,-0.4296052157878876,-0.63944411277771,2.900761604309082,-0.3075290322303772,-0.6612043976783752,2.889190435409546,-0.3143395781517029,1.0692780017852783,2.90653395652771,-0.2576045095920563,1.039370059967041,3.0598623752593994
-0.2967742383480072,0.14613690972328186,2.8368890285491943,-0.30646342039108276,-0.03835467994213104,2.8326733112335205,-0.31663402915000916,-0.22282291948795319,2.8285703659057617,-0.3268049359321594,-0.40729665756225586,2.824467420578003,-0.37243741750717163,-0.40530771017074585,2.802927017211914,-0.5059175491333008,-0.39654669165611267,2.739908218383789,-0.5198559165000916,-0.11705604195594788,2.760497808456421,-0.5642668604850769,0.1360635757446289,2.842664957046509,-0.5731490254402161,0.18668749928474426,2.859098434448242,-0.5909134149551392,0.287935346364975,2.891965389251709,-0.5241287350654602,0.23806440830230713,2.904508113861084,-0.2812829911708832,-0.41129064559936523,2.8459630012512207,-0.14780287444591522,-0.4200516641139984,2.9089818000793457,-0.1541232168674469,-0.14114093780517578,2.8789467811584473,-0.16653785109519958,0.127937912940979,2.8635923862457275,-0.16902077198028564,0.18175369501113892,2.8605215549468994,-0.17398662865161896,0.28938525915145874,2.854379892349243,-0.23011992871761322,0.23131391406059265,2.8302674293518066,-0.38754910230636597,0.1518932729959488,2.7936079502105713,-0.3696526885032654,0.5815058350563049,2.8802034854888916,-0.3405604660511017,0.9671036005020142,2.9299700260162354,-0.38360971212387085,1.053730845451355,3.0475447177886963,-0.20599937438964844,0.14038054645061493,2.8801701068878174,-0.2765316367149353,0.5537989735603333,3.00860857963562,-0.29405641555786133,0.9424835443496704,3.0336270332336426,-0.3512967526912689,1.0305808782577515,3.1438255310058594,-0.4472876489162445,-0.5326511859893799,2.8859357833862305,-0.46822381019592285,-0.5839441418647766,2.8917365074157715,-0.4727049767971039,-0.6295872926712036,2.846409320831299,-0.41901761293411255,-0.636410117149353,2.7337868213653564,-0.4353790879249573,-0.6386353373527527,2.9011189937591553,-0.31326091289520264,-0.6620461940765381,2.8887972831726074,-0.316513329744339,1.0667604207992554,2.90736722946167,-0.2808178961277008,1.0426793098449707,3.0052335262298584
-0.2969137132167816,0.1439032256603241,2.8254177570343018,-0.3078608214855194,-0.040533825755119324,2.8224616050720215,-0.31942281126976013,-0.22493384778499603,2.819535732269287,-0.3309851586818695,-0.40933942794799805,2.8166098594665527,-0.3760571777820587,-0.40716004371643066,2.793942928314209,-0.5072689056396484,-0.3978852331638336,2.727910280227661,-0.516807496547699,-0.11843237280845642,2.748366594314575,-0.5576242208480835,0.13593685626983643,2.827761173248291,-0.5657875537872314,0.186810702085495,2.843640089035034,-0.5821142196655273,0.28855839371681213,2.8753979206085205,-0.5167553424835205,0.23742306232452393,2.889760971069336,-0.2860387861728668,-0.41352301836013794,2.839244842529297,-0.1548270285129547,-0.422797828912735,2.9052774906158447,-0.16172577440738678,-0.1442943513393402,2.8737878799438477,-0.1752503365278244,0.12444093823432922,2.8573052883148193,-0.1779552549123764,0.1781879961490631,2.854008674621582,-0.1833650767803192,0.2856821119785309,2.8474156856536865,-0.23851647973060608,0.22727036476135254,2.822131395339966,-0.38657188415527344,0.14995361864566803,2.7799456119537354,-0.37000200152397156,0.5785287022590637,2.871462345123291,-0.3422105312347412,0.9633011817932129,2.927493095397949,-0.38813912868499756,1.0482128858566284,3.045199155807495,-0.2072555422782898,0.13785283267498016,2.870889902114868,-0.29129087924957275,0.5552607178688049,2.975938320159912,-0.31802037358283997,0.9441310167312622,2.9811465740203857,-0.38126394152641296,1.036091685295105,3.084672689437866,-0.45376384258270264,-0.5307130813598633,2.8826425075531006,-0.4756583869457245,-0.5815191864967346,2.8901755809783936,-0.48117032647132874,-0.6286078095436096,2.8462488651275635,-0.42795705795288086,-0.6400394439697266,2.733452320098877,-0.4437037706375122,-0.6366037726402283,2.9012155532836914,-0.3218018114566803,-0.6626945734024048,2.8891913890838623,-0.317637175321579,1.0632548332214355,2.9069347381591797,-0.30584901571273804,1.0431008338928223,2.948374032974243
-0.2963418662548065,0.14157089591026306,2.814493417739868,-0.3087020814418793,-0.04278060793876648,2.8122425079345703,-0.3218487501144409,-0.2270766943693161,2.8099098205566406,-0.3349958062171936,-0.41137829422950745,2.807577133178711,-0.3793048858642578,-0.40891939401626587,2.7834832668304443,-0.5073604583740234,-0.3989023268222809,2.7137749195098877,-0.5125612020492554,-0.11985787749290466,2.7359519004821777,-0.5505765080451965,0.13478851318359375,2.8145718574523926,-0.5581795573234558,0.18571779131889343,2.8302958011627197,-0.5733856558799744,0.2875763475894928,2.861743688583374,-0.5096632242202759,0.23515143990516663,2.877999782562256,-0.2908296287059784,-0.4158403277397156,2.8316457271575928,-0.16277407109737396,-0.42585739493370056,2.9013540744781494,-0.16948696970939636,-0.1477905809879303,2.869441032409668,-0.1833200752735138,0.1205182671546936,2.8524107933044434,-0.18608669936656952,0.1741800308227539,2.8490047454833984,-0.19161993265151978,0.2815035581588745,2.8421926498413086,-0.24567323923110962,0.22298482060432434,2.815230369567871,-0.3844403028488159,0.14806759357452393,2.7661731243133545,-0.37005457282066345,0.575716495513916,2.861856460571289,-0.34362852573394775,0.9598044157028198,2.922487258911133,-0.3932209610939026,1.0436229705810547,3.0394465923309326,-0.20824342966079712,0.1350741982460022,2.862813711166382,-0.3072313666343689,0.5545327663421631,2.9434471130371094,-0.3450252413749695,0.9422272443771362,2.9306957721710205,-0.41549837589263916,1.0364810228347778,3.0272059440612793,-0.4622715711593628,-0.5267354249954224,2.8764166831970215,-0.485890656709671,-0.5766047239303589,2.885347366333008,-0.4926368296146393,-0.6248875260353088,2.842801094055176,-0.4389778971672058,-0.6415538191795349,2.7307095527648926,-0.4557926654815674,-0.6323899030685425,2.8983492851257324,-0.33458608388900757,-0.6628105640411377,2.8880960941314697,-0.31828904151916504,1.0598942041397095,2.9037110805511475,-0.3341321647167206,1.0400408506393433,2.894275188446045
-0.29658353328704834,0.13878357410430908,2.8050267696380615,-0.3105105459690094,-0.04545615613460541,2.8030614852905273,-0.3252776265144348,-0.22962872684001923,2.8009397983551025,-0.34004515409469604,-0.41380682587623596,2.7988178730010986,-0.3833726644515991,-0.4110431671142578,2.773033380508423,-0.5072146058082581,-0.4002631902694702,2.6992299556732178,-0.5082882642745972,-0.12194579839706421,2.7242212295532227,-0.5445415377616882,0.13215872645378113,2.8036677837371826,-0.5517922043800354,0.18297962844371796,2.8195571899414062,-0.5662935376167297,0.2846214473247528,2.8513357639312744,-0.504360020160675,0.23095305263996124,2.8695068359375,-0.2968780994415283,-0.41857224702835083,2.8245794773101807,-0.1730361431837082,-0.4293522238731384,2.8983829021453857,-0.18181268870830536,-0.15199312567710876,2.865501642227173,-0.19807682931423187,0.11557504534721375,2.847118854522705,-0.20132966339588165,0.169088676571846,2.84344220161438,-0.20783531665802002,0.27611595392227173,2.8360891342163086,-0.26004281640052795,0.21700358390808105,2.807342767715454,-0.3826378583908081,0.14584052562713623,2.753282308578491,-0.37035056948661804,0.5727630257606506,2.852048873901367,-0.3444588780403137,0.956368088722229,2.915402889251709,-0.39817872643470764,1.0399082899093628,3.030686616897583,-0.21052919328212738,0.13172662258148193,2.856771230697632,-0.3220135271549225,0.5518047213554382,2.913992404937744,-0.3691639006137848,0.9375784397125244,2.8858418464660645,-0.4468536376953125,1.0330122709274292,2.9753506183624268,-0.47245466709136963,-0.5225232839584351,2.8689839839935303,-0.4980298578739166,-0.5712488293647766,2.8789336681365967,-0.5060021281242371,-0.620430588722229,2.83760404586792,-0.45150449872016907,-0.6421526074409485,2.726728916168213,-0.47017887234687805,-0.6277430653572083,2.8938755989074707,-0.35000520944595337,-0.662871241569519,2.886164903640747,-0.3179216980934143,1.0563896894454956,2.8980929851531982,-0.358984112739563,1.0343583822250366,2.8466219902038574
-0.2978196144104004,0.13558927178382874,2.7977633476257324,-0.3134399354457855,-0.0485101193189621,2.7956809997558594,-0.3298361599445343,-0.23253989219665527,2.7934186458587646,-0.3462328612804413,-0.416575163602829,2.791156053543091,-0.3883530795574188,-0.4134903848171234,2.7634785175323486,-0.5069429278373718,-0.40196493268013,2.6854214668273926,-0.5035060048103333,-0.12484323978424072,2.7142300605773926,-0.5378482937812805,0.1281762421131134,2.795363426208496,-0.5447167754173279,0.17878013849258423,2.8115901947021484,-0.5584536790847778,0.2799879312515259,2.844043493270874,-0.4986270070075989,0.2249639630317688,2.8640172481536865,-0.30429089069366455,-0.4216601848602295,2.8188090324401855,-0.18570101261138916,-0.4331856369972229,2.8968660831451416,-0.19780656695365906,-0.15704011917114258,2.8617196083068848,-0.21768724918365479,0.10930123925209045,2.8405561447143555,-0.22166338562965393,0.16256950795650482,2.8363234996795654,-0.22961565852165222,0.26910606026649475,2.8278579711914062,-0.27939313650131226,0.20907355844974518,2.7974588871002197,-0.381333589553833,0.14330412447452545,2.7421627044677734,-0.37084391713142395,0.5698471665382385,2.8422915935516357,-0.3445609509944916,0.9532228708267212,2.9062845706939697,-0.402688205242157,1.0373739004135132,3.018906354904175,-0.21430565416812897,0.12787441909313202,2.8533639907836914,-0.33265411853790283,0.5482522249221802,2.8901185989379883,-0.3842531442642212,0.9322514533996582,2.849560260772705,-0.46804094314575195,1.028539776802063,2.9323370456695557,-0.4835297465324402,-0.5188214778900146,2.8616786003112793,-0.5109959840774536,-0.5663576126098633,2.8723316192626953,-0.5201165676116943,-0.6161788702011108,2.832012891769409,-0.46477341651916504,-0.6424249410629272,2.722537040710449,-0.48543012142181396,-0.6234492063522339,2.8890013694763184,-0.36649516224861145,-0.6630243062973022,2.884004592895508,-0.3164241909980774,1.052964448928833,2.8900749683380127,-0.3735235631465912,1.0281550884246826,2.808448553085327
-0.2989746630191803,0.13297823071479797,2.7930307388305664,-0.3162056803703308,-0.050967738032341,2.7903685569763184,-0.3341549336910248,-0.234841987490654,2.787505865097046,-0.35210472345352173,-0.4187217354774475,2.7846429347991943,-0.3927869498729706,-0.41529691219329834,2.754930257797241,-0.5053662061691284,-0.40302470326423645,2.6725523471832275,-0.4978612959384918,-0.12759363651275635,2.7052724361419678,-0.5306452512741089,0.12403905391693115,2.78765606880188,-0.5372020602226257,0.1743655949831009,2.8041326999664307,-0.5503156185150146,0.27501869201660156,2.8370862007141113,-0.49288246035575867,0.21874156594276428,2.8590309619903564,-0.3116176128387451,-0.4241451323032379,2.8143246173858643,-0.19903837144374847,-0.4364173412322998,2.896702527999878,-0.2142326980829239,-0.16201764345169067,2.8584513664245605,-0.23747727274894714,0.10260021686553955,2.8335931301116943,-0.2421261966228485,0.15552379190921783,2.8286213874816895,-0.25142401456832886,0.2613709568977356,2.818678140640259,-0.29847127199172974,0.20043763518333435,2.7867259979248047,-0.37942928075790405,0.14137989282608032,2.7332539558410645,-0.37079718708992004,0.5677337646484375,2.833650588989258,-0.34345778822898865,0.9510151147842407,2.8968777656555176,-0.40618640184402466,1.0364100933074951,3.0059621334075928,-0.21852006018161774,0.12457656115293503,2.8528075218200684,-0.3394777476787567,0.5451823472976685,2.8725974559783936,-0.39187535643577576,0.9278415441513062,2.8228373527526855,-0.48083677887916565,1.0246707201004028,2.8992345333099365,-0.49377888441085815,-0.5154302716255188,2.8544230461120605,-0.5229156613349915,-0.5619065165519714,2.8653759956359863,-0.5329115390777588,-0.612111508846283,2.825723171234131,-0.47654029726982117,-0.6419476270675659,2.7176687717437744,-0.4994473457336426,-0.6194883584976196,2.883441686630249,-0.3817250728607178,-0.662848711013794,2.881204605102539,-0.3134351074695587,1.0503106117248535,2.881592035293579,-0.37968742847442627,1.023118257522583,2.780784845352173
-0.30212628841400146,0.12695986032485962,2.7992899417877197,-0.3221173882484436,-0.05662006139755249,2.794405698776245,-0.34277579188346863,-0.2401166707277298,2.789179563522339,-0.3634348213672638,-0.42361879348754883,2.7839531898498535,-0.3998359143733978,-0.41954195499420166,2.749213695526123,-0.49863266944885254,-0.405727744102478,2.654712200164795,-0.48623543977737427,-0.13493511080741882,2.694089412689209,-0.5194702744483948,0.11324560642242432,2.7757835388183594,-0.5261172652244568,0.1628817468881607,2.7921223640441895,-0.539411187171936,0.2621540427207947,2.8248000144958496,-0.48797211050987244,0.20409782230854034,2.8522629737854004,-0.32725825905799866,-0.42969006299972534,2.818635940551758,-0.22846148908138275,-0.443504273891449,2.913137435913086,-0.24125877022743225,-0.17326635122299194,2.8702352046966553,-0.263299822807312,0.08736559748649597,2.839294195175171,-0.26770803332328796,0.1394919902086258,2.83310604095459,-0.27652445435523987,0.24374476075172424,2.8207297325134277,-0.3179559111595154,0.18268457055091858,2.784317970275879,-0.3736587166786194,0.13660772144794464,2.7294435501098633,-0.37196648120880127,0.5641152262687683,2.8233134746551514,-0.34172889590263367,0.9481706619262695,2.8776886463165283,-0.41546258330345154,1.0387518405914307,2.9748599529266357,-0.23059387505054474,0.1173119992017746,2.869136333465576,-0.34637129306793213,0.5391057729721069,2.8529274463653564,-0.3865062892436981,0.919192910194397,2.780177354812622,-0.48374471068382263,1.0198166370391846,2.839366912841797,-0.512657880783081,-0.510797381401062,2.850315570831299,-0.5446887016296387,-0.5553381443023682,2.8611373901367188,-0.5559682846069336,-0.6058239936828613,2.822226047515869,-0.49740421772003174,-0.6411893367767334,2.7170920372009277,-0.5251218676567078,-0.6136531233787537,2.88130259513855,-0.4100061058998108,-0.6633719205856323,2.8844754695892334,-0.3070718050003052,1.0459953546524048,2.8634233474731445,-0.3674718141555786,1.0123473405838013,2.7361974716186523
-0.3034619987010956,0.12491312623023987,2.811070203781128,-0.32431644201278687,-0.05845467746257782,2.8036794662475586,-0.3457035720348358,-0.24174539744853973,2.7959086894989014,-0.3670913577079773,-0.4250416159629822,2.788137674331665,-0.3995431065559387,-0.42063814401626587,2.7497305870056152,-0.48702913522720337,-0.4060293138027191,2.6459319591522217,-0.4741826057434082,-0.13740089535713196,2.6891400814056396,-0.511645495891571,0.10906359553337097,2.769436836242676,-0.5191380977630615,0.15835648775100708,2.785496234893799,-0.5341232419013977,0.2569422721862793,2.817615032196045,-0.4870847165584564,0.19805240631103516,2.8494632244110107,-0.3348720371723175,-0.43143725395202637,2.826460361480713,-0.24738600850105286,-0.4460460841655731,2.9302589893341064,-0.25505006313323975,-0.1774563491344452,2.8856043815612793,-0.27286067605018616,0.08162367343902588,2.851602554321289,-0.27642279863357544,0.13343967497348785,2.844802141189575,-0.283547043800354,0.237071692943573,2.8312013149261475,-0.32084155082702637,0.17628920078277588,2.7910821437835693,-0.3668929934501648,0.13523471355438232,2.7339699268341064,-0.3695625066757202,0.5641344785690308,2.820699691772461,-0.33592483401298523,0.9486978054046631,2.8684041500091553,-0.4172472357749939,1.0434353351593018,2.9549150466918945,-0.24003100395202637,0.11459153890609741,2.8881704807281494,-0.3430866003036499,0.5386837720870972,2.8563976287841797,-0.36533594131469727,0.9186729192733765,2.776338815689087,-0.46565601229667664,1.0223525762557983,2.8238685131073,-0.5211398601531982,-0.5092734098434448,2.846538543701172,-0.5545172691345215,-0.5531667470932007,2.85565447807312,-0.5646917819976807,-0.6034372448921204,2.816218137741089,-0.5014082789421082,-0.6399788856506348,2.714348077774048,-0.5371549725532532,-0.61179518699646,2.8767995834350586,-0.42338716983795166,-0.6636598110198975,2.885995388031006,-0.2976047992706299,1.0453064441680908,2.85546875,-0.3393123745918274,1.0107760429382324,2.733809232711792
-0.3072206676006317,0.12261083722114563,2.82389497756958,-0.3283170163631439,-0.060574889183044434,2.813843250274658,-0.34979742765426636,-0.2436945140361786,2.8034074306488037,-0.3712784945964813,-0.4268196225166321,2.792971134185791,-0.3992597460746765,-0.4221706688404083,2.751230478286743,-0.47437646985054016,-0.4069553315639496,2.638859510421753,-0.4608088731765747,-0.14007359743118286,2.6850666999816895,-0.5018454194068909,0.10547800362110138,2.7626354694366455,-0.5100527405738831,0.15458832681179047,2.778149127960205,-0.5264673233032227,0.25280898809432983,2.8091766834259033,-0.4844699800014496,0.1930488795042038,2.84525203704834,-0.34353071451187134,-0.43345892429351807,2.8345985412597656,-0.2684139907360077,-0.4486742615699768,2.946969509124756,-0.2702033817768097,-0.18131715059280396,2.9015603065490723,-0.28304222226142883,0.07661470770835876,2.8654656410217285,-0.28560999035835266,0.12820108234882355,2.8582465648651123,-0.2907455265522003,0.2313738316297531,2.843808650970459,-0.3235032260417938,0.17090749740600586,2.8001370429992676,-0.3614550232887268,0.13344842195510864,2.7402141094207764,-0.3674592673778534,0.5635561347007751,2.820314407348633,-0.3297785520553589,0.9482123255729675,2.8637285232543945,-0.4177336096763611,1.046664834022522,2.938821315765381,-0.2529863119125366,0.11177325248718262,2.907575845718384,-0.3395652770996094,0.5383420586585999,2.862989664077759,-0.3399975001811981,0.917963981628418,2.7784197330474854,-0.4413943886756897,1.0253533124923706,2.813833236694336,-0.5295965075492859,-0.5088028907775879,2.8415822982788086,-0.5640396475791931,-0.5521718263626099,2.848552703857422,-0.572454571723938,-0.6022092700004578,2.8085453510284424,-0.5036149024963379,-0.6395354270935059,2.710845947265625,-0.5488564372062683,-0.6109742522239685,2.8706181049346924,-0.4367534816265106,-0.6643694639205933,2.886718511581421,-0.2878999710083008,1.0436135530471802,2.8531689643859863,-0.30634260177612305,1.008708119392395,2.7384252548217773
-0.3145361542701721,0.11985376477241516,2.8411881923675537,-0.33528414368629456,-0.06328681111335754,2.8296964168548584,-0.3563283383846283,-0.24636635184288025,2.8177785873413086,-0.3773731589317322,-0.4294513463973999,2.8058602809906006,-0.4003666937351227,-0.4249112606048584,2.761166572570801,-0.46192723512649536,-0.4100181758403778,2.6410841941833496,-0.44707512855529785,-0.14411887526512146,2.687394142150879,-0.49147501587867737,0.10167978703975677,2.75927472114563,-0.5003550052642822,0.15083952248096466,2.773650884628296,-0.5181149840354919,0.24915899336338043,2.802402973175049,-0.4817778170108795,0.1889037936925888,2.842928409576416,-0.3546083867549896,-0.4359813928604126,2.8504245281219482,-0.29304784536361694,-0.4508744776248932,2.9705069065093994,-0.28845229744911194,-0.1847071647644043,2.9235870838165283,-0.29576972126960754,0.07216539978981018,2.884624719619751,-0.2972331941127777,0.12353991717100143,2.8768322467803955,-0.30016016960144043,0.22628894448280334,2.8612473011016846,-0.3279224634170532,0.16583707928657532,2.814683198928833,-0.3585514724254608,0.13045324385166168,2.7517361640930176,-0.36678358912467957,0.5619666576385498,2.82365083694458,-0.324921190738678,0.9465953707695007,2.8633010387420654,-0.4184366464614868,1.048647165298462,2.9258153438568115,-0.2705208361148834,0.10925429314374924,2.93064022064209,-0.3397250771522522,0.5375800132751465,2.874150037765503,-0.3193586468696594,0.916217565536499,2.7876477241516113,-0.4209152162075043,1.026795744895935,2.8105924129486084,-0.5388027429580688,-0.5099610686302185,2.8444738388061523,-0.5738658308982849,-0.5529865622520447,2.84942626953125,-0.5800009965896606,-0.6031234264373779,2.809307098388672,-0.5053496360778809,-0.6414257287979126,2.7166576385498047,-0.5605788230895996,-0.6116521954536438,2.8727219104766846,-0.4503200054168701,-0.6655905246734619,2.8963329792022705,-0.27979522943496704,1.040787696838379,2.855679750442505,-0.27871763706207275,1.005570650100708,2.7511653900146484
-0.32343363761901855,0.12116929888725281,2.847902536392212,-0.3427855968475342,-0.06206542253494263,2.8355579376220703,-0.36232325434684753,-0.24525831639766693,2.822889566421509,-0.38186147809028625,-0.42845672369003296,2.810220956802368,-0.39948225021362305,-0.424331396818161,2.7631120681762695,-0.4464723467826843,-0.4105924963951111,2.6369078159332275,-0.42988479137420654,-0.14557629823684692,2.6849868297576904,-0.47721996903419495,0.10048793256282806,2.7523536682128906,-0.4866870045661926,0.14970077574253082,2.765826940536499,-0.505621075630188,0.24812646210193634,2.792773723602295,-0.47532451152801514,0.18717801570892334,2.836801767349243,-0.3644530475139618,-0.4345731735229492,2.857192039489746,-0.3174629509449005,-0.44831207394599915,2.983396291732788,-0.31583043932914734,-0.18368706107139587,2.9305636882781982,-0.32655495405197144,0.07142919301986694,2.8844423294067383,-0.32869985699653625,0.12245244532823563,2.875218152999878,-0.3329896628856659,0.2244989573955536,2.856769561767578,-0.3531651496887207,0.1622258722782135,2.8089566230773926,-0.35653117299079895,0.1310032606124878,2.753818988800049,-0.3652529716491699,0.5627989768981934,2.8232288360595703,-0.3187187612056732,0.9464982748031616,2.8655683994293213,-0.4162209928035736,1.0512195825576782,2.916383743286133,-0.29033610224723816,0.11133533716201782,2.941986083984375,-0.3428296744823456,0.541464626789093,2.8821983337402344,-0.30308595299720764,0.9198718070983887,2.8021247386932373,-0.40377312898635864,1.0328837633132935,2.8142013549804688,-0.5446455478668213,-0.5091979503631592,2.839951515197754,-0.5796930193901062,-0.55225670337677,2.8432435989379883,-0.5832217335700989,-0.602715790271759,2.803414821624756,-0.5032019019126892,-0.6414927840232849,2.7159104347229004,-0.5675889849662781,-0.6105151176452637,2.8678276538848877,-0.4589090943336487,-0.6635907888412476,2.89841365814209,-0.2707066237926483,1.0394909381866455,2.8627431392669678,-0.25627565383911133,1.0083369016647339,2.7714080810546875
-0.33361199498176575,0.12294554710388184,2.8524999618530273,-0.3513864576816559,-0.06046853959560394,2.8407044410705566,-0.36924102902412415,-0.243871808052063,2.828861713409424,-0.3870961368083954,-0.42728057503700256,2.817018747329712,-0.3994424641132355,-0.42393702268600464,2.7682058811187744,-0.4322488605976105,-0.4123128056526184,2.637646198272705,-0.41316747665405273,-0.1478891372680664,2.6868109703063965,-0.46100595593452454,0.09930440783500671,2.7486424446105957,-0.47057366371154785,0.14874312281608582,2.7610087394714355,-0.4897090494632721,0.24762055277824402,2.7857413291931152,-0.46580377221107483,0.18611519038677216,2.8327085971832275,-0.37494388222694397,-0.43261754512786865,2.8657028675079346,-0.34213748574256897,-0.4442417621612549,2.996262550354004,-0.3447719216346741,-0.1822756826877594,2.9324820041656494,-0.3600011169910431,0.06993955373764038,2.8744144439697266,-0.36304694414138794,0.12038260698318481,2.8628008365631104,-0.3691386282444,0.22126871347427368,2.839573860168457,-0.38149258494377136,0.15641814470291138,2.79264760017395,-0.35610777139663696,0.13138072192668915,2.7552356719970703,-0.3661784529685974,0.5631128549575806,2.8240044116973877,-0.31622642278671265,0.945712685585022,2.871037244796753,-0.41630133986473083,1.0525777339935303,2.9111135005950928,-0.31111621856689453,0.11451037228107452,2.9497642517089844,-0.3482910096645355,0.5462029576301575,2.890749216079712,-0.293293297290802,0.9245805740356445,2.8207805156707764,-0.3925621509552002,1.0393775701522827,2.823704481124878,-0.5499396920204163,-0.509442150592804,2.839609146118164,-0.5845357775688171,-0.552804708480835,2.8418028354644775,-0.5853961706161499,-0.6038459539413452,2.802764892578125,-0.5006486177444458,-0.6429364085197449,2.7203195095062256,-0.5730546116828918,-0.6103972792625427,2.8679022789001465,-0.4656808376312256,-0.661498486995697,2.9048752784729004,-0.266217440366745,1.0376243591308594,2.8733561038970947,-0.24187110364437103,1.012440800666809,2.796483039855957
-0.3436920642852783,0.1255110502243042,2.8519580364227295,-0.3599461615085602,-0.05798499286174774,2.8402819633483887,-0.3762480914592743,-0.24149349331855774,2.828871250152588,-0.3925504982471466,-0.42500749230384827,2.817460298538208,-0.3997803032398224,-0.42227470874786377,2.767612934112549,-0.4188995659351349,-0.4122881293296814,2.634322166442871,-0.39671921730041504,-0.1491296887397766,2.6878108978271484,-0.4440285861492157,0.09858550131320953,2.747197389602661,-0.4534904658794403,0.14812853932380676,2.7590746879577637,-0.47241419553756714,0.24721461534500122,2.7828292846679688,-0.45496150851249695,0.18474259972572327,2.831247568130493,-0.38549789786338806,-0.42973482608795166,2.8671834468841553,-0.36637863516807556,-0.43972140550613403,3.000474214553833,-0.37188756465911865,-0.18087077140808105,2.925832509994507,-0.39012885093688965,0.06795364618301392,2.8559653759002686,-0.39377710223197937,0.11771853268146515,2.841991901397705,-0.4010736346244812,0.21724829077720642,2.814044952392578,-0.4060269594192505,0.15025150775909424,2.768894672393799,-0.3560127317905426,0.13290926814079285,2.752842664718628,-0.3702014088630676,0.5637474060058594,2.825531005859375,-0.320311039686203,0.9450002908706665,2.8816988468170166,-0.4224848449230194,1.0528076887130737,2.912766695022583,-0.33137139678001404,0.11811283230781555,2.951073408126831,-0.35655972361564636,0.5512953996658325,2.8979241847991943,-0.2908940315246582,0.9301885366439819,2.8420169353485107,-0.3887108564376831,1.0461164712905884,2.8375751972198486,-0.5549715757369995,-0.5091068148612976,2.8315846920013428,-0.5889710187911987,-0.5528566837310791,2.8322908878326416,-0.5868791341781616,-0.604229748249054,2.793938398361206,-0.4971569776535034,-0.6429117321968079,2.7171061038970947,-0.5782392621040344,-0.609883725643158,2.859626531600952,-0.47267723083496094,-0.6589312553405762,2.90322208404541,-0.2696229815483093,1.0361487865447998,2.8900654315948486,-0.23639985918998718,1.0178436040878296,2.824861764907837
-0.3518412411212921,0.1272698938846588,2.850170612335205,-0.366925984621048,-0.056200772523880005,2.838589668273926,-0.382112979888916,-0.23968951404094696,2.8274364471435547,-0.3973004221916199,-0.42318373918533325,2.8162829875946045,-0.39985862374305725,-0.42092281579971313,2.765991449356079,-0.4064900875091553,-0.4121954143047333,2.6314406394958496,-0.38103264570236206,-0.1508525013923645,2.6912431716918945,-0.42691856622695923,0.09704053401947021,2.7503747940063477,-0.4360957443714142,0.14661914110183716,2.7622010707855225,-0.4544501006603241,0.24577635526657104,2.785853624343872,-0.443193644285202,0.1821504682302475,2.8345303535461426,-0.39490729570388794,-0.42743903398513794,2.866453170776367,-0.3882758319377899,-0.4361664354801178,3.0010039806365967,-0.3918432295322418,-0.18024376034736633,2.917245864868164,-0.40832749009132385,0.06553046405315399,2.8373939990997314,-0.41162434220314026,0.1146853119134903,2.8214235305786133,-0.41821804642677307,0.2129949927330017,2.789482831954956,-0.41756317019462585,0.14449390769004822,2.746453285217285,-0.35497650504112244,0.13382990658283234,2.750328540802002,-0.3758903443813324,0.5633782744407654,2.8284482955932617,-0.32942697405815125,0.9433414340019226,2.8949596881866455,-0.43344298005104065,1.051257848739624,2.9185242652893066,-0.3487059772014618,0.12070988863706589,2.950012683868408,-0.36695078015327454,0.5550244450569153,2.904297351837158,-0.29733699560165405,0.9349989891052246,2.862729549407959,-0.3945862054824829,1.0509846210479736,2.8522183895111084,-0.5589168071746826,-0.5091985464096069,2.8216781616210938,-0.5922809839248657,-0.5533227324485779,2.820786237716675,-0.5873122215270996,-0.6048775911331177,2.783116340637207,-0.4929381012916565,-0.6428911685943604,2.71205472946167,-0.5824356079101562,-0.6098994016647339,2.8491368293762207,-0.47912105917930603,-0.6571197509765625,2.8991129398345947,-0.27926719188690186,1.034023642539978,2.9092752933502197,-0.24171599745750427,1.0229952335357666,2.852377414703369
-0.3585735261440277,0.1275043487548828,2.851126194000244,-0.3730025291442871,-0.055965229868888855,2.840703010559082,-0.38758766651153564,-0.23945352435112,2.830841541290283,-0.40217325091362,-0.42294731736183167,2.8209798336029053,-0.400908499956131,-0.42134910821914673,2.7706472873687744,-0.3973081111907959,-0.4143965244293213,2.635958671569824,-0.3687226176261902,-0.15438786149024963,2.6998534202575684,-0.41278204321861267,0.0941552221775055,2.7574667930603027,-0.42159393429756165,0.14386384189128876,2.7689895629882812,-0.4392177164554596,0.24328108131885529,2.792034864425659,-0.43333426117897034,0.17906400561332703,2.8408617973327637,-0.40359652042388916,-0.42653989791870117,2.8712048530578613,-0.40719690918922424,-0.4334924817085266,3.0058932304382324,-0.40730997920036316,-0.18062272667884827,2.91336727142334,-0.42049112915992737,0.0620516836643219,2.824094772338867,-0.42312735319137573,0.11058656871318817,2.8062403202056885,-0.42839980125427246,0.20765633881092072,2.770531415939331,-0.4236352741718292,0.13778269290924072,2.730065107345581,-0.354240745306015,0.1328345090150833,2.7513067722320557,-0.3823964595794678,0.5613888502120972,2.832313299179077,-0.3411862850189209,0.940566897392273,2.9061381816864014,-0.44671332836151123,1.048205852508545,2.9232804775238037,-0.3629063069820404,0.12217419594526291,2.9509456157684326,-0.3768273890018463,0.557072639465332,2.909919023513794,-0.3062531054019928,0.9377995729446411,2.8784444332122803,-0.40304839611053467,1.0535295009613037,2.8625309467315674,-0.5626577138900757,-0.5107686519622803,2.8209354877471924,-0.5953962206840515,-0.5552545189857483,2.8192529678344727,-0.5883094668388367,-0.6071299314498901,2.7825026512145996,-0.4908148944377899,-0.6447827816009521,2.7158560752868652,-0.5860480070114136,-0.611295759677887,2.848644495010376,-0.48440754413604736,-0.6565859317779541,2.9032585620880127,-0.2922738790512085,1.031079888343811,2.925032377243042,-0.25046324729919434,1.0261319875717163,2.8732573986053467
-0.36199837923049927,0.12708532810211182,2.849376916885376,-0.3766014277935028,-0.056275203824043274,2.8394572734832764,-0.39144352078437805,-0.23965074121952057,2.830191135406494,-0.4062860608100891,-0.4230317771434784,2.820924758911133,-0.4018280804157257,-0.42186519503593445,2.770796060562134,-0.3896690905094147,-0.4160701036453247,2.6366357803344727,-0.35811617970466614,-0.15786156058311462,2.7059385776519775,-0.4006443917751312,0.09079885482788086,2.7639217376708984,-0.40915003418922424,0.14053094387054443,2.7755184173583984,-0.4261613190174103,0.23999512195587158,2.7987117767333984,-0.424839049577713,0.17508742213249207,2.8469269275665283,-0.4109053313732147,-0.4261914789676666,2.870952844619751,-0.42306432127952576,-0.43198657035827637,3.005113124847412,-0.41564998030662537,-0.18101489543914795,2.908013343811035,-0.4215637147426605,0.05989795923233032,2.813521385192871,-0.4227464497089386,0.10808053612709045,2.7946228981018066,-0.42511194944381714,0.20444568991661072,2.756826162338257,-0.4182499647140503,0.13379497826099396,2.718085289001465,-0.3515101969242096,0.13162493705749512,2.7500247955322266,-0.3864959478378296,0.5590463280677795,2.8338394165039062,-0.35040485858917236,0.9373421669006348,2.914177656173706,-0.4569309949874878,1.0446428060531616,2.926244020462036,-0.37248656153678894,0.12254571914672852,2.9487290382385254,-0.38467463850975037,0.5578917264938354,2.9131875038146973,-0.3157486319541931,0.939501166343689,2.891096830368042,-0.4124361276626587,1.0546391010284424,2.871056079864502,-0.5663393139839172,-0.5111360549926758,2.8152518272399902,-0.5988723039627075,-0.555664598941803,2.812546968460083,-0.5903072357177734,-0.6076474785804749,2.7763612270355225,-0.4903791546821594,-0.6453548073768616,2.713660478591919,-0.5905291438102722,-0.6115031242370605,2.8425045013427734,-0.4910080134868622,-0.6562790274620056,2.901066303253174,-0.30286580324172974,1.0276739597320557,2.9369349479675293,-0.2605441212654114,1.0283249616622925,2.890413522720337
-0.3648259937763214,0.12677016854286194,2.8481616973876953,-0.3800845742225647,-0.056421324610710144,2.8385651111602783,-0.39566102623939514,-0.2396201640367508,2.8296427726745605,-0.4112379550933838,-0.422824501991272,2.8207201957702637,-0.40400001406669617,-0.42202091217041016,2.7709462642669678,-0.3843737840652466,-0.4171987473964691,2.637669801712036,-0.3497048616409302,-0.1611301600933075,2.712658405303955,-0.3902006447315216,0.08749829232692719,2.771637201309204,-0.39829981327056885,0.1372239887714386,2.783432960510254,-0.41449812054634094,0.23667536675930023,2.8070244789123535,-0.41740888357162476,0.1711532473564148,2.854259967803955,-0.4186451733112335,-0.4256192445755005,2.8703973293304443,-0.4382714033126831,-0.43044140934944153,3.003673791885376,-0.4223502576351166,-0.18067683279514313,2.9048783779144287,-0.4200175106525421,0.059220850467681885,2.808037519454956,-0.41955095529556274,0.10720038414001465,2.7886693477630615,-0.4186178743839264,0.20315945148468018,2.7499330043792725,-0.4105148911476135,0.13208794593811035,2.712303400039673,-0.34887346625328064,0.1306062638759613,2.749568462371826,-0.38974493741989136,0.557213306427002,2.834427833557129,-0.3575400114059448,0.9347587823867798,2.9194529056549072,-0.4644284248352051,1.0420866012573242,2.9267797470092773,-0.3807785212993622,0.12293407320976257,2.9467549324035645,-0.39431726932525635,0.5584854483604431,2.9154999256134033,-0.329802542924881,0.9411506652832031,2.9009311199188232,-0.42691701650619507,1.0551352500915527,2.876964807510376,-0.5713968873023987,-0.5100381374359131,2.809842109680176,-0.6040424108505249,-0.5543732643127441,2.8061180114746094,-0.594559907913208,-0.6064295768737793,2.770329713821411,-0.49285590648651123,-0.644745409488678,2.71108078956604,-0.5970062017440796,-0.6101779937744141,2.8363983631134033,-0.49978703260421753,-0.6553658843040466,2.898275136947632,-0.31117555499076843,1.0248312950134277,2.94535231590271,-0.2759261429309845,1.0307109355926514,2.9040637016296387
-0.3679998815059662,0.12683233618736267,2.848370313644409,-0.38433602452278137,-0.056123748421669006,2.838982343673706,-0.40104395151138306,-0.2390790730714798,2.8302571773529053,-0.41775238513946533,-0.42203986644744873,2.8215317726135254,-0.4079778790473938,-0.42158615589141846,2.772231101989746,-0.3815082609653473,-0.4177010655403137,2.6400792598724365,-0.3439588248729706,-0.16373050212860107,2.719984769821167,-0.38224437832832336,0.08496265113353729,2.7793779373168945,-0.3899014890193939,0.13470128178596497,2.7912566661834717,-0.40521571040153503,0.2341785430908203,2.815013885498047,-0.4121549129486084,0.16831451654434204,2.8612470626831055,-0.4277084469795227,-0.424482136964798,2.8707375526428223,-0.4541780650615692,-0.4283672273159027,3.002889394760132,-0.4293323755264282,-0.17936189472675323,2.9045281410217285,-0.4183180034160614,0.06000199913978577,2.8074445724487305,-0.4161151349544525,0.1078747808933258,2.788027763366699,-0.41170939803123474,0.20362034440040588,2.749194383621216,-0.4028216004371643,0.13236431777477264,2.712216854095459,-0.34698793292045593,0.1299639493227005,2.750777006149292,-0.39114999771118164,0.5563642382621765,2.834696054458618,-0.3610011041164398,0.9333769083023071,2.9225363731384277,-0.4674873948097229,1.041293978691101,2.9249863624572754,-0.38901183009147644,0.12370071560144424,2.9459636211395264,-0.40516382455825806,0.5592705607414246,2.917189359664917,-0.3459044098854065,0.9428966045379639,2.908090591430664,-0.44343963265419006,1.0555460453033447,2.880012035369873,-0.5784084796905518,-0.507425844669342,2.805596351623535,-0.6114109754562378,-0.5513828992843628,2.800910472869873,-0.6013549566268921,-0.6036326289176941,2.7655985355377197,-0.4982299208641052,-0.6432675719261169,2.7098562717437744,-0.6060218214988708,-0.607158362865448,2.8315393924713135,-0.5114525556564331,-0.6532572507858276,2.896688938140869,-0.3154560327529907,1.0230754613876343,2.9509997367858887,-0.29363954067230225,1.0332221984863281,2.914417266845703
-0.3726692199707031,0.1280277669429779,2.855022668838501,-0.39003702998161316,-0.054704517126083374,2.846456289291382,-0.40775084495544434,-0.2374291867017746,2.838453531265259,-0.4254651963710785,-0.42015933990478516,2.8304505348205566,-0.41319677233695984,-0.420220285654068,2.7817559242248535,-0.37995052337646484,-0.4177141487598419,2.65094256401062,-0.33896154165267944,-0.16518378257751465,2.733091354370117,-0.3738781809806824,0.08432506024837494,2.790355920791626,-0.3808615207672119,0.13422682881355286,2.8018088340759277,-0.3948281705379486,0.2340303659439087,2.8247146606445312,-0.40597113966941833,0.16846555471420288,2.870455026626587,-0.43792617321014404,-0.42208442091941833,2.879058361053467,-0.47117242217063904,-0.4245905578136444,3.0098717212677,-0.4457443952560425,-0.17414668202400208,2.91589617729187,-0.4389135539531708,0.066165030002594,2.821256399154663,-0.43754738569259644,0.11422736942768097,2.80232834815979,-0.43481504917144775,0.2103520631790161,2.764472484588623,-0.4219414293766022,0.1398254781961441,2.727386474609375,-0.34665465354919434,0.130071222782135,2.75869083404541,-0.38983798027038574,0.5574972629547119,2.8376450538635254,-0.3599904179573059,0.9347425699234009,2.924501895904541,-0.4652472138404846,1.043815016746521,2.9208385944366455,-0.3986837863922119,0.1259843111038208,2.951354503631592,-0.41624364256858826,0.5613839030265808,2.921180486679077,-0.360262393951416,0.9455275535583496,2.914201498031616,-0.4573327302932739,1.057178020477295,2.881024122238159,-0.586095929145813,-0.5043829083442688,2.809262275695801,-0.6192552447319031,-0.5481055974960327,2.8036770820617676,-0.6083471775054932,-0.6006721258163452,2.7691140174865723,-0.5036049485206604,-0.6414986848831177,2.717437744140625,-0.615433394908905,-0.6036955118179321,2.8348536491394043,-0.523682713508606,-0.6500650644302368,2.903700351715088,-0.31495562195777893,1.0241334438323975,2.9546751976013184,-0.30924519896507263,1.0363585948944092,2.9229342937469482
-0.3770246207714081,0.1297483742237091,2.8647549152374268,-0.3955833911895752,-0.05274425446987152,2.8574376106262207,-0.4144742488861084,-0.23522640764713287,2.850734233856201,-0.43336567282676697,-0.41771402955055237,2.8440306186676025,-0.4185257852077484,-0.41849374771118164,2.7961137294769287,-0.3782041370868683,-0.41792169213294983,2.6669106483459473,-0.3335144519805908,-0.16607654094696045,2.7491796016693115,-0.3635505437850952,0.08493998646736145,2.802410125732422,-0.36955776810646057,0.13514329493045807,2.813056230545044,-0.3815722167491913,0.2355498969554901,2.834348440170288,-0.3972589373588562,0.17082440853118896,2.8799428939819336,-0.44841086864471436,-0.4189177453517914,2.8918747901916504,-0.4887325167655945,-0.4194898009300232,3.021077871322632,-0.4640331268310547,-0.16789844632148743,2.9300665855407715,-0.46296119689941406,0.07266610860824585,2.8358726501464844,-0.462746798992157,0.12077902257442474,2.8170337677001953,-0.4623180329799652,0.21700483560562134,2.7793562412261963,-0.44493091106414795,0.14714720845222473,2.742861032485962,-0.34579530358314514,0.1303701400756836,2.7700414657592773,-0.383648544549942,0.55954909324646,2.841825008392334,-0.35216623544692993,0.9373796582221985,2.9254488945007324,-0.4551658034324646,1.0481081008911133,2.9145796298980713,-0.408253937959671,0.12912660837173462,2.959468364715576,-0.4257443845272064,0.5643091201782227,2.926443099975586,-0.3714889883995056,0.948706865310669,2.9205472469329834,-0.46722063422203064,1.0596587657928467,2.881649971008301,-0.5933355093002319,-0.5015507936477661,2.8171560764312744,-0.6264318227767944,-0.5452063083648682,2.810760021209717,-0.6143090724945068,-0.5982909202575684,2.777421474456787,-0.5076577067375183,-0.6402660608291626,2.730837106704712,-0.6242083311080933,-0.6003692746162415,2.842830181121826,-0.5357056260108948,-0.6461547613143921,2.91616153717041,-0.3073389530181885,1.0264136791229248,2.956946611404419,-0.32149332761764526,1.0398554801940918,2.9315476417541504
-0.38216277956962585,0.13091695308685303,2.8816301822662354,-0.4019107222557068,-0.05138774216175079,2.8764853477478027,-0.42197367548942566,-0.23367474973201752,2.8719701766967773,-0.4420372247695923,-0.4159672260284424,2.867454767227173,-0.42465540766716003,-0.41771966218948364,2.8204662799835205,-0.37719595432281494,-0.4197867214679718,2.6930346488952637,-0.3280925750732422,-0.1675194501876831,2.7720277309417725,-0.35224685072898865,0.08573296666145325,2.818025588989258,-0.3570777177810669,0.13638344407081604,2.8272252082824707,-0.366739422082901,0.23768441379070282,2.8456242084503174,-0.38701003789901733,0.1745849847793579,2.891784429550171,-0.4596370756626129,-0.4161960482597351,2.9143943786621094,-0.507096529006958,-0.41412898898124695,3.041826009750366,-0.4841873049736023,-0.16040566563606262,2.9558639526367188,-0.4891067445278168,0.08113263547420502,2.863825559616089,-0.49009063839912415,0.1294402927160263,2.8454179763793945,-0.4920584261417389,0.22605562210083008,2.8086025714874268,-0.4701780080795288,0.15731754899024963,2.772277355194092,-0.34572485089302063,0.1295878291130066,2.7888643741607666,-0.3754115700721741,0.5610783100128174,2.849653482437134,-0.34141626954078674,0.9402071237564087,2.926008701324463,-0.44143396615982056,1.0524768829345703,2.906580686569214,-0.4186007082462311,0.13224607706069946,2.974395990371704,-0.4338628649711609,0.567113995552063,2.9367446899414062,-0.37885886430740356,0.9513819217681885,2.9306483268737793,-0.47214213013648987,1.0620791912078857,2.885594606399536,-0.6007716655731201,-0.5004861950874329,2.835860252380371,-0.6335868239402771,-0.5442939400672913,2.8290882110595703,-0.620105504989624,-0.5981146693229675,2.7975032329559326,-0.5116260647773743,-0.6410747766494751,2.756371259689331,-0.6327204704284668,-0.5987082123756409,2.8624701499938965,-0.547368586063385,-0.642756462097168,2.9404447078704834,-0.29674527049064636,1.0291601419448853,2.9579365253448486,-0.3294297754764557,1.0425721406936646,2.943634033203125
-0.3880811035633087,0.1313038468360901,2.9055845737457275,-0.4089825451374054,-0.05084390938282013,2.9028754234313965,-0.43019989132881165,-0.23296378552913666,2.9008288383483887,-0.45141786336898804,-0.41508913040161133,2.8987820148468018,-0.43152493238449097,-0.4178940951824188,2.8528764247894287,-0.3768160045146942,-0.4228575527667999,2.727386236190796,-0.32254305481910706,-0.16962465643882751,2.8009636402130127,-0.3399781286716461,0.08604001998901367,2.837692975997925,-0.3434651494026184,0.13717295229434967,2.845038890838623,-0.350439190864563,0.23943883180618286,2.8597307205200195,-0.375258207321167,0.17855435609817505,2.9068262577056885,-0.4715414345264435,-0.41426360607147217,2.9446654319763184,-0.5262503623962402,-0.40930014848709106,3.070155620574951,-0.506188154220581,-0.1519860029220581,2.9935200214385986,-0.5165255665779114,0.09208077192306519,2.907834529876709,-0.5185930728912354,0.14089412987232208,2.890697479248047,-0.5227280259132385,0.23852083086967468,2.8564233779907227,-0.49660465121269226,0.1716415286064148,2.8191990852355957,-0.3464483916759491,0.12787190079689026,2.8151233196258545,-0.3657219111919403,0.5614829659461975,2.863771677017212,-0.328669935464859,0.9420589804649353,2.930931329727173,-0.4250602126121521,1.0555123090744019,2.9022560119628906,-0.42971381545066833,0.13473579287528992,2.9960458278656006,-0.4411800801753998,0.5692697763442993,2.953555107116699,-0.38398268818855286,0.953210175037384,2.9472620487213135,-0.47399309277534485,1.0639206171035767,2.8960142135620117,-0.6085310578346252,-0.5009180903434753,2.8629884719848633,-0.6409505605697632,-0.5449908971786499,2.856071949005127,-0.6260706782341003,-0.5996095538139343,2.826564311981201,-0.515908420085907,-0.6433436274528503,2.791151523590088,-0.6413629055023193,-0.5984635949134827,2.8909404277801514,-0.5592362880706787,-0.6400967836380005,2.9735500812530518,-0.2841891944408417,1.0310999155044556,2.962876319885254,-0.334913432598114,1.044286847114563,2.962246894836426
-0.3941669464111328,0.13104656338691711,2.932504415512085,-0.4156855344772339,-0.05101357400417328,2.9318485260009766,-0.4376150369644165,-0.23302577435970306,2.9320228099823,-0.45954519510269165,-0.4150434136390686,2.932197093963623,-0.4370993673801422,-0.41879403591156006,2.887564182281494,-0.374725878238678,-0.4264272153377533,2.764188766479492,-0.3141414225101471,-0.17213201522827148,2.830976963043213,-0.3232146203517914,0.08580085635185242,2.857309341430664,-0.32502925395965576,0.13738742470741272,2.8625757694244385,-0.3286585509777069,0.24056056141853333,2.8731086254119873,-0.3581960201263428,0.18242019414901733,2.9212357997894287,-0.48222941160202026,-0.41327109932899475,2.9768319129943848,-0.5446028709411621,-0.4056379199028015,3.1002073287963867,-0.5278853178024292,-0.14442101120948792,3.034759521484375,-0.543114423751831,0.10265344381332397,2.957123279571533,-0.5461602210998535,0.1520683318376541,2.941596031188965,-0.5522518754005432,0.2508981227874756,2.910541534423828,-0.5219154953956604,0.1862446367740631,2.8722190856933594,-0.3472544550895691,0.12581788003444672,2.8447577953338623,-0.3564581871032715,0.5609962940216064,2.880636692047119,-0.3170885443687439,0.9430370926856995,2.937317371368408,-0.4095412790775299,1.0568888187408447,2.8989148139953613,-0.44107943773269653,0.1362752467393875,3.0202510356903076,-0.4497774839401245,0.5710784792900085,2.9799673557281494,-0.3899418115615845,0.954662561416626,2.980851173400879,-0.47597792744636536,1.0664414167404175,2.925283670425415,-0.6145107746124268,-0.5027377605438232,2.891939401626587,-0.6463941335678101,-0.5471678972244263,2.8848648071289062,-0.6299747228622437,-0.6025222539901733,2.8576483726501465,-0.518162190914154,-0.6466327905654907,2.8284685611724854,-0.6481345295906067,-0.5996116995811462,2.9212112426757812,-0.5696149468421936,-0.638386070728302,3.008563995361328,-0.2731477618217468,1.0324335098266602,2.9690117835998535,-0.34131789207458496,1.0452642440795898,2.9996683597564697
-0.3994881510734558,0.13031315803527832,2.9564993381500244,-0.4211902916431427,-0.051716357469558716,2.9569835662841797,-0.44344744086265564,-0.23367290198802948,2.958533525466919,-0.4657052457332611,-0.4156349003314972,2.9600837230682373,-0.44067034125328064,-0.420068621635437,2.916917324066162,-0.3702664375305176,-0.42970988154411316,2.79608416557312,-0.3040584325790405,-0.17479881644248962,2.857542037963867,-0.3054576516151428,0.0846656858921051,2.8748185634613037,-0.3057374954223633,0.13655859231948853,2.8782739639282227,-0.3062971830368042,0.24034440517425537,2.8851845264434814,-0.3402724266052246,0.1848015934228897,2.9337706565856934,-0.4909820556640625,-0.41317886114120483,3.0032665729522705,-0.561385989189148,-0.4035376012325287,3.1240997314453125,-0.5489225387573242,-0.13893264532089233,3.069610118865967,-0.5690606236457825,0.11074468493461609,2.999767780303955,-0.5730882287025452,0.1606801450252533,2.9857993125915527,-0.5811434984207153,0.2605510652065277,2.957862377166748,-0.5465149283409119,0.1982656866312027,2.918858051300049,-0.34724462032318115,0.12385959923267365,2.8719286918640137,-0.346431702375412,0.5598552227020264,2.896998643875122,-0.30484738945961,0.9429147243499756,2.9442169666290283,-0.3928442597389221,1.0567116737365723,2.8963887691497803,-0.45173168182373047,0.136766716837883,3.041069984436035,-0.45903581380844116,0.5723972916603088,3.011169672012329,-0.39688313007354736,0.9552249908447266,3.027705430984497,-0.47840213775634766,1.0693529844284058,2.9701712131500244,-0.6181408166885376,-0.5051252841949463,2.914489507675171,-0.649455726146698,-0.549885630607605,2.90697979927063,-0.6314921975135803,-0.6058131456375122,2.8820056915283203,-0.5182029008865356,-0.6500439047813416,2.859471321105957,-0.6527692675590515,-0.6014133095741272,2.9445059299468994,-0.5784879326820374,-0.6375777125358582,3.036555051803589,-0.2616536617279053,1.032668948173523,2.9758992195129395,-0.34899255633354187,1.044791579246521,3.0523955821990967
-0.403331995010376,0.12869420647621155,2.980513572692871,-0.4251801669597626,-0.05330665409564972,2.981837749481201,-0.44772449135780334,-0.23521052300930023,2.9843173027038574,-0.47026950120925903,-0.4171198010444641,2.9867968559265137,-0.44257158041000366,-0.4221213757991791,2.9453561305999756,-0.3636637330055237,-0.43350353837013245,2.8277783393859863,-0.2930784821510315,-0.17799490690231323,2.8845081329345703,-0.28888630867004395,0.08250501751899719,2.8924734592437744,-0.2880478799343109,0.13460500538349152,2.894066572189331,-0.28637102246284485,0.23880498111248016,2.8972527980804443,-0.32428309321403503,0.18576116859912872,2.9460387229919434,-0.49821245670318604,-0.414095401763916,3.0282647609710693,-0.577120304107666,-0.40271323919296265,3.1458425521850586,-0.5688540935516357,-0.13497614860534668,3.1042041778564453,-0.5926180481910706,0.11755937337875366,3.044184923171997,-0.5973708629608154,0.16806647181510925,3.0321810245513916,-0.6068764328956604,0.26908066868782043,3.0081732273101807,-0.5681275129318237,0.20948044955730438,2.968456745147705,-0.3456437885761261,0.12118101865053177,2.899693489074707,-0.33617979288101196,0.5575472712516785,2.913966178894043,-0.2938954830169678,0.9416574239730835,2.950775623321533,-0.3772474527359009,1.0544240474700928,2.8931965827941895,-0.46102020144462585,0.13620740175247192,3.061333656311035,-0.46845555305480957,0.5725988149642944,3.0466368198394775,-0.40490221977233887,0.9536623954772949,3.0845186710357666,-0.4814002513885498,1.0710328817367554,3.0266270637512207,-0.6200661063194275,-0.5070909857749939,2.9339849948883057,-0.6510741710662842,-0.5519020557403564,2.9255659580230713,-0.6318872570991516,-0.608426570892334,2.902960777282715,-0.5176469683647156,-0.6535186767578125,2.8883323669433594,-0.6569001078605652,-0.60257488489151,2.9639387130737305,-0.5885166525840759,-0.6369390487670898,3.061103105545044,-0.25201672315597534,1.0321052074432373,2.982238531112671,-0.3582184314727783,1.0415600538253784,3.116443157196045
-0.4069164991378784,0.12651249766349792,3.00217866897583,-0.4287002682685852,-0.05546090006828308,3.0042271614074707,-0.4512362778186798,-0.23732656240463257,3.007397413253784,-0.47377297282218933,-0.419197678565979,3.0105679035186768,-0.4435378909111023,-0.42463773488998413,2.9710075855255127,-0.35636404156684875,-0.4374210834503174,2.85735821723938,-0.2820374071598053,-0.18174853920936584,2.9108409881591797,-0.2732410132884979,0.07923346757888794,2.910543203353882,-0.2714817225933075,0.13142986595630646,2.9104835987091064,-0.267963171005249,0.2358226627111435,2.9103646278381348,-0.3094039559364319,0.18501904606819153,2.9589126110076904,-0.5042529702186584,-0.41573435068130493,3.0501625537872314,-0.5914267897605896,-0.4029510021209717,3.1638119220733643,-0.5877869129180908,-0.13277596235275269,3.1365084648132324,-0.6140666007995605,0.12256836891174316,3.088573932647705,-0.6193225383758545,0.1736372411251068,3.0789871215820312,-0.6298344135284424,0.2757749557495117,3.0598132610321045,-0.5872968435287476,0.21914398670196533,3.019331693649292,-0.3441354036331177,0.11813262104988098,2.925386428833008,-0.3270893096923828,0.5544435977935791,2.92999267578125,-0.2843846082687378,0.93930983543396,2.956719160079956,-0.3628838062286377,1.0505160093307495,2.890035390853882,-0.46969759464263916,0.13489237427711487,3.0789709091186523,-0.47797366976737976,0.5714775323867798,3.0809686183929443,-0.4136909246444702,0.9493219256401062,3.142298698425293,-0.4849400222301483,1.0703744888305664,3.085329294204712,-0.6195900440216064,-0.5104535222053528,2.949483633041382,-0.649956464767456,-0.5554699301719666,2.939908266067505,-0.6292728185653687,-0.612443208694458,2.919902801513672,-0.5143120288848877,-0.6577054262161255,2.9141721725463867,-0.6584354043006897,-0.6053131222724915,2.9788665771484375,-0.5969393253326416,-0.6375036239624023,3.0812361240386963,-0.24398331344127655,1.0305298566818237,2.987855911254883,-0.36851364374160767,1.034919261932373,3.181731700897217
-0.4102599024772644,0.12271484732627869,3.0329155921936035,-0.43158239126205444,-0.05922688543796539,3.0358848571777344,-0.45366618037223816,-0.24106039106845856,3.0397756099700928,-0.4757506549358368,-0.42289936542510986,3.043666362762451,-0.44086578488349915,-0.4288969933986664,3.0082569122314453,-0.3384222984313965,-0.4435574412345886,2.904567241668701,-0.2598437964916229,-0.18797767162322998,2.955982208251953,-0.2473752498626709,0.07306307554244995,2.9402332305908203,-0.2448815405368805,0.12527123093605042,2.9370834827423096,-0.23989412188529968,0.22968752682209015,2.930783987045288,-0.2868437170982361,0.18226629495620728,2.978080987930298,-0.5108755230903625,-0.41887804865837097,3.079118251800537,-0.6133190393447876,-0.40421760082244873,3.1828079223632812,-0.6218483448028564,-0.13224011659622192,3.1925337314605713,-0.6530005931854248,0.12739890813827515,3.1797709465026855,-0.6592310667037964,0.17932671308517456,3.177218437194824,-0.6716919541358948,0.2831823229789734,3.1721134185791016,-0.6220386624336243,0.23423683643341064,3.129347085952759,-0.33837419748306274,0.11317804455757141,2.964766502380371,-0.3101889193058014,0.5487921833992004,2.957185745239258,-0.2660776674747467,0.934118390083313,2.970770835876465,-0.3340798020362854,1.0424811840057373,2.889525890350342,-0.48214560747146606,0.13225165009498596,3.101064682006836,-0.49095219373703003,0.5679706335067749,3.1271989345550537,-0.42577889561653137,0.9368314146995544,3.228692054748535,-0.48575931787490845,1.0646538734436035,3.1736350059509277,-0.6102632284164429,-0.5182616710662842,2.965985059738159,-0.6385329961776733,-0.5639504790306091,2.9539618492126465,-0.6147677302360535,-0.6212897300720215,2.9394967555999756,-0.5000214576721191,-0.6651304960250854,2.9522669315338135,-0.6521724462509155,-0.6122795343399048,2.9932055473327637,-0.6060014963150024,-0.6396017074584961,3.1044421195983887,-0.22870653867721558,1.0264395475387573,3.002380847930908,-0.38406097888946533,1.0171774625778198,3.2808754444122314
-0.40978798270225525,0.1203714907169342,3.0402398109436035,-0.42973822355270386,-0.06169411540031433,3.043604612350464,-0.4503096044063568,-0.2436755746603012,3.047701120376587,-0.4708816111087799,-0.42566248774528503,3.051797866821289,-0.4343433380126953,-0.43155378103256226,3.0180883407592773,-0.3262883126735687,-0.4460071623325348,2.918637275695801,-0.24827295541763306,-0.1899527907371521,2.9702301025390625,-0.23724885284900665,0.0710294246673584,2.9484941959381104,-0.23504403233528137,0.1232258677482605,2.9441471099853516,-0.2306343913078308,0.2276187539100647,2.935452699661255,-0.27892303466796875,0.18090598285198212,2.982269287109375,-0.507643461227417,-0.42174917459487915,3.0855517387390137,-0.6156984567642212,-0.4072957932949066,3.1850028038024902,-0.6300716400146484,-0.13682016730308533,3.215798854827881,-0.6626153588294983,0.12309983372688293,3.225188732147217,-0.6691241264343262,0.17508383095264435,3.2270667552948,-0.6821416020393372,0.27905184030532837,3.2308225631713867,-0.6298094391822815,0.23433995246887207,3.186461925506592,-0.33481913805007935,0.11095988005399704,2.9754867553710938,-0.3048921525478363,0.5463528633117676,2.963364839553833,-0.26083675026893616,0.9318017959594727,2.9730303287506104,-0.32488203048706055,1.038958191871643,2.887105941772461,-0.48475682735443115,0.12978309392929077,3.1049928665161133,-0.49175506830215454,0.564643144607544,3.143167734146118,-0.42535823583602905,0.9278833866119385,3.262554168701172,-0.48041832447052,1.0589004755020142,3.2099215984344482,-0.5978935956954956,-0.5242913961410522,2.9665188789367676,-0.6244326233863831,-0.5705733299255371,2.9532268047332764,-0.5987661480903625,-0.6275608539581299,2.941206216812134,-0.484568327665329,-0.6690677404403687,2.9623401165008545,-0.639858603477478,-0.6185973286628723,2.9920413494110107,-0.6009969711303711,-0.6436710953712463,3.106372833251953,-0.22480319440364838,1.0245659351348877,3.0048935413360596,-0.38487258553504944,1.0052911043167114,3.3198938369750977
-0.4087395966053009,0.11834719777107239,3.0437822341918945,-0.42747196555137634,-0.06383343040943146,3.047171115875244,-0.4467182159423828,-0.24594862759113312,3.0511465072631836,-0.46596506237983704,-0.4280692934989929,3.055121898651123,-0.4280731678009033,-0.4337780475616455,3.022914409637451,-0.31535637378692627,-0.4477771520614624,2.927306652069092,-0.23925252258777618,-0.19119635224342346,2.9807920455932617,-0.22942718863487244,0.06992402672767639,2.9565787315368652,-0.22746212780475616,0.12214810401201248,2.9517359733581543,-0.22353199124336243,0.22659626603126526,2.9420506954193115,-0.27306389808654785,0.17995473742485046,2.987795114517212,-0.5040661096572876,-0.4243399500846863,3.0873725414276123,-0.6167829036712646,-0.4103408455848694,3.1829802989959717,-0.6367082595825195,-0.1424858272075653,3.2313833236694336,-0.671370267868042,0.11611494421958923,3.2595055103302,-0.6783026456832886,0.16783510148525238,3.265130043029785,-0.6921674609184265,0.2712754011154175,3.276378870010376,-0.6374525427818298,0.23026715219020844,3.2311463356018066,-0.3312727212905884,0.10923239588737488,2.9819908142089844,-0.3021000027656555,0.5446576476097107,2.9671785831451416,-0.25969362258911133,0.9303927421569824,2.9748921394348145,-0.3207378387451172,1.03652822971344,2.885545015335083,-0.4862064719200134,0.1274619996547699,3.1055736541748047,-0.49303510785102844,0.5613815784454346,3.1538729667663574,-0.42867085337638855,0.9204257726669312,3.2865149974823,-0.4804627597332001,1.0534398555755615,3.2355356216430664,-0.5863999724388123,-0.5288841128349304,2.9636597633361816,-0.611514687538147,-0.5755428075790405,2.9492990970611572,-0.5845375061035156,-0.6322149038314819,2.939335584640503,-0.47143465280532837,-0.672021746635437,2.967414617538452,-0.6285617351531982,-0.6233540773391724,2.9875385761260986,-0.5961699485778809,-0.6469161510467529,3.103989601135254,-0.22521008551120758,1.0235925912857056,3.0072455406188965,-0.3899521231651306,0.9957691431045532,3.347722053527832
-0.40672242641448975,0.11578479409217834,3.046053171157837,-0.4241564869880676,-0.06653544306755066,3.049468517303467,-0.4419613480567932,-0.24881136417388916,3.0533089637756348,-0.4597667455673218,-0.4310927391052246,3.057149648666382,-0.4207799434661865,-0.43655306100845337,3.02622652053833,-0.3042227625846863,-0.449882835149765,2.9339439868927,-0.23192554712295532,-0.19211438298225403,2.988875150680542,-0.22415587306022644,0.06930297613143921,2.9632885456085205,-0.22260193526744843,0.12158644199371338,2.9581711292266846,-0.2194940596818924,0.22615337371826172,2.947936534881592,-0.2699688673019409,0.17918477952480316,2.9925003051757812,-0.49894702434539795,-0.42761367559432983,3.0881142616271973,-0.6155042052268982,-0.4142839014530182,3.180396795272827,-0.6415238976478577,-0.14948084950447083,3.242776393890381,-0.6793275475502014,0.10689893364906311,3.2863008975982666,-0.6868882775306702,0.15817488729953766,3.2950057983398438,-0.7020097374916077,0.26072680950164795,3.312415599822998,-0.6451125144958496,0.22298669815063477,3.2668297290802,-0.3272906243801117,0.10707788914442062,2.986726760864258,-0.30036526918411255,0.5426880717277527,2.9695537090301514,-0.25995343923568726,0.928763747215271,2.976564884185791,-0.3186708688735962,1.0341851711273193,2.8847718238830566,-0.4861542284488678,0.12449169903993607,3.105379581451416,-0.49312740564346313,0.5578466057777405,3.1595187187194824,-0.4318111538887024,0.9148348569869995,3.2992913722991943,-0.4815022945404053,1.0487929582595825,3.248563051223755,-0.5740375518798828,-0.5344677567481995,2.961160182952881,-0.5977197885513306,-0.5815818309783936,2.94610857963562,-0.5695011615753174,-0.6378692984580994,2.938046932220459,-0.45744186639785767,-0.6756511330604553,2.9718987941741943,-0.6158693432807922,-0.6292212009429932,2.9839324951171875,-0.5888183116912842,-0.6511480808258057,3.101907730102539,-0.22691035270690918,1.0223151445388794,3.0094995498657227,-0.39480870962142944,0.9891782402992249,3.3627917766571045
-0.4056099057197571,0.11290165781974792,3.0464723110198975,-0.4214377999305725,-0.06960491836071014,3.0498416423797607,-0.437446266412735,-0.2520903944969177,3.0534894466400146,-0.45345520973205566,-0.43458133935928345,3.0571374893188477,-0.4135929346084595,-0.43967506289482117,3.027268886566162,-0.2939038872718811,-0.45196476578712463,2.937722682952881,-0.22643229365348816,-0.19247815012931824,2.993137836456299,-0.22115273773670197,0.06938314437866211,2.9666359424591064,-0.22009682655334473,0.12175539880990982,2.9613356590270996,-0.21798500418663025,0.22649991512298584,2.950734853744507,-0.26914387941360474,0.1790018379688263,2.9942150115966797,-0.4934915006160736,-0.431471049785614,3.087045669555664,-0.6131805777549744,-0.41918134689331055,3.1765918731689453,-0.6452061533927917,-0.15637674927711487,3.2463390827178955,-0.6873587369918823,0.09831267595291138,3.2978951930999756,-0.6957892775535583,0.1492505669593811,3.30820631980896,-0.7126502990722656,0.25112634897232056,3.328828811645508,-0.6538596153259277,0.21558929979801178,3.283611536026001,-0.32466113567352295,0.10482217371463776,2.98909854888916,-0.29964739084243774,0.5406838059425354,2.9706790447235107,-0.2604222893714905,0.9270344972610474,2.978487014770508,-0.3171631395816803,1.0323036909103394,2.885180950164795,-0.4865586757659912,0.1209811419248581,3.1038460731506348,-0.49366867542266846,0.5539798140525818,3.1621720790863037,-0.43535369634628296,0.9100841283798218,3.3058924674987793,-0.48381832242012024,1.0444890260696411,3.254964828491211,-0.5617390871047974,-0.5407323241233826,2.9576497077941895,-0.583872377872467,-0.5883568525314331,2.9420597553253174,-0.5543031692504883,-0.6440753936767578,2.935542106628418,-0.4430583715438843,-0.679375946521759,2.973992109298706,-0.6025441288948059,-0.6360353231430054,2.9794697761535645,-0.5797411203384399,-0.6565958261489868,3.098453998565674,-0.22843363881111145,1.020728349685669,3.0121917724609375,-0.39976048469543457,0.9839839339256287,3.3707752227783203
-0.4041810631752014,0.11031633615493774,3.0448498725891113,-0.41803544759750366,-0.07241374254226685,3.0480332374572754,-0.4318230450153351,-0.25514665246009827,3.051342725753784,-0.44561105966567993,-0.437885046005249,3.054652452468872,-0.40506693720817566,-0.44246935844421387,3.0256030559539795,-0.282945454120636,-0.4532664716243744,2.9382119178771973,-0.22148451209068298,-0.19159796833992004,2.9931602478027344,-0.2195274978876114,0.07081761956214905,2.9662723541259766,-0.2191360890865326,0.12330073863267899,2.960894823074341,-0.2183532863855362,0.22826698422431946,2.9501397609710693,-0.2698202431201935,0.17997391521930695,2.9926929473876953,-0.48630502820014954,-0.43528684973716736,3.083737850189209,-0.6084265112876892,-0.42448973655700684,3.171128988265991,-0.6441959142684937,-0.16234654188156128,3.2437145709991455,-0.6888046860694885,0.09173274040222168,3.2988734245300293,-0.6977264285087585,0.1425485908985138,3.3099052906036377,-0.7155699133872986,0.24418030679225922,3.3319687843322754,-0.6554445624351501,0.20962628722190857,3.287440061569214,-0.32211628556251526,0.10311945527791977,2.9888949394226074,-0.2976469099521637,0.5392385721206665,2.9704926013946533,-0.2576923370361328,0.9256505966186523,2.9810502529144287,-0.3125259578227997,1.0315914154052734,2.8872382640838623,-0.4862458407878876,0.11751321703195572,3.1008048057556152,-0.49345752596855164,0.5502744317054749,3.162473440170288,-0.4382278621196747,0.9065159559249878,3.3076069355010986,-0.48627376556396484,1.0409353971481323,3.2560911178588867,-0.547698974609375,-0.5471382141113281,2.952381134033203,-0.5681388974189758,-0.5953250527381897,2.9364266395568848,-0.5371173620223999,-0.6503251194953918,2.931424140930176,-0.4266536235809326,-0.6827050447463989,2.974032163619995,-0.5870081782341003,-0.6430937647819519,2.9735004901885986,-0.5680109262466431,-0.6622161269187927,3.0932483673095703,-0.2260962724685669,1.0191409587860107,3.0158400535583496,-0.40380266308784485,0.9804566502571106,3.373156785964966
-0.4027738571166992,0.11006927490234375,3.041015625,-0.41425907611846924,-0.07289086282253265,3.0439138412475586,-0.42539119720458984,-0.2558733820915222,3.046776533126831,-0.4365236461162567,-0.4388613700866699,3.0496392250061035,-0.3954445719718933,-0.44280338287353516,3.0212254524230957,-0.2714517116546631,-0.4516872465610504,2.9355404376983643,-0.21722528338432312,-0.18768122792243958,2.989501714706421,-0.21941198408603668,0.07526987791061401,2.962977409362793,-0.21984931826591492,0.12786009907722473,2.957672595977783,-0.22072400152683258,0.23304054141044617,2.9470627307891846,-0.27218130230903625,0.18368354439735413,2.988698720932007,-0.47772371768951416,-0.43690821528434753,3.0780842304229736,-0.6017165780067444,-0.4280243515968323,3.163769245147705,-0.6386882662773132,-0.16473764181137085,3.2335166931152344,-0.6820498108863831,0.08999991416931152,3.289016008377075,-0.6907221078872681,0.14094743132591248,3.3001158237457275,-0.7080667018890381,0.24284246563911438,3.3223154544830322,-0.6475378274917603,0.20787817239761353,3.278369426727295,-0.3198888301849365,0.10399564355611801,2.986055612564087,-0.29505473375320435,0.5403282046318054,2.9691576957702637,-0.2529786229133606,0.9265073537826538,2.9845423698425293,-0.30596816539764404,1.0338449478149414,2.891162395477295,-0.4856588840484619,0.11614290624856949,3.095975637435913,-0.4922168552875519,0.5487452745437622,3.160011053085327,-0.4395204782485962,0.9058922529220581,3.304269790649414,-0.4875664710998535,1.0399916172027588,3.251753091812134,-0.5323461294174194,-0.5516902208328247,2.945610284805298,-0.5509617328643799,-0.6005050539970398,2.929570436477661,-0.518373966217041,-0.6546169519424438,2.9260871410369873,-0.40856826305389404,-0.6835283041000366,2.972290515899658,-0.5696356296539307,-0.6483497619628906,2.96650767326355,-0.553809642791748,-0.6657714247703552,3.086815357208252,-0.22129008173942566,1.0194544792175293,3.0207972526550293,-0.4059396982192993,0.9802414178848267,3.369861602783203
-0.4015834331512451,0.1117294430732727,3.0350143909454346,-0.41031426191329956,-0.07142150402069092,3.037479877471924,-0.41838914155960083,-0.25460517406463623,3.039740800857544,-0.4264642596244812,-0.43779435753822327,3.042001962661743,-0.3849814534187317,-0.44096535444259644,3.014066457748413,-0.25959908962249756,-0.44753381609916687,2.9296834468841553,-0.21354886889457703,-0.1813563108444214,2.982496738433838,-0.22057589888572693,0.08199691772460938,2.957190990447998,-0.22198130190372467,0.1346675604581833,2.95212984085083,-0.22479210793972015,0.2400088608264923,2.942007541656494,-0.2759326696395874,0.18935972452163696,2.9826974868774414,-0.46803486347198486,-0.43661439418792725,3.0699617862701416,-0.593417227268219,-0.4300459325313568,3.1543447971343994,-0.6276841163635254,-0.16424959897994995,3.217101573944092,-0.6662347316741943,0.09239524602890015,3.2689857482910156,-0.6739448308944702,0.1437242180109024,3.279362678527832,-0.6893650889396667,0.24638216197490692,3.3001163005828857,-0.6292662620544434,0.2095644772052765,3.256884813308716,-0.31811702251434326,0.10701952129602432,2.9807071685791016,-0.2926824688911438,0.5435161590576172,2.9667017459869385,-0.24800826609134674,0.9291841983795166,2.988430976867676,-0.299392968416214,1.0383481979370117,2.8962247371673584,-0.485049843788147,0.11643936485052109,3.0893216133117676,-0.4897991418838501,0.549008309841156,3.154390335083008,-0.4386172592639923,0.9076353311538696,3.295722723007202,-0.4867718815803528,1.0411700010299683,3.2417893409729004,-0.5160006880760193,-0.5546649694442749,2.937185764312744,-0.5326958298683167,-0.6041679382324219,2.9213480949401855,-0.4984533488750458,-0.6572446227073669,2.9194345474243164,-0.38919299840927124,-0.682187557220459,2.9687774181365967,-0.5508606433868408,-0.6520337462425232,2.9583919048309326,-0.5376803278923035,-0.6674234867095947,3.0791566371917725,-0.2159886211156845,1.0213521718978882,3.026409387588501,-0.40550509095191956,0.9826661348342896,3.360811471939087
-0.4012026786804199,0.1143794059753418,3.0282185077667236,-0.4068719744682312,-0.0689096450805664,3.030150890350342,-0.41167643666267395,-0.2522263824939728,3.031775712966919,-0.41648104786872864,-0.4355486035346985,3.033400535583496,-0.3746928870677948,-0.4378851056098938,3.0058348178863525,-0.24829335510730743,-0.4419366121292114,2.922480344772339,-0.2097778469324112,-0.17399638891220093,2.9737303256988525,-0.22143299877643585,0.08953738212585449,2.9494457244873047,-0.22376403212547302,0.1422441452741623,2.9445888996124268,-0.22842609882354736,0.2476576566696167,2.934875011444092,-0.27907371520996094,0.19584569334983826,2.9748682975769043,-0.4583214223384857,-0.43520456552505493,3.060983896255493,-0.5847209692001343,-0.4311530590057373,3.144338369369507,-0.6121079325675964,-0.16201987862586975,3.1964848041534424,-0.6422390937805176,0.09740811586380005,3.240811347961426,-0.6482653021812439,0.1492937207221985,3.2496767044067383,-0.6603177785873413,0.25306493043899536,3.2674074172973633,-0.6013971567153931,0.2130012810230255,3.2253074645996094,-0.3173300623893738,0.11121707409620285,2.9743354320526123,-0.291530579328537,0.5478568077087402,2.9639623165130615,-0.24449294805526733,0.9328539371490479,2.9925291538238525,-0.2946164608001709,1.0439201593399048,2.9018771648406982,-0.48507529497146606,0.11754173785448074,3.082101583480835,-0.48889169096946716,0.5498815774917603,3.1491477489471436,-0.43973296880722046,0.909644365310669,3.2884514331817627,-0.4882641136646271,1.0426549911499023,3.233508586883545,-0.5000394582748413,-0.5566704869270325,2.9287595748901367,-0.514835000038147,-0.606866717338562,2.9133944511413574,-0.4789556562900543,-0.6588146686553955,2.9130351543426514,-0.37012913823127747,-0.679523229598999,2.9649505615234375,-0.5322561264038086,-0.6546604633331299,2.9507882595062256,-0.5211471319198608,-0.6677530407905579,3.071918249130249,-0.2121059000492096,1.0241641998291016,3.032268762588501,-0.4071696698665619,0.985228419303894,3.3532001972198486
-0.4011870324611664,0.11777189373970032,3.0181195735931396,-0.4035276472568512,-0.0655965656042099,3.0195021629333496,-0.4048415422439575,-0.24897778034210205,3.0204949378967285,-0.40615546703338623,-0.43236446380615234,3.0214877128601074,-0.36413323879241943,-0.43380987644195557,2.99421763420105,-0.23697783052921295,-0.43516767024993896,2.91169810295105,-0.20568546652793884,-0.16581860184669495,2.9615297317504883,-0.2220635861158371,0.09775742888450623,2.9383745193481445,-0.22533920407295227,0.15047264099121094,2.933743476867676,-0.2318904548883438,0.25590306520462036,2.9244813919067383,-0.2818734645843506,0.2029360979795456,2.9639174938201904,-0.4481920003890991,-0.43291229009628296,3.0487687587738037,-0.5753474235534668,-0.43155449628829956,3.1312882900238037,-0.5933239459991455,-0.15871325135231018,3.1665844917297363,-0.6145604252815247,0.10406437516212463,3.194399118423462,-0.6188077330589294,0.15661990642547607,3.1999621391296387,-0.627302348613739,0.26173096895217896,3.211087942123413,-0.5697557330131531,0.21706435084342957,3.1716887950897217,-0.3169938325881958,0.11629362404346466,2.9645912647247314,-0.29309698939323425,0.5531590580940247,2.9599528312683105,-0.246043398976326,0.9374804496765137,2.996659994125366,-0.2956541180610657,1.0504151582717896,2.9080464839935303,-0.48538023233413696,0.11925016343593597,3.071647882461548,-0.4879249036312103,0.5515784025192261,3.138951301574707,-0.4401293098926544,0.9128326177597046,3.2748754024505615,-0.48905831575393677,1.0451534986495972,3.2186174392700195,-0.4841438829898834,-0.5574012994766235,2.9174246788024902,-0.49711158871650696,-0.6082041263580322,2.902578830718994,-0.4596669673919678,-0.6589592099189758,2.9035415649414062,-0.3511953055858612,-0.6755005717277527,2.9574074745178223,-0.5136256217956543,-0.6559445261955261,2.9403579235076904,-0.504078209400177,-0.6669589281082153,3.0617198944091797,-0.21382196247577667,1.0279426574707031,3.03843355178833,-0.4078877866268158,0.9891437292098999,3.3389360904693604
-0.4011118710041046,0.12128639221191406,3.0073046684265137,-0.3999663293361664,-0.062098607420921326,3.007964849472046,-0.39770784974098206,-0.24547436833381653,3.008171796798706,-0.39544931054115295,-0.42885562777519226,3.008378744125366,-0.3533078730106354,-0.4293639361858368,2.9812588691711426,-0.22578303515911102,-0.427886039018631,2.899163246154785,-0.20142754912376404,-0.1574707329273224,2.9479689598083496,-0.22282996773719788,0.10600537061691284,2.9260447025299072,-0.22711044549942017,0.1587005853652954,2.9216599464416504,-0.23567141592502594,0.26409101486206055,2.9128901958465576,-0.2847624123096466,0.20994538068771362,2.9519453048706055,-0.43756619095802307,-0.43034040927886963,3.03550124168396,-0.5650910139083862,-0.43181830644607544,3.1175968647003174,-0.5775007009506226,-0.15695512294769287,3.137493371963501,-0.5946871042251587,0.10751268267631531,3.148439645767212,-0.5981243848800659,0.16040624678134918,3.1506288051605225,-0.6049989461898804,0.2661933898925781,3.1550073623657227,-0.5480991005897522,0.21819010376930237,3.118605852127075,-0.3167610168457031,0.12162123620510101,2.953947067260742,-0.2966669201850891,0.5586959719657898,2.9564592838287354,-0.2522468864917755,0.9425272941589355,3.000788688659668,-0.30239632725715637,1.0568453073501587,2.9142768383026123,-0.4854627251625061,0.12095154821872711,3.060662269592285,-0.486886590719223,0.5536394715309143,3.1256513595581055,-0.4392770826816559,0.9164338111877441,3.2574784755706787,-0.48852941393852234,1.0480597019195557,3.19988751411438,-0.46897369623184204,-0.5570141077041626,2.9050941467285156,-0.4804028868675232,-0.6082743406295776,2.890709400177002,-0.4416249394416809,-0.6579344272613525,2.892570972442627,-0.3333243429660797,-0.6709001064300537,2.94754695892334,-0.4959447681903839,-0.6560009121894836,2.928839921951294,-0.4872305393218994,-0.6654219627380371,3.050309419631958,-0.2207237184047699,1.032365083694458,3.0444023609161377,-0.40698981285095215,0.9934899806976318,3.320617914199829
-0.40144121646881104,0.12415957450866699,2.997692823410034,-0.3968035578727722,-0.05917711555957794,2.9977760314941406,-0.3910275101661682,-0.2424810230731964,2.9973649978637695,-0.38525131344795227,-0.42579036951065063,2.9969539642333984,-0.3431115746498108,-0.42539888620376587,2.9698264598846436,-0.2156093418598175,-0.4211970269680023,2.887692451477051,-0.1976601928472519,-0.14988398551940918,2.9350674152374268,-0.22408005595207214,0.11331695318222046,2.9136786460876465,-0.2293640375137329,0.16595713794231415,2.9094009399414062,-0.23993198573589325,0.27123749256134033,2.900845527648926,-0.2879880964756012,0.21606425940990448,2.9398391246795654,-0.4273282289505005,-0.4281742572784424,3.0240769386291504,-0.5548304319381714,-0.43237611651420593,3.106210947036743,-0.5669207572937012,-0.1567676067352295,3.1146421432495117,-0.5854921340942383,0.10795515775680542,3.1119656562805176,-0.5892063975334167,0.16089971363544464,3.1114304065704346,-0.5966349840164185,0.2667888402938843,3.1103599071502686,-0.5394923090934753,0.21724362671375275,3.0763895511627197,-0.31710124015808105,0.12626880407333374,2.9443085193634033,-0.30184847116470337,0.5634301900863647,2.9542508125305176,-0.2616931200027466,0.9469274878501892,3.0050432682037354,-0.31315433979034424,1.062122106552124,2.9204885959625244,-0.485781192779541,0.12205033749341965,3.051077127456665,-0.48730114102363586,0.5555227398872375,3.1105833053588867,-0.43912482261657715,0.9198637008666992,3.237851619720459,-0.48876723647117615,1.0507793426513672,3.1789937019348145,-0.45543372631073,-0.5569252967834473,2.8952438831329346,-0.46557262539863586,-0.6086006164550781,2.8814899921417236,-0.42560282349586487,-0.6572381854057312,2.883998394012451,-0.3171335458755493,-0.6668431758880615,2.9392006397247314,-0.47997111082077026,-0.6561996340751648,2.9201748371124268,-0.47117704153060913,-0.6639004945755005,3.0417003631591797,-0.23115426301956177,1.0363616943359375,3.050158977508545,-0.4065185785293579,0.9976721405982971,3.299893617630005
-0.40165457129478455,0.12589582800865173,2.9877500534057617,-0.393402636051178,-0.05732782185077667,2.9870471954345703,-0.3841232359409332,-0.24050001800060272,2.9858896732330322,-0.374843567609787,-0.4236776828765869,2.984732151031494,-0.3327874541282654,-0.42237308621406555,2.957495927810669,-0.20555077493190765,-0.41540610790252686,2.8750154972076416,-0.19422179460525513,-0.14343321323394775,2.9215030670166016,-0.22614295780658722,0.11936503648757935,2.900921583175659,-0.23252719640731812,0.1719246804714203,2.8968052864074707,-0.2452956587076187,0.2770439684391022,2.8885726928710938,-0.29214197397232056,0.2207469642162323,2.9275264739990234,-0.41679883003234863,-0.42697322368621826,3.011955738067627,-0.5440354943275452,-0.43394020199775696,3.0944361686706543,-0.5603829026222229,-0.15829798579216003,3.0980162620544434,-0.584199070930481,0.1060062050819397,3.088986396789551,-0.5889623165130615,0.15886704623699188,3.0871803760528564,-0.5984887480735779,0.26458871364593506,3.0835683345794678,-0.5404590368270874,0.21533885598182678,3.0505785942077637,-0.31742995977401733,0.12989434599876404,2.934246301651001,-0.3074946403503418,0.5667919516563416,2.952806234359741,-0.2726019322872162,0.9497730731964111,3.010047197341919,-0.3258119523525238,1.0656249523162842,2.927583694458008,-0.48587918281555176,0.12189731746912003,3.0412538051605225,-0.49149206280708313,0.5560731887817383,3.094003438949585,-0.4437222182750702,0.921104907989502,3.219057321548462,-0.49419230222702026,1.0515098571777344,3.1598920822143555,-0.4424615502357483,-0.5573168992996216,2.884702444076538,-0.4515215754508972,-0.6093196868896484,2.87153959274292,-0.4105232357978821,-0.657034158706665,2.874433994293213,-0.30175304412841797,-0.6637055277824402,2.929354190826416,-0.46476608514785767,-0.6567783355712891,2.910759210586548,-0.45544108748435974,-0.6629807949066162,3.032275676727295,-0.24323436617851257,1.038816213607788,3.0566153526306152,-0.4109755754470825,0.9993138313293457,3.280463695526123
-0.4016110599040985,0.12735581398010254,2.976675271987915,-0.3897932171821594,-0.055687546730041504,2.9750254154205322,-0.3770979642868042,-0.23866823315620422,2.9729881286621094,-0.36440232396125793,-0.4216544032096863,2.9709506034851074,-0.32245001196861267,-0.41943857073783875,2.943603038787842,-0.19554147124290466,-0.4097113609313965,2.860771656036377,-0.19109050929546356,-0.13745614886283875,2.9072422981262207,-0.2288094013929367,0.12476325035095215,2.8881638050079346,-0.23635317385196686,0.1772071272134781,2.884348154067993,-0.25144073367118835,0.28209489583969116,2.8767168521881104,-0.2969772219657898,0.22455698251724243,2.9154605865478516,-0.40621668100357056,-0.4258590638637543,2.9982762336730957,-0.5331252217292786,-0.43558627367019653,3.0811076164245605,-0.5546767115592957,-0.16022250056266785,3.0846545696258545,-0.5838693380355835,0.10359907150268555,3.0750789642333984,-0.5897078514099121,0.156363382935524,3.0731637477874756,-0.6013848781585693,0.26189202070236206,3.069333553314209,-0.5424489378929138,0.21373383700847626,3.0362789630889893,-0.31750524044036865,0.13326865434646606,2.9231209754943848,-0.31183335185050964,0.5692733526229858,2.9509708881378174,-0.28090399503707886,0.9509520530700684,3.0158212184906006,-0.33544257283210754,1.0677510499954224,2.935904026031494,-0.48571687936782837,0.12144297361373901,3.0302295684814453,-0.5001665353775024,0.5557509064674377,3.0757896900177,-0.453703910112381,0.9197289943695068,3.2030768394470215,-0.5051001906394958,1.0501458644866943,3.1451709270477295,-0.4293409287929535,-0.5572318434715271,2.8719711303710938,-0.43734684586524963,-0.609462559223175,2.8591794967651367,-0.3954085409641266,-0.656279981136322,2.86234712600708,-0.2865399420261383,-0.6603569388389587,2.917149066925049,-0.4495726525783539,-0.6568828821182251,2.8987090587615967,-0.44000500440597534,-0.6620651483535767,3.020174264907837,-0.25241467356681824,1.0392452478408813,3.064077138900757,-0.42108428478240967,0.997582733631134,3.264807939529419
-0.40113112330436707,0.12880900502204895,2.9648637771606445,-0.3860608637332916,-0.0539974719285965,2.962102174758911,-0.37027817964553833,-0.23673871159553528,2.959019660949707,-0.35449501872062683,-0.4194854497909546,2.955936908721924,-0.31261593103408813,-0.41640734672546387,2.9285526275634766,-0.18594679236412048,-0.4040682315826416,2.8456058502197266,-0.18780364096164703,-0.13194257020950317,2.8931074142456055,-0.23094120621681213,0.12960371375083923,2.876147747039795,-0.23956872522830963,0.18191297352313995,2.872755765914917,-0.25682374835014343,0.2865315079689026,2.865971803665161,-0.3011172413825989,0.2277601659297943,2.9043149948120117,-0.39620259404182434,-0.4245496988296509,2.983287811279297,-0.522871732711792,-0.43688881397247314,3.066234588623047,-0.5497047901153564,-0.16202223300933838,3.0726046562194824,-0.5837648510932922,0.10132580995559692,3.066072702407837,-0.5905768871307373,0.15399542450904846,3.0647664070129395,-0.6042008996009827,0.25933465361595154,3.0621535778045654,-0.5444415807723999,0.21264490485191345,3.0284628868103027,-0.3170730471611023,0.1365458071231842,2.9114291667938232,-0.3150881826877594,0.5711971521377563,2.9485456943511963,-0.2872043550014496,0.9509729146957397,3.021730899810791,-0.342632532119751,1.0688925981521606,2.9445748329162598,-0.48518919944763184,0.1210722029209137,3.018298387527466,-0.511709988117218,0.5548604726791382,3.056084632873535,-0.46644502878189087,0.9161971807479858,3.189314126968384,-0.5186119079589844,1.047156572341919,3.1340088844299316,-0.4162413477897644,-0.5562806129455566,2.856928586959839,-0.42317792773246765,-0.608619213104248,2.8441925048828125,-0.38042208552360535,-0.654580295085907,2.847663164138794,-0.27191200852394104,-0.6565054655075073,2.903010368347168,-0.43470844626426697,-0.6561526656150818,2.8836910724639893,-0.4257233738899231,-0.6609604954719543,3.00508975982666,-0.25943368673324585,1.0382583141326904,3.0718445777893066,-0.4339677393436432,0.9929896593093872,3.2521588802337646
-0.39856234192848206,0.13066509366035461,2.944779396057129,-0.37883856892585754,-0.05171385407447815,2.9403655529022217,-0.35863324999809265,-0.23403440415859222,2.935722827911377,-0.33842733502388,-0.41636040806770325,2.931079864501953,-0.29609254002571106,-0.41199707984924316,2.9045605659484863,-0.16813822090625763,-0.3957723379135132,2.824275255203247,-0.18134574592113495,-0.12402546405792236,2.8730545043945312,-0.23394231498241425,0.1359827220439911,2.8567562103271484,-0.24446162581443787,0.18798436224460602,2.853496551513672,-0.2655002474784851,0.29198765754699707,2.8469772338867188,-0.3083382844924927,0.23131486773490906,2.884096384048462,-0.380542516708374,-0.42270541191101074,2.9575488567352295,-0.5084968209266663,-0.4389301538467407,3.0378341674804688,-0.5422884821891785,-0.16459760069847107,3.037930965423584,-0.5860902667045593,0.09690165519714355,3.0196049213409424,-0.5948505997657776,0.14920151233673096,3.015939712524414,-0.6123713254928589,0.25380122661590576,3.0086092948913574,-0.549917459487915,0.20812712609767914,2.978484630584717,-0.31359702348709106,0.14110267162322998,2.8931779861450195,-0.3166678845882416,0.5726034641265869,2.945594549179077,-0.29472410678863525,0.9487127661705017,3.0313498973846436,-0.3499550223350525,1.0680444240570068,2.9573445320129395,-0.48352766036987305,0.12022750824689865,2.9963808059692383,-0.5411975979804993,0.5507060885429382,3.0140507221221924,-0.49807026982307434,0.9021912813186646,3.1686208248138428,-0.5500495433807373,1.0356438159942627,3.1211249828338623,-0.3910984694957733,-0.5547882318496704,2.8304858207702637,-0.39583438634872437,-0.6071435809135437,2.817786455154419,-0.35211288928985596,-0.6515861749649048,2.8234875202178955,-0.24675828218460083,-0.6500011086463928,2.883606195449829,-0.4077228307723999,-0.6546368598937988,2.8568029403686523,-0.4043198525905609,-0.6586445569992065,2.9779999256134033,-0.26899921894073486,1.0343053340911865,3.0846035480499268,-0.46636807918548584,0.9748688340187073,3.235976219177246
-0.3979288339614868,0.13210764527320862,2.9331417083740234,-0.37644943594932556,-0.05005215108394623,2.927337646484375,-0.35473403334617615,-0.23217955231666565,2.921396493911743,-0.3330179750919342,-0.4143124222755432,2.9154551029205322,-0.29056358337402344,-0.4093994200229645,2.8892152309417725,-0.16228049993515015,-0.39151352643966675,2.8098034858703613,-0.17757390439510345,-0.12023720145225525,2.860762596130371,-0.23260638117790222,0.1393466293811798,2.845151901245117,-0.2436128705739975,0.19126339256763458,2.8420298099517822,-0.26562586426734924,0.2950969338417053,2.8357856273651123,-0.30807581543922424,0.2338646799325943,2.872454881668091,-0.3752363324165344,-0.42120495438575745,2.9416306018829346,-0.5035194158554077,-0.4390908479690552,3.0210423469543457,-0.5433170795440674,-0.16554781794548035,3.0175881385803223,-0.596119225025177,0.093482106924057,2.9898130893707275,-0.6066796779632568,0.14528809487819672,2.9842581748962402,-0.6278005242347717,0.24890007078647614,2.9731481075286865,-0.5633138418197632,0.20451971888542175,2.94543719291687,-0.3127003610134125,0.14378052949905396,2.882199287414551,-0.3177918791770935,0.5736813545227051,2.941767692565918,-0.29921406507492065,0.948401153087616,3.031714916229248,-0.35478803515434265,1.0679652690887451,2.958806276321411,-0.48315730690956116,0.12043476849794388,2.984084129333496,-0.563165545463562,0.5469961762428284,2.989833116531372,-0.52351975440979,0.8921723365783691,3.157559633255005,-0.5768932700157166,1.0266047716140747,3.115382671356201,-0.38209837675094604,-0.5525476336479187,2.81339430809021,-0.3860384523868561,-0.6047917008399963,2.8004043102264404,-0.34208884835243225,-0.6487417817115784,2.8068222999572754,-0.23823349177837372,-0.6463856101036072,2.8690247535705566,-0.3982439339160919,-0.6524802446365356,2.838890552520752,-0.3973395526409149,-0.6569780111312866,2.9598846435546875,-0.27449679374694824,1.033453106880188,3.0860002040863037,-0.4925133287906647,0.9624202251434326,3.227527379989624
-0.3981984853744507,0.1336056888103485,2.9232394695281982,-0.37541133165359497,-0.04837183654308319,2.9161298274993896,-0.3525257706642151,-0.23033234477043152,2.9089014530181885,-0.3296395242214203,-0.412298321723938,2.901672840118408,-0.2870381772518158,-0.40691661834716797,2.8757529258728027,-0.1583375185728073,-0.3876146078109741,2.797337532043457,-0.1732773333787918,-0.11666035652160645,2.8499574661254883,-0.22851137816905975,0.14285963773727417,2.8343915939331055,-0.23955819010734558,0.19476363062858582,2.8312783241271973,-0.26165181398391724,0.2985716462135315,2.82505202293396,-0.3042163550853729,0.2372523844242096,2.8614256381988525,-0.3719921112060547,-0.41965770721435547,2.92751407623291,-0.5006927847862244,-0.4389597177505493,3.005929470062256,-0.5455358624458313,-0.16624903678894043,3.000808000564575,-0.6059330701828003,0.0902155339717865,2.965853214263916,-0.6180124878883362,0.14150844514369965,2.9588623046875,-0.6421713829040527,0.24409428238868713,2.944880485534668,-0.5759695172309875,0.20108632743358612,2.919142007827759,-0.31262338161468506,0.14628107845783234,2.873079776763916,-0.31884247064590454,0.5750244855880737,2.9379053115844727,-0.3030722141265869,0.9489770531654358,3.030116558074951,-0.35867810249328613,1.068559169769287,2.9575326442718506,-0.4837735891342163,0.12093030661344528,2.9733991622924805,-0.5820214152336121,0.5432784557342529,2.9678053855895996,-0.5478134155273438,0.8850666284561157,3.1427416801452637,-0.6029508709907532,1.019466757774353,3.103286027908325,-0.3757930397987366,-0.5501220226287842,2.7982017993927,-0.37909841537475586,-0.6022390723228455,2.78488826751709,-0.33500128984451294,-0.6458179950714111,2.7918283939361572,-0.2324325442314148,-0.6430161595344543,2.855745315551758,-0.3915855586528778,-0.6501513123512268,2.8228399753570557,-0.3927546441555023,-0.6552939414978027,2.9436113834381104,-0.2792801856994629,1.0337672233581543,3.085048198699951,-0.5180315971374512,0.9541959762573242,3.214205741882324
-0.3991018533706665,0.13495394587516785,2.9149868488311768,-0.3752965033054352,-0.046855732798576355,2.9064135551452637,-0.35140374302864075,-0.22864682972431183,2.897690773010254,-0.327510267496109,-0.41044336557388306,2.888967752456665,-0.2847401201725006,-0.4046032726764679,2.8634142875671387,-0.15553906559944153,-0.38391414284706116,2.786130428314209,-0.1690334975719452,-0.11322706937789917,2.83988881111145,-0.2235160768032074,0.1462939977645874,2.823629140853882,-0.23441259562969208,0.19819821417331696,2.8203771114349365,-0.25620561838150024,0.30200663208961487,2.813873291015625,-0.2991042137145996,0.24087417125701904,2.850088357925415,-0.37002071738243103,-0.4182593822479248,2.914426326751709,-0.4992217719554901,-0.43894851207733154,2.9917101860046387,-0.5485827326774597,-0.16710364818572998,2.98898983001709,-0.6151305437088013,0.08746635913848877,2.9522557258605957,-0.6284401416778564,0.13838036358356476,2.944908857345581,-0.655059278011322,0.24020837247371674,2.9302151203155518,-0.5875551700592041,0.19881248474121094,2.905344009399414,-0.3131161034107208,0.14853547513484955,2.865725517272949,-0.3199179470539093,0.5764366984367371,2.934805393218994,-0.3066575825214386,0.9500586986541748,3.028127431869507,-0.36209574341773987,1.069547176361084,2.955380916595459,-0.4850876033306122,0.12137242406606674,2.9642481803894043,-0.5962698459625244,0.5400939583778381,2.9491302967071533,-0.5694361329078674,0.8811572790145874,3.1264266967773438,-0.6262433528900146,1.0148590803146362,3.0871877670288086,-0.37094247341156006,-0.5483433604240417,2.7848033905029297,-0.3735958933830261,-0.6004028916358948,2.7713894844055176,-0.3292684555053711,-0.6435457468032837,2.7788712978363037,-0.22775112092494965,-0.6399351358413696,2.8441290855407715,-0.38616615533828735,-0.6484218835830688,2.8090505599975586,-0.3889612555503845,-0.6537509560585022,2.9296374320983887,-0.2837580740451813,1.034769892692566,3.0834836959838867,-0.5415558218955994,0.9502778053283691,3.1986050605773926
-0.3999907970428467,0.1356509029865265,2.907073974609375,-0.37547916173934937,-0.04601830244064331,2.897003650665283,-0.3508039116859436,-0.2276531159877777,2.8867149353027344,-0.32612791657447815,-0.40929335355758667,2.8764257431030273,-0.2831270694732666,-0.40303945541381836,2.8513457775115967,-0.15324535965919495,-0.38109999895095825,2.7755255699157715,-0.16520650684833527,-0.11049935221672058,2.8296895027160645,-0.2187924087047577,0.14901506900787354,2.811638116836548,-0.22950959205627441,0.20091795921325684,2.808027744293213,-0.25094395875930786,0.30472373962402344,2.800807237625122,-0.29431161284446716,0.24391664564609528,2.836958885192871,-0.36886054277420044,-0.41752147674560547,2.9013938903808594,-0.4987422525882721,-0.4394609332084656,2.9772143363952637,-0.5525237321853638,-0.16854438185691833,2.980858087539673,-0.6235137581825256,0.085394948720932,2.9489166736602783,-0.637711763381958,0.13618281483650208,2.942528486251831,-0.6661077737808228,0.2377585470676422,2.9297518730163574,-0.5976729989051819,0.19816216826438904,2.9045724868774414,-0.3134628236293793,0.14999404549598694,2.858936309814453,-0.31949737668037415,0.5770996809005737,2.932821035385132,-0.3081974983215332,0.9506374597549438,3.0267226696014404,-0.3630519211292267,1.0700832605361938,2.953468084335327,-0.4865187704563141,0.12130775302648544,2.955211639404297,-0.6055413484573364,0.5374717712402344,2.9316389560699463,-0.5886898636817932,0.8811684846878052,3.105029582977295,-0.6471454501152039,1.013276219367981,3.062922239303589,-0.3669031262397766,-0.5473427176475525,2.771747589111328,-0.3688904047012329,-0.599351167678833,2.7582762241363525,-0.3243006467819214,-0.6420246362686157,2.7662601470947266,-0.22375383973121643,-0.6375091075897217,2.832689046859741,-0.381448894739151,-0.6474656462669373,2.79569673538208,-0.3856738805770874,-0.6529253721237183,2.916092872619629,-0.2861460745334625,1.035334825515747,3.082441568374634,-0.5635875463485718,0.9516981244087219,3.1768622398376465
-0.40167900919914246,0.13740739226341248,2.8985090255737305,-0.37691980600357056,-0.04417949914932251,2.887162923812866,-0.351927787065506,-0.22571906447410583,2.8755719661712646,-0.3269350230693817,-0.4072640538215637,2.863980770111084,-0.28355836868286133,-0.40074586868286133,2.8396108150482178,-0.15255609154701233,-0.3780094385147095,2.7659707069396973,-0.16221831738948822,-0.10740333795547485,2.820404529571533,-0.2136210799217224,0.15236815810203552,2.8002688884735107,-0.223901629447937,0.2043224573135376,2.7962417602539062,-0.2444627285003662,0.30823105573654175,2.7881875038146973,-0.28879639506340027,0.24793344736099243,2.8239974975585938,-0.37003999948501587,-0.41575542092323303,2.8882246017456055,-0.5010422468185425,-0.4384918510913849,2.961864709854126,-0.5574607849121094,-0.16824322938919067,2.970031261444092,-0.6305783987045288,0.08548575639724731,2.9416706562042236,-0.6452019214630127,0.13623155653476715,2.9359984397888184,-0.6744489669799805,0.23772315680980682,2.924654245376587,-0.6052443981170654,0.19929435849189758,2.8998031616210938,-0.31431618332862854,0.1522258222103119,2.8519906997680664,-0.31902584433555603,0.5782601833343506,2.9316275119781494,-0.3097960352897644,0.9516822099685669,3.0260250568389893,-0.3634825348854065,1.071117877960205,2.951930522918701,-0.48904183506965637,0.12258896231651306,2.9450273513793945,-0.6117643117904663,0.5371354818344116,2.914046287536621,-0.6075729727745056,0.8856631517410278,3.078213691711426,-0.6673412322998047,1.0152766704559326,3.0306196212768555,-0.36391082406044006,-0.5458545088768005,2.7589633464813232,-0.3650228977203369,-0.5978525280952454,2.7456040382385254,-0.3201759159564972,-0.6399426460266113,2.7546074390411377,-0.22120028734207153,-0.6341238021850586,2.823007822036743,-0.3777872622013092,-0.6459633111953735,2.782837390899658,-0.38443243503570557,-0.6511822938919067,2.9029924869537354,-0.2888239324092865,1.036344289779663,3.0821890830993652,-0.5862531065940857,0.9586345553398132,3.148800849914551
-0.40356969833374023,0.14006078243255615,2.890753984451294,-0.3789918124675751,-0.04150362312793732,2.8784890174865723,-0.3542020618915558,-0.22302451729774475,2.8660085201263428,-0.3294115662574768,-0.40455085039138794,2.853527545928955,-0.285547137260437,-0.3979564905166626,2.8300609588623047,-0.15304547548294067,-0.374986469745636,2.759162664413452,-0.16019004583358765,-0.10426834225654602,2.8133530616760254,-0.20867273211479187,0.15582945942878723,2.7905502319335938,-0.2183692753314972,0.20784902572631836,2.785989761352539,-0.23776234686374664,0.3118881583213806,2.7768685817718506,-0.2833724617958069,0.2522547245025635,2.812173843383789,-0.37300658226013184,-0.4131181538105011,2.8768584728240967,-0.5055082440376282,-0.4360881745815277,2.947756767272949,-0.5627565979957581,-0.16612187027931213,2.9585635662078857,-0.6359478831291199,0.08779394626617432,2.9322729110717773,-0.6505861282348633,0.13857710361480713,2.9270148277282715,-0.6798626184463501,0.24014343321323395,2.9164984226226807,-0.6100856065750122,0.20222420990467072,2.8924946784973145,-0.31513848900794983,0.15503516793251038,2.8462889194488525,-0.31998512148857117,0.579792320728302,2.9323086738586426,-0.31461092829704285,0.9532569050788879,3.026719093322754,-0.3670406937599182,1.072422981262207,2.951324701309204,-0.49200090765953064,0.12508639693260193,2.9352190494537354,-0.6160389184951782,0.5387365818023682,2.8984808921813965,-0.6264913082122803,0.8930833339691162,3.049302339553833,-0.6872562766075134,1.0193291902542114,2.994499444961548,-0.36178845167160034,-0.5440731644630432,2.748581886291504,-0.3619280159473419,-0.5961042046546936,2.735565423965454,-0.31692609190940857,-0.6375608444213867,2.7460970878601074,-0.22010241448879242,-0.6301563382148743,2.817122459411621,-0.3751671016216278,-0.6440616846084595,2.77270770072937,-0.38511863350868225,-0.6485754251480103,2.892519474029541,-0.29534292221069336,1.0380231142044067,3.0833206176757812,-0.6097204685211182,0.9691169857978821,3.1178438663482666
-0.4064279794692993,0.14310666918754578,2.883090019226074,-0.3826081454753876,-0.03851112723350525,2.8700954914093018,-0.35865673422813416,-0.22009865939617157,2.8569207191467285,-0.33470460772514343,-0.40169161558151245,2.843745708465576,-0.2902793288230896,-0.395214319229126,2.8213229179382324,-0.15601499378681183,-0.37258946895599365,2.7535738945007324,-0.15923643112182617,-0.10185301303863525,2.8080503940582275,-0.20253929495811462,0.15904200077056885,2.783958673477173,-0.21119986474514008,0.21122100949287415,2.7791402339935303,-0.22852100431919098,0.31557902693748474,2.769503593444824,-0.27599066495895386,0.25680410861968994,2.8037829399108887,-0.37886956334114075,-0.4101426601409912,2.866024971008301,-0.5131338834762573,-0.43276751041412354,2.933773994445801,-0.5698814988136292,-0.16283166408538818,2.947582244873047,-0.6413133144378662,0.09192526340484619,2.9248194694519043,-0.6555997133255005,0.14287665486335754,2.92026686668396,-0.6841724514961243,0.24477943778038025,2.9111616611480713,-0.614094078540802,0.20698221027851105,2.887852668762207,-0.3168339729309082,0.15787677466869354,2.8408875465393066,-0.3228793442249298,0.5816071629524231,2.9320454597473145,-0.3227803707122803,0.9558098316192627,3.023869276046753,-0.3739938735961914,1.074066162109375,2.9461991786956787,-0.49602198600769043,0.128336563706398,2.925292491912842,-0.6202658414840698,0.5415799617767334,2.884218215942383,-0.6467220187187195,0.9022818207740784,3.0170845985412598,-0.7082827091217041,1.0240358114242554,2.953631639480591,-0.3616199493408203,-0.5426123142242432,2.7392983436584473,-0.36066770553588867,-0.594744086265564,2.726858139038086,-0.3155975341796875,-0.6355013847351074,2.73942232131958,-0.22151504456996918,-0.6261563301086426,2.813711404800415,-0.37463274598121643,-0.6424458026885986,2.764004707336426,-0.38878148794174194,-0.6458321213722229,2.883361577987671,-0.3056762218475342,1.0411252975463867,3.08036732673645,-0.6350204944610596,0.9819310903549194,3.082524299621582
-0.4097611904144287,0.14397159218788147,2.875920295715332,-0.3870942294597626,-0.03775666654109955,2.862285614013672,-0.36430540680885315,-0.21945634484291077,2.8484742641448975,-0.3415159285068512,-0.40116146206855774,2.834662437438965,-0.29651594161987305,-0.39490580558776855,2.8133440017700195,-0.16042065620422363,-0.37293967604637146,2.748919725418091,-0.15904349088668823,-0.10234475135803223,2.8041911125183105,-0.1958959847688675,0.1595616638660431,2.7803027629852295,-0.20326648652553558,0.21194294095039368,2.7755250930786133,-0.21800749003887177,0.31670549511909485,2.765969753265381,-0.26758310198783875,0.25887438654899597,2.7988474369049072,-0.3862681984901428,-0.4093920588493347,2.855830669403076,-0.5223634839057922,-0.4313581883907318,2.920254945755005,-0.5792008638381958,-0.16180941462516785,2.9400391578674316,-0.6487513184547424,0.09407532215118408,2.9255664348602295,-0.6626614332199097,0.1452522724866867,2.9226717948913574,-0.6904816031455994,0.24760617315769196,2.9168827533721924,-0.6202386617660522,0.21024656295776367,2.8933603763580322,-0.31899866461753845,0.1582825928926468,2.8360657691955566,-0.3265332281589508,0.5814422965049744,2.9309446811676025,-0.33200132846832275,0.9570121765136719,3.0178794860839844,-0.3818909525871277,1.0739104747772217,2.937173366546631,-0.5005236864089966,0.12966059148311615,2.9157748222351074,-0.6233605146408081,0.54326993227005,2.871487855911255,-0.6646902561187744,0.9100296497344971,2.9829306602478027,-0.7263355851173401,1.0265191793441772,2.9101455211639404,-0.3624482750892639,-0.5436431169509888,2.731032371520996,-0.3603489100933075,-0.5958936810493469,2.7193026542663574,-0.31532785296440125,-0.6359009146690369,2.7341742515563965,-0.22445477545261383,-0.6244429349899292,2.8120338916778564,-0.37520045042037964,-0.6433074474334717,2.75645112991333,-0.39409375190734863,-0.6454280614852905,2.875152111053467,-0.3171941637992859,1.0432360172271729,3.0737597942352295,-0.657918393611908,0.9934530258178711,3.044339895248413
-0.41381773352622986,0.14586442708969116,2.86936092376709,-0.3926432430744171,-0.036000341176986694,2.855116367340088,-0.37134552001953125,-0.21783660352230072,2.8406927585601807,-0.35004714131355286,-0.3996783196926117,2.8262689113616943,-0.30446866154670715,-0.39374929666519165,2.8061158657073975,-0.1664668768644333,-0.3727521598339081,2.7451796531677246,-0.16020168364048004,-0.10247111320495605,2.801816701889038,-0.18994936347007751,0.16050505638122559,2.7794294357299805,-0.1958988904953003,0.21310028433799744,2.774951934814453,-0.20779795944690704,0.31829074025154114,2.7659969329833984,-0.25957396626472473,0.26143863797187805,2.7971746921539307,-0.39539414644241333,-0.40758371353149414,2.8462650775909424,-0.5333959460258484,-0.4285808503627777,2.9072012901306152,-0.590884804725647,-0.15982544422149658,2.9348490238189697,-0.6585260629653931,0.09700125455856323,2.9321510791778564,-0.6720542907714844,0.14836660027503967,2.9316115379333496,-0.6991108059883118,0.25109729170799255,2.930532455444336,-0.6287346482276917,0.2144436091184616,2.9062700271606445,-0.321913480758667,0.15949852764606476,2.8319051265716553,-0.3308435380458832,0.582472026348114,2.929304361343384,-0.34046173095703125,0.9592697620391846,3.0120561122894287,-0.38853609561920166,1.0751750469207764,2.9286015033721924,-0.5057219862937927,0.13223032653331757,2.9068167209625244,-0.6249167323112488,0.5469891428947449,2.859480857849121,-0.6776059865951538,0.9188294410705566,2.948225259780884,-0.7381150722503662,1.0299222469329834,2.8663299083709717,-0.36460113525390625,-0.543642520904541,2.7236313819885254,-0.3613455295562744,-0.5959948301315308,2.7126693725585938,-0.31655341386795044,-0.6352394223213196,2.730029582977295,-0.22939740121364594,-0.6216874122619629,2.8116908073425293,-0.3772589862346649,-0.643136203289032,2.749713897705078,-0.4013965427875519,-0.6440615057945251,2.8674633502960205,-0.3276430070400238,1.046233892440796,3.067458152770996,-0.6749993562698364,1.0057452917099,3.0051052570343018
-0.41981059312820435,0.1473565697669983,2.8630611896514893,-0.4005432724952698,-0.03470200300216675,2.848529815673828,-0.3810585141181946,-0.21672198176383972,2.833806037902832,-0.36157315969467163,-0.39874741435050964,2.819082021713257,-0.3154132068157196,-0.3932821452617645,2.8001556396484375,-0.1754854917526245,-0.37367138266563416,2.742894411087036,-0.16453143954277039,-0.10367655754089355,2.800738573074341,-0.1869920939207077,0.16028836369514465,2.780242681503296,-0.1914842277765274,0.21308134496212006,2.7761435508728027,-0.2004684954881668,0.31866729259490967,2.7679452896118164,-0.2544836401939392,0.2628517150878906,2.7972323894500732,-0.4075213670730591,-0.40619105100631714,2.83784818649292,-0.5474491119384766,-0.4258018136024475,2.8951094150543213,-0.6060644388198853,-0.15787193179130554,2.9288878440856934,-0.6721877455711365,0.09935793280601501,2.9367964267730713,-0.6854124069213867,0.15080390870571136,2.938378095626831,-0.7118617296218872,0.25369584560394287,2.9415414333343506,-0.6412282586097717,0.2177162915468216,2.9169013500213623,-0.32677966356277466,0.159995436668396,2.828063726425171,-0.3360688090324402,0.5830360651016235,2.927198886871338,-0.3475482165813446,0.9607632160186768,3.0073671340942383,-0.39308667182922363,1.0763236284255981,2.921748161315918,-0.512841522693634,0.13471770286560059,2.8980586528778076,-0.624643862247467,0.551737904548645,2.848341703414917,-0.6823832988739014,0.9274806380271912,2.917044162750244,-0.7401173114776611,1.0342774391174316,2.82749080657959,-0.36911869049072266,-0.543930172920227,2.7174582481384277,-0.36466526985168457,-0.5963398814201355,2.7072579860687256,-0.3203375041484833,-0.6348141431808472,2.727294683456421,-0.23762524127960205,-0.6192887425422668,2.8130946159362793,-0.3818524181842804,-0.6432856321334839,2.743964672088623,-0.41191744804382324,-0.6432914137840271,2.8603265285491943,-0.3361952006816864,1.0481520891189575,3.062629461288452,-0.6823850870132446,1.0171293020248413,2.9697961807250977
-0.42568036913871765,0.14840054512023926,2.8566834926605225,-0.4085926115512848,-0.033873140811920166,2.842052936553955,-0.3912557363510132,-0.2161087989807129,2.827242612838745,-0.373918354511261,-0.39834994077682495,2.812431812286377,-0.32717734575271606,-0.39347705245018005,2.7948107719421387,-0.18532414734363556,-0.3756469190120697,2.7414698600769043,-0.17031799256801605,-0.1060127317905426,2.800748586654663,-0.1858559548854828,0.1587682068347931,2.7827394008636475,-0.18896354734897614,0.2117244005203247,2.77913761138916,-0.19517873227596283,0.31763678789138794,2.7719337940216064,-0.2513427138328552,0.2628036141395569,2.7990775108337402,-0.4204709231853485,-0.40520352125167847,2.8298919200897217,-0.5623241066932678,-0.4230336546897888,2.883232831954956,-0.6215945482254028,-0.1555429995059967,2.9203479290008545,-0.6860253810882568,0.10190948843955994,2.9358909130096436,-0.6989115476608276,0.1533999890089035,2.9389994144439697,-0.7246838808059692,0.25638097524642944,2.945216655731201,-0.6537491083145142,0.22070041298866272,2.920865058898926,-0.3315466642379761,0.1598283350467682,2.8242547512054443,-0.3406163156032562,0.5830057859420776,2.9247324466705322,-0.3524641990661621,0.9613432884216309,3.003833055496216,-0.39491891860961914,1.0770646333694458,2.916594982147217,-0.5198140740394592,0.13697275519371033,2.8891122341156006,-0.6218543648719788,0.556707501411438,2.8374621868133545,-0.679588258266449,0.9354051351547241,2.89029598236084,-0.7334021925926208,1.0392460823059082,2.794768810272217,-0.37442272901535034,-0.5442163348197937,2.711530923843384,-0.36889609694480896,-0.5966359972953796,2.7019436359405518,-0.3253614008426666,-0.6345264911651611,2.724642038345337,-0.2476573884487152,-0.6176256537437439,2.8147449493408203,-0.3876091241836548,-0.6435255408287048,2.7379627227783203,-0.4240259528160095,-0.6431230306625366,2.8524866104125977,-0.3422619104385376,1.048882007598877,3.059279203414917,-0.6808949112892151,1.0270240306854248,2.9397497177124023
-0.43199628591537476,0.14940744638442993,2.8505325317382812,-0.4173048734664917,-0.03308756649494171,2.8359973430633545,-0.402385950088501,-0.2155524343252182,2.8213162422180176,-0.38746657967567444,-0.39802277088165283,2.8066346645355225,-0.34016016125679016,-0.3938526511192322,2.7903923988342285,-0.19648118317127228,-0.37814849615097046,2.7412190437316895,-0.17632366716861725,-0.10914546251296997,2.8022866249084473,-0.18358562886714935,0.15630289912223816,2.7877488136291504,-0.1850380152463913,0.20939257740974426,2.784841299057007,-0.18794280290603638,0.31557193398475647,2.7790260314941406,-0.24648496508598328,0.26203373074531555,2.8037126064300537,-0.43461084365844727,-0.40417611598968506,2.8227174282073975,-0.578289806842804,-0.4198802709579468,2.8718907833099365,-0.6380712985992432,-0.15236154198646545,2.9087436199188232,-0.701068639755249,0.10530540347099304,2.927874803543091,-0.7136681079864502,0.1568388044834137,2.9317009449005127,-0.7388670444488525,0.2599055767059326,2.9393534660339355,-0.6675596833229065,0.2241687774658203,2.9160921573638916,-0.33681395649909973,0.15944193303585052,2.8207507133483887,-0.34483689069747925,0.5826882719993591,2.922401189804077,-0.355690598487854,0.9613075256347656,3.0016820430755615,-0.3945869207382202,1.0775762796401978,2.913328170776367,-0.5271786451339722,0.13937295973300934,2.880314350128174,-0.6190757155418396,0.56169193983078,2.828005075454712,-0.6743015050888062,0.9424785375595093,2.86932635307312,-0.7237621545791626,1.0444707870483398,2.769381523132324,-0.38071340322494507,-0.54447340965271,2.706853151321411,-0.37416818737983704,-0.596889853477478,2.6979548931121826,-0.33172690868377686,-0.6342364549636841,2.7234323024749756,-0.2596539258956909,-0.6160823106765747,2.8178470134735107,-0.3945637345314026,-0.6437250375747681,2.7331061363220215,-0.43769165873527527,-0.6429668068885803,2.8452560901641846,-0.346343070268631,1.0487576723098755,3.057560443878174,-0.6762232184410095,1.035409927368164,2.916415214538574
-0.4453733563423157,0.151654452085495,2.837968587875366,-0.4345589280128479,-0.03106340765953064,2.822807788848877,-0.42361944913864136,-0.21376532316207886,2.8075451850891113,-0.41267964243888855,-0.396472692489624,2.7922821044921875,-0.3643777370452881,-0.39347219467163086,2.7789738178253174,-0.21752381324768066,-0.38131600618362427,2.738715410232544,-0.18890874087810516,-0.11371803283691406,2.802797317504883,-0.1807079017162323,0.1521158218383789,2.79778790473938,-0.1790677309036255,0.20528259873390198,2.796786069869995,-0.17578740417957306,0.3116161525249481,2.7947821617126465,-0.23863092064857483,0.26067715883255005,2.8138108253479004,-0.4608626365661621,-0.4014589786529541,2.805424213409424,-0.6077165603637695,-0.4136151671409607,2.8456826210021973,-0.6702924370765686,-0.14654940366744995,2.8816566467285156,-0.73133385181427,0.11044242978096008,2.91310715675354,-0.7435421347618103,0.1618407964706421,2.9193973541259766,-0.7679587006568909,0.2646375298500061,2.9319775104522705,-0.6959738731384277,0.2293456345796585,2.91009521484375,-0.34834352135658264,0.15939286351203918,2.813918113708496,-0.35773226618766785,0.5828003883361816,2.9158098697662354,-0.3691212832927704,0.9616591930389404,2.9949142932891846,-0.40108048915863037,1.0785185098648071,2.9044406414031982,-0.5424031615257263,0.1439160406589508,2.8620190620422363,-0.6180325150489807,0.5697473287582397,2.8101351261138916,-0.6692140102386475,0.9529368877410889,2.8317553997039795,-0.7102197408676147,1.051322340965271,2.724508762359619,-0.39143282175064087,-0.5435583591461182,2.69559907913208,-0.38305115699768066,-0.595918595790863,2.688106060028076,-0.34354275465011597,-0.6323572993278503,2.7189996242523193,-0.28400564193725586,-0.6122828125953674,2.8213858604431152,-0.4069271385669708,-0.6427792906761169,2.7209255695343018,-0.4635947346687317,-0.6418117880821228,2.8268425464630127,-0.36226457357406616,1.048992395401001,3.0514402389526367,-0.6726059317588806,1.0478715896606445,2.874711036682129
-0.44965970516204834,0.152073472738266,2.832212209701538,-0.44223955273628235,-0.030786067247390747,2.816695213317871,-0.4348224401473999,-0.2136407047510147,2.801119089126587,-0.42740511894226074,-0.396500825881958,2.7855424880981445,-0.3785790503025055,-0.3945462703704834,2.7740776538848877,-0.2300020009279251,-0.38556724786758423,2.739419460296631,-0.19535253942012787,-0.11933889985084534,2.8062524795532227,-0.17715570330619812,0.1460539698600769,2.808584451675415,-0.17351633310317993,0.1991325467824936,2.8090507984161377,-0.16623760759830475,0.30528968572616577,2.809983730316162,-0.23162761330604553,0.2563071548938751,2.8252153396606445,-0.4761505424976349,-0.40044283866882324,2.7968380451202393,-0.6247276067733765,-0.4094218611717224,2.831496238708496,-0.6851614117622375,-0.14121517539024353,2.862442970275879,-0.7426753044128418,0.11650890111923218,2.894698143005371,-0.7541781067848206,0.16805371642112732,2.901149272918701,-0.7771836519241333,0.2711433470249176,2.9140512943267822,-0.7051361799240112,0.23478862643241882,2.894185781478882,-0.35168972611427307,0.15779724717140198,2.8116095066070557,-0.35872402787208557,0.5816371440887451,2.912160634994507,-0.3670579791069031,0.9604337215423584,2.9922189712524414,-0.39386600255966187,1.0780845880508423,2.9010632038116455,-0.5476296544075012,0.14634969830513,2.8528149127960205,-0.6115649938583374,0.574602484703064,2.8047304153442383,-0.6553841233253479,0.958786129951477,2.825906991958618,-0.690676212310791,1.0583149194717407,2.717656135559082,-0.4008965790271759,-0.5436282753944397,2.69033145904541,-0.39245015382766724,-0.5960321426391602,2.6833484172821045,-0.3554060459136963,-0.6328011751174927,2.716763496398926,-0.3027317523956299,-0.6132954955101013,2.822909116744995,-0.41883862018585205,-0.6427127718925476,2.714418888092041,-0.4824574291706085,-0.6413782835006714,2.816265821456909,-0.360899955034256,1.0474822521209717,3.049290180206299,-0.658226490020752,1.05367112159729,2.869049549102783
-0.45328301191329956,0.1510237455368042,2.8263583183288574,-0.4490046799182892,-0.031888678669929504,2.810147285461426,-0.44482043385505676,-0.21479915082454681,2.7938895225524902,-0.4406360685825348,-0.39771509170532227,2.7776312828063965,-0.3913933336734772,-0.39673030376434326,2.7679476737976074,-0.2414371222257614,-0.3907015323638916,2.7387142181396484,-0.20285654067993164,-0.1265202760696411,2.8114168643951416,-0.1771356612443924,0.1379578709602356,2.824802875518799,-0.1719914823770523,0.19085350632667542,2.8274800777435303,-0.16170313954353333,0.29664477705955505,2.832834482192993,-0.22902657091617584,0.24911251664161682,2.8436644077301025,-0.4898332953453064,-0.40068793296813965,2.7871382236480713,-0.6397895216941833,-0.4067167043685913,2.8163716793060303,-0.6977339386940002,-0.1375102400779724,2.843503713607788,-0.7522386908531189,0.12091997265815735,2.875635862350464,-0.7631396651268005,0.17260602116584778,2.8820621967315674,-0.784941554069519,0.27597808837890625,2.8949151039123535,-0.7128372192382812,0.23860079050064087,2.877224922180176,-0.35455650091171265,0.15485702455043793,2.809162139892578,-0.35852137207984924,0.579070508480072,2.9085636138916016,-0.36346617341041565,0.9578691124916077,2.989154100418091,-0.38511380553245544,1.076116919517517,2.8973662853240967,-0.5520095229148865,0.14719046652317047,2.8435544967651367,-0.6060954332351685,0.5772610306739807,2.799198627471924,-0.6436973214149475,0.962105393409729,2.8213021755218506,-0.6735568046569824,1.0628814697265625,2.7125420570373535,-0.411129355430603,-0.5448778867721558,2.683500051498413,-0.4030741751194,-0.5973570942878723,2.6767966747283936,-0.36844539642333984,-0.6347417235374451,2.712022304534912,-0.32135486602783203,-0.6163171529769897,2.8208937644958496,-0.4317668676376343,-0.6437183022499084,2.706207275390625,-0.5007656812667847,-0.6417508125305176,2.804417610168457,-0.3578985631465912,1.0447193384170532,3.0466134548187256,-0.6462781429290771,1.0567947626113892,2.8649234771728516
-0.45683348178863525,0.14841118454933167,2.8199706077575684,-0.4551129639148712,-0.03447867929935455,2.8028013706207275,-0.45356765389442444,-0.21736694872379303,2.7855985164642334,-0.4520223140716553,-0.40026071667671204,2.768395185470581,-0.4024425745010376,-0.4001036584377289,2.7605183124542236,-0.2513834536075592,-0.3965963125228882,2.7368004322052,-0.21122118830680847,-0.13550689816474915,2.8194499015808105,-0.18036465346813202,0.12703749537467957,2.8502731323242188,-0.1741933524608612,0.17954637110233307,2.8564376831054688,-0.1618507355451584,0.28456413745880127,2.868767023086548,-0.23058192431926727,0.23806923627853394,2.874004364013672,-0.5015852451324463,-0.40240558981895447,2.7760848999023438,-0.6526443958282471,-0.40591293573379517,2.799802780151367,-0.7073513865470886,-0.1355341374874115,2.8224756717681885,-0.7586933374404907,0.12392759323120117,2.8520619869232178,-0.7689617276191711,0.17581993341445923,2.8579792976379395,-0.789498507976532,0.27960461378097534,2.869813919067383,-0.7174203395843506,0.2409839928150177,2.854768753051758,-0.3575035035610199,0.1506320834159851,2.806267023086548,-0.3596697747707367,0.5751586556434631,2.904646158218384,-0.3625272810459137,0.9539608955383301,2.98557710647583,-0.3793025314807892,1.0725924968719482,2.8932321071624756,-0.5561634302139282,0.14619028568267822,2.833674192428589,-0.6021507382392883,0.577705979347229,2.793858051300049,-0.6347014307975769,0.96285080909729,2.8194127082824707,-0.659392774105072,1.0653587579727173,2.7109463214874268,-0.4206252098083496,-0.5470384359359741,2.674520969390869,-0.4131541848182678,-0.599554181098938,2.66774320602417,-0.3808799386024475,-0.6377846598625183,2.704195022583008,-0.33869218826293945,-0.6210651993751526,2.815232276916504,-0.44395312666893005,-0.6456151008605957,2.695343017578125,-0.5173996090888977,-0.6432515382766724,2.790151596069336,-0.35788804292678833,1.040684461593628,3.0433359146118164,-0.6373212337493896,1.057063102722168,2.864086389541626
-0.4605008661746979,0.14583677053451538,2.81217885017395,-0.46099725365638733,-0.03698191046714783,2.7939279079437256,-0.46170762181282043,-0.21979916095733643,2.775669574737549,-0.46241798996925354,-0.40262189507484436,2.757410764694214,-0.4125760495662689,-0.40321677923202515,2.7513809204101562,-0.26066896319389343,-0.4020019769668579,2.733307361602783,-0.2222192883491516,-0.14483314752578735,2.8286516666412354,-0.1897570937871933,0.11409270763397217,2.8817687034606934,-0.18326465785503387,0.16587787866592407,2.892392158508301,-0.17027977108955383,0.2694482207298279,2.9136390686035156,-0.23973646759986877,0.2236742377281189,2.912193536758423,-0.5122676491737366,-0.40401405096054077,2.76324200630188,-0.6641747355461121,-0.405228853225708,2.781315565109253,-0.7145138382911682,-0.13340982794761658,2.7982006072998047,-0.7618914246559143,0.12749171257019043,2.822768211364746,-0.7713669538497925,0.1796720325946808,2.82768177986145,-0.7903180122375488,0.2840326428413391,2.8375089168548584,-0.7184568047523499,0.243841290473938,2.8255836963653564,-0.36071401834487915,0.14657723903656006,2.8020474910736084,-0.3613819479942322,0.5712431073188782,2.9001448154449463,-0.3625359535217285,0.9499353170394897,2.981915235519409,-0.3744739294052124,1.0689821243286133,2.8893144130706787,-0.5602877140045166,0.1450963020324707,2.822310209274292,-0.5993130207061768,0.5778799057006836,2.788546562194824,-0.6275976300239563,0.962896466255188,2.8210701942443848,-0.6472398042678833,1.067959189414978,2.7139925956726074,-0.4300285577774048,-0.5491712093353271,2.6638026237487793,-0.42329341173171997,-0.6017262935638428,2.6569204330444336,-0.3933000862598419,-0.6408038139343262,2.6943199634552,-0.35542070865631104,-0.6257212162017822,2.8070218563079834,-0.4560414254665375,-0.6473419070243835,2.6828465461730957,-0.5331878662109375,-0.6442457437515259,2.7745137214660645,-0.35894128680229187,1.0364837646484375,3.0400390625,-0.6304784417152405,1.056214451789856,2.8676040172576904
-0.46406641602516174,0.1441916823387146,2.8029019832611084,-0.46651995182037354,-0.03852573037147522,2.783582925796509,-0.469229519367218,-0.22124263644218445,2.764293670654297,-0.47193917632102966,-0.4039649963378906,2.7450037002563477,-0.4219145178794861,-0.40527045726776123,2.7408294677734375,-0.2694290578365326,-0.4062225818634033,2.728428840637207,-0.23317794501781464,-0.15323743224143982,2.835732936859131,-0.20037594437599182,0.10036563873291016,2.9108526706695557,-0.19381554424762726,0.1510862410068512,2.9258766174316406,-0.18069474399089813,0.25252747535705566,2.9559245109558105,-0.25054946541786194,0.2079494446516037,2.9478015899658203,-0.5219932794570923,-0.40464556217193604,2.7489683628082275,-0.6744787693023682,-0.40369343757629395,2.761368989944458,-0.7188444137573242,-0.13026171922683716,2.7711966037750244,-0.760823130607605,0.13235053420066833,2.7886910438537598,-0.7692188620567322,0.18487298488616943,2.792189836502075,-0.7860103845596313,0.28991788625717163,2.799187660217285,-0.7146915197372437,0.24778228998184204,2.790756940841675,-0.36397504806518555,0.14354032278060913,2.7963507175445557,-0.36294281482696533,0.5680106282234192,2.8955867290496826,-0.36231741309165955,0.9463560581207275,2.9792327880859375,-0.3694036900997162,1.065998911857605,2.8868634700775146,-0.5641577839851379,0.14484304189682007,2.809453248977661,-0.5972657203674316,0.578727126121521,2.7835237979888916,-0.6222610473632812,0.9630784392356873,2.8258519172668457,-0.6370388269424438,1.0713087320327759,2.721140146255493,-0.4388430416584015,-0.5507708787918091,2.652212619781494,-0.4328749477863312,-0.6034013628959656,2.645402669906616,-0.40512439608573914,-0.6431500315666199,2.6837639808654785,-0.3713444173336029,-0.6291530728340149,2.7978382110595703,-0.4674619734287262,-0.648421049118042,2.6698689460754395,-0.5479676127433777,-0.6440874934196472,2.7584691047668457,-0.3597468435764313,1.0325902700424194,3.0379045009613037,-0.6256669163703918,1.0551187992095947,2.8748650550842285
-0.4676993787288666,0.1433066427707672,2.793330669403076,-0.47184258699417114,-0.03928990662097931,2.773033380508423,-0.47624826431274414,-0.22188800573349,2.752805471420288,-0.4806540608406067,-0.4044915735721588,2.732576847076416,-0.4305254817008972,-0.40645086765289307,2.7302722930908203,-0.2777344584465027,-0.4093967080116272,2.723586320877075,-0.24390064179897308,-0.16029366850852966,2.8408734798431396,-0.21192049980163574,0.08724574744701385,2.934943437576294,-0.2055244743824005,0.1367536336183548,2.9537575244903564,-0.19273242354393005,0.2357693910598755,2.9913854598999023,-0.26265066862106323,0.1927056759595871,2.9772090911865234,-0.5308305621147156,-0.40451696515083313,2.73466157913208,-0.6836215853691101,-0.401571124792099,2.741347551345825,-0.7203255295753479,-0.1266118288040161,2.7432239055633545,-0.7552871108055115,0.13767197728157043,2.752136468887329,-0.7622794508934021,0.1905287355184555,2.7539188861846924,-0.7762640714645386,0.29624226689338684,2.757483959197998,-0.7058826684951782,0.25186651945114136,2.7528722286224365,-0.3674519658088684,0.14135968685150146,2.7903826236724854,-0.36405855417251587,0.5651478171348572,2.892634868621826,-0.3611282706260681,0.9426679015159607,2.980062484741211,-0.36321088671684265,1.063289999961853,2.888698101043701,-0.5679467916488647,0.14525359869003296,2.796278715133667,-0.5956094861030579,0.5800027251243591,2.779208183288574,-0.6179744601249695,0.9631220102310181,2.8329949378967285,-0.6279241442680359,1.0748038291931152,2.7313599586486816,-0.4464367628097534,-0.5519204139709473,2.6412136554718018,-0.44110429286956787,-0.6046480536460876,2.6346607208251953,-0.4155725836753845,-0.6448239088058472,2.67409610748291,-0.3860861361026764,-0.6312947273254395,2.7894022464752197,-0.4773903489112854,-0.6490448713302612,2.657755136489868,-0.561236560344696,-0.6432541012763977,2.743103265762329,-0.3594573140144348,1.0283005237579346,3.0396597385406494,-0.6221128702163696,1.0536011457443237,2.8848021030426025
-0.4789698123931885,0.1446494162082672,2.7801856994628906,-0.4821035861968994,-0.03803230822086334,2.7604355812072754,-0.485531747341156,-0.220720112323761,2.740790843963623,-0.48895999789237976,-0.4034133851528168,2.7211456298828125,-0.4387761950492859,-0.4053323268890381,2.7208902835845947,-0.28590548038482666,-0.40815234184265137,2.720438241958618,-0.25908470153808594,-0.1603885293006897,2.8426411151885986,-0.23317258059978485,0.08298811316490173,2.9490554332733154,-0.22799015045166016,0.13166344165802002,2.9703383445739746,-0.21762530505657196,0.2290140986442566,3.012903928756714,-0.28655555844306946,0.1862386167049408,2.993650436401367,-0.5391810536384583,-0.4034801125526428,2.7211873531341553,-0.6920517683029175,-0.40066009759902954,2.721639394760132,-0.7238633036613464,-0.1250661015510559,2.7129340171813965,-0.7544152736663818,0.14005473256111145,2.710663318634033,-0.760525643825531,0.1930789053440094,2.7102091312408447,-0.7727464437484741,0.2991272211074829,2.7093007564544678,-0.703006386756897,0.2534310817718506,2.7092268466949463,-0.37867996096611023,0.14281810820102692,2.7812116146087646,-0.3801858425140381,0.5663465261459351,2.8845949172973633,-0.3814988136291504,0.9432394504547119,2.974740505218506,-0.38017624616622925,1.0645091533660889,2.884221076965332,-0.5792596340179443,0.1464807242155075,2.7791597843170166,-0.607211172580719,0.5814116597175598,2.7681822776794434,-0.6325611472129822,0.9629583358764648,2.8310766220092773,-0.6388080716133118,1.0772596597671509,2.7320914268493652,-0.45136216282844543,-0.5520285367965698,2.6332037448883057,-0.44592684507369995,-0.6048323512077332,2.6275453567504883,-0.4222390055656433,-0.6445637345314026,2.6685214042663574,-0.397665411233902,-0.629664957523346,2.7847678661346436,-0.4832972288131714,-0.6488226652145386,2.6496145725250244,-0.5706636905670166,-0.6417319178581238,2.731198310852051,-0.3823773264884949,1.028447151184082,3.0349621772766113,-0.6389288306236267,1.0520401000976562,2.8850364685058594
-0.48746994137763977,0.14627781510353088,2.7675793170928955,-0.490203857421875,-0.03647907078266144,2.7484538555145264,-0.4932364821434021,-0.21924631297588348,2.7294726371765137,-0.49626919627189636,-0.40201902389526367,2.7104909420013428,-0.4461115300655365,-0.4040176272392273,2.7120518684387207,-0.29345542192459106,-0.40707647800445557,2.7171151638031006,-0.2741250693798065,-0.15866011381149292,2.839540719985962,-0.25529423356056213,0.0826740562915802,2.952061653137207,-0.2515280544757843,0.13094088435173035,2.9745657444000244,-0.24399572610855103,0.22747455537319183,3.0195741653442383,-0.31161266565322876,0.18442927300930023,2.996556520462036,-0.5464598536491394,-0.40200692415237427,2.708723545074463,-0.6991159915924072,-0.398948073387146,2.703660249710083,-0.724644124507904,-0.12320283055305481,2.6840317249298096,-0.7493277788162231,0.1422109603881836,2.669748067855835,-0.7542645335197449,0.19529372453689575,2.66689133644104,-0.7641379833221436,0.30145925283432007,2.66117787361145,-0.695436954498291,0.2543899714946747,2.665583848953247,-0.3872736394405365,0.1443021446466446,2.7721352577209473,-0.39243200421333313,0.5672009587287903,2.8780088424682617,-0.397043913602829,0.9429776668548584,2.9726483821868896,-0.39251822233200073,1.0653473138809204,2.883718252182007,-0.5876662731170654,0.14825348556041718,2.7630233764648438,-0.6154948472976685,0.5833296179771423,2.7593460083007812,-0.643435001373291,0.9630013704299927,2.8318357467651367,-0.6463329792022705,1.079999566078186,2.7358858585357666,-0.4563852846622467,-0.5519304871559143,2.625974416732788,-0.45105692744255066,-0.6048108339309692,2.6212151050567627,-0.42911145091056824,-0.6440994739532471,2.663526773452759,-0.4086940884590149,-0.6277858018875122,2.7803337574005127,-0.48944148421287537,-0.6482842564582825,2.642479419708252,-0.579629123210907,-0.639642596244812,2.7206993103027344,-0.4000897705554962,1.0274467468261719,3.0338382720947266,-0.6517823934555054,1.050559163093567,2.8879823684692383
-0.4939599633216858,0.1480855941772461,2.755540609359741,-0.49661731719970703,-0.034750908613204956,2.737086296081543,-0.4996381998062134,-0.21759934723377228,2.7188069820404053,-0.5026592016220093,-0.40045326948165894,2.7005271911621094,-0.4525850713253021,-0.402607262134552,2.703756332397461,-0.30043888092041016,-0.4061315655708313,2.7138659954071045,-0.28864482045173645,-0.15509799122810364,2.83191180229187,-0.27717065811157227,0.08705383539199829,2.943744421005249,-0.27487581968307495,0.13548420369625092,2.966110944747925,-0.2702861428260803,0.23234492540359497,3.0108439922332764,-0.3364284336566925,0.18834954500198364,2.9854252338409424,-0.5527661442756653,-0.4002866744995117,2.697099447250366,-0.7049123048782349,-0.3967623710632324,2.6869897842407227,-0.7231650948524475,-0.12133058905601501,2.657057046890259,-0.7408439517021179,0.14371219277381897,2.6303086280822754,-0.7443796992301941,0.19672074913978577,2.6249589920043945,-0.7514512538909912,0.30273786187171936,2.6142594814300537,-0.6841069459915161,0.2543443739414215,2.6231656074523926,-0.39395618438720703,0.14584633708000183,2.7633259296417236,-0.403305321931839,0.5678578615188599,2.872408866882324,-0.41190099716186523,0.9420771598815918,2.9727725982666016,-0.4046643078327179,1.0658513307571411,2.885990858078003,-0.5939637422561646,0.15032485127449036,2.747755289077759,-0.6208534836769104,0.5854538679122925,2.7522146701812744,-0.6506140828132629,0.9631445407867432,2.833767890930176,-0.6502219438552856,1.082639217376709,2.7409005165100098,-0.461186945438385,-0.5515880584716797,2.6191539764404297,-0.45608508586883545,-0.6045364737510681,2.615201473236084,-0.43577876687049866,-0.6434370875358582,2.6586403846740723,-0.4189704954624176,-0.6258443593978882,2.775789260864258,-0.4954155385494232,-0.6474742293357849,2.635744571685791,-0.5879414081573486,-0.6372829675674438,2.7109172344207764,-0.4171784520149231,1.0255589485168457,3.0351545810699463,-0.660664975643158,1.0492098331451416,2.8919081687927246
-0.4987129867076874,0.15022924542427063,2.7448348999023438,-0.5015414357185364,-0.03268444538116455,2.727059841156006,-0.5048052072525024,-0.2156093269586563,2.709475517272949,-0.5080690979957581,-0.3985396921634674,2.6918904781341553,-0.4581260681152344,-0.4008951187133789,2.696683168411255,-0.3068158030509949,-0.4050179719924927,2.7114875316619873,-0.3019945025444031,-0.15023058652877808,2.821810007095337,-0.297232985496521,0.095241978764534,2.926757335662842,-0.2962806820869446,0.1443364918231964,2.947746753692627,-0.29437607526779175,0.24252551794052124,2.9897255897521973,-0.35906943678855896,0.19703258574008942,2.9632041454315186,-0.5580475926399231,-0.3981724977493286,2.6869068145751953,-0.7093578577041626,-0.39404964447021484,2.672102451324463,-0.7190074920654297,-0.11932957172393799,2.632774591445923,-0.7281970381736755,0.14469042420387268,2.5940139293670654,-0.7300349473953247,0.19749441742897034,2.586261749267578,-0.733710765838623,0.30310243368148804,2.5707576274871826,-0.6681057214736938,0.2533356547355652,2.5840797424316406,-0.3989822268486023,0.14763852953910828,2.755624771118164,-0.4124663770198822,0.5686957836151123,2.8680078983306885,-0.4252063035964966,0.9411431550979614,2.974421739578247,-0.41555190086364746,1.0664068460464478,2.890031099319458,-0.5984437465667725,0.15281996130943298,2.7340450286865234,-0.6250072121620178,0.5878212451934814,2.7470529079437256,-0.6569210886955261,0.9635155200958252,2.8367109298706055,-0.6536477208137512,1.0852049589157104,2.7467832565307617,-0.4652959406375885,-0.5507452487945557,2.613372325897217,-0.4604635238647461,-0.6037473678588867,2.610116958618164,-0.44175219535827637,-0.6423187255859375,2.654524087905884,-0.42832741141319275,-0.6236280202865601,2.7718958854675293,-0.500685453414917,-0.646179735660553,2.629904270172119,-0.5953050851821899,-0.6345676183700562,2.7021400928497314,-0.43267109990119934,1.0235376358032227,3.0380232334136963,-0.6686501502990723,1.048183798789978,2.8965728282928467
-0.5021058320999146,0.15267089009284973,2.7358291149139404,-0.505135715007782,-0.030309394001960754,2.718644618988037,-0.5087130069732666,-0.21329692006111145,2.701643705368042,-0.512290358543396,-0.3962899148464203,2.6846420764923096,-0.46251732110977173,-0.39884868264198303,2.6909098625183105,-0.31232351064682007,-0.40356725454330444,2.710094451904297,-0.3127252757549286,-0.14503958821296692,2.811344623565674,-0.3129420578479767,0.10401305556297302,2.907496690750122,-0.3129854202270508,0.153823584318161,2.926727056503296,-0.3130721151828766,0.253444641828537,2.9651877880096436,-0.37655651569366455,0.20658892393112183,2.9381606578826904,-0.5621023178100586,-0.39572006464004517,2.678189754486084,-0.7122961282730103,-0.39100149273872375,2.6590051651000977,-0.7127990126609802,-0.11740627884864807,2.6117429733276367,-0.7127595543861389,0.1449018120765686,2.562074661254883,-0.7127516865730286,0.19736343622207642,2.552140951156616,-0.7127358913421631,0.30228668451309204,2.532273530960083,-0.6491414904594421,0.2512574791908264,2.5498228073120117,-0.40270888805389404,0.14974947273731232,2.749411106109619,-0.4213256239891052,0.5698657035827637,2.8647513389587402,-0.43924710154533386,0.9405199289321899,2.97670841217041,-0.4277131259441376,1.0671950578689575,2.8946597576141357,-0.6015027761459351,0.15559230744838715,2.7222471237182617,-0.6274929046630859,0.5903637409210205,2.7433624267578125,-0.6610717177391052,0.9643166065216064,2.8396527767181396,-0.6550425291061401,1.0877898931503296,2.752305269241333,-0.4681870937347412,-0.5493431091308594,2.608680009841919,-0.4635884463787079,-0.6023805737495422,2.6060006618499756,-0.4464276134967804,-0.640677809715271,2.651235342025757,-0.43633270263671875,-0.6210963726043701,2.7687551975250244,-0.5046184659004211,-0.6443948745727539,2.624939441680908,-0.6012067794799805,-0.631628155708313,2.6942501068115234,-0.44906559586524963,1.0218462944030762,3.041377067565918,-0.6742743849754333,1.0478098392486572,2.900865316390991
-0.5046800971031189,0.15528610348701477,2.727964401245117,-0.5080310106277466,-0.02775414288043976,2.7113611698150635,-0.5119633674621582,-0.21079978346824646,2.694946050643921,-0.5158958435058594,-0.3938508927822113,2.67853045463562,-0.4663211703300476,-0.3966038227081299,2.6861650943756104,-0.31757646799087524,-0.4018767178058624,2.7093303203582764,-0.32211607694625854,-0.13925379514694214,2.7990334033966064,-0.3260542154312134,0.11412850022315979,2.882746696472168,-0.3268418312072754,0.16480496525764465,2.899489402770996,-0.3284170925617218,0.2661578953266144,2.9329748153686523,-0.39087677001953125,0.21775607764720917,2.906371831893921,-0.5655132532119751,-0.3930875062942505,2.670717239379883,-0.7142579555511475,-0.38781461119651794,2.647552013397217,-0.7052724361419678,-0.11562719941139221,2.5939671993255615,-0.6954495310783386,0.14438661932945251,2.5346179008483887,-0.6934849619865417,0.19638939201831818,2.5227479934692383,-0.689555823802948,0.3003949224948883,2.4990081787109375,-0.6281948685646057,0.24819469451904297,2.520493984222412,-0.40565672516822815,0.15201081335544586,2.744086980819702,-0.4291459321975708,0.5711646676063538,2.8622994422912598,-0.4520966112613678,0.9400430917739868,2.9793293476104736,-0.43894922733306885,1.0680325031280518,2.8995440006256104,-0.603703498840332,0.15856139361858368,2.7118418216705322,-0.6286725997924805,0.5930302143096924,2.7406389713287354,-0.66319739818573,0.9655286073684692,2.8423593044281006,-0.6544768214225769,1.0904420614242554,2.7572686672210693,-0.47045445442199707,-0.5476345419883728,2.604996681213379,-0.4660468101501465,-0.6006956696510315,2.602842092514038,-0.45035499334335327,-0.6387191414833069,2.6488091945648193,-0.4434621334075928,-0.6183040142059326,2.7663815021514893,-0.5077862739562988,-0.6423576474189758,2.6209280490875244,-0.606184184551239,-0.6286131143569946,2.6873843669891357,-0.4641292989253998,1.0203394889831543,3.0449345111846924,-0.6776125431060791,1.048056960105896,2.904629707336426
-0.5121608972549438,0.1566704511642456,2.7126433849334717,-0.5156530737876892,-0.026490315794944763,2.6974902153015137,-0.5196985006332397,-0.20965486764907837,2.682521104812622,-0.5237440466880798,-0.3928248882293701,2.6675515174865723,-0.47478824853897095,-0.3957962393760681,2.6784117221832275,-0.33133405447006226,-0.4015837013721466,2.710458993911743,-0.343209445476532,-0.13159844279289246,2.7722790241241455,-0.3537217080593109,0.12889739871025085,2.8278486728668213,-0.35582417249679565,0.18099656701087952,2.8389625549316406,-0.36002907156944275,0.28519490361213684,2.8611903190612793,-0.42024534940719604,0.23366421461105347,2.835622549057007,-0.5727438926696777,-0.39184436202049255,2.6565287113189697,-0.7161980867385864,-0.38605690002441406,2.624481439590454,-0.6918218731880188,-0.1166846752166748,2.5636603832244873,-0.664639949798584,0.13744205236434937,2.4879150390625,-0.6592035889625549,0.18826739490032196,2.4727659225463867,-0.648330807685852,0.28991806507110596,2.4424679279327393,-0.5914359092712402,0.23665925860404968,2.471820831298828,-0.41435331106185913,0.1529628485441208,2.734917402267456,-0.4435129761695862,0.5711122751235962,2.8569202423095703,-0.47345981001853943,0.9372013807296753,2.9820873737335205,-0.45522838830947876,1.067333459854126,2.9066059589385986,-0.6099684834480286,0.16037805378437042,2.6903693675994873,-0.6336042881011963,0.5941231846809387,2.7338476181030273,-0.6708017587661743,0.9646100997924805,2.843120813369751,-0.6555893421173096,1.0916842222213745,2.7619731426239014,-0.4725111424922943,-0.5472626090049744,2.5996086597442627,-0.4677596092224121,-0.600300669670105,2.5984888076782227,-0.45531851053237915,-0.637629508972168,2.645956516265869,-0.4570814073085785,-0.6156626343727112,2.7633800506591797,-0.5105268359184265,-0.6419014930725098,2.6140365600585938,-0.6135050654411316,-0.6277666091918945,2.672940492630005,-0.48951923847198486,1.015853762626648,3.0489702224731445,-0.688271701335907,1.0457476377487183,2.9065942764282227
-0.5138549208641052,0.15511342883110046,2.71972918510437,-0.518250584602356,-0.02806505560874939,2.705010175704956,-0.5230801701545715,-0.21124926209449768,2.6904995441436768,-0.5279099345207214,-0.3944389820098877,2.6759884357452393,-0.4793367087841034,-0.3977034091949463,2.6883771419525146,-0.3386472463607788,-0.4042716324329376,2.7244694232940674,-0.35177144408226013,-0.1313360631465912,2.7706315517425537,-0.362725168466568,0.13215380907058716,2.8087923526763916,-0.3649159073829651,0.1848517805337906,2.816424608230591,-0.3692973852157593,0.29024773836135864,2.83168888092041,-0.4288777709007263,0.2373795360326767,2.8075010776519775,-0.5765356421470642,-0.39316558837890625,2.6634421348571777,-0.7172250747680664,-0.3865973651409149,2.627349853515625,-0.6855837106704712,-0.1178273856639862,2.5676963329315186,-0.6496590375900269,0.13393452763557434,2.4881443977355957,-0.6424741148948669,0.1842869073152542,2.472234010696411,-0.6281042098999023,0.28499168157577515,2.440413236618042,-0.573578953742981,0.2310110181570053,2.4727087020874023,-0.4168074131011963,0.15075555443763733,2.744981050491333,-0.4443327784538269,0.5682142972946167,2.871433973312378,-0.47425371408462524,0.9323302507400513,3.0035457611083984,-0.4525459408760071,1.0639559030532837,2.931295156478882,-0.6109024286270142,0.1594713032245636,2.6944773197174072,-0.6303979158401489,0.593195915222168,2.7447030544281006,-0.665310800075531,0.9638069868087769,2.855868339538574,-0.645763635635376,1.091380000114441,2.776120185852051,-0.473584920167923,-0.5489071607589722,2.610701084136963,-0.46857956051826477,-0.601913571357727,2.609997034072876,-0.4577515721321106,-0.6389710903167725,2.658046007156372,-0.46394088864326477,-0.6165066957473755,2.7751901149749756,-0.5117089748382568,-0.6436159014701843,2.624138116836548,-0.6168203353881836,-0.6296670436859131,2.6791176795959473,-0.4914632737636566,1.0098270177841187,3.071666717529297,-0.6834641695022583,1.044819712638855,2.919506072998047
-0.513210654258728,0.15278106927871704,2.7215030193328857,-0.5184388160705566,-0.030412986874580383,2.707308053970337,-0.5240612626075745,-0.21360935270786285,2.6932942867279053,-0.5296838879585266,-0.39681118726730347,2.6792802810668945,-0.48153090476989746,-0.40035176277160645,2.6931416988372803,-0.3440166413784027,-0.4076150059700012,2.732919454574585,-0.35772696137428284,-0.13295504450798035,2.765824317932129,-0.3684000074863434,0.13212186098098755,2.7891035079956055,-0.37053462862968445,0.18513724207878113,2.793759346008301,-0.3748038411140442,0.2911680042743683,2.8030710220336914,-0.43385183811187744,0.23731103539466858,2.779947280883789,-0.5778979659080505,-0.39526182413101196,2.665266275405884,-0.7154122591018677,-0.3879985809326172,2.625488519668579,-0.6744019389152527,-0.11967170238494873,2.570464611053467,-0.6279080510139465,0.13065946102142334,2.492399215698242,-0.6186092495918274,0.18072569370269775,2.4767861366271973,-0.6000117063522339,0.2808581590652466,2.4455599784851074,-0.5484509468078613,0.22533446550369263,2.479919195175171,-0.4170365631580353,0.14784884452819824,2.7497339248657227,-0.4433673322200775,0.5652050971984863,2.878697156906128,-0.4732377231121063,0.9286875128746033,3.013995885848999,-0.44802945852279663,1.0609880685806274,2.9437320232391357,-0.6093847155570984,0.15771329402923584,2.693272113800049,-0.6242468357086182,0.5917185544967651,2.7473983764648438,-0.6559762954711914,0.9636321067810059,2.8569016456604004,-0.6316558718681335,1.090810775756836,2.777466058731079,-0.4723907709121704,-0.5511279106140137,2.616319179534912,-0.4671303927898407,-0.60410076379776,2.615907669067383,-0.4578649699687958,-0.6410061717033386,2.6643807888031006,-0.46833398938179016,-0.6183436512947083,2.7811548709869385,-0.5105432868003845,-0.645959198474884,2.628584623336792,-0.6175891757011414,-0.6323772668838501,2.679732322692871,-0.4915972650051117,1.0057481527328491,3.082516670227051,-0.6746596097946167,1.045210361480713,2.9198813438415527
-0.5111972093582153,0.15097317099571228,2.719454050064087,-0.517129123210907,-0.032207682728767395,2.7055790424346924,-0.5234013795852661,-0.21539194881916046,2.6919002532958984,-0.5296738147735596,-0.39858171343803406,2.6782209873199463,-0.4819726347923279,-0.4023577570915222,2.6934945583343506,-0.3479628264904022,-0.41016367077827454,2.736581325531006,-0.3635248839855194,-0.13469865918159485,2.757910966873169,-0.3750755190849304,0.13093730807304382,2.7681519985198975,-0.3773856461048126,0.18406450748443604,2.770200252532959,-0.382005900144577,0.29031890630722046,2.774296760559082,-0.4402293264865875,0.23534053564071655,2.75199031829834,-0.5774431228637695,-0.39679670333862305,2.6627988815307617,-0.7114529609680176,-0.3889907896518707,2.6197121143341064,-0.6625627875328064,-0.12099745869636536,2.5710558891296387,-0.607277512550354,0.1286894530057907,2.497565984725952,-0.5962204337120056,0.17862683534622192,2.482867956161499,-0.5741063356399536,0.27850160002708435,2.453472137451172,-0.5251907706260681,0.2213878333568573,2.4889042377471924,-0.4159787893295288,0.1455346792936325,2.7505457401275635,-0.4410732090473175,0.5625003576278687,2.8823530673980713,-0.4705502390861511,0.9254798889160156,3.020094394683838,-0.44190436601638794,1.0581916570663452,2.9516448974609375,-0.6064156293869019,0.15641166269779205,2.6883623600006104,-0.6169735789299011,0.5903952121734619,2.746757984161377,-0.6456375122070312,0.9631269574165344,2.855593204498291,-0.616753876209259,1.089996576309204,2.776928424835205,-0.469564825296402,-0.5524957180023193,2.6170051097869873,-0.46401920914649963,-0.6054314374923706,2.6167078018188477,-0.4561496376991272,-0.6423434019088745,2.6654093265533447,-0.4705384373664856,-0.619886040687561,2.781785011291504,-0.507597029209137,-0.6475224494934082,2.6279139518737793,-0.6163060665130615,-0.6345601081848145,2.6755478382110596,-0.4899245500564575,1.002235770225525,3.08882474899292,-0.6648200154304504,1.0450810194015503,2.918093204498291
-0.5083710551261902,0.14940810203552246,2.7164454460144043,-0.5149064660072327,-0.03375747799873352,2.703030824661255,-0.5217881202697754,-0.21692520380020142,2.6898200511932373,-0.5286699533462524,-0.40009838342666626,2.6766088008880615,-0.4814792573451996,-0.4040788412094116,2.6933224201202393,-0.3511027693748474,-0.4123190939426422,2.739659309387207,-0.3676000237464905,-0.13666510581970215,2.7522904872894287,-0.37940138578414917,0.12887445092201233,2.753357410430908,-0.38176167011260986,0.1819823682308197,2.753570795059204,-0.38648220896720886,0.28819817304611206,2.753997564315796,-0.443931519985199,0.2325207144021988,2.7317445278167725,-0.5759354829788208,-0.3981088697910309,2.6597518920898438,-0.7063119411468506,-0.3898686170578003,2.613415002822876,-0.6510800123214722,-0.12230581045150757,2.571267604827881,-0.5887080430984497,0.12704965472221375,2.503567695617676,-0.5762336254119873,0.17692074179649353,2.490027666091919,-0.5512848496437073,0.2766629457473755,2.4629478454589844,-0.5047416687011719,0.21817409992218018,2.499119520187378,-0.4142492413520813,0.14355719089508057,2.7504799365997314,-0.4391629993915558,0.5600436925888062,2.884704113006592,-0.46874406933784485,0.9229539632797241,3.02327561378479,-0.4366890788078308,1.0557184219360352,2.9562480449676514,-0.6024928689002991,0.15525901317596436,2.682410955429077,-0.6094709634780884,0.5889698266983032,2.7452125549316406,-0.6357610821723938,0.9620654582977295,2.8542516231536865,-0.6024870276451111,1.0887391567230225,2.7768356800079346,-0.46614399552345276,-0.5538022518157959,2.6173741817474365,-0.4604167640209198,-0.6067133545875549,2.617265224456787,-0.45397597551345825,-0.6435889005661011,2.6661949157714844,-0.472125381231308,-0.6211676597595215,2.7820370197296143,-0.5041837096214294,-0.6489429473876953,2.6270904541015625,-0.6143805980682373,-0.6363375186920166,2.6712405681610107,-0.48928943276405334,0.9996692538261414,3.091808557510376,-0.6556158065795898,1.044206142425537,2.916403293609619
-0.504692792892456,0.14817595481872559,2.7119390964508057,-0.5117528438568115,-0.03495824337005615,2.6989169120788574,-0.5191598534584045,-0.2180936485528946,2.686105728149414,-0.5265671014785767,-0.40123450756073,2.6732940673828125,-0.47995325922966003,-0.40539413690567017,2.6914846897125244,-0.3532257080078125,-0.41398948431015015,2.7410850524902344,-0.37131258845329285,-0.13855797052383423,2.7469592094421387,-0.3840004503726959,0.12653902173042297,2.7409472465515137,-0.386538028717041,0.1795584261417389,2.7397449016571045,-0.3916131556034088,0.2855972349643707,2.737340211868286,-0.4480537176132202,0.22921384871006012,2.714677572250366,-0.5732614398002625,-0.39906543493270874,2.6549644470214844,-0.6999890208244324,-0.39047008752822876,2.6053640842437744,-0.6397304534912109,-0.12330055236816406,2.570528507232666,-0.5719516277313232,0.12633611261844635,2.5108535289764404,-0.5583958625793457,0.1762634515762329,2.4989185333251953,-0.5312843322753906,0.27611809968948364,2.475048542022705,-0.48687124252319336,0.21631360054016113,2.511505603790283,-0.41183042526245117,0.14195899665355682,2.749023675918579,-0.43735605478286743,0.5577937960624695,2.885732650756836,-0.46749189496040344,0.9206755757331848,3.024719715118408,-0.43204110860824585,1.0533835887908936,2.9591612815856934,-0.5975551605224609,0.15439291298389435,2.6748545169830322,-0.6019419431686401,0.587619423866272,2.7423453330993652,-0.6271870732307434,0.9603955149650574,2.8532931804656982,-0.5898377299308777,1.087237000465393,2.77791166305542,-0.4619821012020111,-0.5547162294387817,2.6157233715057373,-0.45615729689598083,-0.6076160669326782,2.6156952381134033,-0.4511449635028839,-0.6445690393447876,2.6647326946258545,-0.47286131978034973,-0.6223923563957214,2.7800049781799316,-0.5001255869865417,-0.6499407291412354,2.624105215072632,-0.6116397380828857,-0.6376122236251831,2.664893865585327,-0.48935410380363464,0.997400164604187,3.0929014682769775,-0.648051917552948,1.042373776435852,2.915402889251709
-0.5007528066635132,0.1477680802345276,2.706552028656006,-0.5082317590713501,-0.035316795110702515,2.693781852722168,-0.5160992741584778,-0.2183982878923416,2.6811976432800293,-0.5239670276641846,-0.40148526430130005,2.6686131954193115,-0.47800302505493164,-0.4058162569999695,2.6883163452148438,-0.35498231649398804,-0.4147367477416992,2.741184949874878,-0.3746325373649597,-0.13978120684623718,2.7425055503845215,-0.3881095349788666,0.12470725178718567,2.731559991836548,-0.3908049464225769,0.17760494351387024,2.7293708324432373,-0.39619573950767517,0.2834003269672394,2.724992513656616,-0.45152226090431213,0.22647973895072937,2.701413631439209,-0.5700165629386902,-0.39914417266845703,2.648773193359375,-0.6930372714996338,-0.3902236819267273,2.595904588699341,-0.6288809180259705,-0.12352457642555237,2.5686285495758057,-0.5570551753044128,0.126507967710495,2.517831325531006,-0.5426900386810303,0.17651447653770447,2.50767183303833,-0.5139597654342651,0.2765274941921234,2.4873528480529785,-0.47146478295326233,0.21553513407707214,2.523836612701416,-0.4093036353588104,0.14122892916202545,2.7467451095581055,-0.4355282783508301,0.5566217303276062,2.885176181793213,-0.4659963846206665,0.9198859930038452,3.0234951972961426,-0.4270150065422058,1.0522708892822266,2.9591681957244873,-0.5922019481658936,0.15430723130702972,2.6663589477539062,-0.5959652066230774,0.5869187712669373,2.7387137413024902,-0.6218338012695312,0.9591546058654785,2.851818799972534,-0.5809420347213745,1.0863075256347656,2.7787210941314697,-0.4576546549797058,-0.5547483563423157,2.6124794483184814,-0.45180273056030273,-0.6076414585113525,2.6124587059020996,-0.4481988549232483,-0.6447402834892273,2.6615042686462402,-0.47326967120170593,-0.6229302883148193,2.776155471801758,-0.49597057700157166,-0.6500091552734375,2.6194558143615723,-0.6086229085922241,-0.6378586888313293,2.6570181846618652,-0.4891462028026581,0.9968458414077759,3.0910439491271973,-0.6440872550010681,1.0408488512039185,2.913886308670044
-0.49682992696762085,0.1478080451488495,2.7013535499572754,-0.5046412944793701,-0.03522275388240814,2.6887378692626953,-0.5128871202468872,-0.21824488043785095,2.676273822784424,-0.5211331844329834,-0.4012724757194519,2.663809299468994,-0.4758995771408081,-0.40575966238975525,2.6850709915161133,-0.3565525412559509,-0.4149654507637024,2.7412922382354736,-0.37713780999183655,-0.14046892523765564,2.7395710945129395,-0.3906680941581726,0.12347173690795898,2.7250607013702393,-0.39337414503097534,0.1762598752975464,2.722158670425415,-0.3987862467765808,0.2818361520767212,2.7163546085357666,-0.45304715633392334,0.2246018648147583,2.6915011405944824,-0.5664564371109009,-0.3987745940685272,2.6424121856689453,-0.6858034729957581,-0.3895688056945801,2.586190938949585,-0.6185122728347778,-0.12337303161621094,2.5665252208709717,-0.5435674786567688,0.12706297636032104,2.5250115394592285,-0.528578519821167,0.1771501749753952,2.5167088508605957,-0.4986006021499634,0.2773245871067047,2.50010347366333,-0.45792099833488464,0.2152448147535324,2.5365583896636963,-0.40698137879371643,0.14098094403743744,2.7447702884674072,-0.4357963800430298,0.5561573505401611,2.8838603496551514,-0.46794411540031433,0.9201844334602356,3.020195722579956,-0.4256504476070404,1.0521103143692017,2.9568898677825928,-0.5866785049438477,0.15463514626026154,2.6579368114471436,-0.5903816819190979,0.586563766002655,2.7352137565612793,-0.617354154586792,0.9582000970840454,2.8505196571350098,-0.5729440450668335,1.0856640338897705,2.779939889907837,-0.4533323049545288,-0.5543770790100098,2.6091055870056152,-0.4475111663341522,-0.6072671413421631,2.6090810298919678,-0.44533178210258484,-0.6445216536521912,2.658083200454712,-0.47365689277648926,-0.6230680346488953,2.772026777267456,-0.4918783903121948,-0.6496244072914124,2.6146738529205322,-0.6055389642715454,-0.6375258564949036,2.649033784866333,-0.4927579164505005,0.9975515007972717,3.086742877960205,-0.6411483287811279,1.039590835571289,2.9124815464019775
-0.4933232367038727,0.14758548140525818,2.6967051029205322,-0.501358687877655,-0.035415440797805786,2.6842782497406006,-0.5098354816436768,-0.21840417385101318,2.6719653606414795,-0.5183125734329224,-0.40139836072921753,2.6596522331237793,-0.47391247749328613,-0.4059978127479553,2.6825616359710693,-0.3581816554069519,-0.41538459062576294,2.7423887252807617,-0.37871336936950684,-0.14122024178504944,2.738833427429199,-0.3911294639110565,0.12231376767158508,2.7217342853546143,-0.39361268281936646,0.17502057552337646,2.7183144092559814,-0.39857912063598633,0.28043419122695923,2.711474657058716,-0.4518987834453583,0.2231612652540207,2.6850409507751465,-0.5628047585487366,-0.39878788590431213,2.636608600616455,-0.6785355806350708,-0.3894011080265045,2.5767815113067627,-0.6086357831954956,-0.12372809648513794,2.5652847290039062,-0.5311945080757141,0.1270800232887268,2.533742904663086,-0.5157062411308289,0.17724165320396423,2.5274345874786377,-0.48472973704338074,0.2775648832321167,2.514817953109741,-0.445881724357605,0.21440880000591278,2.5512053966522217,-0.40530094504356384,0.14054177701473236,2.7435150146484375,-0.43711477518081665,0.5557475686073303,2.882558822631836,-0.47106748819351196,0.9208185076713562,3.0161988735198975,-0.42531269788742065,1.0521619319915771,2.9539132118225098,-0.5813455581665039,0.154629185795784,2.649895191192627,-0.5849683284759521,0.5860852599143982,2.7309730052948,-0.6127671003341675,0.9576429128646851,2.8469960689544678,-0.564555287361145,1.0850496292114258,2.7786786556243896,-0.4486018419265747,-0.5542240738868713,2.6066701412200928,-0.4426937401294708,-0.6070975661277771,2.606684446334839,-0.44196757674217224,-0.6444768309593201,2.6556246280670166,-0.4738348722457886,-0.6233817934989929,2.7686798572540283,-0.48713499307632446,-0.6495358943939209,2.6107888221740723,-0.6018092632293701,-0.6377158164978027,2.6416451930999756,-0.4976366460323334,0.9987276792526245,3.081507444381714,-0.6381039619445801,1.0390266180038452,2.908442974090576
-0.4873957335948944,0.1479133665561676,2.690194845199585,-0.49579915404319763,-0.0351211279630661,2.6786837577819824,-0.504558801651001,-0.21814686059951782,2.667299747467041,-0.5133187174797058,-0.4011780619621277,2.6559152603149414,-0.47141703963279724,-0.4058755040168762,2.683104991912842,-0.36314448714256287,-0.4154324233531952,2.7534425258636475,-0.37861236929893494,-0.1412937045097351,2.7481513023376465,-0.3840586245059967,0.12201753258705139,2.728996515274048,-0.3851478695869446,0.17467978596687317,2.725165605545044,-0.38732635974884033,0.28000426292419434,2.717503786087036,-0.4388309419155121,0.22369563579559326,2.6861634254455566,-0.5553156137466431,-0.3984699845314026,2.6286017894744873,-0.6635881662368774,-0.3889130651950836,2.5582642555236816,-0.5904695391654968,-0.12424910068511963,2.563359260559082,-0.508396565914154,0.12635982036590576,2.549625873565674,-0.49198198318481445,0.17648160457611084,2.546879291534424,-0.45915281772613525,0.276725172996521,2.5413858890533447,-0.424865186214447,0.21192072331905365,2.5792055130004883,-0.404587984085083,0.1406308114528656,2.7455403804779053,-0.44024577736854553,0.5565420985221863,2.8821282386779785,-0.47646450996398926,0.9236544370651245,3.0099542140960693,-0.4215276539325714,1.0532609224319458,2.9514002799987793,-0.5702034831047058,0.1551959216594696,2.6348493099212646,-0.5746265649795532,0.5850443840026855,2.724963903427124,-0.6035534143447876,0.9567896127700806,2.8406853675842285,-0.5457212924957275,1.0832524299621582,2.7781786918640137,-0.4389600157737732,-0.5535194873809814,2.608410358428955,-0.4329761862754822,-0.6063593029975891,2.608640432357788,-0.43647894263267517,-0.6440074443817139,2.657217502593994,-0.4781785011291504,-0.6236329078674316,2.767103433609009,-0.47750324010849,-0.6488649845123291,2.6085801124572754,-0.5944140553474426,-0.6373958587646484,2.6292974948883057,-0.5068497061729431,1.002822995185852,3.0720808506011963,-0.6324730515480042,1.0385503768920898,2.900094747543335
-0.4837026596069336,0.14874732494354248,2.689811944961548,-0.4922412037849426,-0.034305304288864136,2.6787467002868652,-0.5010591149330139,-0.21735505759716034,2.6678545475006104,-0.5098773241043091,-0.4004102945327759,2.6569619178771973,-0.4697607457637787,-0.40511417388916016,2.686720132827759,-0.36635279655456543,-0.4146636128425598,2.763488292694092,-0.37765368819236755,-0.14038273692131042,2.7626054286956787,-0.3776251971721649,0.12314552068710327,2.7475709915161133,-0.37761950492858887,0.17585116624832153,2.7445640563964844,-0.3776080906391144,0.28126245737075806,2.7385501861572266,-0.4278407394886017,0.22636330127716064,2.7030134201049805,-0.5500897169113159,-0.39769601821899414,2.6270854473114014,-0.6534976959228516,-0.3881465792655945,2.5503172874450684,-0.5803098678588867,-0.12396985292434692,2.564901828765869,-0.4968301057815552,0.1264059841632843,2.56087064743042,-0.48013415932655334,0.17648115754127502,2.5600643157958984,-0.4467422366142273,0.27663150429725647,2.5584518909454346,-0.41524508595466614,0.21110135316848755,2.5973598957061768,-0.4045475721359253,0.1414039134979248,2.750213861465454,-0.4418486952781677,0.55836021900177,2.883143424987793,-0.4796372056007385,0.9266519546508789,3.0070760250091553,-0.41929441690444946,1.0550787448883057,2.951306104660034,-0.5628577470779419,0.15609073638916016,2.6294100284576416,-0.5688151121139526,0.5849268436431885,2.7241644859313965,-0.5992345809936523,0.9565842151641846,2.8397998809814453,-0.5360327959060669,1.0824517011642456,2.7814226150512695,-0.4330526292324066,-0.5525408387184143,2.6130025386810303,-0.4270956516265869,-0.605369508266449,2.6133456230163574,-0.43326136469841003,-0.6432039737701416,2.6614913940429688,-0.4809178411960602,-0.6232686638832092,2.7689766883850098,-0.4715439975261688,-0.647850751876831,2.610668420791626,-0.5893852710723877,-0.6364344358444214,2.624978542327881,-0.5123476386070251,1.006606936454773,3.066977024078369,-0.6304416656494141,1.0385141372680664,2.897804021835327
-0.47957658767700195,0.14883947372436523,2.6915626525878906,-0.48824697732925415,-0.03423638641834259,2.6809961795806885,-0.4971483051776886,-0.2173132747411728,2.6706414222717285,-0.5060499310493469,-0.4003956615924835,2.6602864265441895,-0.4677446484565735,-0.40507185459136963,2.6923465728759766,-0.3690961003303528,-0.4145404100418091,2.7749526500701904,-0.3764970004558563,-0.14029309153556824,2.780085563659668,-0.3719080090522766,0.12336918711662292,2.771512746810913,-0.37099021673202515,0.17610163986682892,2.7697982788085938,-0.36915460228919983,0.2815665602684021,2.766369104385376,-0.41792652010917664,0.22831876575946808,2.7266180515289307,-0.544451892375946,-0.39770931005477905,2.6281135082244873,-0.6431004405021667,-0.3882407546043396,2.5455074310302734,-0.5708140134811401,-0.12457188963890076,2.5688769817352295,-0.48663046956062317,0.1254359483718872,2.5735206604003906,-0.46979376673698425,0.17543751001358032,2.574449300765991,-0.4361203610897064,0.27544063329696655,2.5763068199157715,-0.407287061214447,0.2093033641576767,2.6161649227142334,-0.404092937707901,0.1415182501077652,2.75647234916687,-0.44324204325675964,0.5596405267715454,2.8854167461395264,-0.48381170630455017,0.9286827445030212,3.0064308643341064,-0.4190221130847931,1.0563327074050903,2.9538822174072266,-0.5550602674484253,0.15616069734096527,2.626652956008911,-0.5641872882843018,0.5841647982597351,2.7252163887023926,-0.5974771976470947,0.9556688070297241,2.8407976627349854,-0.529949963092804,1.081192970275879,2.7866005897521973,-0.4273684620857239,-0.5524985790252686,2.6198339462280273,-0.4215252697467804,-0.6053252816200256,2.62032151222229,-0.43018215894699097,-0.6432774662971497,2.667968511581421,-0.48317569494247437,-0.6235708594322205,2.7729344367980957,-0.46583983302116394,-0.6477078199386597,2.61527156829834,-0.5842057466506958,-0.6361235976219177,2.623626470565796,-0.5189314484596252,1.009146809577942,3.0642850399017334,-0.6310828924179077,1.0376620292663574,2.897390365600586
-0.4751913845539093,0.14877751469612122,2.6938445568084717,-0.48409876227378845,-0.034312307834625244,2.6837551593780518,-0.4931778311729431,-0.21740710735321045,2.673912286758423,-0.5022571682929993,-0.400507390499115,2.664069175720215,-0.4657725393772125,-0.4051511883735657,2.698190689086914,-0.37183767557144165,-0.4145328402519226,2.786060333251953,-0.37606847286224365,-0.14046096801757812,2.796140432357788,-0.3673146665096283,0.12310981750488281,2.792574405670166,-0.36556389927864075,0.17582397162914276,2.7918612957000732,-0.36206239461898804,0.28125229477882385,2.7904348373413086,-0.4093106985092163,0.2294539511203766,2.7471511363983154,-0.5388404726982117,-0.3978536128997803,2.629840612411499,-0.6327753663063049,-0.38847196102142334,2.54197096824646,-0.5628424286842346,-0.12515529990196228,2.5737295150756836,-0.47900569438934326,0.12458865344524384,2.5863089561462402,-0.4622383415699005,0.17453745007514954,2.58882474899292,-0.4287036657333374,0.27443504333496094,2.5938565731048584,-0.4022536277770996,0.20780587196350098,2.6344757080078125,-0.40339845418930054,0.14148440957069397,2.7628087997436523,-0.44412973523139954,0.5608468055725098,2.8875293731689453,-0.4885113835334778,0.9302101135253906,3.006513833999634,-0.42007526755332947,1.057445764541626,2.957601547241211,-0.5469843149185181,0.15607061982154846,2.624880313873291,-0.5593835711479187,0.5836069583892822,2.7255678176879883,-0.5955503582954407,0.9552743434906006,2.840073585510254,-0.5241444706916809,1.080328106880188,2.7897982597351074,-0.422320157289505,-0.5526835322380066,2.6266708374023438,-0.4166705310344696,-0.6055164933204651,2.6272289752960205,-0.42758864164352417,-0.6435969471931458,2.6742846965789795,-0.4851991534233093,-0.6240906715393066,2.7767908573150635,-0.4608309864997864,-0.6477249264717102,2.620027780532837,-0.5793858766555786,-0.6357865929603577,2.6230626106262207,-0.5261173248291016,1.0109193325042725,3.0624794960021973,-0.6314079165458679,1.0374789237976074,2.895000696182251
-0.470534086227417,0.14902856945991516,2.6963772773742676,-0.4796726405620575,-0.034060776233673096,2.686513662338257,-0.4889504313468933,-0.21715635061264038,2.676898717880249,-0.498228520154953,-0.400257408618927,2.667283535003662,-0.4635447859764099,-0.4049030840396881,2.703233242034912,-0.3742462992668152,-0.41428855061531067,2.7957916259765625,-0.3762610852718353,-0.14047673344612122,2.8093864917755127,-0.3640684187412262,0.12285313010215759,2.8092551231384277,-0.3616298735141754,0.17551910877227783,2.8092288970947266,-0.35675281286239624,0.2808510661125183,2.809176206588745,-0.40236905217170715,0.23016121983528137,2.7630021572113037,-0.5330130457878113,-0.39760181307792664,2.6312291622161865,-0.622311532497406,-0.3882163465023041,2.538670778274536,-0.5553929805755615,-0.12529471516609192,2.578115701675415,-0.47256988286972046,0.12417399883270264,2.5980403423309326,-0.4560052752494812,0.17406773567199707,2.602025270462036,-0.4228760302066803,0.27385520935058594,2.609995126724243,-0.39856964349746704,0.20678742229938507,2.651146650314331,-0.4023250937461853,0.14171774685382843,2.768885850906372,-0.44449740648269653,0.5625349283218384,2.888446569442749,-0.49302157759666443,0.9323542714118958,3.004634380340576,-0.42158031463623047,1.0592172145843506,2.9590649604797363,-0.5387430787086487,0.1563393920660019,2.623868703842163,-0.5545104742050171,0.5834160447120667,2.7264223098754883,-0.5942328572273254,0.9548906087875366,2.84065580368042,-0.5197299122810364,1.0797641277313232,2.7944979667663574,-0.4173372983932495,-0.5524254441261292,2.6322057247161865,-0.41188517212867737,-0.6052653789520264,2.6326510906219482,-0.42483577132225037,-0.6435956954956055,2.6789603233337402,-0.4865095019340515,-0.6245480179786682,2.779123306274414,-0.4558364152908325,-0.6472629308700562,2.623379945755005,-0.5743446350097656,-0.6349385976791382,2.62164568901062,-0.5330100655555725,1.0133397579193115,3.058553457260132,-0.6323080062866211,1.0370910167694092,2.8941195011138916
-0.465613454580307,0.1493472456932068,2.7012760639190674,-0.475082129240036,-0.033741146326065063,2.69173264503479,-0.4846896529197693,-0.2168334424495697,2.682405471801758,-0.49429744482040405,-0.3999312222003937,2.6730780601501465,-0.46143484115600586,-0.4045725464820862,2.710700035095215,-0.3768167495727539,-0.4139465093612671,2.8075497150421143,-0.37652263045310974,-0.14041557908058167,2.823137044906616,-0.3601449131965637,0.12250867486000061,2.824502468109131,-0.3568693697452545,0.17509353160858154,2.824775457382202,-0.3503182828426361,0.2802632451057434,2.825321674346924,-0.39439138770103455,0.23047009110450745,2.7768287658691406,-0.5272644758224487,-0.3972799479961395,2.63535475730896,-0.6118825674057007,-0.3879059851169586,2.5385050773620605,-0.5491377115249634,-0.12508893013000488,2.5838098526000977,-0.4681590795516968,0.1243094950914383,2.6091504096984863,-0.4519633650779724,0.17418918013572693,2.6142184734344482,-0.4195719063282013,0.2739485502243042,2.624354600906372,-0.39711666107177734,0.20674945414066315,2.6662285327911377,-0.40099668502807617,0.1420583575963974,2.7770018577575684,-0.44381415843963623,0.5648202896118164,2.8895435333251953,-0.49673110246658325,0.9353548288345337,3.001689910888672,-0.4227063059806824,1.061814546585083,2.9591355323791504,-0.5302302241325378,0.15663613379001617,2.6255502700805664,-0.5487926602363586,0.5834070444107056,2.7292261123657227,-0.5914449095726013,0.9548704028129578,2.8426661491394043,-0.5140624642372131,1.0794084072113037,2.8004186153411865,-0.4123310148715973,-0.5520310997962952,2.6404552459716797,-0.4069954752922058,-0.6048733592033386,2.6408207416534424,-0.42188185453414917,-0.6434301137924194,2.686337471008301,-0.48752886056900024,-0.6248267292976379,2.7840003967285156,-0.4505991041660309,-0.6467225551605225,2.6295344829559326,-0.5688944458961487,-0.6341553926467896,2.623058557510376,-0.5390450358390808,1.0167131423950195,3.0532569885253906,-0.6314564943313599,1.037178874015808,2.894562005996704
-0.4595694839954376,0.14928439259529114,2.709684371948242,-0.46943482756614685,-0.03382447361946106,2.7010223865509033,-0.47944414615631104,-0.21693474054336548,2.692556858062744,-0.4894537627696991,-0.40005049109458923,2.684091091156006,-0.4583568274974823,-0.4045586585998535,2.7231998443603516,-0.3782941699028015,-0.4135875701904297,2.8238322734832764,-0.37523916363716125,-0.14019078016281128,2.8380916118621826,-0.3533991277217865,0.12215551733970642,2.8372228145599365,-0.34903112053871155,0.17462477087974548,2.8370490074157715,-0.34029510617256165,0.279563307762146,2.8367013931274414,-0.3831522464752197,0.2301325798034668,2.786863088607788,-0.5206595063209534,-0.39753258228302,2.644890308380127,-0.6007221341133118,-0.38850367069244385,2.544257879257202,-0.5434244275093079,-0.12506842613220215,2.5919787883758545,-0.4652499854564667,0.12482209503650665,2.6193063259124756,-0.44961509108543396,0.17480020225048065,2.6247718334198,-0.41834530234336853,0.27475640177726746,2.6357028484344482,-0.3973385691642761,0.20799440145492554,2.6788949966430664,-0.3983752131462097,0.14227226376533508,2.788219451904297,-0.4404923617839813,0.5673055052757263,2.8924269676208496,-0.49810490012168884,0.9385318160057068,3.0000925064086914,-0.42209041118621826,1.064728021621704,2.96026611328125,-0.5207637548446655,0.1562965214252472,2.6311492919921875,-0.5422261953353882,0.5830936431884766,2.7344446182250977,-0.5877488255500793,0.9548678398132324,2.8459420204162598,-0.507986843585968,1.079010248184204,2.806999921798706,-0.4068083167076111,-0.5524012446403503,2.6544687747955322,-0.4016644358634949,-0.6052623987197876,2.6549906730651855,-0.41839417815208435,-0.6438040137290955,2.6998775005340576,-0.4876389503479004,-0.6250544190406799,2.7949981689453125,-0.44494712352752686,-0.6469589471817017,2.642021894454956,-0.5628722310066223,-0.6339935064315796,2.6310739517211914,-0.5426472425460815,1.0202085971832275,3.0492565631866455,-0.6295104026794434,1.0374118089675903,2.8960886001586914
-0.4521498382091522,0.14899784326553345,2.7176082134246826,-0.46234461665153503,-0.034132182598114014,2.709824562072754,-0.4726489782333374,-0.2172659933567047,2.702277898788452,-0.48295363783836365,-0.40040528774261475,2.6947309970855713,-0.45350492000579834,-0.4047265350818634,2.7351157665252686,-0.3776893615722656,-0.41327306628227234,2.838994264602661,-0.3737216591835022,-0.13994631171226501,2.8516602516174316,-0.3479537069797516,0.12189200520515442,2.8483612537384033,-0.342800110578537,0.17425966262817383,2.8477015495300293,-0.3324929177761078,0.27899497747421265,2.846381902694702,-0.3739095628261566,0.2295457124710083,2.795424222946167,-0.5125143527984619,-0.39807453751564026,2.654264211654663,-0.5883299112319946,-0.3895280063152313,2.5503857135772705,-0.5375991463661194,-0.1249786913394928,2.598590850830078,-0.46310240030288696,0.12588775157928467,2.6259851455688477,-0.44820305705070496,0.17606103420257568,2.6314640045166016,-0.41840437054634094,0.2764075994491577,2.6424217224121094,-0.3984452188014984,0.21039892733097076,2.687162399291992,-0.39410141110420227,0.1423274278640747,2.7985169887542725,-0.43488991260528564,0.5693309307098389,2.8952276706695557,-0.49813026189804077,0.9406141638755798,2.999720335006714,-0.4209572374820709,1.067017912864685,2.9627914428710938,-0.5101982355117798,0.1556682586669922,2.6366994380950928,-0.5341900587081909,0.5824877023696899,2.739647150039673,-0.582420289516449,0.9544457197189331,2.8496036529541016,-0.5007229447364807,1.078303337097168,2.8137965202331543,-0.39957907795906067,-0.5529730319976807,2.66827654838562,-0.39453813433647156,-0.6058485507965088,2.669095754623413,-0.412841796875,-0.6442639231681824,2.713487148284912,-0.4852498173713684,-0.6251811981201172,2.806178092956543,-0.43742889165878296,-0.6475178003311157,2.654763698577881,-0.5549132823944092,-0.6344005465507507,2.6397953033447266,-0.5449347496032715,1.0222406387329102,3.046860933303833,-0.625729501247406,1.0371458530426025,2.898191452026367
-0.44523870944976807,0.1493518054485321,2.725741147994995,-0.45598387718200684,-0.033792510628700256,2.7190887928009033,-0.46678635478019714,-0.21694521605968475,2.7127685546875,-0.4775891602039337,-0.4001033902168274,2.7064483165740967,-0.4498818516731262,-0.40417394042015076,2.748072624206543,-0.37852850556373596,-0.4120766222476959,2.8551278114318848,-0.37293359637260437,-0.13867387175559998,2.8624987602233887,-0.341362327337265,0.12228044867515564,2.852752447128296,-0.3350480794906616,0.17447131872177124,2.8508031368255615,-0.32241958379745483,0.27885305881500244,2.8469045162200928,-0.36273545026779175,0.22879084944725037,2.7957065105438232,-0.5054138898849487,-0.3980235457420349,2.66475510597229,-0.5767672061920166,-0.39012086391448975,2.5576999187469482,-0.5331445336341858,-0.12420758605003357,2.6048367023468018,-0.46243372559547424,0.12781134247779846,2.6308236122131348,-0.4482915699481964,0.1782151311635971,2.6360208988189697,-0.42000722885131836,0.2790226936340332,2.6464157104492188,-0.40117692947387695,0.2140243649482727,2.6930363178253174,-0.3905213475227356,0.14311853051185608,2.8089652061462402,-0.42919301986694336,0.5719245672225952,2.898674964904785,-0.49886494874954224,0.9428346753120422,3.000633716583252,-0.4209015965461731,1.0697178840637207,2.9670474529266357,-0.49995607137680054,0.15558508038520813,2.64251708984375,-0.5264325737953186,0.582451343536377,2.744997024536133,-0.5781508088111877,0.9543537497520447,2.8537991046905518,-0.4948135018348694,1.0781201124191284,2.82151198387146,-0.39385998249053955,-0.5531823635101318,2.6842145919799805,-0.3890894949436188,-0.6060820817947388,2.6855103969573975,-0.40937161445617676,-0.6441912651062012,2.729315757751465,-0.48544883728027344,-0.6243118047714233,2.8188719749450684,-0.43154650926589966,-0.6476527452468872,2.669640302658081,-0.548277735710144,-0.6341193318367004,2.649791955947876,-0.5480766892433167,1.0241769552230835,3.0458154678344727,-0.6231693029403687,1.0370657444000244,2.9008288383483887
-0.43806537985801697,0.1510160267353058,2.7344722747802734,-0.4488794207572937,-0.03216487169265747,2.7290568351745605,-0.45966410636901855,-0.2153596132993698,2.7240686416625977,-0.4704491198062897,-0.3985598385334015,2.7190802097320557,-0.4442088007926941,-0.4022642970085144,2.7616782188415527,-0.3765637278556824,-0.409231960773468,2.87131667137146,-0.3703359365463257,-0.13584232330322266,2.8750414848327637,-0.3341980576515198,0.12424731254577637,2.860927104949951,-0.32697048783302307,0.17626523971557617,2.8581042289733887,-0.3125153183937073,0.2803010940551758,2.8524584770202637,-0.3515799343585968,0.2297506034374237,2.8008077144622803,-0.49680665135383606,-0.3968465328216553,2.6764280796051025,-0.5644517540931702,-0.38987886905670166,2.5667896270751953,-0.5291193723678589,-0.12237963080406189,2.611402750015259,-0.4634430706501007,0.13118672370910645,2.634694814682007,-0.45030781626701355,0.1818999946117401,2.6393532752990723,-0.42403730750083923,0.28332653641700745,2.648669958114624,-0.40578094124794006,0.21959735453128815,2.6971933841705322,-0.3861086964607239,0.14543548226356506,2.819486618041992,-0.4223516285419464,0.575820803642273,2.9027466773986816,-0.4984852969646454,0.9461291432380676,3.0024781227111816,-0.4204293489456177,1.0736833810806274,2.97165584564209,-0.49002206325531006,0.1565965712070465,2.6494579315185547,-0.5173797607421875,0.5837470293045044,2.750805377960205,-0.5717171430587769,0.9556836485862732,2.8584229946136475,-0.48708146810531616,1.0793132781982422,2.8290061950683594,-0.38571897149086,-0.5517251491546631,2.7009851932525635,-0.38089853525161743,-0.6046255826950073,2.7029075622558594,-0.4025667607784271,-0.6424072980880737,2.746370792388916,-0.48164722323417664,-0.6218891739845276,2.8332126140594482,-0.4227505922317505,-0.6464403867721558,2.685997724533081,-0.5388347506523132,-0.6333163380622864,2.6621556282043457,-0.5498818159103394,1.0270471572875977,3.0459961891174316,-0.6180415153503418,1.0384526252746582,2.9041011333465576
-0.431803435087204,0.15309786796569824,2.7430195808410645,-0.4426208436489105,-0.030115455389022827,2.7389919757843018,-0.4533382058143616,-0.21334484219551086,2.7354578971862793,-0.4640558660030365,-0.3965797424316406,2.731923818588257,-0.4390130043029785,-0.399880051612854,2.775268077850342,-0.3743188679218292,-0.40581971406936646,2.887030839920044,-0.3674873113632202,-0.13247352838516235,2.8894667625427246,-0.32774969935417175,0.12695232033729553,2.873689889907837,-0.3198021650314331,0.17883749306201935,2.8705344200134277,-0.3039071261882782,0.2826078236103058,2.8642237186431885,-0.3420015275478363,0.23196998238563538,2.811958074569702,-0.489215224981308,-0.3952709138393402,2.6885409355163574,-0.5539093613624573,-0.38933125138282776,2.5767781734466553,-0.5266297459602356,-0.12028184533119202,2.617262840270996,-0.4658448100090027,0.13481509685516357,2.6362502574920654,-0.4536878168582916,0.18583448231220245,2.640047788619995,-0.4293738603591919,0.2878732681274414,2.6476428508758545,-0.4113773703575134,0.22562843561172485,2.6981282234191895,-0.38204750418663025,0.14826171100139618,2.829380512237549,-0.41579470038414,0.5802643895149231,2.9052436351776123,-0.4980332851409912,0.9502096176147461,3.0015883445739746,-0.4203169047832489,1.0783941745758057,2.972487211227417,-0.4815593659877777,0.1579340249300003,2.65665864944458,-0.5065405964851379,0.585577130317688,2.756747007369995,-0.5619369745254517,0.9575186967849731,2.8639650344848633,-0.476012647151947,1.0808498859405518,2.8370494842529297,-0.378141313791275,-0.5496602058410645,2.7174525260925293,-0.3731272220611572,-0.6025646924972534,2.720034122467041,-0.39570319652557373,-0.6400432586669922,2.7633793354034424,-0.4770512580871582,-0.6190049648284912,2.848130464553833,-0.4144037961959839,-0.6447854042053223,2.702518939971924,-0.5300362706184387,-0.632440984249115,2.675692558288574,-0.5513516068458557,1.0307965278625488,3.0434036254882812,-0.6090438961982727,1.040388822555542,2.9086761474609375
-0.4172239601612091,0.15635213255882263,2.7573983669281006,-0.42803987860679626,-0.02664954960346222,2.7558934688568115,-0.438721239566803,-0.20966261625289917,2.7548999786376953,-0.44940289855003357,-0.39268118143081665,2.753906488418579,-0.4265158474445343,-0.39525648951530457,2.7983977794647217,-0.3666228652000427,-0.399382621049881,2.9145467281341553,-0.35693857073783875,-0.1263217329978943,2.9077906608581543,-0.3057962954044342,0.1300637125968933,2.8810160160064697,-0.2955678403377533,0.1813407987356186,2.8756611347198486,-0.2751109302043915,0.28389498591423035,2.8649513721466064,-0.31290334463119507,0.23219186067581177,2.8135766983032227,-0.4724060893058777,-0.39209502935409546,2.709404230117798,-0.5322990417480469,-0.38796889781951904,2.5932552814483643,-0.5216740369796753,-0.11682617664337158,2.6259725093841553,-0.4710615575313568,0.14082810282707214,2.636861562728882,-0.46093904972076416,0.19235895574092865,2.6390392780303955,-0.44069406390190125,0.29542067646980286,2.643394947052002,-0.4228924512863159,0.23603752255439758,2.6972241401672363,-0.371528685092926,0.1529226452112198,2.8460135459899902,-0.3988438546657562,0.5879010558128357,2.906163215637207,-0.4972577691078186,0.9554730653762817,2.9964404106140137,-0.4220786690711975,1.0859174728393555,2.970820188522339,-0.4629192352294922,0.15978161990642548,2.668783187866211,-0.4795852303504944,0.5895863175392151,2.761306047439575,-0.5410539507865906,0.9612790942192078,2.866237163543701,-0.45396554470062256,1.0847809314727783,2.8441708087921143,-0.36127787828445435,-0.5457793474197388,2.742583990097046,-0.355832576751709,-0.5988860130310059,2.745567560195923,-0.3794344961643219,-0.6365700364112854,2.7886228561401367,-0.4638190269470215,-0.615815281867981,2.871285915374756,-0.39639636874198914,-0.6417733430862427,2.7269625663757324,-0.5118776559829712,-0.6305580735206604,2.6965816020965576,-0.5551220774650574,1.034515619277954,3.0350728034973145,-0.5905730128288269,1.0440094470977783,2.908569574356079
-0.4116632640361786,0.15736794471740723,2.7739341259002686,-0.4219830632209778,-0.025530576705932617,2.7740399837493896,-0.4321441948413849,-0.20843708515167236,2.774627923965454,-0.44230565428733826,-0.39134907722473145,2.7752161026000977,-0.41959717869758606,-0.39346444606781006,2.8197808265686035,-0.35975316166877747,-0.39641237258911133,2.936929941177368,-0.34878474473953247,-0.12368789315223694,2.9241833686828613,-0.2927003502845764,0.1307021677494049,2.889993667602539,-0.2814834713935852,0.18158018589019775,2.8831558227539062,-0.2590497136116028,0.28333622217178345,2.8694798946380615,-0.2978360056877136,0.23091745376586914,2.819629192352295,-0.46512454748153687,-0.3912217617034912,2.7306575775146484,-0.5249685645103455,-0.38827383518218994,2.613508462905884,-0.5235425233840942,-0.11628404259681702,2.63960337638855,-0.4796437919139862,0.14272940158843994,2.643294334411621,-0.47086405754089355,0.1945320963859558,2.6440324783325195,-0.45330455899238586,0.29813748598098755,2.6455087661743164,-0.4341117739677429,0.24079246819019318,2.701010227203369,-0.36626124382019043,0.15485762059688568,2.8627099990844727,-0.39054495096206665,0.5911492109298706,2.914179563522339,-0.4970114529132843,0.9571048021316528,3.0019335746765137,-0.4243624806404114,1.0889358520507812,2.9760682582855225,-0.45706528425216675,0.15987826883792877,2.6851582527160645,-0.46525895595550537,0.5916253924369812,2.769517183303833,-0.5284267067909241,0.9639465808868408,2.8712332248687744,-0.44132959842681885,1.0874541997909546,2.84918212890625,-0.3529740273952484,-0.5442503094673157,2.763273239135742,-0.34711623191833496,-0.5974564552307129,2.766277313232422,-0.3701433539390564,-0.63535475730896,2.8096933364868164,-0.454179584980011,-0.615037739276886,2.893282175064087,-0.38764646649360657,-0.6407638192176819,2.7480225563049316,-0.5037717819213867,-0.630363404750824,2.718548536300659,-0.5567166209220886,1.0351463556289673,3.039806604385376,-0.5785149931907654,1.0468844175338745,2.9124889373779297
-0.4076601564884186,0.15563824772834778,2.784741163253784,-0.4181957244873047,-0.02710866928100586,2.78686261177063,-0.4286119043827057,-0.20985816419124603,2.789325475692749,-0.43902838230133057,-0.39261314272880554,2.791788339614868,-0.41660431027412415,-0.39428555965423584,2.836477041244507,-0.35707801580429077,-0.39608412981033325,2.9547717571258545,-0.342926561832428,-0.12355852127075195,2.9421846866607666,-0.28218042850494385,0.12965723872184753,2.907683849334717,-0.270031213760376,0.18030038475990295,2.9007837772369385,-0.24573275446891785,0.2815867066383362,2.8869833946228027,-0.2851175367832184,0.2297324538230896,2.837040901184082,-0.46156567335128784,-0.39292705059051514,2.747126579284668,-0.5210919380187988,-0.3911284804344177,2.6288318634033203,-0.5267006754875183,-0.11873367428779602,2.648794651031494,-0.48773905634880066,0.1410219371318817,2.6460297107696533,-0.47994673252105713,0.1929730623960495,2.645476818084717,-0.46436208486557007,0.2968752980232239,2.6443707942962646,-0.4443674683570862,0.2413574606180191,2.701399326324463,-0.3627893030643463,0.15408509969711304,2.8737826347351074,-0.38219475746154785,0.5920748114585876,2.910815954208374,-0.4953323006629944,0.9577804803848267,2.9909019470214844,-0.4245920777320862,1.0902822017669678,2.9632489681243896,-0.45253100991249084,0.15719139575958252,2.695699691772461,-0.45419177412986755,0.5903034210205078,2.7731223106384277,-0.5223776698112488,0.9621902704238892,2.8731491565704346,-0.4362757205963135,1.0865248441696167,2.8518667221069336,-0.3486388921737671,-0.5454850196838379,2.7817296981811523,-0.3425152897834778,-0.5987499952316284,2.7852394580841064,-0.36568498611450195,-0.6364752650260925,2.8289260864257812,-0.4505607783794403,-0.6158291101455688,2.9119677543640137,-0.382791131734848,-0.6425187587738037,2.767054319381714,-0.49902820587158203,-0.6329522728919983,2.7366647720336914,-0.5566248893737793,1.0355151891708374,3.0268149375915527,-0.5738069415092468,1.0447076559066772,2.913585662841797
-0.4026932418346405,0.15197661519050598,2.792451858520508,-0.41368865966796875,-0.03060731291770935,2.79703426361084,-0.42462268471717834,-0.21319086849689484,2.8017749786376953,-0.4355570375919342,-0.39577990770339966,2.80651593208313,-0.41353148221969604,-0.3969302177429199,2.851391077041626,-0.3546779453754425,-0.39735135436058044,2.9709086418151855,-0.33773866295814514,-0.12480834126472473,2.9639153480529785,-0.27502942085266113,0.12866851687431335,2.935572862625122,-0.2624875605106354,0.1793638914823532,2.9299044609069824,-0.23740386962890625,0.28075462579727173,2.918567419052124,-0.2765289843082428,0.23024487495422363,2.867079019546509,-0.4577014446258545,-0.396614134311676,2.7616922855377197,-0.5165549516677856,-0.3961929976940155,2.64217472076416,-0.5276029706001282,-0.12363719940185547,2.6565558910369873,-0.4930969178676605,0.13661393523216248,2.6484968662261963,-0.48619571328163147,0.18866416811943054,2.6468851566314697,-0.472393274307251,0.2927646040916443,2.6436614990234375,-0.4518606662750244,0.2388335019350052,2.701995849609375,-0.3586375117301941,0.15156804025173187,2.8818843364715576,-0.3735307455062866,0.5907934904098511,2.897554397583008,-0.495329886674881,0.9561668634414673,2.9643852710723877,-0.4270872175693512,1.0891410112380981,2.9333584308624268,-0.4467489719390869,0.1523851901292801,2.703019380569458,-0.4441104531288147,0.5864169001579285,2.773700475692749,-0.5200065970420837,0.9570451378822327,2.8720545768737793,-0.43572762608528137,1.0827162265777588,2.8519127368927,-0.3441566824913025,-0.5486332178115845,2.800203561782837,-0.33784565329551697,-0.6019113659858704,2.8045895099639893,-0.3616463541984558,-0.639187753200531,2.848485231399536,-0.44820326566696167,-0.6177212595939636,2.9298901557922363,-0.3776768445968628,-0.6462055444717407,2.7863051891326904,-0.4936230182647705,-0.6376050114631653,2.753713607788086,-0.5586771368980408,1.0336332321166992,2.997004508972168,-0.5733982920646667,1.0386974811553955,2.911553144454956
-0.39761602878570557,0.14774492383003235,2.794459104537964,-0.4092334508895874,-0.03465773165225983,2.8016135692596436,-0.4207547903060913,-0.21705983579158783,2.8089354038238525,-0.4322764575481415,-0.399467408657074,2.8162574768066406,-0.4106609523296356,-0.4000204801559448,2.8613247871398926,-0.35262632369995117,-0.39884743094444275,2.981868028640747,-0.3323318362236023,-0.12654685974121094,2.9742047786712646,-0.26576775312423706,0.12585070729255676,2.94499135017395,-0.252454936504364,0.17633022367954254,2.9391486644744873,-0.22582930326461792,0.2772892713546753,2.9274632930755615,-0.2656276226043701,0.22717386484146118,2.876103401184082,-0.4540172219276428,-0.4008968472480774,2.7712697982788086,-0.5120518207550049,-0.40206989645957947,2.650726556777954,-0.5282058119773865,-0.12959343194961548,2.661395788192749,-0.499565064907074,0.1312755048274994,2.6506335735321045,-0.493836909532547,0.18344929814338684,2.6484811305999756,-0.48238059878349304,0.28779688477516174,2.6441762447357178,-0.4610357880592346,0.2349991798400879,2.7032532691955566,-0.35436582565307617,0.1485123485326767,2.8842546939849854,-0.3647867441177368,0.5875519514083862,2.8768086433410645,-0.496221661567688,0.9513927698135376,2.9294886589050293,-0.4310839772224426,1.0847272872924805,2.894493579864502,-0.44086623191833496,0.146977499127388,2.7046635150909424,-0.43271690607070923,0.5811166167259216,2.770819664001465,-0.5174717307090759,0.9491091370582581,2.8699591159820557,-0.43549296259880066,1.076393485069275,2.851964235305786,-0.33934372663497925,-0.5518316030502319,2.8147060871124268,-0.33268702030181885,-0.6050521731376648,2.8201487064361572,-0.3572598993778229,-0.6418522596359253,2.8641538619995117,-0.44605332612991333,-0.6197522878646851,2.9432170391082764,-0.3717574179172516,-0.650058388710022,2.801642656326294,-0.4871295988559723,-0.643002986907959,2.7661020755767822,-0.5617458820343018,1.0282282829284668,2.9587137699127197,-0.5730496048927307,1.029345154762268,2.909003734588623
-0.3938807249069214,0.1430632770061493,2.794135570526123,-0.40596991777420044,-0.03915046155452728,2.804011344909668,-0.4179040193557739,-0.22136378288269043,2.8140816688537598,-0.42983847856521606,-0.4035825729370117,2.8241524696350098,-0.40865567326545715,-0.40346574783325195,2.8694183826446533,-0.351590096950531,-0.400492399930954,2.990844249725342,-0.3276021182537079,-0.12870833277702332,2.9767494201660156,-0.2549925446510315,0.12112890183925629,2.9404356479644775,-0.24047063291072845,0.17109635472297668,2.9331729412078857,-0.21142680943012238,0.2710312604904175,2.918647527694702,-0.2523888051509857,0.22042939066886902,2.868678331375122,-0.4511509835720062,-0.4056798815727234,2.7789957523345947,-0.5082165598869324,-0.40865322947502136,2.6575698852539062,-0.5279749035835266,-0.1362878382205963,2.665776491165161,-0.5042489767074585,0.12505817413330078,2.6537423133850098,-0.4995037913322449,0.17732737958431244,2.6513354778289795,-0.4900134205818176,0.28186577558517456,2.646521806716919,-0.4681089520454407,0.2298082411289215,2.706066131591797,-0.3515216112136841,0.1451401561498642,2.884307622909546,-0.3588482737541199,0.5827626585960388,2.854109525680542,-0.49853944778442383,0.9448821544647217,2.892031192779541,-0.43620017170906067,1.0780704021453857,2.852442741394043,-0.4362398386001587,0.1409863978624344,2.7039635181427,-0.41960978507995605,0.5749726891517639,2.7660794258117676,-0.5114161968231201,0.9405388832092285,2.8661551475524902,-0.43111366033554077,1.068989872932434,2.850522041320801,-0.334713339805603,-0.5547983050346375,2.8281261920928955,-0.3274833858013153,-0.6078753471374512,2.8347554206848145,-0.3528551459312439,-0.6442580223083496,2.8787615299224854,-0.4443207383155823,-0.6219590902328491,2.9548916816711426,-0.3654249310493469,-0.6538159847259521,2.8159449100494385,-0.4799351990222931,-0.6490400433540344,2.7769112586975098,-0.5658829212188721,1.0211925506591797,2.91786789894104,-0.5687858462333679,1.0195772647857666,2.9047248363494873
-0.3929274082183838,0.13738101720809937,2.792206287384033,-0.40544188022613525,-0.044641852378845215,2.8046767711639404,-0.4177015721797943,-0.22666199505329132,2.817436933517456,-0.4299616515636444,-0.4086875915527344,2.83019757270813,-0.40930065512657166,-0.4078880846500397,2.8756964206695557,-0.3535146415233612,-0.4030740261077881,2.997964859008789,-0.32601386308670044,-0.13240507245063782,2.9720165729522705,-0.24583423137664795,0.11301437020301819,2.9230592250823975,-0.2297983020544052,0.1620982587337494,2.9132678508758545,-0.19772644340991974,0.2602660357952118,2.8936848640441895,-0.24010759592056274,0.2083720564842224,2.846242666244507,-0.45075589418411255,-0.41146546602249146,2.784837484359741,-0.506541907787323,-0.41627952456474304,2.662569046020508,-0.5271427035331726,-0.1438446342945099,2.669360876083374,-0.5061660408973694,0.11782437562942505,2.6572937965393066,-0.5019707083702087,0.17015817761421204,2.6548802852630615,-0.49358004331588745,0.274825781583786,2.6500535011291504,-0.47160637378692627,0.22304028272628784,2.7098474502563477,-0.3517409861087799,0.1407594531774521,2.882850170135498,-0.3577016592025757,0.5762236714363098,2.832535743713379,-0.5021324157714844,0.9374428391456604,2.8553214073181152,-0.44123467803001404,1.0696874856948853,2.81103515625,-0.43411383032798767,0.13400258123874664,2.7015624046325684,-0.40339434146881104,0.5673336982727051,2.760525703430176,-0.49736541509628296,0.9318366050720215,2.861351251602173,-0.4168946146965027,1.060340404510498,2.84832501411438,-0.33132675290107727,-0.5575159788131714,2.8399033546447754,-0.3230442404747009,-0.6103274822235107,2.8476223945617676,-0.34909191727638245,-0.6466952562332153,2.891303062438965,-0.4437866806983948,-0.6255327463150024,2.9638524055480957,-0.3591884672641754,-0.6575019955635071,2.8281991481781006,-0.47239363193511963,-0.6561518907546997,2.7850582599639893,-0.5705752372741699,1.0137677192687988,2.877678632736206,-0.5555127263069153,1.0105030536651611,2.899301767349243
-0.39386242628097534,0.13151049613952637,2.788912057876587,-0.40673720836639404,-0.05030643939971924,2.803602695465088,-0.4192240238189697,-0.2321116328239441,2.818765878677368,-0.43171119689941406,-0.4139222800731659,2.8339293003082275,-0.41181591153144836,-0.4124669134616852,2.8797476291656494,-0.3580262064933777,-0.4058833420276642,3.0029804706573486,-0.3276091516017914,-0.13731390237808228,2.9613492488861084,-0.2394638955593109,0.10177835822105408,2.8964574337005615,-0.22183483839035034,0.14959681034088135,2.883479118347168,-0.1865767240524292,0.2452337145805359,2.857522487640381,-0.23026174306869507,0.19150353968143463,2.813326120376587,-0.4517422318458557,-0.41735368967056274,2.788275957107544,-0.505531907081604,-0.42393726110458374,2.6650431156158447,-0.5253259539604187,-0.15125128626823425,2.67124605178833,-0.5060223937034607,0.11076852679252625,2.6603543758392334,-0.5021616816520691,0.16317248344421387,2.6581759452819824,-0.4944402575492859,0.2679803967475891,2.6538193225860596,-0.4728984236717224,0.2161063253879547,2.71376633644104,-0.3544215261936188,0.13609661161899567,2.8802380561828613,-0.36013704538345337,0.5693898797035217,2.8148396015167236,-0.505435585975647,0.9307249784469604,2.82324481010437,-0.44418489933013916,1.0614593029022217,2.7753067016601562,-0.4333033263683319,0.12692438066005707,2.6975860595703125,-0.38373881578445435,0.5586259365081787,2.754417657852173,-0.4752807021141052,0.9236534833908081,2.8550174236297607,-0.39272376894950867,1.0510345697402954,2.845038652420044,-0.32841718196868896,-0.5590314865112305,2.850158452987671,-0.31863322854042053,-0.6114169955253601,2.8590357303619385,-0.3452809453010559,-0.648095965385437,2.902113437652588,-0.44376158714294434,-0.6293219327926636,2.970195770263672,-0.3522300720214844,-0.6601248979568481,2.8387887477874756,-0.46345072984695435,-0.6634038686752319,2.7907750606536865,-0.5742853283882141,1.007591962814331,2.8420257568359375,-0.5333136320114136,1.0028690099716187,2.8918769359588623
-0.3957400619983673,0.12664520740509033,2.785653591156006,-0.4085351228713989,-0.05500887334346771,2.802117109298706,-0.42080774903297424,-0.23663398623466492,2.8192830085754395,-0.4330807626247406,-0.4182645380496979,2.836449384689331,-0.4142495393753052,-0.4161674380302429,2.882685661315918,-0.36327841877937317,-0.40784895420074463,3.0071418285369873,-0.3310241103172302,-0.1422920525074005,2.9489572048187256,-0.23548108339309692,0.0893482118844986,2.868295192718506,-0.21637247502803802,0.13567626476287842,2.8521628379821777,-0.17815525829792023,0.22833237051963806,2.8198981285095215,-0.2225986272096634,0.17257064580917358,2.7789306640625,-0.45204535126686096,-0.42233574390411377,2.7903995513916016,-0.503016471862793,-0.43065422773361206,2.6659433841705322,-0.5210562944412231,-0.15756118297576904,2.672348737716675,-0.5021143555641174,0.1048395037651062,2.6634533405303955,-0.49832597374916077,0.15731963515281677,2.6616742610931396,-0.49074921011924744,0.2622798979282379,2.658116102218628,-0.47032833099365234,0.21003031730651855,2.7182483673095703,-0.3586667478084564,0.13239005208015442,2.8778538703918457,-0.3653072416782379,0.5642417669296265,2.8039050102233887,-0.5071343779563904,0.92697674036026,2.7995753288269043,-0.4435133635997772,1.0558167695999146,2.7496910095214844,-0.4328133761882782,0.12090037018060684,2.693453311920166,-0.3618420362472534,0.549767017364502,2.748633623123169,-0.44670599699020386,0.9169928431510925,2.84688663482666,-0.36040955781936646,1.0420583486557007,2.8400039672851562,-0.3240228593349457,-0.5581876039505005,2.8593430519104004,-0.31225013732910156,-0.6099914908409119,2.8691980838775635,-0.3393486440181732,-0.6476114988327026,2.9111783504486084,-0.442033588886261,-0.6330923438072205,2.973900556564331,-0.34240955114364624,-0.6603856682777405,2.8476855754852295,-0.45070621371269226,-0.6692858934402466,2.794004201889038,-0.5756170749664307,1.004941701889038,2.814760208129883,-0.5037594437599182,0.9977129697799683,2.881931781768799
-0.40055373311042786,0.11722701787948608,2.8013269901275635,-0.41250941157341003,-0.06432701647281647,2.82016658782959,-0.4238986372947693,-0.24583043158054352,2.839827060699463,-0.4352882206439972,-0.4273392856121063,2.8594882488250732,-0.42007187008857727,-0.424149751663208,2.906996965408325,-0.3785876929759979,-0.41281113028526306,3.035705089569092,-0.34746119379997253,-0.1522510051727295,2.955190420150757,-0.24578896164894104,0.0710461437702179,2.8579275608062744,-0.22545450925827026,0.11570557206869125,2.838474988937378,-0.1847856193780899,0.20502442121505737,2.799569845199585,-0.22680549323558807,0.1451740264892578,2.7614784240722656,-0.4506283402442932,-0.43250155448913574,2.812192916870117,-0.49211251735687256,-0.4438401758670807,2.6834847927093506,-0.5098307132720947,-0.16997158527374268,2.68849778175354,-0.493094265460968,0.09335017204284668,2.682138442993164,-0.48974698781967163,0.1460145264863968,2.6808664798736572,-0.48305240273475647,0.2513432502746582,2.6783227920532227,-0.46649444103240967,0.19886597990989685,2.7397286891937256,-0.3711622953414917,0.125120609998703,2.896047592163086,-0.37876757979393005,0.5543859601020813,2.807803153991699,-0.48873916268348694,0.9257859587669373,2.765828847885132,-0.41009145975112915,1.0454355478286743,2.7143795490264893,-0.429945170879364,0.10933341830968857,2.706606388092041,-0.3136040270328522,0.5294306874275208,2.7523961067199707,-0.38223108649253845,0.904378354549408,2.8330068588256836,-0.28728219866752625,1.0232540369033813,2.8316705226898193,-0.31759628653526306,-0.5571567416191101,2.895439863204956,-0.30246010422706604,-0.6078135371208191,2.906583070755005,-0.3309778869152069,-0.6482637524604797,2.9448256492614746,-0.44148701429367065,-0.6438685655593872,2.9944000244140625,-0.3250350058078766,-0.6604359149932861,2.8814187049865723,-0.42464885115623474,-0.6783563494682312,2.814746856689453,-0.5516122579574585,1.0097028017044067,2.7689871788024902,-0.4367564022541046,0.9897356629371643,2.8603227138519287
-0.4030343294143677,0.11683264374732971,2.8070626258850098,-0.4133148789405823,-0.06495368480682373,2.8247835636138916,-0.42297977209091187,-0.24666433036327362,2.8435935974121094,-0.43264493346214294,-0.42838042974472046,2.8624043464660645,-0.420632541179657,-0.4250088930130005,2.9108150005340576,-0.38777288794517517,-0.413136750459671,3.042386531829834,-0.3668065071105957,-0.15566900372505188,2.9487884044647217,-0.271747887134552,0.06747499108314514,2.8440732955932617,-0.2527361512184143,0.11210379004478455,2.8231303691864014,-0.2147127091884613,0.20136138796806335,2.7812442779541016,-0.2514217495918274,0.13720886409282684,2.7445175647735596,-0.4447624087333679,-0.433726966381073,2.8141980171203613,-0.47762206196784973,-0.44559910893440247,2.682626485824585,-0.49293938279151917,-0.17140021920204163,2.691004991531372,-0.47555768489837646,0.09221392869949341,2.6907224655151367,-0.47208133339881897,0.14493675529956818,2.6906659603118896,-0.46512866020202637,0.2503824234008789,2.6905529499053955,-0.45267048478126526,0.19667470455169678,2.751971483230591,-0.3804854154586792,0.12496782094240189,2.903597354888916,-0.38810357451438904,0.5565797090530396,2.827214479446411,-0.4680067300796509,0.9348605871200562,2.7785732746124268,-0.3770225942134857,1.0488492250442505,2.7351553440093994,-0.42558324337005615,0.10869746655225754,2.7105278968811035,-0.2843371629714966,0.5208027958869934,2.759517192840576,-0.3317491412162781,0.9010293483734131,2.8304169178009033,-0.22874751687049866,1.0129741430282593,2.834378480911255,-0.31165531277656555,-0.5531162023544312,2.9048190116882324,-0.2948623299598694,-0.6032404899597168,2.915996789932251,-0.3242166340351105,-0.6460686326026917,2.950868606567383,-0.43841099739074707,-0.648496150970459,2.9914019107818604,-0.3126084506511688,-0.6562233567237854,2.887892007827759,-0.40552109479904175,-0.6772677898406982,2.8129682540893555,-0.5249691605567932,1.0229580402374268,2.776832103729248,-0.3818870186805725,0.9904566407203674,2.852729558944702
-0.40420472621917725,0.11722257733345032,2.8103814125061035,-0.4125659465789795,-0.06483852863311768,2.826258659362793,-0.42029908299446106,-0.24678704142570496,2.8436708450317383,-0.42803245782852173,-0.4287410080432892,2.861083745956421,-0.4197029769420624,-0.42538806796073914,2.9102652072906494,-0.3968241512775421,-0.4135223627090454,3.0444161891937256,-0.38448992371559143,-0.160652756690979,2.937288284301758,-0.29545456171035767,0.06177450716495514,2.8256237506866455,-0.2776474952697754,0.10625995695590973,2.803290843963623,-0.24203334748744965,0.1952308714389801,2.758625030517578,-0.2726465165615082,0.12703874707221985,2.723525047302246,-0.43644601106643677,-0.4340715706348419,2.81209135055542,-0.45932483673095703,-0.44593727588653564,2.6779403686523438,-0.47355934977531433,-0.17170196771621704,2.690743923187256,-0.4564351737499237,0.09198683500289917,2.697462320327759,-0.45301035046577454,0.14472459256649017,2.698806047439575,-0.4461606740951538,0.2502001225948334,2.701493501663208,-0.4382629096508026,0.19513776898384094,2.7625269889831543,-0.389437198638916,0.12509341537952423,2.9084115028381348,-0.3957146108150482,0.5599298477172852,2.851785182952881,-0.44670945405960083,0.9440408945083618,2.8091046810150146,-0.3449991047382355,1.053019642829895,2.7782328128814697,-0.4189722537994385,0.1093517392873764,2.7123513221740723,-0.2589244246482849,0.5137525200843811,2.768683910369873,-0.2828977704048157,0.8976982831954956,2.831726312637329,-0.1723332405090332,1.0017884969711304,2.842456579208374,-0.3050481081008911,-0.5494058728218079,2.9092068672180176,-0.2868890166282654,-0.5990852117538452,2.920252799987793,-0.31682148575782776,-0.6442036628723145,2.9515721797943115,-0.4335308074951172,-0.65281081199646,2.983133554458618,-0.3000408709049225,-0.6518908143043518,2.8894124031066895,-0.38598573207855225,-0.6745911836624146,2.8070144653320312,-0.4976111948490143,1.0357517004013062,2.805168390274048,-0.3277437090873718,0.9909834861755371,2.849163770675659
-0.4048318564891815,0.11717939376831055,2.8135814666748047,-0.4106208384037018,-0.06516799330711365,2.8271572589874268,-0.41585269570350647,-0.24738791584968567,2.8425493240356445,-0.4210847020149231,-0.42961329221725464,2.8579418659210205,-0.41675326228141785,-0.4265367388725281,2.9076530933380127,-0.40479201078414917,-0.41537949442863464,3.0438055992126465,-0.4011990427970886,-0.16784949600696564,2.92411208152771,-0.3191308379173279,0.05447229743003845,2.8068771362304688,-0.3027172088623047,0.09893665462732315,2.7834300994873047,-0.2698899209499359,0.18786537647247314,2.7365360260009766,-0.29331618547439575,0.1160287857055664,2.7031660079956055,-0.42547303438186646,-0.43467041850090027,2.8083977699279785,-0.43743428587913513,-0.4458276629447937,2.6722452640533447,-0.4517718255519867,-0.17192965745925903,2.691863775253296,-0.43487226963043213,0.09145411849021912,2.707663059234619,-0.4314923584461212,0.1441308706998825,2.710822820663452,-0.4247325360774994,0.24948439002037048,2.7171425819396973,-0.4218175411224365,0.19262436032295227,2.776986598968506,-0.3984512388706207,0.12434513866901398,2.9125518798828125,-0.4047720432281494,0.5620929002761841,2.881147861480713,-0.43669453263282776,0.9500679969787598,2.85520601272583,-0.32832324504852295,1.056032419204712,2.8397061824798584,-0.4112124741077423,0.11001364886760712,2.714611053466797,-0.23959960043430328,0.5085942149162292,2.780427932739258,-0.24095773696899414,0.8944017887115479,2.8384571075439453,-0.12431882321834564,0.9906729459762573,2.856903553009033,-0.2966087758541107,-0.5468680262565613,2.9104955196380615,-0.27714571356773376,-0.5961381793022156,2.9211628437042236,-0.3071807324886322,-0.643486499786377,2.9488940238952637,-0.4252851605415344,-0.6578566431999207,2.97208571434021,-0.28594911098480225,-0.648323655128479,2.8878135681152344,-0.36512887477874756,-0.6715618968009949,2.7990241050720215,-0.48345911502838135,1.0440715551376343,2.8517253398895264,-0.2802900969982147,0.9909139275550842,2.851651430130005
-0.40468722581863403,0.11761167645454407,2.815117120742798,-0.40776121616363525,-0.06494785845279694,2.8266711235046387,-0.41041865944862366,-0.24738387763500214,2.8401238918304443,-0.4130761921405792,-0.4298253655433655,2.853576898574829,-0.4130057096481323,-0.42714208364486694,2.903501272201538,-0.4127717912197113,-0.41701868176460266,3.0408339500427246,-0.4155070185661316,-0.1756211668252945,2.9090962409973145,-0.3391556739807129,0.046286553144454956,2.7872097492218018,-0.32388541102409363,0.09066809713840485,2.7628324031829834,-0.2933448851108551,0.17943118512630463,2.714077949523926,-0.30916956067085266,0.10464345663785934,2.6827499866485596,-0.4131755232810974,-0.4344915747642517,2.8037989139556885,-0.41340944170951843,-0.444614976644516,2.666466236114502,-0.4267968535423279,-0.17128321528434753,2.6937718391418457,-0.40813133120536804,0.09123316407203674,2.719571352005005,-0.40439823269844055,0.14373643696308136,2.724731206893921,-0.39693203568458557,0.2487429976463318,2.735051155090332,-0.3998126685619354,0.1899728626012802,2.7930409908294678,-0.4072066843509674,0.1239321306347847,2.914313554763794,-0.41490238904953003,0.5632961392402649,2.9094865322113037,-0.4352587163448334,0.953368067741394,2.9049339294433594,-0.32334113121032715,1.0570183992385864,2.9060420989990234,-0.40216776728630066,0.11129122227430344,2.7159206867218018,-0.22634980082511902,0.5070115923881531,2.790865421295166,-0.21084141731262207,0.8935101628303528,2.8453590869903564,-0.09068474173545837,0.983630895614624,2.8720197677612305,-0.28820160031318665,-0.5447977781295776,2.9100799560546875,-0.2677934169769287,-0.5937601923942566,2.9203922748565674,-0.29787054657936096,-0.6429235935211182,2.9447097778320312,-0.416626513004303,-0.6617563962936401,2.960052490234375,-0.2727949023246765,-0.6450589895248413,2.88494610786438,-0.3455789089202881,-0.6678067445755005,2.790722608566284,-0.4793500304222107,1.048841953277588,2.9030470848083496,-0.24572418630123138,0.9923027753829956,2.8546366691589355
-0.40512123703956604,0.1181928813457489,2.815868854522705,-0.4052380621433258,-0.06450320780277252,2.8257882595062256,-0.40507787466049194,-0.2470896691083908,2.8375537395477295,-0.4049176871776581,-0.42968159914016724,2.8493194580078125,-0.40919533371925354,-0.4274747967720032,2.89908766746521,-0.42103445529937744,-0.4186226427555084,3.0366241931915283,-0.42550036311149597,-0.18296854197978973,2.8947813510894775,-0.3515646159648895,0.03832431137561798,2.770177125930786,-0.3367774784564972,0.08258288353681564,2.745256185531616,-0.30720317363739014,0.17110002040863037,2.6954145431518555,-0.31602829694747925,0.09433184564113617,2.666137218475342,-0.40063828229904175,-0.43387293815612793,2.7996792793273926,-0.38879916071891785,-0.4427250921726227,2.662142753601074,-0.4011377692222595,-0.1701870858669281,2.6973989009857178,-0.37935870885849,0.09090575575828552,2.733722686767578,-0.3750028908252716,0.14312432706356049,2.7409873008728027,-0.36629125475883484,0.24756145477294922,2.755516767501831,-0.37540602684020996,0.18700972199440002,2.8110039234161377,-0.4166848361492157,0.1235540583729744,2.9144740104675293,-0.4283318519592285,0.5629901885986328,2.9348905086517334,-0.4448581635951996,0.9534196853637695,2.9523353576660156,-0.33247774839401245,1.0553638935089111,2.9700112342834473,-0.3935576379299164,0.11283170431852341,2.717263698577881,-0.21738441288471222,0.507181704044342,2.8015706539154053,-0.18861091136932373,0.8936491012573242,2.8547468185424805,-0.06674035638570786,0.9786934852600098,2.89009428024292,-0.2802184224128723,-0.5431420207023621,2.909270763397217,-0.2590593695640564,-0.591871976852417,2.9192192554473877,-0.2890737056732178,-0.6425692439079285,2.9402778148651123,-0.4079540967941284,-0.6649782061576843,2.9482803344726562,-0.2606445848941803,-0.6421262621879578,2.8819832801818848,-0.3274049460887909,-0.6637229919433594,2.7831125259399414,-0.4878270626068115,1.0495814085006714,2.952258348464966,-0.2196432650089264,0.9941234588623047,2.860689640045166
-0.4046868085861206,0.12015420198440552,2.8106842041015625,-0.4015779197216034,-0.06259545683860779,2.8192477226257324,-0.3982999324798584,-0.24525460600852966,2.8295109272003174,-0.39502185583114624,-0.4279192388057709,2.8397743701934814,-0.4035525321960449,-0.4263015389442444,2.8890182971954346,-0.42730873823165894,-0.41904741525650024,3.025712013244629,-0.42847439646720886,-0.18791250884532928,2.876478433609009,-0.3530397117137909,0.03271926939487457,2.7515149116516113,-0.33795276284217834,0.07684562355279922,2.726522207260132,-0.30777889490127563,0.16509833931922913,2.676536798477173,-0.3108918368816376,0.08719378709793091,2.6491198539733887,-0.3864555358886719,-0.4315222501754761,2.790642023086548,-0.36269932985305786,-0.4387763738632202,2.6539483070373535,-0.3745381832122803,-0.16745206713676453,2.697974681854248,-0.34904998540878296,0.09142577648162842,2.74611234664917,-0.34395235776901245,0.14320135116577148,2.75573992729187,-0.33375707268714905,0.24675250053405762,2.7749948501586914,-0.3491499125957489,0.18450471758842468,2.827136754989624,-0.42506277561187744,0.12436303496360779,2.9078989028930664,-0.44152572751045227,0.562741756439209,2.949073553085327,-0.45792609453201294,0.9523757696151733,2.9853057861328125,-0.347025990486145,1.05239737033844,3.018317937850952,-0.38431084156036377,0.11594536900520325,2.7134695053100586,-0.21138684451580048,0.5101380944252014,2.8075530529022217,-0.1742151379585266,0.8962771892547607,2.861509084701538,-0.052540652453899384,0.9776924848556519,2.9057791233062744,-0.2709653079509735,-0.5406604409217834,2.9025936126708984,-0.24927543103694916,-0.5892564654350281,2.9121830463409424,-0.27921250462532043,-0.6411675214767456,2.9302704334259033,-0.3978921175003052,-0.6661750078201294,2.9317145347595215,-0.24795947968959808,-0.6384267807006836,2.8734703063964844,-0.3093419075012207,-0.658409595489502,2.770780324935913,-0.5003595948219299,1.0489132404327393,2.9863791465759277,-0.20238272845745087,0.9978517889976501,2.8647377490997314
-0.40496277809143066,0.1223146915435791,2.80420184135437,-0.3982419967651367,-0.060388147830963135,2.8116142749786377,-0.3914150297641754,-0.24301914870738983,2.820544958114624,-0.3845878541469574,-0.4256556034088135,2.8294761180877686,-0.3970620632171631,-0.4247507154941559,2.877890110015869,-0.43194982409477234,-0.4194597601890564,3.0127575397491455,-0.42810750007629395,-0.19132308661937714,2.858959436416626,-0.35009118914604187,0.02943386137485504,2.7357418537139893,-0.3344879150390625,0.07358525693416595,2.7110984325408936,-0.30328139662742615,0.1618880331516266,2.661811351776123,-0.3014809489250183,0.08339923620223999,2.6359550952911377,-0.37203946709632874,-0.4285455644130707,2.781158924102783,-0.3371517062187195,-0.43383651971817017,2.646291494369507,-0.34797316789627075,-0.16401714086532593,2.6991631984710693,-0.31697288155555725,0.0916404128074646,2.7598342895507812,-0.3107728362083435,0.14277192950248718,2.7719686031341553,-0.29837271571159363,0.24503496289253235,2.796236991882324,-0.3200341463088989,0.18146374821662903,2.844421625137329,-0.43349489569664,0.12512674927711487,2.899383783340454,-0.45533326268196106,0.5619175434112549,2.957435131072998,-0.475404292345047,0.9501687288284302,3.008838653564453,-0.36774343252182007,1.048581838607788,3.0554871559143066,-0.3764306604862213,0.11950262635946274,2.709019899368286,-0.2093547284603119,0.514356791973114,2.812985420227051,-0.16829580068588257,0.9002790451049805,2.869220018386841,-0.04835481941699982,0.9794263243675232,2.9221534729003906,-0.2602173388004303,-0.5372881889343262,2.894071340560913,-0.23773279786109924,-0.5856598615646362,2.9032187461853027,-0.2671087086200714,-0.6387535333633423,2.918809175491333,-0.3852331042289734,-0.6665120124816895,2.915079116821289,-0.23379547894001007,-0.633769154548645,2.8632824420928955,-0.2908456027507782,-0.6523897647857666,2.757753372192383,-0.5179815888404846,1.0467814207077026,3.0104236602783203,-0.19458982348442078,1.0025373697280884,2.8703203201293945
-0.4046975076198578,0.12519440054893494,2.7958498001098633,-0.39458125829696655,-0.05738826096057892,2.801931142807007,-0.3843669891357422,-0.239919513463974,2.8092637062072754,-0.37415242195129395,-0.4224562644958496,2.816596508026123,-0.3902357816696167,-0.4224511384963989,2.863939046859741,-0.4353863596916199,-0.41966164112091064,2.996274709701538,-0.42611002922058105,-0.19156624376773834,2.842586040496826,-0.34540748596191406,0.03129434585571289,2.724940776824951,-0.3292669653892517,0.0758664608001709,2.701411724090576,-0.296985924243927,0.16501069068908691,2.654353618621826,-0.29092177748680115,0.08657312393188477,2.6289618015289307,-0.35795801877975464,-0.42444533109664917,2.769333600997925,-0.31280744075775146,-0.42723482847213745,2.636997938156128,-0.32108086347579956,-0.1594778597354889,2.7000184059143066,-0.28337928652763367,0.09149131178855896,2.774939775466919,-0.2758389711380005,0.1416851431131363,2.789924144744873,-0.26075834035873413,0.24207282066345215,2.819892644882202,-0.2886679470539093,0.17750230431556702,2.8633170127868652,-0.4406965374946594,0.12628552317619324,2.888493061065674,-0.4661640524864197,0.5614522695541382,2.9594662189483643,-0.491397887468338,0.9482705593109131,3.0215396881103516,-0.3880281448364258,1.0452440977096558,3.079967975616455,-0.36869847774505615,0.12410327792167664,2.7032065391540527,-0.21088948845863342,0.5206118822097778,2.8169305324554443,-0.1716010570526123,0.9067426323890686,2.8759024143218994,-0.05503012239933014,0.9853269457817078,2.9370477199554443,-0.24929070472717285,-0.5331070423126221,2.882424831390381,-0.22602969408035278,-0.5812540054321289,2.891129970550537,-0.2547392249107361,-0.6353667378425598,2.9045631885528564,-0.37218594551086426,-0.6655209064483643,2.896522283554077,-0.21983343362808228,-0.6283371448516846,2.850170612335205,-0.2732861638069153,-0.6456037759780884,2.742410182952881,-0.5342657566070557,1.044885516166687,3.022754669189453,-0.19736188650131226,1.0092581510543823,2.8751778602600098
-0.39999866485595703,0.12917864322662354,2.7869601249694824,-0.3849142789840698,-0.0530598908662796,2.791748046875,-0.36971959471702576,-0.23526383936405182,2.79742169380188,-0.3545244634151459,-0.4174732267856598,2.803095579147339,-0.3774946630001068,-0.4190050959587097,2.847468376159668,-0.4424421489238739,-0.42053118348121643,2.9723947048187256,-0.42230284214019775,-0.1902678906917572,2.822707176208496,-0.3370952904224396,0.03806494176387787,2.7191898822784424,-0.3200537860393524,0.083731509745121,2.698486328125,-0.2859707474708557,0.17506465315818787,2.6570794582366943,-0.2719067931175232,0.09730802476406097,2.6326041221618652,-0.33138906955718994,-0.4179217517375946,2.758784532546997,-0.26644158363342285,-0.4163956642150879,2.6338582038879395,-0.2684749364852905,-0.15066799521446228,2.706092596054077,-0.2209751009941101,0.09265092015266418,2.799107074737549,-0.21147513389587402,0.14131470024585724,2.8177099227905273,-0.19247519969940186,0.23864227533340454,2.8549156188964844,-0.23150420188903809,0.1750071942806244,2.8905563354492188,-0.4499877095222473,0.12729677557945251,2.8728246688842773,-0.4794933795928955,0.5597628355026245,2.9624390602111816,-0.5224661827087402,0.9445910453796387,3.032210111618042,-0.43187516927719116,1.0411393642425537,3.1101832389831543,-0.35000962018966675,0.13106051087379456,2.7010955810546875,-0.21162346005439758,0.5325897932052612,2.8258018493652344,-0.18306595087051392,0.9211465120315552,2.88071608543396,-0.07603491842746735,1.0023469924926758,2.9552745819091797,-0.2277127504348755,-0.5244429111480713,2.8741095066070557,-0.20281140506267548,-0.5720124840736389,2.8835155963897705,-0.23008286952972412,-0.6277057528495789,2.8951869010925293,-0.3464440703392029,-0.6626226305961609,2.881336212158203,-0.19278571009635925,-0.6186556220054626,2.842216730117798,-0.24076882004737854,-0.6369806528091431,2.7312536239624023,-0.5669874548912048,1.0406843423843384,3.0294761657714844,-0.20922379195690155,1.023598551750183,2.8741679191589355
-0.39348429441452026,0.131890207529068,2.7830746173858643,-0.37617191672325134,-0.05016724765300751,2.7866504192352295,-0.35865452885627747,-0.23219384253025055,2.7907602787017822,-0.3411366045475006,-0.41422587633132935,2.794870138168335,-0.36748814582824707,-0.4168034791946411,2.837268114089966,-0.4422922730445862,-0.4212961196899414,2.9571268558502197,-0.4236238896846771,-0.18284419178962708,2.820324420928955,-0.34325307607650757,0.05433975160121918,2.733842134475708,-0.3271789252758026,0.10177654027938843,2.716545581817627,-0.2950305938720703,0.19665011763572693,2.681952714920044,-0.2754596471786499,0.12093823403120041,2.6548290252685547,-0.31459468603134155,-0.4136267602443695,2.752516984939575,-0.23979055881500244,-0.4091341197490692,2.6326582431793213,-0.23537470400333405,-0.14363601803779602,2.706238269805908,-0.18021981418132782,0.095585897564888,2.805866003036499,-0.16918884217739105,0.14343027770519257,2.825791597366333,-0.14712688326835632,0.2391190528869629,2.865642786026001,-0.1920265555381775,0.177425816655159,2.8977203369140625,-0.45029738545417786,0.12808702886104584,2.8645026683807373,-0.47790688276290894,0.5601683855056763,2.9584758281707764,-0.5311976671218872,0.9452250003814697,3.0215861797332764,-0.44885963201522827,1.0433686971664429,3.106672525405884,-0.33667120337486267,0.13569338619709015,2.701646566390991,-0.21802563965320587,0.5442151427268982,2.8254234790802,-0.2074401080608368,0.935431718826294,2.8693432807922363,-0.10901664197444916,1.0229647159576416,2.948729991912842,-0.21394428610801697,-0.5201415419578552,2.8681368827819824,-0.1884947568178177,-0.5675541162490845,2.877821207046509,-0.2152908742427826,-0.6238645315170288,2.888634443283081,-0.33117952942848206,-0.6604433059692383,2.872100830078125,-0.17691302299499512,-0.6139435768127441,2.8363518714904785,-0.22244231402873993,-0.6323338747024536,2.723966598510742,-0.5764073133468628,1.0408626794815063,3.014260768890381,-0.23671941459178925,1.036659598350525,2.8575210571289062
-0.3844468593597412,0.1334189772605896,2.777592897415161,-0.36564528942108154,-0.04851581156253815,2.7793562412261963,-0.34659457206726074,-0.23042145371437073,2.781426191329956,-0.3275432884693146,-0.41233253479003906,2.783496379852295,-0.35675665736198425,-0.4159318208694458,2.823896884918213,-0.44009751081466675,-0.4233534038066864,2.9387142658233643,-0.4238937497138977,-0.1763453632593155,2.8168182373046875,-0.3489528298377991,0.06885647773742676,2.7486252784729004,-0.33396464586257935,0.11789683997631073,2.7349867820739746,-0.3039882779121399,0.21597757935523987,2.707709550857544,-0.27964478731155396,0.14272597432136536,2.6775152683258057,-0.2981228530406952,-0.4107104241847992,2.7431180477142334,-0.2147819995880127,-0.4032888412475586,2.628300666809082,-0.20180870592594147,-0.13809627294540405,2.703392505645752,-0.13813702762126923,0.0967865139245987,2.80906343460083,-0.12540268898010254,0.14376306533813477,2.83019757270813,-0.09993401914834976,0.2377161681652069,2.8724658489227295,-0.1501677930355072,0.1784256398677826,2.9012982845306396,-0.4469766616821289,0.1277032047510147,2.854586362838745,-0.47523069381713867,0.5592114329338074,2.952406167984009,-0.5370923280715942,0.9442958831787109,3.0089290142059326,-0.46250030398368835,1.043800711631775,3.099592447280884,-0.3219170570373535,0.1391347497701645,2.700599431991577,-0.22352612018585205,0.55388343334198,2.822538375854492,-0.2307276427745819,0.9465738534927368,2.8550047874450684,-0.14126408100128174,1.0402175188064575,2.9381442070007324,-0.20095618069171906,-0.5183302164077759,2.8587806224823,-0.1753360629081726,-0.5657767057418823,2.8686182498931885,-0.2020411491394043,-0.6225041151046753,2.8783466815948486,-0.317568302154541,-0.6597971320152283,2.858870506286621,-0.1624896079301834,-0.6118159294128418,2.8268909454345703,-0.2055055797100067,-0.6295139193534851,2.7130796909332275,-0.5825768709182739,1.0394890308380127,2.997548818588257,-0.2629493474960327,1.0462560653686523,2.838113784790039
-0.3741181790828705,0.13413727283477783,2.7758800983428955,-0.35428568720817566,-0.04769518971443176,2.7760913372039795,-0.3341358006000519,-0.22949260473251343,2.776401996612549,-0.31398531794548035,-0.41129547357559204,2.776712656021118,-0.3456786274909973,-0.41574275493621826,2.8151094913482666,-0.4366913139820099,-0.42564254999160767,2.92498779296875,-0.4268016219139099,-0.17084452509880066,2.8182263374328613,-0.3607688546180725,0.08167433738708496,2.7679622173309326,-0.347562313079834,0.13217811286449432,2.7579092979431152,-0.32114920020103455,0.23318566381931305,2.7378036975860596,-0.29172587394714355,0.16294355690479279,2.704697847366333,-0.2820729613304138,-0.4088241457939148,2.7383193969726562,-0.19106027483940125,-0.3989243507385254,2.628441095352173,-0.1696752905845642,-0.13444873690605164,2.7059857845306396,-0.09782091528177261,0.09539873898029327,2.8185009956359863,-0.08345004171133041,0.14136824011802673,2.8410041332244873,-0.054708290845155716,0.23330724239349365,2.88601016998291,-0.10971930623054504,0.1765570342540741,2.9114835262298584,-0.44156917929649353,0.1268647313117981,2.8484556674957275,-0.47207215428352356,0.5581928491592407,2.9473183155059814,-0.540377676486969,0.9434257745742798,2.9961578845977783,-0.47290176153182983,1.044255018234253,3.0909597873687744,-0.30666717886924744,0.14140981435775757,2.7033045291900635,-0.22797340154647827,0.5618084073066711,2.8208649158477783,-0.251276433467865,0.9549237489700317,2.840167760848999,-0.17078225314617157,1.0543489456176758,2.9258546829223633,-0.18922004103660583,-0.5184217691421509,2.8543434143066406,-0.1638469099998474,-0.566095232963562,2.864377498626709,-0.19089743494987488,-0.623014509677887,2.8728368282318115,-0.30615124106407166,-0.6600662469863892,2.8499183654785156,-0.14991982281208038,-0.6118130087852478,2.822436571121216,-0.19004802405834198,-0.6283286213874817,2.7071175575256348,-0.585638165473938,1.0382269620895386,2.980837106704712,-0.28587549924850464,1.0528204441070557,2.818039655685425
-0.3629290461540222,0.13448062539100647,2.7755281925201416,-0.34232380986213684,-0.047264426946640015,2.7744998931884766,-0.32137319445610046,-0.22896996140480042,2.773467540740967,-0.30042195320129395,-0.41068094968795776,2.772435188293457,-0.33423975110054016,-0.41578787565231323,2.8088889122009277,-0.4321017265319824,-0.4276687204837799,2.9140408039093018,-0.4294043779373169,-0.1669960916042328,2.820514678955078,-0.37293437123298645,0.09093716740608215,2.7858834266662598,-0.3616403639316559,0.14252382516860962,2.7789571285247803,-0.33905237913131714,0.24569714069366455,2.7651045322418213,-0.3049388527870178,0.17850545048713684,2.729846715927124,-0.26637643575668335,-0.4075489938259125,2.7359702587127686,-0.1685144603252411,-0.3956681489944458,2.6308183670043945,-0.13992807269096375,-0.13180559873580933,2.7099640369415283,-0.06081762909889221,0.09314475953578949,2.8285248279571533,-0.044995538890361786,0.13813483715057373,2.8522369861602783,-0.013351358473300934,0.2281149923801422,2.8996613025665283,-0.07232719659805298,0.1739305853843689,2.9221885204315186,-0.43448612093925476,0.1259808987379074,2.843923568725586,-0.4685754179954529,0.5572094917297363,2.942440986633301,-0.5417802929878235,0.9424488544464111,2.984254837036133,-0.48069438338279724,1.0443427562713623,3.082247018814087,-0.2913719713687897,0.14298035204410553,2.7071328163146973,-0.23048874735832214,0.5677316784858704,2.8198511600494385,-0.26642078161239624,0.960372805595398,2.8275084495544434,-0.19411736726760864,1.0642993450164795,2.9151885509490967,-0.17824062705039978,-0.519452691078186,2.8526804447174072,-0.15336064994335175,-0.567453145980835,2.862977981567383,-0.18098723888397217,-0.6244177222251892,2.8701047897338867,-0.2959509491920471,-0.6606898307800293,2.843480110168457,-0.1384434700012207,-0.6129187941551208,2.8209142684936523,-0.17541024088859558,-0.6281095147132874,2.7041072845458984,-0.5865438580513,1.0368974208831787,2.965528726577759,-0.30249926447868347,1.0566110610961914,2.8008341789245605
-0.35029369592666626,0.13679102063179016,2.775254964828491,-0.32918301224708557,-0.044890597462654114,2.7728519439697266,-0.3077332675457001,-0.22653180360794067,2.7703959941864014,-0.28628289699554443,-0.408178448677063,2.767940044403076,-0.3219744861125946,-0.4138612151145935,2.8024742603302,-0.42622554302215576,-0.42753198742866516,2.903055191040039,-0.43367597460746765,-0.16247355937957764,2.8211193084716797,-0.39137598872184753,0.10002052783966064,2.798283338546753,-0.38291600346565247,0.1525193452835083,2.7937161922454834,-0.36599600315093994,0.2575169801712036,2.7845818996429443,-0.32646843791007996,0.1937282383441925,2.748263120651245,-0.2503581643104553,-0.40446993708610535,2.7333791255950928,-0.14610710740089417,-0.3907991647720337,2.632798194885254,-0.11152122169733047,-0.12758943438529968,2.713726758956909,-0.026994794607162476,0.09286710619926453,2.83809757232666,-0.010089509189128876,0.13695842027664185,2.862971782684326,0.023721061646938324,0.22514104843139648,2.912720203399658,-0.038551054894924164,0.17331582307815552,2.932387590408325,-0.4253581464290619,0.12721699476242065,2.839656352996826,-0.46385499835014343,0.5580496788024902,2.9383788108825684,-0.5415171384811401,0.9430082440376282,2.9745352268218994,-0.4864844083786011,1.0456516742706299,3.075303792953491,-0.27522924542427063,0.14636504650115967,2.7108535766601562,-0.23110491037368774,0.5742522478103638,2.8195295333862305,-0.2770669162273407,0.9659383893013,2.818418502807617,-0.21233686804771423,1.073059320449829,2.908161163330078,-0.16774092614650726,-0.519884467124939,2.8502280712127686,-0.14375191926956177,-0.5684287548065186,2.860546112060547,-0.17234358191490173,-0.625211238861084,2.8660082817077637,-0.28709760308265686,-0.6596274971961975,2.835422992706299,-0.12815064191818237,-0.6135351061820984,2.818195343017578,-0.16188427805900574,-0.6265451312065125,2.699953317642212,-0.5857487916946411,1.0371133089065552,2.952997922897339,-0.31396424770355225,1.0607935190200806,2.7881340980529785
-0.33850228786468506,0.13892647624015808,2.7784264087677,-0.3168059289455414,-0.04268859326839447,2.7749850749969482,-0.29469314217567444,-0.22425082325935364,2.771408796310425,-0.27257969975471497,-0.40581846237182617,2.7678325176239014,-0.3099203407764435,-0.4120112955570221,2.8004918098449707,-0.42015719413757324,-0.42733141779899597,2.8966569900512695,-0.4393768310546875,-0.1595076620578766,2.8245227336883545,-0.41306644678115845,0.10617789626121521,2.810765027999878,-0.40780436992645264,0.15931500494480133,2.808013439178467,-0.397280216217041,0.26558923721313477,2.8025102615356445,-0.35237663984298706,0.20544499158859253,2.7658791542053223,-0.2349987030029297,-0.40159907937049866,2.7351341247558594,-0.12476183474063873,-0.3862789571285248,2.6389689445495605,-0.08473914861679077,-0.12306323647499084,2.719081163406372,0.0032654404640197754,0.09537005424499512,2.845621347427368,0.020866358652710915,0.1390567123889923,2.870929479598999,0.05606819689273834,0.2264300286769867,2.9215455055236816,-0.008729655295610428,0.17681467533111572,2.939295530319214,-0.41662245988845825,0.12844645977020264,2.83898663520813,-0.45998868346214294,0.5591738224029541,2.9365460872650146,-0.541168749332428,0.943964421749115,2.967216730117798,-0.4917457699775696,1.0472701787948608,3.0702383518218994,-0.26038211584091187,0.14940649271011353,2.7178661823272705,-0.23039136826992035,0.5796982049942017,2.8221452236175537,-0.28282278776168823,0.9705709218978882,2.8141355514526367,-0.22460390627384186,1.0797773599624634,2.9058563709259033,-0.15710213780403137,-0.5205370187759399,2.8514671325683594,-0.13379575312137604,-0.569638192653656,2.861544609069824,-0.16313554346561432,-0.6263914704322815,2.865129232406616,-0.27762335538864136,-0.6591922044754028,2.8306100368499756,-0.11738544702529907,-0.6142116785049438,2.818666934967041,-0.14799806475639343,-0.6246829628944397,2.6989667415618896,-0.5847030878067017,1.037792682647705,2.9430997371673584,-0.3197062015533447,1.0644596815109253,2.7808921337127686
-0.3271770775318146,0.1412891447544098,2.7814781665802,-0.3048645853996277,-0.04024282097816467,2.7765862941741943,-0.28207388520240784,-0.221710205078125,2.771505832672119,-0.25928249955177307,-0.4031830430030823,2.766425132751465,-0.2980559170246124,-0.4099186658859253,2.797267436981201,-0.4138030409812927,-0.42702728509902954,2.889127254486084,-0.44513383507728577,-0.15713337063789368,2.8277816772460938,-0.43433746695518494,0.11045357584953308,2.8239364624023438,-0.43217819929122925,0.1639709621667862,2.823167324066162,-0.42785966396331787,0.2710057497024536,2.821629285812378,-0.3782603144645691,0.21485362946987152,2.784372329711914,-0.2202613353729248,-0.3984197974205017,2.735527753829956,-0.1045142263174057,-0.38131117820739746,2.6436679363250732,-0.059523724019527435,-0.11821025609970093,2.7233006954193115,0.030566543340682983,0.09913752973079681,2.851276397705078,0.04858459532260895,0.14260709285736084,2.8768715858459473,0.08462069928646088,0.2295462191104889,2.9280619621276855,0.017755180597305298,0.18184810876846313,2.944035053253174,-0.40792059898376465,0.1298312246799469,2.838385581970215,-0.45478355884552,0.5602529048919678,2.9361226558685303,-0.5372031927108765,0.9450700283050537,2.9641621112823486,-0.49240821599960327,1.0481104850769043,3.0695886611938477,-0.2464335560798645,0.15274706482887268,2.7245707511901855,-0.22880946099758148,0.5847817659378052,2.82480525970459,-0.28569674491882324,0.9749909043312073,2.8119938373565674,-0.2332182228565216,1.085449457168579,2.905714750289917,-0.14704281091690063,-0.5215299725532532,2.850564956665039,-0.12444960325956345,-0.5712555050849915,2.860062837600708,-0.15451930463314056,-0.6279329061508179,2.8613643646240234,-0.2686181664466858,-0.658733069896698,2.822681427001953,-0.1072094738483429,-0.6150234341621399,2.8164124488830566,-0.13457368314266205,-0.6221561431884766,2.6953179836273193,-0.5796080827713013,1.038995623588562,2.938366413116455,-0.3221520185470581,1.0682411193847656,2.7764830589294434
-0.31725937128067017,0.1435392200946808,2.7869441509246826,-0.2947198152542114,-0.037949830293655396,2.7808568477630615,-0.2716819941997528,-0.21936865150928497,2.774545669555664,-0.24864348769187927,-0.4007928967475891,2.7682342529296875,-0.28871071338653564,-0.407895028591156,2.7972986698150635,-0.40958285331726074,-0.42628851532936096,2.8848085403442383,-0.4539109170436859,-0.1552262306213379,2.8363044261932373,-0.45889419317245483,0.11279037594795227,2.844409704208374,-0.45989084243774414,0.1663936972618103,2.8460307121276855,-0.46188414096832275,0.27360033988952637,2.8492727279663086,-0.40800997614860535,0.22208818793296814,2.8110132217407227,-0.20832586288452148,-0.3956626355648041,2.7391011714935303,-0.08745372295379639,-0.3772691488265991,2.6515913009643555,-0.03692774102091789,-0.11444365978240967,2.7300913333892822,0.05515413358807564,0.10240377485752106,2.8582379817962646,0.07357050478458405,0.1457732617855072,2.8838672637939453,0.11040325462818146,0.2325122356414795,2.9351258277893066,0.0416388176381588,0.1868646740913391,2.9495298862457275,-0.4003479480743408,0.13142962753772736,2.8403308391571045,-0.44993165135383606,0.5617952346801758,2.9371442794799805,-0.531873881816864,0.9468738436698914,2.9634227752685547,-0.49101245403289795,1.0493019819259644,3.0710408687591553,-0.2341707944869995,0.15564881265163422,2.7335574626922607,-0.22780393064022064,0.5891671180725098,2.828779697418213,-0.28793880343437195,0.978758692741394,2.811666965484619,-0.24077121913433075,1.090138554573059,2.9071266651153564,-0.1416293829679489,-0.5215205550193787,2.8559749126434326,-0.12001246958971024,-0.5716425180435181,2.865856885910034,-0.15072165429592133,-0.62803053855896,2.8650035858154297,-0.2632792890071869,-0.6570841073989868,2.820622682571411,-0.10120297223329544,-0.6150636076927185,2.8224494457244873,-0.12297633290290833,-0.6203445792198181,2.700052261352539,-0.5728084444999695,1.0410906076431274,2.936309576034546,-0.3237062990665436,1.0714958906173706,2.7741427421569824
-0.3073488175868988,0.1447906494140625,2.7913765907287598,-0.28457969427108765,-0.03664329648017883,2.784048557281494,-0.26127150654792786,-0.21799877285957336,2.7764766216278076,-0.23796263337135315,-0.39935967326164246,2.768904447555542,-0.27913355827331543,-0.4067986011505127,2.7963035106658936,-0.40442025661468506,-0.42637646198272705,2.8795504570007324,-0.46086201071739197,-0.15532353520393372,2.8441402912139893,-0.47993358969688416,0.11157003045082092,2.8650107383728027,-0.4837478995323181,0.1649487465620041,2.869184732437134,-0.4913765490055084,0.27170616388320923,2.877532958984375,-0.4339589476585388,0.22490307688713074,2.838252544403076,-0.19653835892677307,-0.39389193058013916,2.7414228916168213,-0.07125167548656464,-0.3743140697479248,2.6581759452819824,-0.016919992864131927,-0.11199343204498291,2.736567258834839,0.07594079524278641,0.10409612953662872,2.8658485412597656,0.0945129543542862,0.14731404185295105,2.891704797744751,0.13165727257728577,0.2337498664855957,2.9434173107147217,0.061396196484565735,0.1897541880607605,2.9559884071350098,-0.3924156725406647,0.13208970427513123,2.841524839401245,-0.44446811079978943,0.5623098611831665,2.9375529289245605,-0.5253251194953918,0.9476051926612854,2.9636294841766357,-0.48783430457115173,1.0490530729293823,3.0733678340911865,-0.22228196263313293,0.15749159455299377,2.7412283420562744,-0.22647084295749664,0.5918148756027222,2.8326940536499023,-0.2891840636730194,0.9809092283248901,2.814175605773926,-0.24679845571517944,1.0924036502838135,2.91170597076416,-0.13718588650226593,-0.5215820074081421,2.8619225025177,-0.11665128171443939,-0.5719799995422363,2.8727595806121826,-0.1478407084941864,-0.6280620694160461,2.8699347972869873,-0.25807473063468933,-0.6557799577713013,2.819211721420288,-0.09588634967803955,-0.6154268980026245,2.830249071121216,-0.11087070405483246,-0.6199803352355957,2.706768751144409,-0.5647743940353394,1.0422210693359375,2.935742139816284,-0.3242169916629791,1.0734425783157349,2.7754926681518555
-0.2982366681098938,0.14526215195655823,2.796067953109741,-0.2751755714416504,-0.03611293435096741,2.7876243591308594,-0.2515161633491516,-0.2173982858657837,2.7789130210876465,-0.22785604000091553,-0.3986890912055969,2.7702014446258545,-0.2699497938156128,-0.40643075108528137,2.796085834503174,-0.39893433451652527,-0.42707106471061707,2.8753039836883545,-0.46501243114471436,-0.15679389238357544,2.851409673690796,-0.4950162172317505,0.10810250043869019,2.8835506439208984,-0.5010169744491577,0.16108179092407227,2.8899788856506348,-0.5130184888839722,0.2670403718948364,2.9028353691101074,-0.4530728757381439,0.22426605224609375,2.8626585006713867,-0.18550513684749603,-0.39291778206825256,2.744222640991211,-0.05652059614658356,-0.37227746844291687,2.6650044918060303,-0.00041332468390464783,-0.11045733094215393,2.7443089485168457,0.09208250045776367,0.10450208187103271,2.8759918212890625,0.1105816662311554,0.14749395847320557,2.9023284912109375,0.14757999777793884,0.23347772657871246,2.9550015926361084,0.07622233033180237,0.19064664840698242,2.96553111076355,-0.3849426209926605,0.13203832507133484,2.843315601348877,-0.4392532408237457,0.5621004700660706,2.9383738040924072,-0.5188573598861694,0.9475340247154236,2.9650278091430664,-0.48426711559295654,1.0478873252868652,3.0766642093658447,-0.21153071522712708,0.15848597884178162,2.7488203048706055,-0.22504852712154388,0.5931546688079834,2.8372488021850586,-0.28965505957603455,0.9818806648254395,2.8192379474639893,-0.2514128088951111,1.092929482460022,2.9189157485961914,-0.13390453159809113,-0.5217087268829346,2.8693058490753174,-0.1145196184515953,-0.5722995400428772,2.8814353942871094,-0.1460331380367279,-0.6281225681304932,2.8768506050109863,-0.25336986780166626,-0.654932975769043,2.8196747303009033,-0.09166400879621506,-0.6160565614700317,2.8402860164642334,-0.09932404011487961,-0.6207460761070251,2.7160749435424805,-0.5569221377372742,1.0425608158111572,2.9367003440856934,-0.3239379823207855,1.0744397640228271,2.780008316040039
-0.28464996814727783,0.14635854959487915,2.800032377243042,-0.26039162278175354,-0.03485609591007233,2.790196418762207,-0.23550128936767578,-0.2159716635942459,2.7801175117492676,-0.21061021089553833,-0.39709267020225525,2.770038366317749,-0.25454893708229065,-0.4053865671157837,2.792492628097534,-0.3902025818824768,-0.4278845191001892,2.8617725372314453,-0.47078758478164673,-0.16061842441558838,2.853630304336548,-0.5192893147468567,0.09922724962234497,2.900908946990967,-0.5289896726608276,0.15119639039039612,2.9103646278381348,-0.5483903288841248,0.255134642124176,2.9292759895324707,-0.48370254039764404,0.21883928775787354,2.8900866508483887,-0.1664009392261505,-0.39076733589172363,2.747474431991577,-0.030747294425964355,-0.3682693839073181,2.678194522857666,0.024511784315109253,-0.10699406266212463,2.759883403778076,0.11353285610675812,0.10413207113742828,2.8999135494232178,0.13133707642555237,0.14635729789733887,2.927919626235962,0.16694550216197968,0.23080775141716003,2.98393177986145,0.09387591481208801,0.18991392850875854,2.9890520572662354,-0.37467238306999207,0.13210433721542358,2.840625524520874,-0.44187813997268677,0.559680163860321,2.9356489181518555,-0.5249767303466797,0.9433141946792603,2.968418836593628,-0.4988630712032318,1.0401140451431274,3.085075855255127,-0.1946275532245636,0.16061276197433472,2.75943922996521,-0.22451455891132355,0.5950144529342651,2.8417139053344727,-0.2912813425064087,0.9828741550445557,2.825547933578491,-0.2616026997566223,1.0923216342926025,2.9294779300689697,-0.13388291001319885,-0.5213683843612671,2.881614923477173,-0.11756636947393417,-0.5722887516021729,2.8965508937835693,-0.14956369996070862,-0.6273829936981201,2.8881282806396484,-0.24890606105327606,-0.6521649956703186,2.8172388076782227,-0.09050357341766357,-0.6169684529304504,2.859114646911621,-0.08156900107860565,-0.6226571798324585,2.7350332736968994,-0.5613808035850525,1.0389255285263062,2.9404563903808594,-0.32342982292175293,1.0756782293319702,2.785515785217285
-0.2799437940120697,0.1453213393688202,2.8061108589172363,-0.2559528648853302,-0.035932302474975586,2.7958359718322754,-0.23132188618183136,-0.2170862853527069,2.785320520401001,-0.20669017732143402,-0.3982456922531128,2.7748045921325684,-0.25109732151031494,-0.4065394103527069,2.796335458755493,-0.388610303401947,-0.4291054308414459,2.8629844188690186,-0.47244131565093994,-0.1626875400543213,2.8650097846984863,-0.5245115160942078,0.09428218007087708,2.9231486320495605,-0.5349255800247192,0.1456761211156845,2.9347763061523438,-0.5557536482810974,0.24846400320529938,2.9580318927764893,-0.49015146493911743,0.21465052664279938,2.9181270599365234,-0.16201531887054443,-0.39192095398902893,2.753159761428833,-0.02450232207775116,-0.3693549335002899,2.6865108013153076,0.028408702462911606,-0.10745227336883545,2.767859697341919,0.11474542319774628,0.103136345744133,2.910419464111328,0.1320127695798874,0.14525407552719116,2.938931465148926,0.16654746234416962,0.2294895350933075,2.995955228805542,0.09324046224355698,0.18881282210350037,2.999253273010254,-0.3707371950149536,0.13109180331230164,2.8451316356658936,-0.44502168893814087,0.5573951601982117,2.9391539096832275,-0.5308560132980347,0.9396885633468628,2.976860761642456,-0.5071589350700378,1.0346386432647705,3.095397472381592,-0.1891503930091858,0.15955087542533875,2.767090082168579,-0.2216479480266571,0.5936071872711182,2.848526954650879,-0.28702184557914734,0.9815680384635925,2.836270332336426,-0.2586223781108856,1.089532732963562,2.9419353008270264,-0.14034056663513184,-0.522490918636322,2.892829418182373,-0.12613840401172638,-0.5735111236572266,2.9094531536102295,-0.15861424803733826,-0.6280588507652283,2.8995256423950195,-0.25337064266204834,-0.6518102884292603,2.822324514389038,-0.09752269834280014,-0.6192071437835693,2.874500274658203,-0.0802779421210289,-0.6267303824424744,2.7514190673828125,-0.5673664808273315,1.035469651222229,2.9499175548553467,-0.3182796239852905,1.0749000310897827,2.7969632148742676
-0.276210218667984,0.1435801088809967,2.8122284412384033,-0.25247618556022644,-0.03774899244308472,2.802152633666992,-0.22804731130599976,-0.2189730554819107,2.7918503284454346,-0.20361770689487457,-0.40020254254341125,2.781547784805298,-0.24849437177181244,-0.4084278643131256,2.8021295070648193,-0.3877871036529541,-0.4308352470397949,2.865997791290283,-0.47482573986053467,-0.16548550128936768,2.8736281394958496,-0.531153678894043,0.08929932117462158,2.9374115467071533,-0.5424192547798157,0.14025628566741943,2.9501681327819824,-0.5649504661560059,0.24217021465301514,2.9756815433502197,-0.49819451570510864,0.2101849615573883,2.9361460208892822,-0.15847553312778473,-0.39394694566726685,2.7608540058135986,-0.01918281614780426,-0.37153956294059753,2.6969857215881348,0.031384050846099854,-0.1090371310710907,2.778102159500122,0.11432641744613647,0.10186196863651276,2.9223194122314453,0.13091489672660828,0.14404179155826569,2.951162815093994,0.16409184038639069,0.22840142250061035,3.008849620819092,0.0906827375292778,0.18776772916316986,3.0104241371154785,-0.36777830123901367,0.1295168697834015,2.8496243953704834,-0.4462861716747284,0.555176854133606,2.941927671432495,-0.5326544046401978,0.9367003440856934,2.98366117477417,-0.5108382105827332,1.0299054384231567,3.1038193702697754,-0.18464213609695435,0.15764334797859192,2.7748324871063232,-0.21856212615966797,0.5916924476623535,2.854334831237793,-0.28211504220962524,0.9797810316085815,2.8438656330108643,-0.25494980812072754,1.0868055820465088,2.9506781101226807,-0.1472749412059784,-0.5238082408905029,2.905254602432251,-0.1351354718208313,-0.5748111009597778,2.9234559535980225,-0.16794991493225098,-0.628892183303833,2.9122493267059326,-0.2580490708351135,-0.6520770192146301,2.8295350074768066,-0.10525014251470566,-0.6215370893478394,2.8910417556762695,-0.08039972186088562,-0.6312375664710999,2.76944637298584,-0.5687158703804016,1.0328065156936646,2.95751953125,-0.3123544156551361,1.0734690427780151,2.804771661758423
-0.2725202441215515,0.14076045155525208,2.819718837738037,-0.2489205002784729,-0.040694430470466614,2.8107593059539795,-0.22458483278751373,-0.2220422923564911,2.8016040325164795,-0.20024845004081726,-0.4033955931663513,2.7924485206604004,-0.24556592106819153,-0.4114765524864197,2.8121347427368164,-0.3864140510559082,-0.4334651529788971,2.8732962608337402,-0.47553500533103943,-0.16894304752349854,2.885322332382202,-0.5344682931900024,0.08375221490859985,2.954906940460205,-0.5462549328804016,0.13429126143455505,2.9688239097595215,-0.5698282122612,0.23536936938762665,2.9966578483581543,-0.502159595489502,0.20480358600616455,2.957536220550537,-0.1546664535999298,-0.39728569984436035,2.77266263961792,-0.013818323612213135,-0.37529709935188293,2.711501121520996,0.03282300382852554,-0.11140501499176025,2.790524482727051,0.11112896353006363,0.10119587182998657,2.9348819255828857,0.1267901510000229,0.14371605217456818,2.9637534618377686,0.1581125259399414,0.2287563979625702,3.021496534347534,0.0849081501364708,0.1877090483903885,3.021669864654541,-0.36480528116226196,0.12698683142662048,2.8555896282196045,-0.4454721212387085,0.5526381731033325,2.9451980590820312,-0.5307180285453796,0.9338623285293579,2.990375518798828,-0.5101868510246277,1.0254606008529663,3.111910581588745,-0.18023519217967987,0.15453407168388367,2.7838480472564697,-0.21504415571689606,0.5888046026229858,2.860746145248413,-0.2766733765602112,0.9770678281784058,2.8510894775390625,-0.2506444752216339,1.0834482908248901,2.958738327026367,-0.1542419195175171,-0.5255113840103149,2.921769857406616,-0.14427298307418823,-0.5763518810272217,2.941657304763794,-0.17736467719078064,-0.6300332546234131,2.929410934448242,-0.2625035047531128,-0.6532101035118103,2.8416059017181396,-0.11332447081804276,-0.6242527961730957,2.9120867252349854,-0.08105625212192535,-0.6368321776390076,2.792520761489868,-0.5659770369529724,1.0304042100906372,2.9649229049682617,-0.3058927357196808,1.071028709411621,2.8119876384735107
-0.269875705242157,0.13893195986747742,2.8219029903411865,-0.2463046759366989,-0.04259619116783142,2.813425064086914,-0.22191067039966583,-0.22400695085525513,2.80476450920105,-0.19751593470573425,-0.4054231345653534,2.7961037158966064,-0.24318720400333405,-0.41347262263298035,2.8150012493133545,-0.38520216941833496,-0.43537333607673645,2.87373948097229,-0.47663503885269165,-0.17208635807037354,2.8935840129852295,-0.5376043915748596,0.07697136700153351,2.9738125801086426,-0.5497982501983643,0.12678290903568268,2.989858388900757,-0.5741859674453735,0.2264060080051422,3.0219497680664062,-0.5057789087295532,0.19787541031837463,2.9825594425201416,-0.15157952904701233,-0.39934542775154114,2.777111768722534,-0.009564563632011414,-0.37744471430778503,2.7183735370635986,0.032049477100372314,-0.11269152164459229,2.797416925430298,0.10518132150173187,0.10037274658679962,2.9438374042510986,0.11980769038200378,0.14298559725284576,2.973121404647827,0.1490604281425476,0.22821131348609924,3.0316896438598633,0.07627885788679123,0.18642757833003998,3.030245542526245,-0.36274003982543945,0.12526004016399384,2.8564555644989014,-0.44270312786102295,0.5510083436965942,2.9456522464752197,-0.5245222449302673,0.932151198387146,2.9965758323669434,-0.5042920708656311,1.02140212059021,3.1198439598083496,-0.1770113706588745,0.152603879570961,2.7873504161834717,-0.2133776694536209,0.5867658853530884,2.863459587097168,-0.27395564317703247,0.9751406311988831,2.8561925888061523,-0.2491479068994522,1.0805364847183228,2.9650332927703857,-0.1604400873184204,-0.5268815755844116,2.9288415908813477,-0.15238681435585022,-0.5776586532592773,2.949718713760376,-0.18567994236946106,-0.6309170722961426,2.936264991760254,-0.2664461135864258,-0.653634786605835,2.8443241119384766,-0.12073507905006409,-0.6263611316680908,2.9222936630249023,-0.08243566006422043,-0.6407262682914734,2.8047385215759277,-0.5585386753082275,1.0294485092163086,2.972460985183716,-0.3024175465106964,1.0694669485092163,2.8174901008605957
-0.26755160093307495,0.137308269739151,2.822791576385498,-0.24390745162963867,-0.04425860941410065,2.814514398574829,-0.2193366140127182,-0.22569333016872406,2.8060407638549805,-0.19476504623889923,-0.40713346004486084,2.7975668907165527,-0.24072450399398804,-0.41521385312080383,2.815767765045166,-0.3836165964603424,-0.4372069537639618,2.8723347187042236,-0.47781088948249817,-0.17570698261260986,2.9019100666046143,-0.5405868887901306,0.06822538375854492,2.9956719875335693,-0.5531420707702637,0.11701186001300812,3.0144243240356445,-0.5782524347305298,0.21458479762077332,3.051928997039795,-0.509259045124054,0.1885480135679245,3.011777639389038,-0.1485385149717331,-0.4010251462459564,2.779273748397827,-0.005646422505378723,-0.37903204560279846,2.7227067947387695,0.029263854026794434,-0.11352917551994324,2.8028252124786377,0.09584391117095947,0.09975451231002808,2.9521982669830322,0.1091599240899086,0.1424112468957901,2.9820728302001953,0.13579194247722626,0.22772473096847534,3.0418219566345215,0.06372696161270142,0.1847565770149231,3.0385782718658447,-0.360889196395874,0.12363027036190033,2.8562064170837402,-0.4383523464202881,0.5497429370880127,2.9455273151397705,-0.5154836177825928,0.9309566020965576,3.0024144649505615,-0.494977205991745,1.0177935361862183,3.1273202896118164,-0.17421402037143707,0.15098626911640167,2.789376735687256,-0.21148402988910675,0.5851089358329773,2.8648698329925537,-0.2708796560764313,0.9736382961273193,2.8597373962402344,-0.2470124512910843,1.0781574249267578,2.969595432281494,-0.16550789773464203,-0.5285449028015137,2.9322352409362793,-0.15916547179222107,-0.579337477684021,2.9536280632019043,-0.19261705875396729,-0.6321385502815247,2.9388890266418457,-0.2695079445838928,-0.6540320515632629,2.8435237407684326,-0.1270643025636673,-0.6286122798919678,2.9278266429901123,-0.08377515524625778,-0.6440409421920776,2.812180280685425,-0.5480295419692993,1.029082179069519,2.9797415733337402,-0.2986339330673218,1.0683083534240723,2.8214073181152344
-0.2664492428302765,0.1360870897769928,2.8248815536499023,-0.242784783244133,-0.045554712414741516,2.8172197341918945,-0.21808616816997528,-0.2270502895116806,2.809358596801758,-0.19338682293891907,-0.40855130553245544,2.801497220993042,-0.23961292207241058,-0.4166090488433838,2.819059371948242,-0.38334932923316956,-0.43853336572647095,2.8736417293548584,-0.47949713468551636,-0.17849501967430115,2.9101130962371826,-0.5433048009872437,0.06094084680080414,3.014488697052002,-0.5560663342475891,0.10882802307605743,3.0353639125823975,-0.58158940076828,0.20460237562656403,3.0771141052246094,-0.5121715068817139,0.1804385781288147,3.0364534854888916,-0.1468922644853592,-0.4024662375450134,2.7838497161865234,-0.0031558573246002197,-0.38054192066192627,2.7292673587799072,0.024879373610019684,-0.11428406834602356,2.8099846839904785,0.08485504239797592,0.09931965172290802,2.9618780612945557,0.09685017913579941,0.1420404016971588,2.9922566413879395,0.12084044516086578,0.2274818867444992,3.053014039993286,0.04958247393369675,0.18327273428440094,3.048128604888916,-0.3602112829685211,0.12250503897666931,2.85728120803833,-0.4329662322998047,0.5494140386581421,2.946502447128296,-0.5034252405166626,0.9308827519416809,3.0096707344055176,-0.4819583296775818,1.0151394605636597,3.136150598526001,-0.17268720269203186,0.14966914057731628,2.7924818992614746,-0.2112428992986679,0.5838834047317505,2.8664846420288086,-0.26978814601898193,0.9725140333175659,2.8630545139312744,-0.24690324068069458,1.0763089656829834,2.9737796783447266,-0.17163150012493134,-0.5291332602500916,2.9382665157318115,-0.16692432761192322,-0.579806923866272,2.960325241088867,-0.20044444501399994,-0.6322643160820007,2.9446022510528564,-0.27346664667129517,-0.6539433598518372,2.846226453781128,-0.13444800674915314,-0.6297315359115601,2.936337471008301,-0.08647675067186356,-0.6467670798301697,2.8228096961975098,-0.5340672135353088,1.0299534797668457,2.9885668754577637,-0.29693153500556946,1.0674593448638916,2.825002670288086
-0.26648271083831787,0.13623175024986267,2.8254756927490234,-0.2428109347820282,-0.045475542545318604,2.8183531761169434,-0.21799321472644806,-0.2270222008228302,2.811037302017212,-0.19317474961280823,-0.40857428312301636,2.8037211894989014,-0.23965346813201904,-0.4166167080402374,2.8206465244293213,-0.3842346668243408,-0.4385016858577728,2.8732669353485107,-0.4804815649986267,-0.1788053810596466,2.9127206802368164,-0.5442702770233154,0.058406248688697815,3.0223541259765625,-0.5570279955863953,0.10584858059883118,3.044280767440796,-0.5825434923171997,0.2007332444190979,3.0881340503692627,-0.5128169655799866,0.17724139988422394,3.047532796859741,-0.14642629027366638,-0.402505099773407,2.7867164611816406,-0.0018450915813446045,-0.3806201219558716,2.734096050262451,0.01812162809073925,-0.11401829123497009,2.8164796829223633,0.06968346238136292,0.10001304745674133,2.971043109893799,0.07999582588672638,0.14281931519508362,3.00195574760437,0.1006205603480339,0.2284318506717682,3.0637810230255127,0.030467581003904343,0.18267667293548584,3.0569145679473877,-0.360649436712265,0.12273391336202621,2.8568642139434814,-0.42661023139953613,0.5504975318908691,2.9469878673553467,-0.4888322353363037,0.9321796894073486,3.0168488025665283,-0.4660102128982544,1.0136144161224365,3.1449060440063477,-0.17231598496437073,0.14972957968711853,2.7940871715545654,-0.2110626995563507,0.5840151309967041,2.86722731590271,-0.2679876387119293,0.9728482365608215,2.865902900695801,-0.2457844465970993,1.0757719278335571,2.977548837661743,-0.17837466299533844,-0.5283213257789612,2.9421069622039795,-0.17516431212425232,-0.5788665413856506,2.9647016525268555,-0.20864692330360413,-0.6310415863990784,2.9480268955230713,-0.27790528535842896,-0.6526247262954712,2.846968173980713,-0.1423562467098236,-0.629343569278717,2.94240665435791,-0.09008167684078217,-0.6478136777877808,2.8310439586639404,-0.5171802639961243,1.0322622060775757,2.997450113296509,-0.29436367750167847,1.0681513547897339,2.8282461166381836
-0.26900821924209595,0.1375054121017456,2.826319694519043,-0.24554136395454407,-0.044277459383010864,2.819488286972046,-0.22076989710330963,-0.22587858140468597,2.8124327659606934,-0.1959977000951767,-0.40748512744903564,2.8053770065307617,-0.2427065223455429,-0.4154975414276123,2.821702718734741,-0.3880442976951599,-0.43729501962661743,2.872474431991577,-0.48405328392982483,-0.1777782440185547,2.9147396087646484,-0.5478142499923706,0.05765058100223541,3.028535842895508,-0.5605664253234863,0.1047363430261612,3.051295042037964,-0.5860708355903625,0.19890788197517395,3.096813440322876,-0.5160514116287231,0.17589285969734192,3.056342601776123,-0.14901962876319885,-0.4014465808868408,2.7889747619628906,-0.0036818385124206543,-0.3796491026878357,2.7382030487060547,0.008642071858048439,-0.11351299285888672,2.8240675926208496,0.05165780335664749,0.10019493103027344,2.981929302215576,0.06026095151901245,0.14293651282787323,3.0135016441345215,0.07746724784374237,0.228419691324234,3.076646327972412,0.008475817739963531,0.1812170147895813,3.06756854057312,-0.3635542690753937,0.12415654212236404,2.856752634048462,-0.4200996160507202,0.5529980659484863,2.947758436203003,-0.47209909558296204,0.9349988698959351,3.023582696914673,-0.44742822647094727,1.0137090682983398,3.152960777282715,-0.17446216940879822,0.15085427463054657,2.795886754989624,-0.21207210421562195,0.585373044013977,2.867743730545044,-0.2665445804595947,0.9744881391525269,2.8675148487091064,-0.24470731616020203,1.0767964124679565,2.9797592163085938,-0.1866346299648285,-0.5270376801490784,2.9443764686584473,-0.18456867337226868,-0.5775529742240906,2.9671552181243896,-0.21792557835578918,-0.6294814944267273,2.9495153427124023,-0.2840757668018341,-0.650710940361023,2.846339225769043,-0.1514846235513687,-0.6283393502235413,2.9460222721099854,-0.09582637995481491,-0.647475004196167,2.836441993713379,-0.49765586853027344,1.0360957384109497,3.0057313442230225,-0.29198116064071655,1.070090413093567,2.830023765563965
-0.2752135396003723,0.13935509324073792,2.8269057273864746,-0.25229623913764954,-0.04250602424144745,2.819521188735962,-0.22794422507286072,-0.2241712212562561,2.8119091987609863,-0.2035914957523346,-0.4058418273925781,2.8042969703674316,-0.2508745789527893,-0.41380012035369873,2.8189334869384766,-0.3981819748878479,-0.4354572296142578,2.8645339012145996,-0.4938383102416992,-0.1751381754875183,2.915051221847534,-0.5594943165779114,0.05774311721324921,3.0372328758239746,-0.5726255178451538,0.10431937873363495,3.061669111251831,-0.5988879203796387,0.19747188687324524,3.110541820526123,-0.5273688435554504,0.17528215050697327,3.07099986076355,-0.15604372322559357,-0.39985811710357666,2.7895777225494385,-0.008736327290534973,-0.3782010078430176,2.7439773082733154,-0.014058355242013931,-0.1129697859287262,2.8393304347991943,0.007323931902647018,0.10331255197525024,3.001310348510742,0.011600389145314693,0.14656901359558105,3.0337064266204834,0.02015330269932747,0.23308193683624268,3.0984983444213867,-0.04586606100201607,0.18180757761001587,3.084958553314209,-0.37073957920074463,0.12620042264461517,2.854412078857422,-0.41121941804885864,0.5568080544471741,2.9450008869171143,-0.4473124146461487,0.9396345615386963,3.0251688957214355,-0.4217456877231598,1.0153859853744507,3.156075954437256,-0.1796874850988388,0.15250976383686066,2.7993993759155273,-0.21675583720207214,0.5874114036560059,2.868351459503174,-0.26840725541114807,0.9767875671386719,2.866323709487915,-0.24916037917137146,1.0789874792099,2.979077100753784,-0.2014918476343155,-0.5268192291259766,2.942089319229126,-0.20064254105091095,-0.5775325298309326,2.964350700378418,-0.23305383324623108,-0.6291570067405701,2.9444580078125,-0.29375767707824707,-0.6491180062294006,2.837902069091797,-0.16659396886825562,-0.6280694007873535,2.9444003105163574,-0.1054547131061554,-0.6460363268852234,2.837738275527954,-0.46786564588546753,1.0419929027557373,3.008255958557129,-0.29204002022743225,1.0725129842758179,2.828063488006592
-0.28173357248306274,0.14109018445014954,2.825143337249756,-0.25998061895370483,-0.040876880288124084,2.8168718814849854,-0.23674376308918,-0.22264885902404785,2.808350086212158,-0.21350620687007904,-0.4044262766838074,2.799828052520752,-0.2608952224254608,-0.4121659994125366,2.8142385482788086,-0.40860676765441895,-0.43315568566322327,2.859180450439453,-0.49937304854393005,-0.17024683952331543,2.9118475914001465,-0.5614650249481201,0.06491784751415253,3.0340359210968018,-0.5738834142684937,0.11195078492164612,3.058473587036133,-0.5987201929092407,0.2060166597366333,3.107348918914795,-0.5271987318992615,0.18239976465702057,3.0678787231445312,-0.16586463153362274,-0.398662269115448,2.785325050354004,-0.018153071403503418,-0.37767258286476135,2.7403831481933594,-0.03212878108024597,-0.11383876204490662,2.8420188426971436,-0.02110256813466549,0.10378687083721161,3.0051302909851074,-0.018897324800491333,0.1473120003938675,3.037752628326416,-0.01448683999478817,0.23436224460601807,3.102997303009033,-0.07877019792795181,0.18074515461921692,3.088036060333252,-0.37740564346313477,0.1284123957157135,2.85244083404541,-0.40590015053749084,0.5601769685745239,2.9418392181396484,-0.43178558349609375,0.9442991018295288,3.019503593444824,-0.40398597717285156,1.0202124118804932,3.1498405933380127,-0.18606150150299072,0.15376797318458557,2.7978458404541016,-0.21970617771148682,0.5889432430267334,2.8665125370025635,-0.26874274015426636,0.9785963296890259,2.862340211868286,-0.24901646375656128,1.0812478065490723,2.974576234817505,-0.20940779149532318,-0.5272801518440247,2.93571400642395,-0.2079506516456604,-0.5782632827758789,2.9572081565856934,-0.2399912178516388,-0.6298502683639526,2.936784267425537,-0.3011522889137268,-0.6488021612167358,2.8304171562194824,-0.1735970675945282,-0.628148078918457,2.9363205432891846,-0.11303552240133286,-0.6439793705940247,2.829103708267212,-0.4496805965900421,1.0470353364944458,3.001945972442627,-0.29166367650032043,1.074263572692871,2.8235373497009277
-0.2888234853744507,0.14202937483787537,2.824692726135254,-0.2682047486305237,-0.0400405079126358,2.8157520294189453,-0.2461109310388565,-0.22192421555519104,2.806548595428467,-0.2240164577960968,-0.40381336212158203,2.79734468460083,-0.27147337794303894,-0.4113081693649292,2.8116633892059326,-0.41944748163223267,-0.4315442144870758,2.8563523292541504,-0.5050010681152344,-0.16577890515327454,2.9094603061676025,-0.5631599426269531,0.07243923842906952,3.030071496963501,-0.5747917294502258,0.12008287012577057,3.0541937351226807,-0.5980553030967712,0.21537013351917267,3.10243821144104,-0.5266335010528564,0.19000568985939026,3.063143253326416,-0.1763194054365158,-0.39829546213150024,2.782926321029663,-0.028345301747322083,-0.37805941700935364,2.7382373809814453,-0.049296408891677856,-0.11514940857887268,2.844116687774658,-0.046627338975667953,0.10404913127422333,3.007280111312866,-0.046093523502349854,0.14788883924484253,3.039912700653076,-0.04502589628100395,0.23556825518608093,3.105178117752075,-0.10787668824195862,0.18001428246498108,3.0893020629882812,-0.38454949855804443,0.12984414398670197,2.85207462310791,-0.40398627519607544,0.5625417828559875,2.9392006397247314,-0.4220257103443146,0.9476150274276733,3.014181613922119,-0.3922635614871979,1.023888111114502,3.143860340118408,-0.19309747219085693,0.15421460568904877,2.7973108291625977,-0.22384440898895264,0.5895497798919678,2.8661141395568848,-0.2704584300518036,0.979468047618866,2.8616621494293213,-0.2500177025794983,1.0820773839950562,2.9737932682037354,-0.2169671505689621,-0.5280479192733765,2.9316277503967285,-0.21470840275287628,-0.5792090892791748,2.9524950981140137,-0.24641551077365875,-0.630856990814209,2.93188214302063,-0.3086032271385193,-0.6492373943328857,2.826139450073242,-0.18011212348937988,-0.6284357309341431,2.9306416511535645,-0.12074360996484756,-0.6423771381378174,2.822624444961548,-0.43795958161354065,1.0505484342575073,2.9959490299224854,-0.29281002283096313,1.0752376317977905,2.822801113128662
-0.29661864042282104,0.14220771193504333,2.826685667037964,-0.2771673798561096,-0.039989590644836426,2.8176116943359375,-0.25624096393585205,-0.2220100611448288,2.808274984359741,-0.23531392216682434,-0.4040359854698181,2.798938035964966,-0.28280436992645264,-0.4112374484539032,2.8133010864257812,-0.4309394359588623,-0.4305689036846161,2.858154296875,-0.5119433403015137,-0.1623157262802124,2.9113080501556396,-0.5661176443099976,0.07834841310977936,3.0311226844787598,-0.5769525170326233,0.12648123502731323,3.0550856590270996,-0.5986222624778748,0.22274689376354218,3.1030116081237793,-0.527457594871521,0.19589763879776,3.0635757446289062,-0.18759603798389435,-0.3988128900527954,2.784473419189453,-0.039460957050323486,-0.3794814348220825,2.7396202087402344,-0.06560336798429489,-0.11621543765068054,2.846176862716675,-0.06976519525051117,0.10678891837596893,3.0057430267333984,-0.0705975592136383,0.15138979256153107,3.037656307220459,-0.07226229459047318,0.24059154093265533,3.10148286819458,-0.13392825424671173,0.1832210123538971,3.0857858657836914,-0.3923272490501404,0.1306089162826538,2.8544154167175293,-0.40468108654022217,0.5642201900482178,2.938112735748291,-0.4164339303970337,0.9500993490219116,3.0100345611572266,-0.38483476638793945,1.0269488096237183,3.1389269828796387,-0.20091001689434052,0.15380650758743286,2.7989559173583984,-0.22699493169784546,0.5893768072128296,2.8680548667907715,-0.26935872435569763,0.9797729253768921,2.8649239540100098,-0.24740901589393616,1.081810474395752,2.977281093597412,-0.22491928935050964,-0.5287860631942749,2.9323182106018066,-0.2217962145805359,-0.5799861550331116,2.9528560638427734,-0.25321924686431885,-0.6318264603614807,2.932455062866211,-0.31672441959381104,-0.6503159999847412,2.8276374340057373,-0.18702629208564758,-0.6286762356758118,2.9302427768707275,-0.12917765974998474,-0.6413903832435608,2.8213696479797363,-0.43088459968566895,1.0531092882156372,2.991044521331787,-0.29079654812812805,1.075892448425293,2.826427936553955
-0.3042179346084595,0.14207535982131958,2.8283119201660156,-0.28594350814819336,-0.04026232659816742,2.819380283355713,-0.26626864075660706,-0.2224428653717041,2.810220241546631,-0.246593177318573,-0.40462884306907654,2.8010599613189697,-0.2940821945667267,-0.41149282455444336,2.8156027793884277,-0.4422597289085388,-0.4297797679901123,2.8610332012176514,-0.5185146331787109,-0.1589392125606537,2.9123003482818604,-0.5682889819145203,0.08490651845932007,3.0292978286743164,-0.5782438516616821,0.13367566466331482,3.0526974201202393,-0.5981535911560059,0.23121395707130432,3.099496364593506,-0.5274724364280701,0.20260582864284515,3.0599122047424316,-0.1988903284072876,-0.39974498748779297,2.7864174842834473,-0.05071280896663666,-0.381458044052124,2.7409870624542236,-0.08058303594589233,-0.1171165406703949,2.846006393432617,-0.08985128253698349,0.11034080386161804,3.000291347503662,-0.09170493483543396,0.15583227574825287,3.0311484336853027,-0.0954122319817543,0.24681521952152252,3.092862367630005,-0.15613630414009094,0.18786051869392395,3.078094482421875,-0.39984947443008423,0.1311059296131134,2.8565852642059326,-0.4070843458175659,0.5654082298278809,2.9371681213378906,-0.41408443450927734,0.9517743587493896,3.00699782371521,-0.38081714510917664,1.0289753675460815,3.1352529525756836,-0.20858637988567352,0.15304479002952576,2.8000385761260986,-0.22913236916065216,0.5886461734771729,2.8707048892974854,-0.26622283458709717,0.9795781970024109,2.8713927268981934,-0.2421921193599701,1.0802721977233887,2.9845268726348877,-0.23281329870224,-0.5295056104660034,2.933830499649048,-0.22890415787696838,-0.580687940120697,2.9541685581207275,-0.2602273225784302,-0.632703959941864,2.9342124462127686,-0.3253721296787262,-0.6514673829078674,2.8305630683898926,-0.1941606104373932,-0.6289973855018616,2.9308416843414307,-0.1381831020116806,-0.6409653425216675,2.8210129737854004,-0.4275068938732147,1.0548293590545654,2.987522602081299,-0.2865965664386749,1.076324224472046,2.8339104652404785
-0.31016775965690613,0.14213931560516357,2.8283841609954834,-0.2929289937019348,-0.040312543511390686,2.8195641040802,-0.27443912625312805,-0.2226334661245346,2.810572385787964,-0.2559486925601959,-0.40495985746383667,2.8015804290771484,-0.3034062385559082,-0.41150590777397156,2.816377639770508,-0.4515072703361511,-0.42880553007125854,2.8626105785369873,-0.523227870464325,-0.1557244062423706,2.9105045795440674,-0.5688604712486267,0.09150335192680359,3.0228428840637207,-0.577987015247345,0.14094890654087067,3.0453104972839355,-0.5962400436401367,0.23984001576900482,3.0902457237243652,-0.526157557964325,0.20939451456069946,3.050724744796753,-0.20829017460346222,-0.4003954231739044,2.7866852283477783,-0.0601891428232193,-0.38309580087661743,2.740452289581299,-0.09325273334980011,-0.11708617210388184,2.8412325382232666,-0.10726267844438553,0.11605322360992432,2.9870870113372803,-0.11006467044353485,0.16268110275268555,3.0162580013275146,-0.1156686469912529,0.255936861038208,3.0745997428894043,-0.17538616061210632,0.1953752487897873,3.0616958141326904,-0.40570172667503357,0.13171933591365814,2.857210636138916,-0.4105338454246521,0.566411554813385,2.9358270168304443,-0.414935827255249,0.9528633952140808,3.005375862121582,-0.3805018365383148,1.0299744606018066,3.133375644683838,-0.2146337926387787,0.152559295296669,2.799557685852051,-0.22992032766342163,0.5878410935401917,2.8734309673309326,-0.26183706521987915,0.9791736602783203,2.87988018989563,-0.23572194576263428,1.0779292583465576,2.9942526817321777,-0.23952065408229828,-0.5294278860092163,2.9341583251953125,-0.2350463718175888,-0.5805031061172485,2.9544854164123535,-0.26637473702430725,-0.6326490640640259,2.9351086616516113,-0.3329339921474457,-0.6518759727478027,2.832611083984375,-0.20045922696590424,-0.6286199688911438,2.9307236671447754,-0.14617332816123962,-0.6404601335525513,2.8201866149902344,-0.4278811514377594,1.0559769868850708,2.9858922958374023,-0.2811810374259949,1.0766993761062622,2.8439056873321533
-0.3152398467063904,0.1435505449771881,2.8301758766174316,-0.2991090416908264,-0.039022296667099,2.821694850921631,-0.2818961441516876,-0.221490740776062,2.8130948543548584,-0.26468271017074585,-0.403964638710022,2.804494619369507,-0.3121129870414734,-0.4101504981517792,2.819535732269287,-0.460141658782959,-0.4263296127319336,2.8665318489074707,-0.527063250541687,-0.15111485123634338,2.908982992172241,-0.5685587525367737,0.09994560480117798,3.0142557621002197,-0.57685786485672,0.15015769004821777,3.0353102684020996,-0.5934560298919678,0.25058186054229736,3.0774192810058594,-0.5240432620048523,0.21799996495246887,3.0384087562561035,-0.21706534922122955,-0.3997620642185211,2.7893598079681396,-0.06903669238090515,-0.3835829496383667,2.742363691329956,-0.10355269908905029,-0.115345299243927,2.8366024494171143,-0.12089034914970398,0.12427803874015808,2.9711966514587402,-0.12435787916183472,0.1722027063369751,2.9981155395507812,-0.1312929391860962,0.26805204153060913,3.0519533157348633,-0.19024014472961426,0.20622505247592926,3.041745185852051,-0.41069450974464417,0.13375510275363922,2.8594908714294434,-0.4149217903614044,0.5687845945358276,2.9362130165100098,-0.4181724190711975,0.9552041292190552,3.0059680938720703,-0.3830241560935974,1.0321736335754395,3.1338558197021484,-0.2197851836681366,0.153345987200737,2.80086088180542,-0.2303599715232849,0.5882227420806885,2.877836227416992,-0.257554829120636,0.9797765016555786,2.8897716999053955,-0.2295999825000763,1.0766477584838867,3.0053114891052246,-0.24697250127792358,-0.5273864269256592,2.9375267028808594,-0.24232083559036255,-0.5782560706138611,2.9581148624420166,-0.27382969856262207,-0.6304364800453186,2.9394354820251465,-0.3413594365119934,-0.6502740383148193,2.8379061222076416,-0.20805490016937256,-0.626480221748352,2.934349298477173,-0.15499748289585114,-0.6390647888183594,2.823495864868164,-0.43097203969955444,1.058354139328003,2.986590623855591,-0.2759380638599396,1.078004002571106,2.8552370071411133
-0.31965750455856323,0.1452791690826416,2.8321070671081543,-0.30477872490882874,-0.03741385042667389,2.8236587047576904,-0.28902876377105713,-0.22003090381622314,2.8151469230651855,-0.2732783257961273,-0.40265342593193054,2.8066349029541016,-0.3207029104232788,-0.4084550738334656,2.821857213973999,-0.4686994254589081,-0.4234360158443451,2.869419574737549,-0.5302708148956299,-0.14594170451164246,2.9058783054351807,-0.5674002170562744,0.10917830467224121,3.0031557083129883,-0.5748261213302612,0.16020230948925018,3.022611141204834,-0.5896778702735901,0.26225030422210693,3.0615220069885254,-0.5209023356437683,0.22730116546154022,3.023324966430664,-0.2256825566291809,-0.3988366723060608,2.7913200855255127,-0.07768604159355164,-0.3838557302951813,2.743757724761963,-0.11074323952198029,-0.11361804604530334,2.8332126140594482,-0.12835876643657684,0.1310327798128128,2.9587647914886475,-0.13188187777996063,0.17996294796466827,2.983875274658203,-0.13892808556556702,0.277823269367218,3.0340960025787354,-0.1978376805782318,0.21554672718048096,3.0262327194213867,-0.415088027715683,0.13613806664943695,2.861713409423828,-0.4197513461112976,0.5713616609573364,2.9370999336242676,-0.4229260981082916,0.9577109813690186,3.007075071334839,-0.38756507635116577,1.0346060991287231,3.134934425354004,-0.22422698140144348,0.15442027151584625,2.8025007247924805,-0.23086850345134735,0.5886247158050537,2.883413553237915,-0.25434553623199463,0.9802143573760986,2.9001121520996094,-0.2250879853963852,1.0754245519638062,3.0166897773742676,-0.25573721528053284,-0.5249943733215332,2.9402213096618652,-0.25129425525665283,-0.5756470561027527,2.961113929748535,-0.28311610221862793,-0.6276824474334717,2.9429733753204346,-0.3510570526123047,-0.6478217840194702,2.842059850692749,-0.2174646109342575,-0.6241423487663269,2.9375948905944824,-0.16504451632499695,-0.637791633605957,2.8268203735351562,-0.4357713460922241,1.060862421989441,2.9877803325653076,-0.2719237208366394,1.0790075063705444,2.866819143295288
-0.3231031000614166,0.14631325006484985,2.8368237018585205,-0.3097042143344879,-0.03651592135429382,2.828476667404175,-0.29562363028526306,-0.21929289400577545,2.820108413696289,-0.2815425992012024,-0.4020753502845764,2.811739921569824,-0.3289893567562103,-0.4074336886405945,2.827070474624634,-0.4770733118057251,-0.4210352599620819,2.874983072280884,-0.5349366068840027,-0.14183679223060608,2.905414342880249,-0.5693779587745667,0.11668601632118225,2.994870185852051,-0.5762662291526794,0.16839057207107544,3.012761354446411,-0.590042769908905,0.2717996835708618,3.048543691635132,-0.5216012597084045,0.23494713008403778,3.01142954826355,-0.23394283652305603,-0.3987036347389221,2.796318292617798,-0.08585886657238007,-0.3851020634174347,2.748405694961548,-0.11460091173648834,-0.11326044797897339,2.835020065307617,-0.12930229306221008,0.1347346007823944,2.954623222351074,-0.1322425752878189,0.18433360755443573,2.978543758392334,-0.13812312483787537,0.28353163599967957,3.0263850688934326,-0.1977377086877823,0.2216617465019226,3.020218849182129,-0.4185803234577179,0.13795985281467438,2.866529703140259,-0.4243391752243042,0.5733807682991028,2.940225839614868,-0.4281708300113678,0.9597485661506653,3.0096757411956787,-0.3930349349975586,1.0368540287017822,3.1374380588531494,-0.22762587666511536,0.15466664731502533,2.8071177005767822,-0.2304033786058426,0.5882813334465027,2.8909404277801514,-0.25061365962028503,0.9798825979232788,2.9098620414733887,-0.22040978074073792,1.0741755962371826,3.026907205581665,-0.2656101882457733,-0.5229712724685669,2.9462757110595703,-0.2617633044719696,-0.5733410120010376,2.9676358699798584,-0.29403939843177795,-0.6250911951065063,2.9499974250793457,-0.36185306310653687,-0.6454635262489319,2.849388599395752,-0.2284933626651764,-0.6223215460777283,2.9447240829467773,-0.17613932490348816,-0.6376162767410278,2.834446907043457,-0.44116002321243286,1.0628360509872437,2.9902381896972656,-0.26741838455200195,1.078985333442688,2.8771541118621826
-0.32619601488113403,0.14764919877052307,2.8412439823150635,-0.31450414657592773,-0.03530906140804291,2.8328051567077637,-0.3022961914539337,-0.21823501586914062,2.824397087097168,-0.29008787870407104,-0.4011664390563965,2.815988540649414,-0.3375958800315857,-0.4060416519641876,2.8313052654266357,-0.4859060049057007,-0.4181407392024994,2.8791964054107666,-0.5398622751235962,-0.1374717354774475,2.9038166999816895,-0.5713575482368469,0.12399429082870483,2.9858388900756836,-0.577656626701355,0.17628750205039978,3.0022432804107666,-0.5902547240257263,0.2808739244937897,3.0350520610809326,-0.5222064852714539,0.24217210710048676,2.999032497406006,-0.24244721233844757,-0.39827945828437805,2.8005807399749756,-0.09413708746433258,-0.3861803710460663,2.7526895999908447,-0.11902084946632385,-0.11299875378608704,2.83662486076355,-0.1313675493001938,0.1379687488079071,2.950409412384033,-0.13383689522743225,0.18816225230693817,2.9731664657592773,-0.13877557218074799,0.2885492444038391,3.0186803340911865,-0.1990196406841278,0.22711944580078125,3.013901472091675,-0.4218151271343231,0.140176922082901,2.870767831802368,-0.42902544140815735,0.5755933523178101,2.9431686401367188,-0.4341915547847748,0.9619876742362976,3.0113821029663086,-0.39981141686439514,1.0395452976226807,3.138993978500366,-0.23057690262794495,0.15512147545814514,2.811720132827759,-0.22964884340763092,0.5877475738525391,2.8995559215545654,-0.2471741884946823,0.9792385101318359,2.919755458831787,-0.21650946140289307,1.0728856325149536,3.037109136581421,-0.27723783254623413,-0.5205060243606567,2.9515957832336426,-0.2743634283542633,-0.5705612897872925,2.9734721183776855,-0.307190865278244,-0.6218645572662354,2.956148386001587,-0.37424737215042114,-0.6422356963157654,2.855426788330078,-0.2417386770248413,-0.6201617121696472,2.9514448642730713,-0.18879950046539307,-0.6374109387397766,2.842099905014038,-0.447373628616333,1.064933180809021,2.9915826320648193,-0.26323753595352173,1.0785198211669922,2.8873708248138428
-0.3355732858181,0.14968279004096985,2.8534369468688965,-0.3268539011478424,-0.03337578475475311,2.8448245525360107,-0.3176627457141876,-0.21641424298286438,2.836275100708008,-0.30847132205963135,-0.3994581699371338,2.827725410461426,-0.356220006942749,-0.4035435914993286,2.8424625396728516,-0.5054304003715515,-0.41319161653518677,2.888611316680908,-0.5540496110916138,-0.13159117102622986,2.9034740924835205,-0.5820648074150085,0.13291290402412415,2.9738922119140625,-0.5876678228378296,0.18581372499465942,2.987975835800171,-0.5988739132881165,0.29161536693573,3.0161430835723877,-0.5312471389770508,0.2504466772079468,2.9826667308807373,-0.2606227397918701,-0.39736223220825195,2.8128955364227295,-0.11141233146190643,-0.3877142071723938,2.766746759414673,-0.12953989207744598,-0.1131538450717926,2.845305919647217,-0.13874885439872742,0.14275804162025452,2.9459550380706787,-0.14059065282344818,0.1939404159784317,2.9660849571228027,-0.14427423477172852,0.29630517959594727,3.0063445568084717,-0.2053961306810379,0.23591595888137817,3.0038630962371826,-0.43169134855270386,0.14377029240131378,2.8817965984344482,-0.4403780996799469,0.5787469148635864,2.948666572570801,-0.4475672245025635,0.9651303291320801,3.009854316711426,-0.41549763083457947,1.0447626113891602,3.1362509727478027,-0.2394552230834961,0.15559528768062592,2.8250772953033447,-0.22593645751476288,0.5839740037918091,2.925379991531372,-0.2335761934518814,0.9743928909301758,2.949925422668457,-0.20173683762550354,1.0656014680862427,3.0683023929595947,-0.30391767621040344,-0.5145670175552368,2.96642804145813,-0.3033367693424225,-0.5638014078140259,2.9897048473358154,-0.33698904514312744,-0.6143625378608704,2.9728004932403564,-0.4009357690811157,-0.6355830430984497,2.8708932399749756,-0.27168217301368713,-0.6147626042366028,2.9703242778778076,-0.21589958667755127,-0.6367166638374329,2.863877773284912,-0.4606534540653229,1.0673807859420776,2.9881179332733154,-0.24673590064048767,1.0741297006607056,2.9186482429504395
-0.33937063813209534,0.150700181722641,2.8623085021972656,-0.33277374505996704,-0.032374173402786255,2.8531460762023926,-0.32546839118003845,-0.2154218554496765,2.8439884185791016,-0.31816279888153076,-0.3984750211238861,2.8348305225372314,-0.3660319149494171,-0.4021056890487671,2.8492496013641357,-0.515678882598877,-0.4103390574455261,2.894443988800049,-0.5636877417564392,-0.12893807888031006,2.9074225425720215,-0.5914813280105591,0.1355370283126831,2.9765565395355225,-0.597040057182312,0.18843205273151398,2.9903833866119385,-0.6081574559211731,0.2942221164703369,3.0180370807647705,-0.5404724478721619,0.25279825925827026,2.9853029251098633,-0.2702142894268036,-0.39683395624160767,2.820312023162842,-0.12056733667850494,-0.38860058784484863,2.7751176357269287,-0.13299965858459473,-0.11404925584793091,2.853391647338867,-0.13747888803482056,0.1423085629940033,2.9521827697753906,-0.13837473094463348,0.19358012080192566,2.9719409942626953,-0.14016641676425934,0.2961232364177704,3.0114574432373047,-0.20236527919769287,0.23700545728206635,3.0091991424560547,-0.4357658624649048,0.1458427459001541,2.889961004257202,-0.442442387342453,0.5809144377708435,2.9520907402038574,-0.4486605226993561,0.9677769541740417,3.006352424621582,-0.41745686531066895,1.0493773221969604,3.131437063217163,-0.2429754137992859,0.15555761754512787,2.834656000137329,-0.21874873340129852,0.5803158283233643,2.94504451751709,-0.2178434580564499,0.9699721336364746,2.97355318069458,-0.18459486961364746,1.0591037273406982,3.092836618423462,-0.3190096616744995,-0.5113189220428467,2.9750349521636963,-0.319946825504303,-0.5601058602333069,2.9990017414093018,-0.35418784618377686,-0.6101393699645996,2.9821345806121826,-0.4161946773529053,-0.6315790414810181,2.879342794418335,-0.2889823913574219,-0.6118910312652588,2.981118679046631,-0.23144584894180298,-0.6365419626235962,2.8764641284942627,-0.4611344635486603,1.069530963897705,2.9827446937561035,-0.22862456738948822,1.0701470375061035,2.9432950019836426
-0.3424915075302124,0.15093669295310974,2.8738183975219727,-0.3377233147621155,-0.032113850116729736,2.86409854888916,-0.3320136070251465,-0.21513672173023224,2.8543648719787598,-0.32630375027656555,-0.39816510677337646,2.8446309566497803,-0.37431034445762634,-0.4014056921005249,2.858630657196045,-0.5244431495666504,-0.4084250330924988,2.9025492668151855,-0.5728861093521118,-0.12744802236557007,2.915445566177368,-0.6013656258583069,0.13631492853164673,2.9856839179992676,-0.607061505317688,0.1890675127506256,2.9997315406799316,-0.618453323841095,0.29457271099090576,3.0278267860412598,-0.5505213141441345,0.2533853054046631,2.9955837726593018,-0.2782350778579712,-0.3969137668609619,2.8305256366729736,-0.12810224294662476,-0.38989442586898804,2.786607027053833,-0.13622111082077026,-0.11571007966995239,2.865462303161621,-0.13676713407039642,0.1400606632232666,2.9649429321289062,-0.13687634468078613,0.19121481478214264,2.9848389625549316,-0.13709475100040436,0.2935231328010559,3.0246312618255615,-0.20021548867225647,0.23556649684906006,3.0218777656555176,-0.4392118453979492,0.14700117707252502,2.900486946105957,-0.4418421685695648,0.5823873281478882,2.956923007965088,-0.4451376497745514,0.9698173999786377,3.0036754608154297,-0.414561927318573,1.0534257888793945,3.1273698806762695,-0.2457711547613144,0.15487220883369446,2.8471498489379883,-0.21003884077072144,0.5748571157455444,2.969986915588379,-0.1984182745218277,0.9630213379859924,3.0086159706115723,-0.16353300213813782,1.0479618310928345,3.1302452087402344,-0.33188942074775696,-0.5089755058288574,2.9860355854034424,-0.3340740501880646,-0.5573582649230957,3.0105695724487305,-0.36863330006599426,-0.6070382595062256,2.993619441986084,-0.4286099076271057,-0.6288961172103882,2.8899080753326416,-0.3035414516925812,-0.60975182056427,2.9940643310546875,-0.2441830039024353,-0.6365845203399658,2.8911681175231934,-0.45642805099487305,1.0710912942886353,2.9780280590057373,-0.20617318153381348,1.0640959739685059,2.9809491634368896
-0.344288170337677,0.14993885159492493,2.8861467838287354,-0.34103840589523315,-0.03306965529918671,2.8759891986846924,-0.3366769254207611,-0.2160545140504837,2.8658218383789062,-0.3323152959346771,-0.39904487133026123,2.855654001235962,-0.38048702478408813,-0.4019383192062378,2.8691015243530273,-0.5311867594718933,-0.40787625312805176,2.9113221168518066,-0.5802947282791138,-0.12728333473205566,2.924586534500122,-0.6096691489219666,0.1355576515197754,2.99695086479187,-0.6155440211296082,0.1881258487701416,3.0114238262176514,-0.6272937655448914,0.293262243270874,3.0403695106506348,-0.5590227842330933,0.25243252515792847,3.0085883140563965,-0.2840961813926697,-0.3981403112411499,2.8420963287353516,-0.1333964467048645,-0.39220237731933594,2.7998757362365723,-0.13826368749141693,-0.11841687560081482,2.879485607147217,-0.13561952114105225,0.1362823247909546,2.9810047149658203,-0.1350906938314438,0.1872221678495407,3.0013084411621094,-0.13403302431106567,0.28910183906555176,3.0419161319732666,-0.19797328114509583,0.23221877217292786,3.038174867630005,-0.44139203429222107,0.14680711925029755,2.911504030227661,-0.4392072558403015,0.582793116569519,2.96136474609375,-0.43862882256507874,0.9708958864212036,3.0005269050598145,-0.4087398946285248,1.056514859199524,3.122920036315918,-0.24718430638313293,0.1530705839395523,2.8607895374298096,-0.20026105642318726,0.5673555135726929,2.9976868629455566,-0.17673565447330475,0.9528793096542358,3.052236795425415,-0.14038515090942383,1.0316102504730225,3.1774730682373047,-0.3420208692550659,-0.5085086226463318,2.997755527496338,-0.34521573781967163,-0.5566267967224121,3.022629737854004,-0.37989190220832825,-0.6060758233070374,3.005375623703003,-0.43784189224243164,-0.628214955329895,2.900656223297119,-0.31489139795303345,-0.6094337701797485,3.007228374481201,-0.253673791885376,-0.637729287147522,2.9059059619903564,-0.44839897751808167,1.0717238187789917,2.972783327102661,-0.1810106784105301,1.0551435947418213,3.028674602508545
-0.34537965059280396,0.14869943261146545,2.8973183631896973,-0.34326669573783875,-0.034244880080223083,2.8866896629333496,-0.3398645520210266,-0.2171681821346283,2.8760337829589844,-0.3364622890949249,-0.40009695291519165,2.86537766456604,-0.3848106861114502,-0.4027392864227295,2.878171682357788,-0.5361156463623047,-0.40789541602134705,2.9183762073516846,-0.586898922920227,-0.12788790464401245,2.9336891174316406,-0.618245005607605,0.13331753015518188,3.010366439819336,-0.6245142221450806,0.18555861711502075,3.0257019996643066,-0.6370526552200317,0.2900407910346985,3.056372880935669,-0.5681962966918945,0.250029981136322,3.0249602794647217,-0.2880769371986389,-0.3994428515434265,2.8524677753448486,-0.13677197694778442,-0.39428672194480896,2.812263250350952,-0.13911180198192596,-0.121060311794281,2.893253803253174,-0.1337779015302658,0.13194793462753296,2.998366355895996,-0.13271112740039825,0.1825495958328247,3.0193889141082764,-0.13057756423950195,0.2837529182434082,3.061434030532837,-0.1952580213546753,0.22790998220443726,3.056255340576172,-0.44287994503974915,0.14618737995624542,2.921173572540283,-0.4353673756122589,0.5827275514602661,2.9648818969726562,-0.430247038602829,0.9713670015335083,2.997422933578491,-0.40103664994239807,1.058680534362793,3.1187584400177,-0.24787935614585876,0.15121148526668549,2.8734631538391113,-0.19081470370292664,0.559749960899353,3.023042917251587,-0.15590991079807281,0.9417336583137512,3.093724489212036,-0.11853566765785217,1.0140618085861206,3.2224528789520264,-0.3495556116104126,-0.5092950463294983,3.0074069499969482,-0.3535020351409912,-0.5573574304580688,3.032278537750244,-0.3881028890609741,-0.606640636920929,3.0144145488739014,-0.44410547614097595,-0.6286162734031677,2.9086098670959473,-0.32317209243774414,-0.6103506684303284,3.017547845840454,-0.26013487577438354,-0.6391279697418213,2.917487859725952,-0.43827706575393677,1.071808934211731,2.967824935913086,-0.15673306584358215,1.044952154159546,3.074375629425049
-0.34735819697380066,0.14714497327804565,2.9086804389953613,-0.3460480272769928,-0.03574669361114502,2.8978404998779297,-0.3432868421077728,-0.2186192125082016,2.8869497776031494,-0.3405255675315857,-0.4014972150325775,2.87605881690979,-0.38905349373817444,-0.40394702553749084,2.8881406784057617,-0.5409560203552246,-0.4085031747817993,2.926132917404175,-0.5937023758888245,-0.12920480966567993,2.9440410137176514,-0.627281665802002,0.12987691164016724,3.0261402130126953,-0.6339974999427795,0.18169325590133667,3.04256010055542,-0.6474292278289795,0.28532594442367554,3.075399875640869,-0.5779492855072021,0.24630603194236755,3.04426908493042,-0.29196763038635254,-0.40103504061698914,2.863858461380005,-0.14006507396697998,-0.39647889137268066,2.825866222381592,-0.1407831758260727,-0.12354561686515808,2.9072134494781494,-0.1337377429008484,0.12807780504226685,3.015043020248413,-0.13232865929603577,0.17840249836444855,3.036608934402466,-0.12951049208641052,0.27905187010765076,3.0797407627105713,-0.19474396109580994,0.22409379482269287,3.0731570720672607,-0.44524484872817993,0.14512473344802856,2.9309349060058594,-0.43177250027656555,0.5820120573043823,2.9687178134918213,-0.4212416708469391,0.9708925485610962,2.9959895610809326,-0.39257341623306274,1.0594319105148315,3.1165363788604736,-0.2494715452194214,0.14916521310806274,2.8864259719848633,-0.18348896503448486,0.5528326630592346,3.045103073120117,-0.1385403871536255,0.9312126636505127,3.1281142234802246,-0.10058733820915222,0.9983807802200317,3.259417772293091,-0.3561401069164276,-0.5110081434249878,3.0175185203552246,-0.3605537712574005,-0.5591143369674683,3.0421881675720215,-0.3948783576488495,-0.6083029508590698,3.0236153602600098,-0.44906675815582275,-0.6299489140510559,2.9168472290039062,-0.3300348222255707,-0.6120820641517639,3.0278472900390625,-0.26534345746040344,-0.6406563520431519,2.928837776184082,-0.4272874891757965,1.0710062980651855,2.964897871017456,-0.13620854914188385,1.0349500179290771,3.1120166778564453
-0.34842073917388916,0.14639022946357727,2.915825605392456,-0.3480395972728729,-0.03634496033191681,2.9031312465667725,-0.34622910618782043,-0.21906568109989166,2.890352249145508,-0.34441855549812317,-0.40179187059402466,2.877572774887085,-0.3933604955673218,-0.4039936065673828,2.8878509998321533,-0.5465424656867981,-0.40777599811553955,2.9202311038970947,-0.5987402200698853,-0.12919369339942932,2.945333480834961,-0.6334714293479919,0.1256803274154663,3.038541078567505,-0.6404176950454712,0.1766551434993744,3.057182550430298,-0.6543101668357849,0.27860474586486816,3.094465494155884,-0.5840631723403931,0.24054817855358124,3.064086675643921,-0.2954569458961487,-0.4015761613845825,2.8671557903289795,-0.14227496087551117,-0.3977937698364258,2.834775686264038,-0.14190426468849182,-0.12552353739738464,2.917429208755493,-0.1347036361694336,0.12463140487670898,3.0279974937438965,-0.1332635134458542,0.17466239631175995,3.0501110553741455,-0.13038326799869537,0.2747243642807007,3.0943384170532227,-0.19612783193588257,0.22091373801231384,3.084963798522949,-0.4470817446708679,0.14489644765853882,2.934366464614868,-0.4288366734981537,0.5817528963088989,2.96931529045105,-0.4140903055667877,0.9706730842590332,2.99259090423584,-0.3887097239494324,1.060217261314392,3.1130917072296143,-0.2497597485780716,0.14788401126861572,2.897284746170044,-0.17931631207466125,0.547997772693634,3.0626466274261475,-0.12792322039604187,0.9240002632141113,3.152083396911621,-0.09262508153915405,0.9885416626930237,3.2853920459747314,-0.3752632141113281,-0.5194792747497559,3.009981155395508,-0.3828834593296051,-0.5689446926116943,3.0310821533203125,-0.4163106381893158,-0.6160991787910461,3.006337881088257,-0.4607924222946167,-0.6298408508300781,2.8937478065490723,-0.35214078426361084,-0.6217508316040039,3.016263008117676,-0.27897781133651733,-0.6458537578582764,2.9218690395355225,-0.417635053396225,1.070465087890625,2.9601824283599854,-0.12255823612213135,1.0278205871582031,3.1374595165252686
-0.35001200437545776,0.14651986956596375,2.926048994064331,-0.34935304522514343,-0.036142751574516296,2.9128577709198,-0.3471837043762207,-0.2187914401292801,2.8996355533599854,-0.3450143039226532,-0.4014456272125244,2.8864128589630127,-0.39423611760139465,-0.4036638140678406,2.895193576812744,-0.548227846622467,-0.4074971675872803,2.922881841659546,-0.6016151905059814,-0.12993234395980835,2.950979709625244,-0.6389824151992798,0.12149509787559509,3.050894260406494,-0.6464558839797974,0.17178058624267578,3.0708770751953125,-0.6614027619361877,0.27235156297683716,3.1108429431915283,-0.5904049873352051,0.23523381352424622,3.081482172012329,-0.2957689166069031,-0.4012126326560974,2.877488851547241,-0.1417771726846695,-0.3973792791366577,2.8498005867004395,-0.14125236868858337,-0.12552443146705627,2.9321205615997314,-0.13464820384979248,0.12362927198410034,3.043806791305542,-0.13332736492156982,0.1734600067138672,3.0661439895629883,-0.1306857019662857,0.2731214761734009,3.110818386077881,-0.19656343758106232,0.22011247277259827,3.099388837814331,-0.4491840600967407,0.14504143595695496,2.9415671825408936,-0.42468151450157166,0.5817881226539612,2.972878932952881,-0.40420570969581604,0.970583438873291,2.9924283027648926,-0.3808722198009491,1.0610243082046509,3.112637996673584,-0.2508399486541748,0.14799830317497253,2.9105308055877686,-0.17731058597564697,0.5459393262863159,3.0795421600341797,-0.12148113548755646,0.92058265209198,3.1716761589050293,-0.08828197419643402,0.9840000867843628,3.306028127670288,-0.38378870487213135,-0.5240648984909058,3.012320041656494,-0.3925662934780121,-0.5743257999420166,3.031087875366211,-0.424235463142395,-0.6206145882606506,3.00254487991333,-0.4615131616592407,-0.6302611231803894,2.886838912963867,-0.36074408888816833,-0.6265657544136047,3.0163021087646484,-0.28162088990211487,-0.6471227407455444,2.9258172512054443,-0.40515828132629395,1.0700348615646362,2.9588749408721924,-0.11393770575523376,1.024324655532837,3.1576035022735596
-0.3515108525753021,0.14675068855285645,2.933198928833008,-0.3501321077346802,-0.03585934638977051,2.9198029041290283,-0.3471839427947998,-0.2184535562992096,2.906444549560547,-0.34423568844795227,-0.40105322003364563,2.8930857181549072,-0.39365822076797485,-0.4033956527709961,2.9005565643310547,-0.5480581521987915,-0.4076120853424072,2.92411470413208,-0.6027705073356628,-0.13124579191207886,2.9532151222229004,-0.642856240272522,0.11722029745578766,3.057255268096924,-0.6508733630180359,0.16691350936889648,3.0780632495880127,-0.6669076681137085,0.2662999629974365,3.1196792125701904,-0.5953432321548462,0.22996938228607178,3.0914433002471924,-0.2947810888290405,-0.40069544315338135,2.885469913482666,-0.14038118720054626,-0.3964790105819702,2.8619117736816406,-0.13977433741092682,-0.12570664286613464,2.944981336593628,-0.13375167548656464,0.12159746885299683,3.0588717460632324,-0.13254714012145996,0.1710582971572876,3.0816497802734375,-0.1301380693912506,0.26997995376586914,3.1272058486938477,-0.19598187506198883,0.21781179308891296,3.113724946975708,-0.4510338604450226,0.1450490951538086,2.9461512565612793,-0.42018619179725647,0.5814096927642822,2.976346969604492,-0.39377561211586,0.969810962677002,2.9955062866210938,-0.3718908131122589,1.0601632595062256,3.116027355194092,-0.25198784470558167,0.1484522819519043,2.9202466011047363,-0.17748963832855225,0.5443668365478516,3.093381404876709,-0.1195237934589386,0.9179784059524536,3.188115119934082,-0.08837096393108368,0.9805126190185547,3.3233437538146973,-0.38681501150131226,-0.5273852348327637,3.0141761302948,-0.39570850133895874,-0.5782473683357239,3.0313053131103516,-0.42545679211616516,-0.6242398023605347,3.000234365463257,-0.45748797059059143,-0.6314541101455688,2.882706642150879,-0.3625122904777527,-0.6297160983085632,3.0166542530059814,-0.27914515137672424,-0.646970272064209,2.929229974746704,-0.39226701855659485,1.0691605806350708,2.961719036102295,-0.11058612167835236,1.0216708183288574,3.174616813659668
-0.35184037685394287,0.14644575119018555,2.9462270736694336,-0.34976017475128174,-0.03595423698425293,2.93312406539917,-0.3462691903114319,-0.21834492683410645,2.9201927185058594,-0.3427780866622925,-0.4007411003112793,2.9072608947753906,-0.3925413489341736,-0.4029770493507385,2.9113080501556396,-0.5461034774780273,-0.4068167209625244,2.924008846282959,-0.6005663871765137,-0.13377955555915833,2.952737331390381,-0.6450032591819763,0.10775774717330933,3.0628082752227783,-0.6538906097412109,0.1560652107000351,3.084822416305542,-0.671665370464325,0.25268012285232544,3.1288506984710693,-0.599551260471344,0.21727865934371948,3.104041337966919,-0.29297688603401184,-0.4004875421524048,2.903073310852051,-0.13941475749015808,-0.3966478705406189,2.8903725147247314,-0.13988590240478516,-0.12741032242774963,2.966869354248047,-0.13728764653205872,0.11883015930652618,3.0754482746124268,-0.13676799833774567,0.1680782586336136,3.0971641540527344,-0.13572868704795837,0.2665744423866272,3.1405956745147705,-0.2006230503320694,0.21577894687652588,3.123929500579834,-0.4519146680831909,0.14486059546470642,2.9524056911468506,-0.4123997390270233,0.5801558494567871,2.9861223697662354,-0.3777701258659363,0.9676556587219238,3.00827693939209,-0.3616420030593872,1.057206153869629,3.130248785018921,-0.2517660856246948,0.14803090691566467,2.9400484561920166,-0.18535852432250977,0.540604829788208,3.123504161834717,-0.13057824969291687,0.9121674299240112,3.2273619174957275,-0.10769441723823547,0.9724310040473938,3.365206718444824,-0.4050161838531494,-0.5348352193832397,3.0120608806610107,-0.4162414073944092,-0.5869494676589966,3.0244808197021484,-0.4395400583744049,-0.631395161151886,2.985795021057129,-0.45010387897491455,-0.6318264007568359,2.863468885421753,-0.38009563088417053,-0.6377121806144714,3.013014793395996,-0.2816779911518097,-0.6497247219085693,2.94059157371521,-0.37160295248031616,1.0669721364974976,2.9750044345855713,-0.11994609981775284,1.0159337520599365,3.2160329818725586
-0.34825599193573,0.14728647470474243,2.947227716445923,-0.34464046359062195,-0.03497891128063202,2.934267044067383,-0.3399898111820221,-0.21723811328411102,2.9215517044067383,-0.3353390097618103,-0.3995027542114258,2.9088358879089355,-0.3852038085460663,-0.4018777012825012,2.9103636741638184,-0.5379661321640015,-0.4061168134212494,2.915253162384033,-0.5921817421913147,-0.1343013048171997,2.9432413578033447,-0.6404638290405273,0.1046932190656662,3.0541553497314453,-0.6501202583312988,0.15249212086200714,3.076338052749634,-0.6694331169128418,0.24808993935585022,3.12070369720459,-0.596723735332489,0.21282130479812622,3.098968744277954,-0.2854236662387848,-0.3991088271141052,2.907170057296753,-0.13266132771968842,-0.39486971497535706,2.902280569076538,-0.13621564209461212,-0.12593165040016174,2.9748480319976807,-0.1382787674665451,0.12028127908706665,3.080329656600952,-0.13869139552116394,0.16952386498451233,3.101425886154175,-0.1395166516304016,0.2680090367794037,3.143618583679199,-0.2033468782901764,0.21738873422145844,3.124481678009033,-0.4484480917453766,0.14521270990371704,2.9484410285949707,-0.408581018447876,0.5799417495727539,2.9881553649902344,-0.37326347827911377,0.967046320438385,3.0151679515838623,-0.36263638734817505,1.0555229187011719,3.138507127761841,-0.24806389212608337,0.14936023950576782,2.946014404296875,-0.19746437668800354,0.5422163009643555,3.1337902545928955,-0.15391287207603455,0.914051353931427,3.2418129444122314,-0.13931354880332947,0.9740146994590759,3.3808987140655518,-0.40855225920677185,-0.5365216732025146,3.0028791427612305,-0.4208987057209015,-0.5890558362007141,3.012713670730591,-0.43952587246894836,-0.632675290107727,2.9704949855804443,-0.43621793389320374,-0.6301263570785522,2.8475210666656494,-0.38338273763656616,-0.6395676136016846,3.0041608810424805,-0.2771456837654114,-0.6496546268463135,2.9429075717926025,-0.3650333285331726,1.0665889978408813,2.9830591678619385,-0.1442621499300003,1.0180085897445679,3.2314586639404297
-0.34397828578948975,0.14696916937828064,2.9515678882598877,-0.33882519602775574,-0.03520716726779938,2.939176559448242,-0.3330334722995758,-0.21738377213478088,2.9270739555358887,-0.32724156975746155,-0.39956581592559814,2.914971113204956,-0.37708988785743713,-0.40208810567855835,2.91409969329834,-0.5287312269210815,-0.40674635767936707,2.9116501808166504,-0.5828598141670227,-0.1356949806213379,2.9367852210998535,-0.6351907849311829,0.10267099738121033,3.0447769165039062,-0.6456570029258728,0.15034419298171997,3.066375255584717,-0.6665893793106079,0.24569058418273926,3.109571933746338,-0.5933455228805542,0.2102334201335907,3.0914306640625,-0.27733027935028076,-0.3990236520767212,2.915710926055908,-0.12568897008895874,-0.3943654000759125,2.9181604385375977,-0.1329624056816101,-0.12534523010253906,2.9860262870788574,-0.14031626284122467,0.12167759239673615,3.086747169494629,-0.14178703725337982,0.17108215391635895,3.106891393661499,-0.14472857117652893,0.26989126205444336,3.1471798419952393,-0.20728011429309845,0.2190396934747696,3.1259100437164307,-0.444039523601532,0.14438366889953613,2.947967767715454,-0.405216246843338,0.5788695812225342,2.9910266399383545,-0.37044066190719604,0.9657708406448364,3.021223545074463,-0.3654715418815613,1.0537382364273071,3.1452746391296387,-0.2439170479774475,0.14955466985702515,2.9551680088043213,-0.21193654835224152,0.542678952217102,3.1464006900787354,-0.1822148710489273,0.9145179986953735,3.2589447498321533,-0.17653827369213104,0.9737481474876404,3.398984670639038,-0.4088546633720398,-0.5385271310806274,2.999547004699707,-0.421887069940567,-0.5913593173027039,3.007369041442871,-0.43611201643943787,-0.634493350982666,2.962794065475464,-0.42074406147003174,-0.6300732493400574,2.8405191898345947,-0.38339152932167053,-0.6417254209518433,3.0017850399017334,-0.2713693380355835,-0.6505640745162964,2.9509940147399902,-0.3605051636695862,1.0654155015945435,2.989938735961914,-0.17419984936714172,1.0187209844589233,3.249779462814331
-0.3388330936431885,0.1461934745311737,2.955929756164551,-0.33226674795150757,-0.03594644367694855,2.9444963932037354,-0.3253801763057709,-0.21809370815753937,2.9333724975585938,-0.31849339604377747,-0.40024644136428833,2.922248363494873,-0.3682258129119873,-0.4029284715652466,2.919084310531616,-0.5183220505714417,-0.4080316722393036,2.909724473953247,-0.5720916986465454,-0.13745826482772827,2.930406332015991,-0.6277797222137451,0.10174044966697693,3.0325732231140137,-0.6389173269271851,0.1495801955461502,3.053006649017334,-0.6611925363540649,0.24525968730449677,3.0938735008239746,-0.5876360535621643,0.20936036109924316,3.0795071125030518,-0.26868611574172974,-0.3995441794395447,2.9252915382385254,-0.11858987808227539,-0.39444097876548767,2.9346513748168945,-0.13065889477729797,-0.12506452202796936,2.9964537620544434,-0.1441916972398758,0.12347662448883057,3.090258836746216,-0.14689825475215912,0.1731848567724228,3.1090197563171387,-0.15231136977672577,0.27260130643844604,3.1465418338775635,-0.21328109502792358,0.2209922820329666,3.123631000518799,-0.4385402798652649,0.14311687648296356,2.947678565979004,-0.40239065885543823,0.5775795578956604,2.993044376373291,-0.36969098448753357,0.9644016623497009,3.0262110233306885,-0.37061426043510437,1.0519160032272339,3.150669813156128,-0.23912590742111206,0.14927007257938385,2.9641809463500977,-0.22618608176708221,0.542274534702301,3.157837152481079,-0.21091724932193756,0.9135408401489258,3.2750070095062256,-0.21419644355773926,0.9715098142623901,3.415642738342285,-0.40664443373680115,-0.5401615500450134,2.9990310668945312,-0.4200999140739441,-0.5931739211082458,3.0054891109466553,-0.43027055263519287,-0.6362338662147522,2.959589958190918,-0.40441134572029114,-0.6311815977096558,2.8388962745666504,-0.38098230957984924,-0.6434534788131714,3.0030200481414795,-0.26476138830184937,-0.6516371369361877,2.9619481563568115,-0.35848334431648254,1.0641709566116333,2.9957802295684814,-0.20473456382751465,1.0179733037948608,3.2671849727630615
-0.334237277507782,0.14508303999900818,2.9660372734069824,-0.3263491690158844,-0.03703165054321289,2.9553887844085693,-0.31841567158699036,-0.2191612422466278,2.945033311843872,-0.3104819357395172,-0.4012962877750397,2.9346773624420166,-0.36000752449035645,-0.4041418433189392,2.9292848110198975,-0.5082694888114929,-0.40969255566596985,2.9133236408233643,-0.561617374420166,-0.1395052969455719,2.9297597408294678,-0.6203225255012512,0.1009378582239151,3.0252349376678467,-0.6320635676383972,0.14902648329734802,3.044329881668091,-0.6555456519126892,0.24520374834537506,3.082520008087158,-0.5818190574645996,0.20883026719093323,3.072035074234009,-0.260870099067688,-0.4004303216934204,2.939957618713379,-0.11260814964771271,-0.39487960934638977,2.955918788909912,-0.12991376221179962,-0.12523022294044495,3.0116593837738037,-0.14985327422618866,0.12482017278671265,3.0979840755462646,-0.15384118258953094,0.17483025789260864,3.115248918533325,-0.16181698441505432,0.27485042810440063,3.1497788429260254,-0.2210463583469391,0.2222515046596527,3.125410556793213,-0.43339425325393677,0.1415332406759262,2.953294515609741,-0.4009278416633606,0.5761383771896362,3.000072479248047,-0.3713518977165222,0.962976336479187,3.0358943939208984,-0.3782738447189331,1.0500750541687012,3.1604561805725098,-0.235080286860466,0.14863283932209015,2.9787800312042236,-0.24071143567562103,0.541155219078064,3.1737630367279053,-0.2398136705160141,0.9114162921905518,3.2950375080108643,-0.2518008053302765,0.9678249359130859,3.435835599899292,-0.40401986241340637,-0.541812539100647,3.004218101501465,-0.4177699685096741,-0.5949505567550659,3.009542942047119,-0.4241544306278229,-0.6380355954170227,2.962874412536621,-0.3888568580150604,-0.6327117085456848,2.844438076019287,-0.3783479928970337,-0.6451563835144043,3.010099411010742,-0.259071946144104,-0.6528871655464172,2.9782421588897705,-0.35918593406677246,1.0628894567489624,3.006314516067505,-0.2355187088251114,1.0160337686538696,3.288529634475708
-0.3286537230014801,0.1430392563343048,2.9758267402648926,-0.3196089267730713,-0.039053186774253845,2.9661595821380615,-0.3107358515262604,-0.22116614878177643,2.9567222595214844,-0.301862508058548,-0.40328454971313477,2.947284460067749,-0.3510897755622864,-0.4062865376472473,2.939734935760498,-0.49723997712135315,-0.4122548997402191,2.917495012283325,-0.5478135347366333,-0.14198768138885498,2.929626226425171,-0.6069874167442322,0.10047270357608795,3.01763653755188,-0.6188222169876099,0.1489647775888443,3.03523850440979,-0.6424917578697205,0.2459489405155182,3.0704426765441895,-0.5690861940383911,0.20848362147808075,3.0638601779937744,-0.252538800239563,-0.40226200222969055,2.9547317028045654,-0.10638859868049622,-0.39629364013671875,2.9769716262817383,-0.13108476996421814,-0.126890629529953,3.0275814533233643,-0.15917803347110748,0.12435644865036011,3.1058125495910645,-0.16479668021202087,0.1746058613061905,3.1214587688446045,-0.17603398859500885,0.27510470151901245,3.1527512073516846,-0.23298723995685577,0.22103655338287354,3.126899242401123,-0.42708924412727356,0.13905543088912964,2.958768844604492,-0.4012354612350464,0.5742852687835693,3.0047152042388916,-0.3773221969604492,0.9616422653198242,3.0400424003601074,-0.3907056152820587,1.0491960048675537,3.163794994354248,-0.23021820187568665,0.14702308177947998,2.992884635925293,-0.24963241815567017,0.5399786233901978,3.186310291290283,-0.2590194046497345,0.9099484086036682,3.3083739280700684,-0.27846989035606384,0.9658141136169434,3.4485886096954346,-0.4007745087146759,-0.5427758693695068,3.0114388465881348,-0.4150960147380829,-0.5958278775215149,3.016329526901245,-0.4182876944541931,-0.6394170522689819,2.969766139984131,-0.3745284378528595,-0.6355050206184387,2.8540782928466797,-0.3760069012641907,-0.646176278591156,3.0202572345733643,-0.2547328770160675,-0.6546561121940613,2.997136116027832,-0.3648899793624878,1.0615767240524292,3.0105671882629395,-0.2556649148464203,1.014649748802185,3.302323579788208
-0.3235147297382355,0.13990512490272522,2.9902474880218506,-0.31412172317504883,-0.04225762188434601,2.9824929237365723,-0.30504536628723145,-0.2244427353143692,2.974888324737549,-0.2959687411785126,-0.40663331747055054,2.9672834873199463,-0.3447916507720947,-0.40964996814727783,2.9574620723724365,-0.48861163854599,-0.41561365127563477,2.9286813735961914,-0.5350624322891235,-0.14498361945152283,2.9331438541412354,-0.593388020992279,0.10095468163490295,3.0095691680908203,-0.6050531268119812,0.1501423418521881,3.0248541831970215,-0.6283833384513855,0.24851766228675842,3.055424451828003,-0.5556732416152954,0.20958362519741058,3.0537307262420654,-0.24704718589782715,-0.40559685230255127,2.977022409439087,-0.10322719812393188,-0.39963316917419434,3.005803108215332,-0.12967658042907715,-0.13075417280197144,3.0550241470336914,-0.16046974062919617,0.12070956826210022,3.1294965744018555,-0.1666283756494522,0.1710023283958435,3.1443910598754883,-0.1789456456899643,0.2715878486633301,3.174180030822754,-0.23466724157333374,0.21762055158615112,3.146106481552124,-0.42101240158081055,0.13579583168029785,2.968681812286377,-0.4013732075691223,0.5720590353012085,3.0092716217041016,-0.3824999928474426,0.9603333473205566,3.038836717605591,-0.4025117754936218,1.0499184131622314,3.160295009613037,-0.2260170578956604,0.1440144181251526,3.011813163757324,-0.2547191381454468,0.5394619703292847,3.1993134021759033,-0.2700180411338806,0.9109987020492554,3.3164188861846924,-0.2961682081222534,0.9685354828834534,3.4549243450164795,-0.39581695199012756,-0.5467458963394165,3.0288026332855225,-0.4097707271575928,-0.5999317169189453,3.0335686206817627,-0.4107666611671448,-0.6439136266708374,2.987238883972168,-0.3627246618270874,-0.64039146900177,2.873192548751831,-0.3703230917453766,-0.6498547792434692,3.03934907913208,-0.2481345534324646,-0.6572247743606567,3.0208382606506348,-0.3695383369922638,1.059896469116211,3.0082056522369385,-0.2664009630680084,1.0156654119491577,3.3092856407165527
-0.31850406527519226,0.13683390617370605,2.999816417694092,-0.30941230058670044,-0.04540249705314636,2.9939844608306885,-0.3007317781448364,-0.22766266763210297,2.9882700443267822,-0.2920509874820709,-0.4099283218383789,2.982555389404297,-0.3403136730194092,-0.41283518075942993,2.970261573791504,-0.48138538002967834,-0.4184313118457794,2.934452533721924,-0.5214563012123108,-0.14737707376480103,2.9307899475097656,-0.5767629146575928,0.10210390388965607,2.9950151443481445,-0.5878242254257202,0.15200009942054749,3.0078601837158203,-0.6099468469619751,0.2517924904823303,3.033550262451172,-0.5385165214538574,0.21104320883750916,3.0371601581573486,-0.24369394779205322,-0.409002423286438,2.9947872161865234,-0.10262224078178406,-0.4034062922000885,3.0305962562561035,-0.12879036366939545,-0.13517847657203674,3.0801801681518555,-0.1603914201259613,0.11600413918495178,3.1532082557678223,-0.16671162843704224,0.1662406623363495,3.167813777923584,-0.1793520450592041,0.2667137086391449,3.1970250606536865,-0.23406468331813812,0.21353310346603394,3.166135549545288,-0.41475850343704224,0.13287809491157532,2.9733705520629883,-0.40105217695236206,0.5699835419654846,3.0095810890197754,-0.3866755962371826,0.9590316414833069,3.0336899757385254,-0.41363999247550964,1.0504324436187744,3.152522325515747,-0.2222496122121811,0.1407897174358368,3.0262622833251953,-0.25692227482795715,0.5385919809341431,3.2082276344299316,-0.27480828762054443,0.9117767810821533,3.3202972412109375,-0.30727484822273254,0.9711653590202332,3.456756830215454,-0.3919484317302704,-0.5505557656288147,3.0428802967071533,-0.40547218918800354,-0.6038480401039124,3.0477793216705322,-0.4048871695995331,-0.6482429504394531,3.001826286315918,-0.35410645604133606,-0.6452063918113708,2.8889408111572266,-0.3656643033027649,-0.6533117294311523,3.0549628734588623,-0.24297502636909485,-0.6595677733421326,3.039494276046753,-0.3728952705860138,1.0582473278045654,3.002115488052368,-0.2699480950832367,1.0163755416870117,3.312167167663574
-0.31347373127937317,0.13297635316848755,3.005307912826538,-0.30510249733924866,-0.04932400584220886,3.0010409355163574,-0.2972641885280609,-0.23164986073970795,2.996852397918701,-0.28942564129829407,-0.413981169462204,2.992663621902466,-0.33696162700653076,-0.41667604446411133,2.977778911590576,-0.4746367335319519,-0.4216068387031555,2.9347732067108154,-0.5066880583763123,-0.1503322720527649,2.9249722957611084,-0.557255744934082,0.10181364417076111,2.9792118072509766,-0.567369282245636,0.15224283933639526,2.9900596141815186,-0.5875963568687439,0.2531012296676636,3.0117554664611816,-0.5179982781410217,0.21040500700473785,3.020416498184204,-0.24180443584918976,-0.4132680296897888,3.007503032684326,-0.10412931442260742,-0.40833723545074463,3.050508737564087,-0.12936772406101227,-0.14088979363441467,3.100987672805786,-0.16122344136238098,0.10969555377960205,3.173574209213257,-0.16759458184242249,0.15981262922286987,3.188091516494751,-0.1803368628025055,0.2600467801094055,3.2171261310577393,-0.23393264412879944,0.20794442296028137,3.183145046234131,-0.4081687033176422,0.12936516106128693,2.9738118648529053,-0.40050897002220154,0.5669997930526733,3.0078530311584473,-0.39041218161582947,0.956584095954895,3.028144598007202,-0.4244731366634369,1.0491414070129395,3.144321918487549,-0.21877875924110413,0.13658754527568817,3.036803960800171,-0.25817644596099854,0.5363420844078064,3.2139639854431152,-0.2771623134613037,0.9110633730888367,3.321263313293457,-0.3158501088619232,0.9723138809204102,3.4553370475769043,-0.38961559534072876,-0.5542623996734619,3.0533509254455566,-0.4029944837093353,-0.6075487732887268,3.0587353706359863,-0.4015745520591736,-0.6525230407714844,3.0133607387542725,-0.3491954207420349,-0.650703489780426,2.9011709690093994,-0.36309152841567993,-0.656753420829773,3.0671145915985107,-0.2401602566242218,-0.6626896262168884,3.0534729957580566,-0.3756929337978363,1.0555931329727173,2.996182680130005,-0.2705950140953064,1.015553593635559,3.312338352203369
-0.3083071708679199,0.12817734479904175,3.0094611644744873,-0.3009392321109772,-0.054180219769477844,3.0065252780914307,-0.29419422149658203,-0.23656199872493744,3.003596782684326,-0.2874490022659302,-0.4189492464065552,3.0006680488586426,-0.3340718150138855,-0.42138421535491943,2.983102798461914,-0.4674713611602783,-0.42551207542419434,2.9329288005828857,-0.4912412464618683,-0.15454858541488647,2.9187755584716797,-0.5367118716239929,0.0992012619972229,2.9649605751037598,-0.5458059906959534,0.14995123445987701,2.9741976261138916,-0.5639942288398743,0.25145119428634644,2.9926717281341553,-0.496645450592041,0.206999734044075,3.006182909011841,-0.24075289070606232,-0.41849660873413086,3.0182015895843506,-0.10735335946083069,-0.41436874866485596,3.068375587463379,-0.13304847478866577,-0.14788281917572021,3.1184909343719482,-0.16657108068466187,0.1018923968076706,3.1897523403167725,-0.17327560484409332,0.1518474519252777,3.2040045261383057,-0.18668463826179504,0.25175756216049194,3.232509136199951,-0.23855310678482056,0.2004353404045105,3.195495128631592,-0.40106189250946045,0.12502135336399078,2.972710371017456,-0.3997799754142761,0.5630607008934021,3.0051305294036865,-0.3936567008495331,0.9531124830245972,3.021303653717041,-0.434996098279953,1.0467815399169922,3.134282350540161,-0.2155524641275406,0.1313333362340927,3.0462119579315186,-0.2590648829936981,0.533501386642456,3.2173807621002197,-0.27800098061561584,0.9101947546005249,3.318291664123535,-0.323018878698349,0.9740231037139893,3.449235677719116,-0.38877183198928833,-0.5575227737426758,3.063174247741699,-0.40253129601478577,-0.6106063723564148,3.0693438053131104,-0.40126994252204895,-0.6562788486480713,3.0246999263763428,-0.34852200746536255,-0.6565772294998169,2.912717580795288,-0.36301136016845703,-0.6599281430244446,3.078627109527588,-0.2401227355003357,-0.6669167876243591,3.0655109882354736,-0.37783581018447876,1.051906704902649,2.989035129547119,-0.26930704712867737,1.014483094215393,3.3082807064056396
-0.2979936897754669,0.11887514591217041,3.021862268447876,-0.2931085526943207,-0.06356443464756012,3.021214723587036,-0.2888842523097992,-0.24602021276950836,3.0204906463623047,-0.28465983271598816,-0.42848145961761475,3.0197665691375732,-0.3287055194377899,-0.4304007887840271,2.9964470863342285,-0.4509025812149048,-0.43297338485717773,2.931795597076416,-0.46079757809638977,-0.16487878561019897,2.914473533630371,-0.49787041544914246,0.08857449889183044,2.949218511581421,-0.5052849650382996,0.13926514983177185,2.956167459487915,-0.5201141238212585,0.24064646661281586,2.9700653553009033,-0.45827022194862366,0.19387155771255493,2.992628574371338,-0.24056825041770935,-0.4285452365875244,3.0430784225463867,-0.11837117373943329,-0.4259726405143738,3.107729911804199,-0.14660483598709106,-0.16078752279281616,3.141677141189575,-0.18531522154808044,0.08901259303092957,3.1957287788391113,-0.19305729866027832,0.13897261023521423,3.2065391540527344,-0.20854145288467407,0.23889265954494476,3.2281599044799805,-0.25515857338905334,0.1869642436504364,3.1875157356262207,-0.3853985369205475,0.11670515686273575,2.9738402366638184,-0.40136703848838806,0.5550074577331543,3.0064172744750977,-0.4017801582813263,0.9459223747253418,3.0103065967559814,-0.4583662450313568,1.0425688028335571,3.114056348800659,-0.21058884263038635,0.12104513496160507,3.0698843002319336,-0.2601090967655182,0.528175413608551,3.2286853790283203,-0.27427804470062256,0.9092816114425659,3.31463360786438,-0.33170264959335327,0.979738712310791,3.437290668487549,-0.38886559009552,-0.5606458783149719,3.087515354156494,-0.4042595624923706,-0.6126511096954346,3.0953755378723145,-0.4054526388645172,-0.6592298746109009,3.0523242950439453,-0.3552449643611908,-0.6644676923751831,2.9402387142181396,-0.3665942847728729,-0.662730872631073,3.1052629947662354,-0.24514630436897278,-0.6743873357772827,3.0902321338653564,-0.38305583596229553,1.0440118312835693,2.977019786834717,-0.25985950231552124,1.0128313302993774,3.3023972511291504
-0.2911544740200043,0.1125020682811737,3.0224826335906982,-0.2884445786476135,-0.06997239589691162,3.0224990844726562,-0.286324679851532,-0.2524546682834625,3.022446393966675,-0.28420472145080566,-0.43494242429733276,3.0223937034606934,-0.3261699080467224,-0.43641397356987,2.9954872131347656,-0.44074058532714844,-0.43772372603416443,2.9220502376556396,-0.4418892562389374,-0.1710013449192047,2.9069998264312744,-0.47351983189582825,0.0818379819393158,2.93949818611145,-0.47984594106674194,0.1324058473110199,2.945997953414917,-0.49249815940856934,0.2335415780544281,2.9589972496032715,-0.43458569049835205,0.18509691953659058,2.986187696456909,-0.24221646785736084,-0.43545424938201904,3.049299478530884,-0.12764577567577362,-0.4341444969177246,3.1227364540100098,-0.1579292267560959,-0.16946759819984436,3.1426796913146973,-0.2006104290485382,0.08067062497138977,3.1825990676879883,-0.2091466635465622,0.13069826364517212,3.1905829906463623,-0.22621914744377136,0.230753555893898,3.2065508365631104,-0.2688906788825989,0.17744168639183044,3.164395570755005,-0.37435492873191833,0.1112615093588829,2.9675188064575195,-0.4015249013900757,0.5491952300071716,3.002230644226074,-0.4042288064956665,0.9404246807098389,3.0007801055908203,-0.4698610007762909,1.0381455421447754,3.098177194595337,-0.2079540193080902,0.11374262720346451,3.077446460723877,-0.257234662771225,0.5240203142166138,3.2290139198303223,-0.26380711793899536,0.9074174165725708,3.3066885471343994,-0.32773998379707336,0.9824891090393066,3.4233932495117188,-0.39158332347869873,-0.5635730028152466,3.0901029109954834,-0.40817496180534363,-0.6149387359619141,3.09824275970459,-0.4100719690322876,-0.6616702079772949,3.055748701095581,-0.35925203561782837,-0.6690145134925842,2.944584846496582,-0.3719025254249573,-0.6655857563018799,3.108842372894287,-0.25110524892807007,-0.6801085472106934,3.0950164794921875,-0.38325271010398865,1.038260817527771,2.9678308963775635,-0.24468697607517242,1.0101925134658813,3.2936785221099854
-0.2851209044456482,0.10722792148590088,3.020811080932617,-0.2846105098724365,-0.0752573013305664,3.0205838680267334,-0.2846827507019043,-0.25774309039115906,3.0202534198760986,-0.28475499153137207,-0.44023436307907104,3.019922971725464,-0.3243783414363861,-0.4411555528640747,2.9896557331085205,-0.4308534860610962,-0.4409661293029785,2.9083263874053955,-0.42330455780029297,-0.17583173513412476,2.898524284362793,-0.44975998997688293,0.07573357224464417,2.9324264526367188,-0.455051064491272,0.12604662775993347,2.939206838607788,-0.46563324332237244,0.22667275369167328,2.9527676105499268,-0.41200190782546997,0.17637401819229126,2.9836032390594482,-0.24513240158557892,-0.4412965476512909,3.0501866340637207,-0.13865727186203003,-0.4414859712123871,3.1315159797668457,-0.16984999179840088,-0.1779913306236267,3.138364553451538,-0.21524213254451752,0.0717652291059494,3.164738178253174,-0.22432056069374084,0.12171654403209686,3.170012950897217,-0.2424774169921875,0.2216191589832306,3.1805622577667236,-0.2811826467514038,0.16699978709220886,3.1372525691986084,-0.3635888397693634,0.10708506405353546,2.95930552482605,-0.4011055827140808,0.5443448424339294,2.9969441890716553,-0.4051090478897095,0.9358429312705994,2.9933054447174072,-0.4790607690811157,1.0338270664215088,3.084456443786621,-0.20665296912193298,0.1073707789182663,3.0823166370391846,-0.25548169016838074,0.5201613903045654,3.228055953979492,-0.25430482625961304,0.9049999713897705,3.30015230178833,-0.3242185413837433,0.9840769171714783,3.410773992538452,-0.39567166566848755,-0.5666356682777405,3.083906888961792,-0.41321903467178345,-0.6175149083137512,3.091470241546631,-0.4144972860813141,-0.6640101671218872,3.0491068363189697,-0.36058130860328674,-0.6721086502075195,2.94006609916687,-0.37823256850242615,-0.6684868335723877,3.10312819480896,-0.2578312158584595,-0.6847925186157227,3.0931267738342285,-0.38179296255111694,1.0336809158325195,2.9617090225219727,-0.23060797154903412,1.0069204568862915,3.2873106002807617
-0.2799360454082489,0.10187986493110657,3.0238327980041504,-0.28207483887672424,-0.08058346807956696,3.0233120918273926,-0.2848030924797058,-0.2630384564399719,3.022643804550171,-0.28753143548965454,-0.4454989433288574,3.021975517272949,-0.3245086967945099,-0.4458152651786804,2.9885199069976807,-0.4224199056625366,-0.4440266788005829,2.899907350540161,-0.40664997696876526,-0.1808764636516571,2.8951101303100586,-0.42844974994659424,0.06924217939376831,2.930328607559204,-0.4328097105026245,0.11926591396331787,2.9373722076416016,-0.44152963161468506,0.219313383102417,2.9514596462249756,-0.39252161979675293,0.16736674308776855,2.985708713531494,-0.25058382749557495,-0.44716569781303406,3.0554239749908447,-0.15267261862754822,-0.4489542841911316,3.1440365314483643,-0.18220305442810059,-0.18703463673591614,3.137270212173462,-0.2277117520570755,0.062079012393951416,3.1493639945983887,-0.236813485622406,0.11190174520015717,3.151782751083374,-0.255016952753067,0.21154721081256866,3.1566202640533447,-0.2900245487689972,0.15567989647388458,3.1127278804779053,-0.35303300619125366,0.10293012112379074,2.956061601638794,-0.40017902851104736,0.5395264029502869,2.994359016418457,-0.4052797257900238,0.9312829971313477,2.989226818084717,-0.4871532618999481,1.0292936563491821,3.073507785797119,-0.20683908462524414,0.1008296087384224,3.091603994369507,-0.25439226627349854,0.5161052346229553,3.2315704822540283,-0.24484732747077942,0.9018455743789673,3.2996795177459717,-0.3203510344028473,0.9848456978797913,3.403712272644043,-0.40316882729530334,-0.5692582130432129,3.0800955295562744,-0.4218936264514923,-0.619568407535553,3.086730718612671,-0.42193102836608887,-0.665827751159668,3.0445337295532227,-0.3631640076637268,-0.6748973727226257,2.938772439956665,-0.38860785961151123,-0.6709146499633789,3.1000025272369385,-0.26874840259552,-0.6893103122711182,3.0959339141845703,-0.3796887695789337,1.0291982889175415,2.9594223499298096,-0.2164977788925171,1.0027589797973633,3.2877049446105957
-0.27563363313674927,0.0970163345336914,3.0275583267211914,-0.28056424856185913,-0.08538360893726349,3.0266005992889404,-0.28608238697052,-0.26776552200317383,3.025434732437134,-0.29160067439079285,-0.4501528739929199,3.024268865585327,-0.32560649514198303,-0.44988301396369934,2.9877994060516357,-0.4144773483276367,-0.4465844929218292,2.8924221992492676,-0.3911830484867096,-0.1856544315814972,2.8926103115081787,-0.40961048007011414,0.0628233402967453,2.9296088218688965,-0.4132959544658661,0.11251889169216156,2.9370086193084717,-0.4206669330596924,0.21191000938415527,2.951807975769043,-0.3764493763446808,0.1585637629032135,2.9891130924224854,-0.2576548457145691,-0.45240509510040283,3.0607259273529053,-0.1687839776277542,-0.45570361614227295,3.1561031341552734,-0.1952943503856659,-0.19584006071090698,3.136221170425415,-0.23947180807590485,0.05214034020900726,3.134289026260376,-0.24830730259418488,0.10173642635345459,3.1339025497436523,-0.26597827672958374,0.20092859864234924,3.133129596710205,-0.29733553528785706,0.1438252478837967,3.08898663520813,-0.34268704056739807,0.0992160364985466,2.95383620262146,-0.3969845771789551,0.5353633165359497,2.992288827896118,-0.4012376666069031,0.9274781942367554,2.987149715423584,-0.49013930559158325,1.0255799293518066,3.0641355514526367,-0.20858022570610046,0.09481663256883621,3.101280450820923,-0.2554154694080353,0.5129387974739075,3.2340645790100098,-0.23825572431087494,0.8994380235671997,3.2982707023620605,-0.3192022442817688,0.9864698648452759,3.3948493003845215,-0.4122025966644287,-0.5707453489303589,3.0754613876342773,-0.4322020411491394,-0.6203693151473999,3.080988645553589,-0.4308302402496338,-0.6663995981216431,3.039083480834961,-0.3667551875114441,-0.6767337322235107,2.9373762607574463,-0.40096938610076904,-0.6720921397209167,3.0960216522216797,-0.28214946389198303,-0.6928625106811523,3.098700761795044,-0.3730214834213257,1.0254825353622437,2.9597747325897217,-0.20555363595485687,0.9992604851722717,3.287479877471924
-0.2718709111213684,0.09247139096260071,3.0324840545654297,-0.2795226275920868,-0.08982813358306885,3.031148910522461,-0.28771957755088806,-0.2721019983291626,3.0295679569244385,-0.29591676592826843,-0.4543813467025757,3.027987003326416,-0.3266083002090454,-0.4536529779434204,2.988694667816162,-0.4058774709701538,-0.4492069482803345,2.8870863914489746,-0.37548747658729553,-0.19059789180755615,2.891657590866089,-0.39144057035446167,0.05636940896511078,2.9298534393310547,-0.39463117718696594,0.10576286911964417,2.937492609024048,-0.4010124206542969,0.20454978942871094,2.952770948410034,-0.3618238568305969,0.15008017420768738,2.9929885864257812,-0.26531434059143066,-0.457090824842453,3.0672621726989746,-0.18604518473148346,-0.46153685450553894,3.168870449066162,-0.2100086808204651,-0.2043255865573883,3.1358370780944824,-0.2531583309173584,0.0418083518743515,3.119636297225952,-0.2617882490158081,0.0910351425409317,3.116396188735962,-0.2790481150150299,0.1894887238740921,3.1099159717559814,-0.3063993752002716,0.13084682822227478,3.065948009490967,-0.3321799337863922,0.09558361768722534,2.9531805515289307,-0.3908737897872925,0.5315903425216675,2.9916396141052246,-0.39271074533462524,0.924121081829071,2.988348960876465,-0.4876824617385864,1.0224004983901978,3.0577821731567383,-0.2115618884563446,0.08935916423797607,3.1117875576019287,-0.25770121812820435,0.5108137130737305,3.2353720664978027,-0.23336277902126312,0.8980204463005066,3.2951478958129883,-0.31942740082740784,0.9893259406089783,3.383213758468628,-0.4210820198059082,-0.5716325044631958,3.071903705596924,-0.442262202501297,-0.6205365061759949,3.0763251781463623,-0.43933334946632385,-0.6664803624153137,3.0349409580230713,-0.36989545822143555,-0.678431510925293,2.9378602504730225,-0.41321861743927,-0.6725190877914429,3.0932469367980957,-0.2959037125110626,-0.6955412030220032,3.103060722351074,-0.361665815114975,1.022204875946045,2.9641077518463135,-0.1965617537498474,0.996654212474823,3.2857179641723633
-0.27081939578056335,0.08945772051811218,3.037954092025757,-0.2809039354324341,-0.09271682798862457,3.036332845687866,-0.2914246618747711,-0.27486473321914673,3.034503936767578,-0.3019457161426544,-0.457018107175827,3.03267502784729,-0.3289033770561218,-0.45603325963020325,2.990739583969116,-0.3978242576122284,-0.4509739279747009,2.8833234310150146,-0.3603525161743164,-0.19459831714630127,2.8923089504241943,-0.3739317059516907,0.051254138350486755,2.931227922439575,-0.3766475319862366,0.1004246324300766,2.939011812210083,-0.38207921385765076,0.1987656205892563,2.9545793533325195,-0.3483072519302368,0.14327749609947205,2.99753999710083,-0.2751024067401886,-0.459982693195343,3.0745906829833984,-0.20618152618408203,-0.46504202485084534,3.1820068359375,-0.22848257422447205,-0.21092954277992249,3.135716199874878,-0.27134090662002563,0.03270430862903595,3.1049232482910156,-0.2799125611782074,0.0814310759305954,3.098764657974243,-0.2970559000968933,0.1788846254348755,3.0864474773406982,-0.3198467791080475,0.11837585270404816,3.0430381298065186,-0.3235737681388855,0.09312993288040161,2.953460693359375,-0.3837888240814209,0.5292695760726929,2.9927265644073486,-0.3818482458591461,0.9221738576889038,2.993767261505127,-0.48194369673728943,1.0207339525222778,3.0554888248443604,-0.2180650234222412,0.08578550815582275,3.1224474906921387,-0.2626492381095886,0.510806143283844,3.235386610031128,-0.23205184936523438,0.8984900712966919,3.291454792022705,-0.3229673206806183,0.9938436150550842,3.370098352432251,-0.43069154024124146,-0.5714752674102783,3.0690767765045166,-0.4527295231819153,-0.6197635531425476,3.0724129676818848,-0.4479277729988098,-0.6657658219337463,3.031780481338501,-0.3731171488761902,-0.6793146133422852,2.9398458003997803,-0.4257526397705078,-0.6717724800109863,3.091322898864746,-0.31028756499290466,-0.6963335275650024,3.1085495948791504,-0.3478362262248993,1.0202885866165161,2.9735403060913086,-0.19154755771160126,0.9959335327148438,3.2839295864105225
-0.2705366909503937,0.0875910222530365,3.0426177978515625,-0.2826555669307709,-0.09445254504680634,3.0406484603881836,-0.29508519172668457,-0.2764737904071808,3.0385549068450928,-0.3075152039527893,-0.4585005044937134,3.036461353302002,-0.33032500743865967,-0.4574270248413086,2.992136001586914,-0.38817939162254333,-0.45217975974082947,2.8794050216674805,-0.34436145424842834,-0.19795328378677368,2.893601894378662,-0.3566845953464508,0.04693397879600525,2.9335389137268066,-0.3591492176055908,0.0959114283323288,2.941526412963867,-0.36407846212387085,0.19386634230613708,2.957501173019409,-0.33594393730163574,0.13748788833618164,3.0028162002563477,-0.28484049439430237,-0.46155238151550293,3.080763816833496,-0.2269861251115799,-0.46679964661598206,3.1934947967529297,-0.24928437173366547,-0.21641743183135986,3.133793830871582,-0.29330912232398987,0.023760318756103516,3.088043689727783,-0.3021140694618225,0.07179586589336395,3.0788936614990234,-0.3197239637374878,0.16786697506904602,3.060593605041504,-0.33713284134864807,0.10521320253610611,3.018226385116577,-0.3149723708629608,0.09151342511177063,2.953479290008545,-0.37441352009773254,0.5278526544570923,2.995746612548828,-0.36890509724617004,0.9209482669830322,3.004798412322998,-0.47339922189712524,1.0195072889328003,3.0591044425964355,-0.22610101103782654,0.08366861939430237,3.13175630569458,-0.2678496837615967,0.5123013257980347,3.2329628467559814,-0.23207688331604004,0.9002977609634399,3.286024332046509,-0.3274509310722351,0.9993858933448792,3.3543426990509033,-0.4390523135662079,-0.5705732107162476,3.0648679733276367,-0.46172282099723816,-0.6183182001113892,3.0670485496520996,-0.45483753085136414,-0.6644271016120911,3.02734637260437,-0.3747107684612274,-0.6794509887695312,2.941126585006714,-0.43682125210762024,-0.6702142953872681,3.0879390239715576,-0.3236646056175232,-0.6958481073379517,3.1128053665161133,-0.3322376012802124,1.0191271305084229,2.989713668823242,-0.1883612722158432,0.9966005086898804,3.2809388637542725
-0.2699437141418457,0.08704525232315063,3.0459511280059814,-0.28353187441825867,-0.09488528966903687,3.043459892272949,-0.29728877544403076,-0.27680373191833496,3.0410101413726807,-0.3110460937023163,-0.4587275981903076,3.038560152053833,-0.32933926582336426,-0.4577142298221588,2.9921875,-0.3754793405532837,-0.45264390110969543,2.874777317047119,-0.32706528902053833,-0.20022103190422058,2.8953936100006104,-0.3395307958126068,0.04393322765827179,2.9366683959960938,-0.34202390909194946,0.09276407957077026,2.9449234008789062,-0.3470101058483124,0.1904257833957672,2.9614334106445312,-0.324571430683136,0.13324178755283356,3.0086138248443604,-0.2929024398326874,-0.46171826124191284,3.0849063396453857,-0.24676236510276794,-0.4667885899543762,3.2023165225982666,-0.269150048494339,-0.22022639214992523,3.1302599906921387,-0.3142711818218231,0.016095206141471863,3.0703728199005127,-0.3232954144477844,0.06335952877998352,3.0583953857421875,-0.34134384989738464,0.15788817405700684,3.034440517425537,-0.35289624333381653,0.0932488888502121,2.9933576583862305,-0.3052586019039154,0.09095805883407593,2.952827215194702,-0.3620704114437103,0.5272824168205261,3.000441551208496,-0.3530923128128052,0.9200679063796997,3.0205254554748535,-0.46120360493659973,1.01864755153656,3.067382335662842,-0.234628826379776,0.08313244581222534,3.1390750408172607,-0.27302947640419006,0.5149228572845459,3.228271722793579,-0.23314805328845978,0.9030060768127441,3.2789199352264404,-0.33243781328201294,1.0054751634597778,3.335869073867798,-0.44435805082321167,-0.5691707134246826,3.058279275894165,-0.4673472046852112,-0.6165065765380859,3.0591509342193604,-0.4580843150615692,-0.6626787185668945,3.0204977989196777,-0.3726824223995209,-0.6787087917327881,2.940580368041992,-0.444450318813324,-0.6681692004203796,3.0819201469421387,-0.33405277132987976,-0.6942651867866516,3.114609956741333,-0.31406253576278687,1.0181365013122559,3.011601209640503,-0.1867576539516449,0.9982107877731323,3.2768197059631348
-0.26955679059028625,0.08544528484344482,3.0564780235290527,-0.2844906449317932,-0.09624376893043518,3.053366184234619,-0.2995049059391022,-0.2779286801815033,3.0504021644592285,-0.31451961398124695,-0.45961904525756836,3.047437906265259,-0.3226444721221924,-0.45914003252983093,2.9982810020446777,-0.3430696427822113,-0.4554162621498108,2.8734912872314453,-0.29429891705513,-0.2049105167388916,2.908474922180176,-0.3149762451648712,0.038184478878974915,2.9512152671813965,-0.319111704826355,0.08680348098278046,2.959763288497925,-0.3273826241493225,0.18404147028923035,2.9768593311309814,-0.31572550535202026,0.12583279609680176,3.026493787765503,-0.3065579831600189,-0.46207281947135925,3.0965628623962402,-0.2861328125,-0.4657965898513794,3.2213525772094727,-0.3065739572048187,-0.22675611078739166,3.1275582313537598,-0.3512125313282013,0.0012306272983551025,3.0416576862335205,-0.36014023423194885,0.046827975660562515,3.024477481842041,-0.37799566984176636,0.13802267611026764,2.990117311477661,-0.376797080039978,0.07032473385334015,2.9526572227478027,-0.28434303402900696,0.08834728598594666,2.9579970836639404,-0.3352307677268982,0.5244224667549133,3.0143933296203613,-0.32543691992759705,0.9155411720275879,3.056112289428711,-0.43952640891075134,1.0142407417297363,3.0852763652801514,-0.25477054715156555,0.082543283700943,3.154958963394165,-0.2786845266819,0.5200828909873962,3.217560052871704,-0.22501713037490845,0.9073786735534668,3.261514902114868,-0.32718634605407715,1.0179998874664307,3.2920589447021484,-0.4489298462867737,-0.5684655904769897,3.051708698272705,-0.4719451069831848,-0.6153664588928223,3.0504350662231445,-0.4581530690193176,-0.661915123462677,3.0143442153930664,-0.3639528751373291,-0.6795224547386169,2.946833610534668,-0.4525940716266632,-0.6663349270820618,3.0766518115997314,-0.3482024371623993,-0.6920452117919922,3.1233716011047363,-0.28414246439933777,1.0130141973495483,3.0602972507476807,-0.17307159304618835,0.9996035099029541,3.2659850120544434
-0.2694157361984253,0.08703294396400452,3.057490825653076,-0.284258097410202,-0.09454931318759918,3.0547049045562744,-0.29914745688438416,-0.27613162994384766,3.05218768119812,-0.3140372633934021,-0.4577193856239319,3.049670457839966,-0.3159925937652588,-0.4578629732131958,2.99991512298584,-0.32076898217201233,-0.45571422576904297,2.873164176940918,-0.2752779424190521,-0.20551076531410217,2.9145989418029785,-0.3024611473083496,0.037397146224975586,2.955050468444824,-0.30789777636528015,0.08597873151302338,2.9631407260894775,-0.3187710642814636,0.18314188718795776,2.979321241378784,-0.313149631023407,0.12481315433979034,3.029886245727539,-0.3122437596321106,-0.4595494568347931,3.099398136138916,-0.30746737122535706,-0.4616982042789459,3.226149082183838,-0.3267897963523865,-0.22644366323947906,3.1228532791137695,-0.37057220935821533,-0.0032169371843338013,3.0247082710266113,-0.3793286979198456,0.04142840951681137,3.0050792694091797,-0.3968416750431061,0.13071909546852112,2.9658212661743164,-0.38780611753463745,0.06218846142292023,2.930999755859375,-0.2716232240200043,0.08874070644378662,2.9579405784606934,-0.31618693470954895,0.5240768194198608,3.0249640941619873,-0.3063798248767853,0.9131592512130737,3.0830962657928467,-0.4218750596046448,1.0127228498458862,3.102180004119873,-0.2672082483768463,0.08532518148422241,3.157041072845459,-0.28611040115356445,0.5254098176956177,3.2013564109802246,-0.22894787788391113,0.9129457473754883,3.23889422416687,-0.33143821358680725,1.0266647338867188,3.252310276031494,-0.44720908999443054,-0.5673511624336243,3.0444796085357666,-0.46964195370674133,-0.6143428087234497,3.0420753955841064,-0.4525698721408844,-0.6612335443496704,3.008150815963745,-0.35314756631851196,-0.6790837049484253,2.949256181716919,-0.452246755361557,-0.6645834445953369,3.0706124305725098,-0.35223203897476196,-0.6885751485824585,3.1262314319610596,-0.2646123766899109,1.0096654891967773,3.0961124897003174,-0.17573025822639465,1.0042181015014648,3.2469348907470703
-0.268772691488266,0.0896197259426117,3.056442975997925,-0.2834561765193939,-0.09176144003868103,3.0543863773345947,-0.2981778681278229,-0.273144006729126,3.052774667739868,-0.31289997696876526,-0.45453202724456787,3.0511629581451416,-0.30917873978614807,-0.4553857445716858,3.0015769004821777,-0.299431711435318,-0.45504727959632874,2.874452590942383,-0.2574506998062134,-0.20489442348480225,2.92153263092041,-0.28882884979248047,0.038280948996543884,2.959153890609741,-0.2951044738292694,0.08691602200269699,2.9666781425476074,-0.3076557219028473,0.1841861605644226,2.98172664642334,-0.30796316266059875,0.12567603588104248,3.0325419902801514,-0.31678125262260437,-0.455649733543396,3.100731611251831,-0.32652828097343445,-0.45598819851875305,3.227855920791626,-0.34267130494117737,-0.22353845834732056,3.1171224117279053,-0.3832519054412842,-0.003997504711151123,3.0090057849884033,-0.39136803150177,0.039910685271024704,2.987382411956787,-0.4076002836227417,0.12772706151008606,2.9441356658935547,-0.39202117919921875,0.05883999168872833,2.912235975265503,-0.25933781266212463,0.08997932076454163,2.957369565963745,-0.2995535731315613,0.5240858793258667,3.0348315238952637,-0.28921711444854736,0.9107558727264404,3.10760498046875,-0.4042903780937195,1.0122125148773193,3.1170637607574463,-0.27820757031440735,0.08926013112068176,3.1555163860321045,-0.29412347078323364,0.5310267210006714,3.1811110973358154,-0.23437535762786865,0.9189162254333496,3.210916519165039,-0.33556386828422546,1.0345749855041504,3.207967758178711,-0.4441961646080017,-0.5652934312820435,3.0378332138061523,-0.4659758508205414,-0.6124531626701355,3.0346641540527344,-0.445956826210022,-0.659788191318512,3.003232717514038,-0.34223347902297974,-0.6778843998908997,2.952816963195801,-0.4505293369293213,-0.6618594527244568,3.0654819011688232,-0.3551889657974243,-0.6837529540061951,3.1291892528533936,-0.24741387367248535,1.0058269500732422,3.1287097930908203,-0.18072980642318726,1.009659767150879,3.221834659576416
-0.26957008242607117,0.09147459268569946,3.0605194568634033,-0.28396928310394287,-0.08965994417667389,3.0604400634765625,-0.29840725660324097,-0.27079102396965027,3.0608198642730713,-0.3128456473350525,-0.4519275426864624,3.06119966506958,-0.304069459438324,-0.4537201225757599,3.0123579502105713,-0.28114399313926697,-0.4558127224445343,2.885897159576416,-0.24128128588199615,-0.20486262440681458,2.9363210201263428,-0.27324172854423523,0.03987862169742584,2.9698612689971924,-0.2796338200569153,0.08882687240839005,2.976569414138794,-0.2924180030822754,0.18672338128089905,2.989985466003418,-0.2987455427646637,0.128216952085495,3.0409023761749268,-0.3217787742614746,-0.4521036446094513,3.1100454330444336,-0.3447042405605316,-0.4500110447406769,3.236506223678589,-0.3579222559928894,-0.2162589579820633,3.1256332397460938,-0.3948437571525574,0.0038456469774246216,3.015019178390503,-0.40222805738449097,0.047866567969322205,2.992896318435669,-0.41699665784835815,0.13590840995311737,2.948650598526001,-0.3961750864982605,0.06754566729068756,2.9178519248962402,-0.24971792101860046,0.08993910253047943,2.9631075859069824,-0.28664901852607727,0.5234009027481079,3.045970916748047,-0.2751500904560089,0.9082111120223999,3.1281135082244873,-0.38824930787086487,1.0123248100280762,3.1278231143951416,-0.28942224383354187,0.0930100828409195,3.157931327819824,-0.3017159700393677,0.535680890083313,3.161210060119629,-0.23768898844718933,0.9236451983451843,3.1797237396240234,-0.33567020297050476,1.0405728816986084,3.1607820987701416,-0.44138509035110474,-0.5651091933250427,3.042983293533325,-0.4622401297092438,-0.6126726865768433,3.039921283721924,-0.4395689368247986,-0.6606088876724243,3.011373519897461,-0.33258768916130066,-0.6785707473754883,2.968351364135742,-0.44813409447669983,-0.6608343720436096,3.0732126235961914,-0.3568556308746338,-0.6792097091674805,3.1435625553131104,-0.2336173802614212,1.0017765760421753,3.1555910110473633,-0.1836862564086914,1.0139907598495483,3.192208766937256
-0.27071741223335266,0.09393787384033203,3.058002471923828,-0.2842981219291687,-0.08692792057991028,3.0598738193511963,-0.29794806241989136,-0.26778140664100647,3.0623366832733154,-0.31159842014312744,-0.4486403167247772,3.0647995471954346,-0.29813316464424133,-0.45129382610321045,3.0171689987182617,-0.2626482844352722,-0.4556724429130554,2.892300844192505,-0.22467392683029175,-0.20393803715705872,2.947033166885376,-0.256111204624176,0.04251401126384735,2.978102445602417,-0.2623986601829529,0.09180442243814468,2.984316349029541,-0.2749735713005066,0.19038525223731995,2.99674391746521,-0.2871873676776886,0.13162675499916077,3.0469138622283936,-0.3252120018005371,-0.4479525089263916,3.112456798553467,-0.3606968820095062,-0.44357389211654663,3.2373249530792236,-0.3715074360370636,-0.20526061952114105,3.132932424545288,-0.4038343131542206,0.01921379566192627,3.026826858520508,-0.410299688577652,0.06410868465900421,3.005605697631836,-0.42323043942451477,0.1538984477519989,2.963163375854492,-0.3982701003551483,0.08676856756210327,2.9317100048065186,-0.2411530613899231,0.09073766320943832,2.9632532596588135,-0.2752074897289276,0.5235578417778015,3.0508151054382324,-0.26220807433128357,0.9064264297485352,3.1415531635284424,-0.3720047175884247,1.0136172771453857,3.132019519805908,-0.3002817630767822,0.09713808447122574,3.1527516841888428,-0.3055114150047302,0.5397112965583801,3.136575222015381,-0.2311951220035553,0.9261635541915894,3.147641181945801,-0.3228994309902191,1.0450139045715332,3.114459991455078,-0.43641898036003113,-0.5651878714561462,3.0424983501434326,-0.4560653567314148,-0.6132774949073792,3.0397250652313232,-0.4307047128677368,-0.6615585088729858,3.0141868591308594,-0.3209407925605774,-0.6784480214118958,2.978360176086426,-0.44304943084716797,-0.6600431799888611,3.075361728668213,-0.3559175133705139,-0.6741546988487244,3.151688814163208,-0.22127604484558105,0.9983189702033997,3.1749770641326904,-0.17585492134094238,1.015364170074463,3.1623902320861816
-0.2735792398452759,0.09539154171943665,3.0584137439727783,-0.2860057055950165,-0.08525209128856659,3.0626227855682373,-0.2985197603702545,-0.2658745050430298,3.067438840866089,-0.3110342025756836,-0.44650232791900635,3.0722548961639404,-0.29333773255348206,-0.44994446635246277,3.0261590480804443,-0.24612127244472504,-0.4564843773841858,2.9035701751708984,-0.21043071150779724,-0.2037464678287506,2.961688756942749,-0.24184173345565796,0.04440157115459442,2.98986554145813,-0.24812394380569458,0.0940311849117279,2.9955008029937744,-0.2606883645057678,0.19329041242599487,3.0067715644836426,-0.27820613980293274,0.1344311237335205,3.0558884143829346,-0.3288666605949402,-0.44502338767051697,3.118403196334839,-0.3760831356048584,-0.43848347663879395,3.2409920692443848,-0.38933154940605164,-0.193208709359169,3.150477886199951,-0.4217078983783722,0.03801809251308441,3.0564355850219727,-0.4281831681728363,0.08426345884799957,3.0376272201538086,-0.4411337077617645,0.1767541766166687,3.0000102519989014,-0.4115457236766815,0.1122884526848793,2.966062068939209,-0.235294908285141,0.09062894433736801,2.967038631439209,-0.2671610414981842,0.5238335132598877,3.0536856651306152,-0.25273919105529785,0.9058127403259277,3.1480133533477783,-0.35830456018447876,1.01595938205719,3.128953695297241,-0.31186357140541077,0.10015413910150528,3.1497888565063477,-0.3086124360561371,0.5417923927307129,3.1161067485809326,-0.22328928112983704,0.9261070489883423,3.12211275100708,-0.3075360655784607,1.0463616847991943,3.076495885848999,-0.4315255582332611,-0.5668387413024902,3.0467824935913086,-0.44983938336372375,-0.6154670715332031,3.0445497035980225,-0.4218912124633789,-0.6639084219932556,3.0222525596618652,-0.309852659702301,-0.6791957020759583,2.9935364723205566,-0.4378770589828491,-0.6606540083885193,3.0824954509735107,-0.35514581203460693,-0.6699748635292053,3.16422438621521,-0.21274344623088837,0.996423602104187,3.1858091354370117,-0.1667659729719162,1.0141270160675049,3.1393203735351562
-0.27830636501312256,0.09620469808578491,3.062368154525757,-0.28934359550476074,-0.08431597054004669,3.069103479385376,-0.3004455864429474,-0.2648124694824219,3.0763602256774902,-0.3115479052066803,-0.44531434774398804,3.0836172103881836,-0.290118545293808,-0.44940322637557983,3.0392301082611084,-0.23211555182933807,-0.45779192447662354,2.9193177223205566,-0.1981460601091385,-0.20373928546905518,2.978785753250122,-0.22830753028392792,0.046285927295684814,3.003026008605957,-0.23433981835842133,0.0962909683585167,3.007874011993408,-0.24640440940856934,0.19630104303359985,3.0175700187683105,-0.268899142742157,0.13772480189800262,3.0656344890594482,-0.3330979347229004,-0.44318729639053345,3.1280834674835205,-0.3911009132862091,-0.43479859828948975,3.2479958534240723,-0.4133089780807495,-0.1814480423927307,3.1805169582366943,-0.45294225215911865,0.057488903403282166,3.1073853969573975,-0.4608688950538635,0.10527629405260086,3.092759132385254,-0.47672221064567566,0.20085108280181885,3.063506603240967,-0.4418218731880188,0.14128270745277405,3.0250234603881836,-0.23238742351531982,0.09012891352176666,2.9747731685638428,-0.26192766427993774,0.5246042609214783,3.055717706680298,-0.24564756453037262,0.9066721796989441,3.1493988037109375,-0.3462693393230438,1.0193805694580078,3.1208996772766113,-0.3242253065109253,0.10228048264980316,3.149963140487671,-0.3110557496547699,0.5422140955924988,3.100179433822632,-0.21484693884849548,0.9239943027496338,3.102376699447632,-0.29103976488113403,1.0450291633605957,3.045938014984131,-0.42718037962913513,-0.5697848796844482,3.0559144020080566,-0.44405290484428406,-0.6189451813697815,3.0544447898864746,-0.4136388897895813,-0.6673144698143005,3.0355186462402344,-0.2998279333114624,-0.6804242730140686,3.013643503189087,-0.4330735206604004,-0.6624107360839844,3.094606637954712,-0.35489270091056824,-0.6665303707122803,3.1810598373413086,-0.2066802829504013,0.9964587092399597,3.1901254653930664,-0.15737971663475037,1.0109094381332397,3.121922016143799
-0.2825782597064972,0.09702447056770325,3.06335186958313,-0.2926802337169647,-0.08342856168746948,3.0724573135375977,-0.3028848469257355,-0.2638506293296814,3.0820493698120117,-0.3130897581577301,-0.4442780613899231,3.091641664505005,-0.28822681307792664,-0.448930025100708,3.0491464138031006,-0.22004875540733337,-0.4589751958847046,2.9327340126037598,-0.18783700466156006,-0.2037888467311859,2.9927830696105957,-0.2168949693441391,0.047721266746520996,3.012748956680298,-0.22270655632019043,0.09802329540252686,3.01674222946167,-0.23432974517345428,0.19862735271453857,3.024728536605835,-0.2612825930118561,0.14050725102424622,3.0715348720550537,-0.33806362748146057,-0.4415872097015381,3.1342415809631348,-0.40624168515205383,-0.4315420389175415,3.2506539821624756,-0.4310888350009918,-0.17535263299942017,3.1913819313049316,-0.47177547216415405,0.06643161177635193,3.1251602172851562,-0.47991278767585754,0.11478845775127411,3.1119158267974854,-0.4961874485015869,0.21150216460227966,3.0854270458221436,-0.4571641683578491,0.15416231751441956,3.0468971729278564,-0.22965064644813538,0.08985395729541779,2.979966163635254,-0.2589075267314911,0.5255126357078552,3.054481267929077,-0.24279865622520447,0.9079023003578186,3.146927833557129,-0.3384716808795929,1.0223219394683838,3.1095573902130127,-0.335505872964859,0.10419498383998871,3.146737575531006,-0.3128645122051239,0.54224693775177,3.085054397583008,-0.20828989148139954,0.921837329864502,3.0867936611175537,-0.27656090259552,1.043047547340393,3.021304130554199,-0.42446285486221313,-0.5717684030532837,3.060737371444702,-0.44035106897354126,-0.6212524771690369,3.059849500656128,-0.4079430103302002,-0.669605553150177,3.044610023498535,-0.2927677035331726,-0.6812187433242798,3.0306577682495117,-0.43129420280456543,-0.6631392240524292,3.1020872592926025,-0.35892942547798157,-0.6628974676132202,3.1935102939605713,-0.20553803443908691,0.9972256422042847,3.190200090408325,-0.15067467093467712,1.007964015007019,3.1092031002044678
-0.2887924909591675,0.09791022539138794,3.0715839862823486,-0.2974987030029297,-0.08246614038944244,3.082298755645752,-0.3063315451145172,-0.26281237602233887,3.093409776687622,-0.3151646554470062,-0.44316399097442627,3.1045210361480713,-0.2839497923851013,-0.4480218291282654,3.0664939880371094,-0.19534888863563538,-0.4590114951133728,2.9585516452789307,-0.16625450551509857,-0.20157673954963684,3.020845890045166,-0.19008952379226685,0.05309319496154785,3.0356228351593018,-0.19485652446746826,0.10402718186378479,3.0385782718658447,-0.2043905258178711,0.20589515566825867,3.0444891452789307,-0.24028731882572174,0.14850535988807678,3.0872044563293457,-0.3464755117893219,-0.4402664005756378,3.1426689624786377,-0.43507641553878784,-0.4292767345905304,3.2506113052368164,-0.46915262937545776,-0.16559725999832153,3.232957363128662,-0.5160156488418579,0.08472079038619995,3.2048866748809814,-0.525388240814209,0.13478440046310425,3.199272632598877,-0.5441334247589111,0.23491162061691284,3.188044309616089,-0.4969750642776489,0.18648512661457062,3.1451752185821533,-0.22321954369544983,0.09036439657211304,2.997836112976074,-0.24988630414009094,0.5283815860748291,3.0584287643432617,-0.23750297725200653,0.9125329256057739,3.1440417766571045,-0.3225187659263611,1.0283820629119873,3.089294910430908,-0.35436543822288513,0.10545605421066284,3.145331859588623,-0.30961844325065613,0.5395510196685791,3.0691685676574707,-0.19256389141082764,0.9154804944992065,3.0746841430664062,-0.24467062950134277,1.035994052886963,2.994638681411743,-0.41776126623153687,-0.5739207863807678,3.0600461959838867,-0.4325043559074402,-0.6237248182296753,3.058297634124756,-0.39725998044013977,-0.6718431115150452,3.050447702407837,-0.2812338173389435,-0.6814520955085754,3.056384325027466,-0.43002161383628845,-0.6639875173568726,3.102928400039673,-0.37405842542648315,-0.6591947078704834,3.2050790786743164,-0.20503661036491394,1.001966953277588,3.190828323364258,-0.13617679476737976,1.0006191730499268,3.1032044887542725
-0.2938462793827057,0.09801077842712402,3.074084997177124,-0.30081647634506226,-0.08239752054214478,3.085151433944702,-0.3079460561275482,-0.26277583837509155,3.0965988636016846,-0.3150758445262909,-0.4431595802307129,3.108046531677246,-0.2817573845386505,-0.4477611184120178,3.0718231201171875,-0.18583360314369202,-0.45817461609840393,2.9674782752990723,-0.1564638316631317,-0.1994154155254364,3.028231382369995,-0.17604969441890717,0.056680887937545776,3.0403127670288086,-0.17996686697006226,0.10790015012025833,3.042729139328003,-0.18780121207237244,0.21033868193626404,3.0475616455078125,-0.22708117961883545,0.15375220775604248,3.088887929916382,-0.3484717905521393,-0.4405185878276825,3.1443943977355957,-0.4443955719470978,-0.4301050901412964,3.248739242553711,-0.4789673984050751,-0.16497379541397095,3.2532169818878174,-0.5251393914222717,0.08787262439727783,3.2460241317749023,-0.5343738198280334,0.13844190537929535,3.2445855140686035,-0.5528426170349121,0.23958046734333038,3.241708278656006,-0.503342866897583,0.19504477083683014,3.1967732906341553,-0.2241975963115692,0.09103046357631683,3.0041584968566895,-0.2451009899377823,0.5307950973510742,3.0531013011932373,-0.22970028221607208,0.9166160821914673,3.1302194595336914,-0.3092344105243683,1.0326592922210693,3.068152904510498,-0.36349496245384216,0.10499109327793121,3.1440114974975586,-0.31465402245521545,0.5378257036209106,3.0634257793426514,-0.19712138175964355,0.9135628938674927,3.0704843997955322,-0.24432437121868134,1.0330735445022583,2.986027240753174,-0.41180670261383057,-0.5752992630004883,3.055332899093628,-0.4257679581642151,-0.6252766847610474,3.052549123764038,-0.3894236981868744,-0.6730059385299683,3.048126459121704,-0.2742946147918701,-0.6812194585800171,3.0644116401672363,-0.4268108606338501,-0.66530841588974,3.0974369049072266,-0.38022488355636597,-0.6594098210334778,3.204124927520752,-0.19805534183979034,1.0065419673919678,3.176614284515381,-0.1422095000743866,0.9989717602729797,3.100989818572998
-0.29799336194992065,0.09949067234992981,3.072021007537842,-0.303089439868927,-0.08095626533031464,3.083207130432129,-0.3084244132041931,-0.2613677382469177,3.0948448181152344,-0.31375953555107117,-0.4417846202850342,3.106482744216919,-0.2787191569805145,-0.44603800773620605,3.0718843936920166,-0.17678043246269226,-0.45555171370506287,2.97113037109375,-0.14795620739459991,-0.1957380473613739,3.0309183597564697,-0.1644645482301712,0.061357468366622925,3.04154372215271,-0.16776621341705322,0.11277657747268677,3.043668746948242,-0.17436954379081726,0.21561479568481445,3.0479187965393066,-0.21630561351776123,0.15955638885498047,3.087763786315918,-0.34885790944099426,-0.4394921064376831,3.1412079334259033,-0.45079663395881653,-0.4299784004688263,3.24196195602417,-0.48568570613861084,-0.1644446849822998,3.25549578666687,-0.53227299451828,0.0891556441783905,3.255605459213257,-0.5415904521942139,0.13987571001052856,3.255627393722534,-0.5602253675460815,0.2413158416748047,3.255671262741089,-0.5082597732543945,0.19844947755336761,3.21150279045105,-0.22505810856819153,0.09330682456493378,3.0054943561553955,-0.24135427176952362,0.5337305665016174,3.0478670597076416,-0.22432921826839447,0.9202635288238525,3.119933605194092,-0.29921141266822815,1.0363125801086426,3.0525081157684326,-0.3709286153316498,0.10567452013492584,3.138547658920288,-0.31989526748657227,0.538170337677002,3.0586917400360107,-0.20204274356365204,0.9134220480918884,3.0724048614501953,-0.24480116367340088,1.0331958532333374,2.986109733581543,-0.40433502197265625,-0.5755057334899902,3.0472569465637207,-0.41735273599624634,-0.6256844997406006,3.0436906814575195,-0.3801259398460388,-0.6729119420051575,3.0423293113708496,-0.2664881944656372,-0.6794239282608032,3.0674257278442383,-0.42128199338912964,-0.6655225157737732,3.0885863304138184,-0.3830970823764801,-0.6584872007369995,3.1984870433807373,-0.19369347393512726,1.0104248523712158,3.166430950164795,-0.14850576221942902,0.9985813498497009,3.105741024017334
-0.3023315370082855,0.10277396440505981,3.0668015480041504,-0.30558663606643677,-0.07771497964859009,3.077772378921509,-0.3091171383857727,-0.25816816091537476,3.089235782623291,-0.3126477599143982,-0.4386267364025116,3.1006994247436523,-0.2762109935283661,-0.4424319863319397,3.067525863647461,-0.16941800713539124,-0.4507061839103699,2.970165491104126,-0.14180243015289307,-0.19014474749565125,3.029501438140869,-0.15628591179847717,0.0675705075263977,3.039674997329712,-0.159182608127594,0.11911356449127197,3.0417096614837646,-0.16497600078582764,0.2221996784210205,3.04577898979187,-0.20893949270248413,0.16642937064170837,3.0841166973114014,-0.34912288188934326,-0.4367828369140625,3.133997678756714,-0.4559158682823181,-0.4285086393356323,3.231358051300049,-0.49195560812950134,-0.16246828436851501,3.241323232650757,-0.5415685176849365,0.09095919132232666,3.234727144241333,-0.5514910817146301,0.141644686460495,3.233407974243164,-0.5713362693786621,0.24301567673683167,3.230769634246826,-0.5168038606643677,0.19996050000190735,3.189716339111328,-0.2267732322216034,0.0975467711687088,3.003223180770874,-0.238931804895401,0.537759006023407,3.0439627170562744,-0.21966606378555298,0.9237759113311768,3.1158204078674316,-0.2902066707611084,1.040503978729248,3.045346975326538,-0.37788984179496765,0.10800115764141083,3.1303799152374268,-0.326086163520813,0.5406737923622131,3.054847240447998,-0.20850519835948944,0.9150705933570862,3.078202962875366,-0.24751082062721252,1.0358989238739014,2.9919068813323975,-0.39669638872146606,-0.5741578340530396,3.0362465381622314,-0.4085415303707123,-0.6245726346969604,3.032052755355835,-0.37046217918395996,-0.6711095571517944,3.033343553543091,-0.2586310803890228,-0.6754588484764099,3.0658693313598633,-0.41469091176986694,-0.6643295884132385,3.0767624378204346,-0.3839457631111145,-0.6562489867210388,3.188889503479004,-0.18973061442375183,1.0135388374328613,3.163264036178589,-0.15630966424942017,0.9995934367179871,3.114753484725952
-0.30779463052749634,0.10581713914871216,3.0622191429138184,-0.30917519330978394,-0.074715256690979,3.072687864303589,-0.3107326030731201,-0.2552224397659302,3.0835587978363037,-0.3122900426387787,-0.43573498725891113,3.0944299697875977,-0.27477607131004333,-0.43897098302841187,3.0624215602874756,-0.16424143314361572,-0.445613831281662,2.9679555892944336,-0.13810975849628448,-0.18425047397613525,3.0261120796203613,-0.1513902246952057,0.07391873002052307,3.0354838371276855,-0.15404631197452545,0.12555257976055145,3.037358283996582,-0.15935850143432617,0.22882026433944702,3.041106939315796,-0.2047753930091858,0.17329445481300354,3.078324317932129,-0.34982097148895264,-0.43446099758148193,3.126556873321533,-0.46035560965538025,-0.4278181493282318,3.221022844314575,-0.49533820152282715,-0.1611008644104004,3.2247602939605713,-0.5458616614341736,0.09209880232810974,3.2088592052459717,-0.5559663772583008,0.14273874461650848,3.205678939819336,-0.5761757493019104,0.24401861429214478,3.1993184089660645,-0.5199643969535828,0.20000116527080536,3.161454200744629,-0.23027029633522034,0.10167448967695236,3.0010035037994385,-0.2379877120256424,0.5413303971290588,3.04180908203125,-0.21582865715026855,0.9264017343521118,3.114750623703003,-0.2825554311275482,1.0439727306365967,3.0424766540527344,-0.38531896471977234,0.10995978862047195,3.1234347820281982,-0.33269447088241577,0.5426440834999084,3.0524630546569824,-0.21520398557186127,0.915816068649292,3.0845584869384766,-0.2511446475982666,1.0377329587936401,2.99886417388916,-0.3893062472343445,-0.5735270977020264,3.0261781215667725,-0.3996189832687378,-0.6242316961288452,3.0215656757354736,-0.3604915738105774,-0.6697619557380676,3.025050640106201,-0.2504832148551941,-0.6711474657058716,3.063448905944824,-0.4071062207221985,-0.6640095710754395,3.066037654876709,-0.38255807757377625,-0.6548490524291992,3.179579257965088,-0.18620005249977112,1.015568494796753,3.1631557941436768,-0.16406026482582092,0.9995677471160889,3.12382173538208
-0.31407302618026733,0.10843959450721741,3.064514398574829,-0.31353187561035156,-0.07214275002479553,3.074091911315918,-0.31301790475845337,-0.2527111768722534,3.0839293003082275,-0.3125039339065552,-0.4332849979400635,3.093766927719116,-0.2741788923740387,-0.43585413694381714,3.062673568725586,-0.16076555848121643,-0.440553218126297,2.9704952239990234,-0.13557587563991547,-0.17844140529632568,3.027113437652588,-0.14749157428741455,0.08011749386787415,3.035782814025879,-0.1498747169971466,0.13182927668094635,3.0375165939331055,-0.15464100241661072,0.23525282740592957,3.0409843921661377,-0.20120660960674286,0.18000636994838715,3.0773918628692627,-0.35082340240478516,-0.4326785206794739,3.124967336654663,-0.4642367362976074,-0.427979439496994,3.2171456813812256,-0.4949429929256439,-0.16040271520614624,3.215546131134033,-0.5429796576499939,0.09295189380645752,3.1915929317474365,-0.5525869727134705,0.14362281560897827,3.186802387237549,-0.5718016624450684,0.24496465921401978,3.1772210597991943,-0.514886736869812,0.19948363304138184,3.142033100128174,-0.23510907590389252,0.10552607476711273,3.0051190853118896,-0.2381591647863388,0.5445538759231567,3.046433448791504,-0.21305041015148163,0.9287376403808594,3.120061159133911,-0.2766351103782654,1.0469720363616943,3.0465149879455566,-0.39303696155548096,0.11135311424732208,3.1239097118377686,-0.33978334069252014,0.5438558459281921,3.0563297271728516,-0.22240760922431946,0.9158400297164917,3.0950515270233154,-0.2560127079486847,1.0385644435882568,3.009958505630493,-0.38248568773269653,-0.5734157562255859,3.022843360900879,-0.3911137878894806,-0.6244010329246521,3.017993450164795,-0.3508742153644562,-0.6687520146369934,3.0233194828033447,-0.24263614416122437,-0.6668270230293274,3.0663702487945557,-0.3993353247642517,-0.6642544269561768,3.0622506141662598,-0.37994256615638733,-0.6540838479995728,3.17667555809021,-0.18348592519760132,1.0173873901367188,3.169119119644165,-0.17208066582679749,0.9989266395568848,3.1363232135772705
-0.3200773596763611,0.11171361804008484,3.063059091567993,-0.3175549805164337,-0.06892386078834534,3.071272850036621,-0.315003365278244,-0.24955260753631592,3.079667568206787,-0.31245169043540955,-0.43018674850463867,3.0880625247955322,-0.2734622359275818,-0.4320286512374878,3.057751178741455,-0.157647967338562,-0.43458491563796997,2.9675469398498535,-0.13444280624389648,-0.17150047421455383,3.021805763244629,-0.14647434651851654,0.08737459778785706,3.0289053916931152,-0.14888066053390503,0.13914960622787476,3.030325412750244,-0.1536932736635208,0.24269963800907135,3.033165216445923,-0.20091605186462402,0.18759292364120483,3.069124937057495,-0.35141339898109436,-0.43030810356140137,3.1184651851654053,-0.46722766757011414,-0.4277518391609192,3.208669424057007,-0.49383342266082764,-0.15944698452949524,3.207918643951416,-0.5382800102233887,0.0947873592376709,3.183405637741089,-0.5471693277359009,0.1456342339515686,3.1785030364990234,-0.5649479627609253,0.24732796847820282,3.1686978340148926,-0.5078033804893494,0.20115706324577332,3.13460111618042,-0.23995928466320038,0.11020103842020035,3.005190372467041,-0.23912689089775085,0.5486463904380798,3.04587459564209,-0.2120220959186554,0.932314395904541,3.118410348892212,-0.27318432927131653,1.0506349802017212,3.0434303283691406,-0.4001954197883606,0.11322619765996933,3.1209278106689453,-0.34945350885391235,0.5460960865020752,3.0581650733947754,-0.2357170730829239,0.9179458618164062,3.1027631759643555,-0.2686050534248352,1.041115164756775,3.0184407234191895,-0.37607941031455994,-0.572015106678009,3.0146443843841553,-0.3831801414489746,-0.6231959462165833,3.009483575820923,-0.34201669692993164,-0.6664720177650452,3.0162737369537354,-0.2355281114578247,-0.661746084690094,3.0632388591766357,-0.391959011554718,-0.6632871627807617,3.053403615951538,-0.3770312964916229,-0.6527222990989685,3.168440341949463,-0.1825997531414032,1.0207635164260864,3.1675822734832764,-0.18684226274490356,1.000839352607727,3.1457366943359375
-0.32588115334510803,0.11461421847343445,3.0586166381835938,-0.3213256299495697,-0.06606687605381012,3.0654048919677734,-0.31671038269996643,-0.2467411309480667,3.072333574295044,-0.3120950162410736,-0.42742079496383667,3.0792624950408936,-0.2725133001804352,-0.4285281002521515,3.0496811866760254,-0.15459153056144714,-0.4289020001888275,2.9613840579986572,-0.1344340443611145,-0.16466906666755676,3.012441873550415,-0.14780186116695404,0.09443899989128113,3.017113208770752,-0.1504754275083542,0.14626061916351318,3.018047571182251,-0.1558225452899933,0.2499038577079773,3.01991605758667,-0.20338456332683563,0.19482943415641785,3.0556485652923584,-0.35162654519081116,-0.42827725410461426,3.108919382095337,-0.4695483148097992,-0.42790335416793823,3.197216510772705,-0.4938269853591919,-0.15912514925003052,3.1982619762420654,-0.5356305241584778,0.09591683745384216,3.1749470233917236,-0.543991208076477,0.14692524075508118,3.1702840328216553,-0.5607126355171204,0.248942032456398,3.1609580516815186,-0.5031888484954834,0.2025221586227417,3.1276659965515137,-0.24479132890701294,0.11453524231910706,3.002096176147461,-0.2407684326171875,0.5521898865699768,3.043944835662842,-0.21274030208587646,0.9352757930755615,3.116039752960205,-0.2720082402229309,1.0535961389541626,3.0400123596191406,-0.4069709777832031,0.11469319462776184,3.1151371002197266,-0.36083051562309265,0.5482853651046753,3.0587637424468994,-0.2530924677848816,0.9205960631370544,3.1089162826538086,-0.2864527702331543,1.0440346002578735,3.0255942344665527,-0.3704802393913269,-0.5703949928283691,3.003784418106079,-0.3763889670372009,-0.6216959357261658,2.998377561569214,-0.3346157670021057,-0.6641463041305542,3.006471633911133,-0.2298213541507721,-0.6573511362075806,3.056838274002075,-0.3857753574848175,-0.6619953513145447,3.04197096824646,-0.3747735023498535,-0.651256799697876,3.1574201583862305,-0.18364161252975464,1.0235309600830078,3.1654138565063477,-0.20605967938899994,1.0035533905029297,3.1534078121185303
-0.33158400654792786,0.11858654022216797,3.0518081188201904,-0.3243611752986908,-0.062376365065574646,3.0566651821136475,-0.31708258390426636,-0.24333442747592926,3.0616180896759033,-0.3098037838935852,-0.42429789900779724,3.0665712356567383,-0.2684873044490814,-0.4243685007095337,3.0392909049987793,-0.14501845836639404,-0.42163801193237305,2.957608461380005,-0.13076013326644897,-0.15509703755378723,3.001521110534668,-0.14742793142795563,0.10444572567939758,2.9976751804351807,-0.15076148509979248,0.15635427832603455,2.996906042098999,-0.15742860734462738,0.26017138361930847,2.9953677654266357,-0.20624853670597076,0.2054201364517212,3.030325412750244,-0.35104113817214966,-0.4261941611766815,3.093905448913574,-0.47450998425483704,-0.42892464995384216,3.1755878925323486,-0.4969114065170288,-0.15938091278076172,3.1800646781921387,-0.5340908765792847,0.09733912348747253,3.160892963409424,-0.5415267944335938,0.14868313074111938,3.1570587158203125,-0.5563985705375671,0.2513711452484131,3.1493899822235107,-0.49740418791770935,0.20489102602005005,3.1183674335479736,-0.2474379688501358,0.12054809927940369,2.999760866165161,-0.24427351355552673,0.5559171438217163,3.0411033630371094,-0.22213099896907806,0.93807452917099,3.1088435649871826,-0.27753356099128723,1.0543818473815918,3.0285348892211914,-0.4157300591468811,0.11662498116493225,3.1038553714752197,-0.382179856300354,0.550506591796875,3.0604209899902344,-0.2897254228591919,0.9225337505340576,3.125006914138794,-0.3230987787246704,1.0464587211608887,3.043919801712036,-0.36032548546791077,-0.5682603120803833,2.9874730110168457,-0.36498790979385376,-0.6196457743644714,2.9817707538604736,-0.32320544123649597,-0.6613789796829224,2.9928836822509766,-0.2223835289478302,-0.6527979373931885,3.050503730773926,-0.37676337361335754,-0.6600463390350342,3.0246667861938477,-0.3741310238838196,-0.6490222215652466,3.1405558586120605,-0.19628264009952545,1.026691198348999,3.1581931114196777,-0.24778282642364502,1.0052344799041748,3.1735646724700928
-0.3339056670665741,0.11964839696884155,3.0466043949127197,-0.32501375675201416,-0.061466097831726074,3.0493500232696533,-0.31614750623703003,-0.24258039891719818,3.052190065383911,-0.3072809875011444,-0.42370015382766724,3.055030107498169,-0.26581162214279175,-0.4230823516845703,3.0278990268707275,-0.1417943388223648,-0.41828569769859314,2.9466207027435303,-0.13083593547344208,-0.1506231129169464,2.9868080615997314,-0.1514379233121872,0.10888084769248962,2.9781081676483154,-0.15555831789970398,0.1607816368341446,2.9763681888580322,-0.16379910707473755,0.2645832300186157,2.972888231277466,-0.2119075059890747,0.2096831500530243,3.0088462829589844,-0.3486539423465729,-0.4262864589691162,3.0821921825408936,-0.4726712107658386,-0.4310831129550934,3.163470506668091,-0.4955170154571533,-0.16126784682273865,3.170964241027832,-0.531518816947937,0.09630763530731201,3.1567811965942383,-0.5387191772460938,0.14782273769378662,3.153944492340088,-0.5531198978424072,0.25085294246673584,3.148271322250366,-0.49406126141548157,0.20468679070472717,3.1166141033172607,-0.24968278408050537,0.12299530953168869,2.9946205615997314,-0.2511925995349884,0.5573869347572327,3.0348050594329834,-0.23550577461719513,0.9396873712539673,3.097822666168213,-0.2925823926925659,1.0538053512573242,3.0162696838378906,-0.4181285500526428,0.11630148440599442,3.098588228225708,-0.3997335433959961,0.5507949590682983,3.064089059829712,-0.3177906572818756,0.9224770069122314,3.1383097171783447,-0.35537099838256836,1.0472944974899292,3.061239004135132,-0.35721224546432495,-0.5673239231109619,2.9749794006347656,-0.3617083430290222,-0.6186835765838623,2.968960762023926,-0.3198251724243164,-0.6603533625602722,2.979902744293213,-0.2191489338874817,-0.651816189289093,3.0377631187438965,-0.37344300746917725,-0.6593725681304932,3.011587142944336,-0.371066153049469,-0.64903724193573,3.127535104751587,-0.21125128865242004,1.0290814638137817,3.146012783050537,-0.27794957160949707,1.0047651529312134,3.1887402534484863
-0.3349531292915344,0.11990979313850403,3.041995048522949,-0.32423344254493713,-0.06133599579334259,3.042804002761841,-0.3137403428554535,-0.24259407818317413,3.043811082839966,-0.3032469153404236,-0.42385756969451904,3.044818162918091,-0.2616100311279297,-0.4225853681564331,3.0178616046905518,-0.13703450560569763,-0.41582241654396057,2.937082052230835,-0.12939324975013733,-0.14714431762695312,2.9742839336395264,-0.1540115475654602,0.11227166652679443,2.9611454010009766,-0.15893520414829254,0.16415485739707947,2.9585177898406982,-0.1687825322151184,0.2679212689399719,2.9532623291015625,-0.21623799204826355,0.21279753744602203,2.9900524616241455,-0.34476974606513977,-0.42709994316101074,3.0717854499816895,-0.4693452715873718,-0.4338628947734833,3.1525650024414062,-0.49232977628707886,-0.1636315882205963,3.161342144012451,-0.5272923707962036,0.0946739912033081,3.149888515472412,-0.5342848896980286,0.14633511006832123,3.1475977897644043,-0.5482699275016785,0.24965734779834747,3.1430163383483887,-0.4890948534011841,0.20354434847831726,3.111140727996826,-0.2506326138973236,0.12466537952423096,2.9901318550109863,-0.2579120993614197,0.5578652024269104,3.029818058013916,-0.24975940585136414,0.9400202631950378,3.088585138320923,-0.3086507320404053,1.051834225654602,3.005894422531128,-0.41927364468574524,0.1151542067527771,3.093858242034912,-0.4170788824558258,0.5495641231536865,3.069915533065796,-0.34449368715286255,0.9187852740287781,3.159188747406006,-0.3854457139968872,1.0453803539276123,3.087740182876587,-0.3524552285671234,-0.5671945214271545,2.9638354778289795,-0.35671353340148926,-0.618532121181488,2.957493543624878,-0.31465473771095276,-0.6600769758224487,2.9682130813598633,-0.2140752375125885,-0.6514464020729065,3.026212453842163,-0.36830058693885803,-0.6595356464385986,2.999852418899536,-0.3660718500614166,-0.6499127745628357,3.1158571243286133,-0.2274114042520523,1.0301339626312256,3.135737657546997,-0.3066479563713074,0.9996606111526489,3.2127625942230225
-0.33546435832977295,0.12002772092819214,3.0380680561065674,-0.3229835033416748,-0.061317235231399536,3.0371909141540527,-0.310925155878067,-0.2426920086145401,3.036623954772949,-0.2988664507865906,-0.4240722060203552,3.0360569953918457,-0.2570721507072449,-0.42219990491867065,3.009273052215576,-0.13195478916168213,-0.41363075375556946,2.9289748668670654,-0.12759867310523987,-0.14401444792747498,2.9636318683624268,-0.15623345971107483,0.11524713039398193,2.9463043212890625,-0.1619604229927063,0.16709944605827332,2.9428389072418213,-0.17341433465480804,0.2708040773868561,2.9359078407287598,-0.2202552706003189,0.21542242169380188,2.9734373092651367,-0.3405296802520752,-0.42791587114334106,3.0628347396850586,-0.46564704179763794,-0.43648502230644226,3.1431329250335693,-0.48828989267349243,-0.16568318009376526,3.1513006687164307,-0.5227005481719971,0.09317830204963684,3.1393253803253174,-0.529582679271698,0.14495059847831726,3.136930227279663,-0.5433469414710999,0.2484951913356781,3.1321401596069336,-0.4839455485343933,0.20213645696640015,3.1006438732147217,-0.25104784965515137,0.12608787417411804,2.986326217651367,-0.2625257968902588,0.5579701662063599,3.026165723800659,-0.2601221799850464,0.9395776987075806,3.081876754760742,-0.32029107213020325,1.049576759338379,2.998439311981201,-0.41988086700439453,0.11396756023168564,3.0898098945617676,-0.43501561880111694,0.5473892688751221,3.0772483348846436,-0.3702988624572754,0.9118621349334717,3.185438394546509,-0.4142775237560272,1.040769100189209,3.1211674213409424,-0.3473418653011322,-0.5673120021820068,2.954481840133667,-0.3513374328613281,-0.6186410188674927,2.9479260444641113,-0.3090682327747345,-0.6600122451782227,2.958470106124878,-0.20853668451309204,-0.6511098146438599,3.0164988040924072,-0.36271172761917114,-0.6598777770996094,2.9901113510131836,-0.36052659153938293,-0.6507288813591003,3.1061487197875977,-0.23926466703414917,1.0301138162612915,3.1282596588134766,-0.33406704664230347,0.9903841018676758,3.2429254055023193
-0.3351764678955078,0.12041166424751282,3.0332019329071045,-0.32120388746261597,-0.06101664900779724,3.030963659286499,-0.30785542726516724,-0.24249674379825592,3.029156446456909,-0.29450657963752747,-0.42398226261138916,3.0273492336273193,-0.25254693627357483,-0.4216229319572449,3.0007598400115967,-0.12683607637882233,-0.4115821421146393,2.920989990234375,-0.1248139888048172,-0.14122110605239868,2.9539520740509033,-0.1569075882434845,0.11783051490783691,2.932713270187378,-0.16332630813121796,0.16964083909988403,2.9284656047821045,-0.17616374790668488,0.27326148748397827,2.9199700355529785,-0.2224893420934677,0.217702716588974,2.9581987857818604,-0.3363211154937744,-0.4283141493797302,3.0539188385009766,-0.4620319604873657,-0.4383549392223358,3.1336886882781982,-0.4841189384460449,-0.16692036390304565,3.138282537460327,-0.5187779068946838,0.09211462736129761,3.1212987899780273,-0.5257096886634827,0.1439216285943985,3.1179020404815674,-0.5395732522010803,0.24753563106060028,3.1111085414886475,-0.4797542691230774,0.2006010115146637,3.0808911323547363,-0.25062817335128784,0.1275593489408493,2.9816300868988037,-0.26567310094833374,0.557989239692688,3.023566246032715,-0.2679973840713501,0.9386599659919739,3.0786919593811035,-0.3291003406047821,1.0475465059280396,2.9951863288879395,-0.4197247624397278,0.11326397955417633,3.0847737789154053,-0.45235103368759155,0.544761598110199,3.0852065086364746,-0.39468836784362793,0.9022353887557983,3.2149832248687744,-0.4413563311100006,1.033568263053894,3.158975839614868,-0.34205979108810425,-0.5670409202575684,2.9449331760406494,-0.34576600790023804,-0.6183531284332275,2.938098907470703,-0.3032943606376648,-0.6595491766929626,2.9484996795654297,-0.20291997492313385,-0.6504125595092773,3.006753921508789,-0.356991708278656,-0.6598719954490662,2.9800429344177246,-0.35506242513656616,-0.6513271927833557,3.096126079559326,-0.24840448796749115,1.029254674911499,3.1249024868011475,-0.3599115014076233,0.9776156544685364,3.2769112586975098
-0.3354199528694153,0.11994659900665283,3.0294432640075684,-0.3203083276748657,-0.06157894432544708,3.026323080062866,-0.30589720606803894,-0.24316924810409546,3.023693561553955,-0.29148566722869873,-0.4247649908065796,3.021064043045044,-0.24935731291770935,-0.42203283309936523,2.9946751594543457,-0.1230090856552124,-0.41085824370384216,2.9154274463653564,-0.12117273360490799,-0.13995784521102905,2.9471161365509033,-0.15483099222183228,0.11892277002334595,2.922017812728882,-0.16156263649463654,0.17069889605045319,2.9169981479644775,-0.17502593994140625,0.27425113320350647,2.906958818435669,-0.22123602032661438,0.21887388825416565,2.945831775665283,-0.333457350730896,-0.42947083711624146,3.04742431640625,-0.45980557799339294,-0.4406454265117645,3.1266720294952393,-0.4823000729084015,-0.16882094740867615,3.126528263092041,-0.5187429189682007,0.08976903557777405,3.102339506149292,-0.526031494140625,0.1414870321750641,3.097501754760742,-0.5406086444854736,0.24492302536964417,3.0878262519836426,-0.48008522391319275,0.1975928097963333,3.0593676567077637,-0.25072044134140015,0.1278812438249588,2.978036403656006,-0.26856088638305664,0.5567978024482727,3.022935390472412,-0.27405136823654175,0.9362139701843262,3.079645872116089,-0.33567193150520325,1.0447124242782593,2.996703624725342,-0.4201194643974304,0.11201195418834686,3.080850124359131,-0.4678669571876526,0.540806770324707,3.0934503078460693,-0.415461927652359,0.89000403881073,3.2435097694396973,-0.4641907513141632,1.0233181715011597,3.195538282394409,-0.3377354145050049,-0.5676153898239136,2.93756365776062,-0.34110379219055176,-0.6189063787460327,2.930415153503418,-0.2984539866447449,-0.6599136590957642,2.940821886062622,-0.1984696090221405,-0.650531530380249,2.999696731567383,-0.3523247241973877,-0.6607288718223572,2.9720547199249268,-0.35110339522361755,-0.6528413891792297,3.0881903171539307,-0.2553413510322571,1.0265198945999146,3.12619686126709,-0.3817506432533264,0.9619650840759277,3.3095200061798096
-0.3367152512073517,0.11993801593780518,3.025505304336548,-0.32081517577171326,-0.06167425215244293,3.021254539489746,-0.30560287833213806,-0.24335622787475586,3.017493963241577,-0.29039013385772705,-0.42504364252090454,3.013733386993408,-0.24810145795345306,-0.42195555567741394,2.9875500202178955,-0.12108045816421509,-0.4096902906894684,2.9088118076324463,-0.11774324625730515,-0.13862183690071106,2.940563917160034,-0.15142610669136047,0.12016123533248901,2.912745714187622,-0.1581626832485199,0.1719178557395935,2.907181978225708,-0.17163582146167755,0.2754310965538025,2.896054744720459,-0.21801719069480896,0.2203821837902069,2.935307741165161,-0.3325134515762329,-0.4301064610481262,3.0398757457733154,-0.4595344662666321,-0.4423717260360718,3.1186139583587646,-0.48332640528678894,-0.1704757809638977,3.116617202758789,-0.522307813167572,0.08748775720596313,3.088115692138672,-0.5301041007041931,0.1390804648399353,3.0824153423309326,-0.5456966757774353,0.24226588010787964,3.071014881134033,-0.4844220280647278,0.1951105296611786,3.0437347888946533,-0.2518593668937683,0.12856635451316833,2.974266529083252,-0.27117836475372314,0.5561515092849731,3.022940158843994,-0.27867764234542847,0.9344229698181152,3.081921339035034,-0.3405527174472809,1.0429203510284424,2.999701976776123,-0.42157113552093506,0.11130966991186142,3.0767440795898438,-0.48195716738700867,0.5371327996253967,3.1012306213378906,-0.43433067202568054,0.8778977990150452,3.2692642211914062,-0.48479700088500977,1.0126245021820068,3.2284955978393555,-0.33513128757476807,-0.5672496557235718,2.9283344745635986,-0.3381465971469879,-0.6184790730476379,2.920611619949341,-0.295349657535553,-0.6593538522720337,2.930933713912964,-0.1959090232849121,-0.6500386595726013,2.990731716156006,-0.34946975111961365,-0.6608076691627502,2.9617085456848145,-0.34924930334091187,-0.6541577577590942,3.0779271125793457,-0.26055237650871277,1.0243476629257202,3.128988265991211,-0.40163305401802063,0.946577250957489,3.338865041732788
-0.3392014801502228,0.12037348747253418,3.0231363773345947,-0.3229418992996216,-0.06132008135318756,3.0179266929626465,-0.3072469234466553,-0.24307475984096527,3.0131330490112305,-0.29155147075653076,-0.42483487725257874,3.0083394050598145,-0.24909032881259918,-0.42147988080978394,2.9823975563049316,-0.12128722667694092,-0.408382385969162,2.9042372703552246,-0.11526092886924744,-0.1372908055782318,2.9360697269439697,-0.1479266881942749,0.12136322259902954,2.905284881591797,-0.1544598489999771,0.1730940341949463,2.899127960205078,-0.16752615571022034,0.2765556573867798,2.8868141174316406,-0.21429455280303955,0.22207823395729065,2.926452398300171,-0.33384203910827637,-0.4301653504371643,3.034229040145874,-0.46164512634277344,-0.44326284527778625,3.112389326095581,-0.48872438073158264,-0.1715899109840393,3.111488103866577,-0.5318968296051025,0.08565530180931091,3.081861734390259,-0.5405313372612,0.1371043473482132,3.0759365558624268,-0.55780029296875,0.24000242352485657,3.0640859603881836,-0.4955477714538574,0.19378942251205444,3.037341833114624,-0.25415998697280884,0.12944751977920532,2.9720869064331055,-0.27393099665641785,0.5559567213058472,3.0246658325195312,-0.2824934124946594,0.9332864880561829,3.086095094680786,-0.3443668484687805,1.042034387588501,3.0045793056488037,-0.4242429733276367,0.11129946261644363,3.074185848236084,-0.4938232898712158,0.5344743132591248,3.108055830001831,-0.4502620995044708,0.8683633804321289,3.28928804397583,-0.5020537972450256,1.0038583278656006,3.253819704055786,-0.33441612124443054,-0.5663831233978271,2.9209134578704834,-0.3370118737220764,-0.6175429224967957,2.9126033782958984,-0.2940670847892761,-0.6582527756690979,2.9229586124420166,-0.19535890221595764,-0.6489543318748474,2.9839580059051514,-0.3485134243965149,-0.6603878736495972,2.9531102180480957,-0.34962353110313416,-0.6550037264823914,3.069387912750244,-0.2647230625152588,1.0228137969970703,3.1337435245513916,-0.4184778034687042,0.9344947338104248,3.3615217208862305
-0.3421876132488251,0.1215592622756958,3.021881580352783,-0.32580867409706116,-0.06017790734767914,3.015721082687378,-0.3098612427711487,-0.24196437001228333,3.009892225265503,-0.293913334608078,-0.42375627160072327,3.004063129425049,-0.25127285718917847,-0.4201893210411072,2.9784014225006104,-0.12262853980064392,-0.40641942620277405,2.900918960571289,-0.11360476911067963,-0.13538053631782532,2.9326462745666504,-0.14499889314174652,0.12302830815315247,2.8985133171081543,-0.15127772092819214,0.17471008002758026,2.8916866779327393,-0.16383537650108337,0.27807360887527466,2.878033399581909,-0.2110479772090912,0.22428271174430847,2.9180917739868164,-0.3363804519176483,-0.42929911613464355,3.0296616554260254,-0.46502476930618286,-0.4430690109729767,3.1071441173553467,-0.49714115262031555,-0.17195338010787964,3.1110177040100098,-0.5453052520751953,0.08483904600143433,3.0852560997009277,-0.5549380779266357,0.1361975371837616,3.080103874206543,-0.5742037296295166,0.23891451954841614,3.0697991847991943,-0.5109276175498962,0.19437271356582642,3.0426084995269775,-0.25685152411460876,0.1309680938720703,2.971200466156006,-0.27642083168029785,0.556664228439331,3.027493476867676,-0.28537774085998535,0.9332618117332458,3.091402769088745,-0.3468985855579376,1.0424531698226929,3.0104339122772217,-0.4275237023830414,0.11215042322874069,3.0725626945495605,-0.5039241313934326,0.5330614447593689,3.1145858764648438,-0.4653935432434082,0.8618869781494141,3.3053202629089355,-0.5183740854263306,0.9976527094841003,3.2733161449432373,-0.3349003493785858,-0.5646571516990662,2.914712905883789,-0.3371143341064453,-0.6157451868057251,2.9058687686920166,-0.29408547282218933,-0.6563284397125244,2.916370153427124,-0.1962113380432129,-0.6471132636070251,2.978710889816284,-0.3488977551460266,-0.659048318862915,2.945803165435791,-0.35151275992393494,-0.6548197269439697,3.0621039867401123,-0.2678564190864563,1.0223971605300903,3.139695405960083,-0.4348898231983185,0.9262402057647705,3.3795664310455322
-0.34893304109573364,0.12315383553504944,3.0158121585845947,-0.33289629220962524,-0.05869263410568237,3.00765061378479,-0.31714582443237305,-0.24057474732398987,2.999729633331299,-0.30139487981796265,-0.4224623143672943,2.9918084144592285,-0.25800153613090515,-0.41863900423049927,2.9673924446105957,-0.12644967436790466,-0.4040227234363556,2.893357038497925,-0.11334101110696793,-0.1331314742565155,2.926487684249878,-0.1441269814968109,0.12435644865036011,2.8843955993652344,-0.15028417110443115,0.17585402727127075,2.8759772777557373,-0.16259856522083282,0.27884918451309204,2.859140396118164,-0.21078908443450928,0.22607511281967163,2.8994996547698975,-0.34461700916290283,-0.42826253175735474,3.0161383152008057,-0.4761688709259033,-0.4428788125514984,3.0901737213134766,-0.5181984305381775,-0.17373976111412048,3.1113688945770264,-0.5730215907096863,0.08312702178955078,3.1055870056152344,-0.583986222743988,0.1345003843307495,3.104430675506592,-0.6059154868125916,0.23724709451198578,3.1021180152893066,-0.5408868789672852,0.19672441482543945,3.0726985931396484,-0.2621380090713501,0.1329810917377472,2.9673969745635986,-0.28353551030158997,0.5575600266456604,3.0287163257598877,-0.295450896024704,0.9332588911056519,3.0956077575683594,-0.355096697807312,1.042886734008789,3.0140390396118164,-0.4357280731201172,0.11332657933235168,3.064227342605591,-0.5239644646644592,0.5293450355529785,3.1244616508483887,-0.502334475517273,0.8506993651390076,3.3294730186462402,-0.5582132935523987,0.9859781265258789,3.3010733127593994,-0.33770519495010376,-0.5617997646331787,2.8981969356536865,-0.3392135798931122,-0.6127021908760071,2.8882999420166016,-0.296404093503952,-0.6532166600227356,2.8997998237609863,-0.20128977298736572,-0.6446422934532166,2.966291904449463,-0.35234972834587097,-0.6568211317062378,2.926865339279175,-0.35980236530303955,-0.654854953289032,3.0429775714874268,-0.2795407474040985,1.021949291229248,3.145094394683838,-0.47649821639060974,0.9127245545387268,3.4072766304016113
-0.35292407870292664,0.12434107065200806,3.013054370880127,-0.33826708793640137,-0.05765436589717865,3.003909111022949,-0.3238063454627991,-0.2396739274263382,2.9949331283569336,-0.30934515595436096,-0.4216989278793335,2.985956907272339,-0.2656550705432892,-0.4180446267127991,2.9620044231414795,-0.1329704076051712,-0.4039170742034912,2.889279365539551,-0.11766321212053299,-0.13331666588783264,2.924649715423584,-0.14770306646823883,0.12400433421134949,2.88041090965271,-0.15371103584766388,0.1754685342311859,2.871563196182251,-0.16572697460651398,0.27839693427085876,2.853867769241333,-0.21444851160049438,0.22593191266059875,2.894057273864746,-0.35287806391716003,-0.4273316264152527,3.0098118782043457,-0.4855627417564392,-0.44145917892456055,3.0825369358062744,-0.5349770188331604,-0.1749960482120514,3.118112325668335,-0.5941943526268005,0.08075419068336487,3.1307098865509033,-0.6060377955436707,0.1319042444229126,3.1332294940948486,-0.6297247409820557,0.23420435190200806,3.13826847076416,-0.5639164447784424,0.19700393080711365,3.106221914291382,-0.26547402143478394,0.13376906514167786,2.965587615966797,-0.2895810902118683,0.5575505495071411,3.0302534103393555,-0.3037813603878021,0.9323865175247192,3.1006693840026855,-0.36284324526786804,1.0425490140914917,3.0194942951202393,-0.44037413597106934,0.11491308361291885,3.060521125793457,-0.5264061689376831,0.5304727554321289,3.1258068084716797,-0.5101887583732605,0.8529411554336548,3.3293092250823975,-0.5660300850868225,0.9877728819847107,3.2990498542785645,-0.3440825641155243,-0.5599744319915771,2.890275716781616,-0.34548747539520264,-0.6107580661773682,2.879836082458496,-0.3029863238334656,-0.6514585018157959,2.891737699508667,-0.20917385816574097,-0.6437429189682007,2.9601070880889893,-0.35943278670310974,-0.6552301645278931,2.9176814556121826,-0.3691054880619049,-0.6544294357299805,3.0336146354675293,-0.28882747888565063,1.020611047744751,3.1511998176574707,-0.4861691892147064,0.9154866933822632,3.4072299003601074
-0.3560081720352173,0.12536543607711792,3.0086851119995117,-0.3426995575428009,-0.056758761405944824,2.99863338470459,-0.32944416999816895,-0.2388913631439209,2.988663673400879,-0.31618836522102356,-0.4210294485092163,2.978693723678589,-0.272237628698349,-0.4175403118133545,2.955155611038208,-0.13864445686340332,-0.4039037823677063,2.8836565017700195,-0.12233319878578186,-0.13369587063789368,2.9219624996185303,-0.15155521035194397,0.12384819984436035,2.8781020641326904,-0.15739960968494415,0.17535701394081116,2.8693299293518066,-0.1690884232521057,0.27837464213371277,2.851785659790039,-0.2183542251586914,0.2258407175540924,2.8912556171417236,-0.359995037317276,-0.426498144865036,3.0021233558654785,-0.4935882091522217,-0.4401346743106842,3.073622465133667,-0.549501359462738,-0.17682939767837524,3.121474027633667,-0.6122868061065674,0.07677978277206421,3.1505770683288574,-0.6248438954353333,0.12750162184238434,3.156397581100464,-0.649958074092865,0.2289452850818634,3.168038845062256,-0.5835230946540833,0.19481274485588074,3.133889675140381,-0.2680169939994812,0.1343722939491272,2.961994171142578,-0.29452142119407654,0.5573374032974243,3.0302438735961914,-0.3103145360946655,0.9311496019363403,3.105098247528076,-0.3688576817512512,1.0421345233917236,3.0247414112091064,-0.44399935007095337,0.11635857075452805,3.0553760528564453,-0.5255369544029236,0.5325015187263489,3.1219844818115234,-0.5120187997817993,0.8579408526420593,3.3207170963287354,-0.5671696066856384,0.9923288822174072,3.287544012069702,-0.3493923246860504,-0.5586214661598206,2.8815817832946777,-0.3506779372692108,-0.6093229651451111,2.870806932449341,-0.3084607422351837,-0.6501450538635254,2.883204936981201,-0.21589456498622894,-0.6429883241653442,2.953256368637085,-0.36534789204597473,-0.6539955139160156,2.908111095428467,-0.37707486748695374,-0.6538980007171631,3.0238234996795654,-0.2960645258426666,1.0187586545944214,3.1568353176116943,-0.4891291558742523,0.9216246604919434,3.3980190753936768
-0.35854649543762207,0.1261245608329773,3.0036628246307373,-0.346553236246109,-0.05609488487243652,2.992753028869629,-0.3344707489013672,-0.23830823600292206,2.981839895248413,-0.3223879039287567,-0.42052704095840454,2.970926523208618,-0.27823635935783386,-0.41720709204673767,2.947711229324341,-0.14400501549243927,-0.40408360958099365,2.877206802368164,-0.128097265958786,-0.13438823819160461,2.919295072555542,-0.15778644382953644,0.12344634532928467,2.877345323562622,-0.16372427344322205,0.17501325905323029,2.868955373764038,-0.17559994757175446,0.2781471014022827,2.85217547416687,-0.22502118349075317,0.2251260131597519,2.8908071517944336,-0.3664081394672394,-0.4258274435997009,2.994023084640503,-0.5006394982337952,-0.43895092606544495,3.0645275115966797,-0.5621866583824158,-0.17877227067947388,3.121790885925293,-0.6282169818878174,0.07220301032066345,3.163877487182617,-0.6414230465888977,0.12239806354045868,3.172294855117798,-0.6678351759910583,0.22278818488121033,3.189129590988159,-0.6008701920509338,0.19130238890647888,3.1534862518310547,-0.27010399103164673,0.13470271229743958,2.957613468170166,-0.2981509268283844,0.5569233298301697,3.0294835567474365,-0.3145655691623688,0.9296654462814331,3.1091837882995605,-0.37251919507980347,1.0416957139968872,3.0298852920532227,-0.4469889998435974,0.11754640936851501,3.0497121810913086,-0.5222700238227844,0.5350396633148193,3.1149370670318604,-0.5094107389450073,0.8647173047065735,3.3065240383148193,-0.5633710026741028,0.9986138343811035,3.2696778774261475,-0.35512590408325195,-0.5577311515808105,2.8731892108917236,-0.35651296377182007,-0.6083902716636658,2.8622937202453613,-0.3146187663078308,-0.6494100093841553,2.875053644180298,-0.22280727326869965,-0.6428043842315674,2.9460947513580322,-0.3717721104621887,-0.6530665755271912,2.8993306159973145,-0.38474175333976746,-0.6531646847724915,3.0148799419403076,-0.3007192313671112,1.0165693759918213,3.1621832847595215,-0.4871375560760498,0.9299776554107666,3.3826684951782227
-0.3613895773887634,0.12717145681381226,2.9983861446380615,-0.35083669424057007,-0.055120691657066345,2.9867923259735107,-0.3400947153568268,-0.23739811778068542,2.9751408100128174,-0.32935240864753723,-0.41968101263046265,2.963488817214966,-0.28505033254623413,-0.4165996313095093,2.9405136108398438,-0.15032754838466644,-0.4042004644870758,2.87074613571167,-0.1348395049571991,-0.13503703474998474,2.9169254302978516,-0.16507050395011902,0.12324872612953186,2.8775415420532227,-0.17111670970916748,0.17490588128566742,2.8696646690368652,-0.1832091063261032,0.27822017669677734,2.8539111614227295,-0.23270797729492188,0.22462493181228638,2.891713857650757,-0.37353774905204773,-0.42474353313446045,2.986337661743164,-0.5082605481147766,-0.4371426999568939,3.056105136871338,-0.5730313062667847,-0.17898604273796082,3.119202136993408,-0.6405823230743408,0.07011748850345612,3.169806718826294,-0.65409255027771,0.1199381947517395,3.1799275875091553,-0.6811129450798035,0.21957960724830627,3.200169324874878,-0.6138517260551453,0.1897009015083313,3.1636343002319336,-0.272575318813324,0.13520921766757965,2.9528467655181885,-0.30111801624298096,0.556808352470398,3.028318405151367,-0.3171067237854004,0.9284918308258057,3.113060235977173,-0.37434297800064087,1.0417554378509521,3.034976005554199,-0.4502038359642029,0.11913369596004486,3.0439255237579346,-0.5179423689842224,0.5384120941162109,3.10616397857666,-0.5041608214378357,0.8729499578475952,3.2891390323638916,-0.5565915107727051,1.0062859058380127,3.248220920562744,-0.3626164197921753,-0.5567609667778015,2.8658201694488525,-0.3643284738063812,-0.6074144840240479,2.854998826980591,-0.32281821966171265,-0.6487183570861816,2.868032693862915,-0.23134179413318634,-0.6426906585693359,2.9395148754119873,-0.38010767102241516,-0.6519063115119934,2.8920187950134277,-0.3936619162559509,-0.6517232656478882,3.0074753761291504,-0.3033575415611267,1.014631748199463,3.1673355102539062,-0.4820900559425354,0.9400172233581543,3.3637702465057373
-0.36323583126068115,0.12832948565483093,2.9934945106506348,-0.3540625274181366,-0.054000288248062134,2.9813172817230225,-0.34467437863349915,-0.23631404340267181,2.969064235687256,-0.3352859318256378,-0.41863325238227844,2.956810712814331,-0.2908954620361328,-0.41581034660339355,2.9339728355407715,-0.15580931305885315,-0.4041914641857147,2.864596366882324,-0.14144015312194824,-0.1355978548526764,2.9150948524475098,-0.17355790734291077,0.12296277284622192,2.8781721591949463,-0.17998145520687103,0.1746748983860016,2.8707876205444336,-0.19282856583595276,0.2780991494655609,2.856018543243408,-0.24199265241622925,0.2237464189529419,2.8932652473449707,-0.37957438826560974,-0.4234377145767212,2.979515790939331,-0.5146605372428894,-0.4350565969944,3.0488922595977783,-0.5805647373199463,-0.17775779962539673,3.114870071411133,-0.6485276818275452,0.07052884995937347,3.1694889068603516,-0.6621202826499939,0.12018617987632751,3.180412769317627,-0.6893054842948914,0.2195008397102356,3.2022602558135986,-0.6218977570533752,0.19028809666633606,3.1653621196746826,-0.27415013313293457,0.13582883775234222,2.9483165740966797,-0.3040473461151123,0.5567868947982788,3.0273656845092773,-0.3204153776168823,0.9273955821990967,3.1170272827148438,-0.37729835510253906,1.0417299270629883,3.040184259414673,-0.45232152938842773,0.12083014100790024,3.03867244720459,-0.5122682452201843,0.541969358921051,3.0969512462615967,-0.49670153856277466,0.8815257549285889,3.270493984222412,-0.5476123690605164,1.0141452550888062,3.225405216217041,-0.3702840507030487,-0.5553323030471802,2.859279155731201,-0.37258198857307434,-0.6059557199478149,2.8484785556793213,-0.3315114378929138,-0.6477050185203552,2.861427068710327,-0.23983003199100494,-0.6426743268966675,2.932682752609253,-0.3887653648853302,-0.6502505540847778,2.8855397701263428,-0.40204954147338867,-0.6498866677284241,3.001002073287964,-0.3069103956222534,1.0128203630447388,3.1725287437438965,-0.4745423495769501,0.950504720211029,3.3433711528778076
-0.36562472581863403,0.12961101531982422,2.988996744155884,-0.35783806443214417,-0.05275784432888031,2.9763035774230957,-0.34982043504714966,-0.23511095345020294,2.9635279178619385,-0.34180256724357605,-0.41746950149536133,2.950752019882202,-0.29736608266830444,-0.41491711139678955,2.9279656410217285,-0.1620347648859024,-0.40411514043807983,2.858713388442993,-0.1493275910615921,-0.13609671592712402,2.913252592086792,-0.18396475911140442,0.12253719568252563,2.878286838531494,-0.19089218974113464,0.17426398396492004,2.871293783187866,-0.2047470510005951,0.27771756052970886,2.8573074340820312,-0.2534421384334564,0.22256779670715332,2.8940813541412354,-0.38615188002586365,-0.42200392484664917,2.9733994007110596,-0.5214831829071045,-0.4328058958053589,3.042651653289795,-0.5864121317863464,-0.17536091804504395,3.109555721282959,-0.6533620357513428,0.07310883700847626,3.165182590484619,-0.6667520403862,0.12280278652906418,3.1763079166412354,-0.6935319900512695,0.22219067811965942,3.1985585689544678,-0.6261847019195557,0.1928216814994812,3.161587953567505,-0.2763916254043579,0.1365547925233841,2.943972110748291,-0.3073006570339203,0.5570778846740723,3.0256242752075195,-0.3243665099143982,0.9270871877670288,3.118089437484741,-0.3811819553375244,1.0419737100601196,3.041934013366699,-0.45485782623291016,0.12266723066568375,3.0340213775634766,-0.5069461464881897,0.5455154180526733,3.088320016860962,-0.4886613190174103,0.8895429372787476,3.252815008163452,-0.5380813479423523,1.021442174911499,3.2039601802825928,-0.37912213802337646,-0.5537422299385071,2.8535244464874268,-0.38209065794944763,-0.6043297648429871,2.8427517414093018,-0.341417521238327,-0.646547794342041,2.8553946018218994,-0.2491593211889267,-0.6425795555114746,2.9259445667266846,-0.39850565791130066,-0.6484241485595703,2.879936933517456,-0.4109089970588684,-0.647895872592926,2.995481252670288,-0.31111663579940796,1.0121281147003174,3.1742963790893555,-0.4660930335521698,0.9602523446083069,3.3239316940307617
-0.367971807718277,0.1304267942905426,2.986137628555298,-0.3616631329059601,-0.05201615393161774,2.973356008529663,-0.35504746437072754,-0.23444002866744995,2.9604580402374268,-0.3484315872192383,-0.4168693721294403,2.9475595951080322,-0.3039965331554413,-0.4146409332752228,2.924722909927368,-0.1685803383588791,-0.4048205018043518,2.8552849292755127,-0.15817134082317352,-0.13713541626930237,2.912409543991089,-0.19647443294525146,0.12111538648605347,2.8776824474334717,-0.20413504540920258,0.1727655529975891,2.870737075805664,-0.219456285238266,0.2760658860206604,2.8568460941314697,-0.26733383536338806,0.22019736468791962,2.893678665161133,-0.39279472827911377,-0.4210805892944336,2.9702563285827637,-0.5282109379768372,-0.4309009909629822,3.039694309234619,-0.5905344486236572,-0.17244139313697815,3.1055829524993896,-0.6554182767868042,0.07707779109477997,3.159405469894409,-0.6683950424194336,0.12698163092136383,3.1701700687408447,-0.6943485736846924,0.22678931057453156,3.1916990280151367,-0.6272627115249634,0.19657999277114868,3.154860496520996,-0.2787334620952606,0.13667453825473785,2.9410037994384766,-0.3098798990249634,0.5569989085197449,3.0241873264312744,-0.32756271958351135,0.9269382953643799,3.117241621017456,-0.3845200538635254,1.04188871383667,3.0412094593048096,-0.45721015334129333,0.12417905777692795,3.031271457672119,-0.4994123578071594,0.5487857460975647,3.081174850463867,-0.47578930854797363,0.8966836333274841,3.236854076385498,-0.5231701135635376,1.0280741453170776,3.184602737426758,-0.38847675919532776,-0.552962064743042,2.851189613342285,-0.39217323064804077,-0.603538453578949,2.840609312057495,-0.3518720865249634,-0.6462019681930542,2.8529233932495117,-0.25878816843032837,-0.643134355545044,2.922412157058716,-0.4086935818195343,-0.6473182439804077,2.8781111240386963,-0.41978245973587036,-0.6462972164154053,2.9937775135040283,-0.31447121500968933,1.0119346380233765,3.1736037731170654,-0.4521213471889496,0.9688527584075928,3.306164264678955
-0.3773047924041748,0.12933573126792908,2.984294891357422,-0.3728953003883362,-0.05320999026298523,2.971385955810547,-0.3680271506309509,-0.23573088645935059,2.958292245864868,-0.36315885186195374,-0.4182572364807129,2.9451980590820312,-0.31885629892349243,-0.4164119362831116,2.9220385551452637,-0.18374930322170258,-0.40775421261787415,2.8515853881835938,-0.17727360129356384,-0.1404302716255188,2.911580801010132,-0.2225571870803833,0.11652988195419312,2.8747262954711914,-0.2316139042377472,0.16792191565036774,2.8673553466796875,-0.24972733855247498,0.2707059979438782,2.8526134490966797,-0.2959984242916107,0.21388781070709229,2.890133857727051,-0.40740853548049927,-0.4220864176750183,2.968215227127075,-0.5425155162811279,-0.43074414134025574,3.038668394088745,-0.596098005771637,-0.16928201913833618,3.100877046585083,-0.6535857915878296,0.08326470851898193,3.149381399154663,-0.6650833487510681,0.1337740570306778,3.1590821743011475,-0.6880784630775452,0.23479275405406952,3.1784839630126953,-0.6221311092376709,0.20185329020023346,3.141836643218994,-0.2883163094520569,0.13472630083560944,2.9384634494781494,-0.314914345741272,0.5550943613052368,3.0241215229034424,-0.33178475499153137,0.9262889623641968,3.113051414489746,-0.38898634910583496,1.0404845476150513,3.035921335220337,-0.4662932753562927,0.12394515424966812,3.0301263332366943,-0.48471134901046753,0.5515434741973877,3.0698065757751465,-0.447007954120636,0.9070851802825928,3.2045178413391113,-0.48998740315437317,1.0369017124176025,3.144834041595459,-0.4095149040222168,-0.5523813962936401,2.8489725589752197,-0.4147079885005951,-0.6027376651763916,2.8380393981933594,-0.37499183416366577,-0.6464006304740906,2.8485465049743652,-0.279569149017334,-0.6461252570152283,2.914807081222534,-0.43091773986816406,-0.6465182304382324,2.875652313232422,-0.4380258619785309,-0.6464584469795227,2.991607189178467,-0.3183410167694092,1.0119552612304688,3.1684048175811768,-0.4201136827468872,0.9823269248008728,3.2693161964416504
-0.3828407824039459,0.1263585090637207,2.986175298690796,-0.3795308470726013,-0.05628037452697754,2.97409987449646,-0.37576985359191895,-0.23889918625354767,2.9618542194366455,-0.372008740901947,-0.42152345180511475,2.949608087539673,-0.3281688094139099,-0.4200049638748169,2.9255542755126953,-0.19444572925567627,-0.4123423099517822,2.8523526191711426,-0.1902531385421753,-0.14469414949417114,2.9113478660583496,-0.24012872576713562,0.11124104261398315,2.8729445934295654,-0.25010383129119873,0.162428081035614,2.8652639389038086,-0.27005407214164734,0.26480215787887573,2.849902629852295,-0.31482553482055664,0.20761480927467346,2.8886959552764893,-0.4158077836036682,-0.42502689361572266,2.9735288619995117,-0.5495308637619019,-0.4326895475387573,3.0467305183410645,-0.5898502469062805,-0.16718459129333496,3.10163950920105,-0.6359312534332275,0.08928811550140381,3.1411802768707275,-0.645147442817688,0.14058265089988708,3.1490883827209473,-0.6635798215866089,0.24317173659801483,3.164904832839966,-0.599869430065155,0.2061074674129486,3.1282029151916504,-0.2947655916213989,0.1311069130897522,2.9384984970092773,-0.3145678639411926,0.5521057844161987,3.0235767364501953,-0.3273729681968689,0.9246665239334106,3.107867956161499,-0.38539230823516846,1.0382331609725952,3.030329942703247,-0.4709159731864929,0.1216101124882698,3.0338521003723145,-0.474081426858902,0.5503727197647095,3.0658376216888428,-0.4245266020298004,0.9092752933502197,3.1875083446502686,-0.4655357003211975,1.0381126403808594,3.124302864074707,-0.4244900941848755,-0.5540202260017395,2.854365825653076,-0.43096277117729187,-0.6041768789291382,2.843268871307373,-0.39159059524536133,-0.648555338382721,2.8517870903015137,-0.2935606837272644,-0.6503928899765015,2.9140374660491943,-0.44633328914642334,-0.6479909420013428,2.881166696548462,-0.44866493344306946,-0.6487938165664673,2.9972798824310303,-0.31230154633522034,1.0109978914260864,3.161811113357544,-0.3943386375904083,0.9859637022018433,3.249133825302124
-0.38843396306037903,0.1236291229724884,2.9886109828948975,-0.3857690989971161,-0.059062689542770386,2.9775619506835938,-0.3826281428337097,-0.24173679947853088,2.966346025466919,-0.3794870972633362,-0.42441636323928833,2.955129861831665,-0.3362480103969574,-0.4231274724006653,2.93001127243042,-0.20437736809253693,-0.4161660969257355,2.853560447692871,-0.20286773145198822,-0.1480303704738617,2.9106593132019043,-0.25689029693603516,0.10700508952140808,2.8715760707855225,-0.2676948010921478,0.15801218152046204,2.8637595176696777,-0.28930383920669556,0.26002636551856995,2.848126173019409,-0.33260586857795715,0.2024819701910019,2.8880724906921387,-0.42269203066825867,-0.4276908040046692,2.98012638092041,-0.5545626878738403,-0.434652179479599,3.056577205657959,-0.5809088945388794,-0.16567695140838623,3.1025938987731934,-0.6148950457572937,0.09407013654708862,3.132012128829956,-0.6216922998428345,0.14601954817771912,3.1378958225250244,-0.6352867484092712,0.2499183863401413,3.149662971496582,-0.5742735862731934,0.20855563879013062,3.1129391193389893,-0.3015524744987488,0.12791411578655243,2.9387147426605225,-0.3143700063228607,0.5495001673698425,3.0227131843566895,-0.3217862546443939,0.9229253530502319,3.104173421859741,-0.38080403208732605,1.036386489868164,3.0271708965301514,-0.4753154516220093,0.11934413015842438,3.0385072231292725,-0.4664311110973358,0.5485457181930542,3.0642340183258057,-0.4068760871887207,0.9095556735992432,3.1749684810638428,-0.4470512568950653,1.037501573562622,3.1093809604644775,-0.4376803934574127,-0.5554218292236328,2.8612632751464844,-0.44527456164360046,-0.6053838133811951,2.850085496902466,-0.4061774015426636,-0.6503139138221741,2.856590509414673,-0.3056625425815582,-0.6539016962051392,2.914578676223755,-0.4595927894115448,-0.6492811441421509,2.8882644176483154,-0.4570060670375824,-0.6509754657745361,3.0043210983276367,-0.304585725069046,1.0095800161361694,3.156994342803955,-0.3736326992511749,0.9872437119483948,3.2337424755096436
-0.39361274242401123,0.12139436602592468,2.9908623695373535,-0.39124631881713867,-0.06132495403289795,2.9810690879821777,-0.3883768320083618,-0.2440282702445984,2.9711129665374756,-0.3855072557926178,-0.42673707008361816,2.9611566066741943,-0.3430384397506714,-0.4256284236907959,2.9347732067108154,-0.21361306309700012,-0.41922158002853394,2.8545045852661133,-0.2148715704679489,-0.1505424976348877,2.909189224243164,-0.2726631462574005,0.10380998253822327,2.870803117752075,-0.28422147035598755,0.15468047559261322,2.863125801086426,-0.30733808875083923,0.2564214766025543,2.847771406173706,-0.34903475642204285,0.19849663972854614,2.888882875442505,-0.4279448688030243,-0.42983150482177734,2.987431526184082,-0.5573702454566956,-0.4362383484840393,3.067700147628784,-0.5691795349121094,-0.16449275612831116,3.10227370262146,-0.5906365513801575,0.09772342443466187,3.1193270683288574,-0.594927966594696,0.15016666054725647,3.1227376461029053,-0.6035107970237732,0.2550531327724457,3.12955904006958,-0.5456575751304626,0.20914211869239807,3.0931005477905273,-0.3082795739173889,0.12531590461730957,2.9383153915405273,-0.3125377297401428,0.5474265813827515,3.020937442779541,-0.3118921220302582,0.921201229095459,3.101449966430664,-0.37175843119621277,1.0353262424468994,3.026047468185425,-0.47894591093063354,0.1174728274345398,3.0434093475341797,-0.46104198694229126,0.5467513203620911,3.0639376640319824,-0.3934859037399292,0.9092734456062317,3.1649529933929443,-0.4340417683124542,1.0363430976867676,3.0978519916534424,-0.4489414095878601,-0.5570670366287231,2.8698372840881348,-0.45742127299308777,-0.6069361567497253,2.85892915725708,-0.41841796040534973,-0.652165949344635,2.863544464111328,-0.31539300084114075,-0.6566399335861206,2.916832447052002,-0.4703018069267273,-0.6508007049560547,2.897636651992798,-0.4623972177505493,-0.6527717709541321,3.0134270191192627,-0.29172149300575256,1.0077511072158813,3.153421640396118,-0.3574485778808594,0.9877576231956482,3.220991849899292
-0.39890092611312866,0.1197538673877716,2.9924023151397705,-0.39653316140174866,-0.06297998130321503,2.983954906463623,-0.393720805644989,-0.24570171535015106,2.9753828048706055,-0.3909083902835846,-0.4284289479255676,2.966810464859009,-0.349371075630188,-0.4274805188179016,2.9390034675598145,-0.2229565978050232,-0.4215698540210724,2.8544869422912598,-0.22652345895767212,-0.1523045003414154,2.906273126602173,-0.28704461455345154,0.10172775387763977,2.869805097579956,-0.2991488575935364,0.15253420174121857,2.862511396408081,-0.32335731387138367,0.25414711236953735,2.84792423248291,-0.3634668290615082,0.19592222571372986,2.8901941776275635,-0.43241509795188904,-0.4313633441925049,2.9945240020751953,-0.5588295459747314,-0.4372740089893341,3.07904052734375,-0.557458221912384,-0.16391482949256897,3.1007485389709473,-0.567808985710144,0.09953448176383972,3.1042747497558594,-0.5698791146278381,0.1522243469953537,3.104979991912842,-0.5740194320678711,0.25760406255722046,3.1063904762268066,-0.5194433331489563,0.20744872093200684,3.0704524517059326,-0.3154436945915222,0.12340062856674194,2.9369077682495117,-0.31265318393707275,0.5459774136543274,3.0174965858459473,-0.3041042685508728,0.9196884632110596,3.0981063842773438,-0.36521583795547485,1.0346770286560059,3.0250091552734375,-0.4823581576347351,0.11610710620880127,3.0478968620300293,-0.4579394459724426,0.5453027486801147,3.0642783641815186,-0.3840330243110657,0.9088844060897827,3.156891345977783,-0.4259032607078552,1.0352030992507935,3.089136838912964,-0.45958802103996277,-0.5584914088249207,2.878993034362793,-0.46888822317123413,-0.6083204746246338,2.8685991764068604,-0.4299626052379608,-0.6537652611732483,2.8713150024414062,-0.3244234323501587,-0.6587680578231812,2.919360637664795,-0.4800550639629364,-0.6520612835884094,2.9079670906066895,-0.46635207533836365,-0.6539402008056641,3.0232088565826416,-0.2808840870857239,1.0059292316436768,3.1493420600891113,-0.3454408049583435,0.9879720211029053,3.2103471755981445
-0.40351468324661255,0.11732298135757446,2.993466377258301,-0.40096887946128845,-0.06544092297554016,2.986522674560547,-0.39806434512138367,-0.24819667637348175,2.9795055389404297,-0.3951597213745117,-0.4309579133987427,2.9724881649017334,-0.3547198474407196,-0.4301823377609253,2.943117380142212,-0.23185792565345764,-0.4248065650463104,2.853965997695923,-0.2385171502828598,-0.15490129590034485,2.902122974395752,-0.30159735679626465,0.09892880916595459,2.8685202598571777,-0.3142133951187134,0.14969483017921448,2.861799716949463,-0.33944547176361084,0.25122687220573425,2.848358631134033,-0.37779292464256287,0.19265469908714294,2.8917829990386963,-0.43556803464889526,-0.43371981382369995,3.0017826557159424,-0.5584299564361572,-0.4390955865383148,3.0909340381622314,-0.546079695224762,-0.16524317860603333,3.0989723205566406,-0.5475727319717407,0.09824234247207642,3.088430404663086,-0.5478713512420654,0.1509394347667694,3.086322069168091,-0.5484685301780701,0.2563336491584778,3.0821053981781006,-0.4971078038215637,0.20243068039417267,3.046842575073242,-0.3223181664943695,0.1206861063838005,2.9347152709960938,-0.3145254850387573,0.5438461899757385,3.0122809410095215,-0.2983670234680176,0.9171843528747559,3.0937812328338623,-0.3611457645893097,1.0331645011901855,3.023668050765991,-0.4847111999988556,0.11395985633134842,3.052217483520508,-0.45650583505630493,0.5431060791015625,3.0656204223632812,-0.37821251153945923,0.9076056480407715,3.151031017303467,-0.42242181301116943,1.0332642793655396,3.083474636077881,-0.4691786468029022,-0.5606227517127991,2.8885388374328613,-0.47931116819381714,-0.6103938817977905,2.8786845207214355,-0.4405674338340759,-0.6560620665550232,2.879347085952759,-0.33265870809555054,-0.6616741418838501,2.921696901321411,-0.48861902952194214,-0.6540538668632507,2.9186129570007324,-0.4688049852848053,-0.6559842228889465,3.032949924468994,-0.27205461263656616,1.0029703378677368,3.1443190574645996,-0.33737829327583313,0.9872192740440369,3.2020201683044434
-0.40642163157463074,0.11494725942611694,2.99276065826416,-0.4036076068878174,-0.06785129010677338,2.9873244762420654,-0.4005458354949951,-0.25064605474472046,2.9818949699401855,-0.3974839746952057,-0.4334462881088257,2.9764652252197266,-0.3583441972732544,-0.4328620433807373,2.9453842639923096,-0.23969437181949615,-0.4280775189399719,2.8512139320373535,-0.25032058358192444,-0.15763184428215027,2.8956000804901123,-0.3157057762145996,0.09615504741668701,2.8661768436431885,-0.3287828266620636,0.14691242575645447,2.8602921962738037,-0.3549368977546692,0.24842718243598938,2.848522901535034,-0.3913465142250061,0.18939322233200073,2.8929896354675293,-0.43659043312072754,-0.43601733446121216,3.0074870586395264,-0.555240273475647,-0.44080185890197754,3.1016573905944824,-0.5357138514518738,-0.1672697365283966,3.096881628036499,-0.5322248935699463,0.09536805748939514,3.073260545730591,-0.5315271019935608,0.14789561927318573,3.0685362815856934,-0.5301315188407898,0.2529507279396057,3.0590879917144775,-0.48155471682548523,0.19621598720550537,3.0243113040924072,-0.3279210031032562,0.11800828576087952,2.93046498298645,-0.3172280192375183,0.5417949557304382,3.00472354888916,-0.29394957423210144,0.9144923686981201,3.0878167152404785,-0.3588172495365143,1.0315252542495728,3.0213801860809326,-0.48492226004600525,0.11188623309135437,3.05505633354187,-0.4547314941883087,0.5410504341125488,3.066477060317993,-0.373443067073822,0.9064197540283203,3.1455156803131104,-0.4207382798194885,1.0314921140670776,3.0788943767547607,-0.476997971534729,-0.5624327659606934,2.896674394607544,-0.48803725838661194,-0.6121047735214233,2.8873682022094727,-0.44967490434646606,-0.6580570936203003,2.885864496231079,-0.3396624028682709,-0.6645306348800659,2.922179698944092,-0.4954584538936615,-0.6557229161262512,2.92771577835083,-0.46938246488571167,-0.6579171419143677,3.0407588481903076,-0.2645675241947174,0.9997138977050781,3.137660026550293,-0.3305818438529968,0.9865187406539917,3.1940689086914062
-0.40858495235443115,0.1126241385936737,2.9891679286956787,-0.4053284227848053,-0.07020010054111481,2.9850614070892334,-0.40199804306030273,-0.25302618741989136,2.9810996055603027,-0.398667573928833,-0.43585774302482605,2.977137565612793,-0.3610745668411255,-0.4354535937309265,2.9442007541656494,-0.24743834137916565,-0.4312264323234558,2.844655990600586,-0.26432740688323975,-0.16063758730888367,2.8862457275390625,-0.33357056975364685,0.09276872873306274,2.8628358840942383,-0.34741920232772827,0.14344999194145203,2.858153820037842,-0.3751164674758911,0.2448125183582306,2.848789930343628,-0.40882164239883423,0.18490098416805267,2.894214391708374,-0.4362243711948395,-0.4382491111755371,3.0100314617156982,-0.5498605966567993,-0.4424762725830078,3.1095762252807617,-0.5256511569023132,-0.1697801649570465,3.092723846435547,-0.5196409225463867,0.09147101640701294,3.0570998191833496,-0.5184388756752014,0.14372125267982483,3.0499749183654785,-0.5160347819328308,0.2482217252254486,3.0357253551483154,-0.4700410068035126,0.18920862674713135,3.0012168884277344,-0.33329617977142334,0.115450419485569,2.9230453968048096,-0.3233678638935089,0.5397217869758606,2.9952001571655273,-0.29500773549079895,0.9114913940429688,3.081233501434326,-0.36282116174697876,1.0294294357299805,3.019420862197876,-0.48387372493743896,0.10979785770177841,3.055290460586548,-0.45295536518096924,0.539033830165863,3.0658552646636963,-0.3696292042732239,0.9051974415779114,3.1393373012542725,-0.4206417202949524,1.029786229133606,3.0744974613189697,-0.48362815380096436,-0.5639467239379883,2.9018044471740723,-0.49560239911079407,-0.6134818196296692,2.8930716514587402,-0.45780637860298157,-0.6597415804862976,2.889354944229126,-0.3460385799407959,-0.6672319173812866,2.919408082962036,-0.5011245012283325,-0.6570874452590942,2.9336962699890137,-0.4687731862068176,-0.6597118973731995,3.045042037963867,-0.2629498839378357,0.9961019158363342,3.1305153369903564,-0.3248496651649475,0.9857223629951477,3.1854445934295654
-0.4114827513694763,0.10841313004493713,2.9828734397888184,-0.40731674432754517,-0.07445721328258514,2.979933023452759,-0.4032481014728546,-0.25733426213264465,2.977287769317627,-0.3991793096065521,-0.4402167797088623,2.974642515182495,-0.3659195303916931,-0.4399315118789673,2.9373183250427246,-0.2657412886619568,-0.4360761344432831,2.824866771697998,-0.29717838764190674,-0.16731002926826477,2.8698792457580566,-0.37399688363075256,0.0850212574005127,2.8692753314971924,-0.38936057686805725,0.13548751175403595,2.869154453277588,-0.4200879633426666,0.23642003536224365,2.868912935256958,-0.4463845491409302,0.1733809858560562,2.915009021759033,-0.4323948919773102,-0.4424898028373718,3.0119378566741943,-0.5325731635093689,-0.44634518027305603,3.124389410018921,-0.4974091649055481,-0.17790430784225464,3.0802009105682373,-0.484298974275589,0.07849854230880737,3.0197174549102783,-0.48167693614959717,0.12977911531925201,3.0076208114624023,-0.4764328598976135,0.2323402464389801,2.9834275245666504,-0.4378019869327545,0.16804751753807068,2.9493043422698975,-0.344980388879776,0.11113292723894119,2.9079480171203613,-0.34536856412887573,0.5352637767791748,2.982123374938965,-0.3062870502471924,0.9026060104370117,3.082186222076416,-0.38126564025878906,1.0230658054351807,3.035219430923462,-0.47798511385917664,0.10569333285093307,3.0577988624572754,-0.4499325752258301,0.5353158712387085,3.0629544258117676,-0.36085760593414307,0.9022963047027588,3.125173807144165,-0.4202234447002411,1.0263978242874146,3.0667550563812256,-0.4941262900829315,-0.5651522278785706,2.9097063541412354,-0.5074162483215332,-0.6140328049659729,2.901613235473633,-0.4711097180843353,-0.6598924994468689,2.891373872756958,-0.35711872577667236,-0.6683145761489868,2.9046192169189453,-0.5072517395019531,-0.658312201499939,2.941178798675537,-0.45952117443084717,-0.6638369560241699,3.0457329750061035,-0.26826703548431396,0.9849001169204712,3.1311962604522705,-0.3113773465156555,0.983255922794342,3.165386438369751
-0.41008806228637695,0.10490390658378601,2.980506420135498,-0.4048379361629486,-0.07798999547958374,2.9780144691467285,-0.3997959494590759,-0.2608940601348877,2.975861072540283,-0.3947538137435913,-0.443803608417511,2.973707675933838,-0.36552247405052185,-0.44351503252983093,2.933135986328125,-0.27759167551994324,-0.43965327739715576,2.8110132217407227,-0.31700506806373596,-0.17266488075256348,2.860144853591919,-0.39886632561683655,0.07770481705665588,2.873810291290283,-0.4152385890483856,0.12777875363826752,2.8765432834625244,-0.4479830861091614,0.22792664170265198,2.882009506225586,-0.4676719307899475,0.16333511471748352,2.929238796234131,-0.4239303469657898,-0.44608017802238464,3.0142557621002197,-0.5118611454963684,-0.4499419331550598,3.136378526687622,-0.479240357875824,-0.18339475989341736,3.080355167388916,-0.4702608585357666,0.07088366150856018,3.010822296142578,-0.4684649705886841,0.12173934280872345,2.996915817260742,-0.46487316489219666,0.22345072031021118,2.969102621078491,-0.43049946427345276,0.15770679712295532,2.933234691619873,-0.3517327606678009,0.1076882928609848,2.8990910053253174,-0.3636060953140259,0.5311436057090759,2.9763622283935547,-0.3200390934944153,0.8963204622268677,3.082463264465332,-0.40146875381469727,1.0165932178497314,3.047159194946289,-0.468443363904953,0.10211952030658722,3.0619218349456787,-0.4464838206768036,0.5321706533432007,3.062053918838501,-0.3538699746131897,0.8997240662574768,3.1153156757354736,-0.41970115900039673,1.023483157157898,3.063424825668335,-0.49578049778938293,-0.5670406818389893,2.9173290729522705,-0.50978022813797,-0.615551233291626,2.9097330570220947,-0.4749670624732971,-0.6608396768569946,2.8945565223693848,-0.360736608505249,-0.6691187024116516,2.894770860671997,-0.5051654577255249,-0.6604720950126648,2.947866439819336,-0.44629862904548645,-0.6680772304534912,3.0458157062530518,-0.2783735394477844,0.977955162525177,3.129598379135132,-0.3010549545288086,0.9809888601303101,3.1503665447235107
-0.4085206687450409,0.10274925827980042,2.9746735095977783,-0.40214022994041443,-0.08013486862182617,2.971874713897705,-0.39609625935554504,-0.2630370855331421,2.9695496559143066,-0.39005210995674133,-0.44594478607177734,2.967224597930908,-0.36518436670303345,-0.44556665420532227,2.9238321781158447,-0.2904660701751709,-0.4414385259151459,2.7933197021484375,-0.33639097213745117,-0.1768689751625061,2.8494362831115723,-0.42278754711151123,0.07076002657413483,2.8775999546051025,-0.4400668740272522,0.12028582394123077,2.883232593536377,-0.47462549805641174,0.21933743357658386,2.894498109817505,-0.4872547686100006,0.15331457555294037,2.942166328430176,-0.41485413908958435,-0.44831085205078125,3.010591745376587,-0.4895724654197693,-0.45243898034095764,3.141104221343994,-0.4618564546108246,-0.1878265142440796,3.0742666721343994,-0.4589611291885376,0.06431764364242554,2.996854782104492,-0.4583820700645447,0.11474648118019104,2.981372356414795,-0.45722392201423645,0.21560415625572205,2.9504075050354004,-0.4270038604736328,0.14861956238746643,2.913116931915283,-0.35902512073516846,0.10580845922231674,2.8876097202301025,-0.384352445602417,0.5272157192230225,2.9724793434143066,-0.3390052020549774,0.8904078006744385,3.0844905376434326,-0.42679789662361145,1.0092298984527588,3.061758518218994,-0.45801621675491333,0.09969005733728409,3.061737298965454,-0.4410761594772339,0.529958188533783,3.058448553085327,-0.3439044654369354,0.8974944353103638,3.1030142307281494,-0.414903461933136,1.0213083028793335,3.0586042404174805,-0.4960063695907593,-0.5674911737442017,2.919832944869995,-0.5106378197669983,-0.6155837178230286,2.912747859954834,-0.47787874937057495,-0.6601304411888123,2.8928518295288086,-0.3649771213531494,-0.6679707169532776,2.8802404403686523,-0.5018208026885986,-0.6610978841781616,2.9488606452941895,-0.43281295895576477,-0.6707116365432739,3.0389316082000732,-0.2946252226829529,0.9718644618988037,3.1294050216674805,-0.2878475785255432,0.9787352085113525,3.1326727867126465
-0.40586385130882263,0.1010541319847107,2.9668822288513184,-0.39908361434936523,-0.08181092143058777,2.963087320327759,-0.3928031325340271,-0.2647063136100769,2.959951877593994,-0.38652244210243225,-0.44760721921920776,2.9568164348602295,-0.36644548177719116,-0.4471278786659241,2.9110071659088135,-0.3061749339103699,-0.4426976442337036,2.773305654525757,-0.3567073345184326,-0.18131527304649353,2.8395681381225586,-0.4472178518772125,0.06254197657108307,2.883479595184326,-0.465319961309433,0.11131342500448227,2.8922619819641113,-0.5015241503715515,0.20885631442070007,2.9098265171051025,-0.5065159201622009,0.14144331216812134,2.9569668769836426,-0.4065311551094055,-0.4500744342803955,3.002591609954834,-0.4668017029762268,-0.45450466871261597,3.1402931213378906,-0.4442352056503296,-0.19192025065422058,3.064101457595825,-0.44739145040512085,0.05822873115539551,2.980422258377075,-0.4480226933956146,0.10825853049755096,2.963686466217041,-0.4492851793766022,0.20831812918186188,2.9302146434783936,-0.4237654507160187,0.14010357856750488,2.891650676727295,-0.3661651909351349,0.10443362593650818,2.8749632835388184,-0.40428435802459717,0.522916316986084,2.9691035747528076,-0.35769203305244446,0.8847808241844177,3.0848891735076904,-0.45107555389404297,1.0011075735092163,3.0752782821655273,-0.4455625116825104,0.09767463803291321,3.0588011741638184,-0.4333619177341461,0.5280898809432983,3.0527076721191406,-0.3322335481643677,0.8956592082977295,3.087188482284546,-0.4076956808567047,1.0194830894470215,3.0508859157562256,-0.4975873827934265,-0.5665146112442017,2.9187333583831787,-0.5132631659507751,-0.6140377521514893,2.912122964859009,-0.48352479934692383,-0.6579699516296387,2.8876333236694336,-0.37346941232681274,-0.6660861968994141,2.8622992038726807,-0.5009099245071411,-0.6602998971939087,2.9456095695495605,-0.42272713780403137,-0.6726877093315125,3.0265657901763916,-0.3110334277153015,0.966626763343811,3.126688003540039,-0.27337005734443665,0.9769076704978943,3.1107828617095947
-0.40275782346725464,0.10062611103057861,2.9565489292144775,-0.3963164687156677,-0.08222125470638275,2.9513309001922607,-0.39050060510635376,-0.2651107907295227,2.946918249130249,-0.38468456268310547,-0.4480058550834656,2.942505359649658,-0.3695102334022522,-0.44736889004707336,2.8948473930358887,-0.32398325204849243,-0.4424656927585602,2.751634359359741,-0.37678229808807373,-0.18480584025382996,2.8299598693847656,-0.4706401824951172,0.054361894726753235,2.890117883682251,-0.48941177129745483,0.10219544172286987,2.9021494388580322,-0.5269549489021301,0.19786253571510315,2.9262125492095947,-0.5242972373962402,0.1292169839143753,2.9717819690704346,-0.39979565143585205,-0.4506306052207947,2.9901154041290283,-0.4453226327896118,-0.45553380250930786,3.133328437805176,-0.42912766337394714,-0.1948533058166504,3.0490987300872803,-0.4391799867153168,0.05347321927547455,2.9604287147521973,-0.4411904513835907,0.1031385213136673,2.942694664001465,-0.44521138072013855,0.202469140291214,2.9072265625,-0.4242856204509735,0.13316020369529724,2.8678030967712402,-0.3731510043144226,0.10439779609441757,2.860933542251587,-0.4234470725059509,0.5193725824356079,2.9644808769226074,-0.37675344944000244,0.8808040618896484,3.081613302230835,-0.4745912253856659,0.9937828183174133,3.0847513675689697,-0.43236464262008667,0.09685442596673965,3.052164316177368,-0.42581748962402344,0.5273816585540771,3.0444676876068115,-0.32448068261146545,0.8957579135894775,3.068190813064575,-0.40432676672935486,1.0189759731292725,3.04011607170105,-0.5005651116371155,-0.5635590553283691,2.913508892059326,-0.5175721049308777,-0.6103896498680115,2.9073543548583984,-0.4915260076522827,-0.6537618041038513,2.8787612915039062,-0.3855568468570709,-0.6626209020614624,2.841709852218628,-0.5025684237480164,-0.6575190424919128,2.93786358833313,-0.4168437123298645,-0.6732662916183472,3.0091660022735596,-0.32857632637023926,0.9636216163635254,3.1196115016937256,-0.26408636569976807,0.9774773120880127,3.0854568481445312
-0.3998544216156006,0.09871530532836914,2.9559028148651123,-0.39519503712654114,-0.08421662449836731,2.9506278038024902,-0.39117613434791565,-0.26718437671661377,2.9461252689361572,-0.3871571123600006,-0.45015761256217957,2.941622495651245,-0.37675875425338745,-0.44972044229507446,2.892688751220703,-0.3455702066421509,-0.4454177916049957,2.745682716369629,-0.398267537355423,-0.18941476941108704,2.829604387283325,-0.4946518838405609,0.04632037878036499,2.8989667892456055,-0.5139287710189819,0.09346741437911987,2.91283917427063,-0.5524824857711792,0.18776148557662964,2.940584182739258,-0.5429402589797974,0.11931490153074265,2.9855732917785645,-0.3975118100643158,-0.4525834321975708,2.9905073642730713,-0.42870035767555237,-0.45688608288764954,3.1375133991241455,-0.4184601604938507,-0.19786334037780762,3.0471818447113037,-0.43470412492752075,0.04903942346572876,2.9552724361419678,-0.4379529058933258,0.09841997921466827,2.9368906021118164,-0.4444504976272583,0.1971810907125473,2.9001269340515137,-0.4281717538833618,0.1269276887178421,2.860133647918701,-0.38011008501052856,0.1020478829741478,2.8577706813812256,-0.44289740920066833,0.5151287913322449,2.9622912406921387,-0.3961145877838135,0.878827691078186,3.0723118782043457,-0.49677860736846924,0.988602340221405,3.0852816104888916,-0.4195987582206726,0.09538272768259048,3.054034948348999,-0.4189651310443878,0.5257856845855713,3.0380494594573975,-0.32193028926849365,0.8960728645324707,3.0445005893707275,-0.40625596046447754,1.0175144672393799,3.0222959518432617,-0.507564127445221,-0.5620481967926025,2.922703981399536,-0.5261383652687073,-0.6081599593162537,2.9175615310668945,-0.5042514204978943,-0.6513643264770508,2.885917901992798,-0.4032524526119232,-0.6618323922157288,2.838407278060913,-0.5093448758125305,-0.6559568643569946,2.945497512817383,-0.4176839292049408,-0.6748446226119995,3.007215738296509,-0.34696564078330994,0.9634690880775452,3.1046621799468994,-0.2614767849445343,0.979021430015564,3.0540525913238525
-0.39425596594810486,0.09785380959510803,2.957432508468628,-0.39207419753074646,-0.08518560230731964,2.952646017074585,-0.39052173495292664,-0.26824986934661865,2.9486241340637207,-0.38896921277046204,-0.4513196051120758,2.9446020126342773,-0.38332322239875793,-0.4511747658252716,2.894880533218384,-0.36638084053993225,-0.44774961471557617,2.7455193996429443,-0.4181583523750305,-0.19178029894828796,2.830448865890503,-0.5166311860084534,0.0416802316904068,2.9047720432281494,-0.5363257527351379,0.08837233483791351,2.9196367263793945,-0.5757148861885071,0.18175655603408813,2.9493660926818848,-0.5596831440925598,0.1144745796918869,2.994324207305908,-0.3945983350276947,-0.4534541964530945,2.9942798614501953,-0.4115407168865204,-0.4568793475627899,3.1436409950256348,-0.40710315108299255,-0.19897937774658203,3.04939603805542,-0.4291524589061737,0.04712991416454315,2.9562900066375732,-0.433562308549881,0.09635177254676819,2.937668800354004,-0.4423820376396179,0.19479548931121826,2.9004263877868652,-0.43084439635276794,0.12385181337594986,2.8599417209625244,-0.38433030247688293,0.10057709366083145,2.857814311981201,-0.46126118302345276,0.5115865468978882,2.9616870880126953,-0.41808512806892395,0.8787779211997986,3.061598300933838,-0.5212358832359314,0.9849121570587158,3.083127975463867,-0.4041816294193268,0.09513052552938461,3.0570507049560547,-0.4107905328273773,0.5253095030784607,3.033834218978882,-0.323794424533844,0.8981469869613647,3.023844003677368,-0.413240522146225,1.016940712928772,3.0078585147857666,-0.5128591656684875,-0.5599580407142639,2.9361464977264404,-0.5328527688980103,-0.6054493188858032,2.9323244094848633,-0.5151565670967102,-0.6485926508903503,2.8983566761016846,-0.41970765590667725,-0.6606431603431702,2.8414199352264404,-0.5146306753158569,-0.6538290977478027,2.957930088043213,-0.41821765899658203,-0.6754797101020813,3.0102109909057617,-0.36930951476097107,0.965796947479248,3.0877254009246826,-0.26498037576675415,0.9828282594680786,3.0258424282073975
-0.3870132565498352,0.09804362058639526,2.951687812805176,-0.38770538568496704,-0.08505900204181671,2.9474198818206787,-0.3890124261379242,-0.2681758403778076,2.94398832321167,-0.39031949639320374,-0.45129817724227905,2.940556764602661,-0.38945212960243225,-0.45136213302612305,2.890512228012085,-0.3868247866630554,-0.4485642611980438,2.7402102947235107,-0.4378858804702759,-0.19259768724441528,2.826268196105957,-0.5387170910835266,0.038225263357162476,2.9061899185180664,-0.5588833093643188,0.08438985049724579,2.9221742153167725,-0.5992158055305481,0.1767190396785736,2.9541430473327637,-0.5765023231506348,0.11081646382808685,2.998377799987793,-0.39120107889175415,-0.4532245397567749,2.9905636310577393,-0.393828421831131,-0.4560224115848541,3.1408655643463135,-0.39132577180862427,-0.20018881559371948,3.0404913425445557,-0.41527360677719116,0.04467859864234924,2.944054365158081,-0.42006316781044006,0.09365208446979523,2.924767017364502,-0.42964231967926025,0.1915990561246872,2.8861920833587646,-0.42403411865234375,0.11945631355047226,2.8464462757110596,-0.3869638442993164,0.10037706792354584,2.8515679836273193,-0.47799474000930786,0.508163571357727,2.957801342010498,-0.44323480129241943,0.8787486553192139,3.048973321914673,-0.5489221811294556,0.9802893400192261,3.0792205333709717,-0.387062668800354,0.09571017324924469,3.0518076419830322,-0.40169093012809753,0.525938868522644,3.028330087661743,-0.3292570114135742,0.9017375707626343,3.0087716579437256,-0.4240334928035736,1.0173189640045166,3.001452684402466,-0.5164897441864014,-0.5571826696395874,2.943603038787842,-0.537667989730835,-0.6021655797958374,2.9415359497070312,-0.5242400765419006,-0.6453840732574463,2.9058985710144043,-0.4351120889186859,-0.6589998006820679,2.8400931358337402,-0.5181098580360413,-0.6509875059127808,2.9650325775146484,-0.417743057012558,-0.6748762130737305,3.0076394081115723,-0.39641904830932617,0.9684301018714905,3.069281578063965,-0.27352020144462585,0.9884766340255737,3.0046918392181396
-0.37919607758522034,0.10044687986373901,2.939622640609741,-0.38497814536094666,-0.08256667852401733,2.9352824687957764,-0.39121514558792114,-0.2655861973762512,2.9319376945495605,-0.39745232462882996,-0.44861119985580444,2.9285926818847656,-0.4065266251564026,-0.44839850068092346,2.8793699741363525,-0.4336868226528168,-0.44477128982543945,2.731544256210327,-0.48028627038002014,-0.1900772750377655,2.824639320373535,-0.5804919600486755,0.03464329242706299,2.9218766689300537,-0.600533127784729,0.07958739995956421,2.941324234008789,-0.6406154036521912,0.16947561502456665,2.9802191257476807,-0.6055554151535034,0.10579425096511841,3.0195517539978027,-0.38844579458236694,-0.4508131742477417,2.9777791500091553,-0.36128559708595276,-0.4544403851032257,3.1256048679351807,-0.35529187321662903,-0.1987919807434082,3.024040937423706,-0.3752150535583496,0.04833385348320007,2.9316964149475098,-0.37919968366622925,0.09775902330875397,2.9132275581359863,-0.3871689438819885,0.19660934805870056,2.8762898445129395,-0.3963046669960022,0.1245126724243164,2.8369174003601074,-0.39951395988464355,0.10341332852840424,2.8416049480438232,-0.5059006214141846,0.5046639442443848,2.9638404846191406,-0.4985092580318451,0.8795724511146545,3.0495657920837402,-0.6083304286003113,0.9689244031906128,3.099759578704834,-0.3588781952857971,0.09748043119907379,3.037640333175659,-0.3872727155685425,0.5292124152183533,3.029710292816162,-0.344853013753891,0.9109848141670227,3.0094566345214844,-0.4467729926109314,1.0200787782669067,3.0260307788848877,-0.5240083932876587,-0.5514052510261536,2.951174736022949,-0.5464749336242676,-0.5957546234130859,2.9517877101898193,-0.5407129526138306,-0.6382216811180115,2.9133713245391846,-0.4649256765842438,-0.6520884037017822,2.832736015319824,-0.5245335102081299,-0.645630955696106,2.970318555831909,-0.419083833694458,-0.6730812191963196,2.994086503982544,-0.45943841338157654,0.974757969379425,3.0614097118377686,-0.296739786863327,1.0018776655197144,2.997180700302124
-0.3778054416179657,0.10363879799842834,2.9352681636810303,-0.38682642579078674,-0.07924731075763702,2.9309558868408203,-0.39614686369895935,-0.2621394991874695,2.9276580810546875,-0.40546759963035583,-0.44503718614578247,2.9243602752685547,-0.41944554448127747,-0.4444551467895508,2.8763017654418945,-0.4612850546836853,-0.43972066044807434,2.7319812774658203,-0.5053471922874451,-0.18481549620628357,2.826188325881958,-0.6048946976661682,0.037185728549957275,2.9304990768432617,-0.6248041987419128,0.08158597350120544,2.9513611793518066,-0.6646232008934021,0.17038646340370178,2.9930853843688965,-0.6238349676132202,0.10839392244815826,3.029589891433716,-0.3915909230709076,-0.4476071000099182,2.9723827838897705,-0.34975141286849976,-0.45234158635139465,3.1167032718658447,-0.33324456214904785,-0.19513988494873047,3.0199153423309326,-0.342182993888855,0.05531880259513855,2.9346773624420166,-0.3439706861972809,0.10541053861379623,2.9176297187805176,-0.3475460708141327,0.205594003200531,2.8835344314575195,-0.3661958873271942,0.13546909391880035,2.8438608646392822,-0.4081755578517914,0.10738527774810791,2.8399124145507812,-0.5143787860870361,0.5084959268569946,2.965790271759033,-0.5225735902786255,0.884613037109375,3.0495941638946533,-0.6331712007522583,0.9677398204803467,3.1088619232177734,-0.34743532538414,0.09989231824874878,3.0306239128112793,-0.3773675858974457,0.5323699712753296,3.0396416187286377,-0.3478180468082428,0.9165502786636353,3.0303311347961426,-0.45056313276290894,1.0218896865844727,3.061979293823242,-0.5305069088935852,-0.5475194454193115,2.954918622970581,-0.5530686378479004,-0.5917665958404541,2.956697940826416,-0.5502721667289734,-0.6338422298431396,2.9175617694854736,-0.48054954409599304,-0.6471718549728394,2.831601619720459,-0.530097246170044,-0.6418960690498352,2.9731037616729736,-0.42338740825653076,-0.6699910759925842,2.9889707565307617,-0.48843932151794434,0.9822764992713928,3.0577728748321533,-0.30371981859207153,1.0094972848892212,3.0166783332824707
-0.37771090865135193,0.10597407817840576,2.93517804145813,-0.3899116516113281,-0.07674543559551239,2.9314377307891846,-0.4023669362068176,-0.2594641149044037,2.9286048412323,-0.4148225784301758,-0.4421882629394531,2.925771951675415,-0.43303006887435913,-0.44122225046157837,2.8791561126708984,-0.4875417947769165,-0.43533527851104736,2.739117383956909,-0.5298008918762207,-0.17960485816001892,2.832540988922119,-0.6281833052635193,0.040825650095939636,2.941701889038086,-0.6478598117828369,0.08491174876689911,2.963534116744995,-0.6872127652168274,0.17308396100997925,3.0071983337402344,-0.6417356729507446,0.11286629736423492,3.041193962097168,-0.39675047993659973,-0.4451402425765991,2.9723570346832275,-0.34223875403404236,-0.4510272145271301,3.112395763397217,-0.312312513589859,-0.19265872240066528,3.0215001106262207,-0.30727365612983704,0.06063470244407654,2.944028615951538,-0.3062658905982971,0.11129339039325714,2.9285342693328857,-0.3042503595352173,0.21261076629161835,2.897545576095581,-0.331792414188385,0.14553570747375488,2.8576407432556152,-0.416738897562027,0.11046577244997025,2.843057870864868,-0.5204945802688599,0.5131722688674927,2.968719005584717,-0.5392194986343384,0.890346109867096,3.049391746520996,-0.6488544940948486,0.9694545269012451,3.116194725036621,-0.3386829197406769,0.10148238390684128,3.0272982120513916,-0.3677524924278259,0.5342211723327637,3.05220890045166,-0.3456229269504547,0.9197390675544739,3.0544514656066895,-0.4468761384487152,1.0219892263412476,3.099543571472168,-0.5406204462051392,-0.542792558670044,2.9615485668182373,-0.5640372037887573,-0.5867229700088501,2.963982582092285,-0.5640640258789062,-0.6284968852996826,2.924186944961548,-0.4988225996494293,-0.6422340869903564,2.834442377090454,-0.5412464141845703,-0.637638509273529,2.9787118434906006,-0.434172660112381,-0.6681354641914368,2.988929510116577,-0.5089161396026611,0.9897012710571289,3.0540149211883545,-0.30449533462524414,1.0141615867614746,3.040168285369873
-0.38018620014190674,0.10769006609916687,2.9382874965667725,-0.39461010694503784,-0.07488934695720673,2.935628890991211,-0.4092395007610321,-0.2574616074562073,2.9337034225463867,-0.4238693416118622,-0.44003933668136597,2.9317779541015625,-0.4457675814628601,-0.438808798789978,2.8867831230163574,-0.5114352703094482,-0.4321190118789673,2.751394271850586,-0.5530492663383484,-0.17503875494003296,2.8422765731811523,-0.6494684219360352,0.045369043946266174,2.953925371170044,-0.6687522530555725,0.08945060521364212,2.976255178451538,-0.7073199152946472,0.1776137351989746,3.0209147930145264,-0.6579229831695557,0.11923657357692719,3.052811622619629,-0.4021300971508026,-0.443254292011261,2.9767515659332275,-0.33646243810653687,-0.44994407892227173,3.112140417098999,-0.2932194471359253,-0.1901509165763855,3.03016996383667,-0.27427446842193604,0.06573307514190674,2.9630417823791504,-0.27048546075820923,0.11690987646579742,2.9496161937713623,-0.262907475233078,0.2192634791135788,2.922765016555786,-0.2978854179382324,0.15617835521697998,2.88199520111084,-0.42680084705352783,0.11266139149665833,2.8497848510742188,-0.5248034596443176,0.518808126449585,2.971503257751465,-0.5477295517921448,0.8976097106933594,3.0464260578155518,-0.6546385288238525,0.9754518866539001,3.1194300651550293,-0.33357155323028564,0.10271874070167542,3.026790142059326,-0.35949641466140747,0.535312294960022,3.0663602352142334,-0.33977803587913513,0.9214104413986206,3.079364776611328,-0.4376494288444519,1.0213754177093506,3.1363449096679688,-0.5506728887557983,-0.5396850109100342,2.972052574157715,-0.5748423337936401,-0.5835877060890198,2.975121259689331,-0.5770955681800842,-0.6253635287284851,2.934774398803711,-0.5151754021644592,-0.6395382881164551,2.8417704105377197,-0.5521310567855835,-0.6353380084037781,2.9886960983276367,-0.44444262981414795,-0.6677992939949036,2.994548797607422,-0.5197352766990662,0.9979295134544373,3.0470657348632812,-0.3005814552307129,1.016788125038147,3.064706325531006
-0.3858756721019745,0.1098354160785675,2.940187454223633,-0.4015390872955322,-0.07265836000442505,2.9389901161193848,-0.41726773977279663,-0.25514984130859375,2.9385268688201904,-0.43299686908721924,-0.4376468062400818,2.938063621520996,-0.4581936299800873,-0.4363645315170288,2.8948307037353516,-0.5339787602424622,-0.4295015335083008,2.7643628120422363,-0.574910044670105,-0.17085593938827515,2.8521413803100586,-0.6672770380973816,0.05120670795440674,2.9647459983825684,-0.685750424861908,0.09561923891305923,2.987267017364502,-0.7226972579956055,0.18444430828094482,3.03230881690979,-0.6701222658157349,0.12764492630958557,3.062188148498535,-0.407971054315567,-0.4409126043319702,2.9812912940979004,-0.33218592405319214,-0.44777560234069824,3.1117591857910156,-0.2849920988082886,-0.18724152445793152,3.0331923961639404,-0.26299571990966797,0.07017660140991211,2.9717483520507812,-0.2585964500904083,0.12166022509336472,2.9594595432281494,-0.24979789555072784,0.22462746500968933,2.9348819255828857,-0.2887919247150421,0.16353069245815277,2.894512176513672,-0.43928366899490356,0.11497429758310318,2.8556125164031982,-0.5272824764251709,0.5253259539604187,2.972801446914673,-0.5478495359420776,0.905994176864624,3.041255235671997,-0.6501079201698303,0.984824538230896,3.120037317276001,-0.3324676752090454,0.10469653457403183,3.0247623920440674,-0.3523102104663849,0.5365939140319824,3.078951358795166,-0.33083733916282654,0.9225878715515137,3.1027162075042725,-0.42373985052108765,1.0207370519638062,3.1706387996673584,-0.5598393082618713,-0.5378953218460083,2.9832897186279297,-0.5842476487159729,-0.5821652412414551,2.987283706665039,-0.5880618691444397,-0.6243869662284851,2.9466800689697266,-0.528885543346405,-0.6389586925506592,2.8506340980529785,-0.5609877705574036,-0.634482741355896,3.000234603881836,-0.4521755576133728,-0.6675634384155273,3.0023722648620605,-0.5206190943717957,1.0066068172454834,3.0378124713897705,-0.2927122116088867,1.01853609085083,3.0879969596862793
-0.39295753836631775,0.11063507199287415,2.9445767402648926,-0.40923985838890076,-0.07182064652442932,2.9450740814208984,-0.4255061447620392,-0.2542748749256134,2.946221113204956,-0.4417729079723358,-0.43673455715179443,2.9473681449890137,-0.46992674469947815,-0.4354841709136963,2.9059948921203613,-0.554990291595459,-0.42868903279304504,2.7805776596069336,-0.5961016416549683,-0.16818997263908386,2.8638694286346436,-0.6838153004646301,0.057065680623054504,2.974698543548584,-0.7013580203056335,0.10211680829524994,2.9968643188476562,-0.7364435195922852,0.192219078540802,3.04119610786438,-0.681299090385437,0.1369408816099167,3.069575309753418,-0.4137958884239197,-0.4399680495262146,2.9887540340423584,-0.32873237133026123,-0.44676318764686584,3.114171266555786,-0.2775764465332031,-0.1852203607559204,3.0402400493621826,-0.2522287666797638,0.07380658388137817,2.9856557846069336,-0.2471592277288437,0.12561197578907013,2.974738836288452,-0.23702014982700348,0.22922275960445404,2.9529051780700684,-0.27969127893447876,0.17033283412456512,2.9127414226531982,-0.45239707827568054,0.11572011560201645,2.864109516143799,-0.5274999141693115,0.5310111045837402,2.9743354320526123,-0.5411165356636047,0.9139117002487183,3.0337328910827637,-0.637349009513855,0.9956810474395752,3.1172664165496826,-0.33351799845695496,0.10555002838373184,3.0250439643859863,-0.34561407566070557,0.5365419983863831,3.0910465717315674,-0.3202982246875763,0.922087550163269,3.1232964992523193,-0.4073827266693115,1.018810510635376,3.2006640434265137,-0.5675843954086304,-0.5384752154350281,2.998356819152832,-0.5918400287628174,-0.5833169221878052,3.0035295486450195,-0.5970175862312317,-0.6261975169181824,2.9628710746765137,-0.5408592224121094,-0.6410787105560303,2.8636887073516846,-0.5675757527351379,-0.6359990835189819,3.0159592628479004,-0.45744073390960693,-0.6688498258590698,3.0141055583953857,-0.513577938079834,1.0142887830734253,3.0256874561309814,-0.28283143043518066,1.0183618068695068,3.108257293701172
-0.40156692266464233,0.11090222001075745,2.9559006690979004,-0.41807132959365845,-0.07156217098236084,2.957671642303467,-0.4345727860927582,-0.25402164459228516,2.959913492202759,-0.4510747492313385,-0.4364866018295288,2.962155342102051,-0.4817880690097809,-0.43519437313079834,2.922633647918701,-0.5751923322677612,-0.42822855710983276,2.8020522594451904,-0.617548942565918,-0.1661016047000885,2.880791664123535,-0.7008739113807678,0.06289432942867279,2.9881949424743652,-0.7175388932228088,0.10869351029396057,3.0096755027770996,-0.7508688569068909,0.20029187202453613,3.0526368618011475,-0.6936062574386597,0.14642424881458282,3.07985520362854,-0.42054077982902527,-0.4397619962692261,3.001701593399048,-0.3271365165710449,-0.44672781229019165,3.1222829818725586,-0.2690901756286621,-0.18244481086730957,3.0632095336914062,-0.23868325352668762,0.07952600717544556,3.0262720584869385,-0.23260186612606049,0.13192017376422882,3.0188846588134766,-0.2204390913248062,0.23670849204063416,3.0041096210479736,-0.2663208842277527,0.18189120292663574,2.9615478515625,-0.4661341905593872,0.11600066721439362,2.8794636726379395,-0.5274574756622314,0.5366382598876953,2.9792919158935547,-0.5324327945709229,0.9218230247497559,3.0267744064331055,-0.622251033782959,1.0077461004257202,3.1135127544403076,-0.33699965476989746,0.10580377280712128,3.0323376655578613,-0.3408101499080658,0.5359523892402649,3.1073031425476074,-0.31036025285720825,0.9209973812103271,3.145510673522949,-0.3913578689098358,1.016770362854004,3.2306020259857178,-0.5752204060554504,-0.5404109954833984,3.0184736251831055,-0.5990824103355408,-0.5859445929527283,3.024665117263794,-0.605405330657959,-0.6293952465057373,2.9838650226593018,-0.5522468090057373,-0.6440678238868713,2.881645679473877,-0.5736066102981567,-0.6389172077178955,3.0363900661468506,-0.4621502161026001,-0.6710467338562012,3.030466318130493,-0.5041518211364746,1.021577000617981,3.0136890411376953,-0.2732110917568207,1.0174213647842407,3.1298828125
-0.40898001194000244,0.1131238043308258,2.9592626094818115,-0.4254790246486664,-0.06938588619232178,2.9615964889526367,-0.4419572651386261,-0.2518916130065918,2.9643490314483643,-0.458435982465744,-0.43440282344818115,2.967101573944092,-0.49136102199554443,-0.43299901485443115,2.9293880462646484,-0.592109739780426,-0.42564842104911804,2.8136260509490967,-0.6367087960243225,-0.16262269020080566,2.890265464782715,-0.7173185348510742,0.06885732710361481,2.9958670139312744,-0.7334404587745667,0.11515332758426666,3.0169873237609863,-0.7656843662261963,0.20774534344673157,3.05922794342041,-0.7063423991203308,0.1551264524459839,3.084959030151367,-0.42569008469581604,-0.4377903342247009,3.004845142364502,-0.32494139671325684,-0.44514092803001404,3.1206071376800537,-0.2637825608253479,-0.1786157786846161,3.0729715824127197,-0.23308509588241577,0.0856391191482544,3.0515317916870117,-0.22694560885429382,0.13849009573459625,3.04724383354187,-0.21466661989688873,0.24419206380844116,3.038667917251587,-0.2626064717769623,0.19225972890853882,2.9944286346435547,-0.4779050946235657,0.11842693388462067,2.886711359024048,-0.5246982574462891,0.5431271195411682,2.977916717529297,-0.519621729850769,0.9296570420265198,3.0151491165161133,-0.602605938911438,1.0196713209152222,3.104651689529419,-0.3400549292564392,0.10782067477703094,3.031813859939575,-0.3365643620491028,0.5367057919502258,3.1150221824645996,-0.30171042680740356,0.9209898710250854,3.158935308456421,-0.3769529461860657,1.0154467821121216,3.2506747245788574,-0.5805274844169617,-0.5411844253540039,3.0278255939483643,-0.6038225889205933,-0.5875153541564941,3.034728527069092,-0.611035168170929,-0.6313685178756714,2.99359130859375,-0.5606516599655151,-0.6451840996742249,2.8885130882263184,-0.5770167708396912,-0.6407365798950195,3.0455150604248047,-0.4642661511898041,-0.6717269420623779,3.035630226135254,-0.49026814103126526,1.0284955501556396,2.99772572517395,-0.26501160860061646,1.0175988674163818,3.142993211746216
-0.42051997780799866,0.12159222364425659,2.956430673599243,-0.4371311068534851,-0.06096574664115906,2.9583089351654053,-0.4538205862045288,-0.24351440370082855,2.960387945175171,-0.4705105721950531,-0.426068514585495,2.9624669551849365,-0.5078434944152832,-0.42403560876846313,2.929121732711792,-0.6233696341514587,-0.4146520793437958,2.825648784637451,-0.6719232797622681,-0.15157422423362732,2.9060068130493164,-0.7489790320396423,0.08091934025287628,3.0162224769592285,-0.7643901705741882,0.12741805613040924,3.0382657051086426,-0.79521244764328,0.22041548788547516,3.0823519229888916,-0.73128741979599,0.16996194422245026,3.102569103240967,-0.4333590567111969,-0.43008553981781006,2.995835065841675,-0.31783291697502136,-0.4394690692424774,3.0993080139160156,-0.25011107325553894,-0.16955053806304932,3.0751712322235107,-0.21765416860580444,0.09678232669830322,3.087489128112793,-0.21116279065608978,0.1500488966703415,3.0899527072906494,-0.19818001985549927,0.2565820515155792,3.0948798656463623,-0.2510470747947693,0.21100696921348572,3.0483107566833496,-0.4980146586894989,0.12799231708049774,2.8931334018707275,-0.5164822340011597,0.5583395957946777,2.9676122665405273,-0.49462634325027466,0.9457930326461792,2.987220048904419,-0.5626165270805359,1.0422192811965942,3.0826356410980225,-0.3430252969264984,0.11519212275743484,3.019727945327759,-0.3235885202884674,0.5415192246437073,3.1143555641174316,-0.28042444586753845,0.9240903258323669,3.166877269744873,-0.34264740347862244,1.0155093669891357,3.270779609680176,-0.5847865343093872,-0.5398997664451599,3.031087875366211,-0.6061276197433472,-0.5877482891082764,3.038735866546631,-0.615470290184021,-0.6313198804855347,2.996654987335205,-0.5732588171958923,-0.6408736705780029,2.886054039001465,-0.5764097571372986,-0.6408787965774536,3.045846462249756,-0.46258723735809326,-0.6679574251174927,3.025430202484131,-0.4646776616573334,1.042802095413208,2.9619507789611816,-0.2452954351902008,1.0211410522460938,3.1497504711151123
-0.4257367253303528,0.12681177258491516,2.9528210163116455,-0.44159749150276184,-0.05584216117858887,2.952502965927124,-0.4577247202396393,-0.23847277462482452,2.952183723449707,-0.4738524258136749,-0.42110884189605713,2.95186448097229,-0.5124231576919556,-0.4186473786830902,2.919980764389038,-0.632335901260376,-0.4078848361968994,2.8206369876861572,-0.6837915182113647,-0.1460569202899933,2.9064903259277344,-0.761829674243927,0.08454902470111847,3.0221428871154785,-0.7774373292922974,0.1306702196598053,3.0452733039855957,-0.8086525797843933,0.22291259467601776,3.091534376144409,-0.7430329918861389,0.17321863770484924,3.10927414894104,-0.4354569613933563,-0.42555534839630127,2.9837448596954346,-0.3155442178249359,-0.43631789088249207,3.0830886363983154,-0.24725733697414398,-0.16458743810653687,3.074613094329834,-0.21564176678657532,0.10121634602546692,3.106131076812744,-0.20931865274906158,0.15437710285186768,3.1124346256256104,-0.19667242467403412,0.2606986165046692,3.1250417232513428,-0.2507984936237335,0.21823319792747498,3.076491117477417,-0.5054911971092224,0.13384239375591278,2.8924291133880615,-0.5139714479446411,0.5654233694076538,2.962162494659424,-0.48538684844970703,0.9527792930603027,2.976562738418579,-0.5481535792350769,1.0513087511062622,3.0734663009643555,-0.34598225355148315,0.11978115141391754,3.0132129192352295,-0.3231620788574219,0.5456247329711914,3.1098217964172363,-0.2787749767303467,0.9279412627220154,3.163978338241577,-0.3373165726661682,1.018377423286438,3.270899772644043,-0.5842326879501343,-0.539975643157959,3.0201079845428467,-0.6043477058410645,-0.5887081623077393,3.026911497116089,-0.6137028932571411,-0.6314736604690552,2.9836668968200684,-0.5737476348876953,-0.6369585990905762,2.8714547157287598,-0.5731181502342224,-0.641498863697052,3.031848430633545,-0.45875751972198486,-0.6653633713722229,3.0079691410064697,-0.4549363851547241,1.049054741859436,2.949061632156372,-0.2444654107093811,1.0252346992492676,3.146389961242676
-0.4297974407672882,0.12788939476013184,2.955418586730957,-0.4452666640281677,-0.054836973547935486,2.9538216590881348,-0.46119675040245056,-0.23752200603485107,2.952040672302246,-0.4771273136138916,-0.4202125072479248,2.9502596855163574,-0.5166904926300049,-0.41746437549591064,2.9196200370788574,-0.6401931047439575,-0.405760794878006,2.8237946033477783,-0.6941708326339722,-0.14438724517822266,2.913116693496704,-0.7738510966300964,0.0847887396812439,3.0329575538635254,-0.7897871732711792,0.1306239366531372,3.0569257736206055,-0.8216592669487,0.22229433059692383,3.1048622131347656,-0.7545475959777832,0.17340129613876343,3.12076735496521,-0.43773728609085083,-0.42494627833366394,2.980879783630371,-0.3142346739768982,-0.4366498589515686,3.07670521736145,-0.24266521632671356,-0.16455978155136108,3.08398175239563,-0.20770035684108734,0.09930187463760376,3.1328372955322266,-0.20070739090442657,0.1520742028951645,3.142608404159546,-0.18672144412994385,0.25761884450912476,3.1621506214141846,-0.24266831576824188,0.21880187094211578,3.112044095993042,-0.5113667845726013,0.13530096411705017,2.8975093364715576,-0.5143397450447083,0.5678817629814148,2.962012529373169,-0.48244738578796387,0.9552493095397949,2.9707553386688232,-0.541425347328186,1.0554492473602295,3.068384885787964,-0.3482280969619751,0.1204778254032135,3.0133278369903564,-0.3220619261264801,0.5466581583023071,3.108097553253174,-0.27696800231933594,0.9290755987167358,3.1616756916046143,-0.3324660062789917,1.019177794456482,3.270540237426758,-0.5847581624984741,-0.5424602627754211,3.0183990001678467,-0.6040666103363037,-0.5917798280715942,3.024637222290039,-0.6136077046394348,-0.6339817047119141,2.9806015491485596,-0.575544536113739,-0.6366965174674988,2.8672239780426025,-0.5718517899513245,-0.6443363428115845,3.0279808044433594,-0.457236111164093,-0.6660345196723938,3.0014655590057373,-0.45215728878974915,1.0509718656539917,2.9411263465881348,-0.24343736469745636,1.0265140533447266,3.14324688911438
-0.43335622549057007,0.1281241476535797,2.958017110824585,-0.44880586862564087,-0.05464671552181244,2.9558072090148926,-0.4647599756717682,-0.23737159371376038,2.953387975692749,-0.4807145595550537,-0.42010194063186646,2.9509685039520264,-0.5211378931999207,-0.41718265414237976,2.921466827392578,-0.6477745175361633,-0.4048999845981598,2.828887701034546,-0.7030366063117981,-0.1428948938846588,2.9188930988311768,-0.7838802337646484,0.08588089048862457,3.040987253189087,-0.8000489473342896,0.13163605332374573,3.065406084060669,-0.8323863744735718,0.22314636409282684,3.114243745803833,-0.764079749584198,0.1749705672264099,3.1288833618164062,-0.4404646158218384,-0.42500728368759155,2.9804439544677734,-0.3138279914855957,-0.4372899532318115,3.0730230808258057,-0.23847392201423645,-0.16570723056793213,3.0921573638916016,-0.19876089692115784,0.09593626856803894,3.1533663272857666,-0.19081829488277435,0.14826497435569763,3.1656081676483154,-0.17493309080600739,0.252922385931015,3.190091848373413,-0.2328605055809021,0.217169851064682,3.1394243240356445,-0.5164976119995117,0.1358247995376587,2.9023818969726562,-0.5163148045539856,0.568955659866333,2.9638524055480957,-0.4833405911922455,0.9563766717910767,2.9695379734039307,-0.539428174495697,1.0572803020477295,3.068193197250366,-0.3502148389816284,0.12042348831892014,3.0136523246765137,-0.3194734752178192,0.5468150973320007,3.106529712677002,-0.2733841836452484,0.9290536642074585,3.161156415939331,-0.32607871294021606,1.0184653997421265,3.27201247215271,-0.5853875279426575,-0.5450713634490967,3.02012300491333,-0.6039024591445923,-0.5948840975761414,3.026193618774414,-0.6138215065002441,-0.6368194818496704,2.9817330837249756,-0.5780889987945557,-0.6376388669013977,2.8672006130218506,-0.570776104927063,-0.6471551656723022,3.0282094478607178,-0.45612701773643494,-0.6669232845306396,2.9988834857940674,-0.4536533057689667,1.0518825054168701,2.9385480880737305,-0.2404562383890152,1.0266625881195068,3.142413377761841
-0.4356245994567871,0.12727680802345276,2.958024263381958,-0.4509764611721039,-0.05553090572357178,2.955439329147339,-0.46678709983825684,-0.23829735815525055,2.9527060985565186,-0.4825981855392456,-0.42106926441192627,2.9499728679656982,-0.5238507986068726,-0.4180777370929718,2.921633720397949,-0.6534373760223389,-0.40553417801856995,2.832472801208496,-0.7088056802749634,-0.14218536019325256,2.920663356781006,-0.789838433265686,0.08721178770065308,3.042958974838257,-0.8060449957847595,0.13309121131896973,3.067418098449707,-0.8384581208229065,0.22485007345676422,3.1163363456726074,-0.7692674994468689,0.17731142044067383,3.130096673965454,-0.4415174722671509,-0.42604732513427734,2.9782824516296387,-0.31193089485168457,-0.4385908842086792,3.067443370819092,-0.2337230145931244,-0.16777703166007996,3.0946316719055176,-0.19005733728408813,0.09174925088882446,3.1645243167877197,-0.18132419884204865,0.14365451037883759,3.1785027980804443,-0.16385792195796967,0.24746501445770264,3.2064597606658936,-0.2236352562904358,0.21395763754844666,3.1560561656951904,-0.5202622413635254,0.13513903319835663,2.9046666622161865,-0.5176846981048584,0.5683814883232117,2.9658751487731934,-0.4844113886356354,0.9558534622192383,2.9712767601013184,-0.5378197431564331,1.056642770767212,3.071565628051758,-0.35098692774772644,0.11941458284854889,3.0113818645477295,-0.3154768943786621,0.5455105900764465,3.1042978763580322,-0.26846155524253845,0.9271786212921143,3.162520170211792,-0.31838685274124146,1.015127420425415,3.2758395671844482,-0.5823080539703369,-0.5478188395500183,3.023590326309204,-0.5997461676597595,-0.5979803800582886,3.0304582118988037,-0.6108428835868835,-0.6401671767234802,2.9864184856414795,-0.5799098014831543,-0.6405161023139954,2.870354652404785,-0.5656672120094299,-0.6497545838356018,3.0310988426208496,-0.4519120454788208,-0.6676805019378662,2.9969491958618164,-0.4555175006389618,1.0514143705368042,2.939647674560547,-0.23614799976348877,1.0250850915908813,3.1441545486450195
-0.4370005428791046,0.12581083178520203,2.957747220993042,-0.45243510603904724,-0.05701516568660736,2.955099582672119,-0.46830669045448303,-0.2398022711277008,2.952350378036499,-0.484178751707077,-0.4225948452949524,2.949601173400879,-0.5262179970741272,-0.4195370674133301,2.9224367141723633,-0.6584951877593994,-0.40676385164260864,2.8368349075317383,-0.7127989530563354,-0.14149653911590576,2.920903444290161,-0.7929008603096008,0.08955341577529907,3.041395664215088,-0.808921217918396,0.13576340675354004,3.0654940605163574,-0.8409619927406311,0.22818338871002197,3.1136908531188965,-0.7711939215660095,0.1811552196741104,3.126892328262329,-0.4423120319843292,-0.427639365196228,2.9767355918884277,-0.310034841299057,-0.44041258096694946,3.0623373985290527,-0.22899410128593445,-0.17049363255500793,3.093310594558716,-0.18081176280975342,0.08748754858970642,3.1670868396759033,-0.1711753010749817,0.13908378779888153,3.181842088699341,-0.15190236270427704,0.24227626621723175,3.211352586746216,-0.21357718110084534,0.21026143431663513,3.1621105670928955,-0.5230428576469421,0.13381464779376984,2.906653642654419,-0.5191466808319092,0.5670213103294373,2.9685230255126953,-0.48656660318374634,0.95460045337677,2.9747138023376465,-0.53759765625,1.0548639297485352,3.076787233352661,-0.3509581983089447,0.11780700832605362,3.008840799331665,-0.310748815536499,0.5433438420295715,3.1027164459228516,-0.26294225454330444,0.9241663217544556,3.1660101413726807,-0.31017351150512695,1.010155439376831,3.2819883823394775,-0.5776833295822144,-0.5502796173095703,3.029660701751709,-0.5939142107963562,-0.6006672382354736,3.0378899574279785,-0.6067350506782532,-0.6434381604194641,2.9948530197143555,-0.582205593585968,-0.6443505883216858,2.877215623855591,-0.559004545211792,-0.6519171595573425,3.037076473236084,-0.44696906208992004,-0.6683744788169861,2.9968485832214355,-0.45869624614715576,1.0503723621368408,2.9427528381347656,-0.23126298189163208,1.0224441289901733,3.1484487056732178
-0.43878117203712463,0.12330344319343567,2.9661359786987305,-0.4545159339904785,-0.059544533491134644,2.9636456966400146,-0.47074130177497864,-0.2423478215932846,2.9610257148742676,-0.48696714639663696,-0.4251565933227539,2.9584054946899414,-0.5298082828521729,-0.42198446393013,2.932514190673828,-0.6646931767463684,-0.4088421165943146,2.850872278213501,-0.7177402973175049,-0.1416703462600708,2.930079460144043,-0.7966191172599792,0.09116296470165253,3.048250675201416,-0.8123948574066162,0.13772962987422943,3.071884870529175,-0.8439463973045349,0.23086296021938324,3.1191534996032715,-0.7736448645591736,0.18438300490379333,3.131744146347046,-0.44430238008499146,-0.43031561374664307,2.9842684268951416,-0.3094174861907959,-0.4434579610824585,3.0659103393554688,-0.22614948451519012,-0.17392772436141968,3.095716714859009,-0.17364877462387085,0.08371898531913757,3.1682393550872803,-0.16314862668514252,0.1352483332157135,3.182743787765503,-0.14214834570884705,0.23830701410770416,3.2117528915405273,-0.2057308405637741,0.2067892849445343,3.164581775665283,-0.5262823104858398,0.13149495422840118,2.9175479412078857,-0.521801233291626,0.5645220875740051,2.9807558059692383,-0.4907751679420471,0.9522159695625305,2.9885976314544678,-0.5394019484519958,1.0515854358673096,3.0927085876464844,-0.3512800335884094,0.11511192470788956,3.014724016189575,-0.3064045310020447,0.5407772660255432,3.105954885482788,-0.25731679797172546,0.9212177991867065,3.170654773712158,-0.30146509408950806,1.0063176155090332,3.2884974479675293,-0.5733010768890381,-0.5531446933746338,3.04580020904541,-0.5882450342178345,-0.6036572456359863,3.0556349754333496,-0.6031938195228577,-0.6471362113952637,3.013993740081787,-0.5862668752670288,-0.6491605043411255,2.8950066566467285,-0.5527158975601196,-0.654445230960846,3.053154945373535,-0.44324618577957153,-0.6698693633079529,3.0059635639190674,-0.4642242193222046,1.0483241081237793,2.956507921218872,-0.22623811662197113,1.0196646451950073,3.152940511703491
-0.4383683204650879,0.12095877528190613,2.9692957401275635,-0.4544048011302948,-0.0619099885225296,2.9670026302337646,-0.4709620773792267,-0.24473081529140472,2.964590549468994,-0.48751986026763916,-0.427557110786438,2.9621782302856445,-0.5310993790626526,-0.4242870807647705,2.9375381469726562,-0.6682915687561035,-0.4108371436595917,2.859849691390991,-0.7199071049690247,-0.1416143774986267,2.9329745769500732,-0.7968444228172302,0.0939287543296814,3.047078847885132,-0.8122318983078003,0.14103737473487854,3.069899797439575,-0.8430068492889404,0.23525463044643402,3.115541458129883,-0.7723307013511658,0.18922558426856995,3.1277716159820557,-0.444120317697525,-0.43281427025794983,2.9867923259735107,-0.3069281578063965,-0.44626420736312866,3.064480781555176,-0.22332763671875,-0.1763274073600769,3.0897274017333984,-0.16815274953842163,0.08216527104377747,3.1572325229644775,-0.15711776912212372,0.13386380672454834,3.1707334518432617,-0.1350478082895279,0.2372608780860901,3.197735548019409,-0.20023396611213684,0.20524150133132935,3.1531386375427246,-0.5271735787391663,0.12932591140270233,2.9230844974517822,-0.5231630206108093,0.5621191263198853,2.98814058303833,-0.4944969415664673,0.9499729871749878,2.9982597827911377,-0.5411147475242615,1.0482094287872314,3.104363441467285,-0.3495630919933319,0.11259163916110992,3.0155069828033447,-0.30134865641593933,0.5384254455566406,3.1043848991394043,-0.25156959891319275,0.9186060428619385,3.170259952545166,-0.2929456830024719,1.0028514862060547,3.289726734161377,-0.5658369064331055,-0.5554675459861755,3.056969404220581,-0.5793420672416687,-0.606039822101593,3.068472385406494,-0.5964635610580444,-0.6503105163574219,3.0285251140594482,-0.5876582860946655,-0.6537952423095703,2.908681869506836,-0.5433263182640076,-0.6563766598701477,3.064241886138916,-0.43710267543792725,-0.6709826588630676,3.0098793506622314,-0.4694023132324219,1.0465121269226074,2.9662649631500244,-0.22118455171585083,1.0172511339187622,3.1523959636688232
-0.4347846508026123,0.11811679601669312,2.9699172973632812,-0.4514257311820984,-0.06481978297233582,2.967780828475952,-0.4687008559703827,-0.24769607186317444,2.9655189514160156,-0.48597651720046997,-0.43057781457901,2.9632568359375,-0.5313993096351624,-0.4270291328430176,2.9421749114990234,-0.6743926405906677,-0.4126993715763092,2.875709056854248,-0.7231208086013794,-0.13931652903556824,2.935262441635132,-0.7927293181419373,0.10420240461826324,3.0373759269714355,-0.8066509962081909,0.15290619432926178,3.0577986240386963,-0.834494411945343,0.25031375885009766,3.0986440181732178,-0.7628466486930847,0.20518353581428528,3.1090497970581055,-0.4407414495944977,-0.43611422181129456,2.984314441680908,-0.2977481484413147,-0.45044398307800293,3.0507802963256836,-0.21595333516597748,-0.17914310097694397,3.069876194000244,-0.15856848657131195,0.0802161693572998,3.133230209350586,-0.14709150791168213,0.13208802044391632,3.1459009647369385,-0.12413756549358368,0.23583172261714935,3.1712424755096436,-0.19256368279457092,0.20297913253307343,3.132293939590454,-0.5269584059715271,0.12695986032485962,2.9306724071502686,-0.5208783149719238,0.560452938079834,2.9937777519226074,-0.4957842230796814,0.948925793170929,3.00435471534729,-0.535414457321167,1.0460841655731201,3.1144306659698486,-0.3426108956336975,0.10927373170852661,3.009162187576294,-0.29177701473236084,0.535773515701294,3.0954716205596924,-0.24179694056510925,0.9163520932197571,3.1611578464508057,-0.27529218792915344,0.9991239905357361,3.284259080886841,-0.5428560972213745,-0.5585302114486694,3.0723328590393066,-0.5523817539215088,-0.6092239618301392,3.086958885192871,-0.5741392374038696,-0.6551185846328735,3.0512917041778564,-0.5849549770355225,-0.6615108251571655,2.9316859245300293,-0.5156574845314026,-0.6584295630455017,3.077903985977173,-0.41925662755966187,-0.6708918809890747,3.007087469100952,-0.47420942783355713,1.0460306406021118,2.9711883068084717,-0.2139718383550644,1.0156209468841553,3.142019510269165
-0.4305167496204376,0.11881008744239807,2.9693899154663086,-0.44728729128837585,-0.06415124237537384,2.967482566833496,-0.4646855294704437,-0.24705280363559723,2.9654698371887207,-0.4820843040943146,-0.42995983362197876,2.9634571075439453,-0.528128445148468,-0.4263662099838257,2.943753480911255,-0.6730905771255493,-0.41189321875572205,2.881627082824707,-0.7188405990600586,-0.13630816340446472,2.9334092140197754,-0.78296959400177,0.11205621063709259,3.027400016784668,-0.7957953810691833,0.16172908246517181,3.0461981296539307,-0.82144695520401,0.26107484102249146,3.083794355392456,-0.7497363090515137,0.21582382917404175,3.0934884548187256,-0.43622922897338867,-0.43554142117500305,2.9831385612487793,-0.2912670969963074,-0.4500144124031067,3.045264959335327,-0.21467462182044983,-0.17674791812896729,3.058703660964966,-0.1606220304965973,0.08461737632751465,3.116997480392456,-0.1498115062713623,0.1368904411792755,3.1286561489105225,-0.12819047272205353,0.24143655598163605,3.1519737243652344,-0.19719772040843964,0.20668470859527588,3.1157195568084717,-0.5237740874290466,0.12774091958999634,2.9326791763305664,-0.5177404284477234,0.5615115165710449,2.9949629306793213,-0.494935542345047,0.9502288103103638,3.0067899227142334,-0.5322650671005249,1.0466266870498657,3.118403196334839,-0.337259441614151,0.1098792552947998,3.006100654602051,-0.28890714049339294,0.5370990037918091,3.0910587310791016,-0.24082651734352112,0.9185428023338318,3.153907299041748,-0.2718735933303833,1.0015475749969482,3.277559280395508,-0.5270301699638367,-0.5574613809585571,3.0785715579986572,-0.5341761112213135,-0.6081366539001465,3.0946216583251953,-0.5576850175857544,-0.6550626158714294,3.061455488204956,-0.5779721140861511,-0.6635520458221436,2.943173885345459,-0.4971636235713959,-0.656680166721344,3.083294153213501,-0.4064948856830597,-0.6681351065635681,3.0050501823425293,-0.47489073872566223,1.0476685762405396,2.9735279083251953,-0.2144506275653839,1.0180224180221558,3.133639335632324
-0.4249321222305298,0.12095701694488525,2.966285228729248,-0.44150105118751526,-0.062027543783187866,2.964484453201294,-0.45875951647758484,-0.24494731426239014,2.9625816345214844,-0.4760185182094574,-0.42787256836891174,2.960678815841675,-0.5226131677627563,-0.4242883324623108,2.942310333251953,-0.6693442463874817,-0.4098416864871979,2.8843820095062256,-0.7120282649993896,-0.133100688457489,2.933058023452759,-0.7713197469711304,0.11763200163841248,3.0241646766662598,-0.7831780314445496,0.16777853667736053,3.042386054992676,-0.8068946003913879,0.26807162165641785,3.0788285732269287,-0.7351223826408386,0.22254343330860138,3.0868887901306152,-0.4296114444732666,-0.4334449768066406,2.9790265560150146,-0.28288036584854126,-0.44789162278175354,3.036954879760742,-0.21075913310050964,-0.17316341400146484,3.0469441413879395,-0.15976640582084656,0.0894416868686676,3.1028103828430176,-0.1495678573846817,0.1419627070426941,3.113983631134033,-0.129170760512352,0.24700474739074707,3.1363301277160645,-0.1985887736082077,0.21086421608924866,3.1022121906280518,-0.5191566944122314,0.12982621788978577,2.932007074356079,-0.5130411982536316,0.5637716054916382,2.9936270713806152,-0.49231380224227905,0.9526212215423584,3.0071582794189453,-0.5273792743682861,1.0481605529785156,3.120271921157837,-0.33070752024650574,0.11208782345056534,3.000563383102417,-0.2861480116844177,0.5399080514907837,3.084986686706543,-0.24144484102725983,0.9220740795135498,3.1463663578033447,-0.2705268859863281,1.004819631576538,3.270702362060547,-0.5106161832809448,-0.5555073618888855,3.079288959503174,-0.5156724452972412,-0.606225848197937,3.096060037612915,-0.5404484868049622,-0.6538334488868713,3.0647904872894287,-0.5684986114501953,-0.6634957194328308,2.9481422901153564,-0.4785462021827698,-0.6541447043418884,3.0825119018554688,-0.3931087553501129,-0.6643775701522827,2.9983532428741455,-0.47371619939804077,1.0503913164138794,2.973964214324951,-0.21684977412223816,1.021880865097046,3.1253809928894043
-0.41803184151649475,0.12346440553665161,2.962839365005493,-0.4340316355228424,-0.05959421396255493,2.9609780311584473,-0.45081835985183716,-0.24258112907409668,2.9590015411376953,-0.4676055908203125,-0.42557352781295776,2.9570250511169434,-0.5146620869636536,-0.42207396030426025,2.9398374557495117,-0.6628703474998474,-0.40789225697517395,2.8856327533721924,-0.7024877071380615,-0.1306343674659729,2.9345035552978516,-0.7574731707572937,0.12084537744522095,3.0265159606933594,-0.768470287322998,0.17114132642745972,3.0449185371398926,-0.790464460849762,0.27173322439193726,3.08172345161438,-0.7186784148216248,0.22584249079227448,3.0876076221466064,-0.4207315742969513,-0.4310619533061981,2.9741909503936768,-0.27252334356307983,-0.4452436566352844,3.028395652770996,-0.20472970604896545,-0.16925397515296936,3.0363659858703613,-0.1569346934556961,0.09424281120300293,3.0912914276123047,-0.14737568795681,0.1469421684741974,3.102276563644409,-0.12825769186019897,0.2523408830165863,3.124246835708618,-0.19787099957466125,0.21501371264457703,3.091773748397827,-0.5130343437194824,0.13209521770477295,2.9306459426879883,-0.5074333548545837,0.5661367177963257,2.991727828979492,-0.4890404939651489,0.9550411701202393,3.0072431564331055,-0.5223090648651123,1.049647331237793,3.1216821670532227,-0.3230293393135071,0.11483359336853027,2.995032787322998,-0.28460693359375,0.5433127284049988,3.079197883605957,-0.24511460959911346,0.9263654351234436,3.1386678218841553,-0.27307549118995667,1.0089796781539917,3.2633533477783203,-0.49391674995422363,-0.5538182258605957,3.0771994590759277,-0.4972618520259857,-0.6046340465545654,3.0941708087921143,-0.5228444933891296,-0.6526621580123901,3.0641708374023438,-0.5567452907562256,-0.6627854108810425,2.9490768909454346,-0.460086464881897,-0.6519508957862854,3.0786702632904053,-0.37893083691596985,-0.6607702970504761,2.9901583194732666,-0.47181999683380127,1.053140640258789,2.974268674850464,-0.22263020277023315,1.026511549949646,3.116929292678833
-0.4107566773891449,0.12588542699813843,2.960662841796875,-0.42597442865371704,-0.057272762060165405,2.9590702056884766,-0.4420519769191742,-0.24035649001598358,2.957364559173584,-0.45813000202178955,-0.4234457015991211,2.9556589126586914,-0.5056020021438599,-0.4201299846172333,2.939589738845825,-0.6551287174224854,-0.40652716159820557,2.888911247253418,-0.6903300285339355,-0.12877261638641357,2.9388229846954346,-0.7400050163269043,0.1230960488319397,3.0330076217651367,-0.749940037727356,0.17346978187561035,3.051844596862793,-0.7698100209236145,0.27421724796295166,3.0895185470581055,-0.6982859373092651,0.22763273119926453,3.093031644821167,-0.41083279252052307,-0.4287513792514801,2.9717094898223877,-0.2613060474395752,-0.4423542022705078,3.022387981414795,-0.19816142320632935,-0.16512393951416016,3.0282235145568848,-0.15393564105033875,0.09928807616233826,3.0821359157562256,-0.1450904905796051,0.15217047929763794,3.0929183959960938,-0.12740017473697662,0.2579352855682373,3.11448335647583,-0.19705912470817566,0.21932801604270935,3.083575963973999,-0.5064388513565063,0.13409829139709473,2.9304072856903076,-0.5016123056411743,0.5683799982070923,2.990295171737671,-0.4857887625694275,0.9573678970336914,3.0078461170196533,-0.5174901485443115,1.0510443449020386,3.1235177516937256,-0.31507450342178345,0.11767256259918213,2.9909183979034424,-0.28385186195373535,0.5469363927841187,3.0743939876556396,-0.2504523992538452,0.9310252666473389,3.1312286853790283,-0.27768397331237793,1.013779878616333,3.256009578704834,-0.477700412273407,-0.5515390634536743,3.077343702316284,-0.4796917140483856,-0.6023352742195129,3.094630002975464,-0.5059497952461243,-0.6508064270019531,3.0659189224243164,-0.5446291565895081,-0.6618168950080872,2.9523892402648926,-0.44262489676475525,-0.6492740511894226,3.07771635055542,-0.3652086555957794,-0.6574752330780029,2.9858157634735107,-0.46994712948799133,1.0558050870895386,2.9751391410827637,-0.230242058634758,1.0314700603485107,3.1085798740386963
-0.4041007459163666,0.1288725733757019,2.959533214569092,-0.4183351993560791,-0.05439174175262451,2.958186388015747,-0.43345504999160767,-0.23758427798748016,2.95672607421875,-0.44857534766197205,-0.42078232765197754,2.955265760421753,-0.4964185655117035,-0.4177163541316986,2.9402618408203125,-0.6471193432807922,-0.40490102767944336,2.8929452896118164,-0.6780245304107666,-0.1271221935749054,2.9457998275756836,-0.7228730916976929,0.12386369705200195,3.0447967052459717,-0.7318428158760071,0.1740608811378479,3.064596176147461,-0.7497822642326355,0.2744552493095398,3.1041948795318604,-0.6785486936569214,0.22727233171463013,3.1049606800079346,-0.40089645981788635,-0.4258393943309784,2.9702534675598145,-0.2501956820487976,-0.43865472078323364,3.0175700187683105,-0.18991811573505402,-0.16073575615882874,3.0236928462982178,-0.14789335429668427,0.10362672805786133,3.079836130142212,-0.13948839902877808,0.1564992219209671,3.091064691543579,-0.1226784884929657,0.26224422454833984,3.1135220527648926,-0.19249242544174194,0.22310234606266022,3.083606243133545,-0.5003836750984192,0.1365600973367691,2.931087017059326,-0.4965564012527466,0.5711532831192017,2.9892067909240723,-0.4831992983818054,0.9602334499359131,3.0079238414764404,-0.5134279131889343,1.0532716512680054,3.1245288848876953,-0.30781781673431396,0.1211850494146347,2.9879794120788574,-0.28368791937828064,0.5512927174568176,3.069765329360962,-0.2562307119369507,0.936464786529541,3.1226868629455566,-0.28282779455184937,1.0198519229888916,3.247209072113037,-0.46241626143455505,-0.548508882522583,3.078178644180298,-0.4632720947265625,-0.5992512106895447,3.0957541465759277,-0.49009010195732117,-0.6481228470802307,3.0682318210601807,-0.5327987670898438,-0.6600518226623535,2.956218957901001,-0.4263787865638733,-0.6459192633628845,3.0776960849761963,-0.3522833585739136,-0.6538084745407104,2.983034372329712,-0.46867072582244873,1.0589141845703125,2.975294589996338,-0.23821261525154114,1.0370597839355469,3.0988199710845947
-0.395643025636673,0.1315227746963501,2.9582324028015137,-0.408611923456192,-0.05184927582740784,2.95690655708313,-0.42246174812316895,-0.2351560890674591,2.955469846725464,-0.4363119900226593,-0.4184684157371521,2.9540328979492188,-0.4844945967197418,-0.41572046279907227,2.940077781677246,-0.6362643837928772,-0.40390852093696594,2.8960764408111572,-0.6630495190620422,-0.12657073140144348,2.953328847885132,-0.703402042388916,0.1224370002746582,3.0590364933013916,-0.7114725708961487,0.1722385436296463,3.0801780223846436,-0.7276135683059692,0.2718416452407837,3.1224610805511475,-0.6567077040672302,0.22421428561210632,3.1201844215393066,-0.38827991485595703,-0.42320865392684937,2.96797251701355,-0.23651014268398285,-0.4350205957889557,3.0119738578796387,-0.17874133586883545,-0.15666887164115906,3.021700382232666,-0.1391163468360901,0.10642918944358826,3.0850765705108643,-0.13119134306907654,0.15904879570007324,3.0977518558502197,-0.11534134298563004,0.2642880082130432,3.1231024265289307,-0.18519315123558044,0.22511881589889526,3.093308210372925,-0.49249398708343506,0.13856534659862518,2.9315614700317383,-0.4907974302768707,0.5734736323356628,2.9877431392669678,-0.4807010293006897,0.9626566171646118,3.0072085857391357,-0.5096946954727173,1.0551426410675049,3.124584913253784,-0.2987920641899109,0.12448019534349442,2.984903335571289,-0.28114569187164307,0.5553228855133057,3.0647010803222656,-0.2591361105442047,0.9414585828781128,3.1132712364196777,-0.28498178720474243,1.0256930589675903,3.2374002933502197,-0.4450162947177887,-0.5457969307899475,3.0778541564941406,-0.44481950998306274,-0.5964731574058533,3.095656394958496,-0.4720146358013153,-0.6457273364067078,3.0691914558410645,-0.5181213021278381,-0.6585609912872314,2.958621025085449,-0.40805429220199585,-0.6428657174110413,3.0766303539276123,-0.3369002938270569,-0.6504530906677246,2.9796979427337646,-0.4676710069179535,1.0615556240081787,2.974571704864502,-0.24318435788154602,1.0420923233032227,3.0880849361419678
-0.3858638107776642,0.13277068734169006,2.956587314605713,-0.3973311483860016,-0.05070972442626953,2.9551784992218018,-0.40967032313346863,-0.2341328114271164,2.9536705017089844,-0.4220098555088043,-0.4175613522529602,2.952162504196167,-0.47049203515052795,-0.4151947498321533,2.939201593399048,-0.6231687068939209,-0.40458813309669495,2.89835524559021,-0.6454189419746399,-0.1279311180114746,2.960477828979492,-0.6809073686599731,0.11861611902713776,3.073374032974243,-0.6880050301551819,0.16792556643486023,3.0959532260894775,-0.7022004127502441,0.2665444612503052,3.1411116123199463,-0.6317828297615051,0.21845760941505432,3.1357667446136475,-0.3736618161201477,-0.42192164063453674,2.965106964111328,-0.22098512947559357,-0.4325282573699951,3.005953311920166,-0.16557757556438446,-0.1539304554462433,3.020328998565674,-0.1284366101026535,0.1072140634059906,3.092541217803955,-0.12100841850042343,0.1594429612159729,3.1069836616516113,-0.10615203529596329,0.2639007568359375,3.135868549346924,-0.17592459917068481,0.22488126158714294,3.105721950531006,-0.48322024941444397,0.1390475332736969,2.931561231613159,-0.48484405875205994,0.5741931796073914,2.985894203186035,-0.47882080078125,0.9634389877319336,3.005826950073242,-0.5069350004196167,1.055422067642212,3.123811960220337,-0.2885073721408844,0.12649384140968323,2.9816133975982666,-0.2768424451351166,0.5579380393028259,3.0592424869537354,-0.26007723808288574,0.9448032379150391,3.1039650440216064,-0.28526443243026733,1.029778242111206,3.2277252674102783,-0.4264201819896698,-0.5439924001693726,3.077150821685791,-0.4253440201282501,-0.594529390335083,3.095329761505127,-0.45282891392707825,-0.6442079544067383,3.069965362548828,-0.5017292499542236,-0.6582736968994141,2.960740089416504,-0.3887137770652771,-0.6407824158668518,3.075692892074585,-0.32006967067718506,-0.6485680341720581,2.9769678115844727,-0.4674416482448578,1.0625265836715698,2.9731428623199463,-0.24609309434890747,1.0454332828521729,3.0776190757751465
-0.3754071891307831,0.1336636245250702,2.953591823577881,-0.3851533532142639,-0.049921855330467224,2.9517767429351807,-0.39575839042663574,-0.23345895111560822,2.9498841762542725,-0.40636375546455383,-0.41700154542922974,2.947991371154785,-0.4551224112510681,-0.4150616526603699,2.9360251426696777,-0.6086094975471497,-0.4058043658733368,2.8983445167541504,-0.6261383295059204,-0.12997108697891235,2.9652929306030273,-0.6564273834228516,0.11399027705192566,3.085031747817993,-0.6624851822853088,0.16278254985809326,3.1089794635772705,-0.6746008396148682,0.26036709547042847,3.156874895095825,-0.604791522026062,0.2118462324142456,3.148500919342041,-0.35772037506103516,-0.4209362864494324,2.95993709564209,-0.20423327386379242,-0.43019357323646545,2.997617721557617,-0.1522393524646759,-0.15123257040977478,3.016345500946045,-0.118331179022789,0.10797914862632751,3.0965418815612793,-0.11154954135417938,0.1598214954137802,3.112581253051758,-0.09798627346754074,0.2635061740875244,3.1446597576141357,-0.1675308346748352,0.2243284285068512,3.114223003387451,-0.4732506573200226,0.13908852636814117,2.930266857147217,-0.47910162806510925,0.5743648409843445,2.9835996627807617,-0.4778189957141876,0.9636436104774475,3.0044796466827393,-0.5051652789115906,1.054967999458313,3.123173952102661,-0.2775637209415436,0.1282387226819992,2.976916790008545,-0.27132803201675415,0.560089647769928,3.0531399250030518,-0.2596759796142578,0.9474098086357117,3.0958352088928223,-0.28411784768104553,1.0325943231582642,3.2196192741394043,-0.4074461758136749,-0.542311429977417,3.0742316246032715,-0.4057313799858093,-0.5926827788352966,3.092850923538208,-0.4335283637046814,-0.6427322626113892,3.068544387817383,-0.48473623394966125,-0.658041775226593,2.9605209827423096,-0.36930686235427856,-0.6389573812484741,3.0728421211242676,-0.3027752637863159,-0.6473461389541626,2.9726979732513428,-0.4682760238647461,1.0629616975784302,2.971874952316284,-0.24764467775821686,1.048121690750122,3.068805694580078
-0.3553602695465088,0.13619622588157654,2.9508795738220215,-0.3617453873157501,-0.04754146933555603,2.9482572078704834,-0.36885198950767517,-0.23125243186950684,2.945618152618408,-0.37595880031585693,-0.41496890783309937,2.942979097366333,-0.4253198504447937,-0.4139254093170166,2.9336438179016113,-0.5804705023765564,-0.4075024425983429,2.9043235778808594,-0.587698221206665,-0.13165634870529175,2.971062183380127,-0.6046783328056335,0.11320963501930237,3.090515613555908,-0.6080743670463562,0.16218283772468567,3.1144063472747803,-0.6148664355278015,0.2601292133331299,3.1621878147125244,-0.5469497442245483,0.2101077139377594,3.1496174335479736,-0.3266749680042267,-0.4180091321468353,2.9522855281829834,-0.17152433097362518,-0.42443209886550903,2.9816057682037354,-0.1298368126153946,-0.14454740285873413,3.004498243331909,-0.10304725170135498,0.11261826753616333,3.092047929763794,-0.09768933802843094,0.16405139863491058,3.109557867050171,-0.08697351068258286,0.2669176757335663,3.144577741622925,-0.1560681313276291,0.22588025033473969,3.116034746170044,-0.4543199837207794,0.1399000734090805,2.932321071624756,-0.4642844796180725,0.5754406452178955,2.9838173389434814,-0.4681558907032013,0.9648626446723938,3.00362229347229,-0.4911518394947052,1.056164264678955,3.123304605484009,-0.25640055537223816,0.13249237835407257,2.969438076019287,-0.2544008195400238,0.5646239519119263,3.0449702739715576,-0.24760650098323822,0.9523604512214661,3.0858476161956787,-0.2676019072532654,1.0376182794570923,3.2104265689849854,-0.3697550296783447,-0.5372794270515442,3.0719563961029053,-0.3668762147426605,-0.5871931910514832,3.091618537902832,-0.3958158791065216,-0.6378370523452759,3.0700478553771973,-0.4528191387653351,-0.6557505130767822,2.9653947353363037,-0.3314734697341919,-0.6338592171669006,3.070725440979004,-0.2705156207084656,-0.6444799304008484,2.9673140048980713,-0.4617810547351837,1.0642361640930176,2.970329761505127,-0.23867659270763397,1.0531866550445557,3.0579471588134766
-0.3452112376689911,0.13842570781707764,2.9518556594848633,-0.34863343834877014,-0.04538831114768982,2.948654890060425,-0.35265007615089417,-0.22919070720672607,2.945476531982422,-0.35666683316230774,-0.41299861669540405,2.94229793548584,-0.40620437264442444,-0.4127701222896576,2.933877468109131,-0.5617644190788269,-0.40891414880752563,2.9074771404266357,-0.5674731135368347,-0.1325659453868866,2.9703779220581055,-0.5812499523162842,0.11498144268989563,3.083627462387085,-0.5840052962303162,0.16449092328548431,3.1062774658203125,-0.5895160436630249,0.2635098695755005,3.1515772342681885,-0.5220950245857239,0.21309541165828705,3.1387720108032227,-0.307172954082489,-0.4152248799800873,2.950684070587158,-0.15161290764808655,-0.41908085346221924,2.9770843982696533,-0.11767686158418655,-0.13864511251449585,3.000782012939453,-0.09664902091026306,0.11852291226387024,3.0886309146881104,-0.09244345128536224,0.1699565201997757,3.106200695037842,-0.0840323194861412,0.2728237211704254,3.1413402557373047,-0.15234659612178802,0.22997498512268066,3.1139845848083496,-0.44451555609703064,0.1405695378780365,2.9349143505096436,-0.45813074707984924,0.5761032700538635,2.9859085083007812,-0.46540629863739014,0.9656161069869995,3.003406047821045,-0.4872397482395172,1.0574485063552856,3.1229143142700195,-0.24590691924095154,0.13628187775611877,2.968796968460083,-0.2470943033695221,0.5685532093048096,3.043733596801758,-0.24365665018558502,0.9564032554626465,3.084228992462158,-0.2624291479587555,1.0415611267089844,3.209080219268799,-0.34989458322525024,-0.5337884426116943,3.0726535320281982,-0.34696531295776367,-0.5834681391716003,3.092881441116333,-0.37607941031455994,-0.634321928024292,3.07206654548645,-0.433674156665802,-0.6533887982368469,2.9679532051086426,-0.31173470616340637,-0.6304150819778442,3.0723440647125244,-0.2513641119003296,-0.6423193216323853,2.9687390327453613,-0.46055367588996887,1.064842939376831,2.969402551651001,-0.2362532615661621,1.0573006868362427,3.056110382080078
-0.3369729220867157,0.14064159989356995,2.9562041759490967,-0.3375885486602783,-0.04320862889289856,2.953009843826294,-0.3385765552520752,-0.227058544754982,2.949892520904541,-0.33956459164619446,-0.41091397404670715,2.946775197982788,-0.3892327547073364,-0.4115176200866699,2.939173460006714,-0.5450499653816223,-0.41027677059173584,2.915376663208008,-0.5507044792175293,-0.13331210613250732,2.972196340560913,-0.5627642869949341,0.11746406555175781,3.0766115188598633,-0.565176248550415,0.16761930286884308,3.097494602203369,-0.570000171661377,0.2679297924041748,3.1392605304718018,-0.5028834939002991,0.21735632419586182,3.1268553733825684,-0.28990718722343445,-0.41230857372283936,2.954342842102051,-0.13408997654914856,-0.41354942321777344,2.978139638900757,-0.10662691295146942,-0.13293322920799255,2.999823570251465,-0.09014376252889633,0.12501394748687744,3.084252119064331,-0.08684713393449783,0.17660339176654816,3.10113787651062,-0.08025387674570084,0.2797822654247284,3.1349093914031982,-0.14784608781337738,0.23516014218330383,3.1092894077301025,-0.43654969334602356,0.14124338328838348,2.9407594203948975,-0.4524097442626953,0.5767293572425842,2.9917285442352295,-0.4617900848388672,0.9663166999816895,3.006908893585205,-0.48230037093162537,1.058776617050171,3.126178503036499,-0.23739615082740784,0.1400398164987564,2.971648931503296,-0.24105659127235413,0.5725309252738953,3.045374631881714,-0.24038159847259521,0.9604548215866089,3.0855162143707275,-0.2579426169395447,1.0455628633499146,3.210588216781616,-0.3317587375640869,-0.5299908518791199,3.078632116317749,-0.32858580350875854,-0.5793960690498352,3.0994811058044434,-0.35767441987991333,-0.6305885314941406,3.0794832706451416,-0.41578051447868347,-0.6511465907096863,2.9759440422058105,-0.29334208369255066,-0.6265096664428711,3.0793583393096924,-0.23350554704666138,-0.6395896673202515,2.975590229034424,-0.45808011293411255,1.065359115600586,2.972212553024292,-0.23430293798446655,1.0613933801651,3.057206153869629
-0.32971715927124023,0.14189940690994263,2.960684299468994,-0.3273375332355499,-0.041945189237594604,2.957824230194092,-0.3251466155052185,-0.22579409182071686,2.9550914764404297,-0.3229556381702423,-0.40964847803115845,2.9523584842681885,-0.3727128505706787,-0.4111388921737671,2.945491075515747,-0.52860027551651,-0.4126775562763214,2.924027681350708,-0.534368097782135,-0.13509836792945862,2.9728095531463623,-0.5450403094291687,0.11931923031806946,3.065685510635376,-0.5471747517585754,0.17020274698734283,3.0842607021331787,-0.5514436364173889,0.2719697952270508,3.121411085128784,-0.4846601188182831,0.2211591899394989,3.11006498336792,-0.27317461371421814,-0.4101564288139343,2.959196090698242,-0.11728717386722565,-0.40861776471138,2.9806594848632812,-0.09611354023218155,-0.12807947397232056,2.9983537197113037,-0.08408072590827942,0.1312370002269745,3.076317310333252,-0.08167416602373123,0.18310029804706573,3.0919101238250732,-0.07686103880405426,0.28682687878608704,3.1230955123901367,-0.14361891150474548,0.2403171956539154,3.09962797164917,-0.42950868606567383,0.14082561433315277,2.94667911529541,-0.445840060710907,0.5761821269989014,2.99910044670105,-0.4557577669620514,0.9658629894256592,3.012840509414673,-0.4745465815067291,1.0587855577468872,3.1320607662200928,-0.22992564737796783,0.14297319948673248,2.974689483642578,-0.2370496690273285,0.5757071375846863,3.047081470489502,-0.24004261195659637,0.9636763334274292,3.0871968269348145,-0.2566569745540619,1.0486236810684204,3.2125322818756104,-0.31333720684051514,-0.5269354581832886,3.0856919288635254,-0.3096289038658142,-0.5760384798049927,3.1071574687957764,-0.33842733502388,-0.6277191638946533,3.088013172149658,-0.3970257043838501,-0.6500881910324097,2.985128879547119,-0.2741324007511139,-0.6231241822242737,3.0874171257019043,-0.21485668420791626,-0.6370689868927002,2.9834399223327637,-0.4528007209300995,1.0647823810577393,2.9776804447174072,-0.23550213873386383,1.0646835565567017,3.0587902069091797
-0.3249529302120209,0.14208421111106873,2.9652814865112305,-0.31955328583717346,-0.041703224182128906,2.9627201557159424,-0.31414109468460083,-0.22549261152744293,2.9603323936462402,-0.30872875452041626,-0.4092875123023987,2.957944631576538,-0.3585425019264221,-0.41167405247688293,2.951770305633545,-0.5143617987632751,-0.41601234674453735,2.932508945465088,-0.5207165479660034,-0.13807332515716553,2.9731407165527344,-0.53073650598526,0.11947128176689148,3.0541110038757324,-0.5327404737472534,0.17098020017147064,3.070305109024048,-0.536748468875885,0.27399805188179016,3.1026930809020996,-0.4702017903327942,0.22306492924690247,3.0926547050476074,-0.2588561773300171,-0.40889859199523926,2.964092969894409,-0.10303689539432526,-0.40456029772758484,2.983354330062866,-0.0859081894159317,-0.12445846199989319,2.9971742630004883,-0.07630793750286102,0.13604632019996643,3.068103075027466,-0.07438788563013077,0.18814727663993835,3.0822887420654297,-0.07054778188467026,0.2923491895198822,3.1106603145599365,-0.1367836892604828,0.24452713131904602,3.0894644260406494,-0.4249087870121002,0.13932257890701294,2.9527204036712646,-0.4405713677406311,0.5743273496627808,3.0086498260498047,-0.4499843716621399,0.9640990495681763,3.0216588973999023,-0.466708242893219,1.0573209524154663,3.140979528427124,-0.22499707341194153,0.1448458433151245,2.9778425693511963,-0.23436985909938812,0.5778355598449707,3.048797845840454,-0.23991471529006958,0.9658366441726685,3.0888514518737793,-0.2552963197231293,1.0507079362869263,3.214421033859253,-0.2960892915725708,-0.5250343680381775,3.092372417449951,-0.2914749085903168,-0.5738558173179626,3.114302635192871,-0.3197513222694397,-0.6261270046234131,3.0959970951080322,-0.3791055679321289,-0.6503757238388062,2.9939723014831543,-0.25553470849990845,-0.6206522583961487,3.0946731567382812,-0.1971585750579834,-0.6348639726638794,2.9902210235595703,-0.44754740595817566,1.0629489421844482,2.9862217903137207,-0.23663580417633057,1.0668798685073853,3.0603461265563965
-0.3217737078666687,0.14078950881958008,2.9786078929901123,-0.31323516368865967,-0.042888373136520386,2.976365327835083,-0.3045276403427124,-0.22656062245368958,2.9743175506591797,-0.29581984877586365,-0.4102383852005005,2.9722697734832764,-0.3456604778766632,-0.4135403037071228,2.9667577743530273,-0.5013102889060974,-0.42072799801826477,2.9495952129364014,-0.5086185932159424,-0.14258131384849548,2.981905221939087,-0.5185571312904358,0.1177111268043518,3.0504066944122314,-0.5205448269844055,0.16976961493492126,3.0641069412231445,-0.5245202779769897,0.2738865911960602,3.09150767326355,-0.45811134576797485,0.2229146510362625,3.0830252170562744,-0.24588458240032196,-0.40893280506134033,2.97775936126709,-0.09023478627204895,-0.40174511075019836,2.994921922683716,-0.07587899267673492,-0.12218970060348511,3.005199432373047,-0.0676877573132515,0.1393662989139557,3.0689549446105957,-0.06604950875043869,0.1916774958372116,3.0817060470581055,-0.06277301162481308,0.29629990458488464,3.107208251953125,-0.12865599989891052,0.2475164234638214,3.0882387161254883,-0.4218328893184662,0.1362745761871338,2.96743106842041,-0.43667957186698914,0.5708224773406982,3.027374505996704,-0.4454381763935089,0.9607036113739014,3.0387630462646484,-0.4600743353366852,1.0544965267181396,3.1579320430755615,-0.22171452641487122,0.14530444145202637,2.9897847175598145,-0.2328995019197464,0.5786250829696655,3.0587313175201416,-0.24057231843471527,0.9666740894317627,3.098390579223633,-0.25466954708099365,1.0516126155853271,3.224085807800293,-0.27909716963768005,-0.5245617628097534,3.107469320297241,-0.27324655652046204,-0.5730963945388794,3.12973952293396,-0.30077463388442993,-0.6260502338409424,3.1122734546661377,-0.36107710003852844,-0.6522985696792603,3.0113039016723633,-0.2366984486579895,-0.6193713545799255,3.1099953651428223,-0.1795279085636139,-0.6333751678466797,3.004849672317505,-0.4434790015220642,1.0593997240066528,3.002836227416992,-0.23843084275722504,1.0677108764648438,3.069711923599243
-0.3197118043899536,0.13738876581192017,2.9857754707336426,-0.308012455701828,-0.04612314701080322,2.9830682277679443,-0.2960832715034485,-0.22962313890457153,2.9805643558502197,-0.2841537296772003,-0.4131286144256592,2.978060245513916,-0.3340003490447998,-0.4173043966293335,2.9731976985931396,-0.48934438824653625,-0.42719724774360657,2.9581053256988525,-0.49789920449256897,-0.14918187260627747,2.9840190410614014,-0.5082600712776184,0.11293679475784302,3.0417797565460205,-0.5103322267532349,0.16536052525043488,3.0533318519592285,-0.5144765377044678,0.2702080011367798,3.0764360427856445,-0.4481099843978882,0.2193499654531479,3.0693116188049316,-0.23417742550373077,-0.410947322845459,2.982895851135254,-0.07883338630199432,-0.4010544717311859,2.997988224029541,-0.06462998688220978,-0.12224599719047546,3.0080556869506836,-0.055571965873241425,0.13921654224395752,3.068925380706787,-0.053760360926389694,0.19150905311107635,3.081099271774292,-0.050137151032686234,0.29609405994415283,3.105447292327881,-0.11610167473554611,0.2472616732120514,3.0879571437835693,-0.41983282566070557,0.13114899396896362,2.9760684967041016,-0.4350396394729614,0.5647640824317932,3.0425801277160645,-0.4442030191421509,0.9547184109687805,3.0520851612091064,-0.45688149333000183,1.0491220951080322,3.1710121631622314,-0.21959076821804047,0.1436285376548767,2.9954824447631836,-0.23426561057567596,0.5770773887634277,3.0631864070892334,-0.2454298585653305,0.9651597738265991,3.101994752883911,-0.25848880410194397,1.0502855777740479,3.2276906967163086,-0.2625679075717926,-0.5271230340003967,3.1128578186035156,-0.25529009103775024,-0.5755326747894287,3.1349844932556152,-0.2820076644420624,-0.6290526986122131,3.1179819107055664,-0.34356844425201416,-0.6565366387367249,3.0181002616882324,-0.21813596785068512,-0.6210206747055054,3.114546298980713,-0.16259866952896118,-0.6337792873382568,3.008366107940674,-0.44303134083747864,1.0532352924346924,3.015611171722412,-0.24479830265045166,1.0661453008651733,3.0730321407318115
-0.3187406063079834,0.13241589069366455,3.00215482711792,-0.30361080169677734,-0.050871118903160095,2.9982807636260986,-0.2881295382976532,-0.23413057625293732,2.994492530822754,-0.27264779806137085,-0.41739553213119507,2.99070405960083,-0.3225289583206177,-0.4225398302078247,2.9871737957000732,-0.4776197671890259,-0.4354162812232971,2.9762799739837646,-0.4880325496196747,-0.15751472115516663,2.99601149559021,-0.4991935193538666,0.10602045059204102,3.0438408851623535,-0.5014256834983826,0.1587274819612503,3.0534067153930664,-0.5058900713920593,0.2641415596008301,3.0725386142730713,-0.4394209086894989,0.21363992989063263,3.0658106803894043,-0.2225983887910843,-0.41424310207366943,2.9941930770874023,-0.06750756502151489,-0.401366651058197,3.005086898803711,-0.05333908274769783,-0.12311351299285889,3.0151610374450684,-0.04278025031089783,0.13827180862426758,3.073720693588257,-0.04066848382353783,0.1905488669872284,3.085432529449463,-0.036444950848817825,0.2951030135154724,3.108856439590454,-0.10270386934280396,0.24622240662574768,3.093550443649292,-0.418964684009552,0.12428747117519379,2.995304584503174,-0.4339620769023895,0.5576702952384949,3.0634610652923584,-0.4438679814338684,0.9477359652519226,3.0629520416259766,-0.4531313180923462,1.0452325344085693,3.179685354232788,-0.2185165286064148,0.14054431021213531,3.009005069732666,-0.23670953512191772,0.5747336745262146,3.0709691047668457,-0.251532644033432,0.9633419513702393,3.1028053760528564,-0.2621108889579773,1.0506923198699951,3.227208375930786,-0.2372029423713684,-0.5370229482650757,3.1182045936584473,-0.22668369114398956,-0.5862610936164856,3.137402296066284,-0.2529289722442627,-0.6400264501571655,3.1197588443756104,-0.3210960030555725,-0.665129542350769,3.0231523513793945,-0.18959860503673553,-0.6295160055160522,3.1120147705078125,-0.14165998995304108,-0.6353498101234436,3.0012104511260986,-0.4440821707248688,1.0452589988708496,3.0238711833953857,-0.252947598695755,1.0637612342834473,3.0719499588012695
-0.32076048851013184,0.12402758002281189,3.062629461288452,-0.3005755841732025,-0.05931296944618225,3.0593912601470947,-0.2799217700958252,-0.24260148406028748,3.0561635494232178,-0.2592673599720001,-0.42589545249938965,3.052935838699341,-0.3092414140701294,-0.43253085017204285,3.0526530742645264,-0.4639434218406677,-0.4499489665031433,3.0518341064453125,-0.47556769847869873,-0.1716901659965515,3.0414085388183594,-0.48622941970825195,0.09526702761650085,3.0621955394744873,-0.48836177587509155,0.14865846931934357,3.0663528442382812,-0.49262645840644836,0.2554413676261902,3.0746676921844482,-0.4262421131134033,0.2046957015991211,3.0694868564605713,-0.20906879007816315,-0.4212522804737091,3.0531833171844482,-0.05436679720878601,-0.40383416414260864,3.054002285003662,-0.03523733466863632,-0.12579503655433655,3.0537335872650146,-0.016967693343758583,0.1387457251548767,3.0924158096313477,-0.013313764706254005,0.19165387749671936,3.1001522541046143,-0.006005908362567425,0.29747018218040466,3.1156251430511475,-0.07382263988256454,0.24897663295269012,3.108002185821533,-0.4210367202758789,0.11299221962690353,3.062370538711548,-0.4269518256187439,0.5492271184921265,3.110793352127075,-0.4331444501876831,0.936833381652832,3.0664703845977783,-0.433641642332077,1.0470495223999023,3.1716794967651367,-0.22048425674438477,0.13506293296813965,3.0628883838653564,-0.24287134408950806,0.570724368095398,3.1116583347320557,-0.2629362940788269,0.9597537517547607,3.1339077949523926,-0.26720187067985535,1.0503661632537842,3.256333351135254,-0.20753967761993408,-0.5544723868370056,3.166703224182129,-0.1942095160484314,-0.6050206422805786,3.18086838722229,-0.2218400090932846,-0.6581404209136963,3.162275791168213,-0.3009048104286194,-0.6775651574134827,3.07210111618042,-0.15965399146080017,-0.6457360982894897,3.148020029067993,-0.1247110441327095,-0.6424195170402527,3.031709909439087,-0.4350429177284241,1.0292967557907104,3.0166263580322266,-0.2682027518749237,1.0592260360717773,3.100515842437744
-0.33266404271125793,0.1150769591331482,3.1334972381591797,-0.31056636571884155,-0.0684630423784256,3.131804943084717,-0.28791356086730957,-0.25193408131599426,3.1299784183502197,-0.26526007056236267,-0.43541061878204346,3.1281518936157227,-0.3152374029159546,-0.442610502243042,3.1298484802246094,-0.4696120619773865,-0.4617231786251068,3.1351068019866943,-0.4847410023212433,-0.18517926335334778,3.1044132709503174,-0.4974755346775055,0.08232986927032471,3.1125497817993164,-0.5000224113464355,0.13583168387413025,3.1141769886016846,-0.5051162242889404,0.24283532798290253,3.117431640625,-0.43842294812202454,0.19248515367507935,3.112582206726074,-0.21503649652004242,-0.4302048981189728,3.1264355182647705,-0.06066185235977173,-0.41109222173690796,3.1211771965026855,-0.0357036292552948,-0.13389185070991516,3.1075921058654785,-0.010856514796614647,0.13243138790130615,3.1232144832611084,-0.005887092091143131,0.18569603562355042,3.1263389587402344,0.0040517533197999,0.29222533106803894,3.1325879096984863,-0.06492549180984497,0.24481871724128723,3.131401538848877,-0.43281495571136475,0.10298455506563187,3.137242555618286,-0.43008461594581604,0.5417838096618652,3.152635335922241,-0.432199090719223,0.9220597743988037,3.0648114681243896,-0.42755696177482605,1.0434778928756714,3.156822443008423,-0.23251314461231232,0.12716935575008392,3.1297519207000732,-0.25679051876068115,0.56333988904953,3.1739680767059326,-0.2792328894138336,0.9524083137512207,3.19516658782959,-0.2794427275657654,1.0436227321624756,3.317272186279297,-0.20566795766353607,-0.5710500478744507,3.229975938796997,-0.19154010713100433,-0.6225072741508484,3.240037202835083,-0.22083711624145508,-0.6745150089263916,3.220337152481079,-0.3067578077316284,-0.6884067058563232,3.135124683380127,-0.15967264771461487,-0.6612717509269714,3.2021822929382324,-0.1334584653377533,-0.6508840322494507,3.0836856365203857,-0.43445128202438354,1.0083457231521606,3.004866600036621,-0.28664374351501465,1.0516929626464844,3.1615309715270996
-0.3484387993812561,0.1077638566493988,3.2028703689575195,-0.3249947130680084,-0.07628066837787628,3.201941967010498,-0.30088526010513306,-0.260237455368042,3.2007150650024414,-0.2767750918865204,-0.44419974088668823,3.1994881629943848,-0.32677313685417175,-0.45179373025894165,3.203129291534424,-0.4806494116783142,-0.4720354974269867,3.2143266201019287,-0.5012227296829224,-0.19732102751731873,3.1707537174224854,-0.5172562003135681,0.07034093141555786,3.175351858139038,-0.5204628705978394,0.12387332320213318,3.176271438598633,-0.5268762707710266,0.2309381067752838,3.1781105995178223,-0.45965832471847534,0.18133386969566345,3.1717336177825928,-0.226514995098114,-0.4386052191257477,3.195833683013916,-0.07263870537281036,-0.41836345195770264,3.184636354446411,-0.04211067408323288,-0.14204147458076477,3.162184238433838,-0.01153397373855114,0.12437844276428223,3.159609317779541,-0.005418633576482534,0.1776624321937561,3.1590943336486816,0.0068120467476546764,0.28423041105270386,3.158064365386963,-0.06312987953424454,0.23830866813659668,3.1624033451080322,-0.4483869671821594,0.09499377012252808,3.2104878425598145,-0.43650150299072266,0.5350805521011353,3.1844122409820557,-0.4346228539943695,0.9018230438232422,3.0459437370300293,-0.42532289028167725,1.0348927974700928,3.1210548877716064,-0.24849063158035278,0.12053394317626953,3.1952528953552246,-0.2730668783187866,0.5586957335472107,3.2389321327209473,-0.2962939739227295,0.9493517875671387,3.2618563175201416,-0.2920895516872406,1.0407447814941406,3.3845975399017334,-0.2094516009092331,-0.5855593681335449,3.2887368202209473,-0.19462279975414276,-0.6375925540924072,3.294752359390259,-0.22552618384361267,-0.6886163949966431,3.27443790435791,-0.31809312105178833,-0.6979416012763977,3.195344924926758,-0.1657961905002594,-0.6741549968719482,3.252286672592163,-0.14885815978050232,-0.6569676399230957,3.132582664489746,-0.43709662556648254,0.9797139167785645,2.974750518798828,-0.3054378032684326,1.0491061210632324,3.228584051132202
-0.36755263805389404,0.09574392437934875,3.286336660385132,-0.34302788972854614,-0.08880288898944855,3.2854676246643066,-0.31774845719337463,-0.27324599027633667,3.2842674255371094,-0.29246824979782104,-0.4576945900917053,3.283067226409912,-0.34241002798080444,-0.4655974507331848,3.2887051105499268,-0.495572030544281,-0.4867018759250641,3.3059682846069336,-0.5196964740753174,-0.21370643377304077,3.2514259815216064,-0.5366091728210449,0.054439276456832886,3.25350022315979,-0.5399917364120483,0.10806842148303986,3.2539150714874268,-0.5467568039894104,0.2153266966342926,3.2547447681427,-0.4794921278953552,0.16578702628612518,3.2465429306030273,-0.24225173890590668,-0.4517964720726013,3.277416229248047,-0.08908975124359131,-0.43069204688072205,3.26015305519104,-0.0554635263979435,-0.15529337525367737,3.226863145828247,-0.022333145141601562,0.1102566123008728,3.2028205394744873,-0.015707068145275116,0.16336661577224731,3.198012113571167,-0.0024549150839447975,0.26958662271499634,3.1883950233459473,-0.07276508212089539,0.22492766380310059,3.198789358139038,-0.4671837091445923,0.08244936913251877,3.297891855239868,-0.4455804228782654,0.5208482146263123,3.241424322128296,-0.4395994246006012,0.8758844137191772,3.072136640548706,-0.42514652013778687,1.0149506330490112,3.1357784271240234,-0.2679215669631958,0.10903847962617874,3.2747814655303955,-0.29264628887176514,0.548971951007843,3.315964937210083,-0.31668969988822937,0.9410908222198486,3.336200714111328,-0.30810531973838806,1.0339778661727905,3.4582533836364746,-0.21752941608428955,-0.6001360416412354,3.364755153656006,-0.20187287032604218,-0.6522062420845032,3.368760585784912,-0.2338489145040512,-0.7032339572906494,3.3498709201812744,-0.3320859968662262,-0.7120741605758667,3.2775685787200928,-0.1759468913078308,-0.6878458261489868,3.3235855102539062,-0.16803023219108582,-0.6684743762016296,3.2030932903289795,-0.44242340326309204,0.9478744268417358,2.9944934844970703,-0.32756564021110535,1.0408347845077515,3.3022615909576416
-0.37886157631874084,0.09107258915901184,3.301919460296631,-0.35349786281585693,-0.09377424418926239,3.300028085708618,-0.3273305892944336,-0.2785061001777649,3.2978692054748535,-0.3011625409126282,-0.4632434844970703,3.2957100868225098,-0.3508961796760559,-0.471403032541275,3.303457498550415,-0.503084659576416,-0.4932372272014618,3.3271329402923584,-0.5287666320800781,-0.2216632068157196,3.2649753093719482,-0.5444047451019287,0.04689896106719971,3.2649471759796143,-0.5475323796272278,0.10061140358448029,3.264941453933716,-0.5537875890731812,0.20803627371788025,3.264930248260498,-0.48700037598609924,0.15802961587905884,3.254824161529541,-0.2511444687843323,-0.4570918381214142,3.2879393100738525,-0.09895601868629456,-0.4352576434612274,3.264263868331909,-0.06492486596107483,-0.16074952483177185,3.222278356552124,-0.03234812989830971,0.10305675864219666,3.180863380432129,-0.025832783430814743,0.15581801533699036,3.1725804805755615,-0.012802088633179665,0.26134052872657776,3.1560144424438477,-0.08279308676719666,0.217611163854599,3.1718995571136475,-0.4779950976371765,0.0773094892501831,3.31760835647583,-0.4463462829589844,0.5148824453353882,3.256361246109009,-0.4363192915916443,0.870305061340332,3.087202787399292,-0.4154404103755951,1.0088839530944824,3.1504769325256348,-0.2797280550003052,0.10483568906784058,3.2862305641174316,-0.3053884506225586,0.5454974174499512,3.3234026432037354,-0.33123263716697693,0.9381178021430969,3.3382914066314697,-0.3184155225753784,1.0331239700317383,3.458512783050537,-0.2176651954650879,-0.6034703254699707,3.372966766357422,-0.2007392942905426,-0.6552139520645142,3.3762717247009277,-0.23302075266838074,-0.7070432305335999,3.360212802886963,-0.33612316846847534,-0.71846604347229,3.2953479290008545,-0.17748118937015533,-0.690829873085022,3.329615354537964,-0.17876103520393372,-0.6725283265113831,3.2086546421051025,-0.4399365782737732,0.9425863027572632,3.009725332260132,-0.34411972761154175,1.0373225212097168,3.303180456161499
-0.3811087906360626,0.09542125463485718,3.2567505836486816,-0.35525599122047424,-0.0895194262266159,3.2534067630767822,-0.3285945653915405,-0.274341881275177,3.249879837036133,-0.30193233489990234,-0.459169864654541,3.2463529109954834,-0.3513079285621643,-0.4675067365169525,3.256232738494873,-0.5021222233772278,-0.489837646484375,3.2863805294036865,-0.5269443392753601,-0.2189342975616455,3.2208564281463623,-0.539293110370636,0.0498327910900116,3.219179630279541,-0.5417628884315491,0.10358621180057526,3.218844175338745,-0.5467023849487305,0.21109303832054138,3.2181735038757324,-0.4809005558490753,0.16017287969589233,3.206231117248535,-0.2522669732570648,-0.4528418481349945,3.2364344596862793,-0.10145267844200134,-0.430510938167572,3.206286668777466,-0.07123710960149765,-0.15606990456581116,3.1608192920684814,-0.043144822120666504,0.10698553919792175,3.1117916107177734,-0.037526365369558334,0.15959662199020386,3.1019861698150635,-0.026289448142051697,0.26481878757476807,3.0823750495910645,-0.09510147571563721,0.2208370566368103,3.102271556854248,-0.47955408692359924,0.08130098134279251,3.2765862941741943,-0.43732988834381104,0.5201141238212585,3.232611894607544,-0.4217109978199005,0.8868116140365601,3.089890480041504,-0.39305755496025085,1.0194683074951172,3.1622157096862793,-0.282663494348526,0.10954152792692184,3.236914873123169,-0.31008821725845337,0.5504856109619141,3.2699270248413086,-0.33841410279273987,0.9431294202804565,3.280362606048584,-0.3215640187263489,1.0399422645568848,3.3986551761627197,-0.20516592264175415,-0.5923962593078613,3.3204891681671143,-0.18539300560951233,-0.6431156396865845,3.3239336013793945,-0.2162138819694519,-0.6969839334487915,3.312307357788086,-0.3236844539642334,-0.7156606912612915,3.2568840980529785,-0.1643376648426056,-0.6791864037513733,3.276578903198242,-0.17670181393623352,-0.6652342081069946,3.155653476715088,-0.4260558485984802,0.9648252129554749,3.0182082653045654,-0.3534727692604065,1.0417397022247314,3.244410276412964
-0.37677061557769775,0.10545119643211365,3.1802830696105957,-0.350648432970047,-0.07941664755344391,3.1749370098114014,-0.3238629698753357,-0.26418811082839966,3.1695404052734375,-0.2970767021179199,-0.4489651024341583,3.1641438007354736,-0.34592825174331665,-0.457427442073822,3.176280975341797,-0.4945734143257141,-0.4800538420677185,3.213191509246826,-0.5173574686050415,-0.20871177315711975,3.149094820022583,-0.5254791975021362,0.06014165282249451,3.1476407051086426,-0.5271035432815552,0.11391234397888184,3.1473498344421387,-0.5303522348403931,0.2214537262916565,3.146768093109131,-0.46588051319122314,0.1695024073123932,3.1324210166931152,-0.24793404340744019,-0.44251102209091187,3.1519477367401123,-0.09928888082504272,-0.4198846220970154,3.115037202835083,-0.0755850225687027,-0.1441272795200348,3.0744166374206543,-0.05362190306186676,0.12053942680358887,3.03176212310791,-0.04922927916049957,0.17347276210784912,3.023231267929077,-0.0404440313577652,0.27933943271636963,3.006169557571411,-0.10754068940877914,0.23377907276153564,3.0281620025634766,-0.4742388129234314,0.0909787192940712,3.204490900039673,-0.4233952462673187,0.5306283831596375,3.1885440349578857,-0.40172916650772095,0.9103493690490723,3.087003707885742,-0.3648657202720642,1.0330084562301636,3.1720237731933594,-0.2793024182319641,0.1199236735701561,3.1560752391815186,-0.3111106753349304,0.5603960752487183,3.189293384552002,-0.34411826729774475,0.952515721321106,3.2002713680267334,-0.32341468334198,1.049777626991272,3.3175065517425537,-0.19097664952278137,-0.5769434571266174,3.234768867492676,-0.16935287415981293,-0.6269183158874512,3.2381646633148193,-0.19914184510707855,-0.6820399761199951,3.2302358150482178,-0.3096126914024353,-0.7056403756141663,3.1831581592559814,-0.15051935613155365,-0.6637075543403625,3.1904101371765137,-0.17184895277023315,-0.6536985039710999,3.0703186988830566,-0.4067949652671814,0.9960366487503052,3.0248169898986816,-0.3620219826698303,1.0508016347885132,3.1648523807525635
-0.3695814311504364,0.11452183127403259,3.1097922325134277,-0.34347206354141235,-0.07034921646118164,3.1029107570648193,-0.31691884994506836,-0.2551606297492981,3.096126079559326,-0.2903648316860199,-0.43997758626937866,3.089341163635254,-0.33856672048568726,-0.4484633803367615,3.1038811206817627,-0.48412787914276123,-0.4709884226322174,3.1477692127227783,-0.5050358772277832,-0.19900783896446228,3.087592840194702,-0.5095913410186768,0.06954720616340637,3.086103916168213,-0.5105024576187134,0.12325821816921234,3.085806131362915,-0.5123246312141418,0.23068022727966309,3.0852105617523193,-0.44930803775787354,0.17792707681655884,3.0682594776153564,-0.24187436699867249,-0.43350058794021606,3.0747272968292236,-0.09631319344043732,-0.41097554564476013,3.030839204788208,-0.08077965676784515,-0.1337098479270935,3.000602960586548,-0.06477703154087067,0.1332055628299713,2.9752089977264404,-0.06157650798559189,0.18658864498138428,2.970130205154419,-0.05517546087503433,0.2933548092842102,2.959972620010376,-0.12019648402929306,0.2453395128250122,2.9825141429901123,-0.4657711088657379,0.09986454993486404,3.138601779937744,-0.40916091203689575,0.5384602546691895,3.151493549346924,-0.38122645020484924,0.9266432523727417,3.0950121879577637,-0.33641335368156433,1.0371088981628418,3.191833019256592,-0.2733917534351349,0.12917912006378174,3.0809826850891113,-0.3108847737312317,0.5684629678726196,3.11787486076355,-0.3494649827480316,0.9595165848731995,3.133530616760254,-0.324806809425354,1.0561453104019165,3.2503209114074707,-0.1777312457561493,-0.5632734894752502,3.158177614212036,-0.1549074649810791,-0.6126772165298462,3.1620805263519287,-0.18394504487514496,-0.6686055064201355,3.1578528881073,-0.29642248153686523,-0.6959881782531738,3.1181349754333496,-0.13807888329029083,-0.6508294939994812,3.1146438121795654,-0.1664683222770691,-0.6456226706504822,2.995709180831909,-0.3868526816368103,1.019215703010559,3.0439114570617676,-0.3705444633960724,1.0576581954956055,3.0998191833496094
-0.36498862504959106,0.12225022912025452,3.0532102584838867,-0.33922263979911804,-0.0626426637172699,3.045520544052124,-0.31312358379364014,-0.24749746918678284,3.0380423069000244,-0.28702372312545776,-0.4323578178882599,3.0305638313293457,-0.3343850076198578,-0.44076359272003174,3.0476882457733154,-0.47590750455856323,-0.46281349658966064,3.0988266468048096,-0.49635037779808044,-0.19037827849388123,3.044713258743286,-0.49915963411331177,0.07740172743797302,3.0436530113220215,-0.499721497297287,0.1309577226638794,3.0434410572052,-0.500845193862915,0.23806972801685333,3.0430169105529785,-0.4392804503440857,0.1850736141204834,3.0230019092559814,-0.23937878012657166,-0.4259611964225769,3.0133583545684814,-0.09785626828670502,-0.403911292552948,2.9622199535369873,-0.09124792367219925,-0.12599030137062073,2.9453859329223633,-0.0796712189912796,0.14155110716819763,2.9437313079833984,-0.07735587656497955,0.1950593888759613,2.9434003829956055,-0.07272519916296005,0.30207595229148865,2.9427385330200195,-0.1354876458644867,0.25131726264953613,2.9647345542907715,-0.4595453143119812,0.10766427218914032,3.0870862007141113,-0.39890357851982117,0.5437339544296265,3.1243319511413574,-0.3644537627696991,0.9346359968185425,3.1082730293273926,-0.31177738308906555,1.0329673290252686,3.2135305404663086,-0.2704319357872009,0.1368361860513687,3.019334316253662,-0.3119935095310211,0.5745842456817627,3.0625863075256348,-0.3544231355190277,0.9643251895904541,3.0860559940338135,-0.32478654384613037,1.0594745874404907,3.2026374340057373,-0.16938437521457672,-0.551292896270752,3.0986311435699463,-0.14571602642536163,-0.6002108454704285,3.1034178733825684,-0.17415107786655426,-0.6565954089164734,3.1030092239379883,-0.28808513283729553,-0.6869402527809143,3.070258378982544,-0.13077959418296814,-0.6401302814483643,3.056820869445801,-0.16519924998283386,-0.6402891278266907,2.939391613006592,-0.37052929401397705,1.0321595668792725,3.0678341388702393,-0.37844520807266235,1.0625224113464355,3.055018663406372
-0.3611779510974884,0.12993580102920532,2.964712381362915,-0.3354980945587158,-0.05432002246379852,2.9531710147857666,-0.30947378277778625,-0.2385403960943222,2.9418373107910156,-0.2834486961364746,-0.4227662980556488,2.9305031299591064,-0.32788917422294617,-0.4315032958984375,2.953812837600708,-0.45698022842407227,-0.45390310883522034,3.021486282348633,-0.46720224618911743,-0.180978924036026,2.9924869537353516,-0.4555419087409973,0.08239611983299255,3.007970094680786,-0.45320984721183777,0.13507112860679626,3.0110666751861572,-0.4485457241535187,0.2404211461544037,3.0172600746154785,-0.3940844237804413,0.1868850588798523,2.9860401153564453,-0.23872534930706024,-0.4160315990447998,2.9070703983306885,-0.10963429510593414,-0.39363178610801697,2.8393969535827637,-0.11933228373527527,-0.11984443664550781,2.8588778972625732,-0.10516393929719925,0.13683143258094788,2.9193663597106934,-0.1023302674293518,0.18816660344600677,2.9314639568328857,-0.09666293114423752,0.2908369302749634,2.9556593894958496,-0.15489360690116882,0.23536819219589233,2.9740779399871826,-0.4501875042915344,0.11464039981365204,3.0108518600463867,-0.3947736918926239,0.5481298565864563,3.072214365005493,-0.36047279834747314,0.9378851652145386,3.1003239154815674,-0.29410991072654724,1.0228992700576782,3.209110975265503,-0.2721683979034424,0.1452312022447586,2.9185729026794434,-0.3173019587993622,0.5793704986572266,2.9836513996124268,-0.36738821864128113,0.9664642810821533,3.0227112770080566,-0.3252312242984772,1.0598032474517822,3.1366264820098877,-0.15459346771240234,-0.5318763852119446,2.9929685592651367,-0.12837988138198853,-0.5792332887649536,2.9981977939605713,-0.15395450592041016,-0.6364578604698181,3.0040197372436523,-0.2686586380004883,-0.6733291149139404,2.9849729537963867,-0.11632069200277328,-0.6212689876556396,2.952918767929077,-0.1620294749736786,-0.6302938461303711,2.840186595916748,-0.3711601495742798,1.0394655466079712,3.0734314918518066,-0.3981359601020813,1.064382553100586,2.9977595806121826
-0.3582149147987366,0.13016635179519653,2.9355878829956055,-0.33360394835472107,-0.053816646337509155,2.921416759490967,-0.30863186717033386,-0.23776423931121826,2.907418727874756,-0.28365904092788696,-0.4217173457145691,2.8934202194213867,-0.32566991448402405,-0.4305225610733032,2.9207279682159424,-0.4461725652217865,-0.4528396427631378,2.9990220069885254,-0.44034701585769653,-0.18012142181396484,2.9867093563079834,-0.4104556143283844,0.07935285568237305,3.013453245162964,-0.4044773280620575,0.13124769926071167,3.0188019275665283,-0.3925207555294037,0.2350374013185501,3.0294995307922363,-0.3453062176704407,0.18048584461212158,2.990473508834839,-0.24137671291828156,-0.4149114489555359,2.8659603595733643,-0.1208740696310997,-0.3925943672657013,2.7876663208007812,-0.1365295946598053,-0.12264469265937805,2.825650930404663,-0.11320589482784271,0.12318672239780426,2.9148616790771484,-0.10854115337133408,0.17235299944877625,2.932703733444214,-0.0992116704583168,0.2706855535507202,2.968388080596924,-0.15537190437316895,0.21354734897613525,2.9859769344329834,-0.44249895215034485,0.11472269892692566,2.989715814590454,-0.39973247051239014,0.5479723215103149,3.0610976219177246,-0.37582650780677795,0.9370134472846985,3.104188919067383,-0.3034054636955261,1.0195616483688354,3.210925340652466,-0.2739308774471283,0.1456100046634674,2.881459951400757,-0.31136780977249146,0.5777082443237305,2.962200880050659,-0.3587866425514221,0.9637149572372437,3.0125160217285156,-0.3065092861652374,1.0552552938461304,3.1235976219177246,-0.14996837079524994,-0.526519238948822,2.952069044113159,-0.12263774126768112,-0.573140561580658,2.957190752029419,-0.14670518040657043,-0.6305557489395142,2.965728282928467,-0.26124730706214905,-0.6699843406677246,2.9533867835998535,-0.11200618743896484,-0.6160573959350586,2.91253924369812,-0.16293349862098694,-0.6289057731628418,2.8026840686798096,-0.39199820160865784,1.0391777753829956,3.0829739570617676,-0.39201870560646057,1.0618704557418823,2.992260456085205
-0.3570508360862732,0.12875840067863464,2.9201834201812744,-0.33347100019454956,-0.054975107312202454,2.903968572616577,-0.3094582259654999,-0.23865973949432373,2.8878355026245117,-0.2854447364807129,-0.42234987020492554,2.871701717376709,-0.32473891973495483,-0.4312301278114319,2.902675151824951,-0.43613383173942566,-0.4535009264945984,2.990438461303711,-0.41286057233810425,-0.18289339542388916,2.985422372817993,-0.36373171210289,0.07192203402519226,3.0151429176330566,-0.35390594601631165,0.12288512289524078,3.0210869312286377,-0.3342543840408325,0.22481130063533783,3.032975196838379,-0.2950440049171448,0.16891276836395264,2.988288164138794,-0.2458895742893219,-0.4154660701751709,2.840553045272827,-0.13449466228485107,-0.3931952714920044,2.7527897357940674,-0.15483735501766205,-0.1267145872116089,2.801466703414917,-0.1242171972990036,0.11163453757762909,2.9038383960723877,-0.11809316277503967,0.15930436551570892,2.9243128299713135,-0.10584510117769241,0.2546440064907074,2.965261459350586,-0.15948843955993652,0.1961444914340973,2.984215021133423,-0.4359673261642456,0.11320105940103531,2.981705665588379,-0.399809867143631,0.5460704565048218,3.058502435684204,-0.3823740482330322,0.9344961643218994,3.1091437339782715,-0.3034026026725769,1.016560435295105,3.2114901542663574,-0.2781343460083008,0.14431574940681458,2.85866117477417,-0.30488377809524536,0.5749434232711792,2.9504506587982178,-0.34758517146110535,0.9603740572929382,3.0084409713745117,-0.2853958308696747,1.0509378910064697,3.1151015758514404,-0.14768682420253754,-0.5237899422645569,2.925734043121338,-0.11941663920879364,-0.5697928071022034,2.9303476810455322,-0.14205749332904816,-0.6273329854011536,2.940919876098633,-0.2561721205711365,-0.6687324643135071,2.934556007385254,-0.11014486849308014,-0.6132252812385559,2.886043071746826,-0.16575303673744202,-0.6287606954574585,2.77907133102417,-0.40288591384887695,1.036616563796997,3.0919086933135986,-0.3825487494468689,1.058663010597229,2.992217540740967
-0.3562544584274292,0.12781444191932678,2.916046619415283,-0.33371952176094055,-0.05583128333091736,2.8993330001831055,-0.31071585416793823,-0.23942038416862488,2.8826358318328857,-0.287711501121521,-0.4230149984359741,2.865938186645508,-0.3241330087184906,-0.43171805143356323,2.900219202041626,-0.4263308048248291,-0.45326507091522217,2.996335506439209,-0.3884185254573822,-0.1855262815952301,2.98690128326416,-0.3230367600917816,0.06531399488449097,3.0090713500976562,-0.30996039509773254,0.11548204720020294,3.013505458831787,-0.2838076949119568,0.21581816673278809,3.0223734378814697,-0.2522638440132141,0.15781766176223755,2.974968671798706,-0.25103995203971863,-0.41630738973617554,2.8314757347106934,-0.14884215593338013,-0.3947603702545166,2.7353594303131104,-0.17202875018119812,-0.13035184144973755,2.7879040241241455,-0.1357584297657013,0.10507936775684357,2.8925163745880127,-0.12850436568260193,0.15216560661792755,2.9134387969970703,-0.1139962375164032,0.2463380992412567,2.9552836418151855,-0.1648709774017334,0.18689464032649994,2.977295160293579,-0.42950907349586487,0.11262660473585129,2.984158515930176,-0.394700825214386,0.5459513664245605,3.058896064758301,-0.3796721398830414,0.9345071315765381,3.1092052459716797,-0.29403042793273926,1.0176955461502075,3.205066680908203,-0.28299984335899353,0.14300227165222168,2.8479347229003906,-0.2979940176010132,0.5729142427444458,2.945497751235962,-0.33525916934013367,0.9583179950714111,3.007205009460449,-0.2640279531478882,1.048764944076538,3.1081488132476807,-0.1478966623544693,-0.5230759382247925,2.9165406227111816,-0.11935552209615707,-0.5688730478286743,2.9208736419677734,-0.14138613641262054,-0.6262335777282715,2.933187246322632,-0.2554023861885071,-0.6679980754852295,2.9316446781158447,-0.11155872792005539,-0.6129588484764099,2.877023458480835,-0.17089134454727173,-0.6303863525390625,2.7725136280059814,-0.4032098054885864,1.0362962484359741,3.0940210819244385,-0.3714246153831482,1.056636929512024,2.994126081466675
-0.35730206966400146,0.125151127576828,2.925110340118408,-0.33590179681777954,-0.058475300669670105,2.9084537029266357,-0.3139997720718384,-0.24204027652740479,2.8917717933654785,-0.2920970916748047,-0.42561075091362,2.875089406967163,-0.325493723154068,-0.4340004324913025,2.9123363494873047,-0.41839805245399475,-0.4544910192489624,3.0158352851867676,-0.3702445924282074,-0.19002306461334229,2.995419502258301,-0.2929636538028717,0.0572550892829895,3.0041863918304443,-0.2775074541568756,0.10671072453260422,3.0059397220611572,-0.2465950846672058,0.20562198758125305,3.009446382522583,-0.2220153510570526,0.1452977955341339,2.9613308906555176,-0.25846239924430847,-0.4192162752151489,2.837661027908325,-0.1655580699443817,-0.398725688457489,2.7341620922088623,-0.19136446714401245,-0.13591799139976501,2.7884299755096436,-0.15163275599479675,0.09876412153244019,2.891101360321045,-0.1436864137649536,0.14570054411888123,2.911635637283325,-0.12779372930526733,0.2395733892917633,2.9527041912078857,-0.17544817924499512,0.17924289405345917,2.978151798248291,-0.42461884021759033,0.11059482395648956,2.999094247817993,-0.3892975449562073,0.5447387099266052,3.068657159805298,-0.37579479813575745,0.9338387250900269,3.1150383949279785,-0.28403130173683167,1.0189101696014404,3.203279495239258,-0.2899852991104126,0.13970743119716644,2.8511264324188232,-0.290693461894989,0.5689529776573181,2.952690601348877,-0.3208507001399994,0.9545692205429077,3.0169012546539307,-0.2410222440958023,1.0447328090667725,3.111464023590088,-0.15125645697116852,-0.5256518125534058,2.9223945140838623,-0.12284046411514282,-0.5715143084526062,2.926439046859741,-0.1447260081768036,-0.6285269856452942,2.9403324127197266,-0.2588752508163452,-0.6696349382400513,2.9432601928710938,-0.11676521599292755,-0.6162556409835815,2.8830368518829346,-0.17965303361415863,-0.6348659992218018,2.7809228897094727,-0.40188169479370117,1.0351816415786743,3.1010851860046387,-0.35751259326934814,1.053053379058838,3.006783962249756
-0.3584139049053192,0.12372201681137085,2.9342498779296875,-0.33803412318229675,-0.059897035360336304,2.9182071685791016,-0.3171587586402893,-0.24345777928829193,2.902134656906128,-0.2962827682495117,-0.4270240068435669,2.886061668395996,-0.3265534043312073,-0.4349746108055115,2.925919532775879,-0.41020816564559937,-0.45411792397499084,3.035898447036743,-0.35703277587890625,-0.19306516647338867,3.0011003017425537,-0.2729730010032654,0.051100730895996094,2.993486166000366,-0.25616103410720825,0.09993390738964081,2.9919633865356445,-0.2225371152162552,0.19760027527809143,2.988917589187622,-0.20381826162338257,0.13500942289829254,2.9415266513824463,-0.26578521728515625,-0.42106854915618896,2.846029043197632,-0.18213047087192535,-0.4019252359867096,2.7360501289367676,-0.21159504354000092,-0.1404595673084259,2.7904064655303955,-0.17153367400169373,0.09522572159767151,2.8883275985717773,-0.1635213941335678,0.1423627734184265,2.907911777496338,-0.14749684929847717,0.23663687705993652,2.947080135345459,-0.1912412941455841,0.175357848405838,2.9761528968811035,-0.4195796847343445,0.11001624166965485,3.0134198665618896,-0.3831079304218292,0.5451300740242004,3.075908899307251,-0.37127920985221863,0.9349472522735596,3.116262197494507,-0.27417120337486267,1.0223209857940674,3.1961309909820557,-0.29724812507629395,0.13742779195308685,2.8550798892974854,-0.2820702791213989,0.5660358667373657,2.9581522941589355,-0.3048684000968933,0.9521077871322632,3.0226075649261475,-0.21723078191280365,1.042235016822815,3.1100142002105713,-0.1554417908191681,-0.5284097194671631,2.9302566051483154,-0.12756235897541046,-0.5746086835861206,2.9340436458587646,-0.14978283643722534,-0.6310898065567017,2.9494357109069824,-0.2643199563026428,-0.6704889535903931,2.956589460372925,-0.12351334095001221,-0.6200174689292908,2.891120195388794,-0.18988972902297974,-0.6391172409057617,2.7913625240325928,-0.3997056484222412,1.0357617139816284,3.103090286254883,-0.3416803181171417,1.0507559776306152,3.0149571895599365
-0.3604343831539154,0.12276628613471985,2.948179006576538,-0.34066247940063477,-0.06090018153190613,2.9338972568511963,-0.32043763995170593,-0.24451805651187897,2.9196250438690186,-0.30021217465400696,-0.42814141511917114,2.9053523540496826,-0.32741373777389526,-0.4354243874549866,2.947432041168213,-0.40224483609199524,-0.4526449143886566,3.062939405441284,-0.3487466275691986,-0.1951213777065277,3.0117287635803223,-0.26257991790771484,0.046338170766830444,2.9860682487487793,-0.2453465759754181,0.09463007748126984,2.980936050415039,-0.21087989211082458,0.19121390581130981,2.9706718921661377,-0.19669103622436523,0.12633046507835388,2.9251956939697266,-0.2727908194065094,-0.4228542447090149,2.8631174564361572,-0.19795972108840942,-0.40563371777534485,2.747610092163086,-0.23179595172405243,-0.14480656385421753,2.7988669872283936,-0.19399407505989075,0.09373122453689575,2.8886256217956543,-0.18643370270729065,0.1414387822151184,2.9065773487091064,-0.17131295800209045,0.23685389757156372,2.9424808025360107,-0.21072977781295776,0.17497742176055908,2.975600004196167,-0.4155803322792053,0.11033271253108978,3.0317318439483643,-0.3788159489631653,0.5466015338897705,3.085052251815796,-0.3685876727104187,0.9371084570884705,3.1181979179382324,-0.26708129048347473,1.0267895460128784,3.1895620822906494,-0.3052884340286255,0.13519985973834991,2.864626169204712,-0.27472254633903503,0.5636461973190308,2.9647490978240967,-0.2906912565231323,0.950522780418396,3.0261528491973877,-0.1963895559310913,1.0410948991775513,3.1057956218719482,-0.16040293872356415,-0.5318145751953125,2.947446584701538,-0.13341964781284332,-0.5785380601882935,2.9512686729431152,-0.1564047485589981,-0.6342588067054749,2.9682226181030273,-0.27151113748550415,-0.67103511095047,2.9791512489318848,-0.13151724636554718,-0.6247274875640869,2.9090373516082764,-0.20099656283855438,-0.6440296173095703,2.811459541320801,-0.3990136981010437,1.037383794784546,3.1054584980010986,-0.3274480700492859,1.0492908954620361,3.020073175430298
-0.3611569106578827,0.12246930599212646,2.9600579738616943,-0.3417220711708069,-0.06120873987674713,2.9477012157440186,-0.32194626331329346,-0.2448604702949524,2.935495376586914,-0.3021698594093323,-0.4285176992416382,2.9232890605926514,-0.32637879252433777,-0.4350586235523224,2.967224359512329,-0.3927854299545288,-0.450195848941803,3.087390422821045,-0.34143832325935364,-0.19620269536972046,3.0210812091827393,-0.25569888949394226,0.042553097009658813,2.978740930557251,-0.23855100572109222,0.09030425548553467,2.9702727794647217,-0.20425522327423096,0.18580657243728638,2.953336715698242,-0.19377580285072327,0.11895045638084412,2.910017967224121,-0.2777460217475891,-0.4239729046821594,2.879221200942993,-0.21133936941623688,-0.40883567929267883,2.7590551376342773,-0.25115540623664856,-0.14869600534439087,2.8068881034851074,-0.2188718318939209,0.09323760867118835,2.887969493865967,-0.21241511404514313,0.1416243314743042,2.9041857719421387,-0.19950169324874878,0.2383977770805359,2.9366183280944824,-0.23401989042758942,0.17594335973262787,2.973550796508789,-0.4104422628879547,0.11138802021741867,3.04725980758667,-0.3758552670478821,0.5487186908721924,3.092156410217285,-0.36807602643966675,0.9396756291389465,3.1194982528686523,-0.26320165395736694,1.0314115285873413,3.1828885078430176,-0.31187155842781067,0.13355059921741486,2.8728561401367188,-0.2687245309352875,0.5618222951889038,2.9687299728393555,-0.27962368726730347,0.9493131637573242,3.0269320011138916,-0.17996418476104736,1.0404200553894043,3.0990428924560547,-0.1637602299451828,-0.5347653031349182,2.9635307788848877,-0.13777530193328857,-0.5820428133010864,2.9674391746520996,-0.1615975797176361,-0.6369287371635437,2.985889434814453,-0.2772010564804077,-0.6708067655563354,3.000340461730957,-0.13802894949913025,-0.6289303302764893,2.925943613052368,-0.2104232758283615,-0.6481446623802185,2.8304941654205322,-0.40044105052948,1.039415955543518,3.1074821949005127,-0.31647658348083496,1.0481078624725342,3.0222957134246826
-0.35628825426101685,0.12144237756729126,2.9682199954986572,-0.33784765005111694,-0.06194370985031128,2.9573090076446533,-0.3192027509212494,-0.24532881379127502,2.9467334747314453,-0.30055728554725647,-0.4287194013595581,2.936157703399658,-0.3175019919872284,-0.434175044298172,2.9833693504333496,-0.3641749620437622,-0.44638410210609436,3.112795352935791,-0.32493656873703003,-0.19574832916259766,3.028090000152588,-0.24767065048217773,0.040577590465545654,2.9623916149139404,-0.2322174608707428,0.08784277737140656,2.949251890182495,-0.20131109654903412,0.18237313628196716,2.9229726791381836,-0.19755342602729797,0.11365126073360443,2.8815228939056396,-0.2834099531173706,-0.42525699734687805,2.8888309001922607,-0.2367369830608368,-0.4130479395389557,2.7594048976898193,-0.28826653957366943,-0.1562434434890747,2.813525915145874,-0.269561231136322,0.08929838240146637,2.887657880783081,-0.265820175409317,0.13840675354003906,2.902484178543091,-0.258338063955307,0.23662349581718445,2.9321370124816895,-0.28074967861175537,0.1718199998140335,2.9740073680877686,-0.39115336537361145,0.11235828697681427,3.061976194381714,-0.3675578236579895,0.5512275099754333,3.096374034881592,-0.36743810772895813,0.9424169063568115,3.1193597316741943,-0.2570244073867798,1.0378082990646362,3.1654770374298096,-0.32142314314842224,0.13052646815776825,2.8744637966156006,-0.26634204387664795,0.5582220554351807,2.9660537242889404,-0.27699145674705505,0.9453719258308411,3.0257115364074707,-0.16977578401565552,1.0387624502182007,3.082284927368164,-0.1625422090291977,-0.5381461977958679,2.968398094177246,-0.13763552904129028,-0.5860666036605835,2.9713377952575684,-0.16154158115386963,-0.6399261951446533,2.992494583129883,-0.276669979095459,-0.6702510118484497,3.015840768814087,-0.14215511083602905,-0.6336300373077393,2.9308745861053467,-0.22174161672592163,-0.6524118185043335,2.8412508964538574,-0.40420275926589966,1.0410162210464478,3.11164927482605,-0.3162798285484314,1.043291687965393,3.0267398357391357
-0.3513616621494293,0.11887580156326294,2.9744491577148438,-0.3335440158843994,-0.06446896493434906,2.9649360179901123,-0.31562161445617676,-0.24782387912273407,2.9558229446411133,-0.2976986765861511,-0.4311842620372772,2.946709632873535,-0.3106878697872162,-0.43587183952331543,2.9951884746551514,-0.3465397357940674,-0.44598400592803955,3.128135919570923,-0.31725379824638367,-0.19617359340190887,3.037475824356079,-0.24802663922309875,0.039916619658470154,2.9629218578338623,-0.234181210398674,0.08713465929031372,2.9480111598968506,-0.20649035274982452,0.18157073855400085,2.918189525604248,-0.20542080700397491,0.11239142715930939,2.8774046897888184,-0.2845146656036377,-0.4284895658493042,2.8981316089630127,-0.2486627995967865,-0.4183773994445801,2.765184164047241,-0.3053516447544098,-0.16307881474494934,2.820782423019409,-0.2963523268699646,0.0844566822052002,2.88959002494812,-0.2945524752140045,0.13396377861499786,2.9033515453338623,-0.29095274209976196,0.2329779863357544,2.9308745861053467,-0.306291401386261,0.16780708730220795,2.975234270095825,-0.37828367948532104,0.11126147210597992,3.0707738399505615,-0.363247811794281,0.551116406917572,3.09501576423645,-0.3699818253517151,0.9425346851348877,3.111027479171753,-0.25838351249694824,1.0410557985305786,3.1463782787323,-0.3244396448135376,0.12649013102054596,2.878124475479126,-0.2703893184661865,0.555281937122345,2.9647397994995117,-0.2856111526489258,0.9422626495361328,3.024104595184326,-0.17661605775356293,1.0383765697479248,3.07198429107666,-0.16008543968200684,-0.5425359010696411,2.973478317260742,-0.1358443796634674,-0.5908243060112,2.9757490158081055,-0.15956060588359833,-0.6440489888191223,2.998631000518799,-0.2738831341266632,-0.6722067594528198,3.02783203125,-0.14308074116706848,-0.6387170553207397,2.9360902309417725,-0.22719018161296844,-0.6570995450019836,2.850633382797241,-0.4094259440898895,1.0401670932769775,3.104581117630005,-0.32701680064201355,1.0392183065414429,3.027933120727539
-0.35092058777809143,0.11471670866012573,2.996162176132202,-0.3336847722530365,-0.06867799162864685,2.988415241241455,-0.3164258599281311,-0.2520914673805237,2.9811813831329346,-0.2991664409637451,-0.43551045656204224,2.973947286605835,-0.3083527982234955,-0.43932998180389404,3.023338556289673,-0.3337845504283905,-0.4470656216144562,3.158799886703491,-0.31360185146331787,-0.19831228256225586,3.0630581378936768,-0.2520219683647156,0.037174373865127563,2.9805028438568115,-0.23970599472522736,0.08427170664072037,2.96399188041687,-0.21507404744625092,0.17846637964248657,2.930969715118408,-0.21666136384010315,0.10879306495189667,2.8910861015319824,-0.2897924780845642,-0.43368446826934814,2.9244775772094727,-0.2643607258796692,-0.425948828458786,2.7890162467956543,-0.3242334723472595,-0.17126363515853882,2.843813419342041,-0.32257190346717834,0.07805885374546051,2.9062390327453613,-0.32223957777023315,0.12792335450649261,2.9187240600585938,-0.32157495617866516,0.22765235602855682,2.9436943531036377,-0.3305422067642212,0.16300706565380096,2.9904723167419434,-0.37013110518455505,0.10876544564962387,3.0943078994750977,-0.3631717264652252,0.5491575002670288,3.109253168106079,-0.3784556984901428,0.9404865503311157,3.1183838844299316,-0.26698142290115356,1.0422990322113037,3.1430752277374268,-0.3317100703716278,0.1206679716706276,2.8980164527893066,-0.28155577182769775,0.5512785315513611,2.977238178253174,-0.3015631139278412,0.938245415687561,3.0347862243652344,-0.19164204597473145,1.0372910499572754,3.0736355781555176,-0.1617036759853363,-0.5481036305427551,2.9955101013183594,-0.13794341683387756,-0.5966356992721558,2.9973208904266357,-0.1610814332962036,-0.6491979360580444,3.0221991539001465,-0.2740747630596161,-0.6754913926124573,3.0575473308563232,-0.147722989320755,-0.6450215578079224,2.9588468074798584,-0.23622584342956543,-0.6636583805084229,2.87804913520813,-0.42070844769477844,1.036992073059082,3.113197088241577,-0.3448725938796997,1.0342191457748413,3.0410192012786865
-0.3487354516983032,0.11334028840065002,3.005336046218872,-0.3322002589702606,-0.07014437019824982,2.999690055847168,-0.3157176375389099,-0.2536567449569702,2.994847059249878,-0.2992345094680786,-0.43717461824417114,2.990004062652588,-0.3047797679901123,-0.4399977922439575,3.039987325668335,-0.3202240765094757,-0.4450022280216217,3.1770572662353516,-0.30584853887557983,-0.19761718809604645,3.077054500579834,-0.24914313852787018,0.03638000786304474,2.987337112426758,-0.23780205845832825,0.08317944407463074,2.969393730163574,-0.21511989831924438,0.17677831649780273,2.933506727218628,-0.2200472056865692,0.1066732108592987,2.894719123840332,-0.2935101091861725,-0.43634605407714844,2.9399681091308594,-0.2780658006668091,-0.43134161829948425,2.8028981685638428,-0.3401910960674286,-0.17712843418121338,2.8569600582122803,-0.34478676319122314,0.07336556911468506,2.913977861404419,-0.34570589661598206,0.12346437573432922,2.9253814220428467,-0.3475441634654999,0.22366198897361755,2.948188543319702,-0.35059475898742676,0.15983587503433228,2.996772527694702,-0.360515832901001,0.10922305285930634,3.1046366691589355,-0.35937637090682983,0.5496616959571838,3.1127471923828125,-0.38259321451187134,0.940517008304596,3.11712646484375,-0.27192145586013794,1.0449963808059692,3.1318931579589844,-0.33695507049560547,0.11745752394199371,2.9060354232788086,-0.2924739122390747,0.5492329001426697,2.9811668395996094,-0.3180665373802185,0.9355448484420776,3.039768695831299,-0.208229660987854,1.0373715162277222,3.0705814361572266,-0.1622416079044342,-0.5510159730911255,3.0072555541992188,-0.13899195194244385,-0.5997874140739441,3.008913040161133,-0.16151393949985504,-0.6515436172485352,3.035921573638916,-0.2729554772377014,-0.6757086515426636,3.077139139175415,-0.15116441249847412,-0.6487841010093689,2.9719460010528564,-0.24363183975219727,-0.6678900718688965,2.8958749771118164,-0.42722275853157043,1.035975694656372,3.113663911819458,-0.36320969462394714,1.0303733348846436,3.0490317344665527
-0.3466166853904724,0.11344042420387268,3.008033037185669,-0.3309760093688965,-0.07014715671539307,3.0042295455932617,-0.31545764207839966,-0.2537658214569092,3.00161075592041,-0.29993879795074463,-0.4373900294303894,2.9989917278289795,-0.3020026981830597,-0.43928682804107666,3.04927659034729,-0.3078908920288086,-0.44175079464912415,3.1871426105499268,-0.297712504863739,-0.19540457427501678,3.0842223167419434,-0.24465055763721466,0.03711169958114624,2.988734483718872,-0.23403817415237427,0.08361496031284332,2.969636917114258,-0.2128133922815323,0.1766214668750763,2.9314417839050293,-0.22126208245754242,0.10628865659236908,2.8937158584594727,-0.2977062165737152,-0.4374889135360718,2.948678493499756,-0.2918180227279663,-0.4350249469280243,2.810812473297119,-0.35439789295196533,-0.18104931712150574,2.865244150161743,-0.362535297870636,0.07009854912757874,2.9186840057373047,-0.36416277289390564,0.12032812088727951,2.9293720722198486,-0.36741775274276733,0.22078725695610046,2.9507479667663574,-0.36535748839378357,0.15773940086364746,3.0003671646118164,-0.3512493669986725,0.11097675561904907,3.107896566390991,-0.35417720675468445,0.551177978515625,3.1118874549865723,-0.38557326793670654,0.9412245154380798,3.1141602993011475,-0.2765194773674011,1.048115611076355,3.119943857192993,-0.34198400378227234,0.11590409278869629,2.9081695079803467,-0.30588746070861816,0.5480360984802246,2.984067678451538,-0.339286208152771,0.9326704144477844,3.047849655151367,-0.23085924983024597,1.0376051664352417,3.072019577026367,-0.1640089750289917,-0.5529806613922119,3.0120787620544434,-0.14143106341362,-0.6020569801330566,3.0136005878448486,-0.1634228229522705,-0.6529322266578674,3.0426113605499268,-0.2731406092643738,-0.6745830774307251,3.0893912315368652,-0.15602636337280273,-0.651526927947998,2.9781992435455322,-0.2521839439868927,-0.6706013679504395,2.9068901538848877,-0.43238988518714905,1.0356096029281616,3.112990140914917,-0.38656145334243774,1.025903582572937,3.06105375289917
-0.3433201313018799,0.1134938895702362,3.0107100009918213,-0.32912880182266235,-0.07020457088947296,3.0087926387786865,-0.3150598406791687,-0.2539219260215759,3.0083532333374023,-0.3009904623031616,-0.4376447796821594,3.007913827896118,-0.299506276845932,-0.4386557340621948,3.058234930038452,-0.29564714431762695,-0.4386901557445526,3.1961917877197266,-0.2886272072792053,-0.1933806985616684,3.0905942916870117,-0.2384859323501587,0.03740055859088898,2.989511251449585,-0.22845767438411713,0.08355680853128433,2.969294548034668,-0.208401158452034,0.17586931586265564,2.928861379623413,-0.22069130837917328,0.10540701448917389,2.892463207244873,-0.3023217022418976,-0.4386306405067444,2.957587957382202,-0.30618083477020264,-0.4385962188243866,2.8196310997009277,-0.36909398436546326,-0.18487215042114258,2.874793291091919,-0.38037264347076416,0.06674432754516602,2.9253287315368652,-0.3826283812522888,0.1170676201581955,2.9354357719421387,-0.38713982701301575,0.21771422028541565,2.9556498527526855,-0.3799665868282318,0.1555013358592987,3.0058388710021973,-0.3406164348125458,0.11266008764505386,3.1106107234954834,-0.34305164217948914,0.5526202321052551,3.108809232711792,-0.37985759973526,0.9419690370559692,3.1082515716552734,-0.27230703830718994,1.0503380298614502,3.1045727729797363,-0.346023827791214,0.11432769149541855,2.910809278488159,-0.3197014033794403,0.5465266704559326,2.988816976547241,-0.3622558116912842,0.9288756847381592,3.05914306640625,-0.2562883496284485,1.0374358892440796,3.076751708984375,-0.1670629382133484,-0.5558825731277466,3.0163168907165527,-0.14547497034072876,-0.6053880453109741,3.0176286697387695,-0.1670149266719818,-0.6552267074584961,3.04866099357605,-0.27460479736328125,-0.6736299991607666,3.1012988090515137,-0.16287550330162048,-0.6551358699798584,2.9839649200439453,-0.26287642121315,-0.6733725070953369,2.9179933071136475,-0.42797642946243286,1.0356290340423584,3.1092917919158936,-0.41176310181617737,1.0201386213302612,3.0767154693603516
-0.3374934196472168,0.11486709117889404,3.0140233039855957,-0.32548415660858154,-0.06895270943641663,3.0136845111846924,-0.3135472536087036,-0.25277358293533325,3.0148866176605225,-0.30160999298095703,-0.4365999698638916,3.0160887241363525,-0.2964352071285248,-0.4369397461414337,3.066162109375,-0.28241994976997375,-0.43513163924217224,3.2034828662872314,-0.27712976932525635,-0.19041135907173157,3.0964415073394775,-0.22884367406368256,0.038723453879356384,2.9908249378204346,-0.2191864550113678,0.0845504105091095,2.9697015285491943,-0.19987201690673828,0.17620432376861572,2.927454948425293,-0.2165195792913437,0.10595688968896866,2.892402172088623,-0.30665504932403564,-0.43825820088386536,2.9660284519195557,-0.32067030668258667,-0.44006630778312683,2.828707695007324,-0.38411569595336914,-0.18664491176605225,2.88461971282959,-0.39839252829551697,0.06534025073051453,2.9324612617492676,-0.40124788880348206,0.11573728173971176,2.9420294761657715,-0.40695860981941223,0.21653133630752563,2.9611661434173584,-0.3945814371109009,0.15529370307922363,3.011537790298462,-0.3271160125732422,0.11536190658807755,3.1133840084075928,-0.3278283178806305,0.5550082921981812,3.1035122871398926,-0.3717624247074127,0.9434060454368591,3.099449396133423,-0.2668968439102173,1.0534764528274536,3.0856783390045166,-0.3478708267211914,0.11437227576971054,2.9146625995635986,-0.33445504307746887,0.5464995503425598,2.9951171875,-0.3870467245578766,0.9260317087173462,3.0725059509277344,-0.28461092710494995,1.0387065410614014,3.083146095275879,-0.17071494460105896,-0.5582682490348816,3.018286943435669,-0.15042932331562042,-0.6082923412322998,3.01896071434021,-0.17147064208984375,-0.6571651101112366,3.051732301712036,-0.2762611508369446,-0.6720677614212036,3.110560894012451,-0.1710263192653656,-0.6578574180603027,2.9869556427001953,-0.27500221133232117,-0.6740292310714722,2.9270269870758057,-0.42136234045028687,1.0361818075180054,3.1026854515075684,-0.43872255086898804,1.014984130859375,3.0947554111480713
-0.331518292427063,0.11515679955482483,3.0303542613983154,-0.32193639874458313,-0.06879113614559174,3.0312280654907227,-0.31234195828437805,-0.2527257800102234,3.0335559844970703,-0.3027472496032715,-0.43666592240333557,3.035883903503418,-0.29376643896102905,-0.4365731477737427,3.085413932800293,-0.2692365348339081,-0.4335719347000122,3.2214536666870117,-0.2633850872516632,-0.18236637115478516,3.1306920051574707,-0.214116171002388,0.05195930600166321,3.0376579761505127,-0.2042623907327652,0.09882444143295288,3.0190510749816895,-0.1845548301935196,0.19255471229553223,2.981837511062622,-0.20532825589179993,0.12529590725898743,2.94329571723938,-0.311623752117157,-0.4387579560279846,2.9863791465759277,-0.33615365624427795,-0.4417591691017151,2.850339412689209,-0.40092796087265015,-0.18852362036705017,2.9055862426757812,-0.41675081849098206,0.06416192650794983,2.949071168899536,-0.4199153780937195,0.11469903588294983,2.957768201828003,-0.4262445271015167,0.21577325463294983,2.9751622676849365,-0.4089405834674835,0.15591958165168762,3.025747299194336,-0.3132185637950897,0.11657650768756866,3.1285414695739746,-0.3117557466030121,0.5556919574737549,3.1059138774871826,-0.3636789917945862,0.9429471492767334,3.096057891845703,-0.26251548528671265,1.0544949769973755,3.071180582046509,-0.34981802105903625,0.113737091422081,2.9321670532226562,-0.350201815366745,0.5462066531181335,3.011580228805542,-0.4115217626094818,0.9235749840736389,3.09277606010437,-0.313179075717926,1.0402781963348389,3.0949952602386475,-0.1754187047481537,-0.5617773532867432,3.030097246170044,-0.15649250149726868,-0.6122971773147583,3.0299243927001953,-0.17636848986148834,-0.6601898670196533,3.064728021621704,-0.2768780589103699,-0.6715699434280396,3.1311562061309814,-0.18066973984241486,-0.6615803837776184,3.0001473426818848,-0.2890649437904358,-0.6755097508430481,2.9481775760650635,-0.4147079288959503,1.0348496437072754,3.101064920425415,-0.46474263072013855,1.0104633569717407,3.1191015243530273
-0.32634302973747253,0.11745944619178772,3.051889181137085,-0.31994813680648804,-0.06654244661331177,3.0549087524414062,-0.3133411407470703,-0.2505105137825012,3.0592446327209473,-0.3067339360713959,-0.4344840943813324,3.0635807514190674,-0.28972142934799194,-0.4337587356567383,3.1109328269958496,-0.242604061961174,-0.42897066473960876,3.2422900199890137,-0.22284847497940063,-0.16287049651145935,3.22869610786438,-0.16740304231643677,0.08671383559703827,3.203549385070801,-0.156313955783844,0.13663069903850555,3.1985199451446533,-0.13413578271865845,0.23646444082260132,3.1884613037109375,-0.16484621167182922,0.18501926958560944,3.1350595951080322,-0.32367464900016785,-0.4372090697288513,3.016275644302368,-0.370792031288147,-0.44199714064598083,2.884918451309204,-0.4314233958721161,-0.18708792328834534,2.9371633529663086,-0.4430399537086487,0.06752341985702515,2.9693660736083984,-0.44536325335502625,0.11844568699598312,2.975806713104248,-0.45000988245010376,0.22029021382331848,2.988687753677368,-0.42449814081192017,0.1632418930530548,3.0390477180480957,-0.2915695607662201,0.12020321190357208,3.1454434394836426,-0.2912958264350891,0.5576894879341125,3.1016128063201904,-0.3631020784378052,0.9416968822479248,3.0904219150543213,-0.2734721302986145,1.0565733909606934,3.044999837875366,-0.361116498708725,0.11471568048000336,2.9583349227905273,-0.37873101234436035,0.5478869676589966,3.0316002368927,-0.4428570866584778,0.9244092702865601,3.114436626434326,-0.35128071904182434,1.0452549457550049,3.097018003463745,-0.1861383318901062,-0.5642211437225342,3.0425541400909424,-0.169118270277977,-0.6153267621994019,3.041306734085083,-0.18471182882785797,-0.6612405776977539,3.0805342197418213,-0.27360036969184875,-0.6667081713676453,3.1622397899627686,-0.19923201203346252,-0.6645405292510986,3.0176167488098145,-0.3147408962249756,-0.6760580539703369,2.983973264694214,-0.416914165019989,1.031407117843628,3.101832389831543,-0.49475789070129395,1.0096348524093628,3.147855043411255
-0.32455679774284363,0.1209467351436615,3.0569064617156982,-0.3204672932624817,-0.06309030950069427,3.060271978378296,-0.3160768151283264,-0.24709539115428925,3.0648036003112793,-0.3116861879825592,-0.43110597133636475,3.0693352222442627,-0.29078757762908936,-0.4304814338684082,3.1150996685028076,-0.23254479467868805,-0.4259487986564636,3.242717981338501,-0.19535785913467407,-0.1629776656627655,3.271965265274048,-0.12801674008369446,0.08455529808998108,3.286058187484741,-0.11454851925373077,0.13406188786029816,3.28887677192688,-0.08761207014322281,0.2330750823020935,3.2945139408111572,-0.12445461004972458,0.1931300163269043,3.2354445457458496,-0.33253711462020874,-0.43373051285743713,3.023620367050171,-0.39077991247177124,-0.4382631480693817,2.8960020542144775,-0.44729089736938477,-0.18166711926460266,2.944551944732666,-0.45444628596305847,0.07401812076568604,2.968632698059082,-0.4558773636817932,0.12515516579151154,2.9734487533569336,-0.4587395191192627,0.22742925584316254,2.983081102371216,-0.4300568103790283,0.17186231911182404,3.033398151397705,-0.281709760427475,0.12354693561792374,3.1470327377319336,-0.2816055715084076,0.5600427985191345,3.094564437866211,-0.36135050654411316,0.9425427913665771,3.087437391281128,-0.2784721255302429,1.0586248636245728,3.0331664085388184,-0.3674038350582123,0.11834653466939926,2.966780185699463,-0.38931897282600403,0.5524265766143799,3.0329296588897705,-0.4497414529323578,0.9305274486541748,3.111065149307251,-0.36124297976493835,1.051539421081543,3.082545757293701,-0.19601862132549286,-0.563287615776062,3.0387344360351562,-0.18009215593338013,-0.6146904230117798,3.036635160446167,-0.19257842004299164,-0.6597397327423096,3.077878952026367,-0.273138165473938,-0.6624202132225037,3.1678576469421387,-0.2131969928741455,-0.663631796836853,3.0167548656463623,-0.3315574824810028,-0.6734476685523987,2.9946722984313965,-0.4155582785606384,1.031348705291748,3.10315203666687,-0.49938178062438965,1.0162237882614136,3.1466166973114014
-0.3243591785430908,0.1231946051120758,3.0701730251312256,-0.322186142206192,-0.06084860861301422,3.073679208755493,-0.3196922838687897,-0.24486778676509857,3.078112840652466,-0.31719836592674255,-0.42889243364334106,3.0825464725494385,-0.29287800192832947,-0.42850273847579956,3.1265830993652344,-0.22464622557163239,-0.4246014356613159,3.250131130218506,-0.17578347027301788,-0.16657620668411255,3.2996819019317627,-0.10222537815570831,0.07740890979766846,3.3327293395996094,-0.0875137597322464,0.1262059360742569,3.339338779449463,-0.05809052288532257,0.22379997372627258,3.352557897567749,-0.09971842169761658,0.1903408169746399,3.2926220893859863,-0.34149160981178284,-0.4312823414802551,3.038558006286621,-0.4097234010696411,-0.43518364429473877,2.9150099754333496,-0.46310174465179443,-0.17741891741752625,2.961139678955078,-0.4678650200366974,0.07888472080230713,2.9789559841156006,-0.46881768107414246,0.13014544546604156,2.9825191497802734,-0.4707229733467102,0.23266689479351044,2.9896457195281982,-0.4388430118560791,0.1782783716917038,3.0393474102020264,-0.27439290285110474,0.1254301220178604,3.1565475463867188,-0.2747473418712616,0.5611798763275146,3.098320960998535,-0.35864895582199097,0.9428399205207825,3.096928119659424,-0.28175973892211914,1.0595464706420898,3.0356478691101074,-0.3743254542350769,0.1209590956568718,2.9837985038757324,-0.39820218086242676,0.5559303164482117,3.0429444313049316,-0.45470955967903137,0.9356569051742554,3.1158859729766846,-0.36949408054351807,1.056264042854309,3.0774168968200684,-0.20694440603256226,-0.5634061694145203,3.04347825050354,-0.19212178885936737,-0.6150926947593689,3.040635347366333,-0.20161044597625732,-0.6594316959381104,3.0834028720855713,-0.2738242447376251,-0.6596630215644836,3.180217981338501,-0.22766759991645813,-0.6636605858802795,3.0244274139404297,-0.3476528823375702,-0.6716448068618774,3.013120651245117,-0.41224589943885803,1.0311577320098877,3.1168906688690186,-0.5019505023956299,1.022029995918274,3.1530227661132812
-0.32588040828704834,0.1244392991065979,3.093306541442871,-0.32532384991645813,-0.059597477316856384,3.0966248512268066,-0.3244803249835968,-0.24361968040466309,3.1006219387054443,-0.3236367702484131,-0.4276474118232727,3.104619264602661,-0.2963545322418213,-0.4276049733161926,3.1468794345855713,-0.21923121809959412,-0.4246574938297272,3.2663023471832275,-0.16113236546516418,-0.1716422140598297,3.3304402828216553,-0.08455035835504532,0.06901919841766357,3.378694772720337,-0.0692339539527893,0.11715148389339447,3.388345718383789,-0.03860115259885788,0.21341603994369507,3.4076476097106934,-0.08394888043403625,0.18490764498710632,3.3477866649627686,-0.35090985894203186,-0.4296899735927582,3.0624022483825684,-0.42803317308425903,-0.43263745307922363,2.942979335784912,-0.4790511727333069,-0.17397338151931763,2.9876551628112793,-0.4826100170612335,0.08279326558113098,3.000670909881592,-0.48332178592681885,0.13414660096168518,3.0032739639282227,-0.4847453236579895,0.23685327172279358,3.0084803104400635,-0.4498673975467682,0.18337082862854004,3.057220697402954,-0.26984354853630066,0.12609751522541046,3.1758720874786377,-0.27067437767982483,0.5612455606460571,3.1136980056762695,-0.35571029782295227,0.9425829648971558,3.1179957389831543,-0.2839282751083374,1.0594309568405151,3.0510950088500977,-0.381917268037796,0.12278108298778534,3.0107409954071045,-0.40632954239845276,0.5586016774177551,3.062553644180298,-0.45951882004737854,0.9397755265235901,3.1299712657928467,-0.3777554929256439,1.0596574544906616,3.0828022956848145,-0.21952834725379944,-0.5646625757217407,3.0581603050231934,-0.2059815526008606,-0.6166529655456543,3.0546648502349854,-0.21281826496124268,-0.6604112386703491,3.0985143184661865,-0.2769249975681305,-0.6583477854728699,3.2008438110351562,-0.24364732205867767,-0.6646372675895691,3.041893720626831,-0.36427396535873413,-0.6703216433525085,3.040418863296509,-0.4079829454421997,1.0307461023330688,3.141728639602661,-0.5045030117034912,1.0268728733062744,3.1681668758392334
-0.32964298129081726,0.12351340055465698,3.133087635040283,-0.330548495054245,-0.060524195432662964,3.136228084564209,-0.3312475085258484,-0.24455495178699493,3.1397929191589355,-0.3319465219974518,-0.428591251373291,3.143357753753662,-0.3021353483200073,-0.4289201498031616,3.1838722229003906,-0.21711395680904388,-0.42700618505477905,3.299349069595337,-0.15107813477516174,-0.17900587618350983,3.3760180473327637,-0.07354152202606201,0.058290034532547,3.439336061477661,-0.058034200221300125,0.1057492196559906,3.4519996643066406,-0.027019554749131203,0.2006675899028778,3.4773268699645996,-0.07536125928163528,0.1764582097530365,3.4177379608154297,-0.3617653250694275,-0.4302625060081482,3.1028823852539062,-0.44678670167922974,-0.43217647075653076,2.98740553855896,-0.4956268072128296,-0.17232859134674072,3.0302627086639404,-0.4982018768787384,0.08507397770881653,3.0384931564331055,-0.49871689081192017,0.13655449450016022,3.0401391983032227,-0.4997469186782837,0.2395155131816864,3.043431520462036,-0.46224287152290344,0.18682202696800232,3.0912926197052,-0.26854249835014343,0.12455914914608002,3.2119874954223633,-0.26983627676963806,0.5592837333679199,3.1460227966308594,-0.3541412949562073,0.9408385753631592,3.154381513595581,-0.28663086891174316,1.0574181079864502,3.082634449005127,-0.3907434642314911,0.12246765196323395,3.054187774658203,-0.4147469997406006,0.5593114495277405,3.0981180667877197,-0.46544742584228516,0.9418976306915283,3.1599128246307373,-0.3871314525604248,1.060934066772461,3.1052041053771973,-0.23485155403614044,-0.568625807762146,3.091171979904175,-0.2228676974773407,-0.6209657192230225,3.0873281955718994,-0.2275904417037964,-0.6640885472297668,3.132063388824463,-0.2840728759765625,-0.6593827605247498,3.2386860847473145,-0.26251092553138733,-0.668103814125061,3.0778660774230957,-0.3830142617225647,-0.6707594394683838,3.085127353668213,-0.4047464430332184,1.0291637182235718,3.1810834407806396,-0.5084528923034668,1.029747486114502,3.198747396469116
-0.3369691073894501,0.1197786033153534,3.1958138942718506,-0.33924123644828796,-0.06436353921890259,3.1984589099884033,-0.34142184257507324,-0.2485038936138153,3.201298475265503,-0.3436025381088257,-0.43264973163604736,3.2041380405426025,-0.3116597533226013,-0.43342944979667664,3.2430260181427,-0.21967875957489014,-0.4327932298183441,3.354919672012329,-0.14800596237182617,-0.18790335953235626,3.4397811889648438,-0.07117728143930435,0.04729197919368744,3.514846086502075,-0.05581154674291611,0.0943310484290123,3.5298590660095215,-0.02508007362484932,0.18840917944908142,3.559885025024414,-0.07589377462863922,0.16699784994125366,3.5008554458618164,-0.37556901574134827,-0.4338715076446533,3.165281057357788,-0.46755000948905945,-0.43450772762298584,3.053387403488159,-0.5137976408004761,-0.17290863394737244,3.095059633255005,-0.5153411626815796,0.08560436964035034,3.0998406410217285,-0.5156498551368713,0.13730697333812714,3.100796937942505,-0.5162672400474548,0.24071218073368073,3.1027092933654785,-0.4764900803565979,0.18835972249507904,3.14963436126709,-0.2717134952545166,0.12005840986967087,3.2713470458984375,-0.27414026856422424,0.5555148124694824,3.2031049728393555,-0.35650134086608887,0.9383954405784607,3.214433193206787,-0.29227787256240845,1.0546892881393433,3.1385302543640137,-0.40222471952438354,0.11949879676103592,3.1202807426452637,-0.4247356951236725,0.5581693649291992,3.1569762229919434,-0.4725708067417145,0.9428912401199341,3.2136342525482178,-0.3970467150211334,1.0610477924346924,3.152435541152954,-0.2547074258327484,-0.5765582919120789,3.1477208137512207,-0.2447466403245926,-0.6293448805809021,3.1438021659851074,-0.24807116389274597,-0.6718214154243469,3.189321517944336,-0.2975248098373413,-0.6640358567237854,3.2992777824401855,-0.2864897549152374,-0.6752207279205322,3.1374573707580566,-0.40637749433517456,-0.6736672520637512,3.152329444885254,-0.4053628444671631,1.0272576808929443,3.2435102462768555,-0.5136905312538147,1.0317463874816895,3.252919912338257
-0.3515545427799225,0.11034247279167175,3.2878215312957764,-0.3551548421382904,-0.07430413365364075,3.289903402328491,-0.3586951196193695,-0.2589501738548279,3.2921314239501953,-0.36223548650741577,-0.4436017870903015,3.2943594455718994,-0.32837048172950745,-0.44480371475219727,3.3317654132843018,-0.23008118569850922,-0.4453794062137604,3.440235137939453,-0.15519306063652039,-0.19885557889938354,3.524622917175293,-0.07932848483324051,0.03815586864948273,3.602264881134033,-0.06415557116270065,0.08555816113948822,3.617793321609497,-0.03380974382162094,0.180362731218338,3.648850202560425,-0.08710098266601562,0.15899625420570374,3.591089963912964,-0.3961389660835266,-0.44440674781799316,3.2569777965545654,-0.49442827701568604,-0.44383105635643005,3.148508071899414,-0.5396895408630371,-0.17837771773338318,3.1799635887145996,-0.5397894978523254,0.08213180303573608,3.1703238487243652,-0.5398094654083252,0.13423371315002441,3.16839599609375,-0.5398494601249695,0.23843753337860107,3.1645400524139404,-0.49763426184654236,0.1880599856376648,3.2126305103302,-0.2826704680919647,0.10981503874063492,3.360163688659668,-0.2863401472568512,0.5498450994491577,3.2937309741973877,-0.36600276827812195,0.9369816780090332,3.3100295066833496,-0.30396735668182373,1.0541396141052246,3.2307212352752686,-0.42043861746788025,0.11086990684270859,3.2154793739318848,-0.43971917033195496,0.5543271899223328,3.247528076171875,-0.48297637701034546,0.9439042806625366,3.3008670806884766,-0.40901458263397217,1.0617326498031616,3.233708143234253,-0.2821298837661743,-0.5926704406738281,3.2367005348205566,-0.27450793981552124,-0.6460387110710144,3.2335288524627686,-0.27712419629096985,-0.687443196773529,3.2802908420562744,-0.3204209804534912,-0.6751739978790283,3.392756938934326,-0.31846070289611816,-0.6903858780860901,3.2304697036743164,-0.4375411570072174,-0.68351149559021,3.2515974044799805,-0.41323545575141907,1.0269745588302612,3.3418984413146973,-0.5220493674278259,1.034487247467041,3.3410329818725586
-0.36531862616539,0.101461261510849,3.3312032222747803,-0.3700507581233978,-0.08385968208312988,3.3320422172546387,-0.3747371733188629,-0.2691810727119446,3.3330271244049072,-0.37942373752593994,-0.4545080065727234,3.334012031555176,-0.3438633978366852,-0.4562235474586487,3.3700547218322754,-0.24011071026325226,-0.45828884840011597,3.475123882293701,-0.16525745391845703,-0.20750179886817932,3.5545949935913086,-0.09167059510946274,0.03365232050418854,3.6294169425964355,-0.07695322483778,0.08188314735889435,3.644381284713745,-0.04751848056912422,0.17834480106830597,3.6743099689483643,-0.10300584137439728,0.15530042350292206,3.6182656288146973,-0.4150350093841553,-0.4548068046569824,3.2979800701141357,-0.518787682056427,-0.45274150371551514,3.19291090965271,-0.5621055960655212,-0.1834961473941803,3.21396541595459,-0.5587276220321655,0.07830876111984253,3.189157724380493,-0.5580520033836365,0.1306697428226471,3.1841962337493896,-0.5567008256912231,0.23539170622825623,3.1742732524871826,-0.5129262804985046,0.18668945133686066,3.2238991260528564,-0.2933410108089447,0.09993790090084076,3.4006826877593994,-0.29827356338500977,0.5446766018867493,3.3406853675842285,-0.37582993507385254,0.9352055788040161,3.3655054569244385,-0.315910667181015,1.0541212558746338,3.284646511077881,-0.4372962415218353,0.10298462212085724,3.261723756790161,-0.4523194432258606,0.5503020882606506,3.294858694076538,-0.49089720845222473,0.9434552788734436,3.3504128456115723,-0.4184398949146271,1.0617738962173462,3.2795603275299072,-0.3068041205406189,-0.607691764831543,3.2755534648895264,-0.3010822534561157,-0.6614983677864075,3.2730889320373535,-0.3029037415981293,-0.7020506262779236,3.3208770751953125,-0.3406444191932678,-0.6862213611602783,3.4352781772613525,-0.3467041850090027,-0.7045115232467651,3.2729146480560303,-0.4647456407546997,-0.693193793296814,3.2993850708007812,-0.42165514826774597,1.0257433652877808,3.4007318019866943,-0.5279089212417603,1.035066843032837,3.3925483226776123
-0.3740222752094269,0.10296869277954102,3.2617201805114746,-0.3807746171951294,-0.08368398249149323,3.2600998878479004,-0.38758382201194763,-0.27033495903015137,3.25852370262146,-0.3943932056427002,-0.4569914937019348,3.2569475173950195,-0.35500460863113403,-0.45971745252609253,3.289297580718994,-0.24017751216888428,-0.464702308177948,3.383542537689209,-0.18428874015808105,-0.1969456672668457,3.4195797443389893,-0.13336388766765594,0.060599952936172485,3.457662582397461,-0.12317891418933868,0.11210907995700836,3.4652791023254395,-0.10280897468328476,0.21512731909751892,3.4805123805999756,-0.16060085594654083,0.17886202037334442,3.4334659576416016,-0.4338558316230774,-0.45629435777664185,3.2245800495147705,-0.5486829280853271,-0.4513095021247864,3.1303350925445557,-0.5848609805107117,-0.17823538184165955,3.145747423171997,-0.5737325549125671,0.08360415697097778,3.104642391204834,-0.5715068578720093,0.1359720677137375,3.096421480178833,-0.5670554637908936,0.2407078891992569,3.079979419708252,-0.5201557874679565,0.19257503747940063,3.1284778118133545,-0.29470929503440857,0.09956016391515732,3.3238472938537598,-0.298544704914093,0.5474097728729248,3.284813165664673,-0.3706228733062744,0.9367442727088928,3.338789224624634,-0.31780120730400085,1.0601062774658203,3.2591373920440674,-0.4533352553844452,0.10637722164392471,3.1995930671691895,-0.4645203649997711,0.5543699860572815,3.235440254211426,-0.4978582262992859,0.9477912187576294,3.297070264816284,-0.43309131264686584,1.0668673515319824,3.219747304916382,-0.33391273021698,-0.6141020059585571,3.194025993347168,-0.33035966753959656,-0.6682390570640564,3.1921021938323975,-0.3282776176929474,-0.7079389691352844,3.240772247314453,-0.3525997996330261,-0.688677966594696,3.358527421951294,-0.37728869915008545,-0.7096317410469055,3.1978893280029297,-0.4914645254611969,-0.6934741735458374,3.2370259761810303,-0.4122561514377594,1.0254017114639282,3.383331775665283,-0.5305598378181458,1.039239525794983,3.3433878421783447
-0.3608269691467285,0.11685025691986084,3.159728765487671,-0.369157612323761,-0.07015317678451538,3.155520439147949,-0.3775152266025543,-0.25715744495391846,3.151402473449707,-0.38587307929992676,-0.4441673159599304,3.147284507751465,-0.3453497886657715,-0.4476807117462158,3.1783270835876465,-0.22718624770641327,-0.4549541175365448,3.2688090801239014,-0.19052354991436005,-0.1808389127254486,3.2746551036834717,-0.15820343792438507,0.08299857378005981,3.284137487411499,-0.15173941850662231,0.13576605916023254,3.286033868789673,-0.1388113796710968,0.2413010448217392,3.2898268699645996,-0.19550438225269318,0.19607627391815186,3.2492644786834717,-0.4264872074127197,-0.44268643856048584,3.116197109222412,-0.5446507334709167,-0.43541303277015686,3.0257151126861572,-0.5741346478462219,-0.160938560962677,3.0433766841888428,-0.5562348961830139,0.10100057721138,3.0008068084716797,-0.5526549220085144,0.15338841080665588,2.992292881011963,-0.5454950332641602,0.25816407799720764,2.9752650260925293,-0.4986640214920044,0.20867833495140076,3.0228328704833984,-0.27939489483833313,0.11187703162431717,3.2195210456848145,-0.2771085798740387,0.5611078143119812,3.202728271484375,-0.345430850982666,0.9467182159423828,3.2822086811065674,-0.2936362326145172,1.0744868516921997,3.2091076374053955,-0.4422590434551239,0.12182348221540451,3.0999364852905273,-0.44738852977752686,0.5696746110916138,3.1386475563049316,-0.47612524032592773,0.9625488519668579,3.2057626247406006,-0.4129751920700073,1.0820910930633545,3.127833127975464,-0.32980892062187195,-0.6015607714653015,3.0808980464935303,-0.3270176649093628,-0.6557393074035645,3.0784318447113037,-0.3235878348350525,-0.6958640217781067,3.1267035007476807,-0.3431723713874817,-0.6772398352622986,3.245483636856079,-0.3742300868034363,-0.6966065168380737,3.085695743560791,-0.4866587817668915,-0.6793434619903564,3.1292948722839355,-0.38546979427337646,1.032665491104126,3.333069086074829,-0.5067541599273682,1.0536595582962036,3.254110813140869
-0.34818392992019653,0.12801533937454224,3.072331666946411,-0.3580564260482788,-0.05909411609172821,3.065833568572998,-0.36790984869003296,-0.24621015787124634,3.0594980716705322,-0.377763569355011,-0.43333178758621216,3.0531625747680664,-0.33638763427734375,-0.4375446140766144,3.0830838680267334,-0.21561944484710693,-0.44686076045036316,3.1704061031341553,-0.1896258443593979,-0.17142298817634583,3.1560287475585938,-0.16654476523399353,0.09372127056121826,3.144895076751709,-0.16192854940891266,0.14675012230873108,3.1426682472229004,-0.15269611775875092,0.2528078258037567,3.1382148265838623,-0.2092067301273346,0.20273347198963165,3.103220224380493,-0.4192466139793396,-0.4311527907848358,3.02317214012146,-0.5400148034095764,-0.42183664441108704,2.935849905014038,-0.5659599900245667,-0.14692619442939758,2.958197593688965,-0.5453482270240784,0.1156626045703888,2.918442964553833,-0.5412258505821228,0.16818037629127502,2.910491943359375,-0.5329811573028564,0.2732158899307251,2.894590139389038,-0.4858042299747467,0.2224414199590683,2.9406533241271973,-0.26516106724739075,0.12162350863218307,3.130244731903076,-0.25586479902267456,0.570453405380249,3.1361093521118164,-0.32129186391830444,0.9495396614074707,3.2423043251037598,-0.2702091932296753,1.0816162824630737,3.177233934402466,-0.4312067925930023,0.134407177567482,3.014418601989746,-0.4318411350250244,0.5814233422279358,3.056195020675659,-0.4582054018974304,0.9727531671524048,3.1298863887786865,-0.39671608805656433,1.0932210683822632,3.0524630546569824,-0.32459756731987,-0.5896875262260437,2.982100486755371,-0.32213419675827026,-0.6438219547271729,2.9785473346710205,-0.3173234760761261,-0.684849202632904,3.025934934616089,-0.3329614996910095,-0.6683552265167236,3.1456127166748047,-0.36927205324172974,-0.6846305131912231,2.9865880012512207,-0.48014912009239197,-0.6677356958389282,3.0341293811798096,-0.3601284325122833,1.0318762063980103,3.2993927001953125,-0.4874899387359619,1.0630404949188232,3.18025803565979
-0.337507963180542,0.1353743076324463,3.0039520263671875,-0.3487533926963806,-0.05171428620815277,2.995589017868042,-0.3599682152271271,-0.2388133853673935,2.9874227046966553,-0.3711833655834198,-0.4259181022644043,2.9792561531066895,-0.329118013381958,-0.4307239353656769,3.0081710815429688,-0.2061438411474228,-0.4417848289012909,3.092708110809326,-0.187345489859581,-0.16666290163993835,3.063368558883667,-0.16917955875396729,0.09785670042037964,3.0350217819213867,-0.16554637253284454,0.15076062083244324,3.0293524265289307,-0.15828000009059906,0.25656846165657043,3.0180137157440186,-0.21514923870563507,0.20351433753967285,2.9881653785705566,-0.41337063908576965,-0.4231458604335785,2.9502525329589844,-0.5363448262214661,-0.4120849668979645,2.865715503692627,-0.5596973896026611,-0.13724663853645325,2.894435167312622,-0.5379311442375183,0.12632164359092712,2.860344648361206,-0.5335779190063477,0.17903530597686768,2.8535265922546387,-0.5248714089393616,0.2844626307487488,2.839890480041504,-0.47720515727996826,0.23227404057979584,2.883981704711914,-0.25321871042251587,0.12779128551483154,3.0602505207061768,-0.23685197532176971,0.57441246509552,3.0856809616088867,-0.29996103048324585,0.9450339078903198,3.2160110473632812,-0.24952568113803864,1.0804836750030518,3.1589603424072266,-0.4217972159385681,0.14295732975006104,2.9476535320281982,-0.4197908043861389,0.5882729887962341,2.9932057857513428,-0.4454411268234253,0.9770259857177734,3.074089288711548,-0.3858300447463989,1.0986289978027344,2.9979026317596436,-0.3205789625644684,-0.5806381106376648,2.902998924255371,-0.3183908760547638,-0.6346701979637146,2.8980870246887207,-0.3123565912246704,-0.6768256425857544,2.9443182945251465,-0.324506938457489,-0.6631637215614319,3.064737558364868,-0.3654019236564636,-0.6755358576774597,2.9065003395080566,-0.4748021066188812,-0.6595093011856079,2.9575867652893066,-0.33780917525291443,1.023424506187439,3.2784712314605713,-0.47386160492897034,1.0660760402679443,3.126446008682251
-0.3280946612358093,0.141279935836792,2.9533677101135254,-0.3405786454677582,-0.04572230577468872,2.943427085876465,-0.3530755639076233,-0.23273412883281708,2.933684825897217,-0.36557283997535706,-0.4197515547275543,2.9239423274993896,-0.3229386806488037,-0.4250832796096802,2.951951265335083,-0.1980554163455963,-0.4377037584781647,3.0340187549591064,-0.18409591913223267,-0.16340184211730957,2.9942708015441895,-0.16782769560813904,0.09949877858161926,2.951556444168091,-0.1645740568637848,0.15207889676094055,2.9430136680603027,-0.1580667644739151,0.2572391629219055,2.9259278774261475,-0.21558550000190735,0.20250213146209717,2.9005279541015625,-0.4083428382873535,-0.41645246744155884,2.895827531814575,-0.5332261323928833,-0.40383198857307434,2.8137600421905518,-0.5540242195129395,-0.12936070561408997,2.8491051197052,-0.5314782857894897,0.13510718941688538,2.8216400146484375,-0.5269690752029419,0.18800076842308044,2.8161470890045166,-0.517950713634491,0.2937879264354706,2.8051609992980957,-0.4698053002357483,0.24019066989421844,2.847101926803589,-0.24271869659423828,0.13266806304454803,3.008153200149536,-0.22040730714797974,0.5760002136230469,3.0507283210754395,-0.2811298966407776,0.937264621257782,3.2021214962005615,-0.2315635234117508,1.0751925706863403,3.152324676513672,-0.41347062587738037,0.14989180862903595,2.8985822200775146,-0.4103657305240631,0.5930241942405701,2.9483606815338135,-0.4362684488296509,0.9786597490310669,3.0363001823425293,-0.3786928057670593,1.1014140844345093,2.961620330810547,-0.31806421279907227,-0.5726672410964966,2.842454433441162,-0.31637042760849,-0.626538097858429,2.8361008167266846,-0.3094048798084259,-0.6698898077011108,2.8810319900512695,-0.31827569007873535,-0.6592839956283569,3.0019800662994385,-0.3633919656276703,-0.6673022508621216,2.844701051712036,-0.4712391495704651,-0.6519525647163391,2.8990423679351807,-0.3178928792476654,1.0117101669311523,3.2691848278045654,-0.4640945792198181,1.0662868022918701,3.0905065536499023
-0.32079169154167175,0.14523133635520935,2.9190735816955566,-0.3343784213066101,-0.041626304388046265,2.907762289047241,-0.34805506467819214,-0.22848698496818542,2.896610736846924,-0.3617321252822876,-0.41535326838493347,2.8854587078094482,-0.3186587393283844,-0.4211559593677521,2.912696599960327,-0.1922246813774109,-0.43518367409706116,2.992687940597534,-0.18090032041072845,-0.1615261435508728,2.947094678878784,-0.1641780287027359,0.09951135516166687,2.8936264514923096,-0.16083356738090515,0.1517188549041748,2.8829329013824463,-0.15414464473724365,0.2561338543891907,2.8615455627441406,-0.21252717077732086,0.2007630169391632,2.8395822048187256,-0.4049541652202606,-0.4115815758705139,2.8580996990203857,-0.5313882231712341,-0.39755386114120483,2.7781083583831787,-0.5504194498062134,-0.12379658222198486,2.8204190731048584,-0.5285351872444153,0.1415891945362091,2.8011693954467773,-0.5241583585739136,0.19466635584831238,2.7973194122314453,-0.5154046416282654,0.30082064867019653,2.7896196842193604,-0.466552197933197,0.24593806266784668,2.8290934562683105,-0.23453935980796814,0.135724276304245,2.972522497177124,-0.2069850116968155,0.5758955478668213,3.0288805961608887,-0.2642168402671814,0.9292075037956238,3.196486234664917,-0.2151845246553421,1.0686849355697632,3.152193546295166,-0.40704402327537537,0.1547383964061737,2.8656246662139893,-0.4037511646747589,0.5960449576377869,2.9196977615356445,-0.4299366772174835,0.979082465171814,3.0134694576263428,-0.3740876615047455,1.102819561958313,2.9400529861450195,-0.31773504614830017,-0.566324770450592,2.7988953590393066,-0.3167039155960083,-0.6199718117713928,2.791095733642578,-0.3090354800224304,-0.6645164489746094,2.834643840789795,-0.3147914409637451,-0.6570483446121216,2.955901861190796,-0.3638324439525604,-0.6605026125907898,2.7997920513153076,-0.4700494408607483,-0.645675778388977,2.8571550846099854,-0.29963821172714233,1.0004856586456299,3.2671191692352295,-0.45728152990341187,1.0655159950256348,3.0691988468170166
