x0,y0,z0,x1,y1,z1,x2,y2,z2,x3,y3,z3,x4,y4,z4,x5,y5,z5,x6,y6,z6,x7,y7,z7,x8,y8,z8,x9,y9,z9,x10,y10,z10,x11,y11,z11,x12,y12,z12,x13,y13,z13,x14,y14,z14,x15,y15,z15,x16,y16,z16,x17,y17,z17,x18,y18,z18,x19,y19,z19,x20,y20,z20,x21,y21,z21,x22,y22,z22,x23,y23,z23,x24,y24,z24,x25,y25,z25,x26,y26,z26,x27,y27,z27,x28,y28,z28,x29,y29,z29,x30,y30,z30,x31,y31,z31,x32,y32,z32,x33,y33,z33
-0.27094200253486633,0.15383955836296082,3.342064380645752,-0.2657160758972168,-0.032934948801994324,3.3168070316314697,-0.260541707277298,-0.21970774233341217,3.2915263175964355,-0.2553671896457672,-0.4064860939979553,3.266244888305664,-0.2457425892353058,-0.41402894258499146,3.316298484802246,-0.2170249968767166,-0.43356338143348694,3.466495990753174,-0.14943546056747437,-0.16015180945396423,3.444889545440674,-0.08940030634403229,0.1040056049823761,3.425239324569702,-0.07739327847957611,0.1568370908498764,3.421309232711792,-0.05337921530008316,0.2625000476837158,3.4134490489959717,-0.08015035837888718,0.2083021104335785,3.353902578353882,-0.26493558287620544,-0.400973379611969,3.215916395187378,-0.2936531603336334,-0.3814389407634735,3.0657191276550293,-0.08496882021427155,-0.21417172253131866,3.1566123962402344,0.18366895616054535,-0.19607245922088623,3.192328453063965,0.2373965084552765,-0.19245260953903198,3.1994717121124268,0.34485161304473877,-0.1852128952741623,3.2137582302093506,0.28481483459472656,-0.21355655789375305,3.266598701477051,-0.2515740692615509,0.14100775122642517,3.4409613609313965,-0.26951974630355835,0.6208231449127197,3.4803671836853027,-0.3089075982570648,1.0454182624816895,3.5197813510894775,-0.19316011667251587,1.1653752326965332,3.506394863128662,-0.29030993580818176,0.16667136549949646,3.2431674003601074,-0.33195173740386963,0.6307037472724915,3.365795612335205,-0.3651270568370819,1.043684959411621,3.474109411239624,-0.24798160791397095,1.1629481315612793,3.4785351753234863,-0.16457337141036987,-0.5156608819961548,3.240387201309204,-0.15359006822109222,-0.5575365424156189,3.235243320465088,-0.1696997582912445,-0.5968748331069946,3.262443780899048,-0.2438606172800064,-0.6032386422157288,3.325871229171753,-0.179947629570961,-0.5932764410972595,3.2112677097320557,-0.27289626002311707,-0.5930430889129639,3.1808724403381348,-0.36061936616897583,1.1469643115997314,3.537381410598755,-0.4152339696884155,1.14159095287323,3.5087387561798096
-0.2639707922935486,0.1566298007965088,3.3391590118408203,-0.2624773383140564,-0.031204834580421448,3.31938099861145,-0.26089370250701904,-0.21900907158851624,3.299323558807373,-0.2593100368976593,-0.4068189263343811,3.2792654037475586,-0.2374429553747177,-0.40269285440444946,3.232692241668701,-0.16706281900405884,-0.3861214220523834,3.0830862522125244,-0.02778327465057373,-0.22383321821689606,3.29465651512146,0.10918547213077545,-0.07176168262958527,3.4990692138671875,0.1365792155265808,-0.04134737700223923,3.539951801300049,0.19136671721935272,0.01948123425245285,3.6217169761657715,0.11874876171350479,-0.033908646553754807,3.6282296180725098,-0.281159907579422,-0.41298627853393555,3.325620651245117,-0.3515400290489197,-0.4295577108860016,3.475226640701294,-0.10505461692810059,-0.2583146095275879,3.4956960678100586,0.12556332349777222,-0.0846174955368042,3.513456106185913,0.17168691754341125,-0.0498780719935894,3.517008066177368,0.26393407583236694,0.019600775092840195,3.5241119861602783,0.22837470471858978,-0.022186316549777985,3.4523093700408936,-0.21966350078582764,0.16657328605651855,3.248070240020752,-0.2697920799255371,0.6275444626808167,3.3787832260131836,-0.31624263525009155,1.037345290184021,3.494056224822998,-0.4434150457382202,1.1424672603607178,3.4668102264404297,-0.30827808380126953,0.14668631553649902,3.4302477836608887,-0.3217729330062866,0.6282416582107544,3.434178590774536,-0.32929155230522156,1.056369423866272,3.439861297607422,-0.4465862512588501,1.1621233224868774,3.384871482849121,-0.26446762681007385,-0.5430760383605957,3.2512080669403076,-0.25115156173706055,-0.5829142928123474,3.253164052963257,-0.20516927540302277,-0.5987249612808228,3.2509090900421143,-0.12421475350856781,-0.5508851408958435,3.2583086490631104,-0.23338551819324493,-0.6061349511146545,3.292081832885742,-0.20416077971458435,-0.5718801021575928,3.374964714050293,-0.28933534026145935,1.1389049291610718,3.541562557220459,-0.29269951581954956,1.1638274192810059,3.460085391998291
-0.28739866614341736,0.15564456582069397,3.399535655975342,-0.27919790148735046,-0.03296034038066864,3.3849964141845703,-0.27083978056907654,-0.2215825319290161,3.370774269104004,-0.2624814212322235,-0.41021037101745605,3.3565516471862793,-0.2418612688779831,-0.4138970375061035,3.403865098953247,-0.17356398701667786,-0.4227321445941925,3.5611774921417236,-0.44431793689727783,-0.27530553936958313,3.5459349155426025,-0.705342173576355,-0.13478896021842957,3.5315053462982178,-0.7575470209121704,-0.10668564587831497,3.5286195278167725,-0.8619567155838013,-0.050479017198085785,3.5228476524353027,-0.8120884895324707,-0.09013664722442627,3.4554851055145264,-0.28301072120666504,-0.40857383608818054,3.3090834617614746,-0.3513079881668091,-0.39973872900009155,3.151771068572998,-0.09762290120124817,-0.22543559968471527,3.1749427318573,0.18024331331253052,-0.12114496529102325,3.175718069076538,0.23581655323505402,-0.10028684139251709,3.175873041152954,0.3469630479812622,-0.05857058987021446,3.1761832237243652,0.29846805334091187,-0.09879451990127563,3.2442092895507812,-0.24605944752693176,0.150264173746109,3.492647409439087,-0.27081289887428284,0.6301683187484741,3.470919609069824,-0.33696606755256653,1.0526046752929688,3.471406936645508,-0.23782876133918762,1.1763888597488403,3.4191510677337646,-0.32873788475990295,0.16102495789527893,3.3064239025115967,-0.33003708720207214,0.6318374872207642,3.40504789352417,-0.33073049783706665,1.0503809452056885,3.49251127243042,-0.21386781334877014,1.1659432649612427,3.463017702102661,-0.19351539015769958,-0.5331326127052307,3.3206450939178467,-0.19000619649887085,-0.5765082240104675,3.3146047592163086,-0.2088191658258438,-0.6133079528808594,3.3442420959472656,-0.2751680314540863,-0.6083294749259949,3.4169418811798096,-0.22471883893013,-0.6076388955116272,3.2942960262298584,-0.3202171325683594,-0.5922670364379883,3.275428056716919,-0.3920629024505615,1.1521553993225098,3.488987922668457,-0.3699158728122711,1.1513745784759521,3.531497001647949
-0.27871301770210266,0.1583191454410553,3.378612756729126,-0.2759038209915161,-0.03060607612133026,3.3654794692993164,-0.27318185567855835,-0.21955232322216034,3.352633237838745,-0.2704598009586334,-0.4085042476654053,3.3397865295410156,-0.2816961407661438,-0.4131186604499817,3.3901004791259766,-0.31948402523994446,-0.425167977809906,3.5593185424804688,-0.1303037703037262,-0.18368320167064667,3.5024938583374023,0.05168193578720093,0.048453062772750854,3.447868585586548,0.08807907998561859,0.09488031268119812,3.436943531036377,0.16087335348129272,0.18773481249809265,3.415093421936035,0.12436722964048386,0.12489725649356842,3.3559176921844482,-0.25919389724731445,-0.40594345331192017,3.2893331050872803,-0.2214060127735138,-0.39389413595199585,3.120115041732788,0.0013715922832489014,-0.2842187285423279,3.3089921474456787,0.24878019094467163,-0.3158268928527832,3.4756650924682617,0.2982619106769562,-0.32214853167533875,3.5089995861053467,0.39722535014152527,-0.33479177951812744,3.5756688117980957,0.30713266134262085,-0.3445451557636261,3.5995686054229736,-0.2996303141117096,0.15108323097229004,3.4782278537750244,-0.2904762625694275,0.63178551197052,3.4797117710113525,-0.33334505558013916,1.0569010972976685,3.470522880554199,-0.21914945542812347,1.1763323545455933,3.493952989578247,-0.2577957212924957,0.16555505990982056,3.2789976596832275,-0.31232550740242004,0.6326289176940918,3.379143476486206,-0.35738950967788696,1.0480324029922485,3.468890905380249,-0.24349118769168854,1.1597011089324951,3.5179898738861084,-0.1942114531993866,-0.5311809182167053,3.3678553104400635,-0.18790942430496216,-0.5751368403434753,3.369763135910034,-0.22180920839309692,-0.610804557800293,3.3847882747650146,-0.3202032446861267,-0.6036139726638794,3.3991661071777344,-0.20252908766269684,-0.610198438167572,3.3350629806518555,-0.26557624340057373,-0.6018967628479004,3.2582778930664062,-0.3856998682022095,1.1587958335876465,3.4596498012542725,-0.4103769361972809,1.1492773294448853,3.48244047164917
-0.2782042324542999,0.1586436629295349,3.388298273086548,-0.27568337321281433,-0.030475184321403503,3.375190258026123,-0.2732515037059784,-0.219613179564476,3.36234450340271,-0.2708195447921753,-0.4087568521499634,3.3494982719421387,-0.27706819772720337,-0.4133492112159729,3.4007251262664795,-0.29816699028015137,-0.42535942792892456,3.5735652446746826,-0.0951281487941742,-0.19232593476772308,3.524325132369995,0.10048113763332367,0.031418636441230774,3.477003335952759,0.13960298895835876,0.07616755366325378,3.467539072036743,0.21784670650959015,0.1656653881072998,3.448610305786133,0.1739652454853058,0.11001075804233551,3.386836290359497,-0.26454445719718933,-0.4062202274799347,3.2981317043304443,-0.24344566464424133,-0.39420998096466064,3.125291585922241,-0.04092307388782501,-0.20925506949424744,3.276057243347168,0.22356872260570526,-0.15841801464557648,3.4103095531463623,0.27646708488464355,-0.14825060963630676,3.437160015106201,0.38226380944252014,-0.12791578471660614,3.490860939025879,0.30127018690109253,-0.1588478535413742,3.527224063873291,-0.2895796298980713,0.15147414803504944,3.4895498752593994,-0.2974856197834015,0.6318000555038452,3.490212917327881,-0.3383599817752838,1.0568418502807617,3.4870121479034424,-0.22185920178890228,1.1753952503204346,3.500418186187744,-0.26682883501052856,0.16581317782402039,3.2870466709136963,-0.32722580432891846,0.6308822631835938,3.3911566734313965,-0.37660592794418335,1.0446993112564087,3.484208345413208,-0.2622554302215576,1.159935474395752,3.5223090648651123,-0.1780499517917633,-0.5322693586349487,3.358039617538452,-0.16801096498966217,-0.5778816938400269,3.356447458267212,-0.1976863294839859,-0.618613600730896,3.3761093616485596,-0.2971894443035126,-0.6196402907371521,3.4090652465820312,-0.18693366646766663,-0.6143317818641663,3.3212392330169678,-0.26672354340553284,-0.6075084209442139,3.2536001205444336,-0.39081835746765137,1.1590046882629395,3.4814765453338623,-0.4311828017234802,1.144226312637329,3.5025253295898438
-0.26624155044555664,0.15510770678520203,3.3811404705047607,-0.2632530629634857,-0.03404916822910309,3.368013381958008,-0.2603670656681061,-0.2232278436422348,3.3551812171936035,-0.2574809789657593,-0.41241219639778137,3.342348575592041,-0.2638815939426422,-0.41701722145080566,3.393568277359009,-0.28550592064857483,-0.4290722608566284,3.566425085067749,-0.12372103333473206,-0.1665545105934143,3.512277603149414,0.03221619129180908,0.08564165234565735,3.460244655609131,0.06340363621711731,0.13608089089393616,3.449838161468506,0.12577852606773376,0.23695936799049377,3.4290249347686768,0.0925990641117096,0.1731099784374237,3.368464469909668,-0.2510490119457245,-0.40986335277557373,3.290989398956299,-0.22942470014095306,-0.397808313369751,3.1181325912475586,-0.055984094738960266,-0.17774972319602966,3.257826805114746,0.20512868463993073,-0.09652256220579147,3.3837196826934814,0.25735124945640564,-0.08027713000774384,3.40889835357666,0.3617963492870331,-0.04778626561164856,3.4592554569244385,0.28526270389556885,-0.08579245954751968,3.4985404014587402,-0.27791827917099,0.1478978544473648,3.4823741912841797,-0.28583964705467224,0.6281620264053345,3.4876413345336914,-0.3400934636592865,1.0516858100891113,3.4868812561035156,-0.2274356335401535,1.1737620830535889,3.5013325214385986,-0.2545648217201233,0.16231755912303925,3.279906749725342,-0.32294803857803345,0.626081109046936,3.3847458362579346,-0.3788941204547882,1.0388659238815308,3.4785280227661133,-0.26643726229667664,1.1557248830795288,3.5172667503356934,-0.16159087419509888,-0.5345239639282227,3.3446407318115234,-0.15062305331230164,-0.5800181031227112,3.3414881229400635,-0.17890937626361847,-0.6220413446426392,3.3610293865203857,-0.27763229608535767,-0.6261024475097656,3.3971757888793945,-0.16996845602989197,-0.6160573363304138,3.3057827949523926,-0.2522996664047241,-0.6091477870941162,3.2406439781188965,-0.3957306742668152,1.1521682739257812,3.4818108081817627,-0.43502843379974365,1.1375079154968262,3.4968760013580322
-0.26676270365715027,0.1563040316104889,3.3700013160705566,-0.2670135200023651,-0.03307825326919556,3.3595192432403564,-0.26735588908195496,-0.22248271107673645,3.3494482040405273,-0.2676982581615448,-0.411892831325531,3.339376926422119,-0.2690185010433197,-0.4156705439090729,3.3910553455352783,-0.2733750641345978,-0.42475253343582153,3.562006950378418,-0.16103285551071167,-0.14914274215698242,3.4856505393981934,-0.05284588783979416,0.11579939723014832,3.412231922149658,-0.031208492815494537,0.16878782212734222,3.397548198699951,0.012066297233104706,0.27476465702056885,3.368180751800537,-0.015881117433309555,0.20532026886940002,3.3141822814941406,-0.26638174057006836,-0.41017377376556396,3.2875888347625732,-0.2620251774787903,-0.4010917842388153,3.1166372299194336,-0.12755385041236877,-0.1514335572719574,3.234959125518799,0.14875346422195435,-0.08855834603309631,3.3185653686523438,0.20401492714881897,-0.07598330080509186,3.3352866172790527,0.3145378530025482,-0.050833217799663544,3.3687291145324707,0.24475742876529694,-0.08659207820892334,3.417426109313965,-0.2679521441459656,0.1506590098142624,3.4720194339752197,-0.27379125356674194,0.6308982968330383,3.4847989082336426,-0.34729793667793274,1.0514556169509888,3.4953010082244873,-0.23947468400001526,1.1786062717437744,3.499786615371704,-0.26557326316833496,0.1619490534067154,3.2679831981658936,-0.3282749652862549,0.6256045699119568,3.3771584033966064,-0.37975338101387024,1.0382784605026245,3.474277973175049,-0.2654471695423126,1.1568197011947632,3.5006468296051025,-0.17547938227653503,-0.5368395447731018,3.3377685546875,-0.16606193780899048,-0.5826848745346069,3.334587335586548,-0.19441074132919312,-0.6236129999160767,3.3562676906585693,-0.29097700119018555,-0.6242696046829224,3.3980655670166016,-0.18849529325962067,-0.6185293197631836,3.300518035888672,-0.27421656250953674,-0.6098658442497253,3.240108013153076,-0.4077412486076355,1.1492578983306885,3.4973063468933105,-0.435014933347702,1.1363227367401123,3.497861623764038
-0.25937560200691223,0.1649901568889618,3.3227810859680176,-0.26403331756591797,-0.023593023419380188,3.306236743927002,-0.2687729001045227,-0.21220335364341736,3.2900283336639404,-0.2735126316547394,-0.4008193612098694,3.2738194465637207,-0.27001896500587463,-0.40635180473327637,3.325153350830078,-0.2588126063346863,-0.420704185962677,3.48888897895813,-0.2009536176919937,-0.13959234952926636,3.4175190925598145,-0.1453479677438736,0.13071385025978088,3.3488967418670654,-0.13422684371471405,0.18477509915828705,3.335172176361084,-0.11198458075523376,0.2928975820541382,3.3077232837677,-0.1322360634803772,0.22396427392959595,3.255467653274536,-0.27705779671669006,-0.3973369002342224,3.2223093509674072,-0.2882641553878784,-0.3829845190048218,3.0585737228393555,-0.21057045459747314,-0.12493139505386353,3.18038272857666,0.06884074211120605,-0.08557882905006409,3.2156991958618164,0.12472297996282578,-0.07770831882953644,3.2227625846862793,0.23648744821548462,-0.06196729093790054,3.236889123916626,0.17672212421894073,-0.0979640781879425,3.2918882369995117,-0.25076571106910706,0.1558932065963745,3.4240496158599854,-0.2648301124572754,0.6355341076850891,3.4513297080993652,-0.34450823068618774,1.0542176961898804,3.4808576107025146,-0.23897579312324524,1.1834189891815186,3.4789366722106934,-0.2679854929447174,0.17408710718154907,3.22151255607605,-0.31510254740715027,0.6370958685874939,3.3415136337280273,-0.3752041161060333,1.04607093334198,3.4494194984436035,-0.26398372650146484,1.168953537940979,3.468488931655884,-0.15509667992591858,-0.4399930238723755,3.3713462352752686,-0.13336513936519623,-0.44383275508880615,3.413775682449341,-0.1332249790430069,-0.40666186809539795,3.454802989959717,-0.19429603219032288,-0.3196401596069336,3.4691600799560547,-0.15630251169204712,-0.45872485637664795,3.461911201477051,-0.25968238711357117,-0.467151939868927,3.48930025100708,-0.40624508261680603,1.1507117748260498,3.4913406372070312,-0.43231144547462463,1.141435146331787,3.479031562805176
-0.2545977830886841,0.167831152677536,3.346615791320801,-0.2632780373096466,-0.020362943410873413,3.331538200378418,-0.27200281620025635,-0.20859704911708832,3.31699538230896,-0.2807278633117676,-0.3968367874622345,3.3024520874023438,-0.2729954421520233,-0.40215039253234863,3.353241443634033,-0.24886639416217804,-0.4154578149318695,3.5110089778900146,-0.18931995332241058,-0.1597142219543457,3.3953216075897217,-0.07792570441961288,0.06227923929691315,3.2751851081848145,-0.055646855384111404,0.10667793452739716,3.251157760620117,-0.011089157313108444,0.19547531008720398,3.2031033039093018,-0.05292548984289169,0.12883925437927246,3.16790509223938,-0.2885551154613495,-0.39356911182403564,3.25150465965271,-0.31268414855003357,-0.38026168942451477,3.0937371253967285,-0.272482693195343,-0.11661779880523682,3.1996138095855713,-0.0003126561641693115,-0.07301656901836395,3.187575101852417,0.05412135273218155,-0.06429632008075714,3.1851673126220703,0.16298937797546387,-0.046855829656124115,3.180351972579956,0.11531730741262436,-0.08100882917642593,3.2435224056243896,-0.23755325376987457,0.159026101231575,3.446704864501953,-0.2567138373851776,0.6380312442779541,3.4817097187042236,-0.33252811431884766,1.05653977394104,3.5223512649536133,-0.227178692817688,1.1855828762054443,3.5129661560058594,-0.2716423273086548,0.176636204123497,3.2465267181396484,-0.29992976784706116,0.6413317918777466,3.366093873977661,-0.3674658238887787,1.0479446649551392,3.4785826206207275,-0.2598051428794861,1.1748967170715332,3.4900317192077637,-0.14976392686367035,-0.43581295013427734,3.382546901702881,-0.12278933823108673,-0.4408023953437805,3.4217429161071777,-0.11882174760103226,-0.405661016702652,3.464362382888794,-0.18061503767967224,-0.32196199893951416,3.4906809329986572,-0.13903264701366425,-0.4589211642742157,3.471491575241089,-0.23787927627563477,-0.4728657603263855,3.510880708694458,-0.3929160237312317,1.1530282497406006,3.5390267372131348,-0.42586472630500793,1.141165018081665,3.5122625827789307
-0.24968025088310242,0.17205947637557983,3.3755743503570557,-0.26097720861434937,-0.01618856191635132,3.365049362182617,-0.2722681164741516,-0.20446790754795074,3.3550937175750732,-0.2835593819618225,-0.39275288581848145,3.34513783454895,-0.2693796455860138,-0.3972465395927429,3.3945648670196533,-0.22606763243675232,-0.40780138969421387,3.5450541973114014,-0.18229982256889343,-0.171316459774971,3.39927077293396,-0.041438400745391846,-0.008516579866409302,3.2356226444244385,-0.013266116380691528,0.02404339611530304,3.202893018722534,0.043078452348709106,0.08916334807872772,3.1374337673187256,-0.01453479379415512,0.03029802441596985,3.118652820587158,-0.29786181449890137,-0.39030563831329346,3.295602321624756,-0.34117382764816284,-0.3797507882118225,3.145112991333008,-0.3437165915966034,-0.1118445098400116,3.230630874633789,-0.08803287148475647,-0.04092937707901001,3.178445816040039,-0.036896124482154846,-0.026746349409222603,3.168008804321289,0.0653773695230484,0.001619705930352211,3.147134780883789,0.03163920342922211,-0.03142669424414635,3.2171833515167236,-0.21977739036083221,0.16483569145202637,3.472682237625122,-0.24223986268043518,0.6435146331787109,3.509584903717041,-0.31582483649253845,1.0615060329437256,3.5584402084350586,-0.2137228399515152,1.191371202468872,3.5351107120513916,-0.2795830965042114,0.1792832612991333,3.2784664630889893,-0.29189810156822205,0.6469355821609497,3.3886916637420654,-0.3601616621017456,1.0529570579528809,3.5027318000793457,-0.25655660033226013,1.1836827993392944,3.4994401931762695,-0.15952683985233307,-0.4845115542411804,3.381221055984497,-0.13346493244171143,-0.5130890607833862,3.4094126224517822,-0.12421481311321259,-0.507189929485321,3.4637186527252197,-0.17288526892662048,-0.44390037655830383,3.535491466522217,-0.15207524597644806,-0.5529706478118896,3.4430670738220215,-0.25182315707206726,-0.5736122727394104,3.4769787788391113,-0.37438714504241943,1.1575480699539185,3.5825018882751465,-0.4174512028694153,1.1447222232818604,3.541842460632324
-0.2514992952346802,0.177244633436203,3.3810369968414307,-0.26394426822662354,-0.011018067598342896,3.375030994415283,-0.2763535976409912,-0.19929848611354828,3.369527578353882,-0.2887633144855499,-0.38758453726768494,3.3640239238739014,-0.2668689489364624,-0.39141684770584106,3.410576105117798,-0.20055709779262543,-0.3998986482620239,3.55122709274292,-0.17739135026931763,-0.16780582070350647,3.3995847702026367,-0.05170935392379761,-0.02447064220905304,3.2119178771972656,-0.026572952046990395,0.004196394234895706,3.174384593963623,0.02369985170662403,0.0615304671227932,3.099317789077759,-0.03941363841295242,0.00725950300693512,3.0918619632720947,-0.31079256534576416,-0.38579869270324707,3.3174118995666504,-0.37710440158843994,-0.3773168921470642,3.1767609119415283,-0.42039719223976135,-0.11218222975730896,3.2490687370300293,-0.18246346712112427,-0.023639656603336334,3.164762258529663,-0.13487672805786133,-0.0059311408549547195,3.1479010581970215,-0.039703235030174255,0.02948589064180851,3.114178419113159,-0.06237107515335083,3.0992552638053894e-05,3.189030408859253,-0.2062755525112152,0.1713498830795288,3.4721033573150635,-0.23074525594711304,0.6496003866195679,3.5104734897613525,-0.30439165234565735,1.0660197734832764,3.5698647499084473,-0.210166335105896,1.197803258895874,3.5303170680999756,-0.29672303795814514,0.1831393837928772,3.289970636367798,-0.30019277334213257,0.6530178785324097,3.389954090118408,-0.35677051544189453,1.0606577396392822,3.5039052963256836,-0.25746622681617737,1.1926647424697876,3.4810547828674316,-0.1853402704000473,-0.5079092383384705,3.3607871532440186,-0.1657152771949768,-0.5487536191940308,3.3764231204986572,-0.1562495231628418,-0.5634234547615051,3.4290952682495117,-0.19273090362548828,-0.5200855135917664,3.5204899311065674,-0.19225412607192993,-0.5934745669364929,3.395785331726074,-0.29474395513534546,-0.6052302718162537,3.4261114597320557,-0.3603488802909851,1.1608984470367432,3.602844476699829,-0.4087311923503876,1.1525354385375977,3.5495059490203857
-0.25236833095550537,0.17896011471748352,3.3868138790130615,-0.26487165689468384,-0.009265124797821045,3.38301682472229,-0.2774031460285187,-0.19749364256858826,3.3794829845428467,-0.28993499279022217,-0.38572776317596436,3.3759491443634033,-0.26103681325912476,-0.3894781470298767,3.4184865951538086,-0.17377671599388123,-0.3976944088935852,3.546687126159668,-0.15719594061374664,-0.14949212968349457,3.4283947944641113,-0.05451839417219162,0.026365965604782104,3.2590444087982178,-0.033982884138822556,0.06153758615255356,3.2251744270324707,0.007088135927915573,0.13188081979751587,3.1574342250823975,-0.05514834448695183,0.0783674567937851,3.1469743251800537,-0.31896939873695374,-0.3840233087539673,3.3333733081817627,-0.40622949600219727,-0.3758070468902588,3.2051727771759033,-0.49941200017929077,-0.12485814094543457,3.2700884342193604,-0.2862004041671753,-0.01533200591802597,3.1574249267578125,-0.24355807900428772,0.006573222577571869,3.134892225265503,-0.15827342867851257,0.05038367956876755,3.089826822280884,-0.17008638381958008,0.025566119700670242,3.1678717136383057,-0.19332873821258545,0.17336805164813995,3.469611406326294,-0.21822191774845123,0.6511374115943909,3.506734609603882,-0.29363614320755005,1.0650310516357422,3.577016830444336,-0.21050108969211578,1.199135661125183,3.5236353874206543,-0.3114079236984253,0.1845521777868271,3.304016351699829,-0.3089529871940613,0.6564794182777405,3.3908493518829346,-0.3491709530353546,1.067613959312439,3.497083902359009,-0.2555745840072632,1.1985136270523071,3.454071521759033,-0.20837226510047913,-0.5181303024291992,3.343329429626465,-0.19583836197853088,-0.5640740394592285,3.3492982387542725,-0.1886059194803238,-0.5909510254859924,3.3973824977874756,-0.2165609896183014,-0.5625213980674744,3.4973866939544678,-0.22948434948921204,-0.6069470643997192,3.3600971698760986,-0.3323832154273987,-0.6078435778617859,3.39174485206604,-0.3464859127998352,1.1582940816879272,3.6182379722595215,-0.39377573132514954,1.1610255241394043,3.546832799911499
-0.24988706409931183,0.17695176601409912,3.4014699459075928,-0.26235431432724,-0.011278226971626282,3.399271249771118,-0.2750496566295624,-0.19949285686016083,3.3970608711242676,-0.2877453863620758,-0.38771313428878784,3.394850492477417,-0.2532736361026764,-0.3915139436721802,3.432997465133667,-0.14925315976142883,-0.3998798727989197,3.547914981842041,-0.11915185302495956,-0.13166716694831848,3.501737356185913,-0.0355907678604126,0.09934332966804504,3.4070181846618652,-0.018878549337387085,0.14554542303085327,3.3880743980407715,0.01454588770866394,0.23794962465763092,3.350186824798584,-0.04571974650025368,0.1887701004743576,3.323446035385132,-0.32235512137413025,-0.3859580159187317,3.3566792011260986,-0.4263755977153778,-0.3775920867919922,3.2417616844177246,-0.5580762028694153,-0.14605313539505005,3.3051743507385254,-0.36868682503700256,-0.02221786230802536,3.170576810836792,-0.33080893754959106,0.002549193799495697,3.1436572074890137,-0.25505319237709045,0.05208330601453781,3.089818239212036,-0.25865644216537476,0.0323382243514061,3.1695852279663086,-0.17999514937400818,0.1714596450328827,3.4753401279449463,-0.20926153659820557,0.6484882831573486,3.503251075744629,-0.28803932666778564,1.0600978136062622,3.5771536827087402,-0.21732261776924133,1.1954047679901123,3.5115232467651367,-0.3197789788246155,0.18244388699531555,3.3275997638702393,-0.31568172574043274,0.6559356451034546,3.3981740474700928,-0.34582847356796265,1.0699331760406494,3.4919137954711914,-0.26070183515548706,1.1991894245147705,3.4313952922821045,-0.22276271879673004,-0.5242522954940796,3.3460049629211426,-0.21488018333911896,-0.5715829133987427,3.347290277481079,-0.20782087743282318,-0.6032572388648987,3.392392873764038,-0.22682784497737885,-0.5812154412269592,3.496053695678711,-0.2522389590740204,-0.6116243600845337,3.356689214706421,-0.352679044008255,-0.6049222350120544,3.3948934078216553,-0.33787083625793457,1.1521986722946167,3.623664617538452,-0.3842529356479645,1.1648468971252441,3.5433332920074463
-0.2467939704656601,0.17510586977005005,3.4094319343566895,-0.25879132747650146,-0.013105988502502441,3.407780408859253,-0.27122652530670166,-0.20128771662712097,3.4059438705444336,-0.2836621105670929,-0.38947510719299316,3.404107093811035,-0.24474453926086426,-0.3934016227722168,3.437669515609741,-0.12732939422130585,-0.4021473526954651,3.5387823581695557,-0.07511898875236511,-0.13479137420654297,3.565220594406128,-0.006055794656276703,0.11912575364112854,3.5682947635650635,0.007756844162940979,0.16990917921066284,3.5689096450805664,0.03538212180137634,0.27147603034973145,3.5701394081115723,-0.024725299328565598,0.23377978801727295,3.5286037921905518,-0.32271483540534973,-0.38759392499923706,3.3705248832702637,-0.44012999534606934,-0.37884819507598877,3.269412040710449,-0.5923813581466675,-0.16265766322612762,3.3400187492370605,-0.4211888313293457,-0.034627094864845276,3.186544418334961,-0.3869503140449524,-0.009020980447530746,3.1558494567871094,-0.31847330927848816,0.04219124838709831,3.0944597721099854,-0.31538158655166626,0.02655823901295662,3.175114393234253,-0.16842150688171387,0.16954156756401062,3.474226236343384,-0.2058946192264557,0.6450720429420471,3.494471311569214,-0.2865200638771057,1.055021047592163,3.568934440612793,-0.22792743146419525,1.1901713609695435,3.4929933547973633,-0.3251664340496063,0.18067017197608948,3.344637632369995,-0.3206769824028015,0.6546904444694519,3.4014525413513184,-0.34524378180503845,1.0699251890182495,3.4855947494506836,-0.27004608511924744,1.1977858543395996,3.411684513092041,-0.231813445687294,-0.5281928777694702,3.3464701175689697,-0.22651080787181854,-0.5758988857269287,3.346128463745117,-0.21664267778396606,-0.6089226007461548,3.389712333679199,-0.22362643480300903,-0.5882368087768555,3.495147705078125,-0.2648959755897522,-0.6140638589859009,3.3586785793304443,-0.3603441119194031,-0.6028037071228027,3.4072189331054688,-0.33292609453201294,1.1466206312179565,3.6190690994262695,-0.3784986138343811,1.165716528892517,3.5382790565490723
-0.24872849881649017,0.17192649841308594,3.41798996925354,-0.26023468375205994,-0.016314715147018433,3.4173898696899414,-0.2725006937980652,-0.20450681447982788,3.4165003299713135,-0.2847670614719391,-0.3927045464515686,3.4156105518341064,-0.2407679557800293,-0.3967248797416687,3.442146062850952,-0.10780654847621918,-0.40576961636543274,3.5222272872924805,-0.046065397560596466,-0.14875873923301697,3.593538284301758,0.009299185127019882,0.09744350612163544,3.66848087310791,0.020372100174427032,0.1466839611530304,3.683469295501709,0.04251793026924133,0.24516485631465912,3.7134463787078857,-0.020422039553523064,0.21658855676651,3.668889045715332,-0.3288995027542114,-0.390729695558548,3.3890655040740967,-0.46186089515686035,-0.38168495893478394,3.3089842796325684,-0.6096704602241516,-0.1675601303577423,3.3941588401794434,-0.4572385549545288,-0.05764610320329666,3.209820508956909,-0.4267521798610687,-0.03566329926252365,3.172952890396118,-0.36577942967414856,0.008302312344312668,3.099217653274536,-0.3525378406047821,-0.0009080693125724792,3.1798601150512695,-0.16076433658599854,0.16638702154159546,3.469022035598755,-0.2109483927488327,0.6397525072097778,3.485443353652954,-0.2858320474624634,1.0511515140533447,3.5517234802246094,-0.242574542760849,1.182542085647583,3.461164712905884,-0.3366926610469818,0.17746597528457642,3.366957902908325,-0.34057652950286865,0.6518687605857849,3.4092650413513184,-0.36628758907318115,1.0677404403686523,3.4843616485595703,-0.30875658988952637,1.1950255632400513,3.395906686782837,-0.2565571367740631,-0.5365586280822754,3.353215456008911,-0.25629156827926636,-0.584681510925293,3.352931499481201,-0.24343624711036682,-0.6185485124588013,3.3952534198760986,-0.23240602016448975,-0.5969705581665039,3.5004472732543945,-0.29618823528289795,-0.6187009811401367,3.3717546463012695,-0.3818700313568115,-0.5974024534225464,3.4338674545288086,-0.32521241903305054,1.1444876194000244,3.6040031909942627,-0.3940349221229553,1.163935899734497,3.538878917694092
-0.25641319155693054,0.166375994682312,3.474048137664795,-0.2674744129180908,-0.021956562995910645,3.4739511013031006,-0.2794759273529053,-0.21023105084896088,3.4735071659088135,-0.2914777994155884,-0.3985111713409424,3.4730632305145264,-0.24536776542663574,-0.40253132581710815,3.49577260017395,-0.10535135865211487,-0.4116189777851105,3.564640760421753,-0.038375094532966614,-0.1612047553062439,3.6562275886535645,0.0201706700026989,0.07671774923801422,3.755446672439575,0.03187982365489006,0.12430225312709808,3.7752904891967773,0.055298127233982086,0.21947124600410461,3.8149781227111816,-0.011005586013197899,0.1948179304599762,3.7723608016967773,-0.33771827816963196,-0.3965373933315277,3.4503493309020996,-0.47773468494415283,-0.3874497413635254,3.381481170654297,-0.6119071245193481,-0.16403056681156158,3.4690191745758057,-0.475980669260025,-0.07237108796834946,3.261650800704956,-0.4487953782081604,-0.05403919145464897,3.220177173614502,-0.39442479610443115,-0.017375398427248,3.1372299194335938,-0.3729804456233978,-0.021459944546222687,3.216876745223999,-0.164556622505188,0.16095848381519318,3.517847776412964,-0.21854621171951294,0.6338821053504944,3.5296106338500977,-0.2865276038646698,1.0483639240264893,3.5816893577575684,-0.25003594160079956,1.1749358177185059,3.4818642139434814,-0.3482697606086731,0.17179350554943085,3.430248498916626,-0.35847869515419006,0.6467873454093933,3.4616599082946777,-0.38603824377059937,1.0639424324035645,3.5276219844818115,-0.33817461133003235,1.1896437406539917,3.431572914123535,-0.2761325538158417,-0.545660138130188,3.4119067192077637,-0.27844250202178955,-0.5939528942108154,3.4128177165985107,-0.263833612203598,-0.6277506947517395,3.4549803733825684,-0.24283532798290253,-0.604522705078125,3.5588321685791016,-0.31856033205986023,-0.6254944205284119,3.435819625854492,-0.39789432287216187,-0.5981299877166748,3.5045435428619385,-0.32135194540023804,1.1443339586257935,3.632323980331421,-0.4111793041229248,1.1610937118530273,3.5816256999969482
-0.26427438855171204,0.16835403442382812,3.4781720638275146,-0.2752242386341095,-0.02020837366580963,3.4782888889312744,-0.28707006573677063,-0.20871663093566895,3.4781696796417236,-0.2989162504673004,-0.3972305357456207,3.478050470352173,-0.25112706422805786,-0.401274174451828,3.4971330165863037,-0.10586696863174438,-0.4104388952255249,3.5550599098205566,-0.040087826550006866,-0.15888303518295288,3.647017002105713,0.018763519823551178,0.0801166445016861,3.745711088180542,0.030533790588378906,0.12791657447814941,3.7654500007629395,0.05407433211803436,0.22351644933223724,3.8049275875091553,-0.014684692025184631,0.19732140004634857,3.766852378845215,-0.3468341827392578,-0.3952358365058899,3.4589669704437256,-0.4920942783355713,-0.386071115732193,3.4010400772094727,-0.5954347848892212,-0.14648756384849548,3.4903922080993652,-0.49796098470687866,-0.07845589518547058,3.2533364295959473,-0.4784662127494812,-0.06484956294298172,3.205925226211548,-0.43947669863700867,-0.0376368947327137,3.111102819442749,-0.40307745337486267,-0.037207864224910736,3.1855249404907227,-0.1693039983510971,0.16286198794841766,3.5151333808898926,-0.227044016122818,0.6343937516212463,3.5321998596191406,-0.2924143970012665,1.0487275123596191,3.5831542015075684,-0.2636498808860779,1.1737557649612427,3.479384183883667,-0.35924476385116577,0.1738460808992386,3.4412107467651367,-0.36904454231262207,0.6483076810836792,3.4687328338623047,-0.3934522867202759,1.0652586221694946,3.5327508449554443,-0.35340186953544617,1.1900484561920166,3.432495355606079,-0.289274126291275,-0.5441317558288574,3.414393186569214,-0.2922770082950592,-0.5924836993217468,3.414902687072754,-0.2758144438266754,-0.6270549297332764,3.455878973007202,-0.24861326813697815,-0.6053290367126465,3.5588266849517822,-0.33159440755844116,-0.623759925365448,3.439826250076294,-0.40665650367736816,-0.595993161201477,3.513343572616577,-0.3237926959991455,1.1451627016067505,3.6347289085388184,-0.4149383306503296,1.162645697593689,3.5875086784362793
-0.2682769298553467,0.1696847677230835,3.4688591957092285,-0.2789119482040405,-0.019433021545410156,3.469548463821411,-0.290481299161911,-0.20849648118019104,3.4700658321380615,-0.30205100774765015,-0.3975656032562256,3.470583200454712,-0.25286954641342163,-0.4015636742115021,3.4862256050109863,-0.10380770266056061,-0.4105556607246399,3.533566474914551,-0.047342825680971146,-0.15283909440040588,3.614062547683716,0.004541631788015366,0.09315356612205505,3.6985678672790527,0.014918522909283638,0.14235210418701172,3.7154688835144043,0.03567230701446533,0.24074916541576385,3.7492709159851074,-0.03382216766476631,0.2093455046415329,3.7168664932250977,-0.35135820508003235,-0.39562246203422546,3.454946279525757,-0.5004200339317322,-0.38663047552108765,3.4076054096221924,-0.5783079266548157,-0.13591861724853516,3.4922385215759277,-0.5175846815109253,-0.08571459352970123,3.2389841079711914,-0.5054400563240051,-0.07567378878593445,3.18833327293396,-0.48115074634552,-0.05559217929840088,3.087031364440918,-0.43331173062324524,-0.052717432379722595,3.1546249389648438,-0.17077317833900452,0.1643129289150238,3.499391794204712,-0.23165924847126007,0.6335922479629517,3.5230932235717773,-0.2950763702392578,1.0468835830688477,3.5735411643981934,-0.2737848162651062,1.1704388856887817,3.4670956134796143,-0.36578068137168884,0.1750566065311432,3.438326597213745,-0.37271982431411743,0.6480959057807922,3.464357852935791,-0.39197444915771484,1.0639235973358154,3.528334140777588,-0.3587013781070709,1.1879206895828247,3.4255356788635254,-0.2983115017414093,-0.5428827404975891,3.4026894569396973,-0.3021091818809509,-0.5911924839019775,3.402103900909424,-0.2840806841850281,-0.6271148324012756,3.4412405490875244,-0.25107330083847046,-0.6085816621780396,3.5431435108184814,-0.3405870497226715,-0.6225157380104065,3.4282846450805664,-0.4111746549606323,-0.5955509543418884,3.506434917449951,-0.32331258058547974,1.1434623003005981,3.6258389949798584,-0.4094836711883545,1.1612005233764648,3.583925724029541
-0.26924383640289307,0.1716010868549347,3.45307993888855,-0.27938157320022583,-0.018126726150512695,3.4540460109710693,-0.2904527187347412,-0.2078029364347458,3.4548933506011963,-0.30152419209480286,-0.39748483896255493,3.4557406902313232,-0.25126898288726807,-0.40139687061309814,3.4681954383850098,-0.09978516399860382,-0.41007131338119507,3.505678653717041,-0.053655073046684265,-0.14690211415290833,3.5735132694244385,-0.010444089770317078,0.10518118739128113,3.643094778060913,-0.0018018921837210655,0.15559785068035126,3.657011032104492,0.015482502989470959,0.2564311623573303,3.6848437786102295,-0.053874000906944275,0.21997380256652832,3.6580593585968018,-0.35189974308013916,-0.39563441276550293,3.4432952404022217,-0.5033835768699646,-0.386959969997406,3.4058120250701904,-0.567672610282898,-0.13113152980804443,3.485851287841797,-0.5312232971191406,-0.08954410254955292,3.226628065109253,-0.5239334106445312,-0.08122661709785461,3.17478346824646,-0.5093536972999573,-0.06459164619445801,3.071094036102295,-0.4551071226596832,-0.06076197326183319,3.133540153503418,-0.1697567105293274,0.16641052067279816,3.477694272994995,-0.23254302144050598,0.633842945098877,3.507786989212036,-0.2944033443927765,1.0462156534194946,3.5586678981781006,-0.27999985218048096,1.1687051057815552,3.4505012035369873,-0.36873096227645874,0.17679165303707123,3.4284656047821045,-0.37165677547454834,0.6487601399421692,3.4525058269500732,-0.38542962074279785,1.0635185241699219,3.5177178382873535,-0.35810378193855286,1.187186360359192,3.413455009460449,-0.30290114879608154,-0.5412602424621582,3.3843936920166016,-0.30729299783706665,-0.5895215272903442,3.382890224456787,-0.28774046897888184,-0.6265600919723511,3.420250415802002,-0.2494347095489502,-0.6107728481292725,3.5208048820495605,-0.3447926938533783,-0.6210570931434631,3.410262107849121,-0.4110827147960663,-0.5951810479164124,3.492504596710205,-0.31982460618019104,1.1428433656692505,3.6116838455200195,-0.399129182100296,1.1605486869812012,3.574209451675415
-0.2703038454055786,0.17544567584991455,3.439148426055908,-0.28018680214881897,-0.014582008123397827,3.4400415420532227,-0.29095137119293213,-0.20456217229366302,3.4408512115478516,-0.30171626806259155,-0.39454805850982666,3.4416608810424805,-0.25077956914901733,-0.3984285593032837,3.451383113861084,-0.09791150689125061,-0.4069661498069763,3.480513572692871,-0.05334700271487236,-0.14221066236495972,3.5413782596588135,-0.011092029511928558,0.11176970601081848,3.602834701538086,-0.002641034312546253,0.16256578266620636,3.615125894546509,0.014260956086218357,0.2641579508781433,3.6397085189819336,-0.05565416067838669,0.2259906381368637,3.6174867153167725,-0.3527699410915375,-0.3927324414253235,3.431947708129883,-0.5056380033493042,-0.38419485092163086,3.4028172492980957,-0.5618413090705872,-0.12577202916145325,3.4792685508728027,-0.532183825969696,-0.09118406474590302,3.218514919281006,-0.5262523293495178,-0.08426646888256073,3.1663641929626465,-0.5143893361091614,-0.07043128460645676,3.0620627403259277,-0.4583262801170349,-0.0663822740316391,3.1227192878723145,-0.16947218775749207,0.1702938675880432,3.4587769508361816,-0.23274797201156616,0.6364624500274658,3.49292254447937,-0.29308563470840454,1.0482220649719238,3.543935537338257,-0.2843669354915619,1.1697766780853271,3.4345908164978027,-0.37113550305366516,0.1805974841117859,3.4195199012756348,-0.3655993938446045,0.6518496870994568,3.438849449157715,-0.3702012002468109,1.066117525100708,3.5032694339752197,-0.3466474413871765,1.1889030933380127,3.3975493907928467,-0.3052825331687927,-0.5371968746185303,3.3680996894836426,-0.30961617827415466,-0.585448682308197,3.365978479385376,-0.28867146372795105,-0.6230288743972778,3.4020352363586426,-0.24687355756759644,-0.608734667301178,3.5014359951019287,-0.34606263041496277,-0.6175277233123779,3.3941500186920166,-0.4094819128513336,-0.5931482315063477,3.4790942668914795,-0.3161044120788574,1.1449570655822754,3.5973880290985107,-0.379586398601532,1.1632782220840454,3.5599827766418457
-0.2710954546928406,0.17607912421226501,3.4312901496887207,-0.28097105026245117,-0.013951361179351807,3.432434558868408,-0.2917760908603668,-0.20393173396587372,3.4335010051727295,-0.30258145928382874,-0.3939177989959717,3.434567451477051,-0.25135061144828796,-0.3978223204612732,3.442591428756714,-0.09782393276691437,-0.4064193665981293,3.46659255027771,-0.050359513610601425,-0.14180350303649902,3.525357961654663,-0.005138460546731949,0.11214450001716614,3.584350347518921,0.0039057498797774315,0.1629340946674347,3.596148729324341,0.021994169801473618,0.2645132839679718,3.6197457313537598,-0.04875342175364494,0.22653263807296753,3.600107192993164,-0.3539297580718994,-0.3920781910419464,3.4265551567077637,-0.5074564218521118,-0.38348114490509033,3.4025540351867676,-0.5599600672721863,-0.12561041116714478,3.4830143451690674,-0.5138163566589355,-0.08691258728504181,3.225355863571167,-0.5045875906944275,-0.0791730210185051,3.1738240718841553,-0.48613011837005615,-0.06369388848543167,3.070760726928711,-0.43367844820022583,-0.06272955238819122,3.134645938873291,-0.16963298618793488,0.1709061861038208,3.447880506515503,-0.23265036940574646,0.636203944683075,3.482311487197876,-0.2922014594078064,1.0471856594085693,3.534132719039917,-0.2870579659938812,1.1682889461517334,3.4245150089263916,-0.37255793809890747,0.18125206232070923,3.4146997928619385,-0.3639358878135681,0.6517871618270874,3.428154706954956,-0.364846795797348,1.065615177154541,3.4904708862304688,-0.3440547585487366,1.1875483989715576,3.383660316467285,-0.3052275776863098,-0.5365668535232544,3.3609111309051514,-0.3090236485004425,-0.5848718881607056,3.3587913513183594,-0.28728392720222473,-0.6222396492958069,3.3946118354797363,-0.24466067552566528,-0.6075335144996643,3.4936203956604004,-0.34481990337371826,-0.6173973679542542,3.387300729751587,-0.4076792597770691,-0.5938137173652649,3.4729058742523193,-0.31376633048057556,1.143811821937561,3.5879456996917725,-0.37208110094070435,1.16291344165802,3.546846389770508
-0.26341527700424194,0.1765575110912323,3.4222006797790527,-0.2731644809246063,-0.013296261429786682,3.4200503826141357,-0.28377872705459595,-0.20310236513614655,3.4177913665771484,-0.29439330101013184,-0.39291417598724365,3.415532112121582,-0.24314212799072266,-0.39690470695495605,3.423060178756714,-0.09020264446735382,-0.40572482347488403,3.445535898208618,-0.04950395226478577,-0.14076223969459534,3.50563907623291,-0.010696467012166977,0.11358585953712463,3.5654797554016113,-0.002934969961643219,0.16445547342300415,3.5774478912353516,0.012588024139404297,0.2661947011947632,3.601384162902832,-0.05711441859602928,0.22654742002487183,3.581886053085327,-0.3457598090171814,-0.39098668098449707,3.407979726791382,-0.4986993074417114,-0.3821665644645691,3.3855040073394775,-0.5534144639968872,-0.13787713646888733,3.4986536502838135,-0.4711410403251648,-0.06580698490142822,3.258202314376831,-0.45468634366989136,-0.05139295384287834,3.2101120948791504,-0.42177698016166687,-0.02256489172577858,3.113931655883789,-0.37865695357322693,-0.03355276212096214,3.1834328174591064,-0.16180294752120972,0.171160027384758,3.4380557537078857,-0.22661420702934265,0.6354440450668335,3.47048020362854,-0.28690817952156067,1.046234130859375,3.516136646270752,-0.28274253010749817,1.1653952598571777,3.40482759475708,-0.36502760648727417,0.1819549947977066,3.4063456058502197,-0.350643128156662,0.6516152024269104,3.4112327098846436,-0.34606218338012695,1.0656896829605103,3.4659109115600586,-0.3246784806251526,1.1851773262023926,3.356952667236328,-0.2891002595424652,-0.5332242250442505,3.3372280597686768,-0.2911185324192047,-0.581593930721283,3.333413600921631,-0.2695023715496063,-0.6194252371788025,3.3689324855804443,-0.23135274648666382,-0.6065719723701477,3.47015118598938,-0.32690805196762085,-0.6162794232368469,3.359415292739868,-0.39400216937065125,-0.5976588129997253,3.443185567855835,-0.30839473009109497,1.1434437036514282,3.5684585571289062,-0.35166311264038086,1.1638853549957275,3.520456314086914
-0.26063433289527893,0.17548522353172302,3.4513895511627197,-0.2701973617076874,-0.01421867311000824,3.4464328289031982,-0.2805291414260864,-0.2038760483264923,3.4412436485290527,-0.29086121916770935,-0.3935391306877136,3.436054229736328,-0.24000120162963867,-0.39760810136795044,3.445695400238037,-0.08854903280735016,-0.4066455662250519,3.474457025527954,-0.05481980741024017,-0.13862791657447815,3.5233922004699707,-0.022351302206516266,0.11911025643348694,3.5702614784240723,-0.015857599675655365,0.17065788805484772,3.5796353816986084,-0.0028701964765787125,0.27375316619873047,3.5983831882476807,-0.07103721052408218,0.2319285273551941,3.578265428543091,-0.34183356165885925,-0.3915315270423889,3.426356792449951,-0.4932857155799866,-0.3824940621852875,3.397595167160034,-0.5625150203704834,-0.15059584379196167,3.527195692062378,-0.4468384385108948,-0.05523407459259033,3.3099286556243896,-0.423703134059906,-0.036161720752716064,3.266475200653076,-0.3774324953556061,0.001982990652322769,3.179568290710449,-0.3446551561355591,-0.017045248299837112,3.252810001373291,-0.15976069867610931,0.16987739503383636,3.4713973999023438,-0.22593295574188232,0.634700357913971,3.4785075187683105,-0.28682032227516174,1.047288417816162,3.4951772689819336,-0.2777789235115051,1.1589672565460205,3.376797676086426,-0.36150795221328735,0.18109305202960968,3.4313817024230957,-0.3451211154460907,0.6503660678863525,3.4293723106384277,-0.3366115093231201,1.0667214393615723,3.4574778079986572,-0.3095167279243469,1.1785662174224854,3.3420469760894775,-0.27496838569641113,-0.5326493978500366,3.3566830158233643,-0.275236040353775,-0.5810505151748657,3.352126359939575,-0.2554934620857239,-0.6188036203384399,3.3888962268829346,-0.22618623077869415,-0.6063221096992493,3.493191719055176,-0.31204918026924133,-0.617152214050293,3.3746776580810547,-0.3864274024963379,-0.6016431450843811,3.4529051780700684,-0.31012991070747375,1.147591471672058,3.540193796157837,-0.3428065776824951,1.1682249307632446,3.5053231716156006
-0.26744747161865234,0.1699950098991394,3.5490853786468506,-0.2764173746109009,-0.019641458988189697,3.5408167839050293,-0.2860448658466339,-0.20923037827014923,3.5322048664093018,-0.29567262530326843,-0.3988250195980072,3.523592472076416,-0.2455170750617981,-0.4029885530471802,3.536393880844116,-0.09621334075927734,-0.4123058319091797,3.5746004581451416,-0.0658806711435318,-0.14214381575584412,3.6126761436462402,-0.036157652735710144,0.11785489320755005,3.647162675857544,-0.030213048681616783,0.16985464096069336,3.654059886932373,-0.01832384057343006,0.27385413646698,3.6678545475006104,-0.08516047149896622,0.23080581426620483,3.6459524631500244,-0.34593284130096436,-0.39672207832336426,3.510697603225708,-0.4952365756034851,-0.38740479946136475,3.4724910259246826,-0.5740939378738403,-0.15830479562282562,3.601533889770508,-0.43106046319007874,-0.05536717176437378,3.4050209522247314,-0.40245378017425537,-0.03477964550256729,3.365718364715576,-0.34524038434028625,0.006395403295755386,3.2871131896972656,-0.3220248222351074,-0.016823861747980118,3.3627564907073975,-0.16798758506774902,0.16415129601955414,3.5752127170562744,-0.23056180775165558,0.6303098201751709,3.551208019256592,-0.2874886393547058,1.0447227954864502,3.534867525100708,-0.2700861990451813,1.1478793621063232,3.409245491027832,-0.36690735816955566,0.17583872377872467,3.5229580402374268,-0.35051435232162476,0.6464288234710693,3.51448655128479,-0.3369690179824829,1.0648176670074463,3.510868787765503,-0.3017064929008484,1.167332649230957,3.388507843017578,-0.2680045962333679,-0.5382884740829468,3.4466233253479004,-0.2665959298610687,-0.5869102478027344,3.4422693252563477,-0.24981801211833954,-0.6242520809173584,3.4812567234039307,-0.23183991014957428,-0.6107681393623352,3.588473320007324,-0.3048437535762787,-0.6240407228469849,3.4610936641693115,-0.3877462148666382,-0.6101692914962769,3.5313446521759033,-0.3122650682926178,1.148474931716919,3.5712947845458984,-0.34420809149742126,1.1701089143753052,3.550449848175049
-0.2735867202281952,0.16243410110473633,3.6073758602142334,-0.28283044695854187,-0.02724519371986389,3.59692120552063,-0.29290279746055603,-0.21685847640037537,3.586043357849121,-0.30297544598579407,-0.4064774513244629,3.575165271759033,-0.2540966868400574,-0.41108936071395874,3.592224597930908,-0.11054189503192902,-0.42159613966941833,3.6424450874328613,-0.08331123739480972,-0.152351975440979,3.6691882610321045,-0.05719735845923424,0.10652413964271545,3.695098876953125,-0.0519745834171772,0.15829935669898987,3.7002809047698975,-0.04152902960777283,0.2618498206138611,3.7106451988220215,-0.1055816262960434,0.21804463863372803,3.685124635696411,-0.35196369886398315,-0.40392643213272095,3.5579874515533447,-0.4955185055732727,-0.39341965317726135,3.5077669620513916,-0.5367154479026794,-0.14868544042110443,3.618929386138916,-0.37113356590270996,-0.06751666218042374,3.4335529804229736,-0.33801719546318054,-0.05128290504217148,3.396477699279785,-0.2717844247817993,-0.01881539076566696,3.322327136993408,-0.25662365555763245,-0.044608183205127716,3.398339033126831,-0.17666086554527283,0.15582062304019928,3.64166522026062,-0.23545604944229126,0.6221485137939453,3.599231719970703,-0.29215651750564575,1.0370409488677979,3.574232816696167,-0.2651568055152893,1.1392261981964111,3.449071168899536,-0.37051257491111755,0.16904757916927338,3.5730865001678467,-0.36099889874458313,0.6408794522285461,3.5712623596191406,-0.3497623801231384,1.0601155757904053,3.561753034591675,-0.3051624596118927,1.1611133813858032,3.440730094909668,-0.2627968192100525,-0.5453397035598755,3.5018982887268066,-0.2597072422504425,-0.5940170884132385,3.497725009918213,-0.2468499392271042,-0.6311624646186829,3.538543462753296,-0.24227944016456604,-0.617559552192688,3.6474106311798096,-0.2991490662097931,-0.6321900486946106,3.5118110179901123,-0.3904603123664856,-0.6204710006713867,3.5716681480407715,-0.32005658745765686,1.1412767171859741,3.6076204776763916,-0.360883504152298,1.166195034980774,3.598924160003662
-0.28712183237075806,0.1434251368045807,3.7858095169067383,-0.2963521480560303,-0.04819671809673309,3.7750980854034424,-0.30641886591911316,-0.2397470325231552,3.7638723850250244,-0.3164858818054199,-0.43130308389663696,3.7526464462280273,-0.2691737711429596,-0.4361411929130554,3.7749016284942627,-0.13468410074710846,-0.4469224512577057,3.838264226913452,-0.09892693161964417,-0.18230479955673218,3.8451077938079834,-0.05825166031718254,0.071196049451828,3.838178873062134,-0.050116606056690216,0.12189622223377228,3.8367931842803955,-0.033846497535705566,0.22329656779766083,3.83402156829834,-0.09714975208044052,0.1807304471731186,3.8091413974761963,-0.36390745639801025,-0.4285469651222229,3.730269193649292,-0.4983971118927002,-0.41776570677757263,3.6669065952301025,-0.4667927026748657,-0.16801664233207703,3.756206512451172,-0.2883162498474121,-0.12055420875549316,3.577716588973999,-0.25262096524238586,-0.11106172204017639,3.5420186519622803,-0.181230366230011,-0.09207674860954285,3.4706227779388428,-0.17305289208889008,-0.12096306681632996,3.5450332164764404,-0.19377312064170837,0.1364666372537613,3.829853057861328,-0.24624307453632355,0.613724946975708,3.7694437503814697,-0.30299922823905945,1.0389245748519897,3.7376089096069336,-0.2634963095188141,1.1436065435409546,3.612316370010376,-0.38047054409980774,0.15038363635540009,3.7417659759521484,-0.37889841198921204,0.6342970728874207,3.7435426712036133,-0.37235817313194275,1.0642962455749512,3.7341978549957275,-0.3157845139503479,1.1684238910675049,3.6151440143585205,-0.266038715839386,-0.5725198984146118,3.6874821186065674,-0.2620086669921875,-0.6216714978218079,3.684823751449585,-0.2538298964500427,-0.6580814719200134,3.728135824203491,-0.2627565264701843,-0.6418931484222412,3.8373661041259766,-0.3029024600982666,-0.6603118181228638,3.694979429244995,-0.4017954468727112,-0.6482123732566833,3.7434232234954834,-0.33508560061454773,1.1457637548446655,3.768761396408081,-0.38903599977493286,1.1729201078414917,3.7707674503326416
-0.28740665316581726,0.13805562257766724,3.7765586376190186,-0.29437175393104553,-0.05457840859889984,3.765791893005371,-0.3019790053367615,-0.24715949594974518,3.754523992538452,-0.30958646535873413,-0.43974635004997253,3.743255615234375,-0.2660011649131775,-0.4442393481731415,3.772643804550171,-0.14589142799377441,-0.4537277817726135,3.853721857070923,-0.10416599363088608,-0.19209930300712585,3.8647799491882324,-0.05413784459233284,0.05787535011768341,3.860541820526123,-0.04413221403956413,0.10787028074264526,3.859694242477417,-0.024120954796671867,0.20786014199256897,3.857999086380005,-0.08397872745990753,0.16726210713386536,3.824627637863159,-0.353254497051239,-0.43734651803970337,3.7137451171875,-0.4733642339706421,-0.4278580844402313,3.632667064666748,-0.36075738072395325,-0.19795167446136475,3.7017719745635986,-0.15948930382728577,-0.19478878378868103,3.545281410217285,-0.11923568695783615,-0.1941561996936798,3.5139832496643066,-0.03872845321893692,-0.19289104640483856,3.4513869285583496,-0.045638538897037506,-0.22256873548030853,3.524982452392578,-0.20140105485916138,0.1317114382982254,3.834428548812866,-0.24908414483070374,0.6105229258537292,3.7632205486297607,-0.31510624289512634,1.0369503498077393,3.7358767986297607,-0.2612641155719757,1.1474652290344238,3.6201319694519043,-0.37341225147247314,0.14439980685710907,3.718688726425171,-0.37257856130599976,0.6305252313613892,3.7356021404266357,-0.3670670688152313,1.0627905130386353,3.743555784225464,-0.29323551058769226,1.1719125509262085,3.6379590034484863,-0.24492046236991882,-0.5790872573852539,3.6855924129486084,-0.23907220363616943,-0.628242015838623,3.6831319332122803,-0.23699429631233215,-0.66517174243927,3.72698974609375,-0.26413601636886597,-0.6507613658905029,3.8338332176208496,-0.2800838053226471,-0.6682521104812622,3.686110734939575,-0.3862229883670807,-0.6594890356063843,3.7180094718933105,-0.35506099462509155,1.1422544717788696,3.7653439044952393,-0.38984042406082153,1.1705049276351929,3.7814059257507324
-0.27198439836502075,0.1497858762741089,3.5896852016448975,-0.2767847180366516,-0.04299578070640564,3.5802834033966064,-0.2818831503391266,-0.23576119542121887,3.570706605911255,-0.2869817614555359,-0.42853236198425293,3.561129570007324,-0.2507762610912323,-0.4324377179145813,3.5993099212646484,-0.15335853397846222,-0.4401211142539978,3.7021026611328125,-0.11590354144573212,-0.17902767658233643,3.6882100105285645,-0.06702306866645813,0.06886744499206543,3.6625003814697266,-0.05724697560071945,0.1184464693069458,3.657358407974243,-0.0376947857439518,0.21760451793670654,3.6470744609832764,-0.08914418518543243,0.1716446876525879,3.607881784439087,-0.3232426345348358,-0.4267222285270691,3.5228452682495117,-0.4206603765487671,-0.4190388321876526,3.4200525283813477,-0.26101961731910706,-0.21861787140369415,3.4841768741607666,-0.03299441933631897,-0.23701880872249603,3.3738672733306885,0.012610621750354767,-0.24069899320602417,3.3518054485321045,0.10382070392370224,-0.24805937707424164,3.3076815605163574,0.07879458367824554,-0.27607280015945435,3.3775696754455566,-0.20043456554412842,0.1443386822938919,3.6648476123809814,-0.23620425164699554,0.626701295375824,3.6138975620269775,-0.31712228059768677,1.0513767004013062,3.6163668632507324,-0.246164470911026,1.1754465103149414,3.5265092849731445,-0.3435342311859131,0.15523307025432587,3.5145227909088135,-0.34223273396492004,0.6386029720306396,3.568382740020752,-0.34925025701522827,1.0672810077667236,3.6239607334136963,-0.2569897472858429,1.1874498128890991,3.5494611263275146,-0.20647217333316803,-0.5640801191329956,3.5152769088745117,-0.1986597776412964,-0.612984299659729,3.512637138366699,-0.2054416984319687,-0.6515406370162964,3.55462908744812,-0.2566338777542114,-0.6418887376785278,3.6529247760772705,-0.2380128800868988,-0.6540586948394775,3.504883289337158,-0.3489189147949219,-0.6490232348442078,3.5119786262512207,-0.36774754524230957,1.1515785455703735,3.6471424102783203,-0.3823429346084595,1.1701173782348633,3.6673197746276855
-0.2628780007362366,0.16816186904907227,3.3627684116363525,-0.24801379442214966,-0.024053454399108887,3.3572838306427,-0.23302771151065826,-0.2162797451019287,3.3525686264038086,-0.21804118156433105,-0.40851178765296936,3.347853422164917,-0.20857781171798706,-0.4100969135761261,3.399678945541382,-0.18240031599998474,-0.4116048812866211,3.5443546772003174,-0.10355767607688904,-0.17963957786560059,3.4255337715148926,-0.02999114990234375,0.044367119669914246,3.3117012977600098,-0.015277843922376633,0.08916845917701721,3.2889347076416016,0.014148768037557602,0.17877113819122314,3.2434017658233643,-0.02026461251080036,0.1122068539261818,3.2106101512908936,-0.2273416519165039,-0.4090160131454468,3.295976400375366,-0.2535191476345062,-0.4075080454349518,3.1513006687164307,-0.027861014008522034,-0.25512412190437317,3.1513516902923584,0.23237265646457672,-0.23170222342014313,3.1346564292907715,0.28441938757896423,-0.2270178496837616,3.131317377090454,0.38851284980773926,-0.21764908730983734,3.1246392726898193,0.34107911586761475,-0.22918544709682465,3.1902694702148438,-0.24353733658790588,0.1667458415031433,3.464810371398926,-0.24678567051887512,0.6503962874412537,3.4745404720306396,-0.2884150743484497,1.0780854225158691,3.4905433654785156,-0.17272430658340454,1.198172926902771,3.4707202911376953,-0.28221866488456726,0.16957789659500122,3.2607264518737793,-0.315432608127594,0.6406055688858032,3.3658580780029297,-0.3479612171649933,1.058948040008545,3.4598708152770996,-0.23014399409294128,1.1786034107208252,3.4598944187164307,-0.10837891697883606,-0.5227333307266235,3.3339011669158936,-0.09274202585220337,-0.5681113600730896,3.332594394683838,-0.10885313898324966,-0.6101641058921814,3.36517071723938,-0.1932910680770874,-0.617803692817688,3.431591033935547,-0.11749083548784256,-0.6115004420280457,3.308220148086548,-0.21776452660560608,-0.6215900182723999,3.270231246948242,-0.34085512161254883,1.180619239807129,3.502485513687134,-0.39807650446891785,1.158510446548462,3.4912004470825195
-0.2752261757850647,0.15887343883514404,3.3606338500976562,-0.23953907191753387,-0.030664533376693726,3.359797716140747,-0.20373180508613586,-0.2201816737651825,3.359818935394287,-0.1679234653711319,-0.4097045063972473,3.359840154647827,-0.1692662537097931,-0.4110189974308014,3.4125137329101562,-0.17386646568775177,-0.4118705093860626,3.5701255798339844,0.008144333958625793,-0.19243355095386505,3.5604560375213623,0.2759891748428345,-0.13332600891590118,3.560985565185547,0.3295581340789795,-0.12150450050830841,3.561091423034668,0.4366960823535919,-0.09786148369312286,3.56130313873291,0.38406839966773987,-0.1133597120642662,3.4954771995544434,-0.1661914885044098,-0.4104498624801636,3.307166814804077,-0.1615912765264511,-0.40959835052490234,3.149554967880249,0.059751033782958984,-0.2505651116371155,3.233757257461548,0.3171145021915436,-0.19462774693965912,3.3103725910186768,0.3685871958732605,-0.18344026803970337,3.325695753097534,0.47153258323669434,-0.16106532514095306,3.35634183883667,0.4035952687263489,-0.18263332545757294,3.403904914855957,-0.27650031447410583,0.1581753045320511,3.4644975662231445,-0.2895715832710266,0.6408606767654419,3.47522234916687,-0.318440705537796,1.0691041946411133,3.484548807144165,-0.1971621811389923,1.1847925186157227,3.488478422164917,-0.27395203709602356,0.159571573138237,3.256770133972168,-0.331723690032959,0.6298852562904358,3.350250005722046,-0.3777264654636383,1.0485519170761108,3.433405876159668,-0.26118096709251404,1.1670222282409668,3.455533742904663,-0.0471428781747818,-0.5096479654312134,3.3527579307556152,-0.02681744657456875,-0.5524589419364929,3.351724624633789,-0.040684252977371216,-0.5964983105659485,3.381375551223755,-0.12788310647010803,-0.6151522994041443,3.439291477203369,-0.044299326837062836,-0.5968444347381592,3.3246090412139893,-0.13812580704689026,-0.6161329746246338,3.2784526348114014,-0.36848992109298706,1.1732892990112305,3.4863476753234863,-0.4319092035293579,1.1486173868179321,3.4537484645843506
-0.27430814504623413,0.15941786766052246,3.3678457736968994,-0.2377033531665802,-0.029930949211120605,3.365569591522217,-0.20098239183425903,-0.21926642954349518,3.3642616271972656,-0.16426032781600952,-0.4086076021194458,3.3629536628723145,-0.16407932341098785,-0.410004198551178,3.4156413078308105,-0.16413526237010956,-0.4111119210720062,3.5744142532348633,0.021790310740470886,-0.19249625504016876,3.5655531883239746,0.29553359746932983,-0.15704375505447388,3.560279607772827,0.3502822518348694,-0.14995326101779938,3.559224843978882,0.4597795605659485,-0.13577225804328918,3.5571155548095703,0.4039878845214844,-0.14466004073619843,3.491943597793579,-0.16404220461845398,-0.40926891565322876,3.310251474380493,-0.16398626565933228,-0.4081611931324005,3.1514785289764404,0.047951146960258484,-0.2402454912662506,3.2480523586273193,0.3031880259513855,-0.17941442131996155,3.333923101425171,0.3542354106903076,-0.1672482043504715,3.351097345352173,0.45633018016815186,-0.1429157704114914,3.3854455947875977,0.3874911665916443,-0.16851244866847992,3.4306681156158447,-0.272323340177536,0.15855322778224945,3.4716973304748535,-0.28744441270828247,0.6410770416259766,3.480705499649048,-0.3202289938926697,1.0689363479614258,3.4890871047973633,-0.200069397687912,1.1857839822769165,3.4887516498565674,-0.27629294991493225,0.16028250753879547,3.2639942169189453,-0.3322775959968567,0.6305623650550842,3.3580238819122314,-0.3771018981933594,1.0491664409637451,3.4415102005004883,-0.26036426424980164,1.1680408716201782,3.459758758544922,-0.04460535943508148,-0.5090624094009399,3.3520493507385254,-0.024623487144708633,-0.5519067049026489,3.35032057762146,-0.03783174231648445,-0.5958369374275208,3.380228042602539,-0.12318247556686401,-0.6140514612197876,3.4405910968780518,-0.04314995929598808,-0.5960367321968079,3.3237104415893555,-0.13825076818466187,-0.6146175265312195,3.2804577350616455,-0.37121039628982544,1.1726069450378418,3.491992712020874,-0.4309558868408203,1.1490763425827026,3.4632561206817627
-0.28123873472213745,0.16158804297447205,3.3704490661621094,-0.2444840371608734,-0.027725577354431152,3.3684732913970947,-0.20760098099708557,-0.21702180802822113,3.367453098297119,-0.17071682214736938,-0.40632370114326477,3.3664329051971436,-0.17074114084243774,-0.4076802432537079,3.419119358062744,-0.17142200469970703,-0.4086732268333435,3.578739881515503,0.014387339353561401,-0.18866801261901855,3.5559706687927246,0.2902807891368866,-0.16004030406475067,3.5413544178009033,0.3454594910144806,-0.15431475639343262,3.538431167602539,0.4558168649673462,-0.1428636759519577,3.5325846672058105,0.397561639547348,-0.15286840498447418,3.4690542221069336,-0.17029163241386414,-0.40702465176582336,3.313735008239746,-0.16961076855659485,-0.40603166818618774,3.1541144847869873,0.040305718779563904,-0.23598529398441315,3.256413698196411,0.2949119210243225,-0.17341464757919312,3.3481249809265137,0.3458331525325775,-0.1609005182981491,3.366467237472534,0.4476756453514099,-0.1358722597360611,3.403151750564575,0.3777519762516022,-0.16242867708206177,3.447144031524658,-0.27959463000297546,0.16082333028316498,3.4743072986602783,-0.2961648404598236,0.6430466771125793,3.4797592163085938,-0.33427363634109497,1.0702418088912964,3.48498272895813,-0.21565094590187073,1.1884973049163818,3.4842584133148193,-0.28288283944129944,0.1623527556657791,3.2665908336639404,-0.3374984860420227,0.6326056122779846,3.359988212585449,-0.3812808394432068,1.0511493682861328,3.4429309368133545,-0.26431262493133545,1.169603943824768,3.461456298828125,-0.051153071224689484,-0.5065105557441711,3.3561928272247314,-0.031166110187768936,-0.5492623448371887,3.354602575302124,-0.0444493442773819,-0.5930909514427185,3.3844428062438965,-0.1298995167016983,-0.6112762093544006,3.444331407546997,-0.04950399696826935,-0.5933547019958496,3.328005313873291,-0.14422103762626648,-0.612023651599884,3.2844252586364746,-0.3865174651145935,1.1732217073440552,3.4869654178619385,-0.434864342212677,1.1511790752410889,3.4644033908843994
-0.28577184677124023,0.16278809309005737,3.374551296234131,-0.2492983639240265,-0.026571273803710938,3.3736960887908936,-0.21269550919532776,-0.21590757369995117,3.3735861778259277,-0.17609156668186188,-0.40524953603744507,3.373476266860962,-0.17718859016895294,-0.40655961632728577,3.426147937774658,-0.18113216757774353,-0.4074150621891022,3.586430311203003,0.0023316144943237305,-0.1846918910741806,3.5511488914489746,0.27922895550727844,-0.1532101035118103,3.5294599533081055,0.33460843563079834,-0.14691375195980072,3.5251221656799316,0.44536736607551575,-0.13432103395462036,3.516446590423584,0.38555672764778137,-0.14751467108726501,3.4542014598846436,-0.17459669709205627,-0.4059973657131195,3.320803165435791,-0.17065311968326569,-0.4051419198513031,3.1605207920074463,0.03940451145172119,-0.2352226823568344,3.267817497253418,0.2931537330150604,-0.17116016149520874,3.3660061359405518,0.3439035713672638,-0.15834766626358032,3.38564395904541,0.4454032778739929,-0.1327226608991623,3.424919366836548,0.3740416169166565,-0.1594044268131256,3.467597723007202,-0.2863670885562897,0.1622042953968048,3.4784207344055176,-0.30421069264411926,0.6440773010253906,3.4776506423950195,-0.3487047255039215,1.070386528968811,3.4768173694610596,-0.23193702101707458,1.1903132200241089,3.4772675037384033,-0.2851766049861908,0.16337189078330994,3.270681858062744,-0.33858901262283325,0.6339780688285828,3.3612217903137207,-0.3828126788139343,1.0526478290557861,3.4417197704315186,-0.2659814953804016,1.1707061529159546,3.462456226348877,-0.05627019703388214,-0.5049471855163574,3.3655552864074707,-0.03617300093173981,-0.5475755333900452,3.3643267154693604,-0.049913667142391205,-0.5914000868797302,3.393803358078003,-0.1363624632358551,-0.6098455190658569,3.4518511295318604,-0.053826019167900085,-0.5916181802749634,3.3373661041259766,-0.14744745194911957,-0.6104634404182434,3.291945457458496,-0.40245863795280457,1.1725140810012817,3.4763896465301514,-0.43649762868881226,1.1528515815734863,3.4616401195526123
-0.28655099868774414,0.1615425944328308,3.376852512359619,-0.2504045367240906,-0.02786886692047119,3.3769729137420654,-0.2141295224428177,-0.21725423634052277,3.3777456283569336,-0.17785342037677765,-0.406645268201828,3.3785183429718018,-0.18009807169437408,-0.4079274833202362,3.4311511516571045,-0.18755793571472168,-0.4087003171443939,3.591935396194458,-0.008777633309364319,-0.18209043145179749,3.546564817428589,0.2683671712875366,-0.1436193436384201,3.5212111473083496,0.3237961232662201,-0.13592512905597687,3.5161404609680176,0.4346540570259094,-0.1205366924405098,3.5059990882873535,0.3744635283946991,-0.13780350983142853,3.4444949626922607,-0.1752144992351532,-0.4074215292930603,3.3258941173553467,-0.1677546352148056,-0.4066486954689026,3.165109872817993,0.041853681206703186,-0.23419888317584991,3.273268699645996,0.29499703645706177,-0.16530188918113708,3.373785972595215,0.34562569856643677,-0.15152248740196228,3.3938894271850586,0.44688305258750916,-0.12396368384361267,3.434096336364746,0.37508606910705566,-0.15126022696495056,3.4765682220458984,-0.289511501789093,0.16104362905025482,3.480679750442505,-0.3087866008281708,0.6425715684890747,3.47482967376709,-0.35985898971557617,1.067871332168579,3.468695640563965,-0.24507606029510498,1.1895631551742554,3.470616340637207,-0.28359049558639526,0.1620415598154068,3.2730252742767334,-0.33617398142814636,0.6327821612358093,3.361981153488159,-0.3827671408653259,1.0512338876724243,3.4410572052001953,-0.2666628956794739,1.1693733930587769,3.4645209312438965,-0.057510510087013245,-0.5054171085357666,3.372981071472168,-0.03717029094696045,-0.5478416085243225,3.372112274169922,-0.051235318183898926,-0.5917161107063293,3.4011707305908203,-0.13861101865768433,-0.6107469797134399,3.4572501182556152,-0.053951196372509,-0.591863214969635,3.3447682857513428,-0.14630600810050964,-0.6111637353897095,3.297443389892578,-0.41514408588409424,1.1690739393234253,3.466010808944702,-0.4369996190071106,1.15133798122406,3.4595947265625
-0.2855493724346161,0.16075614094734192,3.38008189201355,-0.2504042387008667,-0.028836995363235474,3.380859136581421,-0.21516084671020508,-0.21840892732143402,3.3821752071380615,-0.1799164116382599,-0.40798652172088623,3.383491277694702,-0.18317994475364685,-0.40929412841796875,3.4360687732696533,-0.19377052783966064,-0.41014429926872253,3.597208023071289,-0.02134805917739868,-0.179652601480484,3.5409598350524902,0.2550482451915741,-0.13238468766212463,3.5109434127807617,0.3103275001049042,-0.1229311004281044,3.5049400329589844,0.4208860397338867,-0.10402393341064453,3.492933511734009,0.36051976680755615,-0.12586267292499542,3.432591676712036,-0.1762697994709015,-0.4087394177913666,3.330928325653076,-0.1656792163848877,-0.4078892469406128,3.1697890758514404,0.04191082715988159,-0.23219634592533112,3.2795987129211426,0.29320821166038513,-0.1571369171142578,3.383260726928711,0.34346768260002136,-0.14212502539157867,3.4039931297302246,0.4439866542816162,-0.11210125684738159,3.445457935333252,0.37186217308044434,-0.14043693244457245,3.4873781204223633,-0.29074186086654663,0.16021887958049774,3.4838192462921143,-0.3108482360839844,0.6414470672607422,3.4737424850463867,-0.36815401911735535,1.0656814575195312,3.46287202835083,-0.2553313970565796,1.1890705823898315,3.4662110805511475,-0.28035688400268555,0.1612934023141861,3.2763445377349854,-0.3325712978839874,0.6321614980697632,3.363770008087158,-0.38354918360710144,1.0502233505249023,3.4412453174591064,-0.2688016891479492,1.1690386533737183,3.467339515686035,-0.059800997376441956,-0.5065608620643616,3.380253791809082,-0.0395113080739975,-0.5488916039466858,3.379646062850952,-0.05422746390104294,-0.5927987098693848,3.4080867767333984,-0.14267536997795105,-0.612015962600708,3.4619102478027344,-0.05563594400882721,-0.5926653742790222,3.351769208908081,-0.14666607975959778,-0.611638069152832,3.3023438453674316,-0.4248634874820709,1.1659631729125977,3.4581356048583984,-0.4387909770011902,1.1499722003936768,3.4583723545074463
-0.28325745463371277,0.16034796833992004,3.384291648864746,-0.24934515357017517,-0.029467061161994934,3.385383367538452,-0.21535538136959076,-0.21926525235176086,3.386909246444702,-0.18136459589004517,-0.40906912088394165,3.388435125350952,-0.18537548184394836,-0.41042977571487427,3.4409592151641846,-0.19826991856098175,-0.4114413857460022,3.602356433868408,-0.032675206661224365,-0.17788513004779816,3.535191535949707,0.24226397275924683,-0.12218619138002396,3.4996542930603027,0.29725182056427,-0.11104640364646912,3.492546796798706,0.407227486371994,-0.08876682817935944,3.4783318042755127,0.3467729985713959,-0.11499322950839996,3.4194998741149902,-0.1769842505455017,-0.4097714424133301,3.335927724838257,-0.16408981382846832,-0.40875983238220215,3.174530506134033,0.03910137712955475,-0.2300598919391632,3.289686441421509,0.2870213985443115,-0.15003928542137146,3.399637222290039,0.33660539984703064,-0.1340351700782776,3.4216272830963135,0.43577340245246887,-0.10202692449092865,3.4656076431274414,0.3630196154117584,-0.1318185031414032,3.5058956146240234,-0.29021427035331726,0.1597011238336563,3.4879236221313477,-0.3108066916465759,0.6406642198562622,3.474210023880005,-0.3734515309333801,1.063875436782837,3.4591355323791504,-0.2623637914657593,1.1887274980545044,3.463440418243408,-0.2763006389141083,0.16099481284618378,3.2806596755981445,-0.3284517824649811,0.6320119500160217,3.3664543628692627,-0.3845474123954773,1.0496249198913574,3.4420323371887207,-0.2714061439037323,1.1694438457489014,3.4701311588287354,-0.0619308203458786,-0.5078682899475098,3.387071371078491,-0.04186040908098221,-0.5501679182052612,3.3866050243377686,-0.057315975427627563,-0.5940865874290466,3.414353132247925,-0.14672671258449554,-0.6132391095161438,3.466021776199341,-0.057528793811798096,-0.5935683250427246,3.3581695556640625,-0.14732970297336578,-0.6117706298828125,3.306835174560547,-0.4313623905181885,1.1633285284042358,3.4526758193969727,-0.44095972180366516,1.1488896608352661,3.4578588008880615
-0.28114840388298035,0.1590188443660736,3.4005067348480225,-0.24837404489517212,-0.030999287962913513,3.401202440261841,-0.2155277281999588,-0.22100333869457245,3.4022562503814697,-0.1826804280281067,-0.41101309657096863,3.4033100605010986,-0.1872071772813797,-0.41256803274154663,3.455787181854248,-0.2017001509666443,-0.4141770899295807,3.6174075603485107,-0.04296204447746277,-0.17766621708869934,3.5418710708618164,0.23016640543937683,-0.11384208500385284,3.5016634464263916,0.28479209542274475,-0.10107725858688354,3.493621826171875,0.3940434753894806,-0.07554760575294495,3.477538824081421,0.33377400040626526,-0.10546420514583588,3.4200165271759033,-0.17779666185379028,-0.4115232825279236,3.350844383239746,-0.1633036881685257,-0.4099142253398895,3.1892240047454834,0.0350058376789093,-0.22857533395290375,3.310180425643921,0.2798267602920532,-0.14513647556304932,3.4258956909179688,0.32879093289375305,-0.1284486949443817,3.4490387439727783,0.4267193078994751,-0.0950731486082077,3.4953248500823975,0.35357964038848877,-0.12655599415302277,3.533998489379883,-0.28939709067344666,0.15797512233257294,3.5040407180786133,-0.3104533553123474,0.6388275027275085,3.4887635707855225,-0.3773234188556671,1.0612670183181763,3.4714550971984863,-0.2676202058792114,1.1872812509536743,3.476710796356201,-0.27289971709251404,0.16006256639957428,3.2969727516174316,-0.3246699571609497,0.6312035918235779,3.382071018218994,-0.3853304386138916,1.0483487844467163,3.4564781188964844,-0.27362704277038574,1.1691007614135742,3.486199140548706,-0.06415287405252457,-0.51034015417099,3.402879238128662,-0.044394392520189285,-0.5526634454727173,3.4022886753082275,-0.060560476034879684,-0.596675455570221,3.4292235374450684,-0.1507430374622345,-0.6157565116882324,3.479043483734131,-0.05981853976845741,-0.5955470204353333,3.373185396194458,-0.14864090085029602,-0.6125592589378357,3.3202688694000244,-0.4361811876296997,1.1600754261016846,3.4639337062835693,-0.4427850544452667,1.1471465826034546,3.4713735580444336
-0.2796593904495239,0.1571531891822815,3.408421277999878,-0.24787941575050354,-0.03303886950016022,3.4080650806427,-0.2160206139087677,-0.22321806848049164,3.4080097675323486,-0.18416085839271545,-0.4134029746055603,3.407954454421997,-0.18892109394073486,-0.41527819633483887,3.4604012966156006,-0.20414525270462036,-0.4178757071495056,3.6222517490386963,-0.05038735270500183,-0.17938284575939178,3.5411906242370605,0.2211608588695526,-0.10977133363485336,3.4971842765808105,0.275470495223999,-0.09584902971982956,3.4883830547332764,0.38408979773521423,-0.06800442188978195,3.470780611038208,0.3239184617996216,-0.10034336894750595,3.414278984069824,-0.1790543645620346,-0.4135947823524475,3.355506658554077,-0.1638302057981491,-0.41099727153778076,3.1936562061309814,0.028423473238945007,-0.22581660747528076,3.319504737854004,0.27059778571128845,-0.1390972137451172,3.439304828643799,0.3190326392650604,-0.12175333499908447,3.4632649421691895,0.41590237617492676,-0.08706557750701904,3.5111849308013916,0.3429003059864044,-0.12063753604888916,3.5486340522766113,-0.2886233627796173,0.1554616540670395,3.5118870735168457,-0.30883368849754333,0.6362645626068115,3.496729850769043,-0.37786567211151123,1.0582554340362549,3.4789388179779053,-0.26890867948532104,1.1848410367965698,3.4849464893341064,-0.27069541811943054,0.1588447242975235,3.30495548248291,-0.32132065296173096,0.6299867630004883,3.390230894088745,-0.3852918744087219,1.0466216802597046,3.464266538619995,-0.2746559977531433,1.168034553527832,3.4950926303863525,-0.0663243979215622,-0.5131195187568665,3.4077858924865723,-0.046798378229141235,-0.5554543137550354,3.4069712162017822,-0.06344044208526611,-0.599584698677063,3.4332187175750732,-0.1540931612253189,-0.6187063455581665,3.481757164001465,-0.06207830458879471,-0.5978805422782898,3.377307891845703,-0.15023376047611237,-0.6138779520988464,3.323342800140381,-0.4371953308582306,1.1567238569259644,3.471005916595459,-0.4434942305088043,1.145029067993164,3.4786696434020996
-0.2794436812400818,0.1536344587802887,3.4300453662872314,-0.24843095242977142,-0.03670823574066162,3.428621292114258,-0.21731896698474884,-0.2270357608795166,3.4273414611816406,-0.18620605766773224,-0.41736897826194763,3.4260616302490234,-0.19127722084522247,-0.4196123778820038,3.478472948074341,-0.2074853777885437,-0.4233520030975342,3.6406033039093018,-0.0538734495639801,-0.1809508055448532,3.5706939697265625,0.21893155574798584,-0.10794321447610855,3.540565013885498,0.2734925448894501,-0.09334169328212738,3.534539222717285,0.3826145529747009,-0.06413865834474564,3.5224876403808594,0.32541537284851074,-0.09606560319662094,3.4626431465148926,-0.18079672753810883,-0.41719427704811096,3.373636484146118,-0.1645885705947876,-0.41345465183258057,3.2115061283111572,0.021224871277809143,-0.22323726117610931,3.3400866985321045,0.2615256905555725,-0.13322067260742188,3.4617950916290283,0.3095858693122864,-0.11521735042333603,3.4861366748809814,0.4057061970233917,-0.07921071350574493,3.534820079803467,0.33320853114128113,-0.11469876766204834,3.571659564971924,-0.2891344726085663,0.15128201246261597,3.5334343910217285,-0.30735886096954346,0.6319928169250488,3.5154354572296143,-0.3764425814151764,1.0537691116333008,3.494588613510132,-0.26761099696159363,1.1804256439208984,3.500664234161377,-0.2697528898715973,0.15598690509796143,3.3266563415527344,-0.3185439705848694,0.6278842687606812,3.4083340167999268,-0.3843919634819031,1.0448027849197388,3.4786577224731445,-0.27442049980163574,1.1667358875274658,3.509669303894043,-0.06897683441638947,-0.5176303386688232,3.4258339405059814,-0.04967840760946274,-0.5600261092185974,3.4247145652770996,-0.06678000837564468,-0.6043327450752258,3.450282335281372,-0.15791171789169312,-0.6235118508338928,3.4977290630340576,-0.06489293277263641,-0.6019995212554932,3.39444899559021,-0.15256500244140625,-0.6169010400772095,3.3395347595214844,-0.4357476830482483,1.1521424055099487,3.485614538192749,-0.442998468875885,1.1431312561035156,3.4917616844177246
-0.28045180439949036,0.1527843475341797,3.4398629665374756,-0.25071585178375244,-0.03776851296424866,3.4371984004974365,-0.22089028358459473,-0.22831052541732788,3.434770345687866,-0.19106382131576538,-0.41885823011398315,3.432342290878296,-0.19625546038150787,-0.4213995337486267,3.4847335815429688,-0.21283932030200958,-0.4260639250278473,3.6470630168914795,-0.061024487018585205,-0.18107959628105164,3.581789970397949,0.21177512407302856,-0.10487611591815948,3.5591883659362793,0.26633504033088684,-0.08963541686534882,3.5546679496765137,0.3754549026489258,-0.059154022485017776,3.5456273555755615,0.3202226161956787,-0.09156154841184616,3.4841527938842773,-0.18554799258708954,-0.4183879494667053,3.3799245357513428,-0.16896413266658783,-0.41372355818748474,3.217595100402832,0.009842589497566223,-0.21846258640289307,3.348846435546875,0.24869264662265778,-0.126627117395401,3.4723548889160156,0.29646265506744385,-0.10826002061367035,3.497056484222412,0.3920027017593384,-0.07152582705020905,3.546459913253784,0.31991612911224365,-0.10857001692056656,3.5826709270477295,-0.29043978452682495,0.14978057146072388,3.54321026802063,-0.304575115442276,0.6306043267250061,3.5259389877319336,-0.3699110746383667,1.052956461906433,3.5056090354919434,-0.2600049078464508,1.178633689880371,3.512169122695923,-0.27046382427215576,0.1557881236076355,3.3365156650543213,-0.3171725273132324,0.6280262470245361,3.417132616043091,-0.38441693782806396,1.0449044704437256,3.4860825538635254,-0.274920254945755,1.1671830415725708,3.517317295074463,-0.07512970268726349,-0.5204914808273315,3.432077407836914,-0.05635225772857666,-0.5630868673324585,3.4307196140289307,-0.07417500764131546,-0.6073830127716064,3.4557478427886963,-0.1658385545015335,-0.6258542537689209,3.50232195854187,-0.07184287160634995,-0.6045774221420288,3.399982452392578,-0.15923084318637848,-0.6179050803184509,3.344320297241211,-0.4283251166343689,1.1518480777740479,3.49664568901062,-0.44333064556121826,1.1431044340133667,3.498654365539551
-0.28329217433929443,0.15147781372070312,3.443746566772461,-0.2548312842845917,-0.03926604986190796,3.4401543140411377,-0.22626949846744537,-0.23000052571296692,3.436877489089966,-0.19770686328411102,-0.4207407236099243,3.433600425720215,-0.20298966765403748,-0.4234917163848877,3.4859752655029297,-0.21985062956809998,-0.42880749702453613,3.6484220027923584,-0.07140025496482849,-0.18127262592315674,3.5848283767700195,0.2008419930934906,-0.10259397327899933,3.563413381576538,0.2552904486656189,-0.08685824275016785,3.5591304302215576,0.3641873598098755,-0.055386777967214584,3.5505645275115967,0.30938586592674255,-0.08789509534835815,3.488736867904663,-0.19211362302303314,-0.4200628101825714,3.381190061569214,-0.17525267601013184,-0.414747029542923,3.218743324279785,-0.005000591278076172,-0.21373511850833893,3.352771759033203,0.23236916959285736,-0.12085792422294617,3.4784467220306396,0.27984312176704407,-0.10228248685598373,3.5035817623138428,0.3747910261154175,-0.06513160467147827,3.553851842880249,0.30298736691474915,-0.1034872755408287,3.589287757873535,-0.2935335040092468,0.14800401031970978,3.547058343887329,-0.30218350887298584,0.6289852261543274,3.5320560932159424,-0.3608095347881317,1.052371859550476,3.5138020515441895,-0.24896135926246643,1.1762523651123047,3.5212271213531494,-0.27305084466934204,0.15495161712169647,3.3404347896575928,-0.3172064423561096,0.6273614764213562,3.421193838119507,-0.38502562046051025,1.044145941734314,3.4898793697357178,-0.2757527828216553,1.1664972305297852,3.5215201377868652,-0.08268645405769348,-0.5233912467956543,3.4335460662841797,-0.06428050994873047,-0.5661419034004211,3.4320945739746094,-0.08264736831188202,-0.6103953123092651,3.4567947387695312,-0.1747492551803589,-0.6282747387886047,3.5027143955230713,-0.07994786649942398,-0.6073409914970398,3.4010629653930664,-0.1671006679534912,-0.6196208000183105,3.3448076248168945,-0.4176342785358429,1.1522072553634644,3.505242347717285,-0.44405627250671387,1.1422903537750244,3.502227544784546
-0.28773513436317444,0.1531391739845276,3.443814754486084,-0.2619284987449646,-0.03796035051345825,3.439328193664551,-0.2360585629940033,-0.22906160354614258,3.4353041648864746,-0.2101878523826599,-0.42016860842704773,3.4312801361083984,-0.21527177095413208,-0.4230179786682129,3.483668565750122,-0.23147445917129517,-0.4286338984966278,3.646207809448242,-0.09730027616024017,-0.17437252402305603,3.576709270477295,0.17472778260707855,-0.09444858878850937,3.5544707775115967,0.22913339734077454,-0.07846380025148392,3.550023078918457,0.3379446268081665,-0.046494223177433014,3.5411276817321777,0.28342652320861816,-0.0804201140999794,3.4797203540802,-0.20482276380062103,-0.419396311044693,3.37884783744812,-0.18862007558345795,-0.4137803912162781,3.21630859375,-0.04215805232524872,-0.1979503333568573,3.355764150619507,0.19646650552749634,-0.10950440913438797,3.482717990875244,0.24419142305850983,-0.09181522578001022,3.5081088542938232,0.3396412432193756,-0.05643685534596443,3.5588903427124023,0.26849988102912903,-0.09694784879684448,3.5934128761291504,-0.29757410287857056,0.14938431978225708,3.5471560955047607,-0.30304989218711853,0.630514919757843,3.5395009517669678,-0.3539579212665558,1.0550833940505981,3.528407335281372,-0.23983994126319885,1.1767408847808838,3.537346839904785,-0.2778961658477783,0.1568940281867981,3.3404734134674072,-0.3199712038040161,0.6290839910507202,3.423187017440796,-0.39262500405311584,1.0448074340820312,3.492961883544922,-0.2847859263420105,1.168347716331482,3.5247724056243896,-0.09680509567260742,-0.5244275331497192,3.430936813354492,-0.07905684411525726,-0.567410945892334,3.4294612407684326,-0.09798316657543182,-0.6113299131393433,3.4542341232299805,-0.19011190533638,-0.6277894973754883,3.500424385070801,-0.09542097896337509,-0.6083601713180542,3.3985397815704346,-0.1828523576259613,-0.6193752288818359,3.342623710632324,-0.408966600894928,1.1560536623001099,3.5217297077178955,-0.452789306640625,1.1422017812728882,3.5056166648864746
-0.28871941566467285,0.1573757827281952,3.437718391418457,-0.26528626680374146,-0.03402803838253021,3.433425188064575,-0.24182797968387604,-0.22544248402118683,3.429795026779175,-0.2183689922094345,-0.4168626666069031,3.4261648654937744,-0.22228547930717468,-0.4193946123123169,3.478668212890625,-0.2348313331604004,-0.4240223467350006,3.641613721847534,-0.11147940903902054,-0.16720449924468994,3.5622899532318115,0.1597069501876831,-0.08775437623262405,3.5305027961730957,0.2139442265033722,-0.07186435163021088,3.5241453647613525,0.322418749332428,-0.04008430242538452,3.511430501937866,0.2661460041999817,-0.0752120167016983,3.452338933944702,-0.2141975313425064,-0.41641125082969666,3.373621940612793,-0.2016516774892807,-0.41178351640701294,3.210676431655884,-0.06839603185653687,-0.18673217296600342,3.3487277030944824,0.17516306042671204,-0.10251470655202866,3.4689407348632812,0.22387488186359406,-0.08567121624946594,3.492983341217041,0.3212985098361969,-0.05198422819375992,3.5410685539245605,0.25130632519721985,-0.09311072528362274,3.577153205871582,-0.29609254002571106,0.15415015816688538,3.541282892227173,-0.3002378046512604,0.6353355646133423,3.5391299724578857,-0.34599652886390686,1.0605939626693726,3.5342931747436523,-0.2301628440618515,1.1807037591934204,3.5419018268585205,-0.28134629130363464,0.160601407289505,3.334153890609741,-0.3201698958873749,0.6327698230743408,3.4184799194335938,-0.39271342754364014,1.048150897026062,3.4902987480163574,-0.28462454676628113,1.1720587015151978,3.5197155475616455,-0.10624068230390549,-0.5223802924156189,3.4246702194213867,-0.08902058005332947,-0.5655664205551147,3.4233837127685547,-0.10785648971796036,-0.6089089512825012,3.4491782188415527,-0.19904407858848572,-0.6236718893051147,3.497669219970703,-0.10654450953006744,-0.6067250967025757,3.3934237957000732,-0.1953268051147461,-0.6174842119216919,3.339698314666748,-0.399860680103302,1.1623101234436035,3.530144691467285,-0.4529242217540741,1.1453086137771606,3.5044326782226562
-0.2904275059700012,0.1615305244922638,3.4309580326080322,-0.26934945583343506,-0.030141547322273254,3.4273297786712646,-0.24827972054481506,-0.22182905673980713,3.4245731830596924,-0.22720934450626373,-0.41352230310440063,3.42181658744812,-0.22959230840206146,-0.4155953526496887,3.474426746368408,-0.23734448850154877,-0.41879650950431824,3.6377758979797363,-0.12621498107910156,-0.16053155064582825,3.547374725341797,0.14271554350852966,-0.07989905774593353,3.5047454833984375,0.19650165736675262,-0.06377255916595459,3.4962196350097656,0.30407387018203735,-0.031519562005996704,3.479167938232422,0.24630668759346008,-0.0685918852686882,3.4229602813720703,-0.22459737956523895,-0.41353273391723633,3.3691763877868652,-0.21684519946575165,-0.4103315770626068,3.205827236175537,-0.09891609102487564,-0.174237921833992,3.338399648666382,0.14952346682548523,-0.08864951133728027,3.4460792541503906,0.19921138882637024,-0.07153183221817017,3.4676151275634766,0.29858720302581787,-0.037296466529369354,3.5106871128082275,0.23128411173820496,-0.07974054664373398,3.5499234199523926,-0.2945304811000824,0.1591150313615799,3.5347256660461426,-0.2994578182697296,0.6402584314346313,3.535616159439087,-0.3449206054210663,1.0655407905578613,3.5348398685455322,-0.22879460453987122,1.1854991912841797,3.539525032043457,-0.28632453083992004,0.1639460176229477,3.327190399169922,-0.3210746645927429,0.6360104084014893,3.4136295318603516,-0.39277374744415283,1.0509835481643677,3.4883902072906494,-0.28425806760787964,1.1752115488052368,3.5146384239196777,-0.11672087758779526,-0.5206490159034729,3.4185075759887695,-0.10016778111457825,-0.564083456993103,3.4173340797424316,-0.11882931739091873,-0.6067662239074707,3.4442954063415527,-0.2086935043334961,-0.6195059418678284,3.4956772327423096,-0.11916106194257736,-0.6053854823112488,3.3885176181793213,-0.20963343977928162,-0.6155939698219299,3.3376402854919434,-0.39878353476524353,1.1673154830932617,3.5330193042755127,-0.45284533500671387,1.147898554801941,3.504560947418213
-0.28980210423469543,0.16308742761611938,3.4243695735931396,-0.27102142572402954,-0.02881072461605072,3.421846628189087,-0.25227388739585876,-0.22072286903858185,3.420351505279541,-0.23352579772472382,-0.412640780210495,3.418856143951416,-0.23391738533973694,-0.414142370223999,3.471529960632324,-0.2354496270418167,-0.41556650400161743,3.6351094245910645,-0.13879266381263733,-0.15721461176872253,3.5325417518615723,0.12574082612991333,-0.07343150675296783,3.4770731925964355,0.17864751815795898,-0.056674886494874954,3.46597957611084,0.2844609022140503,-0.023161645978689194,3.4437921047210693,0.22549612820148468,-0.06290797889232635,3.3912692070007324,-0.23293045163154602,-0.41322505474090576,3.366166353225708,-0.23139820992946625,-0.41180092096328735,3.2025868892669678,-0.1323613077402115,-0.16268424689769745,3.3239994049072266,0.11994536221027374,-0.06877247244119644,3.411155939102173,0.17040669918060303,-0.04999011754989624,3.4285871982574463,0.2713293731212616,-0.012425407767295837,3.4634499549865723,0.2089613527059555,-0.05661621689796448,3.507864475250244,-0.2896851599216461,0.16173329949378967,3.5282363891601562,-0.2980446219444275,0.6427502036094666,3.530733108520508,-0.3482869565486908,1.0674231052398682,3.5330538749694824,-0.2334442138671875,1.1886656284332275,3.533365249633789,-0.28991904854774475,0.1644415557384491,3.320502758026123,-0.32062485814094543,0.6363955736160278,3.4086501598358154,-0.39141231775283813,1.0508790016174316,3.4865565299987793,-0.2825946509838104,1.1756349802017212,3.508542060852051,-0.12539474666118622,-0.5220023393630981,3.4129412174224854,-0.10975902527570724,-0.5657687783241272,3.411813974380493,-0.12817594408988953,-0.6076452732086182,3.440155506134033,-0.21616622805595398,-0.6177823543548584,3.4951963424682617,-0.13067597150802612,-0.6071029901504517,3.384427309036255,-0.2232496440410614,-0.6162459850311279,3.337299108505249,-0.40331530570983887,1.1685665845870972,3.5337235927581787,-0.4512806832790375,1.147454857826233,3.5051968097686768
-0.2893451452255249,0.1637984812259674,3.4183106422424316,-0.27307984232902527,-0.028292015194892883,3.4174094200134277,-0.25684741139411926,-0.22038717567920685,3.417707920074463,-0.24061450362205505,-0.41248810291290283,3.418006420135498,-0.2386472225189209,-0.41329145431518555,3.4706461429595947,-0.23281405866146088,-0.4125446081161499,3.6340503692626953,-0.1520938277244568,-0.15564820170402527,3.5192649364471436,0.1062314510345459,-0.06841709464788437,3.449397563934326,0.1578965187072754,-0.05097087472677231,3.4354240894317627,0.2612266540527344,-0.01607843115925789,3.4074771404266357,0.2012486308813095,-0.05867796391248703,3.3593101501464844,-0.24240535497665405,-0.4137726426124573,3.365370035171509,-0.24823851883411407,-0.4145194888114929,3.201965808868408,-0.16916261613368988,-0.15230733156204224,3.305305004119873,0.08587120473384857,-0.047501854598522186,3.3618404865264893,0.13687796890735626,-0.026540758088231087,3.373147487640381,0.23889149725437164,0.015381434932351112,3.395761728286743,0.18357962369918823,-0.029169967398047447,3.4476068019866943,-0.2842799127101898,0.16374066472053528,3.522059917449951,-0.29700446128845215,0.6445967555046082,3.525158405303955,-0.3546007573604584,1.0682556629180908,3.5302345752716064,-0.24205830693244934,1.191503882408142,3.5251715183258057,-0.29441037774086,0.16385629773139954,3.314561367034912,-0.3205318748950958,0.6358516216278076,3.4036242961883545,-0.389949768781662,1.0499372482299805,3.484520196914673,-0.28095102310180664,1.1753143072128296,3.501296043395996,-0.13538172841072083,-0.524490237236023,3.4093148708343506,-0.12081751227378845,-0.5686349272727966,3.408320665359497,-0.13888244330883026,-0.6095497012138367,3.438262701034546,-0.2244987189769745,-0.6166010499000549,3.4974043369293213,-0.14390280842781067,-0.6099545359611511,3.3826956748962402,-0.23872311413288116,-0.6177481412887573,3.3399641513824463,-0.4113136827945709,1.168392539024353,3.53361439704895,-0.4494220018386841,1.1461734771728516,3.5058934688568115
-0.2892516553401947,0.16565445065498352,3.4079136848449707,-0.27561530470848083,-0.026548266410827637,3.40887713432312,-0.2619565725326538,-0.218735471367836,3.4113829135894775,-0.24829743802547455,-0.4109284281730652,3.413888931274414,-0.24336658418178558,-0.4109443426132202,3.4663150310516357,-0.22832198441028595,-0.4077581465244293,3.628675937652588,-0.17010225355625153,-0.1581481695175171,3.4912679195404053,0.07181069254875183,-0.07198738306760788,3.3805909156799316,0.12019328027963638,-0.05475522577762604,3.3584554195404053,0.21695846319198608,-0.020290911197662354,3.3141846656799316,0.1518922746181488,-0.06584233045578003,3.2778077125549316,-0.2530798316001892,-0.4130014181137085,3.36149001121521,-0.26812443137168884,-0.4161876142024994,3.199129104614258,-0.2086566984653473,-0.14293724298477173,3.278963088989258,0.0467018187046051,-0.03055320680141449,3.2978529930114746,0.09777352213859558,-0.008076399564743042,3.301630973815918,0.19991692900657654,0.036877214908599854,3.3091869354248047,0.15271522104740143,-0.005163839086890221,3.3694891929626465,-0.2780921459197998,0.1669638454914093,3.5111703872680664,-0.29474538564682007,0.6475375890731812,3.517343282699585,-0.36157697439193726,1.069601058959961,3.5285279750823975,-0.25240540504455566,1.1954127550125122,3.5176103115081787,-0.3004111647605896,0.16434505581855774,3.304656982421875,-0.3213532567024231,0.6359381675720215,3.396461009979248,-0.389302134513855,1.0490410327911377,3.4828217029571533,-0.2805700898170471,1.1752370595932007,3.493690013885498,-0.14616870880126953,-0.5256093144416809,3.4022412300109863,-0.13266609609127045,-0.5701195001602173,3.4015040397644043,-0.150027334690094,-0.6099461913108826,3.433319091796875,-0.2325383722782135,-0.6136685013771057,3.497088670730591,-0.15802207589149475,-0.6114566326141357,3.3780925273895264,-0.2551901340484619,-0.6179481744766235,3.3406128883361816,-0.4202446937561035,1.168351650238037,3.535895347595215,-0.44819578528404236,1.144676685333252,3.507985830307007
-0.28697440028190613,0.1673322319984436,3.4009947776794434,-0.27603721618652344,-0.02493762969970703,3.4040966033935547,-0.2650085985660553,-0.21716894209384918,3.4088335037231445,-0.2539796531200409,-0.40940600633621216,3.4135706424713135,-0.24566775560379028,-0.4086972773075104,3.4655401706695557,-0.22020839154720306,-0.40328752994537354,3.625800371170044,-0.18591195344924927,-0.16315236687660217,3.4697265625,0.03549551963806152,-0.07566092908382416,3.3274338245391846,0.07977701723575592,-0.058162640780210495,3.2989752292633057,0.16834001243114471,-0.02316606417298317,3.242058038711548,0.10195977240800858,-0.07263205200433731,3.216475248336792,-0.2621716558933258,-0.4122041165828705,3.361652374267578,-0.2876310348510742,-0.4176138639450073,3.20139217376709,-0.25101226568222046,-0.1362977921962738,3.2535507678985596,-0.0002835392951965332,-0.019437067210674286,3.23350191116333,0.04986220598220825,0.0039350781589746475,3.2294921875,0.15015369653701782,0.050679370760917664,3.22147274017334,0.11138030141592026,0.013922639191150665,3.2896876335144043,-0.26895958185195923,0.17000651359558105,3.503242254257202,-0.28800296783447266,0.6502861976623535,3.512526750564575,-0.36317959427833557,1.0705406665802002,3.5311288833618164,-0.25781330466270447,1.1987861394882202,3.513829469680786,-0.304989218711853,0.16465795040130615,3.2987473011016846,-0.32095447182655334,0.6360044479370117,3.3919944763183594,-0.38787180185317993,1.048018455505371,3.483525037765503,-0.28016912937164307,1.1754244565963745,3.4875340461730957,-0.15542401373386383,-0.5269904732704163,3.398602247238159,-0.14305289089679718,-0.5718782544136047,3.3981196880340576,-0.15945234894752502,-0.6105725169181824,3.4318716526031494,-0.23814885318279266,-0.6107804179191589,3.50054669380188,-0.1707761287689209,-0.6131057739257812,3.3772132396698,-0.2702329158782959,-0.617958128452301,3.3456811904907227,-0.42336055636405945,1.167876958847046,3.5430960655212402,-0.44607847929000854,1.142887830734253,3.5126988887786865
-0.2833133339881897,0.16894513368606567,3.3955368995666504,-0.27499499917030334,-0.023352310061454773,3.4008026123046875,-0.2665189504623413,-0.21559274196624756,3.407658338546753,-0.2580426335334778,-0.40783894062042236,3.4145143032073975,-0.24604617059230804,-0.40653157234191895,3.465731382369995,-0.20938168466091156,-0.3993152678012848,3.622753620147705,-0.19817282259464264,-0.16829778254032135,3.4547784328460693,-0.00037613511085510254,-0.0791727751493454,3.2860212326049805,0.039183203130960464,-0.06134777516126633,3.252269744873047,0.1183018833398819,-0.025697771459817886,3.1847667694091797,0.052177637815475464,-0.07818292081356049,3.1690773963928223,-0.26994699239730835,-0.4112357497215271,3.3633716106414795,-0.30661147832870483,-0.41845205426216125,3.2063493728637695,-0.2977297008037567,-0.13364246487617493,3.229041576385498,-0.05594092607498169,-0.01531132310628891,3.1735281944274902,-0.007583171129226685,0.008354905992746353,3.1624255180358887,0.08913233876228333,0.05568736419081688,3.1402201652526855,0.05807013064622879,0.026429448276758194,3.2147345542907715,-0.2578994929790497,0.17279961705207825,3.4961533546447754,-0.2780933082103729,0.6528424620628357,3.5080668926239014,-0.35981449484825134,1.0713095664978027,3.5348660945892334,-0.25852832198143005,1.2016682624816895,3.5107686519622803,-0.3087271749973297,0.1650906503200531,3.2949204444885254,-0.3198899030685425,0.6364858150482178,3.3879406452178955,-0.3856709897518158,1.047525405883789,3.4840166568756104,-0.2797260582447052,1.176347255706787,3.4803333282470703,-0.16364262998104095,-0.5285332202911377,3.3958191871643066,-0.1524876356124878,-0.5738054513931274,3.39554500579834,-0.1676713228225708,-0.6113782525062561,3.431196451187134,-0.2417953610420227,-0.6079981923103333,3.5049076080322266,-0.1826220005750656,-0.6147362589836121,3.37738299369812,-0.28415560722351074,-0.617512583732605,3.352436065673828,-0.42081695795059204,1.1673457622528076,3.5518317222595215,-0.4429129958152771,1.1415979862213135,3.5172698497772217
-0.28036099672317505,0.17318445444107056,3.3916237354278564,-0.2743896245956421,-0.01906399428844452,3.399019241333008,-0.2681855261325836,-0.21124267578125,3.4078898429870605,-0.2619812488555908,-0.4034270942211151,3.4167606830596924,-0.24609330296516418,-0.40164878964424133,3.46687388420105,-0.19774921238422394,-0.3930415213108063,3.6195363998413086,-0.20638301968574524,-0.16775251924991608,3.4480514526367188,-0.03257422149181366,-0.07093366980552673,3.262040615081787,0.002187538892030716,-0.051569901406764984,3.2248384952545166,0.07171106338500977,-0.012842360883951187,3.1504342555999756,0.007829930633306503,-0.06835511326789856,3.1416115760803223,-0.2778017222881317,-0.40729421377182007,3.366744041442871,-0.32614579796791077,-0.4159014821052551,3.2140815258026123,-0.34850969910621643,-0.1335253119468689,3.213479995727539,-0.11706496775150299,-0.01475619524717331,3.13279128074646,-0.07077602297067642,0.008997628465294838,3.1166534423828125,0.021801866590976715,0.05650527775287628,3.0843780040740967,-0.003788307309150696,0.03452281281352043,3.162494659423828,-0.24710406363010406,0.17799705266952515,3.489875316619873,-0.2672140598297119,0.6578656435012817,3.503978729248047,-0.3529146909713745,1.0747689008712769,3.539595365524292,-0.2558738589286804,1.2067770957946777,3.5083510875701904,-0.31361791491508484,0.16837185621261597,3.29337215423584,-0.3191708028316498,0.6401277780532837,3.3844363689422607,-0.3819316029548645,1.0506600141525269,3.4841651916503906,-0.27806025743484497,1.180588722229004,3.4719772338867188,-0.17198634147644043,-0.5271363854408264,3.3941869735717773,-0.1619884967803955,-0.5727636814117432,3.3941357135772705,-0.17559856176376343,-0.609260618686676,3.4316372871398926,-0.24440908432006836,-0.6024302840232849,3.510354995727539,-0.19438284635543823,-0.613317608833313,3.3789827823638916,-0.2976312041282654,-0.6139250993728638,3.3611671924591064,-0.4138285219669342,1.169734001159668,3.561882257461548,-0.43747565150260925,1.144194483757019,3.521470785140991
-0.27895256876945496,0.17732295393943787,3.389732837677002,-0.2749730348587036,-0.014817461371421814,3.3987951278686523,-0.2707095146179199,-0.2068880945444107,3.4091198444366455,-0.2664458453655243,-0.39896446466445923,3.4194447994232178,-0.24665090441703796,-0.39695632457733154,3.468111991882324,-0.1866716891527176,-0.3876979947090149,3.6155776977539062,-0.20869134366512299,-0.15884394943714142,3.4539060592651367,-0.0544297993183136,-0.04014432430267334,3.266420841217041,-0.02357749082148075,-0.016404399648308754,3.228923797607422,0.038127124309539795,0.031075449660420418,3.1539297103881836,-0.021564193069934845,-0.028011132031679153,3.145319700241089,-0.28619447350502014,-0.40306025743484497,3.370889663696289,-0.3461737036705017,-0.4123185873031616,3.223423957824707,-0.3995630443096161,-0.1365911066532135,3.2124366760253906,-0.1788216233253479,-0.014095202088356018,3.1159746646881104,-0.1346733421087265,0.010403979569673538,3.09668231010437,-0.04637677222490311,0.05940234288573265,3.0580973625183105,-0.06789585947990417,0.04169188439846039,3.1377947330474854,-0.23784902691841125,0.18266424536705017,3.4849302768707275,-0.2566874921321869,0.6624564528465271,3.5000107288360596,-0.3433130383491516,1.0783096551895142,3.5437045097351074,-0.25043222308158875,1.2113306522369385,3.5051496028900146,-0.32005611062049866,0.17198166251182556,3.2945353984832764,-0.31905511021614075,0.644413411617279,3.3816566467285156,-0.37678971886634827,1.0550663471221924,3.4835288524627686,-0.2751920819282532,1.1856017112731934,3.4624016284942627,-0.18119487166404724,-0.5255963802337646,3.3926010131835938,-0.1723337173461914,-0.5715686082839966,3.3926408290863037,-0.18412180244922638,-0.6071829795837402,3.4317548274993896,-0.24702289700508118,-0.5973017811775208,3.515270709991455,-0.206807479262352,-0.6116001009941101,3.3805465698242188,-0.3112989664077759,-0.6098169684410095,3.37018084526062,-0.40314847230911255,1.1725870370864868,3.5711207389831543,-0.42990046739578247,1.148438811302185,3.524528741836548
-0.27958962321281433,0.18237009644508362,3.3905434608459473,-0.27742499113082886,-0.009599164128303528,3.4009315967559814,-0.27497825026512146,-0.201508566737175,3.412315845489502,-0.2725314199924469,-0.3934236764907837,3.4237003326416016,-0.24900004267692566,-0.39138635993003845,3.4706332683563232,-0.1778978705406189,-0.3820737600326538,3.612338066101074,-0.20363767445087433,-0.14089879393577576,3.473592758178711,-0.06475961208343506,0.0068878233432769775,3.2973551750183105,-0.036984000355005264,0.036445148289203644,3.2621076107025146,0.018567223101854324,0.09555979073047638,3.191612482070923,-0.03791617974638939,0.03493848443031311,3.1781888008117676,-0.2960362136363983,-0.3975469172000885,3.3768913745880127,-0.3671383857727051,-0.40685951709747314,3.2351865768432617,-0.4495660364627838,-0.14015725255012512,3.222785711288452,-0.24040326476097107,-0.011784031987190247,3.113428831100464,-0.19857071340084076,0.013890612870454788,3.091557502746582,-0.11490560322999954,0.06523990631103516,3.0478146076202393,-0.1323137730360031,0.049847282469272614,3.128471612930298,-0.23102983832359314,0.18787415325641632,3.482137680053711,-0.24785059690475464,0.6676338315010071,3.4961233139038086,-0.33311840891838074,1.0829508304595947,3.5459377765655518,-0.24436354637145996,1.2163822650909424,3.500000238418579,-0.3281494081020355,0.17686603963375092,3.2989492416381836,-0.3201703727245331,0.6499765515327454,3.3811111450195312,-0.37154969573020935,1.0610530376434326,3.484147787094116,-0.2724747061729431,1.191755771636963,3.4542715549468994,-0.19272124767303467,-0.5231682658195496,3.3925702571868896,-0.1851252317428589,-0.569512665271759,3.39265513420105,-0.195052832365036,-0.604378342628479,3.433166980743408,-0.25161269307136536,-0.5915963649749756,3.5211150646209717,-0.22158536314964294,-0.6088178157806396,3.3836467266082764,-0.32678818702697754,-0.6041749119758606,3.380807876586914,-0.39112597703933716,1.1769126653671265,3.577855110168457,-0.4217011332511902,1.1545109748840332,3.528452157974243
-0.2804151773452759,0.18627864122390747,3.394247055053711,-0.2799455523490906,-0.005502715706825256,3.4055657386779785,-0.2792782485485077,-0.19724209606647491,3.41756534576416,-0.2786109149456024,-0.3889872133731842,3.4295654296875,-0.2515467405319214,-0.387126088142395,3.4745144844055176,-0.16984710097312927,-0.3783610463142395,3.610025405883789,-0.18667957186698914,-0.11898627877235413,3.510727882385254,-0.057102277874946594,0.0606289803981781,3.3606414794921875,-0.031186817213892937,0.09655202925205231,3.3306241035461426,0.02064410410821438,0.16839814186096191,3.270589590072632,-0.035377830266952515,0.11050458252429962,3.248321294784546,-0.30566784739494324,-0.3929324150085449,3.384746789932251,-0.38736748695373535,-0.40169745683670044,3.2492358684539795,-0.49600136280059814,-0.145689457654953,3.2404510974884033,-0.29915153980255127,-0.011211350560188293,3.119027853012085,-0.2597815692424774,0.01568427123129368,3.094743251800537,-0.1810416281223297,0.06947551667690277,3.0461738109588623,-0.1941414773464203,0.05568684637546539,3.1275634765625,-0.22490622103214264,0.1915816068649292,3.4817965030670166,-0.24037572741508484,0.671251654624939,3.4924535751342773,-0.3232749104499817,1.086399793624878,3.545865058898926,-0.2388717085123062,1.2197710275650024,3.492438793182373,-0.3359241485595703,0.18097567558288574,3.3066976070404053,-0.32149505615234375,0.6547720432281494,3.382493734359741,-0.3663025498390198,1.066479206085205,3.4852681159973145,-0.2702070474624634,1.1970828771591187,3.446869134902954,-0.20502923429012299,-0.5218805074691772,3.3939707279205322,-0.19882622361183167,-0.568597674369812,3.394024133682251,-0.20678362250328064,-0.6028851270675659,3.4357032775878906,-0.2564002275466919,-0.5874989628791809,3.527771472930908,-0.23715724050998688,-0.6069724559783936,3.3881750106811523,-0.3424588441848755,-0.5990797877311707,3.3931078910827637,-0.379042387008667,1.1803255081176758,3.581477642059326,-0.4132702052593231,1.1601803302764893,3.5323257446289062
-0.2824098765850067,0.19170328974723816,3.415755271911621,-0.2846500873565674,0.00020495057106018066,3.426820993423462,-0.2868325710296631,-0.19127550721168518,3.4382035732269287,-0.28901511430740356,-0.38276171684265137,3.4495863914489746,-0.2556104063987732,-0.38178586959838867,3.489976406097412,-0.1546270251274109,-0.37569233775138855,3.611846685409546,-0.13371631503105164,-0.09927991032600403,3.5950088500976562,-0.012882538139820099,0.12156984210014343,3.5059549808502197,0.011284217238426208,0.16573978960514069,3.4881441593170166,0.05961772799491882,0.2540796995162964,3.4525225162506104,-0.002201572060585022,0.209599107503891,3.418473720550537,-0.32244354486465454,-0.3858187198638916,3.409320116043091,-0.42342692613601685,-0.3919122517108917,3.287449836730957,-0.5801296234130859,-0.16283011436462402,3.2969486713409424,-0.400825172662735,-0.01863086223602295,3.161440372467041,-0.3649642765522003,0.010208988562226295,3.134338617324829,-0.29324251413345337,0.06788869202136993,3.0801353454589844,-0.30105870962142944,0.055948324501514435,3.1623289585113525,-0.21448537707328796,0.195435032248497,3.4940860271453857,-0.229012131690979,0.6745960116386414,3.4871795177459717,-0.3072928786277771,1.0904276371002197,3.5378670692443848,-0.23293480277061462,1.2220861911773682,3.468348264694214,-0.35033437609672546,0.1879715472459793,3.3374245166778564,-0.3285784125328064,0.662158727645874,3.4047086238861084,-0.3605908155441284,1.0744457244873047,3.507702350616455,-0.27211517095565796,1.2048232555389404,3.454132318496704,-0.22729873657226562,-0.5205579996109009,3.4049370288848877,-0.22334066033363342,-0.5679517388343811,3.4046971797943115,-0.22672006487846375,-0.6018605828285217,3.447937250137329,-0.2617701590061188,-0.5833353400230408,3.546978712081909,-0.2642620801925659,-0.6047788858413696,3.4050512313842773,-0.36813920736312866,-0.5916037559509277,3.425468683242798,-0.3581724762916565,1.1851519346237183,3.5779359340667725,-0.4007534980773926,1.1684155464172363,3.5598902702331543
-0.27926114201545715,0.19042852520942688,3.4376113414764404,-0.2829967737197876,-0.001049131155014038,3.4472105503082275,-0.2869590222835541,-0.19252490997314453,3.456756114959717,-0.2909213900566101,-0.38400641083717346,3.466301918029785,-0.2545275092124939,-0.38392359018325806,3.50400447845459,-0.14444714784622192,-0.3805276155471802,3.617818832397461,-0.10626524686813354,-0.10580939054489136,3.629007339477539,0.008977651596069336,0.12675538659095764,3.566776752471924,0.03202623128890991,0.17326834797859192,3.554330587387085,0.07812339067459106,0.2662942707538605,3.5294382572174072,0.013482145965099335,0.22752103209495544,3.4937849044799805,-0.3273583650588989,-0.3861704468727112,3.4287030696868896,-0.4374387264251709,-0.38956642150878906,3.3148887157440186,-0.6044224500656128,-0.16939347982406616,3.3412222862243652,-0.4297778606414795,-0.023180276155471802,3.2020785808563232,-0.39484894275665283,0.0060623642057180405,3.1742498874664307,-0.3249911069869995,0.06454764306545258,3.1185925006866455,-0.3301022946834564,0.05141805112361908,3.2007782459259033,-0.20563417673110962,0.19265322387218475,3.5106396675109863,-0.22363528609275818,0.6709801554679871,3.48724627494812,-0.30126726627349854,1.0877604484558105,3.5288820266723633,-0.23324185609817505,1.2172043323516846,3.4495699405670166,-0.3528881072998047,0.188203826546669,3.3645830154418945,-0.33086204528808594,0.6633274555206299,3.4232375621795654,-0.357261061668396,1.0772508382797241,3.5203795433044434,-0.2736451029777527,1.2068262100219727,3.4579923152923584,-0.23591366410255432,-0.5230720043182373,3.4154679775238037,-0.2330472320318222,-0.5706871747970581,3.414487361907959,-0.23372773826122284,-0.6050834655761719,3.4576938152313232,-0.2604143023490906,-0.586799144744873,3.5597102642059326,-0.2747621536254883,-0.6067322492599487,3.4178009033203125,-0.3766784369945526,-0.5914705991744995,3.4466800689697266,-0.34981971979141235,1.1835392713546753,3.5691978931427,-0.3939327001571655,1.172033429145813,3.5735559463500977
-0.2776247262954712,0.18708667159080505,3.4811253547668457,-0.28287798166275024,-0.004410266876220703,3.4893436431884766,-0.2886102497577667,-0.19590705633163452,3.497239351272583,-0.29434266686439514,-0.3874095678329468,3.5051352977752686,-0.25557029247283936,-0.3881605863571167,3.5403754711151123,-0.13827475905418396,-0.38728493452072144,3.6467702388763428,-0.0877399742603302,-0.11583954095840454,3.6751558780670166,0.023151732981204987,0.1232360303401947,3.633017063140869,0.04533007740974426,0.17105114459991455,3.624589204788208,0.08968676626682281,0.26668137311935425,3.607733726501465,0.02289591357111931,0.2317844033241272,3.572051525115967,-0.3331773281097412,-0.3887399435043335,3.4699807167053223,-0.4504728615283966,-0.38961559534072876,3.363585948944092,-0.6230809092521667,-0.17641523480415344,3.4059438705444336,-0.45374995470046997,-0.027720600366592407,3.2629518508911133,-0.41988375782966614,0.0020183268934488297,3.234353542327881,-0.35215136408805847,0.06149618327617645,3.177156686782837,-0.3541742265224457,0.04691445082426071,3.259225606918335,-0.19946733117103577,0.18786849081516266,3.549302101135254,-0.22242875397205353,0.6649022102355957,3.5105879306793213,-0.299960196018219,1.082505702972412,3.5421862602233887,-0.23791822791099548,1.2092796564102173,3.4541919231414795,-0.3557821214199066,0.18630485236644745,3.4129486083984375,-0.33535686135292053,0.6623932719230652,3.463046073913574,-0.3582051694393158,1.0780093669891357,3.5532867908477783,-0.27951231598854065,1.2066757678985596,3.483170986175537,-0.24561667442321777,-0.5273793339729309,3.4492154121398926,-0.2437790185213089,-0.575165331363678,3.4476001262664795,-0.2421899437904358,-0.6100941896438599,3.490557909011841,-0.2615145742893219,-0.5923159718513489,3.5946264266967773,-0.28600841760635376,-0.6105251312255859,3.4534549713134766,-0.3856669068336487,-0.5935368537902832,3.489501714706421,-0.3464846611022949,1.1794488430023193,3.5820505619049072,-0.39205223321914673,1.1736592054367065,3.606739044189453
-0.2742552161216736,0.1828155219554901,3.5047500133514404,-0.28112661838531494,-0.008642226457595825,3.5119118690490723,-0.2887175679206848,-0.20009133219718933,3.518559455871582,-0.2963087558746338,-0.39154618978500366,3.525207281112671,-0.2557815909385681,-0.39304471015930176,3.5583760738372803,-0.1331387460231781,-0.3944295346736908,3.6585400104522705,-0.07160935550928116,-0.1273563802242279,3.7021708488464355,0.037632107734680176,0.1151287853717804,3.680391311645508,0.05948039889335632,0.1636258214712143,3.6760354042053223,0.10317698121070862,0.2606198787689209,3.667323589324951,0.034800540655851364,0.2294507622718811,3.6312270164489746,-0.3369184136390686,-0.39212852716445923,3.4921107292175293,-0.4595612585544586,-0.3907437026500702,3.391946792602539,-0.6323271989822388,-0.18081791698932648,3.4476306438446045,-0.4670569598674774,-0.03288283944129944,3.2992794513702393,-0.43400290608406067,-0.0032958220690488815,3.269609212875366,-0.36789482831954956,0.05587821453809738,3.21026873588562,-0.3667892813682556,0.040540531277656555,3.292203664779663,-0.1928161084651947,0.1822950392961502,3.568971872329712,-0.22247225046157837,0.6578329801559448,3.518908739089966,-0.30209243297576904,1.075494408607483,3.5427913665771484,-0.2456662654876709,1.2002030611038208,3.4483463764190674,-0.35569432377815247,0.18333600461483002,3.440528154373169,-0.33833497762680054,0.6604368090629578,3.480473279953003,-0.35975706577301025,1.0779560804367065,3.5615265369415283,-0.2855074405670166,1.2052991390228271,3.484541416168213,-0.2529204785823822,-0.5321231484413147,3.465512275695801,-0.25197240710258484,-0.5800264477729797,3.4634225368499756,-0.24865153431892395,-0.6154297590255737,3.5060555934906006,-0.2620748281478882,-0.5982042551040649,3.611392021179199,-0.2945099472999573,-0.6148208379745483,3.471290349960327,-0.3920069932937622,-0.596479058265686,3.512890338897705,-0.3474412262439728,1.1731454133987427,3.5822339057922363,-0.3916476368904114,1.1746814250946045,3.614206075668335
-0.27045440673828125,0.1785491406917572,3.515937566757202,-0.27914056181907654,-0.012849897146224976,3.521928548812866,-0.28869304060935974,-0.2042255699634552,3.5273165702819824,-0.2982458174228668,-0.39560699462890625,3.5327048301696777,-0.2563670575618744,-0.39785706996917725,3.564093589782715,-0.12959106266498566,-0.4015156030654907,3.658907890319824,-0.05722065269947052,-0.14034533500671387,3.718487024307251,0.05254596471786499,0.10283996164798737,3.7190511226654053,0.07449928671121597,0.15147702395915985,3.7191638946533203,0.11840593814849854,0.24875113368034363,3.7193894386291504,0.048737090080976486,0.2217368483543396,3.6824512481689453,-0.3402283787727356,-0.39543700218200684,3.5013747215270996,-0.46700435876846313,-0.39177846908569336,3.4065604209899902,-0.6357249021530151,-0.181478351354599,3.472167730331421,-0.4739472568035126,-0.03978969156742096,3.314242362976074,-0.441591739654541,-0.011451959609985352,3.2826573848724365,-0.3768806755542755,0.045223504304885864,3.219487190246582,-0.37226182222366333,0.030830442905426025,3.301459550857544,-0.186523899435997,0.17664620280265808,3.576831579208374,-0.2229064553976059,0.6510069370269775,3.520681142807007,-0.30511799454689026,1.0683449506759644,3.5406644344329834,-0.2536868453025818,1.1918290853500366,3.441875696182251,-0.3543848991394043,0.18045207858085632,3.4550435543060303,-0.3391692638397217,0.658347487449646,3.484693765640259,-0.3599848449230194,1.077437162399292,3.557217597961426,-0.2895675003528595,1.2034015655517578,3.4745917320251465,-0.2594624161720276,-0.5363799333572388,3.46968674659729,-0.2592701315879822,-0.5843484401702881,3.4671003818511963,-0.2545187175273895,-0.6202795505523682,3.509274959564209,-0.26297199726104736,-0.6039080023765564,3.6154446601867676,-0.30195897817611694,-0.6187059283256531,3.4765634536743164,-0.3973861336708069,-0.5994493961334229,3.5227620601654053,-0.3496655523777008,1.1662962436676025,3.5802550315856934,-0.3903958201408386,1.1751456260681152,3.608934164047241
-0.2680414021015167,0.17464599013328552,3.5253217220306396,-0.2785494327545166,-0.016661643981933594,3.530766487121582,-0.290042906999588,-0.20793014764785767,3.5355565547943115,-0.3015367388725281,-0.3992043733596802,3.54034686088562,-0.25861626863479614,-0.40207886695861816,3.5702340602874756,-0.1286422610282898,-0.40762773156166077,3.6605300903320312,-0.04633927345275879,-0.15308445692062378,3.7341012954711914,0.06505899131298065,0.08836278319358826,3.755662441253662,0.0873386412858963,0.13665223121643066,3.759974718093872,0.1318979561328888,0.23323112726211548,3.768599271774292,0.06123621389269829,0.2102501094341278,3.730848550796509,-0.34458211064338684,-0.39840877056121826,3.510511636734009,-0.4745561182498932,-0.39285990595817566,3.420215606689453,-0.6345394253730774,-0.177178293466568,3.489969253540039,-0.47616046667099,-0.04946359992027283,3.317411184310913,-0.444484680891037,-0.023920658975839615,3.2828996181488037,-0.3811330795288086,0.02716522291302681,3.213876485824585,-0.3725523352622986,0.01607401669025421,3.296032667160034,-0.1821986734867096,0.17158475518226624,3.5834336280822754,-0.22380900382995605,0.6450580358505249,3.5239198207855225,-0.30810803174972534,1.0620085000991821,3.542360305786133,-0.26085686683654785,1.184762716293335,3.4406447410583496,-0.35388413071632385,0.1777072250843048,3.467209815979004,-0.340456485748291,0.6561411619186401,3.48647141456604,-0.36140990257263184,1.076474905014038,3.551082134246826,-0.29444682598114014,1.201074481010437,3.4636850357055664,-0.26661667227745056,-0.540273904800415,3.4752392768859863,-0.267048716545105,-0.5882919430732727,3.472435474395752,-0.2611285448074341,-0.6245197653770447,3.5143039226531982,-0.2654740810394287,-0.6085406541824341,3.6209237575531006,-0.3097900152206421,-0.6222739219665527,3.4833383560180664,-0.4033482074737549,-0.6021773219108582,3.5331883430480957,-0.35195809602737427,1.1600738763809204,3.5824122428894043,-0.3907153904438019,1.1750530004501343,3.6017513275146484
-0.2664986252784729,0.17226359248161316,3.5276260375976562,-0.2787638008594513,-0.0189378559589386,3.5326757431030273,-0.292091965675354,-0.21008451282978058,3.5370609760284424,-0.30542054772377014,-0.401236891746521,3.5414462089538574,-0.2616456151008606,-0.4046785831451416,3.5699985027313232,-0.1290462613105774,-0.4119451940059662,3.6562719345092773,-0.03866906464099884,-0.16349856555461884,3.740373134613037,0.07428255677223206,0.07508204877376556,3.7788612842559814,0.09687288105487823,0.12279817461967468,3.7865588665008545,0.1420535296201706,0.21823042631149292,3.8019542694091797,0.0705285370349884,0.19856731593608856,3.763970375061035,-0.3493403196334839,-0.3998728096485138,3.512941598892212,-0.4819396734237671,-0.3926061987876892,3.426668167114258,-0.630223274230957,-0.16941463947296143,3.4985311031341553,-0.47337669134140015,-0.0582156777381897,3.3136146068573,-0.4420073926448822,-0.03597588837146759,3.2766313552856445,-0.3792687654495239,0.008503694087266922,3.202664852142334,-0.3674760162830353,0.00041262805461883545,3.284766435623169,-0.17909476161003113,0.16812700033187866,3.5832936763763428,-0.2243729829788208,0.64103102684021,3.52359938621521,-0.31002411246299744,1.0574488639831543,3.5435290336608887,-0.26633164286613464,1.1801254749298096,3.440258264541626,-0.3539024889469147,0.17640018463134766,3.4719583988189697,-0.34155702590942383,0.6549296379089355,3.482393741607666,-0.3627166152000427,1.0759315490722656,3.5411031246185303,-0.29888299107551575,1.1994091272354126,3.4499878883361816,-0.274435818195343,-0.5426840782165527,3.474729299545288,-0.2755553424358368,-0.5907405018806458,3.471808671951294,-0.26865455508232117,-0.6272110939025879,3.513401985168457,-0.2691788077354431,-0.6114946007728577,3.6202759742736816,-0.31836679577827454,-0.624271035194397,3.484081268310547,-0.41003015637397766,-0.6031643748283386,3.537200450897217,-0.35313865542411804,1.155362606048584,3.5845956802368164,-0.3910476863384247,1.1751062870025635,3.5910446643829346
-0.26545649766921997,0.17195966839790344,3.5234456062316895,-0.2793474495410919,-0.019137278199195862,3.527743101119995,-0.2943767309188843,-0.21016192436218262,3.5313735008239746,-0.30940645933151245,-0.401192307472229,3.535003900527954,-0.2648797929286957,-0.4052220284938812,3.5622828006744385,-0.12996961176395416,-0.4142696261405945,3.6447231769561768,-0.03447723388671875,-0.16986718773841858,3.73473858833313,0.07906714826822281,0.06649549305438995,3.783613681793213,0.10177602618932724,0.11376802623271942,3.793388605117798,0.1471937894821167,0.20831310749053955,3.812938690185547,0.07483349740505219,0.19059136509895325,3.775602102279663,-0.3540964424610138,-0.39923882484436035,3.5077645778656006,-0.4890066385269165,-0.3901912271976471,3.4253242015838623,-0.6250895261764526,-0.16100874543190002,3.502206802368164,-0.46991926431655884,-0.061480164527893066,3.3094253540039062,-0.4388852119445801,-0.041574448347091675,3.270869016647339,-0.37681710720062256,-0.0017630122601985931,3.193756341934204,-0.3622835874557495,-0.00909373164176941,3.275482416152954,-0.17668507993221283,0.16670703887939453,3.5768136978149414,-0.2245764583349228,0.6393285989761353,3.5199174880981445,-0.3102370500564575,1.055258870124817,3.5428311824798584,-0.26945942640304565,1.178098440170288,3.4387691020965576,-0.3542279005050659,0.17721229791641235,3.4700775146484375,-0.3420797288417816,0.6554741859436035,3.4745354652404785,-0.3629971742630005,1.0765633583068848,3.5302774906158447,-0.30201253294944763,1.1993732452392578,3.4365763664245605,-0.28231677412986755,-0.5427758693695068,3.466526985168457,-0.28411203622817993,-0.5908467769622803,3.463402032852173,-0.276274710893631,-0.6276565194129944,3.5046029090881348,-0.2730812132358551,-0.6124955415725708,3.611618757247925,-0.3269381523132324,-0.6239654421806335,3.4769287109375,-0.4166276156902313,-0.6020375490188599,3.5332083702087402,-0.3523831367492676,1.1529557704925537,3.5851564407348633,-0.39029785990715027,1.1759897470474243,3.580091714859009
-0.2649933099746704,0.17267292737960815,3.5177860260009766,-0.28022995591163635,-0.018330231308937073,3.5212693214416504,-0.29670676589012146,-0.2092418074607849,3.524060010910034,-0.31318408250808716,-0.4001590609550476,3.526850700378418,-0.26797565817832947,-0.40472567081451416,3.552891492843628,-0.13097412884235382,-0.41539910435676575,3.6316044330596924,-0.03251498192548752,-0.1730816811323166,3.7239904403686523,0.08101824671030045,0.06214158236980438,3.778047561645508,0.1037248894572258,0.10918623208999634,3.7888588905334473,0.1491381824016571,0.20327553153038025,3.8104817867279053,0.0760171115398407,0.18640388548374176,3.774258852005005,-0.3585715889930725,-0.3976675868034363,3.500840425491333,-0.49557310342788696,-0.3869941532611847,3.4221274852752686,-0.6198363304138184,-0.15332572162151337,3.505222797393799,-0.4672861695289612,-0.06338512152433395,3.3057708740234375,-0.43677613139152527,-0.04539700224995613,3.265880584716797,-0.37575605511665344,-0.009420763701200485,3.1860997676849365,-0.3585498034954071,-0.01672520861029625,3.267303466796875,-0.17495393753051758,0.16642220318317413,3.568882703781128,-0.224355086684227,0.6387760639190674,3.5150368213653564,-0.30864933133125305,1.0544356107711792,3.540170192718506,-0.2702999413013458,1.177124261856079,3.435267448425293,-0.35503268241882324,0.17892365157604218,3.466689348220825,-0.3434104323387146,0.6567552089691162,3.4668562412261963,-0.36373186111450195,1.077772617340088,3.5201616287231445,-0.30553343892097473,1.199925422668457,3.4241437911987305,-0.2897191345691681,-0.5417084693908691,3.456693172454834,-0.29210782051086426,-0.5897771120071411,3.4533531665802,-0.28333693742752075,-0.6269383430480957,3.494107246398926,-0.2765849828720093,-0.6124378442764282,3.60113525390625,-0.33485379815101624,-0.6225684285163879,3.468060255050659,-0.42254942655563354,-0.6000564098358154,3.5273349285125732,-0.34953054785728455,1.1520925760269165,3.5835156440734863,-0.3899051547050476,1.177394151687622,3.5699360370635986
-0.2636406719684601,0.17390099167823792,3.5105555057525635,-0.28002193570137024,-0.01701679825782776,3.5132083892822266,-0.29769760370254517,-0.20782741904258728,3.5151755809783936,-0.31537380814552307,-0.3986437916755676,3.5171427726745605,-0.26957395672798157,-0.40367576479911804,3.542036771774292,-0.13076116144657135,-0.41575878858566284,3.6172964572906494,-0.03243974596261978,-0.17266567051410675,3.707742691040039,0.07940664887428284,0.06358136236667633,3.7607977390289307,0.10177592933177948,0.11083076894283295,3.771408796310425,0.14651449024677277,0.20532959699630737,3.792630910873413,0.07278397679328918,0.1877899020910263,3.7580020427703857,-0.36136579513549805,-0.39568570256233215,3.4922702312469482,-0.5001785755157471,-0.38360267877578735,3.417010545730591,-0.6125572919845581,-0.14626210927963257,3.506354808807373,-0.46433907747268677,-0.06348202377557755,3.3006463050842285,-0.43469542264938354,-0.04692600667476654,3.259504556655884,-0.3754081428050995,-0.013813968747854233,3.1772210597991943,-0.35532212257385254,-0.021634995937347412,3.257709503173828,-0.17251072824001312,0.1667628139257431,3.559568166732788,-0.22309692203998566,0.6388275623321533,3.5097622871398926,-0.3057483732700348,1.0541160106658936,3.5373549461364746,-0.2694874107837677,1.1767288446426392,3.4319510459899902,-0.35477060079574585,0.18103916943073273,3.461542844772339,-0.34317415952682495,0.6582641005516052,3.458974838256836,-0.36202096939086914,1.0790760517120361,3.5101521015167236,-0.30612730979919434,1.2004648447036743,3.4121756553649902,-0.2948887348175049,-0.5398924946784973,3.445354700088501,-0.29770323634147644,-0.5879339575767517,3.4417543411254883,-0.288025826215744,-0.6254501342773438,3.4819982051849365,-0.27811959385871887,-0.6117441654205322,3.588918447494507,-0.34024956822395325,-0.6205514669418335,3.4574575424194336,-0.4260869026184082,-0.5978646874427795,3.5193862915039062,-0.3453858494758606,1.151674509048462,3.5816872119903564,-0.38693445920944214,1.1788837909698486,3.5598700046539307
-0.2617635726928711,0.1746898591518402,3.5026562213897705,-0.2797771990299225,-0.016065284609794617,3.504422187805176,-0.2991281747817993,-0.20669421553611755,3.5055553913116455,-0.3184797167778015,-0.39732885360717773,3.5066888332366943,-0.2713002860546112,-0.4030340909957886,3.528676748275757,-0.12828606367111206,-0.4171563684940338,3.5951616764068604,-0.03713812679052353,-0.16917434334754944,3.6796181201934814,0.06312152743339539,0.07225392758846283,3.732457399368286,0.08317346125841141,0.1205395832657814,3.743025302886963,0.12327732145786285,0.21711090207099915,3.7641611099243164,0.04922008514404297,0.19588637351989746,3.732419967651367,-0.36586952209472656,-0.393695592880249,3.484713077545166,-0.5088837146759033,-0.3795733153820038,3.4182281494140625,-0.5973135828971863,-0.13416433334350586,3.5125174522399902,-0.46694162487983704,-0.06752894818782806,3.289594888687134,-0.44086724519729614,-0.054201871156692505,3.2450103759765625,-0.38871845602989197,-0.027547715231776237,3.15584135055542,-0.3607085049152374,-0.03429466485977173,3.234022855758667,-0.16802197694778442,0.16624099016189575,3.546236753463745,-0.22077423334121704,0.6370025873184204,3.5029077529907227,-0.29814761877059937,1.0517020225524902,3.53161883354187,-0.26700976490974426,1.1727619171142578,3.4237306118011475,-0.35550516843795776,0.18313872814178467,3.459075689315796,-0.3419407308101654,0.658541202545166,3.4498472213745117,-0.35501551628112793,1.078735113143921,3.4951531887054443,-0.3045443296432495,1.1977529525756836,3.3924286365509033,-0.30345335602760315,-0.5381906032562256,3.432683229446411,-0.3068014085292816,-0.5862038135528564,3.42891001701355,-0.2948553264141083,-0.624104917049408,3.46820330619812,-0.2781603932380676,-0.6112870573997498,3.574430465698242,-0.3485052287578583,-0.6186991930007935,3.4470207691192627,-0.4301684498786926,-0.595970869064331,3.514413595199585,-0.33431804180145264,1.1495819091796875,3.5771520137786865,-0.3761975169181824,1.1791270971298218,3.544496774673462
-0.26272308826446533,0.1751536726951599,3.509674310684204,-0.2810755968093872,-0.01556958258152008,3.5108044147491455,-0.300698846578598,-0.20616890490055084,3.5113260746002197,-0.3203226923942566,-0.39677393436431885,3.511847734451294,-0.27281829714775085,-0.4026535153388977,3.533074140548706,-0.1288178712129593,-0.4173034727573395,3.5972650051116943,-0.04734303802251816,-0.164515882730484,3.6771795749664307,0.04255349934101105,0.08152121305465698,3.727247714996338,0.06053280830383301,0.13072863221168518,3.7372612953186035,0.09649142622947693,0.22914347052574158,3.757288694381714,0.023274943232536316,0.20441704988479614,3.726151704788208,-0.36804038286209106,-0.39296603202819824,3.4906270503997803,-0.5120407938957214,-0.37831607460975647,3.426436185836792,-0.5908078551292419,-0.12946434319019318,3.5202157497406006,-0.4691302180290222,-0.06673024594783783,3.2913458347320557,-0.4447946846485138,-0.05418342351913452,3.2455718517303467,-0.39612361788749695,-0.029089782387018204,3.1540238857269287,-0.3648604154586792,-0.03578231483697891,3.230961322784424,-0.1684177964925766,0.16632956266403198,3.5519461631774902,-0.2188229262828827,0.637120246887207,3.512070655822754,-0.29126787185668945,1.0523048639297485,3.5396974086761475,-0.26018786430358887,1.1723785400390625,3.430973768234253,-0.35702836513519287,0.18397778272628784,3.467402458190918,-0.3397790193557739,0.6586686372756958,3.4553322792053223,-0.348022997379303,1.0789127349853516,3.4967665672302246,-0.2979681193828583,1.1963181495666504,3.392292022705078,-0.3064713478088379,-0.5373222827911377,3.436950922012329,-0.30985647439956665,-0.5853301882743835,3.433018922805786,-0.2972215414047241,-0.6234070658683777,3.4719414710998535,-0.27873051166534424,-0.6110516786575317,3.577948570251465,-0.3512372672557831,-0.617939829826355,3.4516921043395996,-0.4317750930786133,-0.5955612063407898,3.520575761795044,-0.32577618956565857,1.1506751775741577,3.5851476192474365,-0.36745595932006836,1.179858922958374,3.545402765274048
-0.2653474807739258,0.17645597457885742,3.511202812194824,-0.2837182879447937,-0.01425972580909729,3.512026071548462,-0.30314621329307556,-0.20487214624881744,3.512342691421509,-0.3225747048854828,-0.39549025893211365,3.5126593112945557,-0.27477753162384033,-0.4013744592666626,3.5332114696502686,-0.12989673018455505,-0.41603803634643555,3.5953657627105713,-0.05636142939329147,-0.15937763452529907,3.670443534851074,0.025025732815265656,0.0902511477470398,3.717104434967041,0.04130316525697708,0.1401769071817398,3.7264366149902344,0.07385803014039993,0.24002842605113983,3.745100975036621,0.0013803131878376007,0.2123578041791916,3.714733123779297,-0.37058305740356445,-0.3916778564453125,3.49211049079895,-0.5154638290405273,-0.37701427936553955,3.4299561977386475,-0.5869045257568359,-0.1253243088722229,3.521972894668579,-0.4719235301017761,-0.06814755499362946,3.2882511615753174,-0.4489273130893707,-0.05671220272779465,3.241506814956665,-0.4029349088668823,-0.03384149819612503,3.1480181217193604,-0.36924225091934204,-0.0398658849298954,3.2239747047424316,-0.17052297294139862,0.16749918460845947,3.5522685050964355,-0.21762976050376892,0.638457715511322,3.514852285385132,-0.28468698263168335,1.054308295249939,3.540968418121338,-0.2534559369087219,1.1733072996139526,3.4313066005706787,-0.36017197370529175,0.18541276454925537,3.470137119293213,-0.3378834128379822,0.6594778299331665,3.4564831256866455,-0.34083783626556396,1.0795972347259521,3.4964993000030518,-0.29088035225868225,1.1959810256958008,3.3910436630249023,-0.308849573135376,-0.5360333919525146,3.4376862049102783,-0.3120145797729492,-0.5840684771537781,3.433828115463257,-0.2986927926540375,-0.6220498085021973,3.4726247787475586,-0.2789797782897949,-0.6095101833343506,3.578403949737549,-0.35298752784729004,-0.6168984174728394,3.453028440475464,-0.43281489610671997,-0.5949144959449768,3.522881031036377,-0.31744974851608276,1.1532588005065918,3.5862276554107666,-0.3584751486778259,1.180842399597168,3.544989824295044
-0.269584596157074,0.1770036220550537,3.5243141651153564,-0.2877143621444702,-0.013735592365264893,3.5249850749969482,-0.3067317008972168,-0.20438937842845917,3.525222063064575,-0.32574960589408875,-0.3950488865375519,3.525459051132202,-0.27768582105636597,-0.40086477994918823,3.5453996658325195,-0.13201075792312622,-0.41532063484191895,3.605703353881836,-0.06394150108098984,-0.15598872303962708,3.6765830516815186,0.011436931788921356,0.096037358045578,3.7202744483947754,0.026512619107961655,0.14644257724285126,3.7290127277374268,0.05666399374604225,0.24725301563739777,3.7464892864227295,-0.015299472957849503,0.21747450530529022,3.7169148921966553,-0.3740200996398926,-0.39130520820617676,3.505521059036255,-0.5196951627731323,-0.37684935331344604,3.4452173709869385,-0.5852640867233276,-0.12280946969985962,3.5350778102874756,-0.4758701026439667,-0.07164566218852997,3.2973315715789795,-0.4539912939071655,-0.06141290068626404,3.2497823238372803,-0.4102337062358856,-0.04094737395644188,3.154683828353882,-0.37458154559135437,-0.04608284682035446,3.229801654815674,-0.1742904782295227,0.16808652877807617,3.5642871856689453,-0.21739643812179565,0.6394867300987244,3.528632879257202,-0.27873000502586365,1.0562641620635986,3.5528645515441895,-0.24711540341377258,1.1741559505462646,3.442162036895752,-0.36487871408462524,0.18592071533203125,3.4843411445617676,-0.3373817503452301,0.6595950126647949,3.469370126724243,-0.33505740761756897,1.0797480344772339,3.5083372592926025,-0.2849971055984497,1.1952751874923706,3.402033805847168,-0.31170961260795593,-0.5358140468597412,3.4509315490722656,-0.31456223130226135,-0.5838907957077026,3.447300672531128,-0.3005990982055664,-0.6216158270835876,3.4861292839050293,-0.27998077869415283,-0.6084909439086914,3.591674566268921,-0.3551168143749237,-0.6169381737709045,3.4670238494873047,-0.43444764614105225,-0.5952375531196594,3.5375425815582275,-0.3097127377986908,1.1558927297592163,3.5978426933288574,-0.3509694039821625,1.1812900304794312,3.556760787963867
-0.27523478865623474,0.17626363039016724,3.5524840354919434,-0.2929438650608063,-0.014505535364151001,3.5530436038970947,-0.31140878796577454,-0.20520378649234772,3.5532188415527344,-0.32987427711486816,-0.39590775966644287,3.553394079208374,-0.2815742790699005,-0.401612788438797,3.5727813243865967,-0.13518677651882172,-0.41573330760002136,3.6314151287078857,-0.07069434970617294,-0.15467357635498047,3.699187755584717,0.0005626380443572998,0.09886801242828369,3.740921974182129,0.014814036898314953,0.149576336145401,3.7492687702178955,0.043316833674907684,0.2509929835796356,3.7659623622894287,-0.02831917814910412,0.21979349851608276,3.737074851989746,-0.37837496399879456,-0.3922754228115082,3.5340089797973633,-0.5247624516487122,-0.3781549036502838,3.475375175476074,-0.585898756980896,-0.12228569388389587,3.563112735748291,-0.48098188638687134,-0.07634259760379791,3.3223135471343994,-0.4599985182285309,-0.06715397536754608,3.274153709411621,-0.4180317521095276,-0.04877673462033272,3.1778340339660645,-0.38086384534835815,-0.053078602999448776,3.252262830734253,-0.17951427400112152,0.16749224066734314,3.591459274291992,-0.2183251976966858,0.639182984828949,3.55708909034729,-0.273850679397583,1.0567394495010376,3.5790743827819824,-0.2417481541633606,1.1734167337417603,3.4673218727111816,-0.37095528841018677,0.18503502011299133,3.5135087966918945,-0.33868277072906494,0.6581847667694092,3.4971518516540527,-0.33130398392677307,1.0782724618911743,3.534457206726074,-0.2811035215854645,1.1927951574325562,3.427232027053833,-0.3153383731842041,-0.5371291637420654,3.4796528816223145,-0.3178616166114807,-0.5852733850479126,3.476358413696289,-0.30332043766975403,-0.6226548552513123,3.515347957611084,-0.28199973702430725,-0.6086705923080444,3.6207001209259033,-0.358040988445282,-0.6185049414634705,3.4966139793395996,-0.4370412826538086,-0.5969126224517822,3.5676205158233643,-0.30306002497673035,1.1570324897766113,3.6236536502838135,-0.3455778658390045,1.180127501487732,3.5826339721679688
-0.27885520458221436,0.17590466141700745,3.558544397354126,-0.2960837781429291,-0.014898836612701416,3.5593411922454834,-0.31398436427116394,-0.20564158260822296,3.559803009033203,-0.3318854868412018,-0.39639002084732056,3.560264825820923,-0.28339144587516785,-0.4019409418106079,3.5792007446289062,-0.13642090559005737,-0.41559499502182007,3.6364667415618896,-0.07454192638397217,-0.15318620204925537,3.701416254043579,-0.006422609090805054,0.10148397088050842,3.741499185562134,0.007201255299150944,0.15241801738739014,3.7495157718658447,0.03444898501038551,0.25428611040115356,3.7655489444732666,-0.03693334013223648,0.22199580073356628,3.7372357845306396,-0.380574107170105,-0.3929123282432556,3.5413341522216797,-0.5275446176528931,-0.37925827503204346,3.4840681552886963,-0.5859662294387817,-0.12238618731498718,3.570725440979004,-0.4833868741989136,-0.07712380588054657,3.3287904262542725,-0.4628710150718689,-0.06807132810354233,3.2804033756256104,-0.42183926701545715,-0.049966372549533844,3.183629274368286,-0.38390734791755676,-0.054378852248191833,3.2576661109924316,-0.18278315663337708,0.16738919913768768,3.596705675125122,-0.2185438871383667,0.6393287181854248,3.5636377334594727,-0.2698225677013397,1.0574309825897217,3.5840632915496826,-0.2374458611011505,1.1732462644577026,3.471539258956909,-0.37492725253105164,0.1844201236963272,3.52038311958313,-0.33839887380599976,0.6571086645126343,3.502204418182373,-0.32695719599723816,1.0771249532699585,3.5384199619293213,-0.27662181854248047,1.1909191608428955,3.430529832839966,-0.31660786271095276,-0.5382403135299683,3.4877066612243652,-0.3187902271747589,-0.586455225944519,3.4848577976226807,-0.30380186438560486,-0.6233922839164734,3.5241429805755615,-0.2821318507194519,-0.608286440372467,3.6293280124664307,-0.35865870118141174,-0.6198133826255798,3.5055956840515137,-0.4375595450401306,-0.5981462001800537,3.576777458190918,-0.2977077066898346,1.1581933498382568,3.6283798217773438,-0.339921772480011,1.179198980331421,3.5864553451538086
-0.2814559042453766,0.17624899744987488,3.554311513900757,-0.29800987243652344,-0.014606162905693054,3.555293321609497,-0.31513649225234985,-0.20541200041770935,3.5560038089752197,-0.33226364850997925,-0.3962235450744629,3.5567142963409424,-0.283611923456192,-0.40156662464141846,3.575296640396118,-0.13617181777954102,-0.41459155082702637,3.6314916610717773,-0.07656778395175934,-0.15110421180725098,3.694202423095703,-0.011315621435642242,0.10444247722625732,3.733527183532715,0.0017348118126392365,0.15555182099342346,3.741392135620117,0.027835678309202194,0.25777047872543335,3.757122039794922,-0.04327104240655899,0.22457943856716156,3.7291512489318848,-0.38110148906707764,-0.39295434951782227,3.538139581680298,-0.5285415649414062,-0.37992942333221436,3.4819445610046387,-0.5851646065711975,-0.12279820442199707,3.5690550804138184,-0.48127326369285583,-0.07551826536655426,3.3280580043792725,-0.4604949951171875,-0.06606227904558182,3.2798585891723633,-0.41893845796585083,-0.047150302678346634,3.183459758758545,-0.3813578486442566,-0.05254773423075676,3.257613182067871,-0.18507075309753418,0.168081596493721,3.5917563438415527,-0.2186848521232605,0.6402141451835632,3.5608811378479004,-0.2669084668159485,1.0585801601409912,3.581280469894409,-0.2344922572374344,1.1740472316741943,3.4684677124023438,-0.377841055393219,0.18441639840602875,3.516866683959961,-0.3386746644973755,0.6567822694778442,3.498732566833496,-0.3247757852077484,1.0765489339828491,3.5358076095581055,-0.2746257185935974,1.190299391746521,3.427844762802124,-0.3156436085700989,-0.538493275642395,3.4850857257843018,-0.31735894083976746,-0.5867719650268555,3.482569456100464,-0.3019770085811615,-0.6233092546463013,3.5221190452575684,-0.28037387132644653,-0.6072589159011841,3.6272387504577637,-0.35690832138061523,-0.6203912496566772,3.503577470779419,-0.4360125660896301,-0.5989910960197449,3.57470440864563,-0.2937884032726288,1.1595464944839478,3.6256844997406006,-0.3368595242500305,1.1785542964935303,3.584153652191162
-0.28322508931159973,0.17671626806259155,3.5472426414489746,-0.2990529239177704,-0.014193207025527954,3.5484566688537598,-0.31539303064346313,-0.2050609588623047,3.5494227409362793,-0.3317336142063141,-0.39593440294265747,3.550388813018799,-0.28294989466667175,-0.40106311440467834,3.568678617477417,-0.13511912524700165,-0.4134388864040375,3.62398624420166,-0.07743048667907715,-0.1489850878715515,3.6844398975372314,-0.014621160924434662,0.10731792449951172,3.722900152206421,-0.0020592957735061646,0.1585785299539566,3.7305922508239746,0.02306443452835083,0.2610997259616852,3.745976209640503,-0.0477931909263134,0.22712287306785583,3.718306064605713,-0.3806949257850647,-0.39288029074668884,3.532109498977661,-0.528525710105896,-0.3805045187473297,3.476801872253418,-0.5854877233505249,-0.12466251850128174,3.5674586296081543,-0.47668665647506714,-0.07031607627868652,3.3301312923431396,-0.45492643117904663,-0.0594467893242836,3.282665729522705,-0.411406010389328,-0.037708211690187454,3.187734842300415,-0.37534284591674805,-0.04535792022943497,3.262446403503418,-0.18659374117851257,0.16893939673900604,3.584136486053467,-0.21872159838676453,0.6409914493560791,3.554176092147827,-0.26468369364738464,1.0594388246536255,3.5736632347106934,-0.23228120803833008,1.1743723154067993,3.4604249000549316,-0.3798564374446869,0.18449313938617706,3.5103487968444824,-0.33839818835258484,0.6564110517501831,3.4919745922088623,-0.3225449025630951,1.0758190155029297,3.5298705101013184,-0.27249228954315186,1.1895357370376587,3.421954870223999,-0.31365126371383667,-0.5383265018463135,3.4791975021362305,-0.31488728523254395,-0.5866494178771973,3.476835012435913,-0.29916247725486755,-0.622921347618103,3.5165293216705322,-0.2777770161628723,-0.6063117980957031,3.621657371520996,-0.35413286089897156,-0.6206063032150269,3.497936725616455,-0.4335264563560486,-0.5997525453567505,3.5689780712127686,-0.29080522060394287,1.1606101989746094,3.6179051399230957,-0.3339446783065796,1.1777161359786987,3.578474283218384
-0.28405267000198364,0.17798513174057007,3.5351874828338623,-0.299062579870224,-0.01298794150352478,3.535993814468384,-0.3145258128643036,-0.20392563939094543,3.536580801010132,-0.329989492893219,-0.39486902952194214,3.53716778755188,-0.2811170518398285,-0.3998158574104309,3.5552661418914795,-0.13303790986537933,-0.41163989901542664,3.609998941421509,-0.07838451117277145,-0.14622822403907776,3.669158935546875,-0.01910443603992462,0.11090001463890076,3.7078535556793213,-0.00724842119961977,0.1623256653547287,3.715592384338379,0.01646360754966736,0.2651769518852234,3.7310702800750732,-0.053943485021591187,0.23024681210517883,3.703418016433716,-0.3790300488471985,-0.3919975757598877,3.519075632095337,-0.5271092057228088,-0.38017353415489197,3.4643428325653076,-0.5868226885795593,-0.12729743123054504,3.5613903999328613,-0.4723140001296997,-0.06204046308994293,3.329537868499756,-0.4494122564792633,-0.04898906871676445,3.2831673622131348,-0.4036087989807129,-0.022886281833052635,3.1904263496398926,-0.36943256855010986,-0.033537328243255615,3.265662431716919,-0.18726342916488647,0.17053210735321045,3.5717360973358154,-0.21861915290355682,0.6423689126968384,3.5434072017669678,-0.2630636692047119,1.0606681108474731,3.5625529289245605,-0.23062795400619507,1.1752779483795166,3.449180841445923,-0.3808419108390808,0.1854381561279297,3.498638868331909,-0.3373495042324066,0.6568540334701538,3.4815750122070312,-0.31991809606552124,1.0756680965423584,3.521662712097168,-0.26977503299713135,1.1897001266479492,3.4143171310424805,-0.31048327684402466,-0.5368859171867371,3.4654653072357178,-0.3112976551055908,-0.5852270722389221,3.4629173278808594,-0.2953629791736603,-0.6215261220932007,3.5025336742401123,-0.27439776062965393,-0.6051239371299744,3.6078219413757324,-0.350321888923645,-0.6196123957633972,3.4837920665740967,-0.43011474609375,-0.5997017025947571,3.554720640182495,-0.2886904180049896,1.161897897720337,3.6067254543304443,-0.3308219611644745,1.1772621870040894,3.5708072185516357
-0.2840612530708313,0.17976447939872742,3.5176961421966553,-0.297933429479599,-0.011289313435554504,3.517524003982544,-0.31219351291656494,-0.20231428742408752,3.517157554626465,-0.3264540433883667,-0.3933449983596802,3.5167908668518066,-0.27738574147224426,-0.39808565378189087,3.53440260887146,-0.12895244359970093,-0.4092683494091034,3.5876007080078125,-0.08095702528953552,-0.1407410204410553,3.6377925872802734,-0.02731844037771225,0.11906957626342773,3.665127754211426,-0.016590721905231476,0.17103169858455658,3.6705946922302246,0.004864713177084923,0.2749559283256531,3.6815288066864014,-0.06494340300559998,0.23729979991912842,3.656019449234009,-0.37567731738090515,-0.39068055152893066,3.4991753101348877,-0.5241106152534485,-0.37949785590171814,3.445977210998535,-0.588215708732605,-0.13371850550174713,3.557389736175537,-0.46556106209754944,-0.047308437526226044,3.3369016647338867,-0.4410301446914673,-0.030026424676179886,3.292804002761841,-0.3919682800769806,0.00453760102391243,3.204608678817749,-0.36063438653945923,-0.012333746999502182,3.2799441814422607,-0.1869128942489624,0.17267853021621704,3.5533580780029297,-0.21657642722129822,0.6441713571548462,3.5281693935394287,-0.25736767053604126,1.0623652935028076,3.5453553199768066,-0.22493523359298706,1.1759374141693115,3.4312570095062256,-0.3812096118927002,0.1868504285812378,3.482034206390381,-0.3333519399166107,0.657258152961731,3.4663443565368652,-0.31284841895103455,1.074904441833496,3.5110270977020264,-0.2627541422843933,1.189670443534851,3.404780864715576,-0.3026929497718811,-0.5342403650283813,3.443803548812866,-0.3023817241191864,-0.5826063752174377,3.4407267570495605,-0.28619444370269775,-0.6190095543861389,3.480226516723633,-0.2671152651309967,-0.6032817363739014,3.586089611053467,-0.34096068143844604,-0.6181183457374573,3.460676908493042,-0.4222862720489502,-0.6007566452026367,3.5306990146636963,-0.281775563955307,1.1639058589935303,3.5891168117523193,-0.3227120041847229,1.175864577293396,3.5613367557525635
-0.2844493091106415,0.1805870234966278,3.5045433044433594,-0.297187477350235,-0.010542556643486023,3.5039756298065186,-0.3102930784225464,-0.201646625995636,3.5032131671905518,-0.32339906692504883,-0.39275646209716797,3.502450704574585,-0.27453985810279846,-0.3972233831882477,3.5207016468048096,-0.12694105505943298,-0.407565176486969,3.575768232345581,-0.0830378383398056,-0.1373770833015442,3.620443105697632,-0.03196623921394348,0.12367492914199829,3.639547109603882,-0.021751919761300087,0.17588533461093903,3.6433680057525635,-0.001323280856013298,0.2803061604499817,3.6510095596313477,-0.07049359381198883,0.2411813735961914,3.625986099243164,-0.3724007308483124,-0.3903665840625763,3.484191417694092,-0.5199995040893555,-0.380024790763855,3.4291248321533203,-0.5905494093894958,-0.13947367668151855,3.5477960109710693,-0.4580639600753784,-0.04058206081390381,3.3385367393493652,-0.43156686425209045,-0.02080373838543892,3.296684980392456,-0.3785727024078369,0.01875290647149086,3.2129812240600586,-0.3508185148239136,-0.0018635392189025879,3.2887842655181885,-0.18773727118968964,0.1740318089723587,3.541471004486084,-0.2179417610168457,0.6453038454055786,3.5163090229034424,-0.2589758038520813,1.0633900165557861,3.531327724456787,-0.22504004836082458,1.176480770111084,3.4172821044921875,-0.38116133213043213,0.1871422380208969,3.4676156044006348,-0.3325675129890442,0.657317578792572,3.452899694442749,-0.31324395537376404,1.0745089054107666,3.500684976577759,-0.26177990436553955,1.1900060176849365,3.3959975242614746,-0.29492974281311035,-0.5328047275543213,3.42934250831604,-0.293680876493454,-0.5811607837677002,3.425980806350708,-0.27808305621147156,-0.6175589561462402,3.4657607078552246,-0.26255398988723755,-0.6021993160247803,3.5723116397857666,-0.33225300908088684,-0.6174810528755188,3.444517135620117,-0.416035532951355,-0.6019786596298218,3.5121212005615234,-0.28396573662757874,1.1650551557540894,3.5743491649627686,-0.3239574432373047,1.1750736236572266,3.551509141921997
-0.2854439616203308,0.18144848942756653,3.491499423980713,-0.2971865236759186,-0.009741738438606262,3.4908652305603027,-0.30917108058929443,-0.20091648399829865,3.490103006362915,-0.32115599513053894,-0.39209693670272827,3.4893407821655273,-0.2725626230239868,-0.39626210927963257,3.508354663848877,-0.12606599926948547,-0.40567412972450256,3.565612316131592,-0.08585955202579498,-0.1338459551334381,3.602911949157715,-0.036526355892419815,0.1280595064163208,3.611196994781494,-0.026659715920686722,0.18044060468673706,3.61285400390625,-0.0069264378398656845,0.2852028012275696,3.6161680221557617,-0.07553061842918396,0.24459752440452576,3.5920073986053467,-0.3698796331882477,-0.39000970125198364,3.470318555831909,-0.516376256942749,-0.38059768080711365,3.4130609035491943,-0.5913884043693542,-0.14257419109344482,3.533959150314331,-0.45075076818466187,-0.03893253207206726,3.3325233459472656,-0.42262324690818787,-0.01820419915020466,3.292236328125,-0.3663681745529175,0.023252466693520546,3.2116620540618896,-0.3416464030742645,0.0008701197803020477,3.287996292114258,-0.18926754593849182,0.17541415989398956,3.5298871994018555,-0.21950118243694305,0.6466537117958069,3.505713939666748,-0.26102036237716675,1.0646051168441772,3.521103620529175,-0.22541256248950958,1.1779718399047852,3.407885789871216,-0.3816203773021698,0.1874828189611435,3.4531116485595703,-0.33240458369255066,0.6575601100921631,3.440060615539551,-0.31452375650405884,1.0743210315704346,3.4913907051086426,-0.2615317702293396,1.1906843185424805,3.3884847164154053,-0.2875143885612488,-0.5315276384353638,3.416998863220215,-0.28522568941116333,-0.5798789858818054,3.413611650466919,-0.27028918266296387,-0.616080641746521,3.453878879547119,-0.2586894929409027,-0.6006348729133606,3.5609962940216064,-0.3237335681915283,-0.6169924736022949,3.4307827949523926,-0.4101153016090393,-0.6032183766365051,3.4955568313598633,-0.2867293655872345,1.1661332845687866,3.5639727115631104,-0.32622745633125305,1.1744534969329834,3.5428028106689453
-0.28603798151016235,0.1822226643562317,3.4803943634033203,-0.29674121737480164,-0.009028404951095581,3.4799091815948486,-0.30756381154060364,-0.2002725750207901,3.4793567657470703,-0.3183867335319519,-0.39152246713638306,3.478804349899292,-0.2701513469219208,-0.39535248279571533,3.4987757205963135,-0.12512950599193573,-0.4037325978279114,3.5587563514709473,-0.08901015669107437,-0.13067635893821716,3.5899293422698975,-0.04187488928437233,0.1316542625427246,3.5895087718963623,-0.03244783729314804,0.18412038683891296,3.5894246101379395,-0.013593729585409164,0.2890526354312897,3.5892562866210938,-0.08142226934432983,0.24704168736934662,3.565427780151367,-0.36673974990844727,-0.38977110385894775,3.458827018737793,-0.5117616057395935,-0.3813909888267517,3.398846387863159,-0.5885872840881348,-0.14288003742694855,3.517364025115967,-0.4400254189968109,-0.041660428047180176,3.3205819129943848,-0.41031304001808167,-0.02141650579869747,3.2812254428863525,-0.35088828206062317,0.019071338698267937,3.202512502670288,-0.3290441632270813,-0.0033503472805023193,3.2796716690063477,-0.19057780504226685,0.17677827179431915,3.5206165313720703,-0.2206307202577591,0.648094654083252,3.4979069232940674,-0.26305729150772095,1.0658751726150513,3.5151655673980713,-0.22545559704303741,1.1800121068954468,3.403378963470459,-0.38149815797805786,0.18766705691814423,3.4401721954345703,-0.33199214935302734,0.6577587723731995,3.42917537689209,-0.3161528408527374,1.0741251707077026,3.484189748764038,-0.2613561749458313,1.1914279460906982,3.383319854736328,-0.2793392241001129,-0.5304428339004517,3.407893419265747,-0.2760193943977356,-0.5787869095802307,3.4046409130096436,-0.2619759738445282,-0.6147271394729614,3.445528507232666,-0.2548298239707947,-0.5990298390388489,3.553096294403076,-0.31450310349464417,-0.6166403293609619,3.4203522205352783,-0.4036567211151123,-0.6044505834579468,3.4817636013031006,-0.2897333800792694,1.1670897006988525,3.558180570602417,-0.3291386365890503,1.173812985420227,3.536151170730591
-0.2860862612724304,0.1839503049850464,3.471242666244507,-0.2957923412322998,-0.007354125380516052,3.4710896015167236,-0.30555492639541626,-0.19865566492080688,3.4709055423736572,-0.3153177797794342,-0.38996291160583496,3.470721483230591,-0.26755139231681824,-0.39346322417259216,3.491847038269043,-0.12440882623195648,-0.4008289575576782,3.555086851119995,-0.09339752048254013,-0.12693360447883606,3.5823566913604736,-0.04995081201195717,0.13578709959983826,3.577268362045288,-0.041261471807956696,0.1883312463760376,3.5762507915496826,-0.02388278767466545,0.2934195399284363,3.5742154121398926,-0.09051769971847534,0.2499658614397049,3.5498249530792236,-0.36319029331207275,-0.38854190707206726,3.449594020843506,-0.5063328742980957,-0.3811761736869812,3.3863542079925537,-0.5816276669502258,-0.1394730508327484,3.4987566471099854,-0.42300164699554443,-0.04687441885471344,3.3058862686157227,-0.39127644896507263,-0.028354691341519356,3.2673122882843018,-0.32782602310180664,0.008684763684868813,3.190164089202881,-0.3095572590827942,-0.012734901160001755,3.268463373184204,-0.19155675172805786,0.1791202872991562,3.5136826038360596,-0.22150318324565887,0.650485634803772,3.492238759994507,-0.26541227102279663,1.0679954290390015,3.5118165016174316,-0.2255227416753769,1.1831085681915283,3.4018473625183105,-0.380615770816803,0.18878032267093658,3.428802728652954,-0.33131346106529236,0.6589217185974121,3.419954776763916,-0.3182189464569092,1.0749082565307617,3.4783456325531006,-0.26137053966522217,1.193114161491394,3.379699468612671,-0.27130579948425293,-0.5286343097686768,3.401855945587158,-0.2671446204185486,-0.5769862532615662,3.3988969326019287,-0.2542623281478882,-0.6126469373703003,3.4404914379119873,-0.25178661942481995,-0.5965434312820435,3.548330068588257,-0.3057296574115753,-0.61540287733078,3.4131481647491455,-0.39761075377464294,-0.6043519377708435,3.4708573818206787,-0.2933451533317566,1.1687942743301392,3.5549988746643066,-0.3328035771846771,1.1741684675216675,3.530691385269165
-0.28709089756011963,0.18449300527572632,3.477086067199707,-0.2959285378456116,-0.006861671805381775,3.4772047996520996,-0.30478593707084656,-0.19821543991565704,3.4773144721984863,-0.31364357471466064,-0.38957494497299194,3.477424144744873,-0.2664509117603302,-0.39278870820999146,3.499850034713745,-0.125566303730011,-0.399271696805954,3.566728115081787,-0.10003768652677536,-0.12482878565788269,3.590176582336426,-0.060464680194854736,0.13801804184913635,3.5805325508117676,-0.05255007743835449,0.19058740139007568,3.578603744506836,-0.0367208756506443,0.29572612047195435,3.5747461318969727,-0.10196913778781891,0.25079765915870667,3.5496652126312256,-0.36093252897262573,-0.3884410262107849,3.4549994468688965,-0.5018171072006226,-0.3819580376148224,3.3881213665008545,-0.5728724002838135,-0.13610076904296875,3.4931252002716064,-0.40446436405181885,-0.05485188215970993,3.3039565086364746,-0.3707827627658844,-0.038602106273174286,3.266122817993164,-0.3034195303916931,-0.006102550774812698,3.190455198287964,-0.28871607780456543,-0.026081476360559464,3.2697622776031494,-0.19369055330753326,0.1802072525024414,3.5220162868499756,-0.22356829047203064,0.6514624357223511,3.5020751953125,-0.26928889751434326,1.0684843063354492,3.5242927074432373,-0.22690130770206451,1.184678316116333,3.4165098667144775,-0.3804912567138672,0.18877875804901123,3.4321558475494385,-0.3322925269603729,0.6588910818099976,3.42559552192688,-0.32288628816604614,1.0743749141693115,3.487043857574463,-0.2639928460121155,1.1934715509414673,3.3908021450042725,-0.26510247588157654,-0.528144359588623,3.4109013080596924,-0.26028698682785034,-0.5765246748924255,3.408280372619629,-0.2488318830728531,-0.6119768619537354,3.450572967529297,-0.2512437105178833,-0.5955240726470947,3.5585174560546875,-0.299095094203949,-0.6153764128684998,3.420977830886841,-0.3936561942100525,-0.6051561832427979,3.4746642112731934,-0.2986583113670349,1.1687602996826172,3.5676262378692627,-0.33938202261924744,1.1731706857681274,3.539607286453247
-0.28738105297088623,0.18273425102233887,3.477865219116211,-0.29576370120048523,-0.008661553263664246,3.4785733222961426,-0.3042781352996826,-0.2000516951084137,3.4792392253875732,-0.3127928376197815,-0.3914475440979004,3.479905128479004,-0.26634955406188965,-0.3944724500179291,3.5038821697235107,-0.12853923439979553,-0.4003559648990631,3.574946880340576,-0.10796011239290237,-0.12606731057167053,3.5929133892059326,-0.07092084735631943,0.13582032918930054,3.5758469104766846,-0.06351299583911896,0.18819785118103027,3.5724337100982666,-0.04869728907942772,0.29295289516448975,3.5656070709228516,-0.11255066096782684,0.24668926000595093,3.5403354167938232,-0.35932865738868713,-0.3905028998851776,3.455935478210449,-0.49713897705078125,-0.3846193850040436,3.384870767593384,-0.5565235614776611,-0.13263782858848572,3.479524612426758,-0.3770536184310913,-0.06924904137849808,3.2950775623321533,-0.3411596417427063,-0.05657128244638443,3.258188247680664,-0.2693716585636139,-0.031215766444802284,3.1844093799591064,-0.2589300274848938,-0.04922151565551758,3.2645528316497803,-0.19545361399650574,0.1788853406906128,3.525782346725464,-0.22721345722675323,0.6497941017150879,3.505093574523926,-0.2768981158733368,1.0661530494689941,3.528022289276123,-0.23207056522369385,1.1832129955291748,3.422283411026001,-0.3793084919452667,0.18658316135406494,3.429948091506958,-0.33331456780433655,0.6567480564117432,3.4253313541412354,-0.3290056884288788,1.0717788934707642,3.4892055988311768,-0.2679057717323303,1.1917760372161865,3.3956069946289062,-0.25988274812698364,-0.5299859046936035,3.4162821769714355,-0.25454020500183105,-0.5783858895301819,3.41408371925354,-0.24484483897686005,-0.6136308312416077,3.457066774368286,-0.2526296377182007,-0.5968035459518433,3.5648210048675537,-0.29363852739334106,-0.6175625324249268,3.4250502586364746,-0.39087849855422974,-0.6079432964324951,3.474107503890991,-0.3084021806716919,1.1659194231033325,3.570911407470703,-0.3479360342025757,1.1701234579086304,3.541696548461914
-0.28641578555107117,0.1797739863395691,3.4726486206054688,-0.29491478204727173,-0.011631816625595093,3.473952054977417,-0.3036910891532898,-0.20302553474903107,3.4751884937286377,-0.31246763467788696,-0.3944249749183655,3.4764249324798584,-0.2669612467288971,-0.397387832403183,3.502152919769287,-0.13325999677181244,-0.40303096175193787,3.5776450634002686,-0.11526834964752197,-0.13031592965126038,3.584700584411621,-0.0763096883893013,0.12757843732833862,3.5518298149108887,-0.06851795315742493,0.1791573166847229,3.545255661010742,-0.05293449014425278,0.28231507539749146,3.532107353210449,-0.11575695872306824,0.23515678942203522,3.50814151763916,-0.35806944966316223,-0.39354240894317627,3.4507102966308594,-0.4917706847190857,-0.3878992795944214,3.375218152999878,-0.5296028852462769,-0.12981712818145752,3.4571285247802734,-0.3408348262310028,-0.09077033400535583,3.278383493423462,-0.303081214427948,-0.08296097815036774,3.2426345348358154,-0.22757399082183838,-0.06734226644039154,3.1711366176605225,-0.22143855690956116,-0.08289192616939545,3.251544713973999,-0.19630315899848938,0.17612184584140778,3.523920774459839,-0.23157662153244019,0.6465691328048706,3.5023610591888428,-0.28713369369506836,1.0619916915893555,3.5259945392608643,-0.2399996519088745,1.1802220344543457,3.4226810932159424,-0.37652841210365295,0.1834261268377304,3.4213764667510986,-0.3339900076389313,0.6537655591964722,3.420405387878418,-0.3365335464477539,1.0680140256881714,3.4883224964141846,-0.2732953429222107,1.1895182132720947,3.398259401321411,-0.25532039999961853,-0.5326935052871704,3.415750741958618,-0.24951837956905365,-0.5810783505439758,3.4138882160186768,-0.24179130792617798,-0.6162323951721191,3.4573774337768555,-0.2552448809146881,-0.5993637442588806,3.5646188259124756,-0.2888638377189636,-0.6205490827560425,3.4228782653808594,-0.38861703872680664,-0.6115942597389221,3.4668712615966797,-0.32136407494544983,1.1610558032989502,3.568310260772705,-0.35846078395843506,1.1655954122543335,3.540982484817505
-0.28631216287612915,0.17656803131103516,3.4769859313964844,-0.2950466573238373,-0.014843866229057312,3.4789040088653564,-0.30406466126441956,-0.20624320209026337,3.480762481689453,-0.3130829632282257,-0.39764827489852905,3.482621192932129,-0.26872673630714417,-0.4005119204521179,3.5103068351745605,-0.13985086977481842,-0.4058041274547577,3.5906288623809814,-0.12256435304880142,-0.13428214192390442,3.5883939266204834,-0.07971145212650299,0.11975550651550293,3.542879581451416,-0.07114087045192719,0.17056304216384888,3.5337767601013184,-0.053999707102775574,0.27217811346054077,3.515571117401123,-0.1160009428858757,0.22450204193592072,3.4918458461761475,-0.357537180185318,-0.39686498045921326,3.454955577850342,-0.48641306161880493,-0.3915727734565735,3.374633550643921,-0.49599090218544006,-0.12836885452270508,3.442897319793701,-0.2996640205383301,-0.11646921932697296,3.2703945636749268,-0.26039865612983704,-0.11408929526805878,3.235893964767456,-0.18186789751052856,-0.10932943969964981,3.1668927669525146,-0.17991378903388977,-0.12218894809484482,3.2475826740264893,-0.19844307005405426,0.1731100082397461,3.532036781311035,-0.23661185801029205,0.6431148052215576,3.509005308151245,-0.2977975606918335,1.057626724243164,3.5324199199676514,-0.24780984222888947,1.1769073009490967,3.431769847869873,-0.37418127059936523,0.18002605438232422,3.4219350814819336,-0.3349960446357727,0.6505024433135986,3.4248061180114746,-0.34470170736312866,1.0638943910598755,3.4963948726654053,-0.27895253896713257,1.186854362487793,3.4102845191955566,-0.251742422580719,-0.5356404185295105,3.425358772277832,-0.24551528692245483,-0.5840031504631042,3.423892021179199,-0.23993483185768127,-0.6190628409385681,3.4678092002868652,-0.2593502998352051,-0.6021522283554077,3.5741655826568604,-0.2850368618965149,-0.6237471699714661,3.43078351020813,-0.3871394097805023,-0.6154245734214783,3.469259738922119,-0.3348553776741028,1.1560372114181519,3.573774814605713,-0.36985331773757935,1.1607050895690918,3.5489611625671387
-0.2820761799812317,0.1680699586868286,3.4650089740753174,-0.29061585664749146,-0.02335280179977417,3.4667446613311768,-0.29933521151542664,-0.2147672474384308,3.468503475189209,-0.3080548346042633,-0.4061874449253082,3.4702625274658203,-0.26702937483787537,-0.4088006615638733,3.5027010440826416,-0.1509036123752594,-0.4132479429244995,3.594388246536255,-0.1331559717655182,-0.14415201544761658,3.5766870975494385,-0.08302530646324158,0.10381752252578735,3.5172860622406006,-0.07299917191267014,0.15341143310070038,3.505405902862549,-0.05294690281152725,0.25259923934936523,3.4816455841064453,-0.11205503344535828,0.20371165871620178,3.455052137374878,-0.34917503595352173,-0.4056547284126282,3.437842845916748,-0.4653007984161377,-0.40120744705200195,3.3461556434631348,-0.3923600912094116,-0.1439395248889923,3.385319232940674,-0.188749760389328,-0.18446084856987,3.2290141582489014,-0.1480276882648468,-0.19256511330604553,3.1977531909942627,-0.066583551466465,-0.2087736427783966,3.1352310180664062,-0.07299511134624481,-0.21788007020950317,3.2156484127044678,-0.20082677900791168,0.1650296151638031,3.529453754425049,-0.24184244871139526,0.6347286701202393,3.5073964595794678,-0.30936717987060547,1.0483341217041016,3.5273826122283936,-0.2498631775379181,1.168967843055725,3.43383526802063,-0.3633255958557129,0.17111030220985413,3.400564193725586,-0.3295275866985321,0.6415420174598694,3.4189417362213135,-0.3521648347377777,1.052606225013733,3.499825954437256,-0.27881094813346863,1.1784594058990479,3.4248290061950684,-0.23863406479358673,-0.5424268245697021,3.417733907699585,-0.23159730434417725,-0.5907257795333862,3.416090965270996,-0.23052655160427094,-0.6266210079193115,3.459752082824707,-0.26211056113243103,-0.6120411157608032,3.5636284351348877,-0.2711270749568939,-0.6311067342758179,3.417729616165161,-0.377145379781723,-0.6247507333755493,3.4445648193359375,-0.35171008110046387,1.145991325378418,3.5652272701263428,-0.38416188955307007,1.1476765871047974,3.551786422729492
-0.27837246656417847,0.16273757815361023,3.44682240486145,-0.2869534492492676,-0.02868594229221344,3.447866439819336,-0.2955886721611023,-0.22010594606399536,3.4490931034088135,-0.3042241334915161,-0.4115316867828369,3.450319766998291,-0.26645463705062866,-0.41404610872268677,3.4865033626556396,-0.1609317809343338,-0.41815951466560364,3.587451219558716,-0.14096155762672424,-0.15080872178077698,3.560807943344116,-0.08539977669715881,0.09409536421298981,3.49721622467041,-0.07428742200136185,0.14307618141174316,3.4844977855682373,-0.052062708884477615,0.24103781580924988,3.4590611457824707,-0.10822148621082306,0.19115230441093445,3.4289369583129883,-0.3420875072479248,-0.41109782457351685,3.414149522781372,-0.44761037826538086,-0.4069844186306,3.313201665878296,-0.3318324387073517,-0.16660724580287933,3.3506102561950684,-0.12156164646148682,-0.22416920959949493,3.2106752395629883,-0.0795074850320816,-0.23568160831928253,3.1826882362365723,0.004600830376148224,-0.25870639085769653,3.1267142295837402,-0.00932660698890686,-0.26869499683380127,3.2058095932006836,-0.20362147688865662,0.15977877378463745,3.5187063217163086,-0.24632546305656433,0.6293367147445679,3.4978103637695312,-0.3183988630771637,1.0422556400299072,3.5151119232177734,-0.2511730492115021,1.1641643047332764,3.4287500381469727,-0.3531234562397003,0.165696382522583,3.374938488006592,-0.32313376665115356,0.635631263256073,3.406667470932007,-0.3545571565628052,1.044852375984192,3.4935390949249268,-0.27483680844306946,1.1723124980926514,3.4284396171569824,-0.22965283691883087,-0.5463945865631104,3.401293992996216,-0.2221619188785553,-0.5946260690689087,3.399351119995117,-0.22452077269554138,-0.6313531398773193,3.442281484603882,-0.2648526728153229,-0.6189329624176025,3.5434017181396484,-0.2614142894744873,-0.6352548599243164,3.396897315979004,-0.3693842887878418,-0.6299879550933838,3.414813280105591,-0.36483192443847656,1.1392590999603271,3.549666404724121,-0.39160507917404175,1.13877272605896,3.544196128845215
-0.2764883041381836,0.15818512439727783,3.427384853363037,-0.2850930094718933,-0.033233463764190674,3.4276044368743896,-0.29358023405075073,-0.22465644776821136,3.428224563598633,-0.30206772685050964,-0.4160851836204529,3.428844690322876,-0.2679738402366638,-0.41851067543029785,3.4685137271881104,-0.17390483617782593,-0.42232745885849,3.5778086185455322,-0.15228033065795898,-0.1572011411190033,3.5396881103515625,-0.0918755978345871,0.08398999273777008,3.4693827629089355,-0.07979465276002884,0.13222822546958923,3.455321788787842,-0.055632758885622025,0.22870467603206635,3.427199602127075,-0.10847985744476318,0.17708995938301086,3.3946518898010254,-0.336253821849823,-0.4157402515411377,3.3891820907592773,-0.4303228259086609,-0.41192346811294556,3.2798871994018555,-0.28790897130966187,-0.1878460943698883,3.321364641189575,-0.06840325891971588,-0.24792566895484924,3.199002742767334,-0.024502117186784744,-0.25994157791137695,3.174530267715454,0.06330016255378723,-0.2839733958244324,3.1255855560302734,0.04204460233449936,-0.2960602939128876,3.2025163173675537,-0.20913007855415344,0.15524767339229584,3.506234645843506,-0.2509637773036957,0.6249314546585083,3.487156391143799,-0.3242974281311035,1.0377174615859985,3.501430034637451,-0.2489684820175171,1.1603810787200928,3.4232301712036133,-0.34384652972221375,0.16112257540225983,3.3485350608825684,-0.3179043233394623,0.6302264928817749,3.3930931091308594,-0.35731634497642517,1.0377553701400757,3.4844207763671875,-0.2715807855129242,1.1662310361862183,3.4298365116119385,-0.2221522331237793,-0.5492952466011047,3.3841397762298584,-0.2140246480703354,-0.5973939895629883,3.3820013999938965,-0.2197287231683731,-0.6349169611930847,3.423884630203247,-0.26881614327430725,-0.6247401833534241,3.52126407623291,-0.25247466564178467,-0.6382952928543091,3.375413656234741,-0.36159631609916687,-0.634312093257904,3.383930206298828,-0.37385162711143494,1.1344249248504639,3.532254457473755,-0.39903220534324646,1.1307730674743652,3.5330581665039062
-0.27588462829589844,0.15417250990867615,3.410356044769287,-0.2842821776866913,-0.03724454343318939,3.4097180366516113,-0.29247593879699707,-0.22867150604724884,3.409651279449463,-0.30066993832588196,-0.4201042056083679,3.4095845222473145,-0.2706897258758545,-0.4224446713924408,3.452448844909668,-0.18880712985992432,-0.42599037289619446,3.5693483352661133,-0.16368946433067322,-0.1634199023246765,3.5205256938934326,-0.0972093790769577,0.0739518404006958,3.44460391998291,-0.08391336351633072,0.12142619490623474,3.42941951751709,-0.05732132866978645,0.21637490391731262,3.3990509510040283,-0.10682916641235352,0.16309167444705963,3.3643651008605957,-0.33073920011520386,-0.419844388961792,3.3667192459106445,-0.41262179613113403,-0.41629868745803833,3.249819755554199,-0.25217482447624207,-0.20631127059459686,3.2958617210388184,-0.022816821932792664,-0.26512089371681213,3.193561315536499,0.023054782301187515,-0.2768828272819519,3.1731011867523193,0.11479799449443817,-0.30040669441223145,3.132181167602539,0.08645176887512207,-0.31382453441619873,3.2064085006713867,-0.21684303879737854,0.15129822492599487,3.4956045150756836,-0.2571653425693512,0.6211472749710083,3.4775447845458984,-0.33035531640052795,1.0340756177902222,3.4876441955566406,-0.24716226756572723,1.1570512056350708,3.418426275253296,-0.33492621779441833,0.15704679489135742,3.3251075744628906,-0.3136669397354126,0.6251952648162842,3.3807430267333984,-0.36061325669288635,1.0314266681671143,3.4742343425750732,-0.2694246768951416,1.1603120565414429,3.430549144744873,-0.21495294570922852,-0.5512271523475647,3.3704402446746826,-0.20589976012706757,-0.5991072654724121,3.3683314323425293,-0.2148023098707199,-0.6373565196990967,3.408895969390869,-0.2726995050907135,-0.6295228004455566,3.5013961791992188,-0.242880180478096,-0.6404076814651489,3.3576323986053467,-0.3522534966468811,-0.638167679309845,3.356149196624756,-0.38248300552368164,1.1307265758514404,3.5140833854675293,-0.40665823221206665,1.123875379562378,3.5199599266052246
-0.2745673954486847,0.15149790048599243,3.3937089443206787,-0.2824762761592865,-0.039919450879096985,3.3922109603881836,-0.29008492827415466,-0.23135367035865784,3.3915443420410156,-0.29769378900527954,-0.4227936267852783,3.3908777236938477,-0.2721727192401886,-0.42500895261764526,3.4365391731262207,-0.20299994945526123,-0.4281884729862213,3.560110092163086,-0.17314152419567108,-0.16902977228164673,3.4988415241241455,-0.10054731369018555,0.06400467455387115,3.4162817001342773,-0.08602847158908844,0.11061156541109085,3.3997697830200195,-0.056990787386894226,0.20382535457611084,3.366745948791504,-0.10302059352397919,0.14844191074371338,3.330777645111084,-0.3232975900173187,-0.4226590096950531,3.3452091217041016,-0.3924703598022461,-0.41947948932647705,3.2216382026672363,-0.21880826354026794,-0.22184531390666962,3.272538423538208,0.019931688904762268,-0.2794741094112396,3.1946070194244385,0.06767968088388443,-0.2909998595714569,3.179020643234253,0.16317567229270935,-0.31405138969421387,3.147848129272461,0.12749004364013672,-0.3273743987083435,3.218762159347534,-0.22450412809848785,0.14871884882450104,3.4845104217529297,-0.261476069688797,0.6189305186271667,3.4686081409454346,-0.33208078145980835,1.032382845878601,3.4755072593688965,-0.24135039746761322,1.1552704572677612,3.4163219928741455,-0.32463064789772034,0.15427695214748383,3.3029074668884277,-0.30912771821022034,0.6213153600692749,3.3688888549804688,-0.3633808195590973,1.0263701677322388,3.463559865951538,-0.26770371198654175,1.1553539037704468,3.4312281608581543,-0.20626160502433777,-0.5516518354415894,3.3587968349456787,-0.19613204896450043,-0.5992560386657715,3.357093572616577,-0.20805500447750092,-0.638066828250885,3.3962035179138184,-0.27446115016937256,-0.6323766112327576,3.482754945755005,-0.23107126355171204,-0.641045331954956,3.3425698280334473,-0.33967387676239014,-0.6408156752586365,3.3307924270629883,-0.3858591318130493,1.1292377710342407,3.497535228729248,-0.41335755586624146,1.118393898010254,3.505894184112549
-0.27299079298973083,0.15004372596740723,3.3798463344573975,-0.28002437949180603,-0.041382282972335815,3.3776817321777344,-0.2867317497730255,-0.23282897472381592,3.3765647411346436,-0.2934393286705017,-0.42428141832351685,3.3754477500915527,-0.27248409390449524,-0.42633694410324097,3.4233779907226562,-0.2159568816423416,-0.42907044291496277,3.552462577819824,-0.17899629473686218,-0.17418429255485535,3.4787561893463135,-0.09956177324056625,0.05410274863243103,3.3897247314453125,-0.08367487043142319,0.09976015985012054,3.3719184398651123,-0.051901061087846756,0.19107498228549957,3.336305856704712,-0.09478699415922165,0.13361680507659912,3.29976487159729,-0.3144674599170685,-0.4243067502975464,3.327505588531494,-0.3709946572780609,-0.4215732514858246,3.198421001434326,-0.1868182271718979,-0.23486468195915222,3.2530529499053955,0.059082016348838806,-0.290289044380188,3.2000186443328857,0.1082620620727539,-0.3013739287853241,3.1894118785858154,0.2066221535205841,-0.3235436677932739,3.1681981086730957,0.16439561545848846,-0.33592870831489563,3.2355732917785645,-0.23205141723155975,0.14746242761611938,3.4750986099243164,-0.2647682726383209,0.6181014776229858,3.4620840549468994,-0.33096635341644287,1.0323355197906494,3.4666404724121094,-0.23350408673286438,1.1546627283096313,3.417895793914795,-0.3139301538467407,0.15262502431869507,3.2845940589904785,-0.3048885762691498,0.6185894012451172,3.3590004444122314,-0.3658566176891327,1.0227766036987305,3.4533848762512207,-0.266838014125824,1.15154230594635,3.432086229324341,-0.197148859500885,-0.5508869290351868,3.3509764671325684,-0.186001718044281,-0.5981904864311218,3.349870204925537,-0.20065245032310486,-0.6374896168708801,3.3873870372772217,-0.27462878823280334,-0.6338136792182922,3.4674131870269775,-0.2185940146446228,-0.6404213905334473,3.3319578170776367,-0.3254632353782654,-0.6421204209327698,3.310364246368408,-0.385519802570343,1.1296378374099731,3.484407424926758,-0.41918548941612244,1.1145837306976318,3.49194598197937
-0.2723124623298645,0.14979618787765503,3.3705949783325195,-0.27796852588653564,-0.041645824909210205,3.3681678771972656,-0.28330960869789124,-0.23310816287994385,3.3669159412384033,-0.28865084052085876,-0.4245762228965759,3.365664005279541,-0.27213582396507263,-0.42640286684036255,3.4153008460998535,-0.22768236696720123,-0.42851513624191284,3.548691987991333,-0.18084567785263062,-0.17882640659809113,3.4638612270355225,-0.09356138110160828,0.044247180223464966,3.3692984580993652,-0.07610452175140381,0.08886189758777618,3.350385904312134,-0.04119080305099487,0.17809133231639862,3.312560796737671,-0.08158525824546814,0.11891774088144302,3.275956869125366,-0.30522391200065613,-0.4248306155204773,3.3160135746002197,-0.3496773838996887,-0.422718346118927,3.1826224327087402,-0.15704303979873657,-0.2456066757440567,3.2397003173828125,0.09373316168785095,-0.2961198091506958,3.20999813079834,0.14388839900493622,-0.30622243881225586,3.2040576934814453,0.24419888854026794,-0.326427698135376,3.1921768188476562,0.19658666849136353,-0.33775603771209717,3.2560346126556396,-0.24013610184192657,0.14759621024131775,3.4691426753997803,-0.26799464225769043,0.6186314225196838,3.4585587978363037,-0.3281625807285309,1.0338233709335327,3.4608428478240967,-0.2249048948287964,1.154981017112732,3.4221110343933105,-0.3044888377189636,0.1519961655139923,3.272047281265259,-0.30192217230796814,0.6170782446861267,3.352386474609375,-0.36811530590057373,1.0209101438522339,3.4448421001434326,-0.2666883170604706,1.149078130722046,3.4335708618164062,-0.18787550926208496,-0.5484805107116699,3.3487305641174316,-0.17558632791042328,-0.5954092741012573,3.348289728164673,-0.1924000382423401,-0.6352545022964478,3.3841142654418945,-0.27279916405677795,-0.6339277029037476,3.457437038421631,-0.20547553896903992,-0.6381464600563049,3.3274595737457275,-0.3098464012145996,-0.6421215534210205,3.2969155311584473,-0.38263779878616333,1.1318347454071045,3.4745147228240967,-0.4239886999130249,1.1127980947494507,3.4794178009033203
-0.27199655771255493,0.15003398060798645,3.363382339477539,-0.27594634890556335,-0.041435644030570984,3.361173152923584,-0.27962493896484375,-0.23292075097560883,3.36016583442688,-0.2833036482334137,-0.4244115948677063,3.359158515930176,-0.27086561918258667,-0.42595893144607544,3.4099745750427246,-0.2373964488506317,-0.4273201823234558,3.5465099811553955,-0.17811480164527893,-0.18348421156406403,3.4532008171081543,-0.08230526000261307,0.03432118892669678,3.3549630641937256,-0.06314335018396378,0.07788227498531342,3.335315465927124,-0.02481953427195549,0.1650044322013855,3.296020269393921,-0.06349839270114899,0.10469188541173935,3.259493350982666,-0.2957816421985626,-0.42494553327560425,3.308331251144409,-0.3292508125305176,-0.4235842823982239,3.1717958450317383,-0.1290987879037857,-0.2550947666168213,3.2286055088043213,0.12452627718448639,-0.29775333404541016,3.217475414276123,0.1752512902021408,-0.3062850534915924,3.2152493000030518,0.27670130133628845,-0.3233484923839569,3.2107973098754883,0.225348100066185,-0.3338838517665863,3.27178692817688,-0.24780628085136414,0.14837193489074707,3.4641788005828857,-0.2706128656864166,0.6197217702865601,3.4548184871673584,-0.32396331429481506,1.035866141319275,3.454543352127075,-0.21597374975681305,1.1554369926452637,3.4248030185699463,-0.2961868345737457,0.15169602632522583,3.2625858783721924,-0.2995118796825409,0.6161919832229614,3.3463170528411865,-0.36920854449272156,1.0201714038848877,3.4355666637420654,-0.26610100269317627,1.1474716663360596,3.432935953140259,-0.17884981632232666,-0.545630931854248,3.349107503890991,-0.16548439860343933,-0.5921790599822998,3.349341630935669,-0.18391595780849457,-0.6325699687004089,3.3835718631744385,-0.26935550570487976,-0.6335868835449219,3.450655698776245,-0.19269880652427673,-0.6353804469108582,3.326192855834961,-0.29424023628234863,-0.6415499448776245,3.288081645965576,-0.37774330377578735,1.1347240209579468,3.464365243911743,-0.42680996656417847,1.1123977899551392,3.466193437576294
-0.2691693603992462,0.15222251415252686,3.355017900466919,-0.26896440982818604,-0.03929789364337921,3.354804277420044,-0.2685990631580353,-0.23081515729427338,3.3558812141418457,-0.2682337164878845,-0.4223381578922272,3.3569581508636475,-0.26271119713783264,-0.4230758249759674,3.40899920463562,-0.2478332221508026,-0.4222588837146759,3.5492353439331055,-0.15459588170051575,-0.19377562403678894,3.4430854320526123,-0.05000121891498566,0.018566444516181946,3.3396832942962646,-0.0290822871029377,0.06103485822677612,3.319002866744995,0.012755576521158218,0.14597168564796448,3.277642011642456,-0.023164354264736176,0.08330261707305908,3.2416651248931885,-0.27375227212905884,-0.4236820936203003,3.304928779602051,-0.28863024711608887,-0.4244990348815918,3.1646926403045654,-0.07098434865474701,-0.27637603878974915,3.2181291580200195,0.18595220148563385,-0.29488083720207214,3.2371644973754883,0.23733951151371002,-0.2985818088054657,3.240971565246582,0.34011414647102356,-0.3059837222099304,3.2485857009887695,0.2832782566547394,-0.3159983158111572,3.3049893379211426,-0.25852280855178833,0.15211889147758484,3.4581241607666016,-0.2733159363269806,0.623845100402832,3.4519615173339844,-0.3149716556072235,1.0413190126419067,3.4495086669921875,-0.2008334994316101,1.1580373048782349,3.4356071949005127,-0.2798159122467041,0.15232613682746887,3.2519116401672363,-0.29440751671791077,0.6157156229019165,3.340453624725342,-0.3675438165664673,1.0202159881591797,3.424454927444458,-0.2626444101333618,1.1455143690109253,3.4363017082214355,-0.15873397886753082,-0.538856029510498,3.3582892417907715,-0.14362449944019318,-0.5847030878067017,3.359912157058716,-0.16399705410003662,-0.6259092092514038,3.3917410373687744,-0.25595349073410034,-0.6307873725891113,3.4488229751586914,-0.1662699580192566,-0.6287060379981995,3.333893299102783,-0.26239341497421265,-0.63871169090271,3.2849209308624268,-0.3669029474258423,1.1415709257125854,3.453324794769287,-0.4268890619277954,1.1132832765579224,3.4485065937042236
-0.26599591970443726,0.1541474163532257,3.3703315258026123,-0.2636902332305908,-0.03735467791557312,3.3718831539154053,-0.26132792234420776,-0.22884336113929749,3.3745808601379395,-0.25896555185317993,-0.4203377962112427,3.3772785663604736,-0.25618407130241394,-0.4206082224845886,3.4295427799224854,-0.24869821965694427,-0.41852569580078125,3.570814609527588,-0.12936045229434967,-0.20078246295452118,3.465836524963379,-0.011518806219100952,0.0067991167306900024,3.36476993560791,0.012049524113535881,0.04831543564796448,3.3445565700531006,0.0591861829161644,0.13134807348251343,3.3041300773620605,0.021736424416303635,0.06983761489391327,3.267091751098633,-0.2617213726043701,-0.4221486449241638,3.3250436782836914,-0.2692072093486786,-0.4242311716079712,3.183771848678589,-0.046659916639328,-0.28089451789855957,3.2347750663757324,0.21089744567871094,-0.2832017242908478,3.2639315128326416,0.26240891218185425,-0.28366315364837646,3.2697627544403076,0.36543187499046326,-0.2845860421657562,3.2814252376556396,0.3069334626197815,-0.2949340045452118,3.336459159851074,-0.26057660579681396,0.15505124628543854,3.473836660385132,-0.27232417464256287,0.6269218921661377,3.4684042930603027,-0.30987676978111267,1.044823169708252,3.4650652408599854,-0.19407591223716736,1.1604925394058228,3.457298755645752,-0.27141523361206055,0.15324358642101288,3.2668263912200928,-0.29097968339920044,0.6167471408843994,3.354067802429199,-0.36452239751815796,1.02208411693573,3.433793544769287,-0.259205162525177,1.1464996337890625,3.450486183166504,-0.1490696370601654,-0.5360289216041565,3.3827767372131348,-0.13378332555294037,-0.5817206501960754,3.3848953247070312,-0.155155748128891,-0.6230747103691101,3.4157135486602783,-0.2491944134235382,-0.6286537647247314,3.468897819519043,-0.15504708886146545,-0.6257189512252808,3.357901096343994,-0.24888652563095093,-0.636145830154419,3.305095672607422,-0.3609945774078369,1.1455670595169067,3.466541051864624,-0.42414239048957825,1.1157245635986328,3.4548046588897705
-0.26786938309669495,0.15482884645462036,3.378629684448242,-0.2634872794151306,-0.03665292263031006,3.380796194076538,-0.25904303789138794,-0.22811803221702576,3.3840410709381104,-0.2545986771583557,-0.4195888638496399,3.3872859477996826,-0.25470367074012756,-0.41974562406539917,3.4396305084228516,-0.25505468249320984,-0.4173433482646942,3.581861972808838,-0.11243900656700134,-0.20863322913646698,3.4840002059936523,0.02163797616958618,-0.0059140026569366455,3.389867067337036,0.048453375697135925,0.03462984412908554,3.3710403442382812,0.10208417475223541,0.11571753770112991,3.3333871364593506,0.0632011890411377,0.05606963485479355,3.29388427734375,-0.2544453740119934,-0.4215131998062134,3.3349766731262207,-0.25409436225891113,-0.42391547560691833,3.1927452087402344,-0.02765670418739319,-0.28360193967819214,3.242887020111084,0.23036667704582214,-0.27263593673706055,3.278050422668457,0.28197136521339417,-0.2704427242279053,3.285083055496216,0.3851807117462158,-0.2660563290119171,3.2991485595703125,0.32559633255004883,-0.27730557322502136,3.3534936904907227,-0.26808762550354004,0.15599657595157623,3.4822728633880615,-0.2759260833263397,0.6280346512794495,3.479184150695801,-0.30791494250297546,1.0464608669281006,3.476436138153076,-0.19038157165050507,1.1606642007827759,3.4757378101348877,-0.26765114068984985,0.1536611169576645,3.274986505508423,-0.2912387251853943,0.6171570420265198,3.3616244792938232,-0.36436280608177185,1.0232971906661987,3.4378769397735596,-0.2586754560470581,1.146540641784668,3.460197687149048,-0.14371758699417114,-0.5336870551109314,3.397303581237793,-0.1279577612876892,-0.5791205763816833,3.3997855186462402,-0.15025703608989716,-0.620980978012085,3.4290695190429688,-0.24662868678569794,-0.6282989978790283,3.477297306060791,-0.14719633758068085,-0.6230694651603699,3.3714046478271484,-0.237956702709198,-0.63421630859375,3.313913106918335,-0.3577556908130646,1.1478685140609741,3.475752830505371,-0.4239666163921356,1.1175960302352905,3.4558541774749756
-0.2723253071308136,0.15383580327033997,3.4006543159484863,-0.26535066962242126,-0.037649378180503845,3.4033048152923584,-0.25828084349632263,-0.22911395132541656,3.4069910049438477,-0.2512108087539673,-0.4205842614173889,3.410677194595337,-0.2540353536605835,-0.42072415351867676,3.4629693031311035,-0.2618720531463623,-0.4182589054107666,3.606050968170166,-0.10230633616447449,-0.21617059409618378,3.5149450302124023,0.04501765966415405,-0.017353177070617676,3.4269661903381348,0.07448245584964752,0.022410307079553604,3.4093704223632812,0.13341206312179565,0.10193727910518646,3.374178886413574,0.0937981903553009,0.043443888425827026,3.3324532508850098,-0.2483094036579132,-0.42252540588378906,3.3584253787994385,-0.2404727041721344,-0.4249906539916992,3.215343713760376,-0.010654658079147339,-0.28601357340812683,3.265045166015625,0.2480471134185791,-0.2645643353462219,3.3048739433288574,0.2997874617576599,-0.2602744996547699,3.3128397464752197,0.40326815843582153,-0.25169479846954346,3.3287713527679443,0.34260275959968567,-0.2633824944496155,3.382760763168335,-0.27794721722602844,0.15506350994110107,3.504143238067627,-0.281249463558197,0.6273758411407471,3.50396990776062,-0.30704113841056824,1.046424150466919,3.5026066303253174,-0.18795016407966614,1.1589345932006836,3.5089080333709717,-0.26670339703559875,0.15260809659957886,3.2971653938293457,-0.29297110438346863,0.6163064241409302,3.383094310760498,-0.3640161454677582,1.023560881614685,3.4563403129577637,-0.2577730715274811,1.1452999114990234,3.484142541885376,-0.13841944932937622,-0.5321468114852905,3.424990653991699,-0.12177063524723053,-0.5771966576576233,3.4278857707977295,-0.14440558850765228,-0.6197390556335449,3.4558136463165283,-0.24260911345481873,-0.6295861005783081,3.4994888305664062,-0.13867223262786865,-0.6213109493255615,3.3983826637268066,-0.2263646274805069,-0.6340397596359253,3.3367674350738525,-0.3553353548049927,1.1486034393310547,3.500051736831665,-0.4231121838092804,1.1187326908111572,3.4714882373809814
-0.2778101861476898,0.15381622314453125,3.4090678691864014,-0.26786378026008606,-0.03765539824962616,3.411651849746704,-0.257802277803421,-0.22910644114017487,3.4151523113250732,-0.2477404773235321,-0.4205632209777832,3.4186527729034424,-0.2535552978515625,-0.42096036672592163,3.4707279205322266,-0.2697603404521942,-0.41918426752090454,3.6144487857818604,-0.10242736339569092,-0.2167034149169922,3.532566785812378,0.05172264575958252,-0.016933828592300415,3.4530556201934814,0.08255264908075333,0.023020092397928238,3.4371533393859863,0.14421266317367554,0.10292793810367584,3.405348777770996,0.1063590943813324,0.044390805065631866,3.3609445095062256,-0.24181628227233887,-0.4222469925880432,3.3666157722473145,-0.22561123967170715,-0.4240230917930603,3.2228949069976807,0.006084725260734558,-0.2846009433269501,3.273707389831543,0.26519691944122314,-0.2548627257347107,3.3180766105651855,0.31701937317848206,-0.24891509115695953,3.3269505500793457,0.4206642508506775,-0.23701980710029602,3.344698190689087,0.35886329412460327,-0.24912740290164948,3.398226499557495,-0.28945600986480713,0.15460121631622314,3.5120608806610107,-0.2898704409599304,0.6271284818649292,3.5146045684814453,-0.3109567165374756,1.0466294288635254,3.5145413875579834,-0.1911626011133194,1.1577931642532349,3.5285732746124268,-0.2661643624305725,0.15303122997283936,3.306074857711792,-0.2941071391105652,0.6166079044342041,3.3932790756225586,-0.3622874319553375,1.0247414112091064,3.465419054031372,-0.2556847929954529,1.1444969177246094,3.500051736831665,-0.1331830769777298,-0.5294051170349121,3.4381840229034424,-0.11558786034584045,-0.574039876461029,3.4415359497070312,-0.13867446780204773,-0.6174558997154236,3.4676432609558105,-0.23888322710990906,-0.6302781701087952,3.5054893493652344,-0.12963968515396118,-0.61817467212677,3.4106459617614746,-0.2132846564054489,-0.6323146820068359,3.34399676322937,-0.35791683197021484,1.1494084596633911,3.509842872619629,-0.4205484092235565,1.120867371559143,3.477921485900879
-0.2871575355529785,0.1541799008846283,3.408257246017456,-0.2742668092250824,-0.037236735224723816,3.410292863845825,-0.2612096071243286,-0.22863203287124634,3.413119316101074,-0.24815203249454498,-0.4200330376625061,3.4159457683563232,-0.25701722502708435,-0.42092007398605347,3.4676146507263184,-0.2819385230541229,-0.4204929769039154,3.611666679382324,-0.11370810866355896,-0.21275341510772705,3.539259195327759,0.04149390757083893,-0.008245915174484253,3.4685306549072266,0.07253430783748627,0.032655585557222366,3.4543850421905518,0.13461510837078094,0.1144585907459259,3.426093578338623,0.10033586621284485,0.054903656244277954,3.379196882247925,-0.23914490640163422,-0.4212263524532318,3.3643076419830322,-0.21422362327575684,-0.4216534495353699,3.2202556133270264,0.018142715096473694,-0.280322402715683,3.272519111633301,0.2776377201080322,-0.24485313892364502,3.320662498474121,0.3295367360115051,-0.2377592921257019,3.330291271209717,0.43333473801612854,-0.22357158362865448,3.349548578262329,0.3705101013183594,-0.23590758442878723,3.4026715755462646,-0.3049594759941101,0.15406706929206848,3.5103812217712402,-0.3017299771308899,0.6266782283782959,3.5160138607025146,-0.3174840211868286,1.0465174913406372,3.5177834033966064,-0.19732940196990967,1.1560426950454712,3.539824962615967,-0.2693555951118469,0.1542927324771881,3.306133270263672,-0.2971199154853821,0.6174240112304688,3.396366596221924,-0.3611842393875122,1.0261976718902588,3.4692788124084473,-0.2543683648109436,1.1433663368225098,3.5114758014678955,-0.13214528560638428,-0.5262960195541382,3.440436363220215,-0.11362426728010178,-0.570526659488678,3.4441113471984863,-0.13705448806285858,-0.6149454712867737,3.468137502670288,-0.23892222344875336,-0.6309126019477844,3.499847173690796,-0.12470832467079163,-0.6144595146179199,3.411764621734619,-0.20394140481948853,-0.6295356750488281,3.3401243686676025,-0.3627869188785553,1.1499555110931396,3.51102614402771,-0.4181443154811859,1.123399257659912,3.4795172214508057
-0.2986975610256195,0.15558484196662903,3.403571844100952,-0.28311803936958313,-0.03571963310241699,3.4051239490509033,-0.26731449365615845,-0.22699908912181854,3.407348871231079,-0.25151047110557556,-0.4182842969894409,3.409574031829834,-0.2633698284626007,-0.4197167158126831,3.4606497287750244,-0.29702848196029663,-0.4208239018917084,3.604534387588501,-0.13323312997817993,-0.2052743285894394,3.53914737701416,0.01830027997493744,0.005983754992485046,3.4749464988708496,0.04860696196556091,0.048235371708869934,3.462106227874756,0.10922032594680786,0.1327386051416397,3.4364259243011475,0.07970312237739563,0.0712827742099762,3.387936592102051,-0.23947937786579132,-0.41893085837364197,3.358522415161133,-0.2058207392692566,-0.4178236722946167,3.2146377563476562,0.026940658688545227,-0.2743687927722931,3.2676360607147217,0.28705763816833496,-0.23617886006832123,3.318575382232666,0.3390810489654541,-0.22854086756706238,3.328763246536255,0.44312784075737,-0.21326489746570587,3.3491389751434326,0.37938570976257324,-0.22518153488636017,3.4019994735717773,-0.32259461283683777,0.1544571965932846,3.5044548511505127,-0.31313514709472656,0.6269810795783997,3.5131256580352783,-0.3207947611808777,1.0470691919326782,3.5170352458953857,-0.20005938410758972,1.1540573835372925,3.5470361709594727,-0.27480050921440125,0.15671248733997345,3.3026888370513916,-0.3011850416660309,0.619413435459137,3.395721912384033,-0.3609299659729004,1.028737187385559,3.469428062438965,-0.2543581426143646,1.1431703567504883,3.5191378593444824,-0.13458117842674255,-0.5223656296730042,3.438519239425659,-0.115272156894207,-0.5662294626235962,3.442451238632202,-0.13892532885074615,-0.6115729808807373,3.4644289016723633,-0.24194060266017914,-0.6303510069847107,3.4903132915496826,-0.12358856946229935,-0.6098056435585022,3.4088284969329834,-0.19848646223545074,-0.6253435015678406,3.332778215408325,-0.36359310150146484,1.1514358520507812,3.508338212966919,-0.41636887192726135,1.127034068107605,3.477426767349243
-0.3232506811618805,0.15986940264701843,3.3931026458740234,-0.3029203414916992,-0.031008794903755188,3.3948636054992676,-0.2823299765586853,-0.22185352444648743,3.397150993347168,-0.26173901557922363,-0.4127039909362793,3.3994383811950684,-0.28021812438964844,-0.41515934467315674,3.448474645614624,-0.33371153473854065,-0.4192401170730591,3.5895345211029053,-0.21050629019737244,-0.17718929052352905,3.5207765102386475,-0.09745430201292038,0.05766923725605011,3.4526994228363037,-0.07484390586614609,0.10464094579219818,3.439084053039551,-0.029623109847307205,0.19858436286449432,3.411853313446045,-0.0398331955075264,0.12851250171661377,3.366368055343628,-0.24303606152534485,-0.41232287883758545,3.3504271507263184,-0.18954263627529144,-0.4082421064376831,3.209367275238037,0.04420274496078491,-0.26309412717819214,3.2621967792510986,0.30484533309936523,-0.22471699118614197,3.318467855453491,0.3569738566875458,-0.21704156696796417,3.3297221660614014,0.4612308740615845,-0.20169071853160858,3.3522305488586426,0.3956512212753296,-0.21071678400039673,3.4042019844055176,-0.3605309724807739,0.15679116547107697,3.489835262298584,-0.33796507120132446,0.6286243796348572,3.5023529529571533,-0.3347235321998596,1.0486198663711548,3.5070323944091797,-0.2162685990333557,1.1522079706192017,3.553328037261963,-0.28597038984298706,0.1629476398229599,3.296370029449463,-0.3072512149810791,0.6247884035110474,3.394056797027588,-0.36228206753730774,1.034838318824768,3.4665777683258057,-0.2595403790473938,1.144588828086853,3.5321853160858154,-0.14279422163963318,-0.5123257040977478,3.4361414909362793,-0.12171851098537445,-0.555411696434021,3.4404664039611816,-0.1450631320476532,-0.6026960611343384,3.4585514068603516,-0.24914591014385223,-0.6273249387741089,3.4737160205841064,-0.12458556145429611,-0.5980840921401978,3.404707431793213,-0.19112610816955566,-0.6142576336860657,3.321157693862915,-0.3731279969215393,1.1540889739990234,3.4931602478027344,-0.4148729145526886,1.13493812084198,3.4688823223114014
-0.33802151679992676,0.16193246841430664,3.3945529460906982,-0.3154125213623047,-0.028692439198493958,3.396735429763794,-0.2925017178058624,-0.21927723288536072,3.399247884750366,-0.26959022879600525,-0.4098677635192871,3.4017603397369385,-0.2910287380218506,-0.4128658175468445,3.4495482444763184,-0.35367900133132935,-0.41856732964515686,3.5883536338806152,-0.2540181279182434,-0.16731280088424683,3.512263059616089,-0.16186049580574036,0.0752127468585968,3.4374938011169434,-0.1434289664030075,0.12371785938739777,3.4225399494171143,-0.1065659150481224,0.2207280695438385,3.392632246017456,-0.1063602939248085,0.14758023619651794,3.3506250381469727,-0.24790269136428833,-0.4089411497116089,3.3539998531341553,-0.18525242805480957,-0.4032396376132965,3.2151944637298584,0.04575665295124054,-0.25299006700515747,3.26914644241333,0.3056846857070923,-0.21358321607112885,3.3306820392608643,0.35767030715942383,-0.20570184290409088,3.342989206314087,0.4616415202617645,-0.18993909657001495,3.3676035404205322,0.3946698307991028,-0.19741696119308472,3.418339252471924,-0.38142886757850647,0.15786181390285492,3.4886744022369385,-0.35145261883735657,0.6292951107025146,3.4977009296417236,-0.3429435193538666,1.0491836071014404,3.4974262714385986,-0.22625429928302765,1.1518683433532715,3.5497448444366455,-0.29461416602134705,0.16600312292575836,3.300431489944458,-0.31141069531440735,0.6281813979148865,3.3970673084259033,-0.36508411169052124,1.0391886234283447,3.46467661857605,-0.2652420401573181,1.1477018594741821,3.5364694595336914,-0.14955846965312958,-0.5075757503509521,3.4408693313598633,-0.127626433968544,-0.5503038167953491,3.4451684951782227,-0.15051046013832092,-0.5984885692596436,3.461609125137329,-0.25458887219429016,-0.6257621049880981,3.4727096557617188,-0.12827320396900177,-0.5924144387245178,3.4085347652435303,-0.19158333539962769,-0.6085520386695862,3.3223328590393066,-0.3790035545825958,1.1549181938171387,3.4798951148986816,-0.4162559509277344,1.1400200128555298,3.4632821083068848
-0.35304856300354004,0.1624779999256134,3.3897764682769775,-0.3284355700016022,-0.027890413999557495,3.3926384449005127,-0.3034043610095978,-0.2182009071111679,3.3957159519195557,-0.2783724069595337,-0.40851712226867676,3.3987936973571777,-0.30264565348625183,-0.41201215982437134,3.445171356201172,-0.37414366006851196,-0.4192201495170593,3.5809688568115234,-0.30862390995025635,-0.15931987762451172,3.49570369720459,-0.24807153642177582,0.09076815843582153,3.412444591522217,-0.23596106469631195,0.14078576862812042,3.3957927227020264,-0.21174010634422302,0.2408209890127182,3.3624889850616455,-0.19753658771514893,0.16642306745052338,3.3250465393066406,-0.2538270652294159,-0.40709054470062256,3.352449417114258,-0.18232905864715576,-0.39988255500793457,3.2166519165039062,0.04420045018196106,-0.24496711790561676,3.2782695293426514,0.30098310112953186,-0.20234642922878265,3.3516783714294434,0.35233962535858154,-0.19382229447364807,3.3663601875305176,0.4550526738166809,-0.1767740249633789,3.395723819732666,0.3856050372123718,-0.18362899124622345,3.4433553218841553,-0.4023515284061432,0.15747369825839996,3.4809162616729736,-0.3639792799949646,0.6282480955123901,3.4896302223205566,-0.34759223461151123,1.0478500127792358,3.4878945350646973,-0.23244380950927734,1.1486589908599854,3.546799898147583,-0.3037455976009369,0.16748230159282684,3.2986366748809814,-0.31647592782974243,0.6295899152755737,3.3959574699401855,-0.36788350343704224,1.041347861289978,3.4603772163391113,-0.27109867334365845,1.1482878923416138,3.538402557373047,-0.15759700536727905,-0.5045434236526489,3.4410414695739746,-0.1349239945411682,-0.5469726920127869,3.4456005096435547,-0.1574462205171585,-0.5959157943725586,3.4606451988220215,-0.2615015208721161,-0.6254464983940125,3.4676945209503174,-0.13341589272022247,-0.5886919498443604,3.4083681106567383,-0.1934155821800232,-0.6049789190292358,3.3195760250091553,-0.38051268458366394,1.1541143655776978,3.4676809310913086,-0.41728097200393677,1.142953872680664,3.4558420181274414
-0.3651310205459595,0.16221633553504944,3.386474847793579,-0.3389405310153961,-0.027932971715927124,3.390024185180664,-0.31223925948143005,-0.2180097997188568,3.393649101257324,-0.2855371832847595,-0.40809234976768494,3.3972742557525635,-0.31227806210517883,-0.41204506158828735,3.442237377166748,-0.3915000259876251,-0.4206483066082001,3.574667453765869,-0.35345369577407837,-0.15789595246315002,3.4807772636413574,-0.3184269368648529,0.09463465213775635,3.389561653137207,-0.31142157316207886,0.14514076709747314,3.3713185787200928,-0.29741087555885315,0.24615301191806793,3.334832191467285,-0.2718338966369629,0.17260196805000305,3.3017871379852295,-0.25850608944892883,-0.40620559453964233,3.3523502349853516,-0.17928412556648254,-0.3976023495197296,3.2199201583862305,0.041510000824928284,-0.23881742358207703,3.2929885387420654,0.29313212633132935,-0.19246035814285278,3.3816239833831787,0.34345653653144836,-0.18318894505500793,3.399351119995117,0.4441053867340088,-0.16464611887931824,3.434805154800415,0.37180614471435547,-0.17148183286190033,3.478187322616577,-0.41956400871276855,0.15636394917964935,3.47460675239563,-0.3737700581550598,0.6264148354530334,3.4839131832122803,-0.34995800256729126,1.045616865158081,3.4818966388702393,-0.23648440837860107,1.1446243524551392,3.546759843826294,-0.3106980323791504,0.16806872189044952,3.2983429431915283,-0.32062679529190063,0.629999577999115,3.396591901779175,-0.37099748849868774,1.04231858253479,3.4578890800476074,-0.27761945128440857,1.1482291221618652,3.541252613067627,-0.16407346725463867,-0.5026528239250183,3.442560911178589,-0.14073546230793,-0.5448455214500427,3.4474802017211914,-0.16290634870529175,-0.5944514274597168,3.4614617824554443,-0.26690125465393066,-0.6259425282478333,3.4650719165802,-0.13734105229377747,-0.5863271951675415,3.4098565578460693,-0.1944662481546402,-0.6029238700866699,3.318856954574585,-0.37984517216682434,1.1523483991622925,3.4596033096313477,-0.41891372203826904,1.1444547176361084,3.450533628463745
-0.3737267255783081,0.1615733802318573,3.3857028484344482,-0.3465915322303772,-0.028437569737434387,3.3897829055786133,-0.31887760758399963,-0.2183663696050644,3.3937973976135254,-0.2911628484725952,-0.40830087661743164,3.3978121280670166,-0.31992894411087036,-0.4126300811767578,3.4414732456207275,-0.4054866135120392,-0.4223852753639221,3.570591688156128,-0.3845847249031067,-0.1601617932319641,3.469297170639038,-0.3654298484325409,0.09180241823196411,3.3712611198425293,-0.3615988790988922,0.14219525456428528,3.351653814315796,-0.35393694043159485,0.2429809272289276,3.312439441680908,-0.3207380473613739,0.17077359557151794,3.2832159996032715,-0.26209554076194763,-0.40603598952293396,3.3541946411132812,-0.1765378713607788,-0.39628079533576965,3.225076198577881,0.03711387515068054,-0.23392224311828613,3.311396837234497,0.28190284967422485,-0.18344682455062866,3.4162516593933105,0.3308606445789337,-0.1733517348766327,3.437222719192505,0.42877623438835144,-0.15316157042980194,3.4791646003723145,0.353770911693573,-0.16064080595970154,3.5177435874938965,-0.43225619196891785,0.15504924952983856,3.4711294174194336,-0.37973636388778687,0.6243510842323303,3.4805362224578857,-0.3507280945777893,1.0431773662567139,3.4769935607910156,-0.2390689253807068,1.1412458419799805,3.54624605178833,-0.31519725918769836,0.16809751093387604,3.300276279449463,-0.32435154914855957,0.6300421357154846,3.398329257965088,-0.37593263387680054,1.0427865982055664,3.455345630645752,-0.28619781136512756,1.148719310760498,3.5425639152526855,-0.16930580139160156,-0.5020302534103394,3.4457483291625977,-0.14551764726638794,-0.5441275835037231,3.4510412216186523,-0.16752105951309204,-0.5942413806915283,3.4642701148986816,-0.2715721130371094,-0.6270699501037598,3.4651753902435303,-0.14070335030555725,-0.5855127573013306,3.4131646156311035,-0.195588618516922,-0.6023389101028442,3.320376396179199,-0.3782784044742584,1.1500966548919678,3.452728509902954,-0.42303794622421265,1.145057201385498,3.4452784061431885
-0.37896186113357544,0.16141420602798462,3.3865957260131836,-0.3513038456439972,-0.028515547513961792,3.3911519050598145,-0.32304129004478455,-0.21835942566394806,3.3955750465393066,-0.29477787017822266,-0.408208966255188,3.399998426437378,-0.3250211775302887,-0.41277334094047546,3.442626714706421,-0.4152061343193054,-0.4232543408870697,3.5690300464630127,-0.4026615619659424,-0.16245999932289124,3.462247848510742,-0.39057329297065735,0.08831042051315308,3.3595917224884033,-0.38815563917160034,0.13846451044082642,3.3390605449676514,-0.38332033157348633,0.2387726902961731,3.2979981899261475,-0.345892071723938,0.16748294234275818,3.2715907096862793,-0.26422739028930664,-0.40570807456970215,3.3574180603027344,-0.17404243350028992,-0.3952270746231079,3.2310147285461426,0.03138604760169983,-0.22898177802562714,3.329681634902954,0.2687298655509949,-0.17452865839004517,3.4491512775421143,0.3161986172199249,-0.16363804042339325,3.4730451107025146,0.4111361503601074,-0.14185678958892822,3.5208330154418945,0.33399635553359985,-0.15044456720352173,3.554835319519043,-0.44044220447540283,0.15445946156978607,3.4698941707611084,-0.38236790895462036,0.6230676174163818,3.478867292404175,-0.35087117552757263,1.0416356325149536,3.472289800643921,-0.24095816910266876,1.1397547721862793,3.544175148010254,-0.31748151779174805,0.16836895048618317,3.303297281265259,-0.3272571563720703,0.6305100917816162,3.4001309871673584,-0.3814965784549713,1.0435278415679932,3.4521782398223877,-0.29511040449142456,1.1502611637115479,3.5417392253875732,-0.17233368754386902,-0.5012478232383728,3.449995517730713,-0.14818166196346283,-0.5433159470558167,3.4557197093963623,-0.17005088925361633,-0.5937915444374084,3.468794107437134,-0.2742680609226227,-0.6276000738143921,3.4683258533477783,-0.14248773455619812,-0.5849010944366455,3.417835235595703,-0.19617241621017456,-0.6024104356765747,3.3239426612854004,-0.37700992822647095,1.1484519243240356,3.4461355209350586,-0.428371787071228,1.1456226110458374,3.439673662185669
-0.379890501499176,0.16181901097297668,3.38820743560791,-0.35258999466896057,-0.028164982795715332,3.392759323120117,-0.32479506731033325,-0.218080073595047,3.3971922397613525,-0.2969993054866791,-0.4080008566379547,3.401625394821167,-0.3282421827316284,-0.41265028715133667,3.4435181617736816,-0.42153531312942505,-0.4233999252319336,3.567939043045044,-0.407103568315506,-0.16429007053375244,3.4571359157562256,-0.3925906717777252,0.08502808213233948,3.3510875701904297,-0.389688104391098,0.13489171862602234,3.3298778533935547,-0.38388293981552124,0.23461899161338806,3.2874584197998047,-0.34558209776878357,0.16300645470619202,3.2631757259368896,-0.26545435190200806,-0.4054156243801117,3.359780788421631,-0.17216120660305023,-0.39466598629951477,3.2353599071502686,0.025265932083129883,-0.22438082098960876,3.3432905673980713,0.2558734118938446,-0.16595067083835602,3.4737610816955566,0.3019949197769165,-0.1542646437883377,3.4998552799224854,0.3942379057407379,-0.1308925896883011,3.5520434379577637,0.31572404503822327,-0.1408098340034485,3.5824108123779297,-0.4433228075504303,0.1546638309955597,3.47001314163208,-0.3828732669353485,0.6229391098022461,3.4784295558929443,-0.353502094745636,1.0415316820144653,3.4674532413482666,-0.24569126963615417,1.141116738319397,3.540464162826538,-0.31645819544792175,0.16897419095039368,3.3064017295837402,-0.3293193578720093,0.6314103603363037,3.4012391567230225,-0.3888819217681885,1.0443211793899536,3.4477131366729736,-0.30584922432899475,1.1527822017669678,3.538337230682373,-0.1748562753200531,-0.5018175840377808,3.4529898166656494,-0.15081308782100677,-0.5441374778747559,3.4589858055114746,-0.17307016253471375,-0.5947251915931702,3.4719552993774414,-0.27781981229782104,-0.6282902359962463,3.47057843208313,-0.14490903913974762,-0.5859406590461731,3.421034097671509,-0.19802998006343842,-0.6034008264541626,3.326301097869873,-0.3796486556529999,1.1478675603866577,3.439457654953003,-0.4364136755466461,1.145804524421692,3.4329965114593506
-0.3766607940196991,0.16238486766815186,3.3924858570098877,-0.3505688011646271,-0.027775123715400696,3.396869659423828,-0.3241193890571594,-0.21788761019706726,3.401169538497925,-0.2976691722869873,-0.40800580382347107,3.4054696559906006,-0.3305860161781311,-0.4127211272716522,3.4460535049438477,-0.42883560061454773,-0.42366379499435425,3.566591501235962,-0.37695395946502686,-0.16789135336875916,3.458960771560669,-0.32587215304374695,0.0782141387462616,3.3564627170562744,-0.31565579771995544,0.12743523716926575,3.335963010787964,-0.29522308707237244,0.22587743401527405,3.294963836669922,-0.2652410864830017,0.15005949139595032,3.2716360092163086,-0.2644648551940918,-0.40535682439804077,3.3649325370788574,-0.16621527075767517,-0.39441418647766113,3.244394540786743,0.010492682456970215,-0.21052363514900208,3.3654491901397705,0.2269086092710495,-0.14511731266975403,3.5156800746917725,0.2701917886734009,-0.13203604519367218,3.5457262992858887,0.356758177280426,-0.10587351769208908,3.605818748474121,0.27619245648384094,-0.11829490214586258,3.629192590713501,-0.443286657333374,0.1550692468881607,3.4717016220092773,-0.3872992992401123,0.6238654255867004,3.4770150184631348,-0.37279635667800903,1.042612075805664,3.4528236389160156,-0.2715233266353607,1.1485083103179932,3.526252508163452,-0.31003493070602417,0.169700488448143,3.313270092010498,-0.33717572689056396,0.633171558380127,3.3992388248443604,-0.4118489623069763,1.0448445081710815,3.432309627532959,-0.3364194929599762,1.1581628322601318,3.5235860347747803,-0.17785289883613586,-0.5052021145820618,3.4600775241851807,-0.15461315214633942,-0.5483530759811401,3.466542959213257,-0.17837396264076233,-0.5989730954170227,3.4787027835845947,-0.2845166027545929,-0.6307581663131714,3.4742140769958496,-0.1484137624502182,-0.5904009342193604,3.4282238483428955,-0.19962936639785767,-0.60647052526474,3.331190824508667,-0.40171971917152405,1.1468955278396606,3.420283555984497,-0.46188318729400635,1.1442960500717163,3.412907838821411
-0.3661365807056427,0.16227823495864868,3.4032692909240723,-0.3427349030971527,-0.02825358510017395,3.4066505432128906,-0.3191204071044922,-0.21876080334186554,3.4099390506744385,-0.29550519585609436,-0.40927374362945557,3.4132275581359863,-0.32780271768569946,-0.41361892223358154,3.4543473720550537,-0.42418327927589417,-0.4234570562839508,3.5765159130096436,-0.3353641629219055,-0.17296060919761658,3.48117733001709,-0.2487354278564453,0.06782875955104828,3.390470027923584,-0.2314096838235855,0.11598663032054901,3.372328519821167,-0.1967581808567047,0.21230238676071167,3.336045503616333,-0.17940029501914978,0.13421180844306946,3.3078527450561523,-0.26295098662376404,-0.4069991707801819,3.372143507003784,-0.16657042503356934,-0.3971610367298126,3.2499749660491943,0.000209808349609375,-0.20532216131687164,3.3728935718536377,0.2125387340784073,-0.13718494772911072,3.527766466140747,0.25500452518463135,-0.12355750799179077,3.5587410926818848,0.33993610739707947,-0.09630262106657028,3.62069034576416,0.25917431712150574,-0.11041366308927536,3.6424317359924316,-0.43135949969291687,0.15569491684436798,3.4837093353271484,-0.38219329714775085,0.6252525448799133,3.480684757232666,-0.38238227367401123,1.0432569980621338,3.443276882171631,-0.28347429633140564,1.1547409296035767,3.5114526748657227,-0.30091366171836853,0.16886155307292938,3.322829246520996,-0.3358224034309387,0.6334925889968872,3.3990538120269775,-0.4191465377807617,1.0440937280654907,3.4233615398406982,-0.3449111580848694,1.1612250804901123,3.510704278945923,-0.17773690819740295,-0.5108722448348999,3.4659972190856934,-0.1557222306728363,-0.5549289584159851,3.4719719886779785,-0.1810135394334793,-0.6050114631652832,3.4842309951782227,-0.288543164730072,-0.6334900259971619,3.4809410572052,-0.15133464336395264,-0.5970974564552307,3.433232307434082,-0.20445293188095093,-0.6110668778419495,3.3364450931549072,-0.41541460156440735,1.1454304456710815,3.4080822467803955,-0.4716663658618927,1.1419169902801514,3.4023499488830566
-0.35454505681991577,0.16196531057357788,3.40966534614563,-0.33392027020454407,-0.028908640146255493,3.4115495681762695,-0.3132951557636261,-0.21978211402893066,3.413478136062622,-0.2926694452762604,-0.41066133975982666,3.4154067039489746,-0.32389700412750244,-0.41466110944747925,3.4573795795440674,-0.4170672595500946,-0.42346832156181335,3.582130193710327,-0.2968864142894745,-0.18181319534778595,3.498995542526245,-0.1801290661096573,0.05024819076061249,3.419935703277588,-0.15677759051322937,0.09666046500205994,3.4041237831115723,-0.11007465422153473,0.18948501348495483,3.372499704360962,-0.1049300953745842,0.1118394136428833,3.338717222213745,-0.26121771335601807,-0.4087361693382263,3.3734548091888428,-0.1680474579334259,-0.3999289572238922,3.248704195022583,-0.011872902512550354,-0.19923032820224762,3.371511459350586,0.1974957138299942,-0.1282755732536316,3.5291991233825684,0.2393694370985031,-0.11408461630344391,3.560736656188965,0.32311689853668213,-0.08570270985364914,3.623811721801758,0.24244952201843262,-0.10172923654317856,3.6446080207824707,-0.41745638847351074,0.15598000586032867,3.4919729232788086,-0.37504932284355164,0.6261170506477356,3.482999086380005,-0.3882873058319092,1.0430538654327393,3.4370310306549072,-0.2907002866268158,1.1586984395980835,3.499976396560669,-0.2916337251663208,0.1679506152868271,3.327357769012451,-0.33492353558540344,0.6329675316810608,3.3965892791748047,-0.42604732513427734,1.0421319007873535,3.416731119155884,-0.3519287109375,1.1621434688568115,3.500173568725586,-0.17645008862018585,-0.5161771178245544,3.4653377532958984,-0.15553157031536102,-0.5610081553459167,3.470656394958496,-0.1820673644542694,-0.6105508804321289,3.4832582473754883,-0.29073378443717957,-0.6359875202178955,3.482123851776123,-0.15317368507385254,-0.6032062768936157,3.431525945663452,-0.2088683545589447,-0.6151778697967529,3.3355495929718018,-0.4252289831638336,1.1434845924377441,3.400726556777954,-0.48112812638282776,1.1385161876678467,3.3956308364868164
-0.33997735381126404,0.16097486019134521,3.4121482372283936,-0.32205796241760254,-0.03018239140510559,3.4123685359954834,-0.30432963371276855,-0.221357062458992,3.4128246307373047,-0.2866007685661316,-0.41253745555877686,3.413280963897705,-0.3160913288593292,-0.4162169098854065,3.4565205574035645,-0.40404388308525085,-0.42406636476516724,3.5850515365600586,-0.26589787006378174,-0.19042545557022095,3.5071449279785156,-0.1319202333688736,0.03380115330219269,3.432994842529297,-0.10512470453977585,0.07864648103713989,3.4181647300720215,-0.05153365060687065,0.1683371365070343,3.38850474357605,-0.055205732583999634,0.09235713630914688,3.3509654998779297,-0.2569175362586975,-0.4109358787536621,3.3700461387634277,-0.16896498203277588,-0.40308642387390137,3.2415151596069336,-0.02695944905281067,-0.1912367045879364,3.3627421855926514,0.180264413356781,-0.1168893426656723,3.521665334701538,0.22170919179916382,-0.10201986879110336,3.553449869155884,0.30459874868392944,-0.07228092849254608,3.6170191764831543,0.22448253631591797,-0.0911550372838974,3.6375327110290527,-0.399222195148468,0.15551909804344177,3.4971697330474854,-0.36456766724586487,0.6262136697769165,3.484957456588745,-0.3900492191314697,1.042210340499878,3.435777187347412,-0.29269546270370483,1.1608206033706665,3.4933300018310547,-0.28073251247406006,0.16643062233924866,3.3271267414093018,-0.33070915937423706,0.6312118768692017,3.3933393955230713,-0.4273427426815033,1.039046287536621,3.414651870727539,-0.35156312584877014,1.1608192920684814,3.4939441680908203,-0.17109332978725433,-0.5210683345794678,3.459282636642456,-0.1510203778743744,-0.5664727687835693,3.463826894760132,-0.1783299297094345,-0.6155227422714233,3.477182388305664,-0.28774458169937134,-0.6384861469268799,3.479487180709839,-0.15089726448059082,-0.6086711883544922,3.4244651794433594,-0.21001870930194855,-0.6190734505653381,3.3301219940185547,-0.43099433183670044,1.1413391828536987,3.4001994132995605,-0.4848138093948364,1.1344001293182373,3.395325183868408
-0.32843926548957825,0.16094693541526794,3.415640115737915,-0.31281235814094543,-0.030400916934013367,3.4137003421783447,-0.29739901423454285,-0.2217685878276825,3.4120287895202637,-0.28198519349098206,-0.41314196586608887,3.4103572368621826,-0.30891579389572144,-0.4167499542236328,3.4552416801452637,-0.38917624950408936,-0.4243794083595276,3.5886216163635254,-0.24292349815368652,-0.19600285589694977,3.5105767250061035,-0.101205974817276,0.02310328185558319,3.436163902282715,-0.07286246865987778,0.06692451238632202,3.421281337738037,-0.016175460070371628,0.15456697344779968,3.3915162086486816,-0.02640264481306076,0.08044323325157166,3.3516762256622314,-0.25488707423210144,-0.4116140604019165,3.36545467376709,-0.17462661862373352,-0.40398460626602173,3.232074737548828,-0.04940880835056305,-0.18158142268657684,3.352465867996216,0.15671369433403015,-0.10399369895458221,3.5109660625457764,0.19793818891048431,-0.08847615122795105,3.54266619682312,0.28038719296455383,-0.05744105949997902,3.6060662269592285,0.201443612575531,-0.08019128441810608,3.6269586086273193,-0.3823517858982086,0.15564675629138947,3.504148244857788,-0.3535131812095642,0.6266894340515137,3.4906039237976074,-0.38772085309028625,1.042225956916809,3.44290828704834,-0.28871023654937744,1.1622426509857178,3.494391441345215,-0.2745267450809479,0.16624711453914642,3.327131986618042,-0.3269692659378052,0.6306279301643372,3.39418888092041,-0.42462968826293945,1.0378448963165283,3.4216196537017822,-0.34483277797698975,1.1600866317749023,3.496098041534424,-0.16313502192497253,-0.5208677053451538,3.449329137802124,-0.14238527417182922,-0.5661033987998962,3.4523956775665283,-0.16847406327724457,-0.6155769228935242,3.466653347015381,-0.2774085998535156,-0.6397426128387451,3.474332571029663,-0.1438477635383606,-0.6079411506652832,3.412658929824829,-0.2076340615749359,-0.618107795715332,3.3213484287261963,-0.4321269392967224,1.1407325267791748,3.409848690032959,-0.4837821424007416,1.1328365802764893,3.4059371948242188
-0.3180012106895447,0.1593862771987915,3.4165806770324707,-0.30521681904792786,-0.03214988112449646,3.4131956100463867,-0.2927438020706177,-0.22371366620063782,3.4102394580841064,-0.28027039766311646,-0.415283203125,3.407283306121826,-0.30378976464271545,-0.4185822308063507,3.4540674686431885,-0.3737952709197998,-0.42528384923934937,3.592968702316284,-0.22486266493797302,-0.20102576911449432,3.509932279586792,-0.08061987161636353,0.014099180698394775,3.4305903911590576,-0.051771312952041626,0.057124171406030655,3.414721965789795,0.005925804376602173,0.1431741565465927,3.3829851150512695,-0.010075181722640991,0.07069134712219238,3.342339515686035,-0.25661545991897583,-0.41406625509262085,3.360466957092285,-0.18660995364189148,-0.4073646366596222,3.2215657234191895,-0.07947184890508652,-0.1742415428161621,3.3379387855529785,0.12840846180915833,-0.09168519079685211,3.490746021270752,0.16998451948165894,-0.07517392188310623,3.5213074684143066,0.25313663482666016,-0.04215138033032417,3.582430362701416,0.17635053396224976,-0.06924664229154587,3.605487108230591,-0.3648828864097595,0.1546231359243393,3.509032964706421,-0.3411259949207306,0.6259095072746277,3.4943437576293945,-0.3820084035396576,1.0412650108337402,3.4505276679992676,-0.2802283763885498,1.1619277000427246,3.494554042816162,-0.27111953496932983,0.1641494184732437,3.3241283893585205,-0.32182103395462036,0.6283653378486633,3.393583297729492,-0.4167177081108093,1.0356040000915527,3.4291181564331055,-0.33119112253189087,1.157707691192627,3.497183322906494,-0.1600734293460846,-0.5240192413330078,3.4387059211730957,-0.13951677083969116,-0.5694243311882019,3.4403979778289795,-0.16507044434547424,-0.6187507510185242,3.4561009407043457,-0.27353566884994507,-0.6421301960945129,3.470334768295288,-0.14371082186698914,-0.6111444234848022,3.4007179737091064,-0.21301674842834473,-0.620578944683075,3.3134162425994873,-0.4295625388622284,1.1394959688186646,3.4212467670440674,-0.47685879468917847,1.1306489706039429,3.4182746410369873
-0.30864518880844116,0.15831029415130615,3.414487361907959,-0.29875850677490234,-0.03337937593460083,3.410504102706909,-0.28926366567611694,-0.22510193288326263,3.407210111618042,-0.27976852655410767,-0.41683024168014526,3.4039158821105957,-0.29899340867996216,-0.4196644425392151,3.4526500701904297,-0.35612234473228455,-0.424976110458374,3.5971341133117676,-0.21097098290920258,-0.20334523916244507,3.50435209274292,-0.07040613889694214,0.009263604879379272,3.415515661239624,-0.04229316860437393,0.05178537592291832,3.3977484703063965,0.013932771980762482,0.13682891428470612,3.3622138500213623,-0.00683613121509552,0.06541986763477325,3.3224666118621826,-0.2604404389858246,-0.41607990860939026,3.3551461696624756,-0.2033115029335022,-0.4107682406902313,3.2106621265411377,-0.11368395388126373,-0.16743230819702148,3.318143367767334,0.0998593121767044,-0.07736800611019135,3.4564929008483887,0.1425679624080658,-0.05935514718294144,3.4841628074645996,0.22798526287078857,-0.02332942560315132,3.5395026206970215,0.15488125383853912,-0.05471429601311684,3.567453145980835,-0.34672975540161133,0.1543419510126114,3.510929822921753,-0.32847848534584045,0.6258702874183655,3.496199607849121,-0.37511956691741943,1.041247844696045,3.458836078643799,-0.2702625095844269,1.162179708480835,3.4940106868743896,-0.270560622215271,0.16227863729000092,3.318044900894165,-0.316405713558197,0.6263580322265625,3.3916492462158203,-0.40608492493629456,1.0338068008422852,3.436960220336914,-0.3140687346458435,1.155450463294983,3.496898651123047,-0.15926827490329742,-0.5272592306137085,3.4273529052734375,-0.13931961357593536,-0.5729694366455078,3.4278335571289062,-0.16443213820457458,-0.6218372583389282,3.445573091506958,-0.2719656825065613,-0.6435015201568604,3.467569351196289,-0.14693322777748108,-0.6147977113723755,3.3887717723846436,-0.222385436296463,-0.6235561370849609,3.3066322803497314,-0.4256189465522766,1.1393964290618896,3.4346566200256348,-0.4666500687599182,1.1290751695632935,3.432084321975708
-0.2980287969112396,0.15786248445510864,3.406484365463257,-0.29140520095825195,-0.03395652770996094,3.4035494327545166,-0.28522953391075134,-0.22580359876155853,3.401655435562134,-0.2790536880493164,-0.41765639185905457,3.399761438369751,-0.29303857684135437,-0.4196491241455078,3.4502809047698975,-0.3344770669937134,-0.42245766520500183,3.59964656829834,-0.19241130352020264,-0.21301256120204926,3.4820642471313477,-0.04807148873806,-0.015879258513450623,3.3711371421813965,-0.01920352317392826,0.023547403514385223,3.348951816558838,0.038532406091690063,0.10240072757005692,3.3045809268951416,0.008299779146909714,0.032162122428417206,3.270233392715454,-0.26500165462493896,-0.4177488684654236,3.3492212295532227,-0.22356316447257996,-0.41494032740592957,3.1998555660247803,-0.1529267132282257,-0.16090044379234314,3.2912325859069824,0.06777650117874146,-0.05746860057115555,3.4034478664398193,0.11191714555025101,-0.03678223118185997,3.4258909225463867,0.2001984417438507,0.004590507596731186,3.4707770347595215,0.13323278725147247,-0.03075772151350975,3.506740093231201,-0.32539528608322144,0.15538665652275085,3.5065388679504395,-0.3133898973464966,0.6271725296974182,3.4938948154449463,-0.36698251962661743,1.042420744895935,3.4655373096466064,-0.2598557472229004,1.1639574766159058,3.4902164936065674,-0.2706623077392578,0.16033831238746643,3.306429862976074,-0.31018197536468506,0.6241462230682373,3.3852100372314453,-0.39471402764320374,1.0313889980316162,3.4410223960876465,-0.2967700958251953,1.1530181169509888,3.4907188415527344,-0.15953247249126434,-0.5305802226066589,3.4151787757873535,-0.14064788818359375,-0.5767520070075989,3.414836883544922,-0.16530956327915192,-0.6247202754020691,3.4354655742645264,-0.27113640308380127,-0.6434417963027954,3.4666378498077393,-0.15241527557373047,-0.6190156936645508,3.377286911010742,-0.23460254073143005,-0.627278745174408,3.3017985820770264,-0.42055565118789673,1.140324592590332,3.4478583335876465,-0.455539345741272,1.1265935897827148,3.443061113357544
-0.2896202802658081,0.15910109877586365,3.399231433868408,-0.28560101985931396,-0.03273545205593109,3.398348569869995,-0.2819637060165405,-0.22458098828792572,3.3988564014434814,-0.27832627296447754,-0.41643229126930237,3.3993642330169678,-0.2864765524864197,-0.41749271750450134,3.451152801513672,-0.3105548322200775,-0.4175453186035156,3.603773355484009,-0.18558424711227417,-0.21211948990821838,3.4661521911621094,-0.05248801410198212,-0.021540790796279907,3.336031913757324,-0.025868766009807587,0.016574949026107788,3.3100078105926514,0.027369730174541473,0.09280642867088318,3.2579596042633057,-0.007063038647174835,0.022722195833921432,3.2291693687438965,-0.2701364755630493,-0.4174570143222809,3.347580909729004,-0.24605819582939148,-0.4174044132232666,3.194960355758667,-0.19451628625392914,-0.15436697006225586,3.2650442123413086,0.032858237624168396,-0.037121422588825226,3.339343786239624,0.07833313941955566,-0.01367231272161007,3.354203701019287,0.1692829430103302,0.03322590887546539,3.3839235305786133,0.11093699932098389,-0.003979619592428207,3.4301598072052,-0.30511045455932617,0.15830446779727936,3.50181245803833,-0.29868456721305847,0.6302814483642578,3.4928646087646484,-0.35906001925468445,1.0451936721801758,3.4753057956695557,-0.25091755390167236,1.1676033735275269,3.488616466522217,-0.27413010597229004,0.15989772975444794,3.2966504096984863,-0.30551373958587646,0.6235343217849731,3.3799562454223633,-0.3838944435119629,1.0305190086364746,3.445725202560425,-0.28108710050582886,1.1523600816726685,3.4836924076080322,-0.16038501262664795,-0.5318589806556702,3.4068405628204346,-0.14262282848358154,-0.578481137752533,3.4059550762176514,-0.16638828814029694,-0.6253741383552551,3.42988657951355,-0.26940256357192993,-0.6408317685127258,3.470841884613037,-0.15864503383636475,-0.6212989687919617,3.3706507682800293,-0.24746331572532654,-0.6292855143547058,3.303006649017334,-0.41523265838623047,1.1426944732666016,3.4650158882141113,-0.4442904591560364,1.125566840171814,3.4549925327301025
-0.2820475399494171,0.16136562824249268,3.3862106800079346,-0.2800431251525879,-0.030384942889213562,3.388460874557495,-0.2782924473285675,-0.22210772335529327,3.3925445079803467,-0.27654170989990234,-0.4138362407684326,3.3966283798217773,-0.27842411398887634,-0.4137803316116333,3.449002265930176,-0.2839752435684204,-0.41055920720100403,3.6026086807250977,-0.1792256087064743,-0.21382102370262146,3.44209361076355,-0.05543552339076996,-0.03746858239173889,3.2893598079681396,-0.03067750670015812,-0.002198096364736557,3.2588131427764893,0.01883852668106556,0.06834287941455841,3.1977195739746094,-0.021136675029993057,-0.0007588490843772888,3.1768698692321777,-0.2746402621269226,-0.41597598791122437,3.344298839569092,-0.26908913254737854,-0.41919711232185364,3.19069242477417,-0.23931686580181122,-0.14996060729026794,3.2361767292022705,-0.010620415210723877,-0.020920604467391968,3.264432191848755,0.03511887416243553,0.004887394607067108,3.27008318901062,0.12659744918346405,0.05650339275598526,3.2813854217529297,0.07897627353668213,0.02034386247396469,3.338240385055542,-0.28483811020851135,0.16255314648151398,3.489894151687622,-0.2836776375770569,0.6346446871757507,3.4868979454040527,-0.351176381111145,1.0488059520721436,3.4826979637145996,-0.24382980167865753,1.172619104385376,3.4843671321868896,-0.2792569696903229,0.16017811000347137,3.282527208328247,-0.30159425735473633,0.6234207153320312,3.3707776069641113,-0.3736308217048645,1.0297187566757202,3.447171449661255,-0.2676374614238739,1.1520824432373047,3.4726333618164062,-0.16038544476032257,-0.5313330888748169,3.3961920738220215,-0.14358565211296082,-0.5783147811889648,3.3951058387756348,-0.1656242311000824,-0.6239466071128845,3.422846794128418,-0.2642802894115448,-0.6360285878181458,3.474355936050415,-0.16378428041934967,-0.621905505657196,3.3630218505859375,-0.2590670585632324,-0.6302455067634583,3.3048512935638428,-0.4094581604003906,1.1455886363983154,3.480741500854492,-0.4329741299152374,1.1243635416030884,3.464148759841919
-0.2766459286212921,0.16479834914207458,3.374295473098755,-0.2757737636566162,-0.026772484183311462,3.3799867630004883,-0.2749415934085846,-0.21827101707458496,3.3877432346343994,-0.2741093933582306,-0.4097752571105957,3.3954999446868896,-0.2698060870170593,-0.40868523716926575,3.4476871490478516,-0.2572651207447052,-0.40246912837028503,3.599811553955078,-0.17740097641944885,-0.21493858098983765,3.4197208881378174,-0.06622108072042465,-0.0543789267539978,3.2457752227783203,-0.04398510232567787,-0.022266995161771774,3.2109861373901367,0.0004868544638156891,0.04195686802268028,3.1414079666137695,-0.043364524841308594,-0.025922734290361404,3.129365921020508,-0.2784036695957184,-0.41294676065444946,3.3433969020843506,-0.2909446358680725,-0.4191628694534302,3.191272497177124,-0.28609704971313477,-0.1478690803050995,3.2101094722747803,-0.06385694444179535,-0.011292040348052979,3.1913082599639893,-0.019408922642469406,0.016023365780711174,3.1875479221343994,0.06948712468147278,0.07065417617559433,3.180027484893799,0.03302983194589615,0.03888438642024994,3.245884418487549,-0.2669048011302948,0.16790850460529327,3.4774928092956543,-0.2698167860507965,0.6399874091148376,3.4812045097351074,-0.3432992398738861,1.0530235767364502,3.491441488265991,-0.2383372187614441,1.1785216331481934,3.4820096492767334,-0.28638705611228943,0.1616881936788559,3.2710981369018555,-0.2989766001701355,0.6244834065437317,3.363525629043579,-0.36414480209350586,1.029897689819336,3.450103282928467,-0.2567237615585327,1.1529622077941895,3.463203191757202,-0.16006094217300415,-0.5290560722351074,3.3875572681427,-0.1440432071685791,-0.5763094425201416,3.3864400386810303,-0.16374985873699188,-0.6206282377243042,3.417825222015381,-0.256872296333313,-0.6294025182723999,3.479334592819214,-0.1679069697856903,-0.6206247210502625,3.358081340789795,-0.26865077018737793,-0.6293926239013672,3.310060501098633,-0.4027807116508484,1.1488696336746216,3.497997760772705,-0.42167454957962036,1.1240142583847046,3.474595785140991
-0.27286791801452637,0.1703338921070099,3.3598461151123047,-0.2745473384857178,-0.020930111408233643,3.3704090118408203,-0.2758600115776062,-0.21207131445407867,3.3830435276031494,-0.277172714471817,-0.40321826934814453,3.3956785202026367,-0.26247963309288025,-0.4010443389415741,3.4458770751953125,-0.22042983770370483,-0.39185452461242676,3.58927321434021,-0.1865023970603943,-0.21147605776786804,3.3952651023864746,-0.09523536264896393,-0.07422289252281189,3.198345422744751,-0.07698195427656174,-0.04677225649356842,3.158961534500122,-0.04047514125704765,0.00812901183962822,3.0801937580108643,-0.0884486511349678,-0.056173477321863174,3.0801172256469727,-0.2918800711631775,-0.4074696898460388,3.3456172943115234,-0.3339298665523529,-0.41665950417518616,3.202221155166626,-0.3912598788738251,-0.15707626938819885,3.1766011714935303,-0.1889159083366394,-0.026772677898406982,3.0870280265808105,-0.14844711124897003,-0.0007119588553905487,3.0691134929656982,-0.06750952452421188,0.05140947923064232,3.0332841873168945,-0.08881709724664688,0.0352783203125,3.1089284420013428,-0.2421920746564865,0.17552563548088074,3.4587302207946777,-0.25036847591400146,0.6473705768585205,3.4735188484191895,-0.3317607343196869,1.0574870109558105,3.509805202484131,-0.23454010486602783,1.1865694522857666,3.482478380203247,-0.30354374647140503,0.16514214873313904,3.2609620094299316,-0.29474085569381714,0.6271787881851196,3.3577497005462646,-0.3496273159980774,1.0299665927886963,3.462087392807007,-0.24428725242614746,1.1553499698638916,3.4555037021636963,-0.16963545978069305,-0.5274741649627686,3.3780953884124756,-0.1555345356464386,-0.5753584504127502,3.377532720565796,-0.1716531664133072,-0.6169669032096863,3.4142515659332275,-0.25452080368995667,-0.6183146238327026,3.4895522594451904,-0.1849091500043869,-0.6201850175857544,3.3559207916259766,-0.2920794188976288,-0.627432644367218,3.3242814540863037,-0.3912983536720276,1.1511650085449219,3.5310096740722656,-0.4030361771583557,1.1224347352981567,3.499061346054077
-0.2771252691745758,0.17427682876586914,3.358426570892334,-0.2794351279735565,-0.01685929298400879,3.3706722259521484,-0.28122377395629883,-0.2078789621591568,3.3846936225891113,-0.2830124795436859,-0.39890435338020325,3.3987154960632324,-0.2637156546115875,-0.3965613842010498,3.4473166465759277,-0.2089754045009613,-0.38697487115859985,3.584900140762329,-0.1953575164079666,-0.19931799173355103,3.397893190383911,-0.11444585770368576,-0.06023409962654114,3.1999740600585938,-0.09826352447271347,-0.03241731971502304,3.1603901386260986,-0.06589885801076889,0.023216236382722855,3.0812225341796875,-0.11402128636837006,-0.04028397426009178,3.0826730728149414,-0.3023287355899811,-0.40332359075546265,3.350266933441162,-0.3570689857006073,-0.4129101037979126,3.2126834392547607,-0.4441761374473572,-0.16425999999046326,3.1817381381988525,-0.25086796283721924,-0.036471664905548096,3.0751309394836426,-0.21220631897449493,-0.010913996025919914,3.053809404373169,-0.13488304615020752,0.0402013435959816,3.011166572570801,-0.15235641598701477,0.028987690806388855,3.088102340698242,-0.23719660937786102,0.17991168797016144,3.4539103507995605,-0.24296964704990387,0.6516849398612976,3.4723732471466064,-0.322501003742218,1.0610344409942627,3.519925355911255,-0.2288958728313446,1.1908906698226929,3.4847283363342285,-0.3170539140701294,0.16864196956157684,3.2629427909851074,-0.2960865795612335,0.6308728456497192,3.3570024967193604,-0.3449189066886902,1.0328906774520874,3.4672319889068604,-0.24170240759849548,1.159248948097229,3.451632022857666,-0.17865075170993805,-0.5253764390945435,3.3778958320617676,-0.1653200089931488,-0.5734907388687134,3.3778107166290283,-0.17966683208942413,-0.6137999892234802,3.416663646697998,-0.2575624883174896,-0.6116927266120911,3.497100591659546,-0.19667963683605194,-0.6184123754501343,3.359403133392334,-0.30576545000076294,-0.6247610449790955,3.334862232208252,-0.3802131414413452,1.1541988849639893,3.547508478164673,-0.3956018388271332,1.1247771978378296,3.5091753005981445
-0.2819189131259918,0.17687469720840454,3.3596861362457275,-0.2845954895019531,-0.014205202460289001,3.3726234436035156,-0.2866698205471039,-0.20518390834331512,3.3870768547058105,-0.2887442111968994,-0.3961683511734009,3.4015305042266846,-0.2660292088985443,-0.3938943147659302,3.4486327171325684,-0.20209257304668427,-0.38457679748535156,3.580925703048706,-0.20087575912475586,-0.18661196529865265,3.406378984451294,-0.12787184119224548,-0.03914782404899597,3.2131755352020264,-0.11327105760574341,-0.009654995054006577,3.174534797668457,-0.08406949043273926,0.049330662935972214,3.0972533226013184,-0.13218821585178375,-0.013678468763828278,3.0976474285125732,-0.3114817440509796,-0.40051811933517456,3.354585647583008,-0.37541836500167847,-0.4098356366157532,3.22229266166687,-0.4860767126083374,-0.17130672931671143,3.1995596885681152,-0.30161118507385254,-0.039214640855789185,3.085862874984741,-0.26471808552742004,-0.012796223163604736,3.0631234645843506,-0.19093187153339386,0.04004061222076416,3.0176446437835693,-0.20542208850383759,0.029204770922660828,3.094835042953491,-0.23507848381996155,0.1824668049812317,3.451969623565674,-0.23570717871189117,0.6542106866836548,3.4722366333007812,-0.31045424938201904,1.0634666681289673,3.5277624130249023,-0.21927788853645325,1.1933103799819946,3.486628770828247,-0.3287593424320221,0.1712825894355774,3.2674026489257812,-0.2987433969974518,0.6339550018310547,3.3567707538604736,-0.3419490456581116,1.0358717441558838,3.469717025756836,-0.2407488226890564,1.1627557277679443,3.4468371868133545,-0.1864997148513794,-0.5239912271499634,3.378359794616699,-0.17359286546707153,-0.5722295641899109,3.3785717487335205,-0.18649476766586304,-0.6116897463798523,3.4187939167022705,-0.2606299817562103,-0.6073784828186035,3.5026509761810303,-0.20614536106586456,-0.6171951293945312,3.362452983856201,-0.3163066506385803,-0.622977077960968,3.3430187702178955,-0.36576205492019653,1.1566040515899658,3.5599822998046875,-0.39008432626724243,1.127549409866333,3.5149924755096436
-0.28596219420433044,0.17937999963760376,3.363504648208618,-0.2888275980949402,-0.011674076318740845,3.376749277114868,-0.2910957336425781,-0.2026461660861969,3.3912341594696045,-0.29336392879486084,-0.3936239778995514,3.40571928024292,-0.2679384648799896,-0.3915034532546997,3.4514222145080566,-0.19680099189281464,-0.3826710283756256,3.5790109634399414,-0.2024753838777542,-0.1734166294336319,3.4200384616851807,-0.1353268027305603,-0.014450907707214355,3.2353756427764893,-0.12189708650112152,0.017342235893011093,3.1984431743621826,-0.09503765404224396,0.08092851936817169,3.1245779991149902,-0.1433752328157425,0.01852932944893837,3.1224701404571533,-0.31881406903266907,-0.3978201746940613,3.3601741790771484,-0.38995152711868286,-0.4066525995731354,3.2325854301452637,-0.518751323223114,-0.17769186198711395,3.22367000579834,-0.343187153339386,-0.03754882514476776,3.1078402996063232,-0.30807432532310486,-0.009520217776298523,3.08467435836792,-0.2378486543893814,0.046536996960639954,3.0383424758911133,-0.24959349632263184,0.033751100301742554,3.1153697967529297,-0.2337440550327301,0.18479137122631073,3.4528610706329346,-0.22896915674209595,0.6565621495246887,3.471919298171997,-0.2985598146915436,1.0661276578903198,3.5317039489746094,-0.20933566987514496,1.195579171180725,3.485379934310913,-0.3381803333759308,0.1739686280488968,3.2741482257843018,-0.30179363489151,0.6373196244239807,3.357428550720215,-0.33995819091796875,1.0397305488586426,3.4704325199127197,-0.2406499683856964,1.166802167892456,3.441188335418701,-0.19276808202266693,-0.522454023361206,3.3806252479553223,-0.1801571398973465,-0.570785403251648,3.381016254425049,-0.19187302887439728,-0.6096467971801758,3.4221982955932617,-0.2629828453063965,-0.603754997253418,3.50858736038208,-0.2135489284992218,-0.6157519817352295,3.366647958755493,-0.32439789175987244,-0.6210528612136841,3.3511948585510254,-0.3514980673789978,1.159498929977417,3.5670735836029053,-0.3857824504375458,1.1315102577209473,3.517848491668701
-0.2886541783809662,0.18144473433494568,3.3682241439819336,-0.29182055592536926,-0.00960586965084076,3.381427049636841,-0.294446736574173,-0.2005925476551056,3.3956351280212402,-0.29707300662994385,-0.39158493280410767,3.4098434448242188,-0.2694249749183655,-0.3897056579589844,3.45424747467041,-0.19239337742328644,-0.3815820813179016,3.5776844024658203,-0.2005734145641327,-0.16129820048809052,3.4360578060150146,-0.1370670199394226,0.010050445795059204,3.262629508972168,-0.12436573952436447,0.04432017356157303,3.2279438972473145,-0.0989631786942482,0.11285962909460068,3.1585726737976074,-0.14794129133224487,0.05148405581712723,3.153193473815918,-0.32474955916404724,-0.3955400586128235,3.3655941486358643,-0.4017811417579651,-0.40366363525390625,3.242157220840454,-0.5434169769287109,-0.18334978818893433,3.2493057250976562,-0.3759250342845917,-0.03464341163635254,3.1339640617370605,-0.3424266576766968,-0.004902135580778122,3.1108956336975098,-0.2754298746585846,0.05458041653037071,3.0647590160369873,-0.2844879925251007,0.03881513327360153,3.1413369178771973,-0.23209291696548462,0.1864982545375824,3.4549152851104736,-0.22330045700073242,0.6582819223403931,3.4715371131896973,-0.2890780568122864,1.0680732727050781,3.5339016914367676,-0.2019183337688446,1.1972514390945435,3.4831247329711914,-0.34521543979644775,0.17639121413230896,3.2815330028533936,-0.3051263093948364,0.6405115127563477,3.3584656715393066,-0.3388213515281677,1.0437848567962646,3.4697320461273193,-0.24133166670799255,1.1707922220230103,3.4347033500671387,-0.19805195927619934,-0.5213192701339722,3.382800340652466,-0.18573731184005737,-0.569746732711792,3.3832075595855713,-0.19647052884101868,-0.6082178950309753,3.4250500202178955,-0.2649601399898529,-0.6011717915534973,3.5135011672973633,-0.2198406457901001,-0.6146218776702881,3.370199680328369,-0.33117544651031494,-0.6193163990974426,3.3580918312072754,-0.3400571644306183,1.1616109609603882,3.57161545753479,-0.38254958391189575,1.135873556137085,3.5184969902038574
-0.28999781608581543,0.18249106407165527,3.3725223541259766,-0.2932418882846832,-0.008582442998886108,3.385335683822632,-0.2960013151168823,-0.19960713386535645,3.3989646434783936,-0.2987608015537262,-0.3906375467777252,3.4125940799713135,-0.26906824111938477,-0.3890368938446045,3.4556679725646973,-0.18658214807510376,-0.3817100524902344,3.575061559677124,-0.19523116946220398,-0.15257522463798523,3.4497311115264893,-0.13386286795139313,0.02950333058834076,3.287820816040039,-0.12158920615911484,0.06591904163360596,3.255438804626465,-0.09704188257455826,0.13875046372413635,3.1906747817993164,-0.14668172597885132,0.07854355871677399,3.1821391582489014,-0.32848337292671204,-0.3943144679069519,3.3696682453155518,-0.41096946597099304,-0.401641309261322,3.250274658203125,-0.5610504746437073,-0.18906725943088531,3.274217128753662,-0.4016110897064209,-0.03258240222930908,3.1592164039611816,-0.36972320079803467,-0.0012854337692260742,3.136216163635254,-0.3059474527835846,0.06130850315093994,3.0902159214019775,-0.31181102991104126,0.0424196720123291,3.1661808490753174,-0.2294745147228241,0.18709629774093628,3.456519842147827,-0.21890056133270264,0.6588361263275146,3.470568895339966,-0.28258126974105835,1.0685222148895264,3.5352163314819336,-0.1980961412191391,1.1977603435516357,3.4803388118743896,-0.35052111744880676,0.17788583040237427,3.288524866104126,-0.30854684114456177,0.6427382826805115,3.359221935272217,-0.337965190410614,1.0469986200332642,3.4677822589874268,-0.2424710988998413,1.1737771034240723,3.4270405769348145,-0.2010691910982132,-0.5208733677864075,3.382293939590454,-0.18888121843338013,-0.5693868398666382,3.3823771476745605,-0.19822615385055542,-0.607764720916748,3.4247167110443115,-0.26353150606155396,-0.6002904176712036,3.515650510787964,-0.223600834608078,-0.6142323017120361,3.370704412460327,-0.3354264497756958,-0.6186152696609497,3.3626155853271484,-0.33196988701820374,1.162004828453064,3.5750579833984375,-0.37960267066955566,1.1394926309585571,3.517549514770508
-0.2899630665779114,0.182790607213974,3.3767342567443848,-0.29334524273872375,-0.008308440446853638,3.3890380859375,-0.29635757207870483,-0.1993732899427414,3.401953935623169,-0.2993699908256531,-0.3904438614845276,3.414870262145996,-0.2678543031215668,-0.3891606032848358,3.4566378593444824,-0.18048277497291565,-0.382727712392807,3.572176456451416,-0.18823693692684174,-0.14710566401481628,3.4607625007629395,-0.1287088543176651,0.043433770537376404,3.30906343460083,-0.11680323630571365,0.08154165744781494,3.27872371673584,-0.09299200773239136,0.15775743126869202,3.2180440425872803,-0.1434965282678604,0.09888456761837006,3.207155704498291,-0.33091843128204346,-0.39380380511283875,3.3732430934906006,-0.4182899594306946,-0.40023669600486755,3.257704496383667,-0.5718357563018799,-0.19328774511814117,3.2975382804870605,-0.4179466962814331,-0.031915292143821716,3.1829147338867188,-0.38716888427734375,0.0003591962158679962,3.159990072250366,-0.32561326026916504,0.06490817666053772,3.114140748977661,-0.32855284214019775,0.04322442412376404,3.189350128173828,-0.22593578696250916,0.18689735233783722,3.4581189155578613,-0.21570293605327606,0.6585535407066345,3.468688488006592,-0.2791000008583069,1.0679137706756592,3.534616231918335,-0.1977928876876831,1.1974141597747803,3.4758806228637695,-0.3539903461933136,0.17868386209011078,3.295349597930908,-0.3116433620452881,0.6441104412078857,3.3606247901916504,-0.33775410056114197,1.049142837524414,3.4664952754974365,-0.244521826505661,1.1757532358169556,3.4205753803253174,-0.2031695693731308,-0.5210850834846497,3.3804163932800293,-0.1911100298166275,-0.5697084665298462,3.379911184310913,-0.19891294836997986,-0.608220636844635,3.422563314437866,-0.26068025827407837,-0.6007676124572754,3.516148567199707,-0.2264455258846283,-0.6144977807998657,3.3694894313812256,-0.33868923783302307,-0.6185527443885803,3.3657724857330322,-0.3273347318172455,1.1612004041671753,3.5761706829071045,-0.3775351047515869,1.1419501304626465,3.517091989517212
-0.2878648340702057,0.18248853087425232,3.380711793899536,-0.2915026843547821,-0.008638113737106323,3.392373561859131,-0.29492366313934326,-0.1997433751821518,3.4044442176818848,-0.2983447313308716,-0.3908543586730957,3.416515350341797,-0.2652004361152649,-0.3899329900741577,3.457009792327881,-0.17343589663505554,-0.3845096826553345,3.5688798427581787,-0.18007893860340118,-0.14422956109046936,3.468963861465454,-0.12232626974582672,0.05277375876903534,3.3257718086242676,-0.11077573895454407,0.09217442572116852,3.297133445739746,-0.08767466992139816,0.17097574472427368,3.239856719970703,-0.13907574117183685,0.11338105797767639,3.227391004562378,-0.3315262198448181,-0.3938528895378113,3.3761520385742188,-0.42329075932502747,-0.3992761969566345,3.264281988143921,-0.5758216381072998,-0.1952352374792099,3.317793369293213,-0.4242292046546936,-0.032776206731796265,3.2025699615478516,-0.3939107060432434,-0.0002843998372554779,3.179525375366211,-0.3332737386226654,0.0646992176771164,3.1334359645843506,-0.3338489830493927,0.040947578847408295,3.207935094833374,-0.2207316756248474,0.1860230416059494,3.4595813751220703,-0.21341142058372498,0.6575483679771423,3.466125726699829,-0.2786097228527069,1.0663093328475952,3.5325546264648438,-0.2010461837053299,1.1963024139404297,3.470205307006836,-0.35499799251556396,0.17895402014255524,3.301842212677002,-0.31390759348869324,0.6449134349822998,3.36205792427063,-0.33877140283584595,1.0503913164138794,3.4655890464782715,-0.24833279848098755,1.1771817207336426,3.415123224258423,-0.20380914211273193,-0.5217394828796387,3.3772566318511963,-0.19189059734344482,-0.5704765915870667,3.375943422317505,-0.1980673223733902,-0.609320342540741,3.4187052249908447,-0.25606051087379456,-0.602319598197937,3.514948844909668,-0.22780781984329224,-0.6151909828186035,3.36666202545166,-0.3403252363204956,-0.6189531683921814,3.367492437362671,-0.3261969983577728,1.1592320203781128,3.5754806995391846,-0.3772055506706238,1.143287181854248,3.516921281814575
-0.2841512858867645,0.18151098489761353,3.3849070072174072,-0.28822213411331177,-0.009640514850616455,3.3958396911621094,-0.2922452688217163,-0.20078156888484955,3.406970977783203,-0.2962685227394104,-0.3919283449649811,3.418102502822876,-0.26164159178733826,-0.3914148807525635,3.457340717315674,-0.1658242642879486,-0.38712233304977417,3.5656821727752686,-0.17043840885162354,-0.14330275356769562,3.475531578063965,-0.11403916776180267,0.05893775820732117,3.3398311138153076,-0.10275931656360626,0.09938585758209229,3.3126909732818604,-0.08019962161779404,0.18028205633163452,3.258410692214966,-0.13263759016990662,0.12401119619607925,3.244863510131836,-0.3309392035007477,-0.3945193588733673,3.3789854049682617,-0.42675653100013733,-0.3988119065761566,3.270643949508667,-0.5738810300827026,-0.19424036145210266,3.3346853256225586,-0.4210318922996521,-0.035379767417907715,3.216799020767212,-0.39046207070350647,-0.0036076493561267853,3.1932218074798584,-0.3293224275112152,0.059936586767435074,3.1460673809051514,-0.328216552734375,0.035143762826919556,3.2201197147369385,-0.2141977846622467,0.18439121544361115,3.461313009262085,-0.21108706295490265,0.6558054685592651,3.4633827209472656,-0.27914959192276,1.0639344453811646,3.5297114849090576,-0.2055535465478897,1.1944613456726074,3.463942527770996,-0.35410478711128235,0.1786307543516159,3.3085010051727295,-0.3159433901309967,0.6453198194503784,3.363185405731201,-0.3405098021030426,1.0515108108520508,3.4632186889648438,-0.2530957758426666,1.178430438041687,3.4081785678863525,-0.20353882014751434,-0.5228825807571411,3.373812437057495,-0.19177131354808807,-0.5717172026634216,3.3715908527374268,-0.19629210233688354,-0.6109899282455444,3.414311408996582,-0.2503902018070221,-0.6047040820121765,3.513078451156616,-0.2282031923532486,-0.6163626909255981,3.3633852005004883,-0.34080496430397034,-0.6199268698692322,3.3687877655029297,-0.32636910676956177,1.1564685106277466,3.573744058609009,-0.3778366148471832,1.1446012258529663,3.5149097442626953
-0.27965807914733887,0.18055251240730286,3.3895204067230225,-0.2842973470687866,-0.010623246431350708,3.3995754718780518,-0.2890531122684479,-0.20179533958435059,3.4096457958221436,-0.29380902647972107,-0.3929731845855713,3.4197163581848145,-0.25781476497650146,-0.39291003346443176,3.4577033519744873,-0.15820656716823578,-0.38986244797706604,3.5625996589660645,-0.1600397676229477,-0.14333227276802063,3.480654001235962,-0.10448065400123596,0.06312164664268494,3.3514509201049805,-0.09336882829666138,0.10441243648529053,3.325610399246216,-0.07114517688751221,0.1869940161705017,3.2739291191101074,-0.12474492192268372,0.13207674026489258,3.259725570678711,-0.32985496520996094,-0.39511415362358093,3.381838798522949,-0.42946314811706543,-0.39816173911094666,3.276942491531372,-0.5685626268386841,-0.19068153202533722,3.348349094390869,-0.41238585114479065,-0.03846178948879242,3.2265236377716064,-0.381150484085083,-0.00801784172654152,3.2021584510803223,-0.3186797797679901,0.05287005379796028,3.153428316116333,-0.3165186047554016,0.027779236435890198,3.2272956371307373,-0.20708763599395752,0.1826808750629425,3.4634695053100586,-0.20892949402332306,0.6539493799209595,3.460869312286377,-0.2806272506713867,1.0613434314727783,3.5270447731018066,-0.21122176945209503,1.1924506425857544,3.4580814838409424,-0.3522285223007202,0.1784241497516632,3.3155713081359863,-0.31805258989334106,0.6458430290222168,3.365126848220825,-0.34364521503448486,1.05257248878479,3.4621105194091797,-0.25964194536209106,1.1798456907272339,3.4028892517089844,-0.20297178626060486,-0.5237804651260376,3.370302438735962,-0.19135518372058868,-0.5726847648620605,3.367100238800049,-0.19421914219856262,-0.6124614477157593,3.4096322059631348,-0.24438244104385376,-0.6071349382400513,3.5107240676879883,-0.22821545600891113,-0.6172798275947571,3.3598921298980713,-0.34070533514022827,-0.6207870244979858,3.3697941303253174,-0.3276616632938385,1.1534390449523926,3.5720911026000977,-0.38017717003822327,1.1457245349884033,3.51417875289917
-0.2751561999320984,0.17932745814323425,3.395439386367798,-0.28049901127815247,-0.01186034083366394,3.404679298400879,-0.2861422896385193,-0.20304761826992035,3.4137496948242188,-0.29178571701049805,-0.3942406177520752,3.422820568084717,-0.25456473231315613,-0.3946365714073181,3.4596002101898193,-0.15155503153800964,-0.3928584158420563,3.5611684322357178,-0.15187925100326538,-0.1455671638250351,3.4829139709472656,-0.09749554097652435,0.06155642867088318,3.355072498321533,-0.08661879599094391,0.10298115015029907,3.3295042514801025,-0.06486531347036362,0.18583059310913086,3.278367519378662,-0.11977918446063995,0.13212230801582336,3.26530122756958,-0.32906806468963623,-0.3959226608276367,3.386139392852783,-0.4320777654647827,-0.39770081639289856,3.2845711708068848,-0.5614654421806335,-0.1860421895980835,3.360309600830078,-0.4021354019641876,-0.042506471276283264,3.232980489730835,-0.37026938796043396,-0.013799326494336128,3.207514762878418,-0.30653735995292664,0.043614961206912994,3.156583070755005,-0.3034074306488037,0.018985938280820847,3.2304372787475586,-0.20025312900543213,0.18069475889205933,3.4670417308807373,-0.2073603719472885,0.6517670154571533,3.458622932434082,-0.28293025493621826,1.0586096048355103,3.5234286785125732,-0.21762138605117798,1.190042495727539,3.4512245655059814,-0.35005927085876465,0.17796015739440918,3.3238370418548584,-0.32007700204849243,0.646131157875061,3.367966890335083,-0.34761059284210205,1.0533570051193237,3.4619908332824707,-0.26712071895599365,1.1810462474822998,3.398982048034668,-0.20273226499557495,-0.524682343006134,3.3685083389282227,-0.19123081862926483,-0.5736254453659058,3.3643264770507812,-0.19250693917274475,-0.6139364838600159,3.4065632820129395,-0.23892490565776825,-0.6097342371940613,3.5096852779388428,-0.2284017652273178,-0.6182222366333008,3.358001232147217,-0.34062695503234863,-0.6218773126602173,3.3720927238464355,-0.32988983392715454,1.1504127979278564,3.569098711013794,-0.38361841440200806,1.146535873413086,3.5143351554870605
-0.27053382992744446,0.17892077565193176,3.402371406555176,-0.2765422463417053,-0.012276217341423035,3.4106602668762207,-0.28300344944000244,-0.20347203314304352,3.4186291694641113,-0.2894648313522339,-0.39467358589172363,3.426598310470581,-0.25118309259414673,-0.3955230116844177,3.462258815765381,-0.14523977041244507,-0.3949986398220062,3.5607378482818604,-0.1444772332906723,-0.14700713753700256,3.486269474029541,-0.0914570540189743,0.06113409996032715,3.3603575229644775,-0.08085301518440247,0.10276234894990921,3.335175037384033,-0.059644944965839386,0.18601885437965393,3.2848103046417236,-0.11551709473133087,0.13330090045928955,3.2725987434387207,-0.32781678438186646,-0.3959023058414459,3.391024589538574,-0.4337601065635681,-0.3964266777038574,3.2925455570220947,-0.5543566346168518,-0.18144924938678741,3.3718366622924805,-0.3936035633087158,-0.04463815689086914,3.2398180961608887,-0.36145293712615967,-0.017275936901569366,3.213414430618286,-0.29715171456336975,0.03744850307703018,3.160607099533081,-0.2929408550262451,0.013028919696807861,3.2343358993530273,-0.19361793994903564,0.1795143187046051,3.471816301345825,-0.20624147355556488,0.6502736806869507,3.4576070308685303,-0.2859441936016083,1.0565204620361328,3.520846128463745,-0.22460363805294037,1.1881861686706543,3.4456918239593506,-0.34744971990585327,0.17832723259925842,3.3329265117645264,-0.3215640187263489,0.6471631526947021,3.371635913848877,-0.35140565037727356,1.0548241138458252,3.462796211242676,-0.2742898762226105,1.1828677654266357,3.3964285850524902,-0.20218735933303833,-0.5247653126716614,3.3678853511810303,-0.1908360719680786,-0.5737447142601013,3.3628005981445312,-0.1907232403755188,-0.6145649552345276,3.404700994491577,-0.23374924063682556,-0.6114351153373718,3.5095250606536865,-0.2282806634902954,-0.6183421611785889,3.357240676879883,-0.34016188979148865,-0.6221371293067932,3.375054121017456,-0.3329586088657379,1.1480474472045898,3.5669772624969482,-0.3870581090450287,1.1480299234390259,3.515305519104004
-0.26720842719078064,0.1799088716506958,3.410099744796753,-0.27366697788238525,-0.011294305324554443,3.4172449111938477,-0.2806645333766937,-0.20249439775943756,3.4239516258239746,-0.2876622974872589,-0.3937002420425415,3.4306583404541016,-0.24852018058300018,-0.39495766162872314,3.4653496742248535,-0.14020660519599915,-0.3955613076686859,3.561152458190918,-0.13693922758102417,-0.14478248357772827,3.497587203979492,-0.08448481559753418,0.0695602297782898,3.3827104568481445,-0.07399393618106842,0.11242876946926117,3.3597350120544434,-0.053012169897556305,0.1981658637523651,3.31378436088562,-0.10915230959653854,0.1464015394449234,3.2993173599243164,-0.3268805146217346,-0.39452093839645386,3.396040201187134,-0.43519407510757446,-0.3939172923564911,3.3002374172210693,-0.5487814545631409,-0.17665894329547882,3.3829293251037598,-0.3882508873939514,-0.04285691678524017,3.247955799102783,-0.3561447858810425,-0.016096509993076324,3.220961093902588,-0.2919325828552246,0.03742430359125137,3.1669716835021973,-0.28657349944114685,0.012571766972541809,3.2404167652130127,-0.18867278099060059,0.17978262901306152,3.477710008621216,-0.20581398904323578,0.6501621007919312,3.4575538635253906,-0.2881746292114258,1.0563095808029175,3.5178399085998535,-0.2299383133649826,1.1876611709594727,3.439739227294922,-0.3457440733909607,0.18003511428833008,3.34248948097229,-0.32293060421943665,0.6494570970535278,3.375345230102539,-0.3538551926612854,1.0579203367233276,3.462379217147827,-0.27934396266937256,1.1857436895370483,3.3927106857299805,-0.20201873779296875,-0.5235407948493958,3.368206739425659,-0.19084593653678894,-0.5725707411766052,3.3623318672180176,-0.1896248459815979,-0.6138690114021301,3.403898239135742,-0.2298239767551422,-0.6117047667503357,3.5100903511047363,-0.22855022549629211,-0.6171638369560242,3.357367753982544,-0.340112566947937,-0.6210402250289917,3.378253936767578,-0.33504027128219604,1.1479082107543945,3.5639688968658447,-0.38900047540664673,1.151466965675354,3.514613389968872
-0.2644948959350586,0.1808742880821228,3.4174063205718994,-0.27107739448547363,-0.010326415300369263,3.4232797622680664,-0.2782323360443115,-0.20152151584625244,3.4286439418792725,-0.28538748621940613,-0.39272236824035645,3.4340081214904785,-0.2455339878797531,-0.39430567622184753,3.467848539352417,-0.13526573777198792,-0.3958101272583008,3.561307430267334,-0.12902306020259857,-0.14166635274887085,3.5135226249694824,-0.07773962616920471,0.08124746382236481,3.41583514213562,-0.06748294085264206,0.12583023309707642,3.3962976932525635,-0.046969570219516754,0.21499577164649963,3.35722279548645,-0.10312534123659134,0.16445249319076538,3.3390629291534424,-0.32531875371932983,-0.3932171165943146,3.40022611618042,-0.43558698892593384,-0.39171266555786133,3.306767225265503,-0.5444655418395996,-0.17375481128692627,3.393665313720703,-0.38691848516464233,-0.0382608026266098,3.256977081298828,-0.35540905594825745,-0.01116199977695942,3.2296395301818848,-0.29239022731781006,0.0430356040596962,3.174964189529419,-0.2853325307369232,0.017042681574821472,3.2478504180908203,-0.18464335799217224,0.18015402555465698,3.483449935913086,-0.2050875723361969,0.6501230001449585,3.4578113555908203,-0.28857529163360596,1.0565564632415771,3.514436960220337,-0.23263031244277954,1.1871905326843262,3.4335169792175293,-0.34434643387794495,0.18159455060958862,3.351362705230713,-0.32336682081222534,0.6514691114425659,3.3782670497894287,-0.35404711961746216,1.060968279838562,3.4603281021118164,-0.28141194581985474,1.1880749464035034,3.3874504566192627,-0.20123504102230072,-0.5222817063331604,3.3681623935699463,-0.19023194909095764,-0.5713573694229126,3.361546516418457,-0.1880422830581665,-0.6131267547607422,3.402761697769165,-0.22573727369308472,-0.6119309663772583,3.510117530822754,-0.22816048562526703,-0.615961492061615,3.357067108154297,-0.33940553665161133,-0.6199626326560974,3.3806498050689697,-0.33505284786224365,1.1484895944595337,3.5602855682373047,-0.3884856104850769,1.1550991535186768,3.511974334716797
-0.2626514136791229,0.18092790246009827,3.4255027770996094,-0.26904726028442383,-0.010258972644805908,3.4301319122314453,-0.27599605917930603,-0.20143860578536987,3.434231996536255,-0.28294506669044495,-0.3926239609718323,3.4383323192596436,-0.24251487851142883,-0.39442411065101624,3.471446990966797,-0.13064849376678467,-0.3965282440185547,3.562925100326538,-0.11965665221214294,-0.1398787796497345,3.533769369125366,-0.06835007667541504,0.09100642800331116,3.4572393894195557,-0.0580887608230114,0.13718347251415253,3.4419333934783936,-0.03756612911820412,0.22953754663467407,3.4113214015960693,-0.09384962916374207,0.1810266226530075,3.388732433319092,-0.32345080375671387,-0.392901748418808,3.405261993408203,-0.43531718850135803,-0.39079761505126953,3.313783884048462,-0.5412343740463257,-0.17322856187820435,3.40480637550354,-0.3885256052017212,-0.03293620049953461,3.2677104473114014,-0.35798385739326477,-0.004877729341387749,3.2402913570404053,-0.29690033197402954,0.05123921483755112,3.185452938079834,-0.2878815531730652,0.02375735342502594,3.257528066635132,-0.1817202866077423,0.1797870695590973,3.4902052879333496,-0.20428697764873505,0.6493538618087769,3.4595978260040283,-0.28761783242225647,1.0563576221466064,3.5121638774871826,-0.2332783043384552,1.185990810394287,3.428589105606079,-0.34358254075050354,0.18206873536109924,3.360800266265869,-0.32326725125312805,0.652258038520813,3.3819773197174072,-0.352576345205307,1.0628812313079834,3.45871639251709,-0.2812190651893616,1.1889259815216064,3.382801055908203,-0.199680894613266,-0.5218786001205444,3.369994640350342,-0.18872983753681183,-0.5709883570671082,3.3628313541412354,-0.18577702343463898,-0.6131212711334229,3.4037864208221436,-0.22165971994400024,-0.6127118468284607,3.5119941234588623,-0.22676214575767517,-0.6156835556030273,3.3586957454681396,-0.3377842605113983,-0.6199716329574585,3.3842368125915527,-0.3335079550743103,1.1488144397735596,3.557544231414795,-0.38613179326057434,1.1577407121658325,3.50960111618042
-0.26040711998939514,0.18066969513893127,3.4326729774475098,-0.26656654477119446,-0.010491624474525452,3.4361419677734375,-0.2732311189174652,-0.20164455473423004,3.4391016960144043,-0.2798959016799927,-0.3928031921386719,3.44206166267395,-0.2389805167913437,-0.394767165184021,3.4745399951934814,-0.12573307752609253,-0.3973255157470703,3.5643110275268555,-0.10717472434043884,-0.13983893394470215,3.5525622367858887,-0.05175011605024338,0.09539392590522766,3.4947943687438965,-0.040665194392204285,0.14244049787521362,3.483240842819214,-0.0184953510761261,0.23653364181518555,3.4601337909698486,-0.07572515308856964,0.19109080731868744,3.4339447021484375,-0.32088372111320496,-0.3929169178009033,3.4096155166625977,-0.4341311454772949,-0.390358567237854,3.3198444843292236,-0.5384026765823364,-0.17363080382347107,3.4143872261047363,-0.3914337158203125,-0.026940643787384033,3.277911424636841,-0.3620399236679077,0.002397388219833374,3.2506163120269775,-0.30325233936309814,0.06107345223426819,3.196026086807251,-0.2922343611717224,0.03204766660928726,3.2671756744384766,-0.17860601842403412,0.17918777465820312,3.496253252029419,-0.20298737287521362,0.6483706831932068,3.461730718612671,-0.28657492995262146,1.0556529760360718,3.5115058422088623,-0.23371924459934235,1.1845881938934326,3.425938129425049,-0.34220820665359497,0.18215161561965942,3.3690927028656006,-0.321105033159256,0.6525058746337891,3.3845958709716797,-0.3487309515476227,1.0640531778335571,3.45676851272583,-0.2782309949398041,1.189048409461975,3.378373384475708,-0.1975570172071457,-0.5218373537063599,3.3715481758117676,-0.18670699000358582,-0.5709812045097351,3.363896369934082,-0.18314474821090698,-0.6134437918663025,3.4045989513397217,-0.21745996177196503,-0.613721489906311,3.5135080814361572,-0.22486799955368042,-0.6157172918319702,3.3600387573242188,-0.33567583560943604,-0.620163083076477,3.387254476547241,-0.3320560157299042,1.148435354232788,3.5566201210021973,-0.38143956661224365,1.159570574760437,3.506957769393921
-0.25897499918937683,0.18046778440475464,3.438601016998291,-0.26472994685173035,-0.010657906532287598,3.441143035888672,-0.27091100811958313,-0.20177583396434784,3.443229913711548,-0.2770922780036926,-0.3928994834423065,3.445316791534424,-0.23575159907341003,-0.3949280083179474,3.477220058441162,-0.12124252319335938,-0.39766764640808105,3.5654852390289307,-0.09180207550525665,-0.14100375771522522,3.568108558654785,-0.027075499296188354,0.09472422301769257,3.523871660232544,-0.01413018349558115,0.14186981320381165,3.515024185180664,0.011760448105633259,0.2361609935760498,3.4973294734954834,-0.04735051095485687,0.19469204545021057,3.4688775539398193,-0.3185001015663147,-0.3929482400417328,3.4134361743927,-0.43300917744636536,-0.3902086019515991,3.3251709938049316,-0.5362412333488464,-0.17412994801998138,3.4221408367156982,-0.39500367641448975,-0.021151453256607056,3.286628246307373,-0.3667561709880829,0.00944424420595169,3.259525775909424,-0.31026116013526917,0.07063563913106918,3.2053208351135254,-0.2973857522010803,0.04031350091099739,3.27559232711792,-0.1763526201248169,0.17881114780902863,3.501091957092285,-0.20207801461219788,0.6476660966873169,3.463499069213867,-0.2859918475151062,1.055039405822754,3.5118095874786377,-0.2346484363079071,1.1835428476333618,3.424698829650879,-0.34159737825393677,0.18212442100048065,3.376110076904297,-0.31909897923469543,0.652533233165741,3.386566162109375,-0.34505319595336914,1.06475031375885,3.455354928970337,-0.27538377046585083,1.188894271850586,3.374906063079834,-0.19600403308868408,-0.5222362279891968,3.373216152191162,-0.1853739470243454,-0.571479320526123,3.3653013706207275,-0.18129652738571167,-0.6140983700752258,3.405942440032959,-0.21402359008789062,-0.6144876480102539,3.5155489444732666,-0.2237672209739685,-0.6161932945251465,3.3619353771209717,-0.33435720205307007,-0.6204231381416321,3.3908627033233643,-0.33107757568359375,1.147995948791504,3.556950092315674,-0.3769277334213257,1.1607747077941895,3.505100727081299
-0.25878584384918213,0.18040838837623596,3.448512554168701,-0.2638970613479614,-0.010686278343200684,3.4503300189971924,-0.2693299949169159,-0.20177534222602844,3.4517617225646973,-0.2747630774974823,-0.39287006855010986,3.453193426132202,-0.23304392397403717,-0.39486050605773926,3.484576463699341,-0.11735659092664719,-0.3974982500076294,3.5715181827545166,-0.07556487619876862,-0.14288875460624695,3.585456371307373,0.0011912211775779724,0.0907648503780365,3.5501835346221924,0.01654244028031826,0.13749557733535767,3.5431289672851562,0.047244876623153687,0.2309570163488388,3.529019832611084,-0.014088589698076248,0.193785160779953,3.499333620071411,-0.31654131412506104,-0.3929566740989685,3.421826124191284,-0.4322286546230316,-0.39031893014907837,3.3348844051361084,-0.5349525213241577,-0.17491962015628815,3.433969020843506,-0.39950791001319885,-0.015574038028717041,3.2998294830322266,-0.37241899967193604,0.01629507541656494,3.2730016708374023,-0.318241149187088,0.0800333023071289,3.219345808029175,-0.30357083678245544,0.04849958419799805,3.2887375354766846,-0.17543627321720123,0.1787639558315277,3.5100157260894775,-0.20158828794956207,0.6474460959434509,3.4706902503967285,-0.28508320450782776,1.0549542903900146,3.518531560897827,-0.23487502336502075,1.1831550598144531,3.4303245544433594,-0.3421354293823242,0.1820528209209442,3.387009382247925,-0.3174028992652893,0.6524156332015991,3.393376111984253,-0.3409682512283325,1.0652074813842773,3.4594881534576416,-0.2717844843864441,1.1884968280792236,3.377329111099243,-0.19503074884414673,-0.5229400992393494,3.3801238536834717,-0.18466778099536896,-0.5723387002944946,3.372173547744751,-0.18013378977775574,-0.6149462461471558,3.4129478931427,-0.21131384372711182,-0.6149258613586426,3.523240327835083,-0.22333703935146332,-0.6170150637626648,3.369487762451172,-0.3337230682373047,-0.6207873821258545,3.4001030921936035,-0.3296509087085724,1.1480567455291748,3.5638809204101562,-0.37188461422920227,1.1617082357406616,3.5089118480682373
-0.25991150736808777,0.17960047721862793,3.4663445949554443,-0.26413920521736145,-0.011488214135169983,3.4676365852355957,-0.2685803174972534,-0.2025739550590515,3.468611240386963,-0.2730215787887573,-0.3936654031276703,3.46958589553833,-0.23093686997890472,-0.3955250382423401,3.5004701614379883,-0.11405523121356964,-0.3978043794631958,3.586181402206421,-0.0586123988032341,-0.146236389875412,3.6085400581359863,0.03226996213197708,0.08317814767360687,3.5781190395355225,0.05044643580913544,0.12906105816364288,3.5720348358154297,0.08679938316345215,0.2208268642425537,3.559866428375244,0.023049909621477127,0.18820202350616455,3.52978515625,-0.3151545524597168,-0.393882691860199,3.4387121200561523,-0.4320361912250519,-0.39160335063934326,3.3530008792877197,-0.5347731709480286,-0.17671377956867218,3.4536380767822266,-0.40514621138572693,-0.011147931218147278,3.320969820022583,-0.3792208135128021,0.021965239197015762,3.29443621635437,-0.3273700177669525,0.08819158375263214,3.2413687705993652,-0.31096044182777405,0.055626340210437775,3.309950828552246,-0.1758785992860794,0.17815075814723969,3.5269033908843994,-0.20190691947937012,0.6467390060424805,3.4866786003112793,-0.2840137183666229,1.054574966430664,3.5339367389678955,-0.23454374074935913,1.1823357343673706,3.4446959495544434,-0.3439444303512573,0.18105019629001617,3.4057857990264893,-0.31646743416786194,0.6512715220451355,3.4085140228271484,-0.336919903755188,1.0646342039108276,3.4719021320343018,-0.26795828342437744,1.1869219541549683,3.3880927562713623,-0.1946270763874054,-0.5248522758483887,3.396146535873413,-0.1845211684703827,-0.5744596719741821,3.3883962631225586,-0.1795080006122589,-0.6168761849403381,3.429513692855835,-0.20911183953285217,-0.6159255504608154,3.540513753890991,-0.22346283495426178,-0.6191286444664001,3.3866167068481445,-0.3336505591869354,-0.6223074793815613,3.4189724922180176,-0.327872633934021,1.1479333639144897,3.5794363021850586,-0.3667246103286743,1.1616592407226562,3.520967960357666
-0.26294901967048645,0.1773592233657837,3.4764389991760254,-0.26603788137435913,-0.013751313090324402,3.477510929107666,-0.26924267411231995,-0.20486125349998474,3.4783129692077637,-0.2724475562572479,-0.3959769010543823,3.4791150093078613,-0.23009911179542542,-0.3975978493690491,3.5096497535705566,-0.11226538568735123,-0.39921748638153076,3.594564914703369,-0.038240946829319,-0.1533099263906479,3.626544952392578,0.07278399169445038,0.06788370013237,3.6007180213928223,0.09498897939920425,0.11212243139743805,3.595552682876587,0.1393989622592926,0.20059987902641296,3.585222005844116,0.07302512228488922,0.17433293163776398,3.5544326305389404,-0.31483083963394165,-0.39643317461013794,3.4485890865325928,-0.43266457319259644,-0.39481353759765625,3.3636739253997803,-0.535182774066925,-0.17962601780891418,3.4644570350646973,-0.4095686078071594,-0.010089755058288574,3.332552671432495,-0.38444578647613525,0.023817498236894608,3.3061718940734863,-0.3342001140117645,0.09163200855255127,3.2534101009368896,-0.3166029453277588,0.0585353747010231,3.3215155601501465,-0.1784212440252304,0.17632879316806793,3.536306381225586,-0.2045692801475525,0.644695520401001,3.493508815765381,-0.28500181436538696,1.0532286167144775,3.5376226902008057,-0.2359563410282135,1.1799836158752441,3.4467203617095947,-0.3474767804145813,0.17838965356349945,3.416571617126465,-0.3170168995857239,0.6484480500221252,3.416304349899292,-0.33447036147117615,1.0622737407684326,3.4776105880737305,-0.2654760181903839,1.183693528175354,3.392566442489624,-0.1943700611591339,-0.5281461477279663,3.406111001968384,-0.18423137068748474,-0.577942430973053,3.3987700939178467,-0.17871983349323273,-0.6200156211853027,3.440389633178711,-0.20728415250778198,-0.6179230213165283,3.551945686340332,-0.22321012616157532,-0.6228036284446716,3.397855043411255,-0.33334001898765564,-0.6258225440979004,3.431431293487549,-0.3281611502170563,1.147154688835144,3.582628011703491,-0.3632862865924835,1.1597423553466797,3.5263941287994385
-0.2669350206851959,0.17376714944839478,3.487571954727173,-0.26763609051704407,-0.01732514798641205,3.4885482788085938,-0.26826685667037964,-0.20841839909553528,3.4893710613250732,-0.2688976526260376,-0.39951735734939575,3.4901938438415527,-0.22576600313186646,-0.4005715847015381,3.5196170806884766,-0.10505807399749756,-0.40061554312705994,3.6019415855407715,0.013125807046890259,-0.1748548448085785,3.6504454612731934,0.17422986030578613,0.012981593608856201,3.619229316711426,0.2064506709575653,0.05054888129234314,3.6129860877990723,0.27089229226112366,0.12568345665931702,3.6004996299743652,0.19899314641952515,0.11636417359113693,3.5719425678253174,-0.3120361566543579,-0.40054017305374146,3.4607796669006348,-0.4327440857887268,-0.4004962146282196,3.37845516204834,-0.5318570137023926,-0.18257340788841248,3.4783263206481934,-0.4140673279762268,-0.006700590252876282,3.3463950157165527,-0.39050939679145813,0.028473973274230957,3.3200087547302246,-0.3433935344219208,0.09882310032844543,3.2672362327575684,-0.3231388330459595,0.06488993018865585,3.3343937397003174,-0.18089616298675537,0.17374613881111145,3.5452420711517334,-0.20581303536891937,0.6419548392295837,3.4981486797332764,-0.2804253101348877,1.0523641109466553,3.53623366355896,-0.23238134384155273,1.1767656803131104,3.441509485244751,-0.3529738783836365,0.1737881600856781,3.4299018383026123,-0.3150949478149414,0.6434744596481323,3.425666332244873,-0.32532036304473877,1.0578757524490356,3.4858345985412598,-0.25678539276123047,1.1780805587768555,3.398597002029419,-0.1903800219297409,-0.533291220664978,3.417670965194702,-0.1797279566526413,-0.5834782123565674,3.4111146926879883,-0.1726607382297516,-0.6248670220375061,3.4537971019744873,-0.19878345727920532,-0.620648205280304,3.566758394241333,-0.21844373643398285,-0.6291384100914001,3.4121084213256836,-0.32850196957588196,-0.6327503323554993,3.4486405849456787,-0.32131072878837585,1.1477000713348389,3.580503225326538,-0.3515738248825073,1.1559412479400635,3.5349698066711426
-0.2698533236980438,0.17139998078346252,3.4835472106933594,-0.2684495747089386,-0.01966869831085205,3.4846858978271484,-0.2669384777545929,-0.21073704957962036,3.485734701156616,-0.2654273509979248,-0.4018111228942871,3.486783504486084,-0.22222109138965607,-0.4023469090461731,3.5161020755767822,-0.10102447867393494,-0.40093696117401123,3.598341941833496,0.04072380065917969,-0.18891526758670807,3.6470913887023926,0.2286059558391571,-0.03140650689601898,3.599900484085083,0.26618239283561707,9.524449706077576e-05,3.5904622077941895,0.3413352370262146,0.06309874355792999,3.5715858936309814,0.26784271001815796,0.06378503143787384,3.545464277267456,-0.30861717462539673,-0.4033520221710205,3.4574766159057617,-0.42981380224227905,-0.4047619700431824,3.375236749649048,-0.5289658904075623,-0.1854190230369568,3.4726009368896484,-0.4136046767234802,-0.00704270601272583,3.341416358947754,-0.3905324339866638,0.02863255888223648,3.3151793479919434,-0.344387948513031,0.0999830886721611,3.2627055644989014,-0.3236360549926758,0.06599381566047668,3.329773187637329,-0.18370237946510315,0.17237550020217896,3.541033983230591,-0.21037355065345764,0.640470027923584,3.4930615425109863,-0.28554674983024597,1.0510122776031494,3.529261350631714,-0.23787590861320496,1.1750324964523315,3.4338088035583496,-0.3560042679309845,0.1704244613647461,3.426060438156128,-0.3149442672729492,0.6399306058883667,3.4242472648620605,-0.32321247458457947,1.0539138317108154,3.4879326820373535,-0.25419333577156067,1.1745541095733643,3.4016366004943848,-0.18406586349010468,-0.5349962711334229,3.415348529815674,-0.1724274456501007,-0.5851459503173828,3.40921688079834,-0.16464102268218994,-0.6261340379714966,3.452359914779663,-0.19111400842666626,-0.6214556097984314,3.5655078887939453,-0.21036633849143982,-0.6316313147544861,3.410529851913452,-0.3206690549850464,-0.6370311975479126,3.4469892978668213,-0.3264947533607483,1.146519660949707,3.5731453895568848,-0.34897491335868835,1.1516947746276855,3.537926435470581
-0.2708457112312317,0.170460045337677,3.477445125579834,-0.26777803897857666,-0.020576268434524536,3.4785573482513428,-0.26457086205482483,-0.21161054074764252,3.4796245098114014,-0.26136359572410583,-0.40265053510665894,3.48069167137146,-0.21796756982803345,-0.40279829502105713,3.5097267627716064,-0.0959763452410698,-0.4002942144870758,3.5913639068603516,0.06650898605585098,-0.2021171748638153,3.634711742401123,0.2744780480861664,-0.08052805066108704,3.5682055950164795,0.31607186794281006,-0.0562102273106575,3.5549044609069824,0.3992595076560974,-0.007574576884508133,3.528301954269409,0.3256356418132782,0.0025170370936393738,3.504351854324341,-0.3047247529029846,-0.40457916259765625,3.4516682624816895,-0.4267159700393677,-0.4070832431316376,3.3700311183929443,-0.5267282128334045,-0.18721432983875275,3.465999126434326,-0.4157516658306122,-0.005720973014831543,3.334841012954712,-0.3935563564300537,0.030577700585126877,3.3086094856262207,-0.34916573762893677,0.10317504405975342,3.256146192550659,-0.3272525668144226,0.06922908872365952,3.3229548931121826,-0.1843595653772354,0.17218047380447388,3.5344018936157227,-0.2142912596464157,0.6401147842407227,3.4865224361419678,-0.29130205512046814,1.0503692626953125,3.5224008560180664,-0.24489915370941162,1.1744396686553955,3.4263741970062256,-0.35733187198638916,0.16873961687088013,3.4204883575439453,-0.315838098526001,0.6382383108139038,3.4208381175994873,-0.3242526352405548,1.0517023801803589,3.4879446029663086,-0.25580745935440063,1.1731305122375488,3.402280807495117,-0.17742234468460083,-0.534313440322876,3.4089536666870117,-0.16479268670082092,-0.5842766761779785,3.4027655124664307,-0.15611052513122559,-0.6251722574234009,3.445919990539551,-0.1824958324432373,-0.6210734844207764,3.5592458248138428,-0.20184564590454102,-0.6315563321113586,3.4041218757629395,-0.31207868456840515,-0.6391616463661194,3.4408178329467773,-0.33243995904922485,1.145763874053955,3.5663692951202393,-0.34987252950668335,1.1490477323532104,3.538867950439453
-0.27112963795661926,0.170160710811615,3.46733021736145,-0.2669202983379364,-0.02085264027118683,3.468245029449463,-0.26254308223724365,-0.21186211705207825,3.4691760540008545,-0.25816571712493896,-0.4028773009777069,3.470107316970825,-0.21438062191009521,-0.4027738869190216,3.4985511302948,-0.09106623381376266,-0.39955732226371765,3.578688383102417,0.08779285103082657,-0.21252837777137756,3.6060521602630615,0.30522772669792175,-0.129805788397789,3.5139150619506836,0.3487147092819214,-0.11326126754283905,3.495487689971924,0.43568867444992065,-0.08017222583293915,3.4586329460144043,0.36248740553855896,-0.0625314861536026,3.4376296997070312,-0.30190324783325195,-0.40505683422088623,3.441673517227173,-0.4252176284790039,-0.4082733988761902,3.3615362644195557,-0.5269154906272888,-0.1887197494506836,3.4573116302490234,-0.4210532307624817,-0.0036417394876480103,3.326355457305908,-0.3998807668685913,0.033373862504959106,3.300164222717285,-0.35753586888313293,0.10740506649017334,3.247781753540039,-0.3342403769493103,0.07343095541000366,3.314218521118164,-0.18396061658859253,0.17234931886196136,3.523214340209961,-0.21661770343780518,0.6403396725654602,3.4777088165283203,-0.2952176332473755,1.0500189065933228,3.516601324081421,-0.25065621733665466,1.1747936010360718,3.420614242553711,-0.358298659324646,0.16797210276126862,3.4114460945129395,-0.31806522607803345,0.6375718116760254,3.414536237716675,-0.32725346088409424,1.0504170656204224,3.4852612018585205,-0.260272353887558,1.1728321313858032,3.399844169616699,-0.17202019691467285,-0.5323412418365479,3.3969662189483643,-0.15839053690433502,-0.5819947719573975,3.390390157699585,-0.14852270483970642,-0.6229471564292908,3.4332404136657715,-0.17412713170051575,-0.6200517416000366,3.546790361404419,-0.19443336129188538,-0.6300539970397949,3.3917462825775146,-0.30420735478401184,-0.640187680721283,3.4292235374450684,-0.33627140522003174,1.1449871063232422,3.561561107635498,-0.3526432514190674,1.147227168083191,3.53730845451355
-0.27205559611320496,0.17127081751823425,3.4582607746124268,-0.26711544394493103,-0.0197153240442276,3.4586219787597656,-0.2620314657688141,-0.21069763600826263,3.4590163230895996,-0.2569473385810852,-0.4016856551170349,3.4594106674194336,-0.21269874274730682,-0.40148916840553284,3.487121820449829,-0.08785951882600784,-0.39800435304641724,3.5653460025787354,0.10395189374685287,-0.22171840071678162,3.5729329586029053,0.32342636585235596,-0.17812229692935944,3.4600982666015625,0.367321252822876,-0.169403076171875,3.4375312328338623,0.4551110565662384,-0.15196463465690613,3.392397403717041,0.3831057548522949,-0.12828336656093597,3.372805595397949,-0.3011406362056732,-0.40395796298980713,3.431704044342041,-0.4259798526763916,-0.40744277834892273,3.3534798622131348,-0.530034601688385,-0.18884147703647614,3.4499785900115967,-0.42921411991119385,0.00025200843811035156,3.320054769515991,-0.40905001759529114,0.03807070851325989,3.29407000541687,-0.3687218427658081,0.11370810866355896,3.242100477218628,-0.3441348671913147,0.07952538132667542,3.3081037998199463,-0.18406793475151062,0.17364992201328278,3.5128350257873535,-0.21927237510681152,0.6419351100921631,3.472639560699463,-0.2986457943916321,1.0509737730026245,3.516343832015991,-0.255860298871994,1.1767551898956299,3.420867919921875,-0.3600432574748993,0.16889171302318573,3.4036865234375,-0.32194793224334717,0.6386411190032959,3.409191131591797,-0.33161190152168274,1.0510978698730469,3.48205304145813,-0.2663457989692688,1.1741713285446167,3.3962597846984863,-0.16881640255451202,-0.5287070274353027,3.3841888904571533,-0.154237300157547,-0.5780297517776489,3.376993179321289,-0.1431540697813034,-0.6192123889923096,3.419363260269165,-0.16780538856983185,-0.6179545521736145,3.5332107543945312,-0.189303457736969,-0.6268458366394043,3.3781838417053223,-0.2985619902610779,-0.639582633972168,3.4165360927581787,-0.3393654227256775,1.145392894744873,3.562737226486206,-0.35658860206604004,1.1475589275360107,3.534938097000122
-0.2730284631252289,0.17348206043243408,3.4495675563812256,-0.2679259777069092,-0.01746399700641632,3.4488866329193115,-0.26277655363082886,-0.20840871334075928,3.4481923580169678,-0.2576269805431366,-0.39935916662216187,3.447498083114624,-0.212918221950531,-0.3992898762226105,3.47444224357605,-0.08650624752044678,-0.39615803956985474,3.5506844520568848,0.1159103661775589,-0.23125821352005005,3.542994260787964,0.333943247795105,-0.21974581480026245,3.418874740600586,0.37754982709884644,-0.2174433320760727,3.3940508365631104,0.46476298570632935,-0.21283836662769318,3.344403028488159,0.39432334899902344,-0.18426762521266937,3.3249545097351074,-0.3022797703742981,-0.4015038013458252,3.420546054840088,-0.4286917448043823,-0.40463563799858093,3.344303846359253,-0.5350656509399414,-0.18735036253929138,3.4427683353424072,-0.4384097754955292,0.005904361605644226,3.3147573471069336,-0.4190785884857178,0.044555310159921646,3.2891552448272705,-0.38041624426841736,0.12185721099376678,3.2379508018493652,-0.35475480556488037,0.08714409917593002,3.3034698963165283,-0.18423134088516235,0.1756650060415268,3.502821445465088,-0.22181183099746704,0.6442133784294128,3.4686167240142822,-0.30129605531692505,1.0527116060256958,3.516716241836548,-0.2600267231464386,1.1793358325958252,3.4217045307159424,-0.3618255853652954,0.17129911482334137,3.3963136672973633,-0.3267519772052765,0.6412400007247925,3.403041124343872,-0.33722609281539917,1.053584337234497,3.4762840270996094,-0.27383309602737427,1.176997423171997,3.389597177505493,-0.16855411231517792,-0.5240968465805054,3.36933970451355,-0.15335173904895782,-0.5731313824653625,3.361250877380371,-0.14115934073925018,-0.6147817373275757,3.40291428565979,-0.16445505619049072,-0.6155088543891907,3.517136812210083,-0.18772652745246887,-0.6224953532218933,3.362154722213745,-0.2963953912258148,-0.6373640894889832,3.401651620864868,-0.34154725074768066,1.146669626235962,3.564419984817505,-0.36184847354888916,1.1498947143554688,3.5295939445495605
-0.27305376529693604,0.17618870735168457,3.441301107406616,-0.2680934965610504,-0.014687925577163696,3.439138889312744,-0.2632299065589905,-0.20556622743606567,3.436905860900879,-0.2583661675453186,-0.3964502513408661,3.4346728324890137,-0.21316847205162048,-0.3966418504714966,3.460754156112671,-0.08503533899784088,-0.39424291253089905,3.534771203994751,0.12502285838127136,-0.23884539306163788,3.5145769119262695,0.3398980498313904,-0.24866092205047607,3.383308172225952,0.3828730881214142,-0.25062403082847595,3.3570544719696045,0.4688231647014618,-0.2545502483844757,3.304547071456909,0.39941638708114624,-0.22277045249938965,3.2853047847747803,-0.30351096391677856,-0.39833325147628784,3.408567190170288,-0.431644082069397,-0.4007321894168854,3.334550142288208,-0.5396078824996948,-0.18447299301624298,3.435824155807495,-0.44649896025657654,0.013005867600440979,3.3099989891052246,-0.42787718772888184,0.05250164121389389,3.2848339080810547,-0.39063361287117004,0.13149318099021912,3.234503746032715,-0.36391064524650574,0.09598827362060547,3.2994868755340576,-0.18335631489753723,0.17793357372283936,3.4930379390716553,-0.2239055037498474,0.6466792225837708,3.4661927223205566,-0.30300426483154297,1.0547254085540771,3.5183281898498535,-0.2632913291454315,1.1820378303527832,3.4235939979553223,-0.36275121569633484,0.17444384098052979,3.389564275741577,-0.3326985836029053,0.6446949243545532,3.3964993953704834,-0.34506672620773315,1.0571801662445068,3.4684669971466064,-0.2842233180999756,1.180754542350769,3.3802194595336914,-0.16958941519260406,-0.5193167924880981,3.3530170917510986,-0.1541077047586441,-0.5681260824203491,3.343916654586792,-0.14080742001533508,-0.6103135347366333,3.3847556114196777,-0.16205942630767822,-0.6129443645477295,3.499434232711792,-0.18806518614292145,-0.617833137512207,3.344691514968872,-0.29595643281936646,-0.6342500448226929,3.3859188556671143,-0.34260815382003784,1.1483033895492554,3.5672848224639893,-0.36947059631347656,1.1534838676452637,3.521872043609619
-0.2729414105415344,0.17917120456695557,3.430267095565796,-0.2683103680610657,-0.01158936321735382,3.425975799560547,-0.26386240124702454,-0.20235247910022736,3.421605348587036,-0.25941428542137146,-0.39312130212783813,3.4172346591949463,-0.21361657977104187,-0.39366304874420166,3.4421918392181396,-0.08336348831653595,-0.3922545611858368,3.513277530670166,0.13021168112754822,-0.2426215261220932,3.4766855239868164,0.33827534317970276,-0.26520824432373047,3.3341681957244873,0.3798880875110626,-0.26972559094429016,3.3056647777557373,0.46311354637145996,-0.27876028418540955,3.248657703399658,0.39345985651016235,-0.2453501671552658,3.231644630432129,-0.3051636815071106,-0.39465299248695374,3.3922300338745117,-0.4354167580604553,-0.3960614800453186,3.3211443424224854,-0.5436801910400391,-0.18090662360191345,3.4275906085968018,-0.4537471532821655,0.02139817178249359,3.3047220706939697,-0.4357605576515198,0.061859130859375,3.2801482677459717,-0.3997873365879059,0.14278104901313782,3.2310009002685547,-0.3717784881591797,0.10589570552110672,3.295128107070923,-0.18211445212364197,0.18025730550289154,3.4800031185150146,-0.2262452393770218,0.6491315364837646,3.4640979766845703,-0.30466166138648987,1.0564191341400146,3.5224883556365967,-0.26697224378585815,1.184844970703125,3.4284605979919434,-0.3637683689594269,0.1780851036310196,3.380531072616577,-0.3394894003868103,0.6486033797264099,3.3886914253234863,-0.35366594791412354,1.0611721277236938,3.4595985412597656,-0.295989066362381,1.1849416494369507,3.36954665184021,-0.1721540093421936,-0.5142329931259155,3.3312416076660156,-0.15668536722660065,-0.562833309173584,3.3209214210510254,-0.1421578973531723,-0.6056594252586365,3.3607120513916016,-0.16048657894134521,-0.6103224754333496,3.475893497467041,-0.19041107594966888,-0.6127368211746216,3.3217155933380127,-0.297203928232193,-0.6303750872612,3.365403175354004,-0.34336361289024353,1.1493730545043945,3.5732944011688232,-0.37761709094047546,1.1574385166168213,3.513251543045044
-0.2733873724937439,0.18088412284851074,3.4219086170196533,-0.26919975876808167,-0.009739235043525696,3.4154677391052246,-0.2652428448200226,-0.2003636658191681,3.4089133739471436,-0.26128581166267395,-0.39099377393722534,3.4023587703704834,-0.2149295210838318,-0.39188894629478455,3.4261999130249023,-0.08260241150856018,-0.391486793756485,3.494389295578003,0.13216477632522583,-0.24528178572654724,3.4440066814422607,0.33578357100486755,-0.27310919761657715,3.2939391136169434,0.37650734186172485,-0.2786746919155121,3.263925552368164,0.45795485377311707,-0.28980565071105957,3.2038986682891846,0.3875400722026825,-0.2562941908836365,3.188443899154663,-0.30759909749031067,-0.39217057824134827,3.378446340560913,-0.4399262070655823,-0.3925727307796478,3.3102569580078125,-0.5472428202629089,-0.17810185253620148,3.422170400619507,-0.4597513675689697,0.028364628553390503,3.301870584487915,-0.44225308299064636,0.06965792179107666,3.277810573577881,-0.40725651383399963,0.15224450826644897,3.2296905517578125,-0.3779712915420532,0.11393450200557709,3.2928953170776367,-0.18149268627166748,0.1812901794910431,3.469637155532837,-0.2287929505109787,0.6500476002693176,3.463811159133911,-0.3054858446121216,1.0570768117904663,3.5259125232696533,-0.26946067810058594,1.1859514713287354,3.4318714141845703,-0.3652820587158203,0.1804780662059784,3.3741800785064697,-0.34625276923179626,0.6511937975883484,3.3825080394744873,-0.3614686131477356,1.0641849040985107,3.4504635334014893,-0.30673980712890625,1.1875803470611572,3.3581135272979736,-0.17585042119026184,-0.5105931162834167,3.3124330043792725,-0.16049638390541077,-0.5589983463287354,3.3010261058807373,-0.14482617378234863,-0.6023455858230591,3.3398258686065674,-0.1602076292037964,-0.6087124943733215,3.4553816318511963,-0.19404423236846924,-0.6090345978736877,3.301961660385132,-0.29965880513191223,-0.6276647448539734,3.348099708557129,-0.3430585265159607,1.1497950553894043,3.5779600143432617,-0.3847835063934326,1.1607167720794678,3.5038986206054688
-0.27454864978790283,0.18219086527824402,3.41420578956604,-0.2708456814289093,-0.008302435278892517,3.4057281017303467,-0.2673591375350952,-0.19879476726055145,3.3971376419067383,-0.2638724744319916,-0.38929283618927,3.388546943664551,-0.21699924767017365,-0.3904988169670105,3.4113028049468994,-0.08275151252746582,-0.3909880816936493,3.476637601852417,0.1292910873889923,-0.24390748143196106,3.41330623626709,0.32851743698120117,-0.2670576274394989,3.25502872467041,0.3683627247810364,-0.27168765664100647,3.2233731746673584,0.4480532705783844,-0.2809477150440216,3.160062074661255,0.37601345777511597,-0.24906879663467407,3.1472084522247314,-0.31070783734321594,-0.3901572823524475,3.3656973838806152,-0.44495558738708496,-0.3896680176258087,3.3003625869750977,-0.5501689910888672,-0.175515815615654,3.4173009395599365,-0.4644472897052765,0.03397825360298157,3.2987983226776123,-0.4473029375076294,0.07587707042694092,3.2750978469848633,-0.4130142629146576,0.15967470407485962,3.2276968955993652,-0.38254401087760925,0.12010901421308517,3.2899649143218994,-0.18165281414985657,0.18196144700050354,3.4599363803863525,-0.23105692863464355,0.6504696607589722,3.4630985260009766,-0.305193692445755,1.0575556755065918,3.5275442600250244,-0.2705828845500946,1.1865060329437256,3.4331111907958984,-0.3674444854259491,0.1824202835559845,3.3684751987457275,-0.3523729741573334,0.6532251834869385,3.3766214847564697,-0.36760827898979187,1.0667344331741333,3.441014528274536,-0.31550079584121704,1.1894307136535645,3.346282720565796,-0.18027135729789734,-0.5075969099998474,3.295323610305786,-0.16506075859069824,-0.5558139681816101,3.28302001953125,-0.1483648270368576,-0.599532425403595,3.3209431171417236,-0.16099733114242554,-0.6072297096252441,3.43672251701355,-0.19843116402626038,-0.6059466600418091,3.284184455871582,-0.30285197496414185,-0.6254032850265503,3.3325729370117188,-0.34144288301467896,1.1502676010131836,3.5805039405822754,-0.3900558650493622,1.1636720895767212,3.494056224822998
-0.27694106101989746,0.18357443809509277,3.4056172370910645,-0.27377790212631226,-0.006820932030677795,3.395371198654175,-0.2707771062850952,-0.19721457362174988,3.3850440979003906,-0.267776221036911,-0.3876138925552368,3.3747167587280273,-0.22041656076908112,-0.38908225297927856,3.3964123725891113,-0.0844096690416336,-0.390328049659729,3.4589006900787354,0.12139056622982025,-0.2391269952058792,3.382338523864746,0.31529247760772705,-0.24986645579338074,3.2150015830993652,0.3540728688240051,-0.2520143389701843,3.1815342903137207,0.4316336214542389,-0.2563101351261139,3.1145994663238525,0.357444703578949,-0.22760635614395142,3.105332851409912,-0.31510329246520996,-0.38821494579315186,3.3529086112976074,-0.45111018419265747,-0.3869691491127014,3.2904202938079834,-0.5529255270957947,-0.17234884202480316,3.4114532470703125,-0.4678654968738556,0.0386611670255661,3.2933242321014404,-0.45085349678993225,0.08086317032575607,3.26969838142395,-0.41682949662208557,0.16526716947555542,3.222446918487549,-0.3853675425052643,0.12471513450145721,3.283924102783203,-0.1831032782793045,0.182779461145401,3.4493589401245117,-0.23329022526741028,0.6509901285171509,3.4611294269561768,-0.3043208122253418,1.0581257343292236,3.528261661529541,-0.2710117995738983,1.1871991157531738,3.433574914932251,-0.3707788586616516,0.18436941504478455,3.361875534057617,-0.35739776492118835,0.6551464796066284,3.370147705078125,-0.3709471821784973,1.0691412687301636,3.431271553039551,-0.3209133446216583,1.1909539699554443,3.334352731704712,-0.18579816818237305,-0.5050591230392456,3.279205083847046,-0.1707278937101364,-0.5531300902366638,3.2663168907165527,-0.1531970202922821,-0.5970083475112915,3.303609848022461,-0.16352471709251404,-0.605438768863678,3.4194886684417725,-0.20392759144306183,-0.6033188104629517,3.267827272415161,-0.30726128816604614,-0.6233183145523071,3.3181045055389404,-0.3391006588935852,1.150813102722168,3.5822012424468994,-0.3921416103839874,1.1665352582931519,3.483952522277832
-0.27949920296669006,0.1842084527015686,3.403926372528076,-0.27695536613464355,-0.006089597940444946,3.3920891284942627,-0.27453893423080444,-0.19638589024543762,3.380197525024414,-0.27212244272232056,-0.38668787479400635,3.3683054447174072,-0.22432877123355865,-0.3884124755859375,3.38899827003479,-0.08671547472476959,-0.39040088653564453,3.4487814903259277,0.11198446154594421,-0.234048530459404,3.361776828765869,0.30156028270721436,-0.22855521738529205,3.1881842613220215,0.33947545289993286,-0.22745655477046967,3.153465747833252,0.4153057932853699,-0.2252592295408249,3.084028720855713,0.3391379117965698,-0.2005361020565033,3.077789545059204,-0.3198898136615753,-0.3870316743850708,3.3474836349487305,-0.4575031101703644,-0.38504326343536377,3.2877004146575928,-0.5552022457122803,-0.1694769710302353,3.4121334552764893,-0.4706585705280304,0.04234175384044647,3.2934377193450928,-0.4537498354911804,0.08470550179481506,3.2696986198425293,-0.41993236541748047,0.16943299770355225,3.2222204208374023,-0.38746583461761475,0.1280924379825592,3.282953977584839,-0.1848142147064209,0.18287061154842377,3.445781946182251,-0.23508968949317932,0.6507378816604614,3.4658963680267334,-0.3030018210411072,1.0578453540802002,3.5360825061798096,-0.2708948254585266,1.1871675252914429,3.441349744796753,-0.37418419122695923,0.18554629385471344,3.3620707988739014,-0.3618224561214447,0.656301736831665,3.370347023010254,-0.37348124384880066,1.0707690715789795,3.4282748699188232,-0.32531407475471497,1.1916762590408325,3.329326629638672,-0.1916169375181198,-0.5037118792533875,3.2713465690612793,-0.1767166405916214,-0.5516892671585083,3.258126974105835,-0.1585741490125656,-0.595588743686676,3.2950026988983154,-0.16706015169620514,-0.6042829751968384,3.410893678665161,-0.20980337262153625,-0.6018662452697754,3.260043144226074,-0.3122096061706543,-0.622069239616394,3.311842203140259,-0.33634153008461,1.1504404544830322,3.591055393218994,-0.3934232294559479,1.168622374534607,3.48056697845459
-0.2803398668766022,0.18597054481506348,3.3983349800109863,-0.2783367931842804,-0.0042137205600738525,3.3849525451660156,-0.2763722538948059,-0.1943981647491455,3.3715672492980957,-0.27440765500068665,-0.3845883309841156,3.3581814765930176,-0.22624142467975616,-0.3865215480327606,3.3779592514038086,-0.08727334439754486,-0.3891178369522095,3.435244560241699,0.10201936960220337,-0.22563698887825012,3.3391454219818115,0.28505149483680725,-0.2015431970357895,3.1594367027282715,0.3216579258441925,-0.19672444462776184,3.123494863510132,0.394870787858963,-0.18708692491054535,3.0516114234924316,0.31701186299324036,-0.1668643057346344,3.0488951206207275,-0.32255250215530396,-0.38472220301628113,3.3382580280303955,-0.46152058243751526,-0.3821259140968323,3.280972719192505,-0.555654764175415,-0.16538284718990326,3.4072818756103516,-0.47319871187210083,0.046553656458854675,3.2862017154693604,-0.45670750737190247,0.08894096314907074,3.2619857788085938,-0.42372506856918335,0.17371556162834167,3.2135536670684814,-0.38988691568374634,0.13226133584976196,3.273677349090576,-0.1849360167980194,0.18414881825447083,3.438504695892334,-0.23562096059322357,0.6514617204666138,3.4666173458099365,-0.301290899515152,1.058249831199646,3.5401928424835205,-0.2704586684703827,1.187996745109558,3.445675849914551,-0.37574371695518494,0.18779227137565613,3.3581652641296387,-0.36226212978363037,0.6583720445632935,3.3688204288482666,-0.3707575500011444,1.0728973150253296,3.4262583255767822,-0.32376667857170105,1.1933776140213013,3.326284646987915,-0.19484943151474,-0.5013869404792786,3.2605550289154053,-0.18006476759910583,-0.5492910146713257,3.247196912765503,-0.16157405078411102,-0.5931364297866821,3.2838399410247803,-0.16895562410354614,-0.6018617749214172,3.3996570110321045,-0.21306118369102478,-0.5994248390197754,3.2494053840637207,-0.3148358464241028,-0.6196789145469666,3.302091598510742,-0.3334583044052124,1.1505968570709229,3.596223831176758,-0.38925299048423767,1.170912265777588,3.478728771209717
-0.2808970808982849,0.18867796659469604,3.3915064334869385,-0.27894484996795654,-0.0014051496982574463,3.37689208984375,-0.27696168422698975,-0.19148913025856018,3.362293004989624,-0.2749784588813782,-0.38157880306243896,3.34769344329834,-0.22653383016586304,-0.38357728719711304,3.3667643070220947,-0.08658990263938904,-0.38636696338653564,3.4220967292785645,0.09161339700222015,-0.21455012261867523,3.3188281059265137,0.26721417903900146,-0.1728292852640152,3.1346054077148438,0.30233433842658997,-0.1644851118326187,3.0977609157562256,0.37257465720176697,-0.14779677987098694,3.02407169342041,0.2934684157371521,-0.13250230252742767,3.0243422985076904,-0.323401540517807,-0.3816463351249695,3.3284637928009033,-0.463345468044281,-0.3788566589355469,3.2731313705444336,-0.5560284852981567,-0.1610090136528015,3.399203062057495,-0.4761590361595154,0.05094434320926666,3.2758705615997314,-0.46018514037132263,0.09333501756191254,3.251204013824463,-0.42823734879493713,0.17811636626720428,3.201870918273926,-0.39330625534057617,0.13701903820037842,3.261726140975952,-0.18494552373886108,0.18667808175086975,3.430335521697998,-0.2376665472984314,0.6532672643661499,3.4631545543670654,-0.30283090472221375,1.0598855018615723,3.537158727645874,-0.27340495586395264,1.189523696899414,3.4421591758728027,-0.37684863805770874,0.19067785143852234,3.352677345275879,-0.3608478605747223,0.6609154939651489,3.3661882877349854,-0.36598455905914307,1.0750885009765625,3.4253127574920654,-0.3197009265422821,1.1956253051757812,3.3251850605010986,-0.19546116888523102,-0.49844086170196533,3.2504758834838867,-0.18065880239009857,-0.5463114380836487,3.2372617721557617,-0.16213427484035492,-0.5899841785430908,3.273974895477295,-0.1694433093070984,-0.5983790755271912,3.389679431915283,-0.21357020735740662,-0.5964070558547974,3.2396247386932373,-0.31517842411994934,-0.6165773272514343,3.292353630065918,-0.3343610167503357,1.152212142944336,3.5934932231903076,-0.3831246793270111,1.1729671955108643,3.4783968925476074
-0.2814614772796631,0.19147291779518127,3.3840086460113525,-0.2792901396751404,0.001481369137763977,3.368290901184082,-0.2769871950149536,-0.18851183354854584,3.352612018585205,-0.2746841609477997,-0.3785107135772705,3.33693265914917,-0.22604899108409882,-0.38049423694610596,3.355512857437134,-0.08548323810100555,-0.38324347138404846,3.4094738960266113,0.08184458315372467,-0.20479996502399445,3.299278497695923,0.24974322319030762,-0.15000663697719574,3.111233949661255,0.2833229601383209,-0.13904796540737152,3.073625087738037,0.35048240423202515,-0.11713062971830368,2.9984073638916016,0.27066221833229065,-0.10630545020103455,3.001077175140381,-0.32329434156417847,-0.37859228253364563,3.3181819915771484,-0.46386009454727173,-0.3758430480957031,3.264220952987671,-0.5567317008972168,-0.15702976286411285,3.388636827468872,-0.47944772243499756,0.0551435649394989,3.2638864517211914,-0.4639909267425537,0.09757822751998901,3.238936424255371,-0.433077335357666,0.18244755268096924,3.1890363693237305,-0.3974043130874634,0.14188918471336365,3.2488527297973633,-0.18513602018356323,0.18943962454795837,3.42189359664917,-0.23945623636245728,0.6554352045059204,3.4575061798095703,-0.30403774976730347,1.0621941089630127,3.5302155017852783,-0.27551111578941345,1.191351056098938,3.434410810470581,-0.37778693437576294,0.19350621104240417,3.346123695373535,-0.35840722918510437,0.6633239984512329,3.3624491691589355,-0.35966289043426514,1.077114462852478,3.4231626987457275,-0.31345340609550476,1.1976159811019897,3.323073148727417,-0.19423335790634155,-0.4950157403945923,3.240459442138672,-0.1792222112417221,-0.5427842140197754,3.227382183074951,-0.1608765721321106,-0.5863420963287354,3.264191150665283,-0.16901281476020813,-0.5947268009185791,3.379685878753662,-0.21196962893009186,-0.5929026007652283,3.229506492614746,-0.31377649307250977,-0.6133148074150085,3.281412363052368,-0.3350737988948822,1.1547280550003052,3.5863869190216064,-0.3754845857620239,1.174877405166626,3.4767637252807617
-0.28215065598487854,0.1942315399646759,3.3760910034179688,-0.27952590584754944,0.004372209310531616,3.359157085418701,-0.27663084864616394,-0.18548904359340668,3.3422889709472656,-0.2737357020378113,-0.375355988740921,3.325420379638672,-0.22500917315483093,-0.3772815763950348,3.3437488079071045,-0.08416193723678589,-0.37986597418785095,3.3970108032226562,0.07370570302009583,-0.19548554718494415,3.282607078552246,0.23555558919906616,-0.12936189770698547,3.092853546142578,0.26792556047439575,-0.11613716185092926,3.0549027919769287,0.33266550302505493,-0.08968769758939743,2.979001522064209,0.25244399905204773,-0.08295010775327682,2.983093500137329,-0.3224307894706726,-0.37549400329589844,3.306908369064331,-0.46327802538871765,-0.3729096055030823,3.2536463737487793,-0.5574886798858643,-0.1534213423728943,3.3759403228759766,-0.48247388005256653,0.05949735641479492,3.250990390777588,-0.4674709141254425,0.10208109766244888,3.2260003089904785,-0.43746501207351685,0.1872485876083374,3.176020383834839,-0.4013770818710327,0.1471473127603531,3.2359135150909424,-0.18564480543136597,0.19222788512706757,3.4135138988494873,-0.24052807688713074,0.6578542590141296,3.4508047103881836,-0.3039361238479614,1.0650341510772705,3.521286725997925,-0.27554747462272644,1.193501591682434,3.424618721008301,-0.3786565065383911,0.19623519480228424,3.33866810798645,-0.3545375466346741,0.6655491590499878,3.3579912185668945,-0.3509696424007416,1.0789294242858887,3.4203436374664307,-0.3039400279521942,1.19927978515625,3.3205511569976807,-0.1915774643421173,-0.49073079228401184,3.229519844055176,-0.17619921267032623,-0.5382755994796753,3.216384172439575,-0.15819643437862396,-0.5819056034088135,3.253119945526123,-0.1678682267665863,-0.5910146236419678,3.368252754211426,-0.2086958885192871,-0.5884681344032288,3.21775221824646,-0.31095004081726074,-0.6096084713935852,3.2680439949035645,-0.33453503251075745,1.1579382419586182,3.5770034790039062,-0.36545687913894653,1.1766060590744019,3.4743919372558594
-0.28323161602020264,0.19709911942481995,3.366886615753174,-0.2797977328300476,0.007423758506774902,3.3484878540039062,-0.2760002613067627,-0.18225182592868805,3.33016300201416,-0.27220267057418823,-0.37193310260772705,3.311837673187256,-0.22344958782196045,-0.3737601041793823,3.330078601837158,-0.08248184621334076,-0.37606340646743774,3.383132219314575,0.06775067746639252,-0.18693430721759796,3.2660253047943115,0.22490069270133972,-0.11199278384447098,3.0754857063293457,0.2563306987285614,-0.0970044806599617,3.0373778343200684,0.31919071078300476,-0.06702786684036255,2.9611620903015137,0.23877841234207153,-0.06364921480417252,2.966094970703125,-0.32091447710990906,-0.3721676468849182,3.2933974266052246,-0.46188223361968994,-0.3698643445968628,3.2403438091278076,-0.5584346652030945,-0.15051914751529694,3.361252784729004,-0.486761212348938,0.06454578042030334,3.2378523349761963,-0.47242653369903564,0.10755876451730728,3.213172197341919,-0.44375714659690857,0.19358474016189575,3.1638119220733643,-0.4071115255355835,0.15369245409965515,3.223541259765625,-0.1866462081670761,0.19523729383945465,3.404106855392456,-0.24189549684524536,0.6605939269065857,3.4423375129699707,-0.30416321754455566,1.0682673454284668,3.5101490020751953,-0.2756643295288086,1.1959648132324219,3.4125845432281494,-0.37981700897216797,0.19896094501018524,3.3296663761138916,-0.35088109970092773,0.6677034497261047,3.3523385524749756,-0.342507004737854,1.0806019306182861,3.4165103435516357,-0.2943718731403351,1.2008243799209595,3.317176342010498,-0.1880251169204712,-0.48544859886169434,3.2160356044769287,-0.17220237851142883,-0.5326548218727112,3.202587366104126,-0.15458476543426514,-0.5765612125396729,3.2389984130859375,-0.16603969037532806,-0.5871387720108032,3.3536245822906494,-0.2043774574995041,-0.5829403400421143,3.202806234359741,-0.3071190118789673,-0.6052131056785583,3.25108003616333,-0.33441874384880066,1.161592721939087,3.565274238586426,-0.3557606637477875,1.178160548210144,3.4710123538970947
-0.2847205102443695,0.1993778645992279,3.357135057449341,-0.2802383601665497,0.009955525398254395,3.337000846862793,-0.2753298282623291,-0.17946313321590424,3.3169312477111816,-0.2704211473464966,-0.3688874840736389,3.296861171722412,-0.2217007428407669,-0.3706051707267761,3.315157651901245,-0.08074106276035309,-0.37259766459465027,3.368438243865967,0.06280761957168579,-0.17906610667705536,3.249936819076538,0.2159549742937088,-0.09698463976383209,3.058960199356079,0.2465844452381134,-0.0805683434009552,3.0207648277282715,0.3078433871269226,-0.047735754400491714,2.9443740844726562,0.22737199068069458,-0.04719303548336029,2.9498894214630127,-0.3190882205963135,-0.3692286014556885,3.278346538543701,-0.4600479006767273,-0.36723610758781433,3.2250659465789795,-0.5586807131767273,-0.1484590321779251,3.345529317855835,-0.489580899477005,0.06942060589790344,3.2254576683044434,-0.47576093673706055,0.11299653351306915,3.2014434337615967,-0.44812101125717163,0.20014838874340057,3.153414726257324,-0.41118326783180237,0.15997368097305298,3.212811231613159,-0.18815958499908447,0.19770026206970215,3.394413471221924,-0.2433616816997528,0.6629836559295654,3.4325032234191895,-0.3041894733905792,1.0713956356048584,3.49658465385437,-0.27519264817237854,1.1980793476104736,3.3979034423828125,-0.38128143548965454,0.20105546712875366,3.319856643676758,-0.3479560911655426,0.6692230701446533,3.3462228775024414,-0.3351634442806244,1.0816402435302734,3.412217140197754,-0.285737007856369,1.2017565965652466,3.313441514968872,-0.18438419699668884,-0.4802301824092865,3.2007088661193848,-0.1681700348854065,-0.5270538330078125,3.1867544651031494,-0.15097057819366455,-0.5714104175567627,3.222640037536621,-0.16417630016803741,-0.5839319229125977,3.3366706371307373,-0.20006415247917175,-0.5773786306381226,3.185622453689575,-0.3032747507095337,-0.6008418798446655,3.2317869663238525,-0.33413100242614746,1.1653051376342773,3.5508387088775635,-0.34737470746040344,1.1790738105773926,3.4671404361724854
-0.28687870502471924,0.19979345798492432,3.3420231342315674,-0.28088200092315674,0.010980084538459778,3.317798614501953,-0.2744532525539398,-0.17782177031040192,3.2935950756073,-0.2680243253707886,-0.36662930250167847,3.269390821456909,-0.21929147839546204,-0.368346631526947,3.2875864505767822,-0.0782267153263092,-0.37034910917282104,3.3406755924224854,0.04905898869037628,-0.16637539863586426,3.2220256328582764,0.1900550276041031,-0.0735359787940979,3.027186155319214,0.2182542383670807,-0.05496809631586075,2.988218307495117,0.2746526598930359,-0.017832327634096146,2.910282611846924,0.19465477764606476,-0.021846793591976166,2.918700695037842,-0.31668728590011597,-0.36696404218673706,3.250931978225708,-0.4577520489692688,-0.36496156454086304,3.197842836380005,-0.5566452741622925,-0.14714035391807556,3.3189163208007812,-0.49382224678993225,0.07691781222820282,3.207953691482544,-0.4812576472759247,0.12172944843769073,3.1857612133026123,-0.45612841844558716,0.21135270595550537,3.141376256942749,-0.41804778575897217,0.16986550390720367,3.1989548206329346,-0.19022350013256073,0.19812153279781342,3.378981351852417,-0.24504129588603973,0.6635878086090088,3.4149739742279053,-0.30270156264305115,1.0737252235412598,3.4701802730560303,-0.273062527179718,1.1979765892028809,3.368655204772949,-0.38353389501571655,0.20146538317203522,3.3050649166107178,-0.3448759913444519,0.6690086126327515,3.3345296382904053,-0.32557591795921326,1.0813634395599365,3.3991527557373047,-0.2748076319694519,1.2004073858261108,3.2997779846191406,-0.18123465776443481,-0.47537878155708313,3.1717419624328613,-0.16506125032901764,-0.521752655506134,3.1567680835723877,-0.14866895973682404,-0.5670654773712158,3.191563606262207,-0.16366884112358093,-0.582672119140625,3.30468487739563,-0.19708020985126495,-0.5717355012893677,3.1537368297576904,-0.300834059715271,-0.595903754234314,3.1975090503692627,-0.33180132508277893,1.1690205335617065,3.5224242210388184,-0.3360653221607208,1.179133653640747,3.4538187980651855
-0.288004606962204,0.19719550013542175,3.3370490074157715,-0.2807614207267761,0.008801907300949097,3.310201406478882,-0.2731763422489166,-0.17957423627376556,3.2833259105682373,-0.265591025352478,-0.3679560124874115,3.2564494609832764,-0.21707019209861755,-0.3697212338447571,3.2751829624176025,-0.07665753364562988,-0.3718688189983368,3.329864501953125,0.042465150356292725,-0.1608162820339203,3.216061592102051,0.17789393663406372,-0.06536530703306198,3.019022226333618,0.20497968792915344,-0.04627510905265808,2.9796142578125,0.2591511905193329,-0.00809471681714058,2.9007985591888428,0.17952074110507965,-0.013400707393884659,2.910768985748291,-0.3140294551849365,-0.36823827028274536,3.237423896789551,-0.4544421136379242,-0.36609068512916565,3.1827423572540283,-0.5518257021903992,-0.14819957315921783,3.304086446762085,-0.4891660213470459,0.07849590480327606,3.199399948120117,-0.47663408517837524,0.1238349974155426,3.1784627437591553,-0.45157021284103394,0.21451318264007568,3.1365880966186523,-0.4137687683105469,0.1717662364244461,3.193265438079834,-0.1917104572057724,0.19550305604934692,3.374904155731201,-0.24684038758277893,0.6611567735671997,3.4074277877807617,-0.30402320623397827,1.072047233581543,3.4570415019989014,-0.27313289046287537,1.1949630975723267,3.354288101196289,-0.38429874181747437,0.19888794422149658,3.299193859100342,-0.3451400399208069,0.6662240624427795,3.3307225704193115,-0.32521486282348633,1.0784646272659302,3.3957080841064453,-0.2732231914997101,1.1973973512649536,3.296851396560669,-0.17852069437503815,-0.47581347823143005,3.158358097076416,-0.16254013776779175,-0.522039532661438,3.142904043197632,-0.146959125995636,-0.5679535865783691,3.1771786212921143,-0.16348862648010254,-0.5851176977157593,3.2897424697875977,-0.1948769986629486,-0.5716627240180969,3.1387228965759277,-0.29925593733787537,-0.5956268906593323,3.1807844638824463,-0.33338093757629395,1.1680387258529663,3.5078303813934326,-0.33590370416641235,1.1762338876724243,3.450322151184082
-0.28985628485679626,0.1945306360721588,3.3334555625915527,-0.2816683053970337,0.006510794162750244,3.3044536113739014,-0.2732255160808563,-0.18148738145828247,3.2753844261169434,-0.26478248834609985,-0.3694911599159241,3.246314287185669,-0.21646718680858612,-0.37134426832199097,3.265552282333374,-0.07679039239883423,-0.37375006079673767,3.321678400039673,0.031022220849990845,-0.15627500414848328,3.2100863456726074,0.15655530989170074,-0.061997853219509125,3.006762742996216,0.1816619336605072,-0.043142423033714294,2.9660980701446533,0.23187516629695892,-0.005431558936834335,2.8847687244415283,0.15298035740852356,-0.011657148599624634,2.898080348968506,-0.3130059838294983,-0.3696814775466919,3.2267603874206543,-0.4526827931404114,-0.3672756850719452,3.1706342697143555,-0.5465773344039917,-0.14848262071609497,3.2918167114257812,-0.4824603796005249,0.07917886972427368,3.191584587097168,-0.4696369767189026,0.12471117079257965,3.1715381145477295,-0.44399020075798035,0.2157757729291916,3.1314451694488525,-0.40668052434921265,0.17190521955490112,3.18733549118042,-0.19391970336437225,0.19273652136325836,3.3721721172332764,-0.24939972162246704,0.658502995967865,3.4019317626953125,-0.3063036799430847,1.0699154138565063,3.4471163749694824,-0.27425816655158997,1.1917895078659058,3.343496322631836,-0.3857928514480591,0.19632475078105927,3.294739007949829,-0.34688422083854675,0.6634640693664551,3.328929901123047,-0.32762154936790466,1.075311303138733,3.396388292312622,-0.2747602164745331,1.194792628288269,3.298678398132324,-0.17727875709533691,-0.4768296182155609,3.1482532024383545,-0.16140277683734894,-0.5229642391204834,3.1325440406799316,-0.14649967849254608,-0.5692676901817322,3.166520118713379,-0.1644187718629837,-0.5874128937721252,3.2786307334899902,-0.19395533204078674,-0.5723146200180054,3.1275086402893066,-0.29887646436691284,-0.5960459113121033,3.1680986881256104,-0.3359535038471222,1.1664282083511353,3.496717929840088,-0.3388211131095886,1.1727665662765503,3.451444387435913
-0.2930065989494324,0.19139277935028076,3.332207679748535,-0.28417572379112244,0.003707900643348694,3.301387310028076,-0.275209903717041,-0.18395096063613892,3.2704474925994873,-0.2662438154220581,-0.3716154396533966,3.239506959915161,-0.21815456449985504,-0.3736271262168884,3.2592761516571045,-0.0793924331665039,-0.37649208307266235,3.316864013671875,0.014355026185512543,-0.1520783007144928,3.208287239074707,0.12784866988658905,-0.05994162708520889,2.9980084896087646,0.15054740011692047,-0.04151429235935211,2.9559526443481445,0.1959448605775833,-0.00465962290763855,2.8718411922454834,0.11814726889133453,-0.012136496603488922,2.8889565467834473,-0.3142355978488922,-0.37164342403411865,3.2194013595581055,-0.45299774408340454,-0.3687784671783447,3.161813497543335,-0.5421123504638672,-0.14855855703353882,3.2822327613830566,-0.47584688663482666,0.07890601456165314,3.1849913597106934,-0.46259379386901855,0.12439893186092377,3.1655430793762207,-0.43608760833740234,0.21538476645946503,3.1266465187072754,-0.3993297815322876,0.17059478163719177,3.181819200515747,-0.19748079776763916,0.18937207758426666,3.3718836307525635,-0.2517068088054657,0.6553428173065186,3.4000821113586426,-0.30755990743637085,1.0670539140701294,3.443493127822876,-0.27403923869132996,1.1884955167770386,3.3398537635803223,-0.3885324001312256,0.19341348111629486,3.292531728744507,-0.35168612003326416,0.6605497002601624,3.32845401763916,-0.3352266550064087,1.072028636932373,3.398627281188965,-0.2818818986415863,1.1923567056655884,3.3022515773773193,-0.17808367311954498,-0.47863760590553284,3.1418135166168213,-0.1622665524482727,-0.5247185826301575,3.1259591579437256,-0.14808516204357147,-0.5713517069816589,3.1597487926483154,-0.16759170591831207,-0.5902633666992188,3.2714169025421143,-0.19501274824142456,-0.5738194584846497,3.1201038360595703,-0.30055320262908936,-0.597255289554596,3.159090042114258,-0.3373511731624603,1.1638103723526,3.4925098419189453,-0.34752175211906433,1.1690789461135864,3.454143524169922
-0.29637789726257324,0.18838045001029968,3.3332457542419434,-0.28715378046035767,0.0009961724281311035,3.3009469509124756,-0.27785393595695496,-0.18635696172714233,3.2684898376464844,-0.26855379343032837,-0.37371569871902466,3.2360317707061768,-0.2207261323928833,-0.37591856718063354,3.256383180618286,-0.08308009803295135,-0.37933170795440674,3.315524101257324,-0.006150402128696442,-0.14724647998809814,3.212458848953247,0.09440700709819794,-0.05514100193977356,2.996826171875,0.11451848596334457,-0.0367199070751667,2.9536995887756348,0.15474145114421844,0.00012228265404701233,2.8674464225769043,0.07836106419563293,-0.009661819785833359,2.8880221843719482,-0.3162803649902344,-0.3735491633415222,3.215327262878418,-0.4539263844490051,-0.370136022567749,3.15618634223938,-0.5381535887718201,-0.14832226932048798,3.27496600151062,-0.46972009539604187,0.07823310792446136,3.1796655654907227,-0.4560334086418152,0.12354418635368347,3.1606054306030273,-0.42866000533103943,0.21416634321212769,3.1224851608276367,-0.39249134063720703,0.16874980926513672,3.1770949363708496,-0.20134611427783966,0.18602800369262695,3.3740336894989014,-0.25321322679519653,0.6522848606109619,3.4013664722442627,-0.30756455659866333,1.0641673803329468,3.444769859313965,-0.2722601890563965,1.1855920553207397,3.3417232036590576,-0.391409695148468,0.1907328963279724,3.2924578189849854,-0.35632628202438354,0.6579046845436096,3.3292322158813477,-0.3427102267742157,1.0690418481826782,3.401798963546753,-0.28872406482696533,1.1901278495788574,3.3067586421966553,-0.1794535219669342,-0.48048025369644165,3.138962507247925,-0.16362224519252777,-0.526520848274231,3.1230337619781494,-0.1501813679933548,-0.5734449028968811,3.156704902648926,-0.17146559059619904,-0.5930204391479492,3.2679126262664795,-0.19650579988956451,-0.5754106640815735,3.1163458824157715,-0.3027181625366211,-0.598590075969696,3.1535613536834717,-0.3374497890472412,1.1609866619110107,3.493586540222168,-0.35616692900657654,1.165725588798523,3.4576680660247803
-0.2991640269756317,0.1847594678401947,3.334829807281494,-0.28987932205200195,-0.0023726969957351685,3.30137038230896,-0.280592143535614,-0.18946923315525055,3.2677130699157715,-0.2713046669960022,-0.3765713572502136,3.2340548038482666,-0.2238178700208664,-0.3790573179721832,3.2551279067993164,-0.08773159980773926,-0.38327205181121826,3.316107749938965,-0.0299021378159523,-0.14357757568359375,3.2213287353515625,0.059531211853027344,-0.04845721274614334,3.0034525394439697,0.07741788029670715,-0.02943313866853714,2.9598772525787354,0.11319121718406677,0.008615009486675262,2.8727266788482666,0.038338255137205124,-0.004972916096448898,2.895292043685913,-0.31869053840637207,-0.3761190176010132,3.212615728378296,-0.4547768235206604,-0.37190428376197815,3.1516358852386475,-0.5341907143592834,-0.14841705560684204,3.2679443359375,-0.46227627992630005,0.07657961547374725,3.174557685852051,-0.4478933811187744,0.12157895416021347,3.1558804512023926,-0.41912761330604553,0.2115776240825653,3.118525743484497,-0.3840814232826233,0.1655820608139038,3.1728668212890625,-0.20481860637664795,0.18188346922397614,3.3770947456359863,-0.2542571723461151,0.6484498977661133,3.4033520221710205,-0.30748653411865234,1.0604116916656494,3.447255849838257,-0.27003002166748047,1.1820088624954224,3.3451857566833496,-0.3935094475746155,0.18763546645641327,3.292564868927002,-0.35876914858818054,0.6547678112983704,3.32995867729187,-0.34727713465690613,1.0654611587524414,3.405273199081421,-0.2919375002384186,1.1872388124465942,3.3119194507598877,-0.18087325990200043,-0.4829426407814026,3.137815475463867,-0.1649531126022339,-0.5289204716682434,3.121809482574463,-0.15236683189868927,-0.5761772990226746,3.1553356647491455,-0.17584165930747986,-0.5965626239776611,3.265944480895996,-0.19792209565639496,-0.5775946378707886,3.114096164703369,-0.3049149215221405,-0.6005784273147583,3.149099111557007,-0.33771514892578125,1.1571998596191406,3.4959137439727783,-0.36189302802085876,1.1617664098739624,3.461495876312256
-0.301511287689209,0.18249008059501648,3.3363828659057617,-0.29219961166381836,-0.004403412342071533,3.302056312561035,-0.2829376757144928,-0.19125710427761078,3.267500400543213,-0.27367547154426575,-0.3781163692474365,3.232943534851074,-0.22661139070987701,-0.38088923692703247,3.254859209060669,-0.092562735080719,-0.38589996099472046,3.3178822994232178,-0.058667466044425964,-0.13871949911117554,3.2347333431243896,0.01933002471923828,-0.034822650253772736,3.017788887023926,0.03492952138185501,-0.014043280854821205,2.974400043487549,0.06612852215766907,0.027515457943081856,2.887622117996216,-0.006737921386957169,0.007841028273105621,2.9109511375427246,-0.32063886523246765,-0.3773745000362396,3.2106521129608154,-0.45468753576278687,-0.37236377596855164,3.1476290225982666,-0.5299329161643982,-0.14720448851585388,3.2607760429382324,-0.4542210102081299,0.07589699327945709,3.1689255237579346,-0.4390786290168762,0.1205172911286354,3.150555372238159,-0.4087938666343689,0.20975789427757263,3.1138150691986084,-0.37509676814079285,0.16337725520133972,3.1681675910949707,-0.20803582668304443,0.1790592521429062,3.3804190158843994,-0.25572675466537476,0.6458412408828735,3.4053521156311035,-0.308806836605072,1.0577079057693481,3.449995279312134,-0.2691289782524109,1.179634928703308,3.349187135696411,-0.39498674869537354,0.18592090904712677,3.292346715927124,-0.35928744077682495,0.6529008746147156,3.3302509784698486,-0.3491107225418091,1.0630823373794556,3.4083034992218018,-0.2917945384979248,1.1853811740875244,3.316866874694824,-0.18132469058036804,-0.48362216353416443,3.1375908851623535,-0.16513340175151825,-0.5294548273086548,3.121448040008545,-0.15337105095386505,-0.5770896673202515,3.154733419418335,-0.1793162077665329,-0.5986103415489197,3.2645673751831055,-0.19800490140914917,-0.5779780745506287,3.112487554550171,-0.3057788014411926,-0.6011275053024292,3.144871234893799,-0.33972615003585815,1.154354453086853,3.498479127883911,-0.3648238778114319,1.1590431928634644,3.4647998809814453
-0.30332961678504944,0.18073487281799316,3.338045597076416,-0.2942729890346527,-0.005988955497741699,3.303264617919922,-0.2853761911392212,-0.19266799092292786,3.268202781677246,-0.2764791250228882,-0.3793525993824005,3.233139991760254,-0.23002518713474274,-0.38252437114715576,3.2562105655670166,-0.09889106452465057,-0.38862040638923645,3.3219423294067383,-0.09108620136976242,-0.13567882776260376,3.254977226257324,-0.021945886313915253,-0.016604922711849213,3.044273853302002,-0.008117823861539364,0.007209857925772667,3.0021331310272217,0.01953830197453499,0.05483941733837128,2.917851686477661,-0.05092182755470276,0.027294140309095383,2.939301013946533,-0.32283636927604675,-0.3782098591327667,3.209688186645508,-0.4539704918861389,-0.37211382389068604,3.143956422805786,-0.5246248245239258,-0.1449137032032013,3.2531018257141113,-0.4433555603027344,0.0754728615283966,3.162658452987671,-0.4271017014980316,0.1195501759648323,3.1445698738098145,-0.3945939838886261,0.2077048122882843,3.1083924770355225,-0.3628707528114319,0.16095992922782898,3.1630916595458984,-0.2111092507839203,0.17655812203884125,3.384481906890869,-0.2582211494445801,0.6434394121170044,3.4077465534210205,-0.3128439486026764,1.0549437999725342,3.4534785747528076,-0.2706476151943207,1.1775038242340088,3.3545029163360596,-0.3955499827861786,0.18491162359714508,3.291609287261963,-0.35884711146354675,0.6517274379730225,3.330012083053589,-0.3506159484386444,1.0613471269607544,3.4109749794006348,-0.29069364070892334,1.1841791868209839,3.3219847679138184,-0.18187344074249268,-0.48401981592178345,3.1391286849975586,-0.16542309522628784,-0.5297062397003174,3.1228582859039307,-0.15484294295310974,-0.5778220891952515,3.1558308601379395,-0.1840580403804779,-0.6006557941436768,3.264554977416992,-0.19822734594345093,-0.5779434442520142,3.11230731010437,-0.30698055028915405,-0.6009994745254517,3.14123797416687,-0.3451170027256012,1.1512585878372192,3.5017144680023193,-0.3678463399410248,1.1569429636001587,3.4676260948181152
-0.30452093482017517,0.1782442033290863,3.3408093452453613,-0.2959367036819458,-0.008381769061088562,3.3057219982147217,-0.28767555952072144,-0.19494977593421936,3.2702507972717285,-0.27941417694091797,-0.38152337074279785,3.234778642654419,-0.23385226726531982,-0.38524937629699707,3.259451389312744,-0.10671056807041168,-0.39282509684562683,3.3289082050323486,-0.1250106692314148,-0.13663750886917114,3.2877554893493652,-0.05786687880754471,0.008066892623901367,3.0951201915740967,-0.04443811997771263,0.03700777143239975,3.056593179702759,-0.017580604180693626,0.09488952904939651,2.979539155960083,-0.08512893319129944,0.05810629948973656,2.9933114051818848,-0.324886292219162,-0.3798251450061798,3.2097201347351074,-0.45202797651290894,-0.37224942445755005,3.140263319015503,-0.5174960494041443,-0.14315173029899597,3.244612216949463,-0.4302089214324951,0.0737694799900055,3.1558308601379395,-0.4127514958381653,0.11715371906757355,3.1380746364593506,-0.3778366446495056,0.20392219722270966,3.102562189102173,-0.3484087884426117,0.15694208443164825,3.1576287746429443,-0.21414653956890106,0.1730542778968811,3.390524387359619,-0.2613988518714905,0.6400435566902161,3.4103100299835205,-0.31902700662612915,1.0511090755462646,3.45599365234375,-0.27364322543144226,1.1742802858352661,3.3592333793640137,-0.3948953151702881,0.1834341287612915,3.2910943031311035,-0.35799238085746765,0.6501767635345459,3.3297293186187744,-0.35325857996940613,1.0592989921569824,3.413271903991699,-0.29007360339164734,1.1826698780059814,3.3273611068725586,-0.1816587597131729,-0.48495006561279297,3.142735719680786,-0.16479210555553436,-0.5304084420204163,3.126305341720581,-0.15576203167438507,-0.5791530609130859,3.1587774753570557,-0.189381942152977,-0.603782057762146,3.26578426361084,-0.19736434519290924,-0.5782540440559387,3.1135828495025635,-0.3072551488876343,-0.6012348532676697,3.137733221054077,-0.35336431860923767,1.1470738649368286,3.5034749507904053,-0.37274229526519775,1.154549479484558,3.4697563648223877
-0.30479317903518677,0.17557230591773987,3.3425800800323486,-0.29677101969718933,-0.010969921946525574,3.307199716567993,-0.28919193148612976,-0.19744083285331726,3.271348714828491,-0.2816126346588135,-0.38391733169555664,3.235496759414673,-0.2373398244380951,-0.3883205056190491,3.262284278869629,-0.11563992500305176,-0.39764735102653503,3.33652400970459,-0.16039931774139404,-0.14383462071418762,3.324585437774658,-0.09471525996923447,0.02896055579185486,3.15913987159729,-0.08157844841480255,0.06351958960294724,3.1260507106781006,-0.05530482530593872,0.1326376497745514,3.0598723888397217,-0.11848282814025879,0.08781525492668152,3.06237530708313,-0.3258030414581299,-0.3815408945083618,3.208319664001465,-0.4475029408931732,-0.37221404910087585,3.134079933166504,-0.5070878267288208,-0.1416248381137848,3.233302354812622,-0.4126346707344055,0.07126398384571075,3.1478519439697266,-0.3937440514564514,0.11384174227714539,3.1307618618011475,-0.3559628129005432,0.19899725914001465,3.0965816974639893,-0.3295022249221802,0.15166489779949188,3.1519556045532227,-0.21709507703781128,0.16909773647785187,3.396601915359497,-0.2642820477485657,0.6362289190292358,3.4121923446655273,-0.3257705271244049,1.0467637777328491,3.4574220180511475,-0.27618762850761414,1.1706918478012085,3.3637518882751465,-0.39249128103256226,0.18204687535762787,3.2885582447052,-0.3562643826007843,0.6487147808074951,3.3284316062927246,-0.356845498085022,1.057191252708435,3.4151036739349365,-0.2896643579006195,1.1813291311264038,3.3334507942199707,-0.17945143580436707,-0.48594385385513306,3.1468515396118164,-0.1619095355272293,-0.5311335921287537,3.1304450035095215,-0.1548692286014557,-0.5805519819259644,3.162346839904785,-0.1943625658750534,-0.6071462631225586,3.266801595687866,-0.19392670691013336,-0.5785235166549683,3.114999532699585,-0.30502545833587646,-0.6013990640640259,3.132650852203369,-0.36279430985450745,1.1422994136810303,3.5037219524383545,-0.37943291664123535,1.1519707441329956,3.4712119102478027
-0.3040291965007782,0.17270269989967346,3.340327739715576,-0.29656553268432617,-0.013798251748085022,3.3048288822174072,-0.2895805239677429,-0.2002241462469101,3.2688417434692383,-0.28259530663490295,-0.38665562868118286,3.232853651046753,-0.24002814292907715,-0.39176666736602783,3.262141466140747,-0.1250557154417038,-0.4028448760509491,3.341846227645874,-0.19197717308998108,-0.15590800344944,3.3443689346313477,-0.12751179933547974,0.031561195850372314,3.198686361312866,-0.11461872607469559,0.06905503571033478,3.1695499420166016,-0.08883257210254669,0.1440427154302597,3.111276865005493,-0.14729103446006775,0.09456393122673035,3.104827642440796,-0.3250865638256073,-0.3835708498954773,3.203174591064453,-0.44005900621414185,-0.37249264121055603,3.123469829559326,-0.4934394955635071,-0.14079268276691437,3.2179596424102783,-0.39081108570098877,0.06809280812740326,3.138221502304077,-0.37028539180755615,0.10986991226673126,3.1222739219665527,-0.3292340338230133,0.19342410564422607,3.090378522872925,-0.3064177632331848,0.145475834608078,3.1459438800811768,-0.21988171339035034,0.16482307016849518,3.3994174003601074,-0.2669583559036255,0.6320627927780151,3.41156268119812,-0.3332861661911011,1.0418336391448975,3.4568424224853516,-0.27889060974121094,1.1668939590454102,3.3674488067626953,-0.38817667961120605,0.18058232963085175,3.281238079071045,-0.35295167565345764,0.6469935774803162,3.3247861862182617,-0.36023688316345215,1.0543408393859863,3.4163122177124023,-0.28853943943977356,1.1796627044677734,3.340522527694702,-0.17527592182159424,-0.48767367005348206,3.149413585662842,-0.15692727267742157,-0.5326526165008545,3.1333696842193604,-0.15235674381256104,-0.582695722579956,3.164703845977783,-0.19899043440818787,-0.6109684705734253,3.265671968460083,-0.18808312714099884,-0.5794987678527832,3.114882707595825,-0.3002152144908905,-0.6019105911254883,3.124511957168579,-0.37352728843688965,1.1367371082305908,3.5017335414886475,-0.3865644335746765,1.1483492851257324,3.4720840454101562
-0.30272170901298523,0.17017269134521484,3.3344624042510986,-0.29531750082969666,-0.016351252794265747,3.2991268634796143,-0.2883516252040863,-0.20280149579048157,3.2633163928985596,-0.28138554096221924,-0.3892573416233063,3.2275049686431885,-0.2409971058368683,-0.394969642162323,3.259625196456909,-0.133883535861969,-0.4074436128139496,3.345407724380493,-0.21735842525959015,-0.1671028882265091,3.3488850593566895,-0.1517932116985321,0.02772107720375061,3.2162044048309326,-0.13868016004562378,0.06668587028980255,3.1896681785583496,-0.11245407164096832,0.14461547136306763,3.1365959644317627,-0.16630330681800842,0.09208176285028458,3.123077869415283,-0.32169827818870544,-0.38557153940200806,3.194995164871216,-0.42881184816360474,-0.37309756875038147,3.109212636947632,-0.4766979515552521,-0.1403038054704666,3.200085163116455,-0.36557337641716003,0.06555739045143127,3.128448486328125,-0.3433484435081482,0.10672962665557861,3.114121198654175,-0.2988986074924469,0.1890740990638733,3.0854666233062744,-0.2801625728607178,0.14018312096595764,3.1411521434783936,-0.2231459617614746,0.16105100512504578,3.3992867469787598,-0.2683478891849518,0.6285298466682434,3.4095470905303955,-0.33857446908950806,1.037620186805725,3.455172538757324,-0.2783263027667999,1.163867712020874,3.3713698387145996,-0.38229745626449585,0.1792943775653839,3.2696380615234375,-0.3471352159976959,0.645052433013916,3.319817543029785,-0.3610568046569824,1.050781488418579,3.4175851345062256,-0.284048467874527,1.1773028373718262,3.349370241165161,-0.16808897256851196,-0.4894276559352875,3.151329755783081,-0.14868465065956116,-0.5342223644256592,3.136064052581787,-0.1468650996685028,-0.5847923159599304,3.166804790496826,-0.2016204297542572,-0.6144821047782898,3.2631568908691406,-0.17842181026935577,-0.5805789828300476,3.1143295764923096,-0.2910311222076416,-0.6025443077087402,3.1144769191741943,-0.3820660412311554,1.1319011449813843,3.4983153343200684,-0.39136677980422974,1.1438508033752441,3.472912549972534
-0.29968300461769104,0.16664838790893555,3.3297154903411865,-0.2921588718891144,-0.02001507580280304,3.2952358722686768,-0.28500473499298096,-0.2066124528646469,3.2603225708007812,-0.2778503894805908,-0.3932154178619385,3.2254080772399902,-0.24020123481750488,-0.39940986037254333,3.2606120109558105,-0.1418469250202179,-0.41295695304870605,3.3531694412231445,-0.23317161202430725,-0.17681317031383514,3.3495051860809326,-0.15980419516563416,0.01853141188621521,3.2240540981292725,-0.1451307088136673,0.05760033056139946,3.1989638805389404,-0.11578373610973358,0.13573816418647766,3.1487834453582764,-0.16639243066310883,0.08209363371133804,3.1301615238189697,-0.31542178988456726,-0.38904914259910583,3.1898248195648193,-0.41377609968185425,-0.3755020499229431,3.0972673892974854,-0.4570004940032959,-0.14153364300727844,3.183915853500366,-0.3381447196006775,0.06169787049293518,3.12186336517334,-0.31437355279922485,0.10234417021274567,3.109452962875366,-0.26683124899864197,0.18363678455352783,3.08463191986084,-0.2525123059749603,0.13396058976650238,3.1404261589050293,-0.22584722936153412,0.1565006524324417,3.4007649421691895,-0.26820263266563416,0.6243575811386108,3.4085264205932617,-0.34169870615005493,1.0331305265426636,3.4523253440856934,-0.27479690313339233,1.1601252555847168,3.37489914894104,-0.37351876497268677,0.17679612338542938,3.2586660385131836,-0.3392206132411957,0.6418201327323914,3.316291332244873,-0.3610002398490906,1.0459294319152832,3.4194252490997314,-0.27847516536712646,1.1734395027160645,3.360018730163574,-0.15927115082740784,-0.49364423751831055,3.158212184906006,-0.1390019804239273,-0.5384533405303955,3.144195318222046,-0.14026306569576263,-0.5893340706825256,3.1744258403778076,-0.2033580243587494,-0.6194738149642944,3.2653603553771973,-0.16713577508926392,-0.5843037366867065,3.119485855102539,-0.2794973850250244,-0.6052212119102478,3.109697103500366,-0.3884979784488678,1.12705659866333,3.4927337169647217,-0.3957684636116028,1.1381292343139648,3.4736053943634033
-0.29741600155830383,0.16453459858894348,3.3195314407348633,-0.289617657661438,-0.022342979907989502,3.286355972290039,-0.2820034921169281,-0.2091870903968811,3.2529499530792236,-0.2743890881538391,-0.3960368037223816,3.219542980194092,-0.24008125066757202,-0.40255558490753174,3.2579526901245117,-0.15161415934562683,-0.41676387190818787,3.3575854301452637,-0.24461591243743896,-0.18240760266780853,3.3429582118988037,-0.1602994054555893,0.011469617486000061,3.2234749794006348,-0.14343610405921936,0.05024506151676178,3.199578285217285,-0.10970950126647949,0.12779594957828522,3.151785135269165,-0.15774540603160858,0.0737282931804657,3.1288702487945557,-0.30861419439315796,-0.39154884219169617,3.180769920349121,-0.39708128571510315,-0.37734055519104004,3.081137180328369,-0.43459373712539673,-0.14122940599918365,3.162564992904663,-0.3074663281440735,0.05889587104320526,3.110006809234619,-0.2820408344268799,0.09892092645168304,3.0994951725006104,-0.23118986189365387,0.1789710372686386,3.0784718990325928,-0.22174717485904694,0.1287667155265808,3.1345629692077637,-0.23054230213165283,0.1535768210887909,3.3969759941101074,-0.2690248489379883,0.6218767166137695,3.404245138168335,-0.34533610939979553,1.0303653478622437,3.4467108249664307,-0.2714208960533142,1.1581742763519287,3.3773486614227295,-0.36428970098495483,0.17549237608909607,3.242086887359619,-0.3305228054523468,0.6393033266067505,3.3097455501556396,-0.35997000336647034,1.041481852531433,3.418717861175537,-0.2717174291610718,1.1696597337722778,3.369813919067383,-0.15102964639663696,-0.4973659813404083,3.163245916366577,-0.12998050451278687,-0.5423113703727722,3.1509451866149902,-0.1345912218093872,-0.5933127999305725,3.180626392364502,-0.20626184344291687,-0.6232196688652039,3.265028953552246,-0.15611299872398376,-0.5877403020858765,3.1234371662139893,-0.26724016666412354,-0.6074309349060059,3.1029934883117676,-0.3954116106033325,1.1239252090454102,3.4839868545532227,-0.39920327067375183,1.1328153610229492,3.4713432788848877
-0.30428987741470337,0.16164717078208923,3.297492504119873,-0.2950066030025482,-0.025592759251594543,3.266838788986206,-0.2856826186180115,-0.21283629536628723,3.2362194061279297,-0.27635836601257324,-0.40008544921875,3.205599069595337,-0.2514170706272125,-0.40724319219589233,3.2505605220794678,-0.18748104572296143,-0.4230153560638428,3.3664793968200684,-0.26724711060523987,-0.18698750436306,3.3258793354034424,-0.15108558535575867,1.2964010238647461e-05,3.2236530780792236,-0.12785327434539795,0.037413060665130615,3.2032077312469482,-0.08138866722583771,0.11221325397491455,3.1623172760009766,-0.12501369416713715,0.05894102156162262,3.1305553913116455,-0.3011983036994934,-0.3949628472328186,3.1603047847747803,-0.3651343286037445,-0.37919068336486816,3.0443859100341797,-0.38802120089530945,-0.14036999642848969,3.122878074645996,-0.24795319139957428,0.05724233388900757,3.107283115386963,-0.21993958950042725,0.09676480293273926,3.1041641235351562,-0.16391238570213318,0.17580974102020264,3.097926139831543,-0.16638816893100739,0.12216467410326004,3.151460886001587,-0.2564852833747864,0.149253249168396,3.387674570083618,-0.27845248579978943,0.6194104552268982,3.398483991622925,-0.35307881236076355,1.0293850898742676,3.4369606971740723,-0.26279574632644653,1.1570667028427124,3.3894894123077393,-0.35209447145462036,0.17404109239578247,3.207310438156128,-0.3171979784965515,0.6343581676483154,3.2997100353240967,-0.35845232009887695,1.033771276473999,3.417591094970703,-0.25772592425346375,1.1604617834091187,3.394989490509033,-0.1463586539030075,-0.5039737820625305,3.1744654178619385,-0.12428469210863113,-0.5492967963218689,3.165879726409912,-0.13637124001979828,-0.6006575226783752,3.192718029022217,-0.22510477900505066,-0.6299365162849426,3.2592573165893555,-0.14507241547107697,-0.5934689044952393,3.1323986053466797,-0.24975812435150146,-0.6095688343048096,3.0883524417877197,-0.4080485999584198,1.1234827041625977,3.4656100273132324,-0.40577924251556396,1.1246788501739502,3.464418649673462
-0.3146727383136749,0.16257774829864502,3.2766013145446777,-0.30458763241767883,-0.024968594312667847,3.2482187747955322,-0.2942982614040375,-0.21255554258823395,3.220180034637451,-0.28400859236717224,-0.4001481235027313,3.1921403408050537,-0.2674715220928192,-0.4075571298599243,3.240783929824829,-0.22520190477371216,-0.4239446222782135,3.365931987762451,-0.28406792879104614,-0.1842179149389267,3.313429832458496,-0.14337076246738434,-0.003895282745361328,3.2323522567749023,-0.11523132771253586,0.032169245183467865,3.2161366939544678,-0.0589524582028389,0.10429830104112625,3.1837055683135986,-0.09943215548992157,0.05318210646510124,3.1450307369232178,-0.30043384432792664,-0.39477798342704773,3.1431920528411865,-0.3427034616470337,-0.37839049100875854,3.0180439949035645,-0.35811349749565125,-0.13930341601371765,3.0973563194274902,-0.21104103326797485,0.05314968526363373,3.1120877265930176,-0.18162654340267181,0.09164030849933624,3.1150341033935547,-0.12279755622148514,0.16862154006958008,3.12092661857605,-0.13578574359416962,0.11349494755268097,3.171320915222168,-0.2838122844696045,0.14953266084194183,3.3737661838531494,-0.2912176549434662,0.6204171776771545,3.3915226459503174,-0.35632506012916565,1.0328289270401,3.4256670475006104,-0.2544059753417969,1.157636284828186,3.397425651550293,-0.34553319215774536,0.1756228357553482,3.179436445236206,-0.31191712617874146,0.6326597332954407,3.289389133453369,-0.35892418026924133,1.0312998294830322,3.4092419147491455,-0.25124478340148926,1.1544476747512817,3.4079244136810303,-0.15248647332191467,-0.5063077211380005,3.1812527179718018,-0.13010823726654053,-0.5519855618476868,3.1757640838623047,-0.1473521888256073,-0.6034033298492432,3.1995580196380615,-0.24633994698524475,-0.6316366195678711,3.250291585922241,-0.1459222137928009,-0.5953908562660217,3.138707399368286,-0.24228832125663757,-0.608934760093689,3.0778820514678955,-0.41200053691864014,1.1286970376968384,3.446462392807007,-0.4104863405227661,1.1231305599212646,3.449631929397583
-0.3267442584037781,0.1631888747215271,3.2580111026763916,-0.3158327639102936,-0.024634048342704773,3.2318930625915527,-0.30468258261680603,-0.21251679956912994,3.2063117027282715,-0.29353204369544983,-0.4004051685333252,3.180729627609253,-0.28621718287467957,-0.40793609619140625,3.2315642833709717,-0.2676200568675995,-0.42462486028671265,3.362240791320801,-0.31129327416419983,-0.18303850293159485,3.3038477897644043,-0.15540792047977448,-0.004615217447280884,3.2514874935150146,-0.12423084676265717,0.03106943890452385,3.2410154342651367,-0.06187670677900314,0.10243874788284302,3.220071315765381,-0.09582319855690002,0.05261531099677086,3.174118995666504,-0.3007257282733917,-0.3949163556098938,3.1296167373657227,-0.3193228542804718,-0.3782275915145874,2.9989402294158936,-0.3297434449195862,-0.13969786465168,3.0806472301483154,-0.17991949617862701,0.04563237726688385,3.1262781620025635,-0.14995470643043518,0.08269842714071274,3.135404348373413,-0.09002512693405151,0.15683051943778992,3.1536567211151123,-0.11378785222768784,0.10124294459819794,3.199392080307007,-0.31443729996681213,0.1498408317565918,3.359143018722534,-0.3103809058666229,0.620959460735321,3.3856201171875,-0.36449378728866577,1.0357837677001953,3.416109085083008,-0.25420650839805603,1.156700849533081,3.4093148708343506,-0.339051216840744,0.1765369176864624,3.156879186630249,-0.31016165018081665,0.6307235956192017,3.2815792560577393,-0.3626173734664917,1.029674768447876,3.3999996185302734,-0.25164350867271423,1.1483490467071533,3.4207751750946045,-0.16282163560390472,-0.5079894065856934,3.1901795864105225,-0.14022047817707062,-0.553885817527771,3.1877756118774414,-0.1616467535495758,-0.6054825782775879,3.2076151371002197,-0.2680386006832123,-0.6333243250846863,3.240839719772339,-0.1500595659017563,-0.5966491103172302,3.1479082107543945,-0.23520822823047638,-0.608296275138855,3.071669578552246,-0.4192938506603241,1.1337528228759766,3.428536891937256,-0.4170939028263092,1.1231003999710083,3.4325478076934814
-0.3393174111843109,0.16428840160369873,3.2422406673431396,-0.327302485704422,-0.023701727390289307,3.2179620265960693,-0.3150893747806549,-0.2117527723312378,3.194260835647583,-0.3028758764266968,-0.39980947971343994,3.1705589294433594,-0.3049475848674774,-0.40745171904563904,3.221855640411377,-0.31042811274528503,-0.4244217276573181,3.3536763191223145,-0.3484538495540619,-0.1818201243877411,3.2954564094543457,-0.19029593467712402,0.0012756288051605225,3.276801824569702,-0.15866434574127197,0.037894781678915024,3.273070812225342,-0.09540117532014847,0.11113308370113373,3.2656090259552,-0.11940043419599533,0.06217451021075249,3.2129368782043457,-0.30067145824432373,-0.39421114325523376,3.119004726409912,-0.2951909303665161,-0.3772411346435547,2.9871840476989746,-0.3030390739440918,-0.1396448016166687,3.071903705596924,-0.1569647639989853,0.03920529782772064,3.146475315093994,-0.12774990499019623,0.07497531920671463,3.1613895893096924,-0.0693201795220375,0.1465153694152832,3.191218137741089,-0.10242120921611786,0.09111491590738297,3.230997323989868,-0.3458447754383087,0.15074609220027924,3.3438689708709717,-0.33464935421943665,0.6217117309570312,3.3810617923736572,-0.37763434648513794,1.0385059118270874,3.4107794761657715,-0.2632543444633484,1.1550017595291138,3.4267258644104004,-0.3327900469303131,0.17783071100711823,3.1406123638153076,-0.3104381561279297,0.6295692324638367,3.27754282951355,-0.3668687641620636,1.0295286178588867,3.392852544784546,-0.256452739238739,1.1431227922439575,3.435432195663452,-0.17491769790649414,-0.5079554915428162,3.198625326156616,-0.15212172269821167,-0.5539239645004272,3.198997735977173,-0.17638906836509705,-0.6059274077415466,3.2143218517303467,-0.2868594527244568,-0.6342369318008423,3.229896068572998,-0.15551021695137024,-0.5960359573364258,3.1572463512420654,-0.22770270705223083,-0.606211245059967,3.0681822299957275,-0.4300893545150757,1.1386053562164307,3.415369749069214,-0.42248430848121643,1.1249836683273315,3.417095899581909
-0.3519982397556305,0.16606801748275757,3.2318599224090576,-0.3387780785560608,-0.02208791673183441,3.209868907928467,-0.32538384199142456,-0.21029327809810638,3.18841290473938,-0.3119892179965973,-0.39850425720214844,3.1669561862945557,-0.3226415812969208,-0.40602993965148926,3.2171852588653564,-0.3501591682434082,-0.42271432280540466,3.3463573455810547,-0.4024386703968048,-0.18210384249687195,3.2906317710876465,-0.2692384719848633,0.02051784098148346,3.301851272583008,-0.24259842932224274,0.0610421784222126,3.3040952682495117,-0.18931835889816284,0.14209085702896118,3.3085830211639404,-0.19800381362438202,0.09279362112283707,3.251615524291992,-0.3011912405490875,-0.3930242359638214,3.1164939403533936,-0.2736736536026001,-0.376339852809906,2.9873218536376953,-0.2794742286205292,-0.13875465095043182,3.0724778175354004,-0.14097192883491516,0.0351799875497818,3.16988205909729,-0.11327146738767624,0.06996691226959229,3.1893630027770996,-0.05787054821848869,0.13954076170921326,3.2283246517181396,-0.09867120534181595,0.08531755208969116,3.262178659439087,-0.37570953369140625,0.15282246470451355,3.330935001373291,-0.3607825040817261,0.6235336065292358,3.377232551574707,-0.3922976851463318,1.0418707132339478,3.407848358154297,-0.27767354249954224,1.1535284519195557,3.4449520111083984,-0.32828694581985474,0.1793135702610016,3.132784843444824,-0.3124847710132599,0.6295634508132935,3.277562379837036,-0.3716129660606384,1.0312132835388184,3.3876430988311768,-0.26522189378738403,1.1400904655456543,3.449364185333252,-0.18798571825027466,-0.5070137977600098,3.210407018661499,-0.16517150402069092,-0.5530700087547302,3.21321702003479,-0.19110515713691711,-0.6054912805557251,3.2246129512786865,-0.3028961718082428,-0.6343697309494019,3.2251806259155273,-0.16285882890224457,-0.594786524772644,3.170734167098999,-0.22286491096019745,-0.6040395498275757,3.072524309158325,-0.4410107731819153,1.1440972089767456,3.4056856632232666,-0.42678606510162354,1.1288042068481445,3.4037628173828125
-0.3611129820346832,0.16838404536247253,3.2265048027038574,-0.34722062945365906,-0.019919395446777344,3.2067172527313232,-0.3331819176673889,-0.20825955271720886,3.187387466430664,-0.31914278864860535,-0.39660537242889404,3.1680572032928467,-0.3368517756462097,-0.4039137363433838,3.2162721157073975,-0.3826323449611664,-0.4200914204120636,3.340651273727417,-0.45222008228302,-0.18367403745651245,3.285625457763672,-0.35117313265800476,0.035092368721961975,3.315352201461792,-0.33096373081207275,0.07884564995765686,3.3212976455688477,-0.29054495692253113,0.16635221242904663,3.33318829536438,-0.2853028476238251,0.11793792247772217,3.2750301361083984,-0.301281213760376,-0.39134401082992554,3.1196322441101074,-0.2555006444454193,-0.3751663267612457,2.995253086090088,-0.2590330243110657,-0.13689367473125458,3.078782320022583,-0.12949596345424652,0.03442545235157013,3.1920201778411865,-0.10358855128288269,0.06868927925825119,3.214667797088623,-0.05177372694015503,0.13721692562103271,3.259963035583496,-0.09834536164999008,0.08465548604726791,3.2886366844177246,-0.39891499280929565,0.1556491255760193,3.321153402328491,-0.3817722499370575,0.6260821223258972,3.3743808269500732,-0.40495625138282776,1.0453119277954102,3.406623363494873,-0.2933831810951233,1.1530226469039917,3.461329936981201,-0.3233109712600708,0.18111896514892578,3.1318562030792236,-0.3124834895133972,0.6304550170898438,3.281569480895996,-0.37460005283355713,1.0338668823242188,3.385160446166992,-0.27466416358947754,1.1393907070159912,3.4621050357818604,-0.1989418864250183,-0.5055484175682068,3.222630500793457,-0.17619295418262482,-0.5517454743385315,3.2272379398345947,-0.20298393070697784,-0.6046079993247986,3.23557448387146,-0.3146442174911499,-0.6340450048446655,3.2248759269714355,-0.16950760781764984,-0.5932070016860962,3.184600353240967,-0.21979466080665588,-0.601742148399353,3.0804495811462402,-0.4498752951622009,1.1491516828536987,3.3991353511810303,-0.42861753702163696,1.1331628561019897,3.394042491912842
-0.3654107451438904,0.1707109808921814,3.2253801822662354,-0.3514147102832794,-0.017748966813087463,3.2076802253723145,-0.3372672498226166,-0.2062302976846695,3.1903319358825684,-0.3231193721294403,-0.394717276096344,3.172983169555664,-0.34629741311073303,-0.4017179608345032,3.218855142593384,-0.4064925014972687,-0.41718778014183044,3.3378384113311768,-0.49266183376312256,-0.18639560043811798,3.2823569774627686,-0.42137956619262695,0.0423089861869812,3.321986436843872,-0.4071231186389923,0.08804990351200104,3.3299124240875244,-0.378610223531723,0.1795317530632019,3.34576416015625,-0.3627452850341797,0.13304591178894043,3.2879574298858643,-0.2997875511646271,-0.3897651731967926,3.126922369003296,-0.23959244787693024,-0.37429535388946533,3.007939100265503,-0.24136275053024292,-0.13457898795604706,3.087319850921631,-0.12099660187959671,0.037241578102111816,3.209578275680542,-0.09692337363958359,0.07160569727420807,3.23403000831604,-0.048776913434267044,0.14033392071723938,3.282933473587036,-0.09930554032325745,0.08947129547595978,3.3077144622802734,-0.4140974283218384,0.15867987275123596,3.3149826526641846,-0.39457201957702637,0.628889799118042,3.3723599910736084,-0.4123365879058838,1.0486977100372314,3.404646396636963,-0.3054516911506653,1.153752326965332,3.4726362228393555,-0.3167240619659424,0.18274208903312683,3.135777711868286,-0.31054988503456116,0.6317696571350098,3.2877869606018066,-0.37520888447761536,1.0369075536727905,3.384114980697632,-0.28239908814430237,1.1403529644012451,3.4722561836242676,-0.20580877363681793,-0.5039793252944946,3.235368251800537,-0.18312005698680878,-0.5503424406051636,3.2413411140441895,-0.21033352613449097,-0.6036055684089661,3.2477011680603027,-0.32146990299224854,-0.6335664391517639,3.2293622493743896,-0.173386812210083,-0.5918148756027222,3.198875904083252,-0.21678754687309265,-0.6001595258712769,3.091024160385132,-0.4538864195346832,1.1536154747009277,3.39274525642395,-0.4276984930038452,1.1374716758728027,3.3868439197540283
-0.36855894327163696,0.17240211367607117,3.234046459197998,-0.35488390922546387,-0.016255483031272888,3.218447685241699,-0.3410142660140991,-0.20491750538349152,3.203075885772705,-0.32714420557022095,-0.3935851752758026,3.1877036094665527,-0.3546239137649536,-0.40018656849861145,3.231194257736206,-0.42650312185287476,-0.4147321879863739,3.344860553741455,-0.5266172885894775,-0.188781276345253,3.292978286743164,-0.4782165586948395,0.04358825087547302,3.3441572189331055,-0.4685364067554474,0.09006215631961823,3.3543930053710938,-0.4491761028766632,0.18300996720790863,3.3748645782470703,-0.42580482363700867,0.14019189774990082,3.316772937774658,-0.2995137572288513,-0.3890343904495239,3.144045829772949,-0.22763453423976898,-0.3744887709617615,3.030379295349121,-0.22597141563892365,-0.13244543969631195,3.102356433868408,-0.11250723153352737,0.041907310485839844,3.2275943756103516,-0.08981439471244812,0.0767778605222702,3.2526419162750244,-0.04442872107028961,0.14651896059513092,3.30273699760437,-0.09809090197086334,0.09777334332466125,3.325063943862915,-0.4257732331752777,0.16126799583435059,3.3185482025146484,-0.40352317690849304,0.6314488649368286,3.3775458335876465,-0.41802045702934265,1.0518320798873901,3.407240390777588,-0.31651490926742554,1.1555840969085693,3.4850144386291504,-0.3113446533679962,0.18353623151779175,3.1495447158813477,-0.30901381373405457,0.6331462264060974,3.3008430004119873,-0.3749498426914215,1.0402663946151733,3.3887040615081787,-0.28896909952163696,1.142630696296692,3.4848575592041016,-0.21189063787460327,-0.5031448006629944,3.255929470062256,-0.18928703665733337,-0.5497286319732666,3.2630646228790283,-0.2168361097574234,-0.6033351421356201,3.268366575241089,-0.32764577865600586,-0.6337015628814697,3.2450244426727295,-0.17753568291664124,-0.5915311574935913,3.2209317684173584,-0.2162945419549942,-0.6002569198608398,3.110625982284546,-0.4566880762577057,1.1573758125305176,3.391213893890381,-0.42558878660202026,1.1418516635894775,3.385939836502075
-0.36805540323257446,0.17350468039512634,3.2407827377319336,-0.35475438833236694,-0.015330642461776733,3.226801872253418,-0.3412454128265381,-0.20416539907455444,3.2130138874053955,-0.3277360498905182,-0.3930057883262634,3.199225425720215,-0.358347624540329,-0.3992561995983124,3.2406344413757324,-0.4390122592449188,-0.41298946738243103,3.349687099456787,-0.5483561754226685,-0.19042697548866272,3.301969051361084,-0.5126301646232605,0.042230620980262756,3.3615546226501465,-0.505484938621521,0.08876214176416397,3.373471736907959,-0.49119454622268677,0.181825190782547,3.397305965423584,-0.4642218351364136,0.14203020930290222,3.3386292457580566,-0.29697760939598083,-0.38880786299705505,3.1576666831970215,-0.216312974691391,-0.3750745952129364,3.048614025115967,-0.21265874803066254,-0.1305391490459442,3.1115126609802246,-0.10568832606077194,0.04862876236438751,3.2356598377227783,-0.08429424464702606,0.08446234464645386,3.2604892253875732,-0.041506074368953705,0.15612950921058655,3.310148239135742,-0.09716129302978516,0.10903412848711014,3.331092357635498,-0.4314596652984619,0.16311274468898773,3.320822238922119,-0.4068201184272766,0.6331006288528442,3.381347179412842,-0.4195547103881836,1.0538347959518433,3.408255100250244,-0.3230825960636139,1.1570494174957275,3.492931842803955,-0.304651141166687,0.18389661610126495,3.160743236541748,-0.30620473623275757,0.6338493824005127,3.3114054203033447,-0.373412162065506,1.0422441959381104,3.3926472663879395,-0.29344677925109863,1.1440484523773193,3.4944887161254883,-0.21326372027397156,-0.5026944279670715,3.271117687225342,-0.19063526391983032,-0.5494881868362427,3.279071569442749,-0.21839682757854462,-0.603428304195404,3.2840521335601807,-0.3292624354362488,-0.6342608332633972,3.2581608295440674,-0.17778083682060242,-0.591751754283905,3.2371954917907715,-0.2141837477684021,-0.6011773347854614,3.1254003047943115,-0.45595693588256836,1.1596746444702148,3.3889987468719482,-0.42246976494789124,1.14444100856781,3.3857805728912354
-0.36755648255348206,0.17365482449531555,3.257352828979492,-0.3547290861606598,-0.015417933464050293,3.2450785636901855,-0.3416560888290405,-0.20448222756385803,3.232933521270752,-0.3285827040672302,-0.39355215430259705,3.2207882404327393,-0.36154308915138245,-0.39941519498825073,3.2604429721832275,-0.449047327041626,-0.4122251272201538,3.365668296813965,-0.5652026534080505,-0.19210410118103027,3.3229763507843018,-0.53677898645401,0.0387827605009079,3.3925492763519287,-0.5310942530632019,0.08496013283729553,3.406463861465454,-0.5197247862815857,0.1773148775100708,3.434293031692505,-0.49059033393859863,0.1406376212835312,3.3746259212493896,-0.29548022150993347,-0.3897441029548645,3.1810011863708496,-0.20797596871852875,-0.3769341707229614,3.0757758617401123,-0.20254236459732056,-0.12991604208946228,3.1279337406158447,-0.1004987508058548,0.05501075088977814,3.2477095127105713,-0.08009003102779388,0.09199611097574234,3.271664619445801,-0.03927258774638176,0.16596683859825134,3.3195748329162598,-0.09633399546146393,0.12039501219987869,3.3401031494140625,-0.4355370104312897,0.1640893816947937,3.3336548805236816,-0.4082050323486328,0.6340566873550415,3.3938379287719727,-0.4197860062122345,1.055175542831421,3.4159939289093018,-0.32765066623687744,1.1586720943450928,3.5050971508026123,-0.29957595467567444,0.1832202672958374,3.1810507774353027,-0.3042776882648468,0.6342095136642456,3.3287835121154785,-0.3714736998081207,1.043939232826233,3.4034321308135986,-0.2962433695793152,1.145637035369873,3.508967876434326,-0.21421398222446442,-0.5034252405166626,3.295274257659912,-0.19156767427921295,-0.5504732131958008,3.3039212226867676,-0.21961423754692078,-0.6046934723854065,3.30912446975708,-0.33096420764923096,-0.6358510851860046,3.2822062969207764,-0.17824605107307434,-0.593390941619873,3.2622783184051514,-0.21375438570976257,-0.6038271188735962,3.149475574493408,-0.4543581008911133,1.1610496044158936,3.3936781883239746,-0.4189491271972656,1.1466164588928223,3.393136501312256
-0.36739030480384827,0.1731274425983429,3.2858803272247314,-0.35509639978408813,-0.01624247431755066,3.2748866081237793,-0.342496782541275,-0.2055947482585907,3.2639353275299072,-0.32989680767059326,-0.3949526846408844,3.252983570098877,-0.36465728282928467,-0.40051203966140747,3.2911837100982666,-0.4576472043991089,-0.4126075208187103,3.3933329582214355,-0.5796529054641724,-0.19390225410461426,3.3605682849884033,-0.5551317930221558,0.032115399837493896,3.445967435836792,-0.5502275824546814,0.07731893658638,3.4630472660064697,-0.5404191613197327,0.16772601008415222,3.497206926345825,-0.5100520849227905,0.13552573323249817,3.4355850219726562,-0.294999361038208,-0.3914514183998108,3.2146644592285156,-0.2020094394683838,-0.37935593724250793,3.1125152111053467,-0.19572211802005768,-0.13027265667915344,3.1538538932800293,-0.0980362817645073,0.06053987145423889,3.26798677444458,-0.07849911600351334,0.09870237857103348,3.290813446044922,-0.03942478075623512,0.17502740025520325,3.3364665508270264,-0.09744098782539368,0.13064435124397278,3.356973648071289,-0.43880146741867065,0.16423995792865753,3.3591127395629883,-0.40876421332359314,0.6343561410903931,3.4180922508239746,-0.41973310708999634,1.0558969974517822,3.434490919113159,-0.3312377333641052,1.1602421998977661,3.526353597640991,-0.2959791421890259,0.18201492726802826,3.2126479148864746,-0.30303439497947693,0.6344760060310364,3.3562419414520264,-0.3695083260536194,1.0455546379089355,3.424663543701172,-0.297926127910614,1.1474709510803223,3.532585620880127,-0.21519100666046143,-0.505375862121582,3.329005718231201,-0.19254367053508759,-0.5527538657188416,3.3381030559539795,-0.22095806896686554,-0.6072273850440979,3.3436977863311768,-0.3331313133239746,-0.6384678483009338,3.3166308403015137,-0.1791868507862091,-0.5963202118873596,3.2965145111083984,-0.21477949619293213,-0.6075640916824341,3.1829442977905273,-0.4528878629207611,1.1616289615631104,3.4093363285064697,-0.4155270457267761,1.148608684539795,3.411496877670288
-0.36049383878707886,0.1726190745830536,3.3033409118652344,-0.34972724318504333,-0.01758095622062683,3.295504331588745,-0.3386709690093994,-0.20776784420013428,3.2877519130706787,-0.32761436700820923,-0.3979604244232178,3.279999256134033,-0.3658561408519745,-0.40265220403671265,3.315077066421509,-0.4692769944667816,-0.4125298857688904,3.4099063873291016,-0.5946912169456482,-0.19388964772224426,3.3859474658966064,-0.5712262988090515,0.023532167077064514,3.492938280105591,-0.5665333271026611,0.06701652705669403,3.514336347579956,-0.5571473836898804,0.15398526191711426,3.5571327209472656,-0.5247761607170105,0.12716060876846313,3.493750810623169,-0.2892524302005768,-0.3953358232975006,3.2448370456695557,-0.18583157658576965,-0.3854581415653229,3.150007724761963,-0.18695849180221558,-0.13316616415977478,3.1713101863861084,-0.10386568307876587,0.06975817680358887,3.2770795822143555,-0.08724711835384369,0.11034304648637772,3.2982335090637207,-0.054009996354579926,0.191512793302536,3.340541362762451,-0.1129588633775711,0.14735162258148193,3.3595035076141357,-0.43850159645080566,0.16545240581035614,3.3701066970825195,-0.39955756068229675,0.6347507238388062,3.430783271789551,-0.404292494058609,1.056678056716919,3.439707040786743,-0.32229411602020264,1.1610746383666992,3.537388563156128,-0.28248608112335205,0.17978574335575104,3.236575126647949,-0.29877015948295593,0.6342238783836365,3.3731765747070312,-0.36659085750579834,1.0466820001602173,3.4315152168273926,-0.3038361668586731,1.1489894390106201,3.544471263885498,-0.21431276202201843,-0.5089374780654907,3.3630526065826416,-0.19214372336864471,-0.5569726228713989,3.3742563724517822,-0.22178611159324646,-0.6116931438446045,3.381012201309204,-0.3353903889656067,-0.6428650617599487,3.35208797454834,-0.17825913429260254,-0.6026296615600586,3.3337433338165283,-0.2120639532804489,-0.6171852350234985,3.2181596755981445,-0.4332035779953003,1.1625217199325562,3.410121202468872,-0.4101159870624542,1.150065541267395,3.413309335708618
-0.35587674379348755,0.1714577078819275,3.3042969703674316,-0.3453640341758728,-0.019019365310668945,3.2973780632019043,-0.33458977937698364,-0.20948566496372223,3.2905654907226562,-0.3238151967525482,-0.39995765686035156,3.283752679824829,-0.36166617274284363,-0.4044126272201538,3.319373369216919,-0.4643933176994324,-0.41367974877357483,3.4159982204437256,-0.5843187570571899,-0.1909470111131668,3.400071382522583,-0.548495352268219,0.02180582284927368,3.5134363174438477,-0.5413306951522827,0.06435638666152954,3.536109209060669,-0.5270013213157654,0.14945751428604126,3.5814552307128906,-0.49771222472190857,0.12348609417676926,3.516148805618286,-0.28584712743759155,-0.39757293462753296,3.2480580806732178,-0.1831199824810028,-0.38830581307411194,3.151433229446411,-0.19231370091438293,-0.13529187440872192,3.1634767055511475,-0.11368399858474731,0.07286839187145233,3.262902021408081,-0.09795805811882019,0.11450044810771942,3.2827870845794678,-0.06650617718696594,0.1977645456790924,3.322557210922241,-0.12429360300302505,0.1526762992143631,3.343172073364258,-0.43299585580825806,0.16473041474819183,3.3723220825195312,-0.38759657740592957,0.633730411529541,3.431318759918213,-0.3909431993961334,1.0558053255081177,3.435380458831787,-0.30698615312576294,1.1610913276672363,3.530447483062744,-0.27875763177871704,0.17818500101566315,3.236271858215332,-0.2957681119441986,0.63370281457901,3.3693764209747314,-0.3636336624622345,1.046311855316162,3.4270222187042236,-0.2994708716869354,1.149224042892456,3.5386641025543213,-0.20716221630573273,-0.5109381675720215,3.3646717071533203,-0.18456318974494934,-0.5592040419578552,3.3757400512695312,-0.2142513394355774,-0.614130973815918,3.384214401245117,-0.3295971155166626,-0.6455825567245483,3.359438180923462,-0.1720922887325287,-0.6056662797927856,3.3350472450256348,-0.21014642715454102,-0.6215993165969849,3.2201309204101562,-0.4200444221496582,1.161401629447937,3.4050452709198,-0.4076431095600128,1.1495441198349,3.4090235233306885
-0.353325217962265,0.17061260342597961,3.30259370803833,-0.34289905428886414,-0.02004624903202057,3.2962605953216553,-0.33221736550331116,-0.2106940895318985,3.290022850036621,-0.3215353488922119,-0.40134763717651367,3.283784866333008,-0.3587212562561035,-0.40566229820251465,3.3201773166656494,-0.4599132537841797,-0.414570152759552,3.4191482067108154,-0.5732961297035217,-0.18759720027446747,3.4114701747894287,-0.5256123542785645,0.020502015948295593,3.5297553539276123,-0.516075611114502,0.062121856957674026,3.553412437438965,-0.49700209498405457,0.1453615427017212,3.60072660446167,-0.47071945667266846,0.12016894668340683,3.533729314804077,-0.28423336148262024,-0.39910516142845154,3.2473244667053223,-0.18304137885570526,-0.3901973068714142,3.1483535766601562,-0.19786599278450012,-0.13689115643501282,3.1552512645721436,-0.1207488402724266,0.07399371266365051,3.2509117126464844,-0.10532540827989578,0.11617068946361542,3.2700438499450684,-0.07447855174541473,0.20052462816238403,3.3083081245422363,-0.13135164976119995,0.15479889512062073,3.330414056777954,-0.4289880096912384,0.16415534913539886,3.3724257946014404,-0.37818583846092224,0.632925271987915,3.429405450820923,-0.38059261441230774,1.0550916194915771,3.4297637939453125,-0.29420268535614014,1.1610510349273682,3.521902322769165,-0.2776624262332916,0.17706985771656036,3.2327616214752197,-0.2937494218349457,0.6336689591407776,3.362496852874756,-0.36126309633255005,1.0465315580368042,3.419212818145752,-0.2948680520057678,1.1502556800842285,3.5288171768188477,-0.20099833607673645,-0.5121654272079468,3.36160945892334,-0.17773866653442383,-0.5605911016464233,3.372225761413574,-0.2071232944726944,-0.6158705353736877,3.382179021835327,-0.3239021599292755,-0.647972583770752,3.3616673946380615,-0.16654852032661438,-0.6075667142868042,3.331159830093384,-0.2089402973651886,-0.6244450807571411,3.2171132564544678,-0.41019150614738464,1.1604939699172974,3.399170398712158,-0.4058993458747864,1.1495777368545532,3.401583433151245
-0.3524351418018341,0.16883617639541626,3.2995500564575195,-0.3415360152721405,-0.021893367171287537,3.293551206588745,-0.3303902745246887,-0.2126113623380661,3.2876386642456055,-0.3192442059516907,-0.4033350646495819,3.2817258834838867,-0.35528621077537537,-0.4076467752456665,3.319284677505493,-0.4535602033138275,-0.4165622591972351,3.4216103553771973,-0.5586678981781006,-0.18502657115459442,3.4223856925964355,-0.4979744553565979,0.01836368441581726,3.54374361038208,-0.4858357608318329,0.059041738510131836,3.5680150985717773,-0.46155837178230286,0.140397846698761,3.616558313369751,-0.438740998506546,0.11573686450719833,3.5479607582092285,-0.2830810546875,-0.40109628438949585,3.244102716445923,-0.18480706214904785,-0.39218080043792725,3.1417770385742188,-0.20603038370609283,-0.13881206512451172,3.1450729370117188,-0.13022780418395996,0.07485586404800415,3.236609935760498,-0.11506728827953339,0.11758945137262344,3.2549173831939697,-0.08474625647068024,0.20305663347244263,3.291532278060913,-0.140170156955719,0.1563974767923355,3.315730333328247,-0.42574167251586914,0.16236913204193115,3.371976137161255,-0.3708184063434601,0.6310979127883911,3.4259188175201416,-0.37226349115371704,1.0533217191696167,3.42421555519104,-0.28250589966773987,1.1595451831817627,3.5128018856048584,-0.2791286110877991,0.17530322074890137,3.227123975753784,-0.29399779438972473,0.633004903793335,3.3533029556274414,-0.36095094680786133,1.0460048913955688,3.410102605819702,-0.2912195920944214,1.1505438089370728,3.516857147216797,-0.19438491761684418,-0.5135665535926819,3.355720281600952,-0.17027737200260162,-0.5620424747467041,3.3656985759735107,-0.19903162121772766,-0.6177614331245422,3.3770859241485596,-0.3169163465499878,-0.6509063243865967,3.361159563064575,-0.16030919551849365,-0.6093859672546387,3.3242220878601074,-0.20720285177230835,-0.6271758675575256,3.211379051208496,-0.4026643931865692,1.1586551666259766,3.3941190242767334,-0.40651243925094604,1.1488252878189087,3.393450975418091
-0.35052064061164856,0.16630074381828308,3.295698404312134,-0.3391595184803009,-0.02444140613079071,3.289954662322998,-0.32761433720588684,-0.21517634391784668,3.2843399047851562,-0.3160687983036041,-0.4059169888496399,3.2787249088287354,-0.35050421953201294,-0.41019225120544434,3.317777633666992,-0.4445258378982544,-0.41901904344558716,3.42429518699646,-0.5369873046875,-0.18180139362812042,3.4326632022857666,-0.45993292331695557,0.016146183013916016,3.554626703262329,-0.44452205300331116,0.05573569983243942,3.57901930809021,-0.41370031237602234,0.13491472601890564,3.627804756164551,-0.39511340856552124,0.1101851761341095,3.5578150749206543,-0.2815078794956207,-0.4037148356437683,3.2396111488342285,-0.18748624622821808,-0.3948880434036255,3.1330935955047607,-0.21554669737815857,-0.1417025625705719,3.1341335773468018,-0.14066097140312195,0.07459519803524017,3.2213294506073,-0.12568382918834686,0.11785474419593811,3.2387685775756836,-0.0957295373082161,0.20437383651733398,3.273646831512451,-0.149257093667984,0.15666037797927856,3.3003640174865723,-0.4205274283885956,0.15985135734081268,3.3713998794555664,-0.3626372814178467,0.6288642287254333,3.419990301132202,-0.36307379603385925,1.0511270761489868,3.4163572788238525,-0.2690894305706024,1.157519817352295,3.5002691745758057,-0.28051385283470154,0.17275013029575348,3.219996929168701,-0.293775349855423,0.6312999129295349,3.343453884124756,-0.3601524233818054,1.0442309379577637,3.401775360107422,-0.28617459535598755,1.1495161056518555,3.504906415939331,-0.187234029173851,-0.5157507061958313,3.348461627960205,-0.16236615180969238,-0.5642866492271423,3.3576653003692627,-0.19046913087368011,-0.6203986406326294,3.370335578918457,-0.3092317581176758,-0.6544139981269836,3.3589634895324707,-0.15367931127548218,-0.6118989586830139,3.3157551288604736,-0.20499394834041595,-0.6303315162658691,3.2043190002441406,-0.3945474326610565,1.1564171314239502,3.3871755599975586,-0.4069373905658722,1.1467795372009277,3.386838912963867
-0.3452915847301483,0.16507041454315186,3.2881715297698975,-0.3335861563682556,-0.02564622461795807,3.282111167907715,-0.3218834698200226,-0.21637214720249176,3.2763445377349854,-0.3101804554462433,-0.4071037769317627,3.270577907562256,-0.3423161506652832,-0.4113556444644928,3.3115479946136475,-0.43008092045783997,-0.42011967301368713,3.423304557800293,-0.502025306224823,-0.1757604479789734,3.437044858932495,-0.4023752808570862,0.014549821615219116,3.5554447174072266,-0.3824452757835388,0.05261187627911568,3.579124689102173,-0.3425852656364441,0.1287359893321991,3.6264846324920654,-0.3297630548477173,0.10297902673482895,3.5554604530334473,-0.2779175341129303,-0.4049248993396759,3.2295451164245605,-0.19015276432037354,-0.39616087079048157,3.117788553237915,-0.22815188765525818,-0.14391297101974487,3.1196038722991943,-0.1557854413986206,0.07506681978702545,3.2031359672546387,-0.1413121521472931,0.11886277794837952,3.2198424339294434,-0.11236557364463806,0.20645469427108765,3.2532551288604736,-0.16281208395957947,0.1569068729877472,3.282792091369629,-0.41060125827789307,0.15852570533752441,3.3679862022399902,-0.3528381586074829,0.6280607581138611,3.4119174480438232,-0.35576626658439636,1.0503489971160889,3.407628059387207,-0.25747817754745483,1.1574103832244873,3.485579013824463,-0.27998191118240356,0.1716151237487793,3.2083568572998047,-0.2919631600379944,0.6304895877838135,3.3309144973754883,-0.3587111234664917,1.0428506135940552,3.3930230140686035,-0.27969589829444885,1.148935317993164,3.4915201663970947,-0.1772642433643341,-0.5165960192680359,3.3348400592803955,-0.1516711264848709,-0.5651808381080627,3.343029737472534,-0.17900289595127106,-0.6216140389442444,3.357133150100708,-0.2984554171562195,-0.6563481092453003,3.3512277603149414,-0.1446458399295807,-0.6130285859107971,3.300699234008789,-0.20111045241355896,-0.632022500038147,3.1913318634033203,-0.389504998922348,1.1554245948791504,3.3802146911621094,-0.40729886293411255,1.1449427604675293,3.3808934688568115
-0.3349969983100891,0.1653355360031128,3.2771708965301514,-0.32324934005737305,-0.0253218412399292,3.269737958908081,-0.3117420971393585,-0.21601459383964539,3.262856960296631,-0.30023449659347534,-0.40671306848526,3.2559757232666016,-0.3290141522884369,-0.41105660796165466,3.2993574142456055,-0.40765389800071716,-0.4200739562511444,3.4177417755126953,-0.4489821195602417,-0.16858285665512085,3.4325625896453857,-0.3190767765045166,0.009740352630615234,3.5401906967163086,-0.2930957078933716,0.04540499672293663,3.561716318130493,-0.24113357067108154,0.11673428118228912,3.6047675609588623,-0.23671361804008484,0.08900249749422073,3.53340482711792,-0.271329790353775,-0.40444216132164,3.2125191688537598,-0.19269004464149475,-0.39542481303215027,3.09413480758667,-0.24247746169567108,-0.1451583206653595,3.102093458175659,-0.17251071333885193,0.07550594210624695,3.183765411376953,-0.15851736068725586,0.11963880062103271,3.2000997066497803,-0.13053065538406372,0.20790451765060425,3.2327685356140137,-0.17653341591358185,0.15585121512413025,3.2652556896209717,-0.39347130060195923,0.15842173993587494,3.362093210220337,-0.33865660429000854,0.6285794973373413,3.4034805297851562,-0.3471047580242157,1.050845742225647,3.401832342147827,-0.24412935972213745,1.158790946006775,3.4721693992614746,-0.276522696018219,0.17224933207035065,3.192248582839966,-0.2894994914531708,0.6308871507644653,3.31573486328125,-0.3591553270816803,1.0417472124099731,3.3844735622406006,-0.27455660700798035,1.149208903312683,3.4766604900360107,-0.16366130113601685,-0.5165736079216003,3.3130640983581543,-0.13760483264923096,-0.5653092861175537,3.3198697566986084,-0.16422680020332336,-0.6218925714492798,3.335495710372925,-0.2841843366622925,-0.6566759347915649,3.336125612258911,-0.13290753960609436,-0.6133023500442505,3.2771010398864746,-0.1954464316368103,-0.6323369145393372,3.1706743240356445,-0.38424593210220337,1.155619502067566,3.3778374195098877,-0.4105735123157501,1.1428799629211426,3.376657485961914
-0.3228854537010193,0.1662966012954712,3.265876293182373,-0.31119439005851746,-0.024215012788772583,3.2568576335906982,-0.299896776676178,-0.21478679776191711,3.2486445903778076,-0.28859883546829224,-0.4053642749786377,3.240431308746338,-0.3129573464393616,-0.40983080863952637,3.2864043712615967,-0.3795275390148163,-0.4191835820674896,3.411851167678833,-0.38466358184814453,-0.16390731930732727,3.4176738262176514,-0.22174474596977234,-0.0012532025575637817,3.5031516551971436,-0.18916097283363342,0.0312776193022728,3.520247220993042,-0.12399343401193619,0.09633926302194595,3.554438352584839,-0.13056950271129608,0.06553740054368973,3.484482526779175,-0.2641175389289856,-0.4029690623283386,3.194369077682495,-0.19754734635353088,-0.39361628890037537,3.068922281265259,-0.25980326533317566,-0.14660440385341644,3.0872411727905273,-0.19210082292556763,0.07538074254989624,3.16751766204834,-0.17856033146381378,0.11977777630090714,3.183573007583618,-0.1514793485403061,0.20857185125350952,3.215683698654175,-0.19161444902420044,0.15365026891231537,3.2511603832244873,-0.3723829388618469,0.1589786559343338,3.3562963008880615,-0.32369568943977356,0.6300315856933594,3.3954291343688965,-0.3430168330669403,1.051966667175293,3.396702289581299,-0.23634126782417297,1.1623754501342773,3.4570086002349854,-0.27338796854019165,0.17361454665660858,3.1754562854766846,-0.28854891657829285,0.6317909359931946,3.3005051612854004,-0.3613114356994629,1.0405540466308594,3.3781094551086426,-0.2706548571586609,1.1498786211013794,3.461991310119629,-0.1484883576631546,-0.515170693397522,3.289545774459839,-0.12202612310647964,-0.5639696717262268,3.2950031757354736,-0.14767496287822723,-0.6205350160598755,3.31265926361084,-0.2675777077674866,-0.6552824378013611,3.3210926055908203,-0.12005393207073212,-0.6123132705688477,3.2522451877593994,-0.18931812047958374,-0.6319876313209534,3.1499195098876953,-0.38501572608947754,1.155808687210083,3.3770246505737305,-0.41578447818756104,1.1403669118881226,3.376016855239868
-0.3100161850452423,0.1670907437801361,3.2551679611206055,-0.2986408472061157,-0.023172661662101746,3.2444193363189697,-0.2877092957496643,-0.21351583302021027,3.234668731689453,-0.27677738666534424,-0.4038647413253784,3.2249178886413574,-0.29600104689598083,-0.4084824323654175,3.2731971740722656,-0.3485361635684967,-0.4182448387145996,3.404874324798584,-0.31927135586738586,-0.16489189863204956,3.3900959491729736,-0.12725363671779633,-0.02101902663707733,3.442714214324951,-0.08885009586811066,0.007755547761917114,3.453237771987915,-0.012043006718158722,0.065304696559906,3.474285125732422,-0.031161725521087646,0.03106854483485222,3.4083197116851807,-0.2574349343776703,-0.4013158679008484,3.176532745361328,-0.20489981770515442,-0.39155346155166626,3.0448555946350098,-0.2775469720363617,-0.14870867133140564,3.0766570568084717,-0.21115198731422424,0.07421575486660004,3.15562105178833,-0.19787299633026123,0.11880064010620117,3.1714138984680176,-0.171314999461174,0.20797041058540344,3.2029993534088135,-0.2047305554151535,0.1503106951713562,3.2410497665405273,-0.34906017780303955,0.15936948359012604,3.350522041320801,-0.3089436888694763,0.6313724517822266,3.388073444366455,-0.3431679606437683,1.052342176437378,3.393369436264038,-0.23461481928825378,1.1665068864822388,3.4422662258148193,-0.27097219228744507,0.17481200397014618,3.15981388092041,-0.28903043270111084,0.632172703742981,3.2874906063079834,-0.36364442110061646,1.038425087928772,3.3758456707000732,-0.26721489429473877,1.1497879028320312,3.450061082839966,-0.1336793303489685,-0.5133606791496277,3.265716314315796,-0.10691376775503159,-0.5621495246887207,3.2698862552642822,-0.13135889172554016,-0.6185407638549805,3.28977108001709,-0.25049877166748047,-0.653110146522522,3.3064963817596436,-0.10779820382595062,-0.6109333038330078,3.227550745010376,-0.18374350666999817,-0.6315556168556213,3.1302051544189453,-0.3907604217529297,1.154610514640808,3.378835916519165,-0.4206589162349701,1.1367216110229492,3.380558729171753
-0.29982882738113403,0.16645711660385132,3.2467095851898193,-0.2888847291469574,-0.023512467741966248,3.234356164932251,-0.2783227562904358,-0.21357013285160065,3.223071336746216,-0.2677604854106903,-0.4036334753036499,3.2117860317230225,-0.2815440595149994,-0.40840956568717957,3.261812686920166,-0.3192131221294403,-0.41859692335128784,3.398129940032959,-0.26926079392433167,-0.17203953862190247,3.3534607887268066,-0.06039002537727356,-0.04336951673030853,3.366616725921631,-0.01861587166786194,-0.017635513097047806,3.3692479133605957,0.0649324357509613,0.03383249416947365,3.3745102882385254,0.03443020582199097,-0.004422053694725037,3.3153750896453857,-0.2538621127605438,-0.4009231626987457,3.1616368293762207,-0.2161930650472641,-0.39073580503463745,3.0253195762634277,-0.2961571514606476,-0.15245485305786133,3.0712437629699707,-0.23106825351715088,0.07167325913906097,3.1479644775390625,-0.21805047988891602,0.11649888753890991,3.163308620452881,-0.1920149177312851,0.2061501443386078,3.1939969062805176,-0.2182767391204834,0.14619724452495575,3.2340807914733887,-0.3277246356010437,0.15840432047843933,3.3458316326141357,-0.296951562166214,0.6312040686607361,3.3823912143707275,-0.34581178426742554,1.0506240129470825,3.393695592880249,-0.23678384721279144,1.1686755418777466,3.430938720703125,-0.27193301916122437,0.1745099127292633,3.147587537765503,-0.29190725088119507,0.6308674812316895,3.2785911560058594,-0.36540213227272034,1.0347298383712769,3.378199577331543,-0.2637603282928467,1.14797043800354,3.441884756088257,-0.12171460688114166,-0.5121119618415833,3.2442033290863037,-0.09450513124465942,-0.5607591271400452,3.2471659183502197,-0.11730798333883286,-0.6169940829277039,3.269362211227417,-0.23492273688316345,-0.6517848372459412,3.2945261001586914,-0.09802647680044174,-0.610093355178833,3.20558762550354,-0.1802918165922165,-0.632232666015625,3.1138317584991455,-0.3984411656856537,1.1510801315307617,3.385049343109131,-0.42378103733062744,1.1316038370132446,3.39017391204834
-0.2939836084842682,0.16674306988716125,3.244429588317871,-0.28387755155563354,-0.02295750379562378,3.230679512023926,-0.27402642369270325,-0.21274219453334808,3.217942714691162,-0.2641749978065491,-0.40253257751464844,3.2052056789398193,-0.27250051498413086,-0.4074360132217407,3.2563512325286865,-0.295291543006897,-0.4179679751396179,3.395656108856201,-0.24183401465415955,-0.17624489963054657,3.3322787284851074,-0.03038690984249115,-0.05227472633123398,3.3149826526641846,0.01190251111984253,-0.02748068980872631,3.3115234375,0.09648135304450989,0.022107383236289024,3.304605007171631,0.05886940658092499,-0.018561743199825287,3.2514617443084717,-0.2557424306869507,-0.39969193935394287,3.153921604156494,-0.23295140266418457,-0.3891599774360657,3.0146167278289795,-0.31721436977386475,-0.1550058275461197,3.0727202892303467,-0.2529489994049072,0.07069693505764008,3.145561695098877,-0.24009592831134796,0.11583748459815979,3.160130023956299,-0.21438977122306824,0.20611858367919922,3.1892664432525635,-0.23375701904296875,0.14466452598571777,3.2309937477111816,-0.31062427163124084,0.1584967076778412,3.3459692001342773,-0.28549471497535706,0.6317718029022217,3.381099224090576,-0.34444358944892883,1.0496907234191895,3.399045705795288,-0.23531284928321838,1.1707385778427124,3.4245803356170654,-0.27734294533729553,0.17498943209648132,3.142889976501465,-0.29674863815307617,0.6308490633964539,3.275819778442383,-0.3655606806278229,1.0332417488098145,3.384439468383789,-0.25937125086784363,1.1481664180755615,3.4366912841796875,-0.11583760380744934,-0.5103774070739746,3.2284202575683594,-0.08832074701786041,-0.5589427947998047,3.2299163341522217,-0.10936710238456726,-0.6150636672973633,3.2541160583496094,-0.22490066289901733,-0.6499589681625366,3.287625789642334,-0.0945376306772232,-0.6086646914482117,3.189084768295288,-0.18288381397724152,-0.6318285465240479,3.103370189666748,-0.40047013759613037,1.1486477851867676,3.3965163230895996,-0.4238944947719574,1.1290644407272339,3.403228759765625
-0.2840339243412018,0.16967278718948364,3.253108263015747,-0.27698197960853577,-0.019296467304229736,3.236577272415161,-0.27002981305122375,-0.20833668112754822,3.2208340167999268,-0.26307743787765503,-0.39738255739212036,3.205090284347534,-0.2611159682273865,-0.4026409685611725,3.256659984588623,-0.2558753490447998,-0.4141674041748047,3.3973805904388428,-0.20442603528499603,-0.1743585169315338,3.327190399169922,0.008905962109565735,-0.06590870767831802,3.2733383178710938,0.05157236382365227,-0.044218745082616806,3.2625679969787598,0.13690516352653503,-0.0008388198912143707,3.2410271167755127,0.08766470849514008,-0.037659354507923126,3.195284128189087,-0.26496338844299316,-0.3941788077354431,3.1533496379852295,-0.27020400762557983,-0.3826523721218109,3.0126290321350098,-0.35940268635749817,-0.1550312340259552,3.0855276584625244,-0.296638160943985,0.07456475496292114,3.1448423862457275,-0.2840852439403534,0.12048394978046417,3.156705379486084,-0.2589794397354126,0.21232235431671143,3.180431365966797,-0.2662819027900696,0.15039469301700592,3.22497820854187,-0.279519647359848,0.16087791323661804,3.355569362640381,-0.2631416320800781,0.6351679563522339,3.3817074298858643,-0.33747267723083496,1.0501823425292969,3.408705234527588,-0.23142676055431366,1.1765514612197876,3.4109368324279785,-0.28854820132255554,0.17846766114234924,3.1506471633911133,-0.3062048852443695,0.6360049247741699,3.2781243324279785,-0.36120688915252686,1.039011001586914,3.3923685550689697,-0.2494378685951233,1.1572868824005127,3.419541597366333,-0.11498481035232544,-0.5077056288719177,3.2095983028411865,-0.08839117735624313,-0.5567337274551392,3.208038568496704,-0.10695068538188934,-0.6121287941932678,3.235586643218994,-0.21742773056030273,-0.6444065570831299,3.284763813018799,-0.10091231763362885,-0.6067391037940979,3.1691203117370605,-0.20031899213790894,-0.6291357278823853,3.0964419841766357,-0.3975983262062073,1.1463974714279175,3.4169607162475586,-0.4167972207069397,1.1339211463928223,3.4213922023773193
-0.2827626168727875,0.17397844791412354,3.2658791542053223,-0.27849048376083374,-0.014724165201187134,3.248239755630493,-0.2742801308631897,-0.2034766525030136,3.2311267852783203,-0.2700696587562561,-0.39223480224609375,3.21401309967041,-0.2626860439777374,-0.3977271020412445,3.264995574951172,-0.24261854588985443,-0.4099041223526001,3.4042420387268066,-0.19376417994499207,-0.16777881979942322,3.3416147232055664,0.02041386067867279,-0.06848113983869553,3.2760212421417236,0.06324946880340576,-0.04862160235643387,3.2629024982452393,0.1489206850528717,-0.008902527391910553,3.2366650104522705,0.09450343996286392,-0.040997836738824844,3.19344425201416,-0.2774074971675873,-0.38879406452178955,3.1628448963165283,-0.29747501015663147,-0.37661704421043396,3.0235984325408936,-0.38641226291656494,-0.1505557745695114,3.1005403995513916,-0.32342925667762756,0.08110125362873077,3.14955997467041,-0.3108326494693756,0.1274326592683792,3.1593639850616455,-0.2856394350528717,0.22009548544883728,3.178971767425537,-0.28742092847824097,0.15899839997291565,3.2250516414642334,-0.2670797109603882,0.16487467288970947,3.367067575454712,-0.255342572927475,0.6396652460098267,3.385490655899048,-0.33594921231269836,1.0532734394073486,3.4158594608306885,-0.23325717449188232,1.181958794593811,3.4051644802093506,-0.29844552278518677,0.1830822229385376,3.1646907329559326,-0.3124023973941803,0.6425309181213379,3.2855844497680664,-0.35997143387794495,1.0470572710037231,3.3977766036987305,-0.24748417735099792,1.167083978652954,3.4104316234588623,-0.12485164403915405,-0.506049633026123,3.2075631618499756,-0.09966044872999191,-0.5556898713111877,3.204235076904297,-0.11729919910430908,-0.6104564666748047,3.233504056930542,-0.22423025965690613,-0.639785647392273,3.2914085388183594,-0.11639845371246338,-0.6055254936218262,3.1667730808258057,-0.22167815268039703,-0.62581467628479,3.10233736038208,-0.3970487713813782,1.1482477188110352,3.4295473098754883,-0.4133235216140747,1.141890525817871,3.430955648422241
-0.2819172441959381,0.179013192653656,3.277968168258667,-0.2804090082645416,-0.009485602378845215,3.260139226913452,-0.27899369597435,-0.19801375269889832,3.2426154613494873,-0.27757832407951355,-0.3865475356578827,3.2250912189483643,-0.26577672362327576,-0.3921462893486023,3.2751595973968506,-0.23359248042106628,-0.4046286344528198,3.4120500087738037,-0.17934679985046387,-0.16137775778770447,3.3602182865142822,0.03915543854236603,-0.07831543684005737,3.2876322269439697,0.08285588771104813,-0.061702974140644073,3.2731149196624756,0.17025679349899292,-0.028478045016527176,3.2440805435180664,0.11117217689752579,-0.0536031574010849,3.2025463581085205,-0.2893645465373993,-0.38299793004989624,3.174832582473755,-0.32154878973960876,-0.3705155849456787,3.0379421710968018,-0.41097593307495117,-0.1456330269575119,3.1168770790100098,-0.3494553864002228,0.08795838057994843,3.1563942432403564,-0.33715128898620605,0.13467666506767273,3.164297580718994,-0.3125430643558502,0.22811323404312134,3.1801044940948486,-0.30967310070991516,0.16806647181510925,3.2273645401000977,-0.257135808467865,0.16982726752758026,3.377183437347412,-0.2502797245979309,0.6448501348495483,3.388700485229492,-0.3361559212207794,1.0571057796478271,3.4218859672546387,-0.2374877631664276,1.1875759363174438,3.400606870651245,-0.30669867992401123,0.18819911777973175,3.178752899169922,-0.3180053234100342,0.6491917371749878,3.2935757637023926,-0.36161813139915466,1.0547611713409424,3.4033119678497314,-0.2503281235694885,1.1765178442001343,3.4040462970733643,-0.1365487277507782,-0.5045329332351685,3.2095301151275635,-0.11309444159269333,-0.5548830628395081,3.204871892929077,-0.13021136820316315,-0.6089056134223938,3.235724449157715,-0.23360805213451385,-0.6347340941429138,3.301107168197632,-0.13380827009677887,-0.604415774345398,3.169084310531616,-0.24379928410053253,-0.6220130324363708,3.1122934818267822,-0.397670716047287,1.1510342359542847,3.4400408267974854,-0.41325241327285767,1.1493654251098633,3.439646005630493
-0.28103742003440857,0.18333220481872559,3.2862868309020996,-0.2817487120628357,-0.005026102066040039,3.26953125,-0.2825384736061096,-0.19340857863426208,3.2530531883239746,-0.28332826495170593,-0.3817967176437378,3.236574649810791,-0.26736488938331604,-0.3871687650680542,3.285430669784546,-0.22373664379119873,-0.3990495204925537,3.419163942337036,-0.1599559485912323,-0.15883871912956238,3.3647050857543945,0.0602516233921051,-0.10265716910362244,3.274132490158081,0.10429313778877258,-0.09142085909843445,3.2560179233551025,0.19237616658210754,-0.06894823908805847,3.2197887897491455,0.12766200304031372,-0.08705677837133408,3.183379650115967,-0.29930025339126587,-0.3784722089767456,3.187539577484131,-0.3429284989833832,-0.3665914535522461,3.0538063049316406,-0.4333450198173523,-0.14245381951332092,3.1333181858062744,-0.37537679076194763,0.09331521391868591,3.1633808612823486,-0.3637831509113312,0.1404690146446228,3.169393301010132,-0.34059587121009827,0.23477663099765778,3.1814184188842773,-0.3331758975982666,0.17602097988128662,3.229731798171997,-0.2477189302444458,0.17461282014846802,3.38289213180542,-0.2465088665485382,0.6495918035507202,3.3896307945251465,-0.33718010783195496,1.0602598190307617,3.427358388900757,-0.24333599209785461,1.192333698272705,3.3967082500457764,-0.31435590982437134,0.19205158948898315,3.1896815299987793,-0.3217052221298218,0.6540743708610535,3.299830913543701,-0.3620512783527374,1.0600589513778687,3.4086499214172363,-0.2530304193496704,1.1833640336990356,3.3986501693725586,-0.14600419998168945,-0.5025844573974609,3.2122321128845215,-0.12386143207550049,-0.5534167289733887,3.2066078186035156,-0.1395178884267807,-0.6066480875015259,3.239518880844116,-0.23805151879787445,-0.6295884847640991,3.31295108795166,-0.1481008678674698,-0.6030594706535339,3.173292875289917,-0.26236993074417114,-0.6194207072257996,3.1253106594085693,-0.3986852169036865,1.1531245708465576,3.450150966644287,-0.4118402600288391,1.1542854309082031,3.448256254196167
-0.2786579430103302,0.18611931800842285,3.2954177856445312,-0.2812725901603699,-0.002176329493522644,3.2804064750671387,-0.2839965522289276,-0.19048437476158142,3.265571117401123,-0.2867206037044525,-0.37879806756973267,3.250735282897949,-0.2668139934539795,-0.3838474154472351,3.298099994659424,-0.21231737732887268,-0.3948608338832855,3.4278900623321533,-0.13315141201019287,-0.16010010242462158,3.3699731826782227,0.08778895437717438,-0.13452453911304474,3.268082618713379,0.13197702169418335,-0.12940943241119385,3.24770450592041,0.2203531563282013,-0.11917921155691147,3.2069482803344727,0.15215234458446503,-0.1293560415506363,3.1739864349365234,-0.3066568374633789,-0.3757954239845276,3.203209638595581,-0.3611534535884857,-0.3647820055484772,3.0734195709228516,-0.452711284160614,-0.14122574031352997,3.153256893157959,-0.4003109633922577,0.09679754078388214,3.174459457397461,-0.38983088731765747,0.14440220594406128,3.1786999702453613,-0.3688707649707794,0.23961152136325836,3.187180995941162,-0.3566729426383972,0.18226872384548187,3.236215829849243,-0.2372947335243225,0.17809857428073883,3.388821601867676,-0.24144293367862701,0.6529014110565186,3.3910067081451416,-0.3363768756389618,1.0619444847106934,3.4335784912109375,-0.24800419807434082,1.195417881011963,3.394314765930176,-0.3200211524963379,0.19414006173610687,3.2020139694213867,-0.32382720708847046,0.6574753522872925,3.305771827697754,-0.3619881570339203,1.0640150308609009,3.412590742111206,-0.2563076615333557,1.1888426542282104,3.3921895027160645,-0.15413203835487366,-0.5027824640274048,3.2177557945251465,-0.13347887992858887,-0.5541496276855469,3.2113797664642334,-0.14738793671131134,-0.6064284443855286,3.246525526046753,-0.24000367522239685,-0.6259886622428894,3.328176259994507,-0.1612844318151474,-0.6039019227027893,3.1811585426330566,-0.2793770730495453,-0.6188302636146545,3.1429696083068848,-0.3974790871143341,1.1538010835647583,3.4608569145202637,-0.4099352955818176,1.1579190492630005,3.4549975395202637
-0.27513736486434937,0.1882208287715912,3.3071773052215576,-0.2793004810810089,-8.70823860168457e-05,3.294135332107544,-0.28366217017173767,-0.18838933110237122,3.281076192855835,-0.288023978471756,-0.37669721245765686,3.2680165767669678,-0.2645449936389923,-0.381439208984375,3.313715934753418,-0.20008018612861633,-0.3916390538215637,3.4392576217651367,-0.09745605289936066,-0.16445237398147583,3.3877041339874268,0.1262914091348648,-0.16771790385246277,3.288503885269165,0.17104089260101318,-0.16837100684642792,3.2686638832092285,0.2605398893356323,-0.16967721283435822,3.2289838790893555,0.1919698566198349,-0.1704453080892563,3.195142984390259,-0.3115503787994385,-0.3740018606185913,3.222175359725952,-0.37601518630981445,-0.3638020157814026,3.0966336727142334,-0.46838995814323425,-0.14048084616661072,3.1766200065612793,-0.422288715839386,0.09954194724559784,3.189962387084961,-0.4130684733390808,0.14754649996757507,3.1926307678222656,-0.39462798833847046,0.24355560541152954,3.197967767715454,-0.37783339619636536,0.18765953183174133,3.2473764419555664,-0.2264905869960785,0.18092484772205353,3.3969924449920654,-0.23588505387306213,0.6554478406906128,3.3938710689544678,-0.33479753136634827,1.0629165172576904,3.4405264854431152,-0.2523292899131775,1.1975361108779907,3.3934073448181152,-0.32378414273262024,0.19551680982112885,3.21736216545105,-0.32577189803123474,0.6604411602020264,3.3128163814544678,-0.3617323637008667,1.0680906772613525,3.4153826236724854,-0.2599020302295685,1.1939345598220825,3.38476300239563,-0.16122476756572723,-0.5041830539703369,3.2266674041748047,-0.14222264289855957,-0.556106686592102,3.219686508178711,-0.15415076911449432,-0.6073605418205261,3.257004737854004,-0.23988811671733856,-0.6232646107673645,3.3465797901153564,-0.17348435521125793,-0.6058311462402344,3.1930019855499268,-0.294666588306427,-0.6189312934875488,3.165239095687866,-0.39525777101516724,1.153866171836853,3.4717845916748047,-0.40766263008117676,1.1620259284973145,3.45977783203125
-0.2706491947174072,0.19001144170761108,3.316502571105957,-0.27598920464515686,0.001682192087173462,3.3049700260162354,-0.2816334068775177,-0.18662843108177185,3.2932791709899902,-0.28727778792381287,-0.37494468688964844,3.281588077545166,-0.2604021728038788,-0.379497230052948,3.325380802154541,-0.18614056706428528,-0.38923776149749756,3.446424722671509,-0.057985126972198486,-0.17241628468036652,3.4052622318267822,0.16545945405960083,-0.19849902391433716,3.3072402477264404,0.21014836430549622,-0.20371557772159576,3.2876358032226562,0.2995262145996094,-0.21414867043495178,3.248426914215088,0.2315637618303299,-0.2054249346256256,3.214045286178589,-0.3142147660255432,-0.372438907623291,3.237668037414551,-0.3884763717651367,-0.36269837617874146,3.116624116897583,-0.48180896043777466,-0.13966450095176697,3.1983225345611572,-0.4429071545600891,0.10249090194702148,3.206291437149048,-0.43512678146362305,0.1509219855070114,3.207885265350342,-0.4195660650730133,0.24778413772583008,3.2110729217529297,-0.39813488721847534,0.1929904669523239,3.2602200508117676,-0.21511955559253693,0.18318718671798706,3.4022321701049805,-0.23017191886901855,0.657263994216919,3.394984722137451,-0.3329511284828186,1.062888741493225,3.446993112564087,-0.25701630115509033,1.1986415386199951,3.3929600715637207,-0.3261788487434387,0.1968356966972351,3.2307729721069336,-0.32755279541015625,0.6628291606903076,3.319520950317383,-0.36150914430618286,1.0712220668792725,3.4188294410705566,-0.2642313241958618,1.1978949308395386,3.378761053085327,-0.16795367002487183,-0.5062670111656189,3.231020927429199,-0.15091785788536072,-0.5587639212608337,3.223289728164673,-0.16049456596374512,-0.609065592288971,3.2625319957733154,-0.2377987951040268,-0.621292233467102,3.360011577606201,-0.18570764362812042,-0.6081262826919556,3.200597047805786,-0.3092358410358429,-0.6186308264732361,3.1845293045043945,-0.3925224542617798,1.152846097946167,3.4823403358459473,-0.40525388717651367,1.1651287078857422,3.4652884006500244
-0.2667079269886017,0.1907501220703125,3.3244118690490723,-0.27286583185195923,0.0023815035820007324,3.314305067062378,-0.27944767475128174,-0.18595746159553528,3.3039162158966064,-0.28602972626686096,-0.37430205941200256,3.293527126312256,-0.2559756636619568,-0.3786798119544983,3.3352155685424805,-0.17206919193267822,-0.3880331218242645,3.451622724533081,-0.020618736743927002,-0.18308201432228088,3.421184778213501,0.20127713680267334,-0.22198256850242615,3.320446252822876,0.2456563115119934,-0.22976267337799072,3.3002984523773193,0.33441466093063354,-0.24532289803028107,3.260003089904785,0.26713502407073975,-0.2286231964826584,3.2262637615203857,-0.3161553144454956,-0.37197139859199524,3.251725673675537,-0.40006178617477417,-0.362618088722229,3.1353185176849365,-0.4934413433074951,-0.13890604674816132,3.2195911407470703,-0.4609328508377075,0.10569146275520325,3.2234060764312744,-0.4544311463832855,0.15461096167564392,3.2241690158843994,-0.4414277672767639,0.25244998931884766,3.2256948947906494,-0.41555625200271606,0.19845841825008392,3.27426815032959,-0.2047935426235199,0.18436619639396667,3.4056711196899414,-0.2254665195941925,0.6578598022460938,3.394660234451294,-0.3312278091907501,1.0616875886917114,3.45222544670105,-0.26207485795021057,1.198319911956787,3.391977310180664,-0.32862231135368347,0.19713404774665833,3.243152618408203,-0.3307730257511139,0.6639527678489685,3.3257386684417725,-0.3644445538520813,1.0726944208145142,3.422551155090332,-0.2726922333240509,1.2003716230392456,3.373967170715332,-0.17579160630702972,-0.509723424911499,3.233938455581665,-0.16099125146865845,-0.5627968311309814,3.2255594730377197,-0.16795526444911957,-0.6121684908866882,3.2664990425109863,-0.2355242371559143,-0.6206414699554443,3.3713369369506836,-0.19914376735687256,-0.611526608467102,3.2073419094085693,-0.32389163970947266,-0.6188227534294128,3.2037250995635986,-0.38953256607055664,1.1507527828216553,3.4914965629577637,-0.40625250339508057,1.1663825511932373,3.4710166454315186
-0.2630186080932617,0.1903279721736908,3.3312816619873047,-0.2697625458240509,0.00192280113697052,3.3223166465759277,-0.2769927978515625,-0.18644843995571136,3.313023328781128,-0.2842232882976532,-0.37482529878616333,3.303729772567749,-0.2512965798377991,-0.37906429171562195,3.343203544616699,-0.15814056992530823,-0.38815006613731384,3.4548919200897217,0.012677937746047974,-0.19465775787830353,3.435671806335449,0.23454751074314117,-0.23542414605617523,3.3305726051330566,0.2789214253425598,-0.24357742071151733,3.3095526695251465,0.3676692545413971,-0.25988397002220154,3.2675130367279053,0.30072247982025146,-0.23710012435913086,3.23520565032959,-0.3172285556793213,-0.37263375520706177,3.2641549110412598,-0.41038456559181213,-0.3635479807853699,3.1524665355682373,-0.5033902525901794,-0.13832078874111176,3.23970365524292,-0.4771841764450073,0.10916024446487427,3.2401769161224365,-0.4719429612159729,0.15865644812583923,3.24027156829834,-0.46146053075790405,0.25764885544776917,3.2404608726501465,-0.431159108877182,0.2042975127696991,3.288212299346924,-0.1953721046447754,0.1842627376317978,3.4078588485717773,-0.2203391194343567,0.6571600437164307,3.3939034938812256,-0.3274463415145874,1.0594507455825806,3.4574127197265625,-0.264757364988327,1.196681022644043,3.391969680786133,-0.33066511154174805,0.1963932067155838,3.254704475402832,-0.3333386182785034,0.663818359375,3.331883430480957,-0.3654041886329651,1.0730470418930054,3.4259414672851562,-0.27906349301338196,1.2011256217956543,3.3694968223571777,-0.1843673288822174,-0.5145076513290405,3.2361862659454346,-0.17201510071754456,-0.5681393146514893,3.227393388748169,-0.17635732889175415,-0.6166239976882935,3.2697341442108154,-0.2335136979818344,-0.6213582754135132,3.3808205127716064,-0.21317905187606812,-0.615951657295227,3.213906764984131,-0.3378418982028961,-0.6194533109664917,3.222642660140991,-0.3840450644493103,1.1478042602539062,3.500396728515625,-0.40487292408943176,1.1667637825012207,3.476109027862549
-0.25976186990737915,0.1891382932662964,3.336782693862915,-0.2668980062007904,0.0007299184799194336,3.32853627204895,-0.2746049761772156,-0.18763889372348785,3.31990909576416,-0.28231215476989746,-0.3760133385658264,3.311281681060791,-0.24686691164970398,-0.380196213722229,3.348510980606079,-0.14509260654449463,-0.38925638794898987,3.455416202545166,0.042216017842292786,-0.20700307190418243,3.4463367462158203,0.26686593890190125,-0.24050232768058777,3.3384740352630615,0.3117959201335907,-0.24720218777656555,3.316901445388794,0.4016558825969696,-0.2606019079685211,3.273756265640259,0.3345760107040405,-0.23374781012535095,3.2429370880126953,-0.31784117221832275,-0.3738778829574585,3.273958683013916,-0.4196154773235321,-0.36481770873069763,3.167053461074829,-0.5121482610702515,-0.13755299150943756,3.257450819015503,-0.49277451634407043,0.11313654482364655,3.2555630207061768,-0.48889976739883423,0.16327445209026337,3.25518536567688,-0.4811502695083618,0.2635502517223358,3.2544302940368652,-0.44633948802948,0.2107708603143692,3.3010482788085938,-0.18719865381717682,0.18324139714241028,3.4087178707122803,-0.21546801924705505,0.6555873155593872,3.392832040786743,-0.3226592540740967,1.0565694570541382,3.4623963832855225,-0.2658843398094177,1.1942358016967773,3.3928639888763428,-0.3323251008987427,0.1950351893901825,3.26484751701355,-0.3363349735736847,0.6629507541656494,3.3369665145874023,-0.3678997755050659,1.0725038051605225,3.4285404682159424,-0.28717678785324097,1.2009665966033936,3.365363836288452,-0.19302207231521606,-0.5195258259773254,3.2372689247131348,-0.18303032219409943,-0.5736192464828491,3.228296995162964,-0.18480895459651947,-0.6213420033454895,3.271678924560547,-0.23161548376083374,-0.6227976679801941,3.3875982761383057,-0.22657804191112518,-0.6203948855400085,3.219451427459717,-0.3499612510204315,-0.6201141476631165,3.2396206855773926,-0.37731462717056274,1.1443413496017456,3.5087621212005615,-0.40532904863357544,1.1662006378173828,3.480123996734619
-0.2549075186252594,0.18611684441566467,3.3671200275421143,-0.2626032531261444,-0.0022725164890289307,3.3596012592315674,-0.2710146903991699,-0.19061368703842163,3.351653814315796,-0.2794263958930969,-0.3789604902267456,3.3437061309814453,-0.23931658267974854,-0.3831353783607483,3.3758444786071777,-0.11919468641281128,-0.3925623893737793,3.4721133708953857,0.099541574716568,-0.23455923795700073,3.4866902828216553,0.3412071466445923,-0.2319965809583664,3.3912696838378906,0.38954025506973267,-0.231484055519104,3.372185468673706,0.4862064719200134,-0.23045898973941803,3.334017276763916,0.41795480251312256,-0.1988222748041153,3.303518295288086,-0.31962764263153076,-0.37683266401290894,3.311481237411499,-0.439749538898468,-0.36740565299987793,3.215212345123291,-0.5317118763923645,-0.13271239399909973,3.31260347366333,-0.5285934805870056,0.1270848512649536,3.3095102310180664,-0.5279697775840759,0.17904430627822876,3.308891534805298,-0.5267224311828613,0.28296321630477905,3.3076541423797607,-0.4820454716682434,0.23097027838230133,3.3511290550231934,-0.17330273985862732,0.1803281158208847,3.428636312484741,-0.207157701253891,0.6519989371299744,3.409691572189331,-0.31005150079727173,1.0518522262573242,3.4903197288513184,-0.264952152967453,1.1896717548370361,3.4131197929382324,-0.3365122973918915,0.19190557301044464,3.3056037425994873,-0.34314602613449097,0.6613208651542664,3.3654677867889404,-0.372401624917984,1.072596549987793,3.448936939239502,-0.30384334921836853,1.2006301879882812,3.372156858444214,-0.211248517036438,-0.529180645942688,3.26102876663208,-0.20550677180290222,-0.5839771628379822,3.2525956630706787,-0.2018698751926422,-0.6301900148391724,3.2974753379821777,-0.22765541076660156,-0.6256263852119446,3.419729709625244,-0.25205790996551514,-0.6286486387252808,3.2532882690429688,-0.3698548376560211,-0.6212590932846069,3.2945332527160645,-0.3593825399875641,1.139196753501892,3.542929172515869,-0.4050062596797943,1.1670105457305908,3.5023531913757324
-0.254588782787323,0.18200159072875977,3.4106829166412354,-0.2620251178741455,-0.006427586078643799,3.4029462337493896,-0.27019116282463074,-0.19480685889720917,3.3947441577911377,-0.27835744619369507,-0.3831917643547058,3.3865418434143066,-0.23671779036521912,-0.38733720779418945,3.416693925857544,-0.10966330766677856,-0.3968522846698761,3.5087339878082275,0.11784414947032928,-0.245930016040802,3.5368664264678955,0.3676080107688904,-0.21907056868076324,3.4559829235076904,0.41756078600883484,-0.21369868516921997,3.4398062229156494,0.5174663066864014,-0.20295490324497223,3.4074528217315674,0.44822704792022705,-0.17049385607242584,3.3766372203826904,-0.32008588314056396,-0.3810938000679016,3.3563008308410645,-0.4471403658390045,-0.37157872319221497,3.264260768890381,-0.5390963554382324,-0.13234828412532806,3.3624520301818848,-0.5440117120742798,0.13148893415927887,3.359088897705078,-0.5449947714805603,0.18425637483596802,3.3584163188934326,-0.5469608902931213,0.2897912561893463,3.3570711612701416,-0.4980699419975281,0.23844411969184875,3.399148941040039,-0.1701643168926239,0.17630325257778168,3.468320846557617,-0.20338387787342072,0.6478424072265625,3.4459683895111084,-0.30104026198387146,1.048976182937622,3.5266213417053223,-0.2589839696884155,1.1857256889343262,3.445901393890381,-0.3390132486820221,0.18769992887973785,3.3530449867248535,-0.34725192189216614,0.6582058072090149,3.403132200241089,-0.37548545002937317,1.0712406635284424,3.4776647090911865,-0.3114197850227356,1.1977002620697021,3.3946681022644043,-0.21934157609939575,-0.5359851717948914,3.3015401363372803,-0.2154061496257782,-0.5910049080848694,3.2935116291046143,-0.20973022282123566,-0.6367225646972656,3.338691473007202,-0.2269798219203949,-0.6300233006477356,3.4623494148254395,-0.26278209686279297,-0.6345806121826172,3.2980077266693115,-0.3772934079170227,-0.6239544153213501,3.347079277038574,-0.3476111590862274,1.1371042728424072,3.5804123878479004,-0.40625184774398804,1.1667656898498535,3.530174493789673
-0.25308024883270264,0.17952969670295715,3.426342248916626,-0.2601199150085449,-0.008898943662643433,3.417393445968628,-0.2677191495895386,-0.19728824496269226,3.408081531524658,-0.27531862258911133,-0.38568317890167236,3.3987693786621094,-0.23244662582874298,-0.38984379172325134,3.4271583557128906,-0.09988974034786224,-0.3995331823825836,3.5150067806243896,0.13204888999462128,-0.2517533302307129,3.552035331726074,0.3849180340766907,-0.20729827880859375,3.4793930053710938,0.4354918599128723,-0.19840726256370544,3.464864492416382,0.5366395115852356,-0.18062524497509003,3.435807704925537,0.4660714268684387,-0.14718681573867798,3.40664005279541,-0.3182731866836548,-0.38357022404670715,3.37027907371521,-0.4508300721645355,-0.3738808333873749,3.282430648803711,-0.5420275330543518,-0.13314203917980194,3.386032819747925,-0.5536304116249084,0.13341747224330902,3.388742446899414,-0.5559509992599487,0.18672937154769897,3.389284372329712,-0.5605921745300293,0.2933531701564789,3.3903682231903076,-0.5082358121871948,0.24181336164474487,3.429753303527832,-0.16640335321426392,0.1737150251865387,3.4805920124053955,-0.19773519039154053,0.6454713940620422,3.460249185562134,-0.2892177104949951,1.0474073886871338,3.544071674346924,-0.2492418885231018,1.183756947517395,3.4616382122039795,-0.33975714445114136,0.1853443682193756,3.3720924854278564,-0.34693071246147156,0.6565583348274231,3.415168523788452,-0.3716621696949005,1.0710861682891846,3.4822723865509033,-0.3108299970626831,1.1956901550292969,3.3941938877105713,-0.22124189138412476,-0.5385557413101196,3.3106701374053955,-0.21790453791618347,-0.5935784578323364,3.302385091781616,-0.2100694477558136,-0.6393762230873108,3.3471615314483643,-0.22093266248703003,-0.6327877640724182,3.471552848815918,-0.26513203978538513,-0.6370081305503845,3.3092539310455322,-0.37694334983825684,-0.6260781288146973,3.364147901535034,-0.3330371677875519,1.1359362602233887,3.599490165710449,-0.40018337965011597,1.1677274703979492,3.5339999198913574
-0.25159752368927,0.1784718632698059,3.4283974170684814,-0.2581191956996918,-0.009936779737472534,3.418175458908081,-0.2650695741176605,-0.19831471145153046,3.4076738357543945,-0.272020161151886,-0.38669827580451965,3.39717173576355,-0.22803431749343872,-0.39083507657051086,3.4238200187683105,-0.09101249277591705,-0.4005243182182312,3.506938934326172,0.1420781910419464,-0.25059330463409424,3.541640043258667,0.3928583860397339,-0.19576358795166016,3.4626970291137695,0.4430144429206848,-0.18479764461517334,3.446908473968506,0.5433264970779419,-0.1628657579421997,3.4153313636779785,0.47059983015060425,-0.12930506467819214,3.3903450965881348,-0.31608152389526367,-0.3846089839935303,3.3704094886779785,-0.45310336351394653,-0.37491974234580994,3.287290573120117,-0.5419973134994507,-0.13489820063114166,3.399104118347168,-0.5590737462043762,0.13282917439937592,3.411731243133545,-0.5624890327453613,0.18637464940547943,3.4142565727233887,-0.5693196058273315,0.29346561431884766,3.4193074703216553,-0.513913631439209,0.24144071340560913,3.4548516273498535,-0.16288062930107117,0.17263798415660858,3.4793245792388916,-0.1923922598361969,0.6446009278297424,3.464048147201538,-0.2774661183357239,1.0468575954437256,3.5525004863739014,-0.23938503861427307,1.1831603050231934,3.469167709350586,-0.34031441807746887,0.18430574238300323,3.3774702548980713,-0.3450677990913391,0.6558976769447327,3.4153096675872803,-0.3647835850715637,1.071660041809082,3.475515842437744,-0.30673491954803467,1.1941879987716675,3.3828325271606445,-0.22025492787361145,-0.5383500456809998,3.3056869506835938,-0.21673621237277985,-0.5932674407958984,3.2968430519104004,-0.2065584659576416,-0.6393046975135803,3.3408854007720947,-0.21218520402908325,-0.6337374448776245,3.4656574726104736,-0.26319679617881775,-0.6372148990631104,3.305373191833496,-0.37266048789024353,-0.6278163194656372,3.365039825439453,-0.3185177743434906,1.1355088949203491,3.609762191772461,-0.39070504903793335,1.1694048643112183,3.5264790058135986
-0.24980376660823822,0.1778719127178192,3.4240450859069824,-0.25568845868110657,-0.01051996648311615,3.4127907752990723,-0.2619929015636444,-0.19888262450695038,3.401277542114258,-0.2682975232601166,-0.3872509300708771,3.3897640705108643,-0.2232421189546585,-0.39130479097366333,3.4145865440368652,-0.08238090574741364,-0.4007711410522461,3.492328405380249,0.14658905565738678,-0.24022704362869263,3.5094807147979736,0.38818082213401794,-0.1766851246356964,3.4086358547210693,0.4364991784095764,-0.1639767438173294,3.3884668350219727,0.5331358909606934,-0.1385599672794342,3.3481287956237793,0.4571256935596466,-0.10762423276901245,3.3294570446014404,-0.31342145800590515,-0.3852444291114807,3.364816188812256,-0.45428267121315,-0.37577807903289795,3.287074327468872,-0.5399461388587952,-0.13815274834632874,3.4082841873168945,-0.5618346929550171,0.12923604249954224,3.432737112045288,-0.5662124156951904,0.1827138066291809,3.4376277923583984,-0.5749678611755371,0.28966933488845825,3.44740891456604,-0.5167753100395203,0.23732124269008636,3.4783365726470947,-0.15912240743637085,0.17220456898212433,3.4714982509613037,-0.1879969835281372,0.6441729664802551,3.462354898452759,-0.26685500144958496,1.0466399192810059,3.5547125339508057,-0.23093181848526,1.182815670967102,3.4703516960144043,-0.3404851257801056,0.1835392564535141,3.376591920852661,-0.34414616227149963,0.6552842259407043,3.4099807739257812,-0.36117902398109436,1.071628451347351,3.4656178951263428,-0.3067537546157837,1.1928560733795166,3.3692188262939453,-0.21764692664146423,-0.5371584892272949,3.295017957687378,-0.21358679234981537,-0.5919052958488464,3.2855405807495117,-0.20100560784339905,-0.6381280422210693,3.3287131786346436,-0.20196346938610077,-0.6337411403656006,3.4535951614379883,-0.2589539885520935,-0.6366609334945679,3.295413017272949,-0.36615055799484253,-0.6295841932296753,3.3592448234558105,-0.30511540174484253,1.1354036331176758,3.6136186122894287,-0.3849984109401703,1.170000672340393,3.516296625137329
-0.2479565590620041,0.17839020490646362,3.4158873558044434,-0.253164678812027,-0.010007888078689575,3.4040794372558594,-0.2587797939777374,-0.1983802318572998,3.3920488357543945,-0.2643950879573822,-0.3867582082748413,3.3800179958343506,-0.2182934582233429,-0.3906216025352478,3.4028842449188232,-0.0739588588476181,-0.39950618147850037,3.4746310710906982,0.13463819026947021,-0.21358710527420044,3.4494478702545166,0.35046160221099854,-0.13808602094650269,3.3062896728515625,0.39362627267837524,-0.12298581004142761,3.277657985687256,0.47995561361312866,-0.09278538078069687,3.2203946113586426,0.3990936279296875,-0.0706263929605484,3.2118446826934814,-0.3105577230453491,-0.3849422335624695,3.357020854949951,-0.4548923373222351,-0.3760576546192169,3.285274028778076,-0.5366513133049011,-0.14099465310573578,3.4147872924804688,-0.5627385973930359,0.12510724365711212,3.450615882873535,-0.5679560303688049,0.17832762002944946,3.4577815532684326,-0.5783909559249878,0.28476837277412415,3.4721128940582275,-0.5176609754562378,0.23250585794448853,3.4982526302337646,-0.15535682439804077,0.17308932542800903,3.459620952606201,-0.1848522573709488,0.644818902015686,3.4575533866882324,-0.25786086916923523,1.0473889112472534,3.5530686378479004,-0.22456881403923035,1.183350920677185,3.467484474182129,-0.3405562937259674,0.1836910843849182,3.3721537590026855,-0.342269629240036,0.6553914546966553,3.402135133743286,-0.3564659357070923,1.0719146728515625,3.455265760421753,-0.3059592843055725,1.1922636032104492,3.3558478355407715,-0.21417883038520813,-0.5347300171852112,3.2824289798736572,-0.20934921503067017,-0.5892513990402222,3.2723841667175293,-0.1943025141954422,-0.6354674100875854,3.314661741256714,-0.19087359309196472,-0.6320158243179321,3.439394474029541,-0.25336188077926636,-0.6349576711654663,3.283499002456665,-0.3582085072994232,-0.6305716633796692,3.3510994911193848,-0.29329442977905273,1.1362582445144653,3.6134352684020996,-0.3780335783958435,1.1706393957138062,3.506115198135376
-0.2470393031835556,0.17967137694358826,3.404804229736328,-0.25154927372932434,-0.008738622069358826,3.3926002979278564,-0.2564673125743866,-0.19712591171264648,3.380204916000366,-0.2613855004310608,-0.3855188488960266,3.367809295654297,-0.2143113911151886,-0.3891482949256897,3.388654947280884,-0.06690360605716705,-0.3973029553890228,3.4541051387786865,0.10912223160266876,-0.19122262299060822,3.3808798789978027,0.2880731523036957,-0.11357566714286804,3.1942853927612305,0.32386332750320435,-0.09804627299308777,3.1569664478302,0.39544370770454407,-0.06698749214410782,3.0823285579681396,0.3122096359729767,-0.053933195769786835,3.0860416889190674,-0.3085130751132965,-0.3839370310306549,3.3468286991119385,-0.45592087507247925,-0.3757823705673218,3.2813785076141357,-0.5333634614944458,-0.14321354031562805,3.4182379245758057,-0.562877893447876,0.12099111080169678,3.4650862216949463,-0.568780779838562,0.17383204400539398,3.4744558334350586,-0.5805865526199341,0.2795138955116272,3.493195056915283,-0.5176402926445007,0.22760161757469177,3.5145256519317627,-0.1526642143726349,0.17482714354991913,3.444715738296509,-0.1848355382680893,0.6459842920303345,3.449939489364624,-0.25338214635849,1.0485813617706299,3.5471768379211426,-0.22341051697731018,1.1841697692871094,3.4600343704223633,-0.3414143919944763,0.18451561033725739,3.3648927211761475,-0.3404484987258911,0.6559698581695557,3.3928442001342773,-0.3513917326927185,1.0723506212234497,3.4452409744262695,-0.30482152104377747,1.1921898126602173,3.3435251712799072,-0.21126943826675415,-0.5313236713409424,3.2675492763519287,-0.20558135211467743,-0.5855501294136047,3.2569117546081543,-0.18814776837825775,-0.6316590905189514,3.2982070446014404,-0.18066094815731049,-0.6290901899337769,3.422565221786499,-0.24810342490673065,-0.6322327852249146,3.2690720558166504,-0.3505353331565857,-0.6307156682014465,3.3400156497955322,-0.28622156381607056,1.1375842094421387,3.6086368560791016,-0.370562881231308,1.171197772026062,3.4966118335723877
-0.24696862697601318,0.1813761293888092,3.392502784729004,-0.2507304847240448,-0.007041469216346741,3.3798646926879883,-0.2549237012863159,-0.1954381763935089,3.3670520782470703,-0.2591170370578766,-0.38384053111076355,3.354238986968994,-0.21117806434631348,-0.3872174620628357,3.373072385787964,-0.061086252331733704,-0.3945811986923218,3.432227611541748,0.09051397442817688,-0.1837863028049469,3.3251657485961914,0.24068284034729004,-0.11647365987300873,3.1110472679138184,0.2707166075706482,-0.1030111312866211,3.068223476409912,0.3307841420173645,-0.07608607411384583,2.9825761318206787,0.2479439377784729,-0.06673908233642578,2.995535373687744,-0.3071015775203705,-0.38251131772994995,3.335266351699829,-0.45719337463378906,-0.37514758110046387,3.276111125946045,-0.5302128195762634,-0.1448337435722351,3.419300079345703,-0.5624238848686218,0.11709290742874146,3.4766178131103516,-0.5688660740852356,0.16947823762893677,3.488081455230713,-0.5817505121231079,0.2742488980293274,3.5110085010528564,-0.5169242024421692,0.22288921475410461,3.5276682376861572,-0.15102872252464294,0.17703630030155182,3.4286468029022217,-0.1872725933790207,0.6473073959350586,3.4410130977630615,-0.2525978684425354,1.0500249862670898,3.538221597671509,-0.22635121643543243,1.1849671602249146,3.4491922855377197,-0.3429085314273834,0.1857159584760666,3.356358766555786,-0.3387739658355713,0.656749427318573,3.3834097385406494,-0.3459412157535553,1.0727980136871338,3.435856342315674,-0.3030764162540436,1.1922788619995117,3.33236026763916,-0.20891359448432922,-0.5272279977798462,3.2514138221740723,-0.2023715227842331,-0.5810815691947937,3.240119695663452,-0.1827777475118637,-0.6270483136177063,3.2803401947021484,-0.17172937095165253,-0.6254408359527588,3.404135227203369,-0.24338361620903015,-0.6286830306053162,3.2530295848846436,-0.3434459865093231,-0.6300725340843201,3.3267550468444824,-0.28312185406684875,1.139283537864685,3.6003010272979736,-0.3626185655593872,1.1716538667678833,3.487837314605713
-0.24760238826274872,0.18313094973564148,3.3805956840515137,-0.2506324350833893,-0.005288243293762207,3.3674874305725098,-0.2540796399116516,-0.19368983805179596,3.3542301654815674,-0.2575269341468811,-0.382097065448761,3.340972423553467,-0.20885296165943146,-0.38520699739456177,3.357883930206299,-0.05648334324359894,-0.39173460006713867,3.4110288619995117,0.07817427814006805,-0.18310923874378204,3.2795472145080566,0.20777848362922668,-0.12801635265350342,3.0489907264709473,0.23369932174682617,-0.11699777841567993,3.0028793811798096,0.28554099798202515,-0.09496062248945236,2.9106569290161133,0.2037765085697174,-0.08683586120605469,2.929950714111328,-0.3062383830547333,-0.3810349106788635,3.3239169120788574,-0.4586080014705658,-0.3745073080062866,3.2707719802856445,-0.5274089574813843,-0.1457933932542801,3.418761730194092,-0.5616199374198914,0.11385034024715424,3.4851205348968506,-0.5684621334075928,0.16577908396720886,3.498392343521118,-0.5821465253829956,0.2696365714073181,3.5249359607696533,-0.5157896876335144,0.2189810425043106,3.537364959716797,-0.15033933520317078,0.1793011575937271,3.4131624698638916,-0.19007644057273865,0.6485361456871033,3.432732343673706,-0.25220587849617004,1.0515841245651245,3.528716802597046,-0.22940915822982788,1.1856356859207153,3.4377365112304688,-0.34486544132232666,0.18696074187755585,3.3480288982391357,-0.33754825592041016,0.6574651002883911,3.37477970123291,-0.3407389521598816,1.0731240510940552,3.427107572555542,-0.301276832818985,1.1922146081924438,3.3220975399017334,-0.20673292875289917,-0.5232043266296387,3.2362773418426514,-0.1992969512939453,-0.5766606330871582,3.224472761154175,-0.17784136533737183,-0.6223230957984924,3.2637739181518555,-0.1640169471502304,-0.621329665184021,3.3869218826293945,-0.23882827162742615,-0.6250987648963928,3.2379262447357178,-0.33681315183639526,-0.6291941404342651,3.313687324523926,-0.28051459789276123,1.141249656677246,3.591038465499878,-0.35495656728744507,1.1719801425933838,3.479553461074829
-0.24907445907592773,0.18460583686828613,3.368236541748047,-0.25135546922683716,-0.0037860870361328125,3.3543386459350586,-0.25403839349746704,-0.19216296076774597,3.3403093814849854,-0.2567214071750641,-0.3805454671382904,3.326279640197754,-0.207442507147789,-0.3834034204483032,3.341404914855957,-0.05322030186653137,-0.3891419470310211,3.388965129852295,0.06674759835004807,-0.18331000208854675,3.23970365524292,0.18109966814517975,-0.1357126235961914,2.9994261264801025,0.20397008955478668,-0.12619315087795258,2.9513707160949707,0.24971091747283936,-0.10715420544147491,2.855259656906128,0.16891025006771088,-0.10059195011854172,2.8789308071136475,-0.30602946877479553,-0.3797350525856018,3.311001777648926,-0.46025168895721436,-0.3739965260028839,3.263441562652588,-0.5251830816268921,-0.14653371274471283,3.4153714179992676,-0.5608468055725098,0.11083848774433136,3.4899556636810303,-0.5679795742034912,0.16231292486190796,3.5048725605010986,-0.5822450518608093,0.26526182889938354,3.5347063541412354,-0.5146547555923462,0.21535912156105042,3.543274402618408,-0.15073098242282867,0.18125499784946442,3.3975181579589844,-0.19427067041397095,0.6492587327957153,3.424203634262085,-0.2541224956512451,1.0527124404907227,3.517810106277466,-0.2347010225057602,1.185681700706482,3.4248173236846924,-0.347417950630188,0.18795667588710785,3.3389549255371094,-0.33696210384368896,0.6578279733657837,3.3662853240966797,-0.33614176511764526,1.0730164051055908,3.4186041355133057,-0.29970014095306396,1.1917705535888672,3.3124196529388428,-0.20535247027873993,-0.5194631218910217,3.2199909687042236,-0.19715361297130585,-0.5725100040435791,3.207697629928589,-0.17420999705791473,-0.6178867220878601,3.246140480041504,-0.15823262929916382,-0.617506742477417,3.3686230182647705,-0.23539116978645325,-0.6216217875480652,3.2214534282684326,-0.3315792679786682,-0.628089427947998,3.2986767292022705,-0.2805469334125519,1.1428738832473755,3.580009937286377,-0.34801551699638367,1.171827793121338,3.4714386463165283
-0.2510504722595215,0.18486177921295166,3.353732109069824,-0.25240978598594666,-0.0034828782081604004,3.3386013507843018,-0.25417476892471313,-0.1918155997991562,3.323364496231079,-0.2559398114681244,-0.38015395402908325,3.3081271648406982,-0.20554344356060028,-0.38254624605178833,3.3191239833831787,-0.04798801243305206,-0.3868246078491211,3.353755474090576,0.049457013607025146,-0.1837100088596344,3.1849191188812256,0.14016538858413696,-0.13570745289325714,2.934429407119751,0.1583070605993271,-0.12610694766044617,2.884331464767456,0.19459040462970734,-0.10690592229366302,2.784135580062866,0.11582641303539276,-0.10361747443675995,2.8147506713867188,-0.30635538697242737,-0.3798087239265442,3.2969648838043213,-0.4639108180999756,-0.3755303621292114,3.262333393096924,-0.5208627581596375,-0.1475902944803238,3.4174351692199707,-0.5585173964500427,0.10598750412464142,3.5043704509735107,-0.5660483241081238,0.15670306980609894,3.5217576026916504,-0.5811101794242859,0.2581341862678528,3.5565316677093506,-0.5114147663116455,0.210251122713089,3.5578081607818604,-0.15066415071487427,0.18240755796432495,3.3752634525299072,-0.2004532516002655,0.6478118896484375,3.4144206047058105,-0.2548801898956299,1.0536316633224487,3.4960286617279053,-0.24314893782138824,1.1825264692306519,3.396876811981201,-0.3514367938041687,0.18731600046157837,3.332200765609741,-0.33659684658050537,0.6561253070831299,3.356919050216675,-0.32898351550102234,1.0708489418029785,3.4044389724731445,-0.30035674571990967,1.187975525856018,3.294691801071167,-0.207594096660614,-0.5167174935340881,3.2006943225860596,-0.1990496665239334,-0.5690463781356812,3.1881790161132812,-0.17364442348480225,-0.613426685333252,3.2250845432281494,-0.15196822583675385,-0.6125597357749939,3.345346450805664,-0.23520514369010925,-0.6183496117591858,3.203639507293701,-0.32639023661613464,-0.6265081167221069,3.284585475921631,-0.2769329249858856,1.1459399461746216,3.5562820434570312,-0.33598798513412476,1.1700479984283447,3.4568612575531006
-0.25439444184303284,0.18492448329925537,3.3459036350250244,-0.255018949508667,-0.0033846646547317505,3.3301234245300293,-0.25608333945274353,-0.19168351590633392,3.314244031906128,-0.25714775919914246,-0.37998801469802856,3.2983641624450684,-0.2064630687236786,-0.38211995363235474,3.3080263137817383,-0.0480881929397583,-0.38558369874954224,3.3384835720062256,0.04950910061597824,-0.18127095699310303,3.1709420680999756,0.14192171394824982,-0.12453813850879669,2.9227590560913086,0.160404235124588,-0.11319157481193542,2.873122453689575,0.1973692774772644,-0.09049844741821289,2.7738492488861084,0.1182696595788002,-0.08898794651031494,2.803853750228882,-0.30784398317337036,-0.379902720451355,3.288529396057129,-0.46621885895729065,-0.3764389753341675,3.2580721378326416,-0.5219601988792419,-0.14646925032138824,3.4108657836914062,-0.5613102912902832,0.1065552681684494,3.4990904331207275,-0.5691803097724915,0.1571601778268814,3.516735315322876,-0.584920346736908,0.25836998224258423,3.552025079727173,-0.5144810676574707,0.21149331331253052,3.5515952110290527,-0.1535125970840454,0.1829805076122284,3.3651092052459717,-0.2074870765209198,0.6469135284423828,3.4097816944122314,-0.2621229290962219,1.0536316633224487,3.4841811656951904,-0.2531769871711731,1.1803863048553467,3.382303476333618,-0.35527628660202026,0.18686845898628235,3.326698064804077,-0.34059736132621765,0.6551583409309387,3.351835012435913,-0.3321550190448761,1.069581151008606,3.397904872894287,-0.3061864376068115,1.1862767934799194,3.287299156188965,-0.2095392644405365,-0.5169874429702759,3.1925196647644043,-0.2010207325220108,-0.5691964626312256,3.180556535720825,-0.17536811530590057,-0.6129323840141296,3.2175791263580322,-0.1529027223587036,-0.6107426881790161,3.337123155593872,-0.23680026829242706,-0.6181808114051819,3.1967403888702393,-0.3269605040550232,-0.625613272190094,3.2780802249908447,-0.28331685066223145,1.1469528675079346,3.542940139770508,-0.33799710869789124,1.1688235998153687,3.450129985809326
-0.25773391127586365,0.185450941324234,3.3409953117370605,-0.25775206089019775,-0.002834126353263855,3.3248209953308105,-0.25826558470726013,-0.1911097764968872,3.3085455894470215,-0.2587791383266449,-0.379391074180603,3.292269706726074,-0.20789016783237457,-0.38130298256874084,3.300856113433838,-0.04895403981208801,-0.3840784728527069,3.3279483318328857,0.05132155120372772,-0.17697416245937347,3.1654140949249268,0.14776091277599335,-0.10990214347839355,2.921328067779541,0.16704878211021423,-0.09648773819208145,2.8725109100341797,0.205624520778656,-0.06965893507003784,2.774876594543457,0.12599819898605347,-0.06967984139919281,2.8035340309143066,-0.3096736669540405,-0.3795255422592163,3.283506155014038,-0.4686098098754883,-0.37675005197525024,3.2564139366149902,-0.5234754085540771,-0.1446765810251236,3.4064018726348877,-0.5640112161636353,0.10827858746051788,3.4944229125976562,-0.5721184015274048,0.15886962413787842,3.5120270252227783,-0.5883327126502991,0.2600516974925995,3.5472354888916016,-0.5173846483230591,0.21394801139831543,3.545675277709961,-0.1564999520778656,0.18395014107227325,3.3583524227142334,-0.21516962349414825,0.6466134190559387,3.4058871269226074,-0.27176758646965027,1.0538012981414795,3.4739415645599365,-0.26546478271484375,1.1786882877349854,3.3698112964630127,-0.3589678704738617,0.18695174157619476,3.3236382007598877,-0.34595006704330444,0.6549137830734253,3.3481547832489014,-0.3382183611392975,1.069237232208252,3.3918933868408203,-0.3147297203540802,1.1853474378585815,3.2803304195404053,-0.21227216720581055,-0.5177872180938721,3.1888465881347656,-0.20393793284893036,-0.570024311542511,3.177769899368286,-0.1781710684299469,-0.6129977107048035,3.215230703353882,-0.15493327379226685,-0.6087830066680908,3.3341376781463623,-0.23954111337661743,-0.6184979677200317,3.1949942111968994,-0.3288151025772095,-0.6243671178817749,3.276801109313965,-0.2927345037460327,1.1479016542434692,3.531336545944214,-0.34347066283226013,1.1686415672302246,3.4436604976654053
-0.2607925236225128,0.18593868613243103,3.3376386165618896,-0.26045897603034973,-0.002340853214263916,3.321352005004883,-0.260625958442688,-0.19061298668384552,3.3049774169921875,-0.26079294085502625,-0.3788907527923584,3.288602352142334,-0.20975828170776367,-0.3806384205818176,3.296322822570801,-0.05043521523475647,-0.38290008902549744,3.320702314376831,0.05545133352279663,-0.17316004633903503,3.1652514934539795,0.15829560160636902,-0.09673815965652466,2.9265828132629395,0.17886444926261902,-0.08145378530025482,2.8788490295410156,0.22000214457511902,-0.05088502913713455,2.783381462097168,0.13967956602573395,-0.051637981086969376,2.8100199699401855,-0.31182941794395447,-0.37918949127197266,3.2807040214538574,-0.47115248441696167,-0.37692782282829285,3.256324529647827,-0.5253963470458984,-0.14264030754566193,3.403071641921997,-0.5668193697929382,0.11063723266124725,3.4897584915161133,-0.5751039981842041,0.16129273176193237,3.5070958137512207,-0.5916731953620911,0.262603759765625,3.5417704582214355,-0.5203589200973511,0.21709467470645905,3.5395150184631348,-0.15929687023162842,0.18474939465522766,3.3534657955169678,-0.22306770086288452,0.6461512446403503,3.4028849601745605,-0.28275546431541443,1.0533455610275269,3.4660019874572754,-0.27900230884552,1.1767305135726929,3.3601789474487305,-0.3622881770133972,0.1871279776096344,3.3218114376068115,-0.3499394953250885,0.6547202467918396,3.3464202880859375,-0.34220391511917114,1.0688574314117432,3.3886590003967285,-0.3206257224082947,1.184544563293457,3.276465892791748,-0.21541139483451843,-0.5194079279899597,3.1883909702301025,-0.20731014013290405,-0.5717747807502747,3.1785006523132324,-0.18150506913661957,-0.6138373017311096,3.216691493988037,-0.1576032042503357,-0.606963574886322,3.3350212574005127,-0.24285122752189636,-0.6196093559265137,3.1970040798187256,-0.3314173221588135,-0.6233178377151489,3.279240131378174,-0.30390244722366333,1.1479487419128418,3.522315263748169,-0.34681811928749084,1.168340802192688,3.440136194229126
-0.26388877630233765,0.18587496876716614,3.343658685684204,-0.2633346617221832,-0.002411067485809326,3.3273706436157227,-0.2632681429386139,-0.190691277384758,3.3110060691833496,-0.26320162415504456,-0.37897711992263794,3.2946410179138184,-0.21206045150756836,-0.38060054183006287,3.3016653060913086,-0.052464067935943604,-0.38247358798980713,3.323863983154297,0.059099793434143066,-0.1695156991481781,3.1769864559173584,0.16800928115844727,-0.08361072838306427,2.944303035736084,0.18979117274284363,-0.0664297342300415,2.897766351699829,0.23335497081279755,-0.03206774592399597,2.8046929836273193,0.15243344008922577,-0.03329631686210632,2.8294384479522705,-0.31434208154678345,-0.3794001340866089,3.2874386310577393,-0.4739384651184082,-0.3775270879268646,3.265239953994751,-0.5278182029724121,-0.14118792116641998,3.408806324005127,-0.5700324177742004,0.11250753700733185,3.493889331817627,-0.5784752368927002,0.16324663162231445,3.5109059810638428,-0.5953609347343445,0.26472482085227966,3.5449392795562744,-0.52375328540802,0.21970176696777344,3.5422182083129883,-0.16219520568847656,0.18491481244564056,3.358217239379883,-0.23063495755195618,0.6453506350517273,3.4085326194763184,-0.29351377487182617,1.0525081157684326,3.467501640319824,-0.2920195162296295,1.1746225357055664,3.3602631092071533,-0.36558234691619873,0.1868351250886917,3.3291001319885254,-0.35406041145324707,0.6542267203330994,3.3541812896728516,-0.346552312374115,1.06831693649292,3.3951847553253174,-0.3266153931617737,1.1836888790130615,3.282463312149048,-0.21910613775253296,-0.5219744443893433,3.1979875564575195,-0.21132801473140717,-0.5745234489440918,3.1894094944000244,-0.18558120727539062,-0.6156577467918396,3.2284610271453857,-0.16108334064483643,-0.6059129238128662,3.346248149871826,-0.24694658815860748,-0.6216076612472534,3.2092676162719727,-0.3349519371986389,-0.622771143913269,3.2918667793273926,-0.3149714767932892,1.1475224494934082,3.52290415763855,-0.35069525241851807,1.1678897142410278,3.4464263916015625
-0.2671632468700409,0.18500730395317078,3.3631253242492676,-0.2664986252784729,-0.0033043473958969116,3.3468823432922363,-0.2662963569164276,-0.19161105155944824,3.3305699825286865,-0.2660940885543823,-0.37992340326309204,3.3142571449279785,-0.21487170457839966,-0.3814603090286255,3.3207318782806396,-0.05507273972034454,-0.383062481880188,3.3412084579467773,0.062009043991565704,-0.16637957096099854,3.2044050693511963,0.1767560839653015,-0.07084645330905914,2.978367328643799,0.19970549643039703,-0.051739830523729324,2.933159828186035,0.24560432136058807,-0.013526584953069687,2.842744827270508,0.16415099799633026,-0.015091277658939362,2.8656668663024902,-0.3173142671585083,-0.38043320178985596,3.307605028152466,-0.4771132469177246,-0.37883102893829346,3.287128448486328,-0.5308558940887451,-0.14051811397075653,3.427461862564087,-0.5738351941108704,0.11366130411624908,3.510720729827881,-0.5824310779571533,0.16449719667434692,3.5273725986480713,-0.5996227860450745,0.2661689817905426,3.560676097869873,-0.5277674198150635,0.22155535221099854,3.5576839447021484,-0.16531741619110107,0.18420080840587616,3.3766427040100098,-0.2376236766576767,0.6440349221229553,3.4265809059143066,-0.3032836318016052,1.051285982131958,3.481410264968872,-0.30366161465644836,1.172154188156128,3.372785806655884,-0.3690090775489807,0.1858137995004654,3.3496079444885254,-0.35854431986808777,0.6531834602355957,3.374616861343384,-0.3515539765357971,1.0674021244049072,3.413921594619751,-0.3330520987510681,1.1823629140853882,3.300562620162964,-0.2233901023864746,-0.5255786180496216,3.2213504314422607,-0.2160109281539917,-0.5783353447914124,3.2141432762145996,-0.19042062759399414,-0.6185604333877563,3.254133701324463,-0.16542845964431763,-0.6058905124664307,3.371413230895996,-0.2518368065357208,-0.6245846152305603,3.235348701477051,-0.3394410014152527,-0.6229589581489563,3.3181889057159424,-0.32504427433013916,1.1467468738555908,3.5358948707580566,-0.35539114475250244,1.1671547889709473,3.4648094177246094
-0.2689599394798279,0.18448567390441895,3.372800350189209,-0.26833921670913696,-0.003874868154525757,3.356794595718384,-0.2681562602519989,-0.19223010540008545,3.3407156467437744,-0.26797330379486084,-0.3805909752845764,3.324636220932007,-0.21672330796718597,-0.3821117877960205,3.330956220626831,-0.05690762400627136,-0.38366225361824036,3.3509373664855957,0.06760338693857193,-0.16345928609371185,3.226715326309204,0.19079822301864624,-0.06062375009059906,3.008359432220459,0.21543718874454498,-0.04005664214491844,2.964688301086426,0.26471513509750366,0.0010775737464427948,2.8773458003997803,0.18254408240318298,-0.00012508779764175415,2.8976776599884033,-0.3192213177680969,-0.38111740350723267,3.318141460418701,-0.47903698682785034,-0.3795669376850128,3.2981603145599365,-0.5334323644638062,-0.138570636510849,3.43375301361084,-0.5773953199386597,0.11673370003700256,3.5132412910461426,-0.5861878991127014,0.16779457032680511,3.5291390419006348,-0.6037730574607849,0.269916296005249,3.56093430519104,-0.5317095518112183,0.22555556893348694,3.5585103034973145,-0.167068749666214,0.18369613587856293,3.3860435485839844,-0.24274227023124695,0.6430817246437073,3.434380531311035,-0.3109559416770935,1.0504342317581177,3.484633684158325,-0.31222671270370483,1.170032262802124,3.3746578693389893,-0.3708511292934418,0.18527521193027496,3.3595571517944336,-0.3604980409145355,0.6526301503181458,3.383436679840088,-0.35334864258766174,1.0670133829116821,3.420178174972534,-0.3351776599884033,1.1812573671340942,3.3060812950134277,-0.2260274738073349,-0.5284728407859802,3.235196352005005,-0.21898618340492249,-0.581389844417572,3.2291979789733887,-0.1937861144542694,-0.6208491921424866,3.27012300491333,-0.16903284192085266,-0.6057270765304565,3.3870785236358643,-0.2551504373550415,-0.6268832683563232,3.2513208389282227,-0.342898428440094,-0.6228235960006714,3.333806276321411,-0.33327025175094604,1.1463524103164673,3.538043260574341,-0.3570225238800049,1.1670597791671753,3.4704575538635254
-0.27031633257865906,0.18317511677742004,3.3821356296539307,-0.26983562111854553,-0.0052741169929504395,3.3667662143707275,-0.269761323928833,-0.19371820986270905,3.3513267040252686,-0.2696870267391205,-0.3821679353713989,3.3358867168426514,-0.21845728158950806,-0.38371556997299194,3.3424386978149414,-0.058811500668525696,-0.385346919298172,3.3631181716918945,0.07342979311943054,-0.16218264400959015,3.2529280185699463,0.20545370876789093,-0.05389590561389923,3.0424928665161133,0.231858491897583,-0.03223855793476105,3.000405788421631,0.28466805815696716,0.011076141148805618,2.916231632232666,0.2018800973892212,0.010794967412948608,2.9339447021484375,-0.32091596722602844,-0.38266855478286743,3.329166889190674,-0.4805617332458496,-0.3810372054576874,3.3084874153137207,-0.5362704992294312,-0.13658767938613892,3.437223196029663,-0.5811986923217773,0.12068575620651245,3.509549617767334,-0.5901843309402466,0.1721404492855072,3.524014949798584,-0.6081556081771851,0.2750498354434967,3.552945613861084,-0.535997748374939,0.2307741641998291,3.552185297012329,-0.16846975684165955,0.18232059478759766,3.395798683166504,-0.2469056248664856,0.6415331363677979,3.4407057762145996,-0.31728750467300415,1.0490975379943848,3.4855427742004395,-0.3185173571109772,1.1673074960708618,3.3741044998168945,-0.37216290831565857,0.18402963876724243,3.3684725761413574,-0.3615606427192688,0.6513954401016235,3.3908729553222656,-0.35425132513046265,1.0658406019210815,3.4262900352478027,-0.33554625511169434,1.1796854734420776,3.3119089603424072,-0.227849543094635,-0.5319246053695679,3.2497634887695312,-0.22108426690101624,-0.5849612355232239,3.2448573112487793,-0.19652412831783295,-0.6237511038780212,3.286749839782715,-0.17277991771697998,-0.606525182723999,3.4035582542419434,-0.2577146589756012,-0.6297757625579834,3.267500400543213,-0.3461531400680542,-0.6235951781272888,3.3490183353424072,-0.34033817052841187,1.1455490589141846,3.5376346111297607,-0.3580498993396759,1.1660406589508057,3.4762227535247803
-0.27258923649787903,0.18201544880867004,3.3915598392486572,-0.2727566957473755,-0.006547257304191589,3.377495527267456,-0.2733423709869385,-0.19510409235954285,3.363363742828369,-0.27392804622650146,-0.3836665749549866,3.349231719970703,-0.2228224128484726,-0.3854130506515503,3.3566670417785645,-0.06503009796142578,-0.38764137029647827,3.3798599243164062,0.0809268057346344,-0.15999223291873932,3.3079934120178223,0.22795408964157104,-0.04304253309965134,3.1154019832611084,0.2573595345020294,-0.01965259201824665,3.0768837928771973,0.31617045402526855,0.02712729014456272,2.999847173690796,0.23331204056739807,0.030199043452739716,3.013627290725708,-0.3250400722026825,-0.3839695453643799,3.3416426181793213,-0.4828323721885681,-0.3817412257194519,3.3184497356414795,-0.5382225513458252,-0.1303141713142395,3.4280340671539307,-0.5813870429992676,0.13016441464424133,3.47973895072937,-0.590019941329956,0.18226012587547302,3.490079879760742,-0.607285737991333,0.2864515781402588,3.5107619762420654,-0.5361512303352356,0.2418595850467682,3.514796495437622,-0.17096836864948273,0.1807837039232254,3.4068641662597656,-0.2540926933288574,0.6395797729492188,3.4462180137634277,-0.328605979681015,1.0469088554382324,3.4853341579437256,-0.32882556319236755,1.1638708114624023,3.3726298809051514,-0.3742101192474365,0.18324719369411469,3.376255512237549,-0.36515018343925476,0.6506150960922241,3.397167921066284,-0.3598930537700653,1.0648763179779053,3.4340364933013916,-0.3397098183631897,1.1791383028030396,3.320373773574829,-0.23071995377540588,-0.5346338152885437,3.2662296295166016,-0.2241823971271515,-0.587729811668396,3.262169599533081,-0.20109570026397705,-0.6261241436004639,3.305180549621582,-0.18056043982505798,-0.6076148748397827,3.4223074913024902,-0.2617119550704956,-0.6319906711578369,3.2842960357666016,-0.35230645537376404,-0.6242366433143616,3.3631343841552734,-0.3533705472946167,1.1436978578567505,3.5359408855438232,-0.3648684024810791,1.164876103401184,3.4842135906219482
-0.27352094650268555,0.17979580163955688,3.4110677242279053,-0.2745455205440521,-0.008873805403709412,3.3983845710754395,-0.2760050296783447,-0.19753451645374298,3.3856120109558105,-0.2774645686149597,-0.38620084524154663,3.3728389739990234,-0.2267400324344635,-0.3882767856121063,3.382490873336792,-0.07092121243476868,-0.3915036916732788,3.412349224090576,0.08261287212371826,-0.16359861195087433,3.3654775619506836,0.2414347380399704,-0.045179180800914764,3.184922695159912,0.2731991112232208,-0.02149529568850994,3.1488118171691895,0.3367278575897217,0.025872474536299706,3.076589822769165,0.2537934482097626,0.0313350111246109,3.086806058883667,-0.3282049894332886,-0.3861755132675171,3.3630480766296387,-0.4840238094329834,-0.382948637008667,3.3331897258758545,-0.5398723483085632,-0.12708276510238647,3.4287092685699463,-0.5802559852600098,0.13549000024795532,3.464379072189331,-0.5883327126502991,0.18800455331802368,3.471513032913208,-0.6044861674308777,0.2930336594581604,3.485780954360962,-0.5347177386283875,0.24773195385932922,3.495396137237549,-0.17262351512908936,0.1779376119375229,3.430558681488037,-0.256339967250824,0.6371663212776184,3.460998296737671,-0.33219045400619507,1.0445466041564941,3.4954605102539062,-0.3277526795864105,1.1610395908355713,3.382425546646118,-0.37441837787628174,0.18165399134159088,3.3915767669677734,-0.36633795499801636,0.6489768624305725,3.410813331604004,-0.36326318979263306,1.0630308389663696,3.448884963989258,-0.3385324478149414,1.177577018737793,3.3364806175231934,-0.23123213648796082,-0.5371572971343994,3.2915217876434326,-0.22477754950523376,-0.5902674794197083,3.2876250743865967,-0.20388905704021454,-0.6288775205612183,3.331543445587158,-0.1886809766292572,-0.6107625961303711,3.4495229721069336,-0.26349830627441406,-0.6343855857849121,3.307878017425537,-0.35757386684417725,-0.6263687610626221,3.3824710845947266,-0.35895320773124695,1.1415090560913086,3.544626235961914,-0.37048184871673584,1.1628668308258057,3.4990437030792236
-0.2742617428302765,0.1776711642742157,3.4139349460601807,-0.27616533637046814,-0.011069044470787048,3.402406930923462,-0.27857959270477295,-0.19979597628116608,3.3907580375671387,-0.28099390864372253,-0.38852858543395996,3.3791086673736572,-0.2308516502380371,-0.39095669984817505,3.3913724422454834,-0.07798504829406738,-0.3952312767505646,3.4289438724517822,0.0786815881729126,-0.16725720465183258,3.409274101257324,0.248023122549057,-0.043794184923172,3.2444045543670654,0.28189143538475037,-0.01910158060491085,3.211430549621582,0.3496280610561371,0.030283628031611443,3.1454827785491943,0.26681700348854065,0.03691139817237854,3.1516408920288086,-0.3311624228954315,-0.38815173506736755,3.366718292236328,-0.48402902483940125,-0.383877158164978,3.3291468620300293,-0.5355861783027649,-0.12354627251625061,3.4096031188964844,-0.5675153732299805,0.14056912064552307,3.4276366233825684,-0.5739012360572815,0.19339220225811005,3.431243419647217,-0.5866729021072388,0.2990383505821228,3.4384567737579346,-0.5196128487586975,0.2522227466106415,3.4542922973632812,-0.1744903326034546,0.17516490817070007,3.438493251800537,-0.25831952691078186,0.6347962021827698,3.4591448307037354,-0.3353859782218933,1.0422872304916382,3.4878413677215576,-0.32521751523017883,1.1582037210464478,3.374643564224243,-0.3740331530570984,0.18017742037773132,3.389376640319824,-0.36573731899261475,0.6473817825317383,3.4085068702697754,-0.36431577801704407,1.061070442199707,3.4493892192840576,-0.33383166790008545,1.176291584968567,3.3391685485839844,-0.23058313131332397,-0.5387967824935913,3.2991504669189453,-0.2239842712879181,-0.591862142086029,3.295151948928833,-0.20556291937828064,-0.6308658123016357,3.339789390563965,-0.1967792809009552,-0.6137944459915161,3.458531141281128,-0.2637813687324524,-0.636077880859375,3.312880039215088,-0.361731618642807,-0.6285620331764221,3.3822879791259766,-0.36446428298950195,1.1394786834716797,3.535139560699463,-0.3740032911300659,1.1605596542358398,3.4997568130493164
-0.27451229095458984,0.17661836743354797,3.4091756343841553,-0.27734169363975525,-0.012146607041358948,3.3981516361236572,-0.28072360157966614,-0.20089274644851685,3.3869616985321045,-0.2841055989265442,-0.3896445333957672,3.3757715225219727,-0.23483359813690186,-0.3924659490585327,3.3911020755767822,-0.0861014574766159,-0.3978843092918396,3.4375455379486084,0.06890194118022919,-0.1705663800239563,3.448615550994873,0.24753351509571075,-0.038741335272789,3.304342746734619,0.2832598388195038,-0.012376327067613602,3.2754881381988525,0.35471245646476746,0.0403536893427372,3.2177789211273193,0.2722889184951782,0.04716973006725311,3.2191336154937744,-0.33341437578201294,-0.3888746201992035,3.360319137573242,-0.4821465015411377,-0.3834562599658966,3.313875675201416,-0.5270904898643494,-0.11991149187088013,3.3798015117645264,-0.5473548173904419,0.14407750964164734,3.380746603012085,-0.5514076948165894,0.19687530398368835,3.3809356689453125,-0.5595134496688843,0.3024709224700928,3.3813135623931885,-0.4962136745452881,0.25414034724235535,3.4036571979522705,-0.17644469439983368,0.17336076498031616,3.439785957336426,-0.259287565946579,0.6333997249603271,3.4508049488067627,-0.3370092809200287,1.0410438776016235,3.4736642837524414,-0.3197838366031647,1.1565828323364258,3.3609859943389893,-0.3725798726081848,0.17987596988677979,3.3785653114318848,-0.36345648765563965,0.6469011902809143,3.3991661071777344,-0.36367303133010864,1.0601115226745605,3.443821430206299,-0.32622307538986206,1.1762096881866455,3.3367648124694824,-0.22831255197525024,-0.5383024215698242,3.2966597080230713,-0.22129832208156586,-0.5912386775016785,3.29219126701355,-0.20558208227157593,-0.6309253573417664,3.3371987342834473,-0.2043038010597229,-0.6158698797225952,3.456444263458252,-0.26194503903388977,-0.6358136534690857,3.3066346645355225,-0.3639988303184509,-0.629720151424408,3.3698461055755615,-0.3686583340167999,1.1384122371673584,3.518843650817871,-0.37622854113578796,1.159148931503296,3.494391918182373
-0.27536770701408386,0.17613136768341064,3.3995158672332764,-0.2792225480079651,-0.012610331177711487,3.3882968425750732,-0.2836226522922516,-0.20132815837860107,3.376878499984741,-0.28802287578582764,-0.3900516629219055,3.36545991897583,-0.23996403813362122,-0.3933347463607788,3.384180784225464,-0.09674456715583801,-0.4000590443611145,3.4401276111602783,0.05153794586658478,-0.1746433824300766,3.4803049564361572,0.23652388155460358,-0.03650642931461334,3.3558123111724854,0.2735210657119751,-0.008879037573933601,3.330913782119751,0.34751543402671814,0.04637574404478073,3.2811167240142822,0.2659130096435547,0.05310852825641632,3.2778615951538086,-0.3361295461654663,-0.38881969451904297,3.3466148376464844,-0.4793490171432495,-0.3820953965187073,3.29066801071167,-0.5157354474067688,-0.11705991625785828,3.3440191745758057,-0.5214658975601196,0.1448119580745697,3.330223321914673,-0.5226119756698608,0.19718633592128754,3.3274641036987305,-0.5249041318893433,0.301935076713562,3.3219456672668457,-0.46649566292762756,0.25218451023101807,3.350724458694458,-0.17969198524951935,0.17195703089237213,3.43686842918396,-0.25938472151756287,0.6325893998146057,3.439387083053589,-0.3364124894142151,1.0405268669128418,3.4574689865112305,-0.3109484314918518,1.1560782194137573,3.346418857574463,-0.37104344367980957,0.18030570447444916,3.3621633052825928,-0.3602777421474457,0.6470497250556946,3.3861122131347656,-0.36188897490501404,1.0596219301223755,3.435657262802124,-0.3165448307991028,1.1767677068710327,3.3329274654388428,-0.22587168216705322,-0.5364651679992676,3.287266492843628,-0.21820691227912903,-0.5892022252082825,3.282139539718628,-0.2054186314344406,-0.629770040512085,3.3272111415863037,-0.21258336305618286,-0.6174027323722839,3.4464480876922607,-0.25942137837409973,-0.634263813495636,3.2927019596099854,-0.3655911684036255,-0.6301351189613342,3.3486721515655518,-0.3705764412879944,1.1379889249801636,3.5005130767822266,-0.3775407671928406,1.1580973863601685,3.4864156246185303
-0.27579113841056824,0.17651915550231934,3.3850884437561035,-0.2801675498485565,-0.012162432074546814,3.373277425765991,-0.28500086069107056,-0.20082125067710876,3.361281633377075,-0.28983432054519653,-0.3894857168197632,3.349285364151001,-0.24327252805233002,-0.3931152820587158,3.3714072704315186,-0.10665221512317657,-0.400752454996109,3.4364709854125977,0.02677328884601593,-0.17366451025009155,3.498436689376831,0.21134617924690247,-0.026447102427482605,3.389131546020508,0.2482607662677765,0.0029963795095682144,3.3672704696655273,0.32208991050720215,0.061883345246315,3.3235483169555664,0.2412223070859909,0.06613370776176453,3.31657075881958,-0.33644863963127136,-0.38790667057037354,3.327033281326294,-0.4730689525604248,-0.38026949763298035,3.261969566345215,-0.4995853006839752,-0.11463385820388794,3.3060789108276367,-0.48898693919181824,0.14413851499557495,3.28133487701416,-0.4868672788143158,0.19589298963546753,3.276386022567749,-0.4826279282569885,0.2994019389152527,3.2664883136749268,-0.42976218461990356,0.24822410941123962,3.3010191917419434,-0.18310683965682983,0.17160317301750183,3.4292781352996826,-0.2587621808052063,0.6328305006027222,3.4259254932403564,-0.33485764265060425,1.040974497795105,3.4415063858032227,-0.30101922154426575,1.1571414470672607,3.333414077758789,-0.36847543716430664,0.18143513798713684,3.3408987522125244,-0.35557588934898376,0.6477146148681641,3.3706068992614746,-0.3584182560443878,1.059385895729065,3.426584243774414,-0.3050258159637451,1.1777993440628052,3.329366683959961,-0.2205076515674591,-0.5331358909606934,3.272477388381958,-0.21187523007392883,-0.5855903029441833,3.266680955886841,-0.2019309401512146,-0.6270716190338135,3.3115391731262207,-0.2178785502910614,-0.6177154779434204,3.4300568103790283,-0.25316351652145386,-0.6312583684921265,3.2731270790100098,-0.3630375266075134,-0.6295778155326843,3.3212223052978516,-0.3715022802352905,1.1383001804351807,3.4827308654785156,-0.3771631717681885,1.157138466835022,3.477649211883545
-0.2773776948451996,0.17444366216659546,3.371802568435669,-0.2815389037132263,-0.014185994863510132,3.359363555908203,-0.2859812080860138,-0.20279976725578308,3.3467817306518555,-0.2904236316680908,-0.3914191722869873,3.3341996669769287,-0.24575740098953247,-0.39521580934524536,3.3599016666412354,-0.11726760864257812,-0.40318453311920166,3.4339945316314697,-0.011041678488254547,-0.17041580379009247,3.5128366947174072,0.16566923260688782,-0.009491205215454102,3.4171814918518066,0.20101141929626465,0.02269371598958969,3.398050546646118,0.2716957926750183,0.08706355839967728,3.359788417816162,0.19208724796772003,0.0853915736079216,3.348475933074951,-0.33513814210891724,-0.38967257738113403,3.3083608150482178,-0.4636279344558716,-0.38170385360717773,3.2342679500579834,-0.4804841876029968,-0.11705413460731506,3.2711150646209717,-0.45300403237342834,0.1367942988872528,3.2382636070251465,-0.4475080072879791,0.18756398558616638,3.2316932678222656,-0.4365159571170807,0.28910335898399353,3.218552589416504,-0.38998574018478394,0.23701104521751404,3.258422613143921,-0.1885075867176056,0.16909532248973846,3.423177480697632,-0.2587210536003113,0.6310412883758545,3.4143118858337402,-0.3330158591270447,1.039555311203003,3.427023410797119,-0.29015907645225525,1.15619957447052,3.322746753692627,-0.3662478029727936,0.17979200184345245,3.320427656173706,-0.3508424460887909,0.6455212235450745,3.3559467792510986,-0.3545956611633301,1.0563687086105347,3.417227268218994,-0.2926759123802185,1.1755170822143555,3.3262009620666504,-0.21271011233329773,-0.5318416357040405,3.260075569152832,-0.20273230969905853,-0.5839229226112366,3.253793478012085,-0.1957344263792038,-0.6262728571891785,3.298273801803589,-0.22134557366371155,-0.6200883388519287,3.41512131690979,-0.2435414046049118,-0.6303081512451172,3.255796194076538,-0.3567987084388733,-0.6315216422080994,3.2947683334350586,-0.3720663785934448,1.1368452310562134,3.46601939201355,-0.3764866590499878,1.1536017656326294,3.467996120452881
-0.2788550555706024,0.17250236868858337,3.356306552886963,-0.28226450085639954,-0.01609198749065399,3.343472719192505,-0.28570356965065,-0.2046872079372406,3.330660104751587,-0.2891427278518677,-0.3932880759239197,3.31784725189209,-0.24669963121414185,-0.39707696437835693,3.347064256668091,-0.12720289826393127,-0.40485528111457825,3.429483413696289,-0.05883665382862091,-0.1616532802581787,3.511484146118164,0.10448653995990753,0.013491526246070862,3.4227547645568848,0.13715118169784546,0.04852048680186272,3.4050087928771973,0.2024804651737213,0.11857840418815613,3.3695170879364014,0.12522101402282715,0.10769328474998474,3.3528358936309814,-0.3316231966018677,-0.3915490508079529,3.2884907722473145,-0.45111992955207825,-0.38377073407173157,3.206071615219116,-0.4595245122909546,-0.12024399638175964,3.238138437271118,-0.4161387085914612,0.12861573696136475,3.200594186782837,-0.407461553812027,0.17838768661022186,3.1930854320526123,-0.39010724425315857,0.2779315710067749,3.178067684173584,-0.34996315836906433,0.2252214550971985,3.2225184440612793,-0.19451528787612915,0.1669992208480835,3.4147703647613525,-0.25840672850608826,0.62975013256073,3.4033327102661133,-0.3307604491710663,1.038573980331421,3.4156811237335205,-0.2789771556854248,1.1562271118164062,3.316755771636963,-0.3631948232650757,0.17800551652908325,3.2978427410125732,-0.3443915843963623,0.642885148525238,3.3412554264068604,-0.34877896308898926,1.0525356531143188,3.4097511768341064,-0.27836570143699646,1.172521948814392,3.326353073120117,-0.2028154730796814,-0.5305602550506592,3.2480876445770264,-0.19133563339710236,-0.5822409987449646,3.241715431213379,-0.187297523021698,-0.6252871751785278,3.28576922416687,-0.2227628082036972,-0.6219357848167419,3.3999500274658203,-0.23118966817855835,-0.6293177604675293,3.239384174346924,-0.347123920917511,-0.6333558559417725,3.2685258388519287,-0.37213945388793945,1.1356308460235596,3.452772378921509,-0.3737125098705292,1.1490904092788696,3.4603824615478516
-0.2818819582462311,0.16950130462646484,3.3428282737731934,-0.2837711274623871,-0.019067630171775818,3.3297955989837646,-0.2853807210922241,-0.20765650272369385,3.317016363143921,-0.28699037432670593,-0.39625102281570435,3.304236650466919,-0.2471722960472107,-0.3998372554779053,3.336949586868286,-0.13766562938690186,-0.40687984228134155,3.42708683013916,-0.13149109482765198,-0.1516597867012024,3.4935576915740967,-0.0016810297966003418,0.04655015468597412,3.402973175048828,0.024280982092022896,0.08619214594364166,3.3848562240600586,0.07620500773191452,0.16547612845897675,3.3486223220825195,0.005325060337781906,0.13720515370368958,3.32725191116333,-0.32682594656944275,-0.3947145640850067,3.2713849544525146,-0.4363326132297516,-0.38767197728157043,3.1812477111816406,-0.43764087557792664,-0.12553590536117554,3.21085786819458,-0.3796558678150177,0.11838090419769287,3.1723129749298096,-0.36805886030197144,0.16716426610946655,3.1646039485931396,-0.3448648452758789,0.2647309899330139,3.1491858959198,-0.3112301230430603,0.21159708499908447,3.197408437728882,-0.20291994512081146,0.16418299078941345,3.408332347869873,-0.25912222266197205,0.6278841495513916,3.396864891052246,-0.3287616968154907,1.037097692489624,3.4104888439178467,-0.2678914964199066,1.1559028625488281,3.3183746337890625,-0.3608439564704895,0.17481961846351624,3.2773241996765137,-0.33803462982177734,0.6385971307754517,3.329277276992798,-0.34309908747673035,1.0468515157699585,3.4053940773010254,-0.264262855052948,1.1673663854599,3.330789089202881,-0.19252315163612366,-0.5305905938148499,3.2401273250579834,-0.17959243059158325,-0.5818791389465332,3.233950138092041,-0.1785949468612671,-0.6255688667297363,3.2774274349212646,-0.22383233904838562,-0.6248544454574585,3.3879809379577637,-0.2181619554758072,-0.6295193433761597,3.227402448654175,-0.33593884110450745,-0.6360475420951843,3.2462432384490967,-0.37226492166519165,1.13390052318573,3.445734977722168,-0.37106597423553467,1.142764687538147,3.455634593963623
-0.28437545895576477,0.16645538806915283,3.3291537761688232,-0.28473961353302,-0.022078320384025574,3.316202163696289,-0.2846040427684784,-0.21064795553684235,3.3037800788879395,-0.28446847200393677,-0.399223268032074,3.2913575172424316,-0.24785208702087402,-0.4026148319244385,3.327617883682251,-0.14930719137191772,-0.4089846611022949,3.4253880977630615,-0.19289855659008026,-0.1535111665725708,3.466949462890625,-0.08826591819524765,0.05511237680912018,3.370903491973877,-0.06733939051628113,0.09683708846569061,3.351694345474243,-0.025486335158348083,0.1802864968776703,3.3132758140563965,-0.08758990466594696,0.13876253366470337,3.288062810897827,-0.3210833668708801,-0.39788126945495605,3.254962205886841,-0.4196282625198364,-0.3915114402770996,3.1571919918060303,-0.4144518971443176,-0.13075539469718933,3.186751127243042,-0.34255942702293396,0.10857069492340088,3.1513800621032715,-0.3281809389591217,0.15643590688705444,3.144305944442749,-0.2994239628314972,0.2521663308143616,3.130157470703125,-0.2727222442626953,0.19848304986953735,3.1813621520996094,-0.21200662851333618,0.16132386028766632,3.401817798614502,-0.2599390149116516,0.6259731650352478,3.3930482864379883,-0.32694023847579956,1.0354831218719482,3.4096431732177734,-0.25680312514305115,1.1556224822998047,3.326288938522339,-0.35674428939819336,0.17158691585063934,3.2564897537231445,-0.33095696568489075,0.6339669823646545,3.3182404041290283,-0.3383964002132416,1.0405142307281494,3.4026618003845215,-0.251437246799469,1.1614692211151123,3.3385634422302246,-0.1823568046092987,-0.5307865738868713,3.2346694469451904,-0.1681174337863922,-0.5816628932952881,3.2289531230926514,-0.1706518530845642,-0.6260066032409668,3.2715108394622803,-0.22628368437290192,-0.6278879046440125,3.3769147396087646,-0.20504148304462433,-0.6296117305755615,3.2179322242736816,-0.3237209916114807,-0.6381024718284607,3.2251083850860596,-0.3726530075073242,1.1319400072097778,3.4429595470428467,-0.3698625862598419,1.135711669921875,3.4521684646606445
-0.28995195031166077,0.15976253151893616,3.312455177307129,-0.28726476430892944,-0.028682425618171692,3.299978494644165,-0.2840181887149811,-0.21717509627342224,3.288386821746826,-0.28077152371406555,-0.40567344427108765,3.276794672012329,-0.25390151143074036,-0.4089418947696686,3.3207437992095947,-0.1821366548538208,-0.41493943333625793,3.438368797302246,-0.2746764123439789,-0.16968557238578796,3.45051908493042,-0.19431185722351074,0.058449238538742065,3.3786745071411133,-0.17823894321918488,0.10407619923353195,3.3643054962158203,-0.14609313011169434,0.19533011317253113,3.3355677127838135,-0.189021497964859,0.14223335683345795,3.2961769104003906,-0.3076062500476837,-0.40445366501808167,3.232719659805298,-0.37937110662460327,-0.3984561264514923,3.1150946617126465,-0.36878758668899536,-0.13834643363952637,3.148134469985962,-0.27314868569374084,0.09431013464927673,3.1283931732177734,-0.25402089953422546,0.14084145426750183,3.1244449615478516,-0.2157653421163559,0.23390407860279083,3.1165482997894287,-0.2050769031047821,0.1795388162136078,3.172619104385376,-0.23743541538715363,0.15468814969062805,3.4004077911376953,-0.26210978627204895,0.6214483976364136,3.398158311843872,-0.31959694623947144,1.0324809551239014,3.417468786239624,-0.22824987769126892,1.1530125141143799,3.3587045669555664,-0.3424684703350067,0.16483691334724426,3.2245025634765625,-0.31330519914627075,0.6241828203201294,3.3059263229370117,-0.3338836133480072,1.0271449089050293,3.4050395488739014,-0.23167826235294342,1.148130178451538,3.369797706604004,-0.16624850034713745,-0.5326583385467529,3.241568088531494,-0.15017575025558472,-0.5827136039733887,3.23740816116333,-0.1620406210422516,-0.6286131143569946,3.2758688926696777,-0.24101872742176056,-0.6357098817825317,3.3636515140533447,-0.18211375176906586,-0.6300723552703857,3.2158703804016113,-0.29789263010025024,-0.6398442983627319,3.1936557292938232,-0.36920836567878723,1.129314661026001,3.443493604660034,-0.3748115301132202,1.1211371421813965,3.449824571609497
-0.29285502433776855,0.15923148393630981,3.3017988204956055,-0.2884347140789032,-0.029212281107902527,3.2905385494232178,-0.2836257815361023,-0.21770000457763672,3.28021240234375,-0.27881669998168945,-0.406193345785141,3.269885778427124,-0.2586039900779724,-0.40930137038230896,3.3172643184661865,-0.2047073394060135,-0.41486456990242004,3.443910837173462,-0.29642826318740845,-0.16916607320308685,3.435581684112549,-0.21352876722812653,0.06062598526477814,3.3725035190582275,-0.19694887101650238,0.10658439993858337,3.3598878383636475,-0.1637890785932541,0.19850122928619385,3.3346564769744873,-0.19902409613132477,0.14364926517009735,3.290356159210205,-0.29897716641426086,-0.40513405203819275,3.222395181655884,-0.3528738021850586,-0.39957085251808167,3.0957486629486084,-0.34397628903388977,-0.14004114270210266,3.1333653926849365,-0.24198175966739655,0.09068566560745239,3.1291427612304688,-0.22158285975456238,0.13683103024959564,3.128298282623291,-0.18078504502773285,0.22912174463272095,3.1266090869903564,-0.17891976237297058,0.1741521954536438,3.1830685138702393,-0.2538994252681732,0.15448656678199768,3.3964993953704834,-0.27136942744255066,0.6217832565307617,3.399932861328125,-0.328604131937027,1.0330023765563965,3.4201769828796387,-0.2288738489151001,1.1539963483810425,3.378173351287842,-0.3318106234073639,0.16397640109062195,3.2070982456207275,-0.3054613173007965,0.6217490434646606,3.2989304065704346,-0.3379110097885132,1.0230507850646973,3.4023263454437256,-0.23073455691337585,1.1437617540359497,3.3852367401123047,-0.16062134504318237,-0.5323706269264221,3.2490200996398926,-0.14412271976470947,-0.5822394490242004,3.2462117671966553,-0.16133274137973785,-0.628761887550354,3.2815279960632324,-0.2519075870513916,-0.6374350786209106,3.3566503524780273,-0.17251405119895935,-0.628962516784668,3.2194039821624756,-0.2835879325866699,-0.6380034685134888,3.1806321144104004,-0.3809258043766022,1.129744052886963,3.4409263134002686,-0.38445305824279785,1.1165810823440552,3.442488193511963
-0.2964840531349182,0.16141480207443237,3.2895290851593018,-0.29020392894744873,-0.026927679777145386,3.278714656829834,-0.28359004855155945,-0.21531468629837036,3.2689225673675537,-0.27697595953941345,-0.4037073254585266,3.2591302394866943,-0.26270806789398193,-0.4068058133125305,3.3086040019989014,-0.22470220923423767,-0.41234615445137024,3.440863847732544,-0.3066146969795227,-0.16468572616577148,3.412599563598633,-0.21478326618671417,0.06274040043354034,3.3534836769104004,-0.196416974067688,0.10822562873363495,3.341660499572754,-0.15968440473079681,0.19919608533382416,3.318014144897461,-0.18966104090213776,0.14319580793380737,3.2713489532470703,-0.29117199778556824,-0.4026564359664917,3.209550142288208,-0.3291778564453125,-0.397116094827652,3.0772902965545654,-0.3215397596359253,-0.13871455192565918,3.122173547744751,-0.21528901159763336,0.08972819149494171,3.1354033946990967,-0.19403886795043945,0.13541674613952637,3.138049364089966,-0.15153856575489044,0.22679384052753448,3.143341302871704,-0.1574670672416687,0.17064109444618225,3.1983323097229004,-0.2696012556552887,0.15664108097553253,3.3882784843444824,-0.28347039222717285,0.6242570281028748,3.39778470993042,-0.3421128988265991,1.035491704940796,3.4188222885131836,-0.2376909703016281,1.1569328308105469,3.3918051719665527,-0.32336685061454773,0.16618852317333221,3.190779685974121,-0.30143651366233826,0.622380793094635,3.292539596557617,-0.34435737133026123,1.022261381149292,3.3986001014709473,-0.2351340800523758,1.1424716711044312,3.3973467350006104,-0.1528322398662567,-0.5250901579856873,3.25197172164917,-0.13436082005500793,-0.5741930603981018,3.2502729892730713,-0.15460918843746185,-0.6221702694892883,3.2815799713134766,-0.25420671701431274,-0.6359454989433289,3.3428456783294678,-0.1569819152355194,-0.6208857297897339,3.2186501026153564,-0.2609294652938843,-0.632305920124054,3.1645443439483643,-0.3964677155017853,1.132089614868164,3.434840440750122,-0.3950720727443695,1.1154848337173462,3.4343714714050293
-0.29970473051071167,0.16233739256858826,3.279906988143921,-0.29284054040908813,-0.02596220374107361,3.2701077461242676,-0.28575363755226135,-0.21430736780166626,3.261404037475586,-0.27866652607917786,-0.4026581645011902,3.252700090408325,-0.2694939076900482,-0.4056808352470398,3.303349256515503,-0.24509403109550476,-0.41102099418640137,3.438774824142456,-0.30370384454727173,-0.15949872136116028,3.3926968574523926,-0.19157792627811432,0.05894342064857483,3.3349008560180664,-0.16915273666381836,0.10263185203075409,3.3233416080474854,-0.12430237233638763,0.19000869989395142,3.3002231121063232,-0.15315382182598114,0.13402722775936127,3.2528533935546875,-0.2877621352672577,-0.40168264508247375,3.201956033706665,-0.31216201186180115,-0.3963424563407898,3.066530466079712,-0.3051658868789673,-0.1391330063343048,3.117678165435791,-0.19626085460186005,0.08661739528179169,3.1460683345794678,-0.17447984218597412,0.13176748156547546,3.1517462730407715,-0.13091783225536346,0.22206763923168182,3.163102388381958,-0.14328807592391968,0.16500744223594666,3.2160303592681885,-0.28318262100219727,0.1576862335205078,3.3808555603027344,-0.2941471338272095,0.62565016746521,3.394303560256958,-0.3521997928619385,1.037359356880188,3.414118766784668,-0.24473747611045837,1.1584322452545166,3.3994059562683105,-0.3162268400192261,0.1669885516166687,3.1789584159851074,-0.29954707622528076,0.6222795248031616,3.2872321605682373,-0.3519124388694763,1.0214654207229614,3.3929474353790283,-0.242631733417511,1.1412420272827148,3.4045462608337402,-0.1535174399614334,-0.5229844450950623,3.2573561668395996,-0.13455891609191895,-0.5718969702720642,3.2569313049316406,-0.15770290791988373,-0.6204969882965088,3.2850403785705566,-0.2632574439048767,-0.6359597444534302,3.334702491760254,-0.15314647555351257,-0.6181857585906982,3.2222962379455566,-0.2503475248813629,-0.6294113397598267,3.1569271087646484,-0.407371461391449,1.1342381238937378,3.425628185272217,-0.4057944715023041,1.1146018505096436,3.4243195056915283
-0.30347588658332825,0.1633380651473999,3.271726369857788,-0.2963522672653198,-0.024939343333244324,3.263190269470215,-0.2890961468219757,-0.21326307952404022,3.2558753490448,-0.2818398177623749,-0.4015924334526062,3.2485601902008057,-0.2769436240196228,-0.40442025661468506,3.299790859222412,-0.2639648914337158,-0.40924200415611267,3.436800956726074,-0.2932519018650055,-0.15540555119514465,3.377502918243408,-0.15684324502944946,0.04935899376869202,3.322005033493042,-0.12956151366233826,0.09031189978122711,3.3109054565429688,-0.07499805092811584,0.1722177267074585,3.2887063026428223,-0.1050960123538971,0.1172015517950058,3.2409963607788086,-0.2866571545600891,-0.4008115828037262,3.1972501277923584,-0.2996358871459961,-0.3959898352622986,3.0602400302886963,-0.2938375473022461,-0.1399109661579132,3.116781234741211,-0.18408283591270447,0.08336256444454193,3.158238410949707,-0.1621318906545639,0.12801727652549744,3.166529893875122,-0.11823000013828278,0.21732668578624725,3.183112859725952,-0.13576772809028625,0.15956029295921326,3.233752489089966,-0.2957409620285034,0.15900830924510956,3.373680830001831,-0.30610427260398865,0.6273000240325928,3.39023756980896,-0.3633820712566376,1.0395591259002686,3.408539295196533,-0.25427764654159546,1.1601697206497192,3.4041547775268555,-0.3112108111381531,0.16766782104969025,3.169771909713745,-0.2992974519729614,0.6224722862243652,3.2824201583862305,-0.35927289724349976,1.021458625793457,3.3862762451171875,-0.2508848011493683,1.1407759189605713,3.40830659866333,-0.15789274871349335,-0.5223402380943298,3.262955904006958,-0.13909240067005157,-0.5712983012199402,3.263716459274292,-0.1647137999534607,-0.6200734972953796,3.289226531982422,-0.2742140293121338,-0.6356525421142578,3.3293333053588867,-0.15469655394554138,-0.6171908974647522,3.227156639099121,-0.24583184719085693,-0.6274851560592651,3.153468370437622,-0.4188428223133087,1.136775255203247,3.4161012172698975,-0.4153940677642822,1.1146817207336426,3.4135515689849854
-0.30729299783706665,0.16440880298614502,3.264812707901001,-0.2999846041202545,-0.023846164345741272,3.257643461227417,-0.2926243841648102,-0.21214520931243896,3.2518091201782227,-0.28526392579078674,-0.40044987201690674,3.245974540710449,-0.28384798765182495,-0.403014212846756,3.2974131107330322,-0.2801685333251953,-0.40713509917259216,3.4350521564483643,-0.2860870361328125,-0.15395337343215942,3.3666799068450928,-0.1314755380153656,0.03843744099140167,3.314713716506958,-0.1005532369017601,0.07691560685634613,3.3043205738067627,-0.0387086346745491,0.15387192368507385,3.283534049987793,-0.06963485479354858,0.09961147606372833,3.235485792160034,-0.28659987449645996,-0.39993220567703247,3.194472551345825,-0.2902793288230896,-0.3958113193511963,3.056833505630493,-0.2865951657295227,-0.14072534441947937,3.1178934574127197,-0.17740419507026672,0.08055528998374939,3.1701583862304688,-0.15556600689888,0.12481141090393066,3.1806113719940186,-0.11188961565494537,0.2133236527442932,3.201517343521118,-0.1333373337984085,0.15497034788131714,3.2499337196350098,-0.30673637986183167,0.16053812205791473,3.367017984390259,-0.3178245723247528,0.629129946231842,3.386469602584839,-0.37345486879348755,1.0420348644256592,3.403930187225342,-0.26338332891464233,1.161972165107727,3.4081194400787354,-0.30784961581230164,0.1682794839143753,3.162607431411743,-0.29953697323799133,0.6227823495864868,3.2785284519195557,-0.36460423469543457,1.021914005279541,3.3802649974823,-0.25730299949645996,1.140586256980896,3.4106225967407227,-0.1633920669555664,-0.5220366716384888,3.267866849899292,-0.14500346779823303,-0.5710947513580322,3.2695748805999756,-0.1725674718618393,-0.6198186278343201,3.2929885387420654,-0.28454136848449707,-0.6348918080329895,3.325549840927124,-0.1584015041589737,-0.6166396141052246,3.2317841053009033,-0.24440443515777588,-0.6258847117424011,3.152137279510498,-0.42868882417678833,1.1396907567977905,3.4083540439605713,-0.42206040024757385,1.1154004335403442,3.4040579795837402
-0.31045591831207275,0.16535338759422302,3.259493350982666,-0.3031165599822998,-0.022871658205986023,3.2535979747772217,-0.29578670859336853,-0.21113577485084534,3.249105215072632,-0.28845664858818054,-0.3994055390357971,3.244612216949463,-0.28982070088386536,-0.4017113149166107,3.2960445880889893,-0.2935788333415985,-0.40514490008354187,3.4337925910949707,-0.28529688715934753,-0.15392401814460754,3.358550786972046,-0.12013599276542664,0.03050445020198822,3.3100104331970215,-0.08710381388664246,0.06739014387130737,3.300302267074585,-0.021039456129074097,0.14116153120994568,3.280886173248291,-0.05163286626338959,0.0868440493941307,3.2326605319976807,-0.2870129346847534,-0.39914602041244507,3.1931309700012207,-0.28325480222702026,-0.3957124352455139,3.0553829669952393,-0.28104159235954285,-0.14155688881874084,3.1205127239227295,-0.17209048569202423,0.07753188908100128,3.1819772720336914,-0.1503002643585205,0.12134964764118195,3.194270133972168,-0.10671982169151306,0.20898514986038208,3.2188560962677,-0.13142260909080505,0.15017813444137573,3.2651546001434326,-0.31563371419906616,0.16195568442344666,3.3615262508392334,-0.3268771469593048,0.6308619379997253,3.3833813667297363,-0.37990549206733704,1.044501781463623,3.4005367755889893,-0.26911652088165283,1.163529872894287,3.4116830825805664,-0.30527812242507935,0.1687510907649994,3.1574604511260986,-0.2997436821460724,0.6230961084365845,3.2758545875549316,-0.3683544397354126,1.022530436515808,3.3755991458892822,-0.2622041702270508,1.1405699253082275,3.4125442504882812,-0.16893526911735535,-0.5220254063606262,3.2720797061920166,-0.1510758101940155,-0.571211576461792,3.2745022773742676,-0.18016856908798218,-0.6197558045387268,3.2962779998779297,-0.2936865985393524,-0.6339905261993408,3.3230791091918945,-0.16292284429073334,-0.616466760635376,3.2359182834625244,-0.24482370913028717,-0.6246716380119324,3.152060031890869,-0.43451127409935,1.1427056789398193,3.4025397300720215,-0.4266081154346466,1.1163287162780762,3.3965322971343994
-0.31357258558273315,0.16632956266403198,3.2557942867279053,-0.3061404824256897,-0.021841183304786682,3.2509608268737793,-0.2987680733203888,-0.2100454568862915,3.247549057006836,-0.2913954257965088,-0.3982553482055664,3.2441372871398926,-0.29520183801651,-0.40035906434059143,3.295433282852173,-0.3055146336555481,-0.40325701236724854,3.4330124855041504,-0.2884036600589752,-0.15421147644519806,3.3518385887145996,-0.11693143844604492,0.025392621755599976,3.3065967559814453,-0.0826369971036911,0.0613134428858757,3.297548294067383,-0.014048106968402863,0.13315507769584656,3.279451608657837,-0.0435527041554451,0.07822342216968536,3.2311835289001465,-0.28750887513160706,-0.3981972932815552,3.1928043365478516,-0.27719607949256897,-0.39529934525489807,3.055225133895874,-0.2763691842556,-0.14196017384529114,3.1239583492279053,-0.16768145561218262,0.07494482398033142,3.1935741901397705,-0.14594390988349915,0.11832582205533981,3.2074973583221436,-0.1024688184261322,0.205087810754776,3.2353436946868896,-0.13000985980033875,0.1459358185529709,3.2796196937561035,-0.3237819969654083,0.16331641376018524,3.357400417327881,-0.3349597156047821,0.6325397491455078,3.381505012512207,-0.38501277565956116,1.0469250679016113,3.398805856704712,-0.2737171947956085,1.1649309396743774,3.416189432144165,-0.303363174200058,0.16934271156787872,3.1541881561279297,-0.3001558482646942,0.6236240863800049,3.2745823860168457,-0.37066012620925903,1.0235904455184937,3.372438430786133,-0.26548391580581665,1.1407805681228638,3.4150846004486084,-0.17418964207172394,-0.5218987464904785,3.276015281677246,-0.15686233341693878,-0.5712133049964905,3.278984308242798,-0.18720881640911102,-0.6195565462112427,3.299354076385498,-0.3017808198928833,-0.6329178810119629,3.3214046955108643,-0.16748149693012238,-0.6162106394767761,3.239800453186035,-0.24588678777217865,-0.6234378218650818,3.1526691913604736,-0.43879565596580505,1.1457182168960571,3.398778200149536,-0.4292202889919281,1.1178492307662964,3.3908417224884033
-0.3164900839328766,0.1670546531677246,3.2541637420654297,-0.3089311122894287,-0.021043717861175537,3.2500433921813965,-0.3014620244503021,-0.20917139947414398,3.2473416328430176,-0.2939927279949188,-0.3973047137260437,3.2446396350860596,-0.2999788820743561,-0.3993000388145447,3.295708417892456,-0.3161684274673462,-0.401913583278656,3.4329323768615723,-0.29338109493255615,-0.15481407940387726,3.346784830093384,-0.11804373562335968,0.02208647131919861,3.3048765659332275,-0.08297626674175262,0.05746658146381378,3.296494960784912,-0.012841321527957916,0.12822680175304413,3.2797317504882812,-0.04086805135011673,0.07244841754436493,3.231466770172119,-0.2879253625869751,-0.3973541855812073,3.1935417652130127,-0.271735817193985,-0.39474064111709595,3.0563178062438965,-0.27264824509620667,-0.14201807975769043,3.127937078475952,-0.16469702124595642,0.07307693362236023,3.2045788764953613,-0.14310677349567413,0.11609593033790588,3.219907283782959,-0.09992629289627075,0.2021339237689972,3.2505640983581543,-0.129849374294281,0.14271637797355652,3.292994976043701,-0.3311491906642914,0.16425292193889618,3.3551747798919678,-0.3407108187675476,0.6337807178497314,3.382110118865967,-0.3853118121623993,1.0491089820861816,3.4007232189178467,-0.27302613854408264,1.1653649806976318,3.423929214477539,-0.3018309772014618,0.16985638439655304,3.1531527042388916,-0.30043697357177734,0.6242561340332031,3.274775981903076,-0.3717098534107208,1.0249755382537842,3.370574474334717,-0.26738300919532776,1.141238808631897,3.4181227684020996,-0.17888489365577698,-0.5219137668609619,3.2798972129821777,-0.16203831136226654,-0.5713520646095276,3.2832329273223877,-0.19339972734451294,-0.6195315718650818,3.3023526668548584,-0.30870556831359863,-0.6321150660514832,3.320467948913574,-0.17165972292423248,-0.6160920858383179,3.243532419204712,-0.24710890650749207,-0.6223698258399963,3.153810739517212,-0.4376073479652405,1.1487996578216553,3.3991923332214355,-0.4302430748939514,1.119794249534607,3.386657953262329
-0.3190438747406006,0.16762259602546692,3.2539122104644775,-0.31125766038894653,-0.02039356529712677,3.250277042388916,-0.3035929501056671,-0.20843632519245148,3.248021125793457,-0.2959280014038086,-0.39648473262786865,3.245765209197998,-0.3038947284221649,-0.3984423577785492,3.2965409755706787,-0.32545149326324463,-0.4009610712528229,3.43325138092041,-0.29864025115966797,-0.15552465617656708,3.3430283069610596,-0.12080171704292297,0.019917935132980347,3.3045780658721924,-0.08523400872945786,0.05500645190477371,3.2968881130218506,-0.014098592102527618,0.12518349289894104,3.281507968902588,-0.040483586490154266,0.06852512806653976,3.2332496643066406,-0.28787797689437866,-0.39657095074653625,3.19496488571167,-0.26632124185562134,-0.3940522372722626,3.0582544803619385,-0.26973095536231995,-0.14177992939949036,3.1320457458496094,-0.16327375173568726,0.07206200063228607,3.2146506309509277,-0.1419823169708252,0.1148303896188736,3.2311716079711914,-0.09939943253993988,0.20036716759204865,3.2642135620117188,-0.1312004029750824,0.14069528877735138,3.30499529838562,-0.33766886591911316,0.1649119108915329,3.354219675064087,-0.34564724564552307,0.634732186794281,3.3838064670562744,-0.3850342035293579,1.050889253616333,3.4040234088897705,-0.2719898521900177,1.1654192209243774,3.432549476623535,-0.300418883562088,0.17033328115940094,3.153604745864868,-0.30036288499832153,0.6250079870223999,3.2758381366729736,-0.37173783779144287,1.0266132354736328,3.369462728500366,-0.2682001292705536,1.1419678926467896,3.4212615489959717,-0.1825883388519287,-0.5219188332557678,3.2836687564849854,-0.16613087058067322,-0.5714670419692993,3.2872519493103027,-0.1982935518026352,-0.6195386648178101,3.305267333984375,-0.3141253590583801,-0.6315146088600159,3.3200881481170654,-0.17489495873451233,-0.6159733533859253,3.2470991611480713,-0.2478293776512146,-0.6214128732681274,3.155278205871582,-0.43584465980529785,1.151431679725647,3.4012537002563477,-0.4300420582294464,1.1220301389694214,3.3834047317504883
-0.3230413794517517,0.1679804027080536,3.252272605895996,-0.31487226486206055,-0.019931331276893616,3.2494113445281982,-0.30691200494766235,-0.20786744356155396,3.2478649616241455,-0.29895150661468506,-0.3958091735839844,3.2463185787200928,-0.3111315071582794,-0.39775896072387695,3.2962234020233154,-0.3442264795303345,-0.4002727270126343,3.431365489959717,-0.30681926012039185,-0.15785817801952362,3.3345134258270264,-0.12317760288715363,0.014439791440963745,3.304732322692871,-0.0864492729306221,0.04889938607811928,3.298776149749756,-0.012992613017559052,0.11781857907772064,3.2868635654449463,-0.03620395064353943,0.059557199478149414,3.238466262817383,-0.2866850197315216,-0.3959020972251892,3.196396827697754,-0.25359004735946655,-0.3933883309364319,3.0612547397613525,-0.2680860161781311,-0.14058062434196472,3.1348929405212402,-0.16963523626327515,0.07442280650138855,3.226428270339966,-0.14994508028030396,0.11742348968982697,3.2447352409362793,-0.11056476831436157,0.203424870967865,3.2813494205474854,-0.1449882537126541,0.14313414692878723,3.319500684738159,-0.3499707877635956,0.1653125286102295,3.350597620010376,-0.35564684867858887,0.635859489440918,3.3837943077087402,-0.38872507214546204,1.0533206462860107,3.405543327331543,-0.27607083320617676,1.1655069589614868,3.4447734355926514,-0.29611197113990784,0.17064827680587769,3.153947591781616,-0.2998512089252472,0.6259766817092896,3.2772793769836426,-0.3734871745109558,1.0291815996170044,3.365849018096924,-0.27288809418678284,1.1432467699050903,3.42655086517334,-0.18785430490970612,-0.5218889713287354,3.2899467945098877,-0.17162653803825378,-0.5715816020965576,3.2941296100616455,-0.20488181710243225,-0.6198537945747375,3.3099136352539062,-0.3216320872306824,-0.6318521499633789,3.3178694248199463,-0.17806628346443176,-0.6158772110939026,3.2531211376190186,-0.24565473198890686,-0.6205850839614868,3.1569571495056152,-0.4373025596141815,1.1550788879394531,3.399716377258301,-0.431565523147583,1.1255614757537842,3.375138282775879
-0.3233945071697235,0.1669410765171051,3.2572343349456787,-0.3152797818183899,-0.020945623517036438,3.254275321960449,-0.3073633909225464,-0.20885589718818665,3.2525217533111572,-0.2994467616081238,-0.3967718183994293,3.2507681846618652,-0.31201624870300293,-0.3987891674041748,3.3005661964416504,-0.3462631106376648,-0.40149402618408203,3.4358091354370117,-0.30850040912628174,-0.1594110131263733,3.3371121883392334,-0.12424986064434052,0.012903645634651184,3.307668924331665,-0.08739975094795227,0.04736657813191414,3.3017802238464355,-0.013699531555175781,0.11629244685173035,3.2900028228759766,-0.03651261329650879,0.057570889592170715,3.2417609691619873,-0.28679120540618896,-0.396796852350235,3.200950860977173,-0.2525443434715271,-0.39409199357032776,3.0657079219818115,-0.27341365814208984,-0.14018747210502625,3.1354808807373047,-0.17906543612480164,0.0780828595161438,3.224722146987915,-0.16019579768180847,0.12173692882061005,3.242570400238037,-0.12245650589466095,0.20904506742954254,3.2782669067382812,-0.15610183775424957,0.14859461784362793,3.3171212673187256,-0.35092800855636597,0.16420654952526093,3.3553576469421387,-0.3529239892959595,0.6352466940879822,3.3873720169067383,-0.38402488827705383,1.0532796382904053,3.407515048980713,-0.2709605097770691,1.1651121377944946,3.447124719619751,-0.29586100578308105,0.16967560350894928,3.1591110229492188,-0.2982757091522217,0.62576824426651,3.281100273132324,-0.37117114663124084,1.0298540592193604,3.367849588394165,-0.2705056667327881,1.1438775062561035,3.428875207901001,-0.1879274994134903,-0.5231026411056519,3.293313980102539,-0.17168036103248596,-0.5728631615638733,3.2973086833953857,-0.20485973358154297,-0.6211773157119751,3.3133697509765625,-0.3216648995876312,-0.6331133246421814,3.3223893642425537,-0.17853283882141113,-0.6171645522117615,3.2562777996063232,-0.2470720112323761,-0.6217437982559204,3.1606290340423584,-0.4320799708366394,1.1553465127944946,3.4010262489318848,-0.4290247857570648,1.1265414953231812,3.3764243125915527
-0.32187703251838684,0.16684609651565552,3.2626047134399414,-0.3141886591911316,-0.021043196320533752,3.2593295574188232,-0.3066891133785248,-0.2089553028345108,3.257089138031006,-0.29918935894966125,-0.39687299728393555,3.2548487186431885,-0.3116409182548523,-0.39898696541786194,3.3046696186065674,-0.3456750214099884,-0.4019639790058136,3.4404349327087402,-0.3061233162879944,-0.1600014567375183,3.3408610820770264,-0.11994758248329163,0.010792449116706848,3.3106908798217773,-0.08271243423223495,0.04495123028755188,3.304656744003296,-0.008242137730121613,0.11326879262924194,3.292588710784912,-0.03173831105232239,0.054559431970119476,3.244422674179077,-0.28665629029273987,-0.39680153131484985,3.205003499984741,-0.25262218713760376,-0.3938245177268982,3.0692381858825684,-0.27905991673469543,-0.13893765211105347,3.1352601051330566,-0.188032865524292,0.08265428245067596,3.2210114002227783,-0.16982746124267578,0.12697267532348633,3.238161563873291,-0.13341663777828217,0.21560946106910706,3.2724621295928955,-0.16582727432250977,0.15502220392227173,3.312431812286377,-0.3489973843097687,0.16402439773082733,3.3608155250549316,-0.34821659326553345,0.6354845762252808,3.3906142711639404,-0.380936861038208,1.053768515586853,3.4077742099761963,-0.2681161165237427,1.1664056777954102,3.446168899536133,-0.294756680727005,0.1696677953004837,3.164393901824951,-0.29671192169189453,0.6264493465423584,3.284851551055908,-0.3704603314399719,1.0309444665908813,3.370124340057373,-0.2698565721511841,1.1455622911453247,3.4303858280181885,-0.184414342045784,-0.5208842158317566,3.2955684661865234,-0.1670171469449997,-0.5702903270721436,3.299142360687256,-0.19893532991409302,-0.6194125413894653,3.3153231143951416,-0.3153476119041443,-0.6340012550354004,3.3255441188812256,-0.17332634329795837,-0.6145439743995667,3.257967233657837,-0.24278882145881653,-0.6202069520950317,3.1630356311798096,-0.42945054173469543,1.1556507349014282,3.400696039199829,-0.428577721118927,1.1275702714920044,3.3784613609313965
-0.317709743976593,0.16573041677474976,3.2686686515808105,-0.31082165241241455,-0.022181198000907898,3.265302896499634,-0.30414411425590515,-0.21011485159397125,3.2628746032714844,-0.29746636748313904,-0.3980541229248047,3.260446071624756,-0.30940595269203186,-0.4001465439796448,3.3103911876678467,-0.3421522080898285,-0.4030751883983612,3.4469943046569824,-0.30078697204589844,-0.1612355262041092,3.346465587615967,-0.11243811249732971,0.007528454065322876,3.3141696453094482,-0.07476834207773209,0.04128125309944153,3.3077104091644287,0.0005711987614631653,0.10878685116767883,3.2947921752929688,-0.02418256551027298,0.05020637810230255,3.2468385696411133,-0.2854542136192322,-0.398004412651062,3.210474729537964,-0.25270795822143555,-0.3950757682323456,3.073871612548828,-0.28389227390289307,-0.1391967535018921,3.135976552963257,-0.19529244303703308,0.08556428551673889,3.217414617538452,-0.17757247388362885,0.13051649928092957,3.2337021827697754,-0.14213253557682037,0.22042091190814972,3.266277313232422,-0.17321142554283142,0.15985223650932312,3.3076233863830566,-0.3436321020126343,0.16301558911800385,3.3671882152557373,-0.3416440188884735,0.6348845362663269,3.393214464187622,-0.37939444184303284,1.0530749559402466,3.4058289527893066,-0.267513632774353,1.1675899028778076,3.441610336303711,-0.29178738594055176,0.16844524443149567,3.170149087905884,-0.2949008345603943,0.6259208917617798,3.288673162460327,-0.3714595437049866,1.0303468704223633,3.372612714767456,-0.27121999859809875,1.146254062652588,3.431169033050537,-0.18178269267082214,-0.5221865773200989,3.2982470989227295,-0.16428039968013763,-0.5716039538383484,3.301236629486084,-0.1958346962928772,-0.6208332180976868,3.3178391456604004,-0.31202447414398193,-0.6355600357055664,3.3303654193878174,-0.17139966785907745,-0.6156786680221558,3.259986400604248,-0.24279186129570007,-0.6209555864334106,3.166449546813965,-0.42927151918411255,1.1543000936508179,3.398106575012207,-0.4303922951221466,1.126519799232483,3.3810737133026123
-0.3119915723800659,0.16524508595466614,3.2751853466033936,-0.30609533190727234,-0.022688716650009155,3.27199125289917,-0.3004186451435089,-0.21064184606075287,3.2696495056152344,-0.29474177956581116,-0.39860057830810547,3.267307758331299,-0.3056965172290802,-0.4005790948867798,3.3174784183502197,-0.33585548400878906,-0.4032064974308014,3.4552481174468994,-0.2937648892402649,-0.16156071424484253,3.3531641960144043,-0.1037672758102417,0.005277663469314575,3.316748857498169,-0.06576775014400482,0.038645338267087936,3.3094658851623535,0.010231293737888336,0.10538068413734436,3.2948997020721436,-0.01618729531764984,0.04688279703259468,3.247471332550049,-0.2837253510951996,-0.39866501092910767,3.217111587524414,-0.2535663843154907,-0.39603760838508606,3.0793418884277344,-0.2901318371295929,-0.13937705755233765,3.1374261379241943,-0.204416424036026,0.08898942172527313,3.2133328914642334,-0.18727333843708038,0.1346627175807953,3.2285141944885254,-0.15298718214035034,0.2260093092918396,3.2588768005371094,-0.18206708133220673,0.16544947028160095,3.3019611835479736,-0.3357124328613281,0.16281704604625702,3.374258041381836,-0.3339627981185913,0.6350916624069214,3.3951876163482666,-0.37893056869506836,1.0528290271759033,3.402512550354004,-0.2683418393135071,1.1698546409606934,3.4341928958892822,-0.2882707118988037,0.16767312586307526,3.176112651824951,-0.29276907444000244,0.6262264251708984,3.290973663330078,-0.3725498616695404,1.03058922290802,3.372864007949829,-0.2725019156932831,1.1482864618301392,3.4282376766204834,-0.17962616682052612,-0.5243552923202515,3.301410675048828,-0.16270919144153595,-0.574015736579895,3.30381178855896,-0.19440604746341705,-0.6228437423706055,3.321333169937134,-0.3103599548339844,-0.6360178589820862,3.337421178817749,-0.17169329524040222,-0.6179389357566833,3.262752056121826,-0.24600715935230255,-0.6221208572387695,3.1714413166046143,-0.4307827353477478,1.1530662775039673,3.3943941593170166,-0.43249279260635376,1.1261444091796875,3.3817028999328613
-0.3060058057308197,0.164579838514328,3.2854721546173096,-0.3007429838180542,-0.023355960845947266,3.2826242446899414,-0.2956363260746002,-0.21130448579788208,3.280400037765503,-0.2905295193195343,-0.39925864338874817,3.2781755924224854,-0.29977014660835266,-0.401129812002182,3.328688144683838,-0.3253234326839447,-0.4034726321697235,3.4679861068725586,-0.2853854298591614,-0.1614685356616974,3.364423990249634,-0.09546126425266266,0.004227116703987122,3.319568634033203,-0.057476431131362915,0.03736624866724014,3.3105976581573486,0.018493235111236572,0.10364451259374619,3.2926554679870605,-0.010622091591358185,0.045354779809713364,3.246274948120117,-0.28123337030410767,-0.3994303047657013,3.2276391983032227,-0.2556800842285156,-0.3970874845981598,3.088341236114502,-0.29783880710601807,-0.1403510570526123,3.144867420196533,-0.21510276198387146,0.09125848114490509,3.215930938720703,-0.19855555891990662,0.13758039474487305,3.2301435470581055,-0.16546115279197693,0.23022420704364777,3.2585690021514893,-0.191793292760849,0.1693316102027893,3.303237199783325,-0.3260197043418884,0.1625056117773056,3.3853671550750732,-0.3249877393245697,0.6352302432060242,3.3980352878570557,-0.37709781527519226,1.05233895778656,3.3985331058502197,-0.2674935758113861,1.1719067096710205,3.423762083053589,-0.285991907119751,0.1666540652513504,3.185577154159546,-0.29038888216018677,0.6270395517349243,3.2935400009155273,-0.3709079325199127,1.0320504903793335,3.3721415996551514,-0.26995837688446045,1.1515183448791504,3.4219679832458496,-0.17573323845863342,-0.5268155336380005,3.3064584732055664,-0.15948233008384705,-0.5767486691474915,3.3080475330352783,-0.19099582731723785,-0.6250844597816467,3.3272531032562256,-0.30619195103645325,-0.6364473700523376,3.349335193634033,-0.17126108705997467,-0.6205615997314453,3.2675507068634033,-0.2502768337726593,-0.6236326098442078,3.180178165435791,-0.43100258708000183,1.1515192985534668,3.390289306640625,-0.4313974678516388,1.127231478691101,3.3817334175109863
-0.3001076281070709,0.16376835107803345,3.296121597290039,-0.2953196167945862,-0.02415904402732849,3.2933130264282227,-0.29065489768981934,-0.21209606528282166,3.290982484817505,-0.28599002957344055,-0.4000387191772461,3.288651943206787,-0.2929666340351105,-0.4018648564815521,3.339522123336792,-0.3123507797718048,-0.40409281849861145,3.4803860187530518,-0.2745768427848816,-0.16387565433979034,3.370988607406616,-0.08409605920314789,-0.0031744390726089478,3.310762643814087,-0.04599990323185921,0.02896580472588539,3.298717498779297,0.030192408710718155,0.09324629604816437,3.274627208709717,-0.0035427436232566833,0.0351007878780365,3.2310750484466553,-0.27896276116371155,-0.4002552926540375,3.2377562522888184,-0.2595786154270172,-0.39802733063697815,3.0968923568725586,-0.3068387508392334,-0.14154809713363647,3.1524243354797363,-0.2278081476688385,0.09355884790420532,3.2173385620117188,-0.21200202405452728,0.14058023691177368,3.2303214073181152,-0.18038979172706604,0.2346230149269104,3.256287097930908,-0.20300856232643127,0.17346392571926117,3.302802562713623,-0.3152715265750885,0.16187646985054016,3.396864414215088,-0.31619757413864136,0.6348540186882019,3.4016311168670654,-0.37556570768356323,1.0510618686676025,3.3969533443450928,-0.2669755220413208,1.172932505607605,3.4146721363067627,-0.28494372963905334,0.16566023230552673,3.1953787803649902,-0.28885921835899353,0.6275749206542969,3.2971179485321045,-0.36887767910957336,1.0330904722213745,3.3741214275360107,-0.26660847663879395,1.1540402173995972,3.417369842529297,-0.171471506357193,-0.529240071773529,3.310011625289917,-0.15588243305683136,-0.5794170498847961,3.310746431350708,-0.1868126392364502,-0.6272351741790771,3.332120895385742,-0.30053776502609253,-0.6368217468261719,3.361589193344116,-0.17087885737419128,-0.6231762170791626,3.271244764328003,-0.25539207458496094,-0.6253213882446289,3.1891071796417236,-0.43155181407928467,1.1491742134094238,3.3894877433776855,-0.4296402335166931,1.1279457807540894,3.385373115539551
-0.29502755403518677,0.16403383016586304,3.3069355487823486,-0.29083073139190674,-0.02388039231300354,3.303586483001709,-0.2867288589477539,-0.21180211007595062,3.300555467605591,-0.2826268672943115,-0.399729460477829,3.2975244522094727,-0.28683987259864807,-0.4016686677932739,3.3486883640289307,-0.29861214756965637,-0.4042201638221741,3.4909472465515137,-0.26408252120018005,-0.1652931272983551,3.3768105506896973,-0.07513180375099182,-0.0075231194496154785,3.3037877082824707,-0.037341658025979996,0.024030882865190506,3.2891831398010254,0.038238633424043655,0.08713889122009277,3.2599740028381348,0.001232542097568512,0.028932541608810425,3.2190234661102295,-0.2783692479133606,-0.3998327851295471,3.2463274002075195,-0.2665969729423523,-0.397281289100647,3.1040682792663574,-0.31801748275756836,-0.14130333065986633,3.1600759029388428,-0.2427411526441574,0.09698034822940826,3.21907114982605,-0.22768588364124298,0.1446370780467987,3.230870246887207,-0.19757534563541412,0.23995055258274078,3.2544684410095215,-0.21597078442573547,0.17850226163864136,3.302635669708252,-0.30429884791374207,0.16201888024806976,3.408378839492798,-0.3073720335960388,0.6350091099739075,3.4066200256347656,-0.37419378757476807,1.050045371055603,3.3991408348083496,-0.266912043094635,1.1739723682403564,3.4086854457855225,-0.28575626015663147,0.1660487800836563,3.2054922580718994,-0.2888789772987366,0.6291100382804871,3.301912784576416,-0.3673136532306671,1.0349384546279907,3.3789029121398926,-0.2636040151119232,1.1570874452590942,3.4147121906280518,-0.1685086041688919,-0.530335545539856,3.311148166656494,-0.15354971587657928,-0.5807117223739624,3.3110103607177734,-0.18344342708587646,-0.6280266642570496,3.334845781326294,-0.2948261499404907,-0.6359879374504089,3.3726015090942383,-0.1719551980495453,-0.6244457960128784,3.2729439735412598,-0.26227617263793945,-0.6258422136306763,3.1972131729125977,-0.4322282671928406,1.1470818519592285,3.3934662342071533,-0.4280284345149994,1.1294982433319092,3.392629861831665
-0.2913227379322052,0.16485849022865295,3.317537307739258,-0.28766512870788574,-0.023039355874061584,3.3133060932159424,-0.2840738594532013,-0.21094107627868652,3.3091909885406494,-0.2804824709892273,-0.39884841442108154,3.3050756454467773,-0.2814178466796875,-0.4010121822357178,3.3563926219940186,-0.28408145904541016,-0.40419942140579224,3.499601125717163,-0.25624027848243713,-0.16617801785469055,3.3812897205352783,-0.07255382835865021,-0.008943244814872742,3.2942566871643066,-0.03581653907895088,0.02250371128320694,3.2768499851226807,0.03765803948044777,0.0853976234793663,3.242036819458008,-0.0020493492484092712,0.026809431612491608,3.20414137840271,-0.2795080542564392,-0.3987269699573517,3.253714084625244,-0.27684444189071655,-0.3955397307872772,3.1105055809020996,-0.3322778642177582,-0.14047947525978088,3.1679368019104004,-0.2608642876148224,0.10067018866539001,3.2207114696502686,-0.246581569314003,0.1489001214504242,3.231266498565674,-0.2180161327123642,0.24535998702049255,3.2523763179779053,-0.23155784606933594,0.1837363839149475,3.3020198345184326,-0.2936421036720276,0.1625203788280487,3.419360876083374,-0.29825201630592346,0.6354796886444092,3.411332130432129,-0.37201258540153503,1.0493565797805786,3.402604579925537,-0.266300231218338,1.1750081777572632,3.4030814170837402,-0.2890033721923828,0.1671966016292572,3.2157137393951416,-0.2904752194881439,0.6312841773033142,3.3073477745056152,-0.3658857047557831,1.0375216007232666,3.385420322418213,-0.26068824529647827,1.1606035232543945,3.4127700328826904,-0.1669081151485443,-0.5305576920509338,3.3095662593841553,-0.15250781178474426,-0.5810823440551758,3.3083629608154297,-0.18075725436210632,-0.6280238032341003,3.3348004817962646,-0.288650244474411,-0.6347519159317017,3.3817989826202393,-0.1744713932275772,-0.6247398853302002,3.2721400260925293,-0.27084028720855713,-0.6254473328590393,3.20426082611084,-0.43183690309524536,1.145431637763977,3.399536371231079,-0.4260883331298828,1.1319067478179932,3.4023280143737793
-0.2859867811203003,0.16859695315361023,3.334245443344116,-0.2836581766605377,-0.0192500501871109,3.3280253410339355,-0.2813994288444519,-0.20709596574306488,3.321747064590454,-0.2791405916213989,-0.39494749903678894,3.3154685497283936,-0.2737738788127899,-0.3976101875305176,3.3664846420288086,-0.25875723361968994,-0.40221476554870605,3.509655475616455,-0.2453790009021759,-0.1578478217124939,3.4020538330078125,-0.08207428455352783,0.014725282788276672,3.303920030593872,-0.04941334202885628,0.049239903688430786,3.2842931747436523,0.01590854302048683,0.11826914548873901,3.245039701461792,-0.024832554161548615,0.05947745963931084,3.2085278034210205,-0.28448277711868286,-0.39432650804519653,3.2643842697143555,-0.29949942231178284,-0.38972193002700806,3.121213436126709,-0.3632260262966156,-0.1369251310825348,3.1804163455963135,-0.29788675904273987,0.10837963223457336,3.220869779586792,-0.2848189175128937,0.15744058787822723,3.2289605140686035,-0.2586832046508789,0.2555624842643738,3.2451419830322266,-0.26373612880706787,0.1944756805896759,3.2970290184020996,-0.2751581072807312,0.1653793305158615,3.4354724884033203,-0.28175729513168335,0.6382561326026917,3.4181113243103027,-0.3671227693557739,1.0501075983047485,3.4113941192626953,-0.26560327410697937,1.1783089637756348,3.3957834243774414,-0.2968154549598694,0.17181457579135895,3.233018398284912,-0.2957882583141327,0.6378718018531799,3.3151586055755615,-0.36432376503944397,1.045328140258789,3.3941287994384766,-0.2576003074645996,1.1697293519973755,3.4050796031951904,-0.16834615170955658,-0.5285153985023499,3.303919792175293,-0.1551000475883484,-0.5792770981788635,3.301135540008545,-0.1796073019504547,-0.6254374384880066,3.3322315216064453,-0.27892813086509705,-0.6298147439956665,3.3955025672912598,-0.18310442566871643,-0.6229002475738525,3.2693374156951904,-0.28883665800094604,-0.6226259469985962,3.2173023223876953,-0.42941775918006897,1.1446576118469238,3.414358615875244,-0.42274343967437744,1.1396797895431519,3.416801929473877
-0.28463560342788696,0.17230862379074097,3.3411688804626465,-0.2832884192466736,-0.015481993556022644,3.333369731903076,-0.28202202916145325,-0.20327156782150269,3.3255321979522705,-0.28075557947158813,-0.3910667896270752,3.3176944255828857,-0.2703484892845154,-0.3941143751144409,3.36790132522583,-0.24111278355121613,-0.39981257915496826,3.5091559886932373,-0.23426690697669983,-0.14974430203437805,3.4148616790771484,-0.08393730223178864,0.03210003674030304,3.3128130435943604,-0.05387137830257416,0.06846890598535538,3.292403221130371,0.006260465830564499,0.14120665192604065,3.2515838146209717,-0.0368293933570385,0.0838734433054924,3.2154507637023926,-0.29114893078804016,-0.3900602459907532,3.267402410507202,-0.3203846216201782,-0.38436204195022583,3.126147747039795,-0.38772255182266235,-0.13353851437568665,3.1895952224731445,-0.3258615732192993,0.11378973722457886,3.2224924564361572,-0.3134893774986267,0.16325539350509644,3.229071855545044,-0.2887449860572815,0.2621867060661316,3.2422306537628174,-0.28744885325431824,0.201442152261734,3.294746160507202,-0.26345205307006836,0.16832664608955383,3.440706491470337,-0.27106136083602905,0.6411659121513367,3.4210829734802246,-0.35950350761413574,1.0524824857711792,3.4213733673095703,-0.2610263228416443,1.1812595129013062,3.3946950435638428,-0.30581915378570557,0.1762906014919281,3.241631269454956,-0.302621990442276,0.6429694890975952,3.3205013275146484,-0.3645588755607605,1.0508321523666382,3.4030561447143555,-0.2578648626804352,1.1757643222808838,3.401892900466919,-0.17262756824493408,-0.5252947807312012,3.2946314811706543,-0.16001981496810913,-0.5761390924453735,3.2907471656799316,-0.18103347718715668,-0.6219370365142822,3.3247807025909424,-0.27250564098358154,-0.6253243088722229,3.398972988128662,-0.19166001677513123,-0.6198281645774841,3.2626850605010986,-0.3026141822338104,-0.6193491220474243,3.2230355739593506,-0.42180997133255005,1.1466623544692993,3.4303629398345947,-0.4207691550254822,1.1451423168182373,3.430962085723877
-0.2831345796585083,0.17566439509391785,3.3473663330078125,-0.28282758593559265,-0.012094661593437195,3.338902235031128,-0.2826283574104309,-0.19985070824623108,3.3303678035736084,-0.28242912888526917,-0.38761240243911743,3.3218331336975098,-0.26751908659935,-0.3908483386039734,3.370877504348755,-0.22551362216472626,-0.3970906436443329,3.509188413619995,-0.21742336452007294,-0.14274072647094727,3.427122116088867,-0.07185104489326477,0.04152101278305054,3.3224477767944336,-0.04273658245801926,0.07837335765361786,3.3015129566192627,0.01549234613776207,0.1520780622959137,3.259643077850342,-0.03183671459555626,0.0976485162973404,3.2243049144744873,-0.29733702540397644,-0.3864171504974365,3.2726962566375732,-0.33934247493743896,-0.380174845457077,3.134385347366333,-0.4110488295555115,-0.13166172802448273,3.2021615505218506,-0.3550657331943512,0.11782926321029663,3.2290046215057373,-0.3438691198825836,0.16772747039794922,3.2343733310699463,-0.32147589325904846,0.2675238847732544,3.245110511779785,-0.3140341341495514,0.2072145938873291,3.2976348400115967,-0.2527233362197876,0.17133726179599762,3.4444580078125,-0.26249682903289795,0.64407879114151,3.422499895095825,-0.3519967496395111,1.055159330368042,3.4287760257720947,-0.2569296956062317,1.1840815544128418,3.3921775817871094,-0.313545823097229,0.17999152839183807,3.250274658203125,-0.3098292648792267,0.6472221612930298,3.326063632965088,-0.36537232995033264,1.055619716644287,3.4106998443603516,-0.2598017156124115,1.180917501449585,3.398313045501709,-0.1779039353132248,-0.5226131677627563,3.2888717651367188,-0.16600105166435242,-0.5735539197921753,3.2841567993164062,-0.1835707128047943,-0.6189430952072144,3.320598602294922,-0.2668444514274597,-0.621199905872345,3.403916597366333,-0.20058390498161316,-0.6173030734062195,3.259930372238159,-0.3150485157966614,-0.6165531873703003,3.2320234775543213,-0.4135190546512604,1.149212121963501,3.4430675506591797,-0.4190768897533417,1.1499862670898438,3.4430408477783203
-0.2821112871170044,0.1784723997116089,3.3540732860565186,-0.28291329741477966,-0.009261935949325562,3.3455827236175537,-0.2838866710662842,-0.19698739051818848,3.3369154930114746,-0.2848600745201111,-0.38471847772598267,3.3282480239868164,-0.26595860719680786,-0.3880382180213928,3.3758842945098877,-0.21254242956638336,-0.394535094499588,3.51060152053833,-0.1946665495634079,-0.13675475120544434,3.4416141510009766,-0.043916165828704834,0.04343804717063904,3.337029457092285,-0.013766087591648102,0.07947660982608795,3.316112518310547,0.04653406888246536,0.15155372023582458,3.2742786407470703,-0.006362944841384888,0.10215972363948822,3.2393970489501953,-0.30377212166786194,-0.3834390640258789,3.280517339706421,-0.35718828439712524,-0.3769421875476837,3.1458001136779785,-0.43346482515335083,-0.13093456625938416,3.217853307723999,-0.38201943039894104,0.12019294500350952,3.2383811473846436,-0.37173035740852356,0.17041845619678497,3.2424867153167725,-0.3511522114276886,0.2708694636821747,3.2506978511810303,-0.33829545974731445,0.21128840744495392,3.303037166595459,-0.2435237318277359,0.1740504503250122,3.4482009410858154,-0.25638487935066223,0.6466177701950073,3.423551321029663,-0.34485572576522827,1.057870626449585,3.4338033199310303,-0.25320500135421753,1.1863622665405273,3.3880667686462402,-0.3206988573074341,0.18289434909820557,3.2599456310272217,-0.3171084523200989,0.650698184967041,3.3323299884796143,-0.36596405506134033,1.0599684715270996,3.417017936706543,-0.2621272802352905,1.1852538585662842,3.3941421508789062,-0.1846812516450882,-0.5207099318504333,3.286926746368408,-0.17357203364372253,-0.5717697143554688,3.281604290008545,-0.18791168928146362,-0.6167104244232178,3.319965124130249,-0.2630144953727722,-0.6176584362983704,3.4107401371002197,-0.2105306088924408,-0.6155005097389221,3.261146306991577,-0.3271014094352722,-0.6142303347587585,3.244086742401123,-0.40489625930786133,1.152124285697937,3.4524662494659424,-0.41686153411865234,1.1546300649642944,3.4528725147247314
-0.27950039505958557,0.1801866888999939,3.361527681350708,-0.28142163157463074,-0.007542282342910767,3.353166341781616,-0.2836449444293976,-0.19525232911109924,3.3444623947143555,-0.2858683168888092,-0.382968008518219,3.3357582092285156,-0.2634395956993103,-0.38639241456985474,3.3818304538726807,-0.19981202483177185,-0.39320945739746094,3.5125951766967773,-0.16037042438983917,-0.1343335211277008,3.457920551300049,0.007651522755622864,0.03136312961578369,3.355567693710327,0.04125590994954109,0.06450246274471283,3.335097074508667,0.10846468806266785,0.1307811141014099,3.294156074523926,0.04872720688581467,0.08992417901754379,3.259232759475708,-0.3083212077617645,-0.3815838098526001,3.2895915508270264,-0.371948778629303,-0.3747667670249939,3.1588268280029297,-0.4525221586227417,-0.13136592507362366,3.2351529598236084,-0.4070342779159546,0.12131598591804504,3.2508225440979004,-0.39793670177459717,0.17185236513614655,3.2539565563201904,-0.3797415494918823,0.27292513847351074,3.2602243423461914,-0.3618204891681671,0.21412111818790436,3.3119776248931885,-0.23368780314922333,0.17567308247089386,3.4523417949676514,-0.24957914650440216,0.6479753255844116,3.4243814945220947,-0.3371782600879669,1.0593514442443848,3.4372546672821045,-0.24941876530647278,1.1873383522033691,3.3832108974456787,-0.3253129720687866,0.18470029532909393,3.2707135677337646,-0.32279103994369507,0.6530110239982605,3.3398685455322266,-0.36585506796836853,1.0631853342056274,3.423367977142334,-0.26448938250541687,1.1883695125579834,3.3908560276031494,-0.19061487913131714,-0.5202623605728149,3.2876384258270264,-0.1804174780845642,-0.5714713335037231,3.2819254398345947,-0.1919041872024536,-0.6159203052520752,3.3217923641204834,-0.2592223286628723,-0.6153299808502197,3.418487787246704,-0.21931563317775726,-0.6150473356246948,3.265040397644043,-0.3368881046772003,-0.6128565669059753,3.257690668106079,-0.3956311345100403,1.1538145542144775,3.4595603942871094,-0.4139983057975769,1.1581820249557495,3.462038516998291
-0.27573418617248535,0.1811572015285492,3.3693430423736572,-0.27870985865592957,-0.006550207734107971,3.361133337020874,-0.2821381092071533,-0.19422657787799835,3.3524069786071777,-0.2855664789676666,-0.3819085657596588,3.3436803817749023,-0.26013654470443726,-0.3854633569717407,3.3881516456604004,-0.18763330578804016,-0.3926851451396942,3.5149857997894287,-0.11570845544338226,-0.13792899250984192,3.4762799739837646,0.07795149087905884,0.0006671696901321411,3.379020929336548,0.1166834831237793,0.028386402875185013,3.3595690727233887,0.19414746761322021,0.08382487297058105,3.3206653594970703,0.12811264395713806,0.05540180206298828,3.2847495079040527,-0.3110336661338806,-0.3803936839103699,3.299114227294922,-0.3835369050502777,-0.3731718957424164,3.1722800731658936,-0.46854960918426514,-0.13245894014835358,3.252293348312378,-0.4308820068836212,0.12171728909015656,3.2644572257995605,-0.42334848642349243,0.17255254089832306,3.266890048980713,-0.40828144550323486,0.2742230296134949,3.2717556953430176,-0.38554078340530396,0.21634851396083832,3.3226656913757324,-0.22377939522266388,0.17650994658470154,3.4567670822143555,-0.2432134449481964,0.6484405994415283,3.4250760078430176,-0.33114367723464966,1.059686303138733,3.439647912979126,-0.24773621559143066,1.1873313188552856,3.3783888816833496,-0.32768896222114563,0.18580445647239685,3.281919002532959,-0.32732531428337097,0.6546300053596497,3.3475162982940674,-0.36578670144081116,1.0658214092254639,3.4281978607177734,-0.2673441767692566,1.190772294998169,3.3869779109954834,-0.1951322853565216,-0.5205218195915222,3.2902708053588867,-0.18579170107841492,-0.5718778967857361,3.284367799758911,-0.19475728273391724,-0.6158398985862732,3.325413465499878,-0.25496912002563477,-0.6137136220932007,3.426680088043213,-0.22616176307201385,-0.6152694821357727,3.2707583904266357,-0.34394845366477966,-0.612097442150116,3.2718241214752197,-0.3882562518119812,1.1542198657989502,3.4649248123168945,-0.41142135858535767,1.1612348556518555,3.468831777572632
-0.27070167660713196,0.18174514174461365,3.3771471977233887,-0.2744605243206024,-0.005934759974479675,3.3689961433410645,-0.27882120013237,-0.19357115030288696,3.36017107963562,-0.2831819951534271,-0.38121312856674194,3.3513457775115967,-0.255231112241745,-0.3849036395549774,3.3942606449127197,-0.17505022883415222,-0.39255860447883606,3.5174009799957275,-0.0659748762845993,-0.14931222796440125,3.494114875793457,0.15232229232788086,-0.04896915704011917,3.402007818222046,0.1959817260503769,-0.028900543227791786,3.3835864067077637,0.28330057859420776,0.011236684396862984,3.346743583679199,0.21324625611305237,-0.0023038387298583984,3.3097198009490967,-0.3111802935600281,-0.379562109708786,3.308335065841675,-0.39136117696762085,-0.37190714478492737,3.185194730758667,-0.4804846942424774,-0.13358864188194275,3.268078565597534,-0.45119160413742065,0.1218591034412384,3.2777953147888184,-0.44533297419548035,0.1729486584663391,3.279738664627075,-0.4336157441139221,0.2751277685165405,3.283625364303589,-0.40655577182769775,0.21828800439834595,3.3336124420166016,-0.2135978639125824,0.17694762349128723,3.4612765312194824,-0.2373201698064804,0.6483806371688843,3.4255998134613037,-0.3270527720451355,1.0591778755187988,3.441357135772705,-0.24834251403808594,1.1867066621780396,3.3739633560180664,-0.3278054893016815,0.18654265999794006,3.293017864227295,-0.33068257570266724,0.6558308601379395,3.3550262451171875,-0.3657798767089844,1.0680745840072632,3.4316935539245605,-0.27050507068634033,1.1926690340042114,3.3827061653137207,-0.1973835676908493,-0.5210366249084473,3.2934935092926025,-0.18885472416877747,-0.5725268721580505,3.2874224185943604,-0.19561767578125,-0.6161178350448608,3.329298734664917,-0.24940690398216248,-0.6127216219902039,3.4341158866882324,-0.23036330938339233,-0.6156695485115051,3.2766854763031006,-0.347852885723114,-0.6114515066146851,3.2850449085235596,-0.38320040702819824,1.1536006927490234,3.469074249267578,-0.40923723578453064,1.1639577150344849,3.473578453063965
-0.265868216753006,0.18146789073944092,3.384456157684326,-0.2703295648097992,-0.006194785237312317,3.3763463497161865,-0.2755032479763031,-0.19380471110343933,3.3674750328063965,-0.28067708015441895,-0.38142022490501404,3.3586034774780273,-0.2505776882171631,-0.38523173332214355,3.4000275135040283,-0.16363157331943512,-0.3932889401912689,3.519713878631592,-0.01933218538761139,-0.1677941530942917,3.511367082595825,0.21576812863349915,-0.10968175530433655,3.423740863800049,0.26278820633888245,-0.0980592742562294,3.4062156677246094,0.35682833194732666,-0.0748143121600151,3.3711652755737305,0.28587254881858826,-0.07317127287387848,3.333268642425537,-0.3108327388763428,-0.3796479105949402,3.3170828819274902,-0.39777886867523193,-0.3715907037258148,3.1973965167999268,-0.4902417063713074,-0.13498105108737946,3.2822868824005127,-0.46939507126808167,0.12159503996372223,3.2901413440704346,-0.4652257561683655,0.17291025817394257,3.2917122840881348,-0.4568870961666107,0.27554070949554443,3.294854164123535,-0.425863653421402,0.2198164314031601,3.3439042568206787,-0.2043907642364502,0.1765071451663971,3.4654290676116943,-0.2329636812210083,0.647370457649231,3.426579713821411,-0.3257907032966614,1.0573549270629883,3.444286584854126,-0.25204962491989136,1.1851173639297485,3.371938943862915,-0.32734566926956177,0.18642863631248474,3.303483247756958,-0.3333449959754944,0.6561164855957031,3.3617522716522217,-0.36549112200737,1.069442629814148,3.433486223220825,-0.2733292579650879,1.1933987140655518,3.377484083175659,-0.19957084953784943,-0.5226302146911621,3.297198534011841,-0.19191217422485352,-0.5742762088775635,3.2910637855529785,-0.1968245804309845,-0.6175148487091064,3.3336021900177,-0.24478724598884583,-0.612796425819397,3.4412248134613037,-0.23440782725811005,-0.6170700192451477,3.28293776512146,-0.3512731194496155,-0.6115360260009766,3.297675609588623,-0.38131338357925415,1.1514289379119873,3.4743049144744873,-0.40692710876464844,1.1658992767333984,3.476064920425415
-0.26232948899269104,0.181184321641922,3.3916237354278564,-0.26745283603668213,-0.006475314497947693,3.383514404296875,-0.27333730459213257,-0.19407783448696136,3.374636650085449,-0.27922195196151733,-0.3816859722137451,3.3657586574554443,-0.2471761405467987,-0.3856036067008972,3.4056906700134277,-0.153874471783638,-0.3940330743789673,3.521977424621582,0.017649352550506592,-0.1877281665802002,3.5276997089385986,0.26021677255630493,-0.1652422398328781,3.4426276683807373,0.30873024463653564,-0.1607450544834137,3.4256131649017334,0.40575721859931946,-0.15175068378448486,3.3915843963623047,0.33617734909057617,-0.13720661401748657,3.353564739227295,-0.31133171916007996,-0.37980738282203674,3.325730323791504,-0.40463340282440186,-0.3713779151439667,3.2094435691833496,-0.5003829002380371,-0.13597574830055237,3.29565691947937,-0.4885803461074829,0.12170577049255371,3.302194356918335,-0.4862198233604431,0.17324207723140717,3.303501844406128,-0.4814988076686859,0.2763146758079529,3.306116819381714,-0.44664323329925537,0.22182023525238037,3.3542191982269287,-0.19691836833953857,0.1760353446006775,3.469451665878296,-0.22890692949295044,0.6463634967803955,3.4281809329986572,-0.32452887296676636,1.0554510354995728,3.449162483215332,-0.25568026304244995,1.183586835861206,3.3728480339050293,-0.3277406096458435,0.1863332986831665,3.313795804977417,-0.33578720688819885,0.6564103960990906,3.3676273822784424,-0.3647908866405487,1.0708415508270264,3.433520793914795,-0.2756745219230652,1.1937774419784546,3.3708484172821045,-0.20238113403320312,-0.5241900682449341,3.301560878753662,-0.19547039270401,-0.5759861469268799,3.2954745292663574,-0.19866414368152618,-0.6188811659812927,3.3385844230651855,-0.24128156900405884,-0.6128993630409241,3.4484643936157227,-0.23871015012264252,-0.6184898614883423,3.289783000946045,-0.3547452688217163,-0.6117905378341675,3.310194253921509,-0.3793523907661438,1.1491016149520874,3.4815945625305176,-0.40416422486305237,1.1680066585540771,3.4763760566711426
-0.259391188621521,0.18122610449790955,3.3969483375549316,-0.26503312587738037,-0.006430342793464661,3.388460874557495,-0.2714923024177551,-0.19402381777763367,3.379199266433716,-0.2779516875743866,-0.38162291049957275,3.3699374198913574,-0.24412071704864502,-0.3857079744338989,3.4083616733551025,-0.14477413892745972,-0.3947008550167084,3.5212273597717285,0.04660649597644806,-0.20624026656150818,3.5394647121429443,0.291337251663208,-0.2085571587085724,3.4551432132720947,0.3402833938598633,-0.20902054011821747,3.438278913497925,0.4381757080554962,-0.20994730293750763,3.404550313949585,0.3707658052444458,-0.18548449873924255,3.367166757583618,-0.3118528425693512,-0.37957680225372314,3.3314125537872314,-0.4111994206905365,-0.3705839216709137,3.2185468673706055,-0.5096734166145325,-0.1360405832529068,3.306687831878662,-0.5064253807067871,0.1227109283208847,3.3134520053863525,-0.5057757496833801,0.174461230635643,3.314804792404175,-0.5044765472412109,0.2779618501663208,3.3175106048583984,-0.4660779535770416,0.2244589924812317,3.3644471168518066,-0.19037988781929016,0.17577427625656128,3.4716124534606934,-0.22619540989398956,0.6454938650131226,3.4291417598724365,-0.32508155703544617,1.0533361434936523,3.4547345638275146,-0.2613508105278015,1.1821285486221313,3.3753106594085693,-0.32840248942375183,0.1866779327392578,3.32228422164917,-0.33779892325401306,0.6568590402603149,3.3729240894317627,-0.36404913663864136,1.0719764232635498,3.4342212677001953,-0.2781332731246948,1.1939798593521118,3.3657314777374268,-0.20472152531147003,-0.5249624252319336,3.3030343055725098,-0.19836562871932983,-0.5768671035766602,3.296882152557373,-0.19991028308868408,-0.6195935606956482,3.3403220176696777,-0.2376798689365387,-0.6128888726234436,3.452026128768921,-0.24208518862724304,-0.6191818714141846,3.293276309967041,-0.35717546939849854,-0.6117224097251892,3.318730354309082,-0.3792871832847595,1.146352767944336,3.4897401332855225,-0.40143781900405884,1.1696810722351074,3.4774837493896484
-0.25456562638282776,0.18077492713928223,3.431600570678711,-0.2610459625720978,-0.0072031766176223755,3.4218649864196777,-0.2684738337993622,-0.19510337710380554,3.411334753036499,-0.2759019136428833,-0.3830092251300812,3.400804281234741,-0.2382763922214508,-0.38747477531433105,3.4356396198272705,-0.12458048015832901,-0.39787179231643677,3.540964126586914,0.09714462608098984,-0.24356621503829956,3.5905799865722656,0.34810078144073486,-0.2667880058288574,3.511683225631714,0.39829200506210327,-0.27143236994743347,3.495903968811035,0.4986744523048401,-0.2807210683822632,3.4643452167510986,0.43560585379600525,-0.2410912662744522,3.4288666248321533,-0.31360816955566406,-0.3805859684944153,3.365854501724243,-0.42730408906936646,-0.37018895149230957,3.2605299949645996,-0.5307167768478394,-0.13397249579429626,3.3550899028778076,-0.5449803471565247,0.1295425295829773,3.365055561065674,-0.5478330850601196,0.18224553763866425,3.367048740386963,-0.5535385012626648,0.28765153884887695,3.371035099029541,-0.507159411907196,0.2355622947216034,3.4151101112365723,-0.1780199110507965,0.17465263605117798,3.4988608360290527,-0.22104361653327942,0.6430584192276001,3.4523093700408936,-0.3238976001739502,1.0490007400512695,3.486410617828369,-0.27120348811149597,1.1783068180084229,3.4002466201782227,-0.331111341714859,0.18689721822738647,3.364340305328369,-0.34288161993026733,0.6575443744659424,3.4064674377441406,-0.3642881214618683,1.0741959810256958,3.4562084674835205,-0.2863870859146118,1.1937835216522217,3.3752689361572266,-0.21085667610168457,-0.5278680324554443,3.327409029006958,-0.20572394132614136,-0.5800427794456482,3.3208065032958984,-0.2036529779434204,-0.6228254437446594,3.364473819732666,-0.23067262768745422,-0.6154407262802124,3.479644536972046,-0.25025609135627747,-0.621969997882843,3.321484327316284,-0.3627147674560547,-0.6130169630050659,3.3578410148620605,-0.3757469654083252,1.141212821006775,3.526499032974243,-0.3973906338214874,1.1732172966003418,3.4997687339782715
-0.25507479906082153,0.17803767323493958,3.4872994422912598,-0.26163622736930847,-0.010222986340522766,3.476541042327881,-0.2691408693790436,-0.1984003782272339,3.464973211288452,-0.2766457498073578,-0.3865833878517151,3.4534051418304443,-0.2375449240207672,-0.3912174701690674,3.486697196960449,-0.11779405176639557,-0.4022662937641144,3.5887439250946045,0.11177483201026917,-0.2592318058013916,3.652122735977173,0.3675827085971832,-0.2747616171836853,3.5767822265625,0.418744295835495,-0.2778675854206085,3.5617141723632812,0.5210674405097961,-0.28407952189445496,3.5315780639648438,0.4581075608730316,-0.24059945344924927,3.4982643127441406,-0.3158281445503235,-0.3839946389198303,3.419987440109253,-0.43557900190353394,-0.3729458153247833,3.3179407119750977,-0.5402622222900391,-0.1339951604604721,3.413447856903076,-0.5623192191123962,0.13198406994342804,3.4245645999908447,-0.5667306184768677,0.1851799190044403,3.426787853240967,-0.5755534172058105,0.29157161712646484,3.43123459815979,-0.5256560444831848,0.24026119709014893,3.4741501808166504,-0.17576631903648376,0.17160427570343018,3.5515081882476807,-0.21881338953971863,0.6397190093994141,3.5021612644195557,-0.31968966126441956,1.0460216999053955,3.537815570831299,-0.2704095244407654,1.1746934652328491,3.448732852935791,-0.3343832790851593,0.18447107076644897,3.423090696334839,-0.34664228558540344,0.6557189226150513,3.457655906677246,-0.3662245571613312,1.0733758211135864,3.498988628387451,-0.2916751801967621,1.19110906124115,3.41237473487854,-0.21495598554611206,-0.532069206237793,3.3774795532226562,-0.21042010188102722,-0.5843797922134399,3.370591402053833,-0.20725372433662415,-0.6273719668388367,3.414175271987915,-0.23053528368473053,-0.620037853717804,3.530428886413574,-0.2553183436393738,-0.6260683536529541,3.372624635696411,-0.3667183518409729,-0.6163442134857178,3.4127020835876465,-0.3697417974472046,1.1385653018951416,3.579394578933716,-0.39760178327560425,1.1733503341674805,3.541637420654297
-0.2541680932044983,0.17692983150482178,3.5074610710144043,-0.2606404721736908,-0.011527985334396362,3.495084047317505,-0.26810890436172485,-0.19989070296287537,3.4818499088287354,-0.275577574968338,-0.38825905323028564,3.4686152935028076,-0.23521532118320465,-0.3931271731853485,3.5004611015319824,-0.1102876216173172,-0.40501439571380615,3.5991523265838623,0.12460833787918091,-0.2703826427459717,3.6728084087371826,0.384396493434906,-0.2750198543071747,3.6001710891723633,0.4363541305065155,-0.27594730257987976,3.5856435298919678,0.5402693748474121,-0.2778021991252899,3.556588649749756,0.47655123472213745,-0.23176883161067963,3.526175022125244,-0.31602099537849426,-0.38543829321861267,3.4366257190704346,-0.4409486949443817,-0.37355107069015503,3.3379344940185547,-0.5430243015289307,-0.1336444467306137,3.4416282176971436,-0.5696118474006653,0.1339273601770401,3.4636731147766113,-0.5749293565750122,0.18744172155857086,3.4680821895599365,-0.585564374923706,0.2944704592227936,3.476900100708008,-0.5328904390335083,0.24202466011047363,3.5166361331939697,-0.17248573899269104,0.17009109258651733,3.568876266479492,-0.21548856794834137,0.6380890607833862,3.518653631210327,-0.313329815864563,1.0449903011322021,3.5556271076202393,-0.26677054166793823,1.1729488372802734,3.464104413986206,-0.33585044741630554,0.18376857042312622,3.4460458755493164,-0.3505673408508301,0.6553764343261719,3.47367000579834,-0.3715982437133789,1.0735152959823608,3.5086863040924072,-0.3009417951107025,1.1902318000793457,3.4175684452056885,-0.21605509519577026,-0.5332979559898376,3.389512300491333,-0.21174302697181702,-0.5856295228004456,3.382004737854004,-0.20736899971961975,-0.629094123840332,3.425153970718384,-0.2273874431848526,-0.6228140592575073,3.542271375656128,-0.25666648149490356,-0.6273849010467529,3.384925365447998,-0.3670637011528015,-0.6179712414741516,3.4282901287078857,-0.3614633083343506,1.1379711627960205,3.598459243774414,-0.4021607041358948,1.1739894151687622,3.5507309436798096
-0.25235867500305176,0.17754119634628296,3.50753116607666,-0.25874319672584534,-0.010970234870910645,3.4931039810180664,-0.26614460349082947,-0.19937863945960999,3.4778409004211426,-0.2735462486743927,-0.387792706489563,3.4625773429870605,-0.23199649155139923,-0.3929141163825989,3.4929070472717285,-0.10247540473937988,-0.4056748151779175,3.587618827819824,0.13603636622428894,-0.274881511926651,3.664240598678589,0.39688536524772644,-0.2672150433063507,3.588482141494751,0.44905516505241394,-0.26568174362182617,3.5733304023742676,0.5533947944641113,-0.2626151740550995,3.54302716255188,0.48780298233032227,-0.21548403799533844,3.5168893337249756,-0.31517642736434937,-0.3847190737724304,3.432081937789917,-0.4446974992752075,-0.3719583749771118,3.3373701572418213,-0.5421285033226013,-0.13253195583820343,3.4515974521636963,-0.5733839273452759,0.13492007553577423,3.488105535507202,-0.5796350240707397,0.18841049075126648,3.4954071044921875,-0.5921372175216675,0.295391321182251,3.510010242462158,-0.5362364053726196,0.24193096160888672,3.544994831085205,-0.1684701144695282,0.1702149212360382,3.566136121749878,-0.2119298130273819,0.6381632089614868,3.5179409980773926,-0.30631300806999207,1.0454655885696411,3.5572092533111572,-0.2622879147529602,1.1729066371917725,3.46386456489563,-0.3362472355365753,0.1848674714565277,3.4489262104034424,-0.3534228801727295,0.6564406156539917,3.471529722213745,-0.37674853205680847,1.0745419263839722,3.503035068511963,-0.31023794412612915,1.1908243894577026,3.408444404602051,-0.2153511792421341,-0.5315200090408325,3.3798208236694336,-0.21095868945121765,-0.5837656855583191,3.371467351913452,-0.20518256723880768,-0.6278324723243713,3.413914918899536,-0.2220797836780548,-0.6232703924179077,3.531712055206299,-0.2556028962135315,-0.625852644443512,3.3750202655792236,-0.36493736505508423,-0.6176609396934509,3.421510934829712,-0.35244908928871155,1.1387526988983154,3.6014134883880615,-0.4066939353942871,1.1751482486724854,3.545067071914673
-0.25114020705223083,0.17759695649147034,3.5171926021575928,-0.2574286460876465,-0.010926082730293274,3.5007638931274414,-0.2647784948348999,-0.19933338463306427,3.4834706783294678,-0.27212855219841003,-0.38774633407592773,3.466176986694336,-0.2295435070991516,-0.39309436082839966,3.495077610015869,-0.09604813158512115,-0.40663695335388184,3.5858848094940186,0.14492978155612946,-0.2766200304031372,3.662595510482788,0.40610647201538086,-0.2570539116859436,3.5840916633605957,0.4583418071269989,-0.2531406879425049,3.5683908462524414,0.5628124475479126,-0.24531424045562744,3.536989212036133,0.4952407479286194,-0.198201984167099,3.5143845081329346,-0.31479349732398987,-0.38444608449935913,3.4370882511138916,-0.44828885793685913,-0.37090349197387695,3.346281051635742,-0.540743887424469,-0.13255323469638824,3.4707820415496826,-0.5763991475105286,0.1334776133298874,3.522890090942383,-0.5835301876068115,0.186683788895607,3.533311605453491,-0.5977922677993774,0.293096125125885,3.554154872894287,-0.5388643741607666,0.23894283175468445,3.5840110778808594,-0.16537092626094818,0.16985110938549042,3.5732476711273193,-0.20919176936149597,0.6377749443054199,3.527440071105957,-0.2995681166648865,1.0456931591033936,3.5675606727600098,-0.25749096274375916,1.1723467111587524,3.472402572631836,-0.3369094729423523,0.18534280359745026,3.461137533187866,-0.3567151725292206,0.6568266153335571,3.4779317378997803,-0.38279038667678833,1.0748270750045776,3.505690336227417,-0.32024309039115906,1.1905875205993652,3.4079456329345703,-0.2150842845439911,-0.530098021030426,3.380079984664917,-0.2106025367975235,-0.5822325348854065,3.3709118366241455,-0.20358210802078247,-0.6268588900566101,3.4126358032226562,-0.21772879362106323,-0.6239755153656006,3.530921220779419,-0.25494757294654846,-0.6246463656425476,3.3749449253082275,-0.3632642924785614,-0.6177067160606384,3.424130916595459,-0.3437193036079407,1.1394480466842651,3.6126534938812256,-0.412331223487854,1.1755738258361816,3.5475246906280518
-0.25077471137046814,0.17689809203147888,3.540508508682251,-0.25690537691116333,-0.011659115552902222,3.5222084522247314,-0.2641284167766571,-0.20008908212184906,3.5030181407928467,-0.2713516652584076,-0.3885246813297272,3.4838271141052246,-0.22792866826057434,-0.3940458297729492,3.511521339416504,-0.09111949801445007,-0.4082017242908478,3.599024534225464,0.15034927427768707,-0.27477526664733887,3.6746480464935303,0.41158169507980347,-0.24083958566188812,3.59552001953125,0.4638281762599945,-0.23405244946479797,3.5796945095062256,0.5683211088180542,-0.22047817707061768,3.5480432510375977,0.4983654022216797,-0.17482581734657288,3.527893543243408,-0.3148531913757324,-0.3850516080856323,3.4559245109558105,-0.4516623616218567,-0.37089571356773376,3.3684213161468506,-0.5398505926132202,-0.1328372210264206,3.500253438949585,-0.5792394876480103,0.13151668012142181,3.565221071243286,-0.5871172547340393,0.1843874603509903,3.578214645385742,-0.6028727889060974,0.29012900590896606,3.604201555252075,-0.5414095520973206,0.23577472567558289,3.629732608795166,-0.16354481875896454,0.16882048547267914,3.594514846801758,-0.20702190697193146,0.6369299292564392,3.5511631965637207,-0.2928139269351959,1.0458228588104248,3.590681314468384,-0.251804381608963,1.171470046043396,3.493786573410034,-0.33800458908081055,0.18497569859027863,3.486502170562744,-0.3603717088699341,0.6564574241638184,3.4965410232543945,-0.38948071002960205,1.0744364261627197,3.520240306854248,-0.3303758502006531,1.189589500427246,3.4197216033935547,-0.2155890166759491,-0.5297738313674927,3.394922971725464,-0.21113498508930206,-0.5818136930465698,3.3850607872009277,-0.20314563810825348,-0.6269182562828064,3.4261410236358643,-0.21493977308273315,-0.6254372000694275,3.5447757244110107,-0.2552892565727234,-0.6244354248046875,3.3894906044006348,-0.36268001794815063,-0.6184025406837463,3.4409334659576416,-0.3350811302661896,1.1402381658554077,3.6361522674560547,-0.41888532042503357,1.175378441810608,3.5616462230682373
-0.24953825771808624,0.17919814586639404,3.5348613262176514,-0.2554624378681183,-0.00929480791091919,3.514476776123047,-0.2625122368335724,-0.19765476882457733,3.493238687515259,-0.2695622444152832,-0.38602036237716675,3.4719998836517334,-0.22533190250396729,-0.3916938900947571,3.498429536819458,-0.08560213446617126,-0.40637075901031494,3.582216262817383,0.15434713661670685,-0.26429370045661926,3.6503419876098633,0.41163623332977295,-0.21521738171577454,3.5632803440093994,0.4630940556526184,-0.20540212094783783,3.545867919921875,0.5660097002983093,-0.18577159941196442,3.5110433101654053,0.49301978945732117,-0.1429402232170105,3.494499683380127,-0.3138692378997803,-0.38239413499832153,3.4453396797180176,-0.4535990059375763,-0.36771726608276367,3.3615529537200928,-0.5356501936912537,-0.13005958497524261,3.500077724456787,-0.5755019783973694,0.13215281069278717,3.5765132904052734,-0.5834723114967346,0.1845952868461609,3.5918004512786865,-0.5994130373001099,0.2894802689552307,3.6223745346069336,-0.5362711548805237,0.23475533723831177,3.6436824798583984,-0.1607981026172638,0.17081624269485474,3.586577892303467,-0.205987811088562,0.6389898061752319,3.548128366470337,-0.2888166904449463,1.0482016801834106,3.5887610912323,-0.24962680041790009,1.173380732536316,3.4906327724456787,-0.3382784128189087,0.18758004903793335,3.483144760131836,-0.3633778393268585,0.6587786078453064,3.490135908126831,-0.39505735039711,1.076475739479065,3.512305498123169,-0.33957093954086304,1.1914513111114502,3.4096570014953613,-0.21466976404190063,-0.5256178975105286,3.379969358444214,-0.21006187796592712,-0.5774856805801392,3.3692803382873535,-0.2009163498878479,-0.6231076121330261,3.40954852104187,-0.21027246117591858,-0.6233751177787781,3.5284199714660645,-0.2538251578807831,-0.6204845309257507,3.374011516571045,-0.3601807653903961,-0.6159431338310242,3.427732467651367,-0.3294896185398102,1.1428792476654053,3.635014772415161,-0.4241126477718353,1.1773829460144043,3.5539114475250244
-0.2478608638048172,0.1830698549747467,3.5157811641693115,-0.2536099851131439,-0.005284592509269714,3.4934825897216797,-0.2604846656322479,-0.19350795447826385,3.4704089164733887,-0.26735955476760864,-0.3817369341850281,3.4473345279693604,-0.22221454977989197,-0.3874731957912445,3.472196578979492,-0.07953239977359772,-0.4023575186729431,3.5511043071746826,0.15696662664413452,-0.2467227727174759,3.6006245613098145,0.4042080044746399,-0.18662983179092407,3.49276065826416,0.45365628600120544,-0.17461124062538147,3.4711878299713135,0.5525528192520142,-0.15057405829429626,3.42804217338562,0.4763743281364441,-0.11153054982423782,3.416792869567871,-0.31257927417755127,-0.37804651260375977,3.4222218990325928,-0.4552614092826843,-0.36316218972206116,3.3433141708374023,-0.5300425291061401,-0.1268182098865509,3.4887635707855225,-0.5686696767807007,0.1324356496334076,3.57633900642395,-0.5763950943946838,0.18428641557693481,3.5938541889190674,-0.5918459296226501,0.28798794746398926,3.6288843154907227,-0.5273850560188293,0.2330329716205597,3.645583152770996,-0.15738075971603394,0.174529030919075,3.564596652984619,-0.2056025117635727,0.6424891352653503,3.533182144165039,-0.2863959074020386,1.0514007806777954,3.5768542289733887,-0.2500423789024353,1.1765429973602295,3.47784161567688,-0.33834096789360046,0.1916106790304184,3.466965675354004,-0.36557716131210327,0.6622402667999268,3.475019931793213,-0.3986203670501709,1.0793781280517578,3.4984242916107178,-0.34715092182159424,1.1945712566375732,3.394178867340088,-0.2133951187133789,-0.5196366310119629,3.352184772491455,-0.20852850377559662,-0.5713280439376831,3.340733289718628,-0.1978873312473297,-0.6173479557037354,3.380190372467041,-0.204201802611351,-0.6191675066947937,3.4992713928222656,-0.25172096490859985,-0.6148504614830017,3.346038818359375,-0.35673046112060547,-0.6120911836624146,3.4025087356567383,-0.32544487714767456,1.1459906101226807,3.624415874481201,-0.426791250705719,1.1800264120101929,3.5409741401672363
-0.2463758885860443,0.18707317113876343,3.522279977798462,-0.2519657015800476,-0.0010953247547149658,3.497208595275879,-0.2587280571460724,-0.1891309916973114,3.4714391231536865,-0.2654906213283539,-0.3771722912788391,3.445668935775757,-0.21840444207191467,-0.38279831409454346,3.4667587280273438,-0.06957373023033142,-0.39733970165252686,3.5338094234466553,0.16317549347877502,-0.22939635813236237,3.552178382873535,0.39329418540000916,-0.16227902472019196,3.414283514022827,0.439317911863327,-0.1488555520772934,3.386704444885254,0.5313653945922852,-0.12200862169265747,3.3315465450286865,0.45259854197502136,-0.0866733267903328,3.328216314315796,-0.31265029311180115,-0.3735900819301605,3.4242992401123047,-0.4614810049533844,-0.3590486943721771,3.357248544692993,-0.5249803066253662,-0.12244468927383423,3.5079169273376465,-0.5637149214744568,0.13155093789100647,3.610191822052002,-0.5714618563652039,0.1823500692844391,3.6306467056274414,-0.586955726146698,0.2839483320713043,3.6715567111968994,-0.5197778940200806,0.23036867380142212,3.6805152893066406,-0.15217585861682892,0.17872697114944458,3.563918352127075,-0.2061242163181305,0.6463782787322998,3.5453920364379883,-0.28010231256484985,1.0563130378723145,3.5884008407592773,-0.2500130832195282,1.1795234680175781,3.4851651191711426,-0.3405759334564209,0.19541937112808228,3.4806416034698486,-0.3699478805065155,0.6655924320220947,3.4857351779937744,-0.40181925892829895,1.082782506942749,3.5032196044921875,-0.3589552044868469,1.1957645416259766,3.393031120300293,-0.21485614776611328,-0.5129549503326416,3.345745086669922,-0.20982412993907928,-0.5644132494926453,3.3333404064178467,-0.1962018758058548,-0.6107399463653564,3.371506690979004,-0.19565407931804657,-0.6141526699066162,3.490725517272949,-0.25193995237350464,-0.6087203621864319,3.3405182361602783,-0.3535785675048828,-0.6084305047988892,3.4029247760772705,-0.31479141116142273,1.1518877744674683,3.6371490955352783,-0.42673107981681824,1.1841851472854614,3.5457773208618164
-0.2466268539428711,0.1902797520160675,3.508852243423462,-0.2516297698020935,0.0022079646587371826,3.4827606678009033,-0.2576948404312134,-0.1857500821352005,3.4560813903808594,-0.2637600898742676,-0.37371376156806946,3.429401397705078,-0.21584871411323547,-0.3790348172187805,3.448647975921631,-0.06440199911594391,-0.3926163613796234,3.5099024772644043,0.16294817626476288,-0.2163608968257904,3.505605697631836,0.3795238435268402,-0.1524403691291809,3.3458025455474854,0.4228389859199524,-0.13965626060962677,3.3138418197631836,0.5094692707061768,-0.11408805102109909,3.249920606613159,0.4297674298286438,-0.08068917691707611,3.2510406970977783,-0.3117373585700989,-0.3704356551170349,3.409864664077759,-0.46318405866622925,-0.356854110956192,3.3486101627349854,-0.5230235457420349,-0.11864541471004486,3.4984381198883057,-0.5620454549789429,0.13437847793102264,3.603243112564087,-0.5698498487472534,0.1849832534790039,3.624204158782959,-0.5854586362838745,0.2861928343772888,3.666126012802124,-0.5171719789505005,0.23360274732112885,3.6724772453308105,-0.15086877346038818,0.18243388831615448,3.5470454692840576,-0.20825009047985077,0.6496728658676147,3.5372838973999023,-0.27980050444602966,1.0597865581512451,3.5803864002227783,-0.2529166638851166,1.1822750568389893,3.4755659103393555,-0.342384934425354,0.19812561571598053,3.470659017562866,-0.3694375455379486,0.6681584715843201,3.4767727851867676,-0.3978723883628845,1.0854041576385498,3.4931442737579346,-0.3583967089653015,1.1974551677703857,3.3808956146240234,-0.21392841637134552,-0.5083327889442444,3.3275883197784424,-0.20854781568050385,-0.5596517324447632,3.3148107528686523,-0.19337010383605957,-0.6059607863426208,3.352383852005005,-0.1897640824317932,-0.6099125742912292,3.471505641937256,-0.24988257884979248,-0.6045270562171936,3.322828531265259,-0.34988272190093994,-0.605850338935852,3.387765407562256,-0.3126119375228882,1.1556615829467773,3.6296939849853516,-0.4205092191696167,1.1871356964111328,3.536017656326294
-0.2438897341489792,0.19223925471305847,3.489985466003418,-0.24832643568515778,0.004219949245452881,3.4634010791778564,-0.2537883222103119,-0.18369930982589722,3.436305284500122,-0.25925037264823914,-0.371624231338501,3.4092087745666504,-0.2106046825647354,-0.3765922784805298,3.426622152328491,-0.05689162015914917,-0.389055997133255,3.4820775985717773,0.16163264214992523,-0.20411071181297302,3.453479051589966,0.36018896102905273,-0.14519061148166656,3.2700822353363037,0.3999002277851105,-0.1334065943956375,3.233402967453003,0.47932276129722595,-0.10983855277299881,3.1600441932678223,0.3991014063358307,-0.07839171588420868,3.1667537689208984,-0.30795541405677795,-0.3686986565589905,3.39150071144104,-0.4616684913635254,-0.35623493790626526,3.336045265197754,-0.5193377733230591,-0.11671173572540283,3.484633207321167,-0.5594645738601685,0.1354084312915802,3.5911970138549805,-0.5674899220466614,0.18583247065544128,3.6125097274780273,-0.583540678024292,0.28668054938316345,3.655135154724121,-0.5141516327857971,0.23531532287597656,3.65915584564209,-0.14674213528633118,0.18503068387508392,3.5247554779052734,-0.2083134651184082,0.6515156030654907,3.522003650665283,-0.27940237522125244,1.0613975524902344,3.5653839111328125,-0.2563678026199341,1.183333396911621,3.4591803550720215,-0.3410373330116272,0.19944782555103302,3.4552154541015625,-0.36661893129348755,0.6692332029342651,3.4625701904296875,-0.3931270241737366,1.086302399635315,3.479579210281372,-0.357408732175827,1.198068380355835,3.3659539222717285,-0.21131092309951782,-0.5054842233657837,3.3056647777557373,-0.20586274564266205,-0.5566956996917725,3.2926065921783447,-0.18917283415794373,-0.6029301285743713,3.329571485519409,-0.18198946118354797,-0.6071247458457947,3.448458194732666,-0.24652013182640076,-0.6019319295883179,3.301729917526245,-0.3444734811782837,-0.6042964458465576,3.3695740699768066,-0.31077685952186584,1.1573796272277832,3.6152451038360596,-0.41386914253234863,1.1880701780319214,3.5231239795684814
-0.24041040241718292,0.19376587867736816,3.4695658683776855,-0.24429923295974731,0.00575314462184906,3.4427833557128906,-0.24924631416797638,-0.18216903507709503,3.415543794631958,-0.2541935443878174,-0.3700968325138092,3.388303518295288,-0.20489177107810974,-0.3746965825557709,3.403883934020996,-0.04927739500999451,-0.385985404253006,3.4535021781921387,0.1572151482105255,-0.19318601489067078,3.3994460105895996,0.3358534276485443,-0.14250966906547546,3.194478988647461,0.3715810775756836,-0.13237440586090088,3.1534855365753174,0.44303637742996216,-0.11210386455059052,3.0714988708496094,0.362699031829834,-0.08261518180370331,3.083409547805786,-0.3035491108894348,-0.367539644241333,3.372426748275757,-0.45916348695755005,-0.3562508225440979,3.3228085041046143,-0.51475590467453,-0.11547872424125671,3.470019578933716,-0.5554895401000977,0.1359890103340149,3.5777037143707275,-0.5636362433433533,0.18628256022930145,3.59924054145813,-0.5799297094345093,0.2868696451187134,3.6423141956329346,-0.5096561312675476,0.23663219809532166,3.6441471576690674,-0.14202642440795898,0.1872674971818924,3.500899076461792,-0.20975905656814575,0.6524531245231628,3.5040488243103027,-0.28287801146507263,1.0615813732147217,3.5474228858947754,-0.2644161880016327,1.182973861694336,3.4399445056915283,-0.33879438042640686,0.20026426017284393,3.438232660293579,-0.36363810300827026,0.6696091890335083,3.4478957653045654,-0.3889683783054352,1.0862880945205688,3.466620683670044,-0.3571940064430237,1.1981301307678223,3.3521203994750977,-0.20878130197525024,-0.5031408667564392,3.2829031944274902,-0.20341086387634277,-0.5542161464691162,3.2695133686065674,-0.18521633744239807,-0.6003988981246948,3.305716037750244,-0.17412854731082916,-0.6049157381057739,3.424163341522217,-0.24338769912719727,-0.5997204184532166,3.2797963619232178,-0.3389473855495453,-0.6029933094978333,3.3507237434387207,-0.31340494751930237,1.157493233680725,3.5977070331573486,-0.4080032706260681,1.187900424003601,3.511029005050659
-0.23844154179096222,0.19638541340827942,3.4501423835754395,-0.24191099405288696,0.008352398872375488,3.423290252685547,-0.24636399745941162,-0.17960603535175323,3.3960635662078857,-0.25081712007522583,-0.36757010221481323,3.368835926055908,-0.20094197988510132,-0.3717910647392273,3.3826146125793457,-0.04381078481674194,-0.3818662166595459,3.426468849182129,0.14798420667648315,-0.18258661031723022,3.347944498062134,0.30735504627227783,-0.14038203656673431,3.126027822494507,0.3392292261123657,-0.13194112479686737,3.0816445350646973,0.4029775559902191,-0.11505929380655289,2.992877960205078,0.3226373791694641,-0.08790185302495956,3.0092251300811768,-0.30074068903923035,-0.3653920292854309,3.3547616004943848,-0.4578718841075897,-0.3553168773651123,3.3109073638916016,-0.5111982822418213,-0.11345511674880981,3.4569311141967773,-0.5518490672111511,0.13759049773216248,3.5653328895568848,-0.5599792003631592,0.1877996176481247,3.5870132446289062,-0.5762395262718201,0.28821784257888794,3.630373954772949,-0.5053085684776306,0.238942950963974,3.630080461502075,-0.13898766040802002,0.19056273996829987,3.4780659675598145,-0.2114391177892685,0.6543034315109253,3.487494468688965,-0.28588613867759705,1.0625278949737549,3.5316364765167236,-0.27180182933807373,1.1834535598754883,3.423309803009033,-0.3378954231739044,0.20220808684825897,3.4222187995910645,-0.36191174387931824,0.6708784103393555,3.435060739517212,-0.3858853280544281,1.0869730710983276,3.4557642936706543,-0.3579511046409607,1.1989344358444214,3.3406972885131836,-0.20811721682548523,-0.4998270869255066,3.2617552280426025,-0.20286737382411957,-0.5507538318634033,3.2480647563934326,-0.18321019411087036,-0.5968456268310547,3.283456325531006,-0.16819529235363007,-0.6016049385070801,3.4012837409973145,-0.24212512373924255,-0.5964828729629517,3.2595150470733643,-0.33512091636657715,-0.6005771160125732,3.3334503173828125,-0.31539657711982727,1.1582942008972168,3.5824594497680664,-0.40318793058395386,1.188350796699524,3.501021146774292
-0.23698046803474426,0.19704467058181763,3.4323854446411133,-0.24007153511047363,0.008974030613899231,3.4055898189544678,-0.24407553672790527,-0.1790352761745453,3.378486394882202,-0.24807965755462646,-0.3670502305030823,3.351382255554199,-0.19772660732269287,-0.37090522050857544,3.3634464740753174,-0.03946147859096527,-0.37980663776397705,3.4018125534057617,0.13595815002918243,-0.17514215409755707,3.3022000789642334,0.27807435393333435,-0.1382133811712265,3.068124771118164,0.30649760365486145,-0.1308276206254959,3.0213098526000977,0.36334407329559326,-0.11605611443519592,2.9276797771453857,0.2829991579055786,-0.09185704588890076,2.947953939437866,-0.2984762191772461,-0.36523866653442383,3.3390231132507324,-0.4567413330078125,-0.3563372492790222,3.300657033920288,-0.5079078674316406,-0.11334076523780823,3.445283889770508,-0.5481444001197815,0.1376519799232483,3.553614854812622,-0.5561916828155518,0.18785053491592407,3.5752811431884766,-0.5722863078117371,0.28824764490127563,3.6186134815216064,-0.5008692741394043,0.23980458080768585,3.6164169311523438,-0.13662634789943695,0.19188128411769867,3.4570491313934326,-0.2123485952615738,0.6541992425918579,3.4725563526153564,-0.28729987144470215,1.0615966320037842,3.517382860183716,-0.2771851420402527,1.1819798946380615,3.4083895683288574,-0.3373345732688904,0.20220805704593658,3.407721757888794,-0.3604445159435272,0.6701104640960693,3.4233906269073486,-0.38297039270401,1.0855754613876343,3.4453279972076416,-0.3586614727973938,1.1974588632583618,3.3297202587127686,-0.20824001729488373,-0.4987182021141052,3.2430176734924316,-0.20319658517837524,-0.549506664276123,3.2291202545166016,-0.18225516378879547,-0.5954651832580566,3.263741970062256,-0.16353879868984222,-0.6002978682518005,3.380810022354126,-0.24178653955459595,-0.5953495502471924,3.2417149543762207,-0.33221104741096497,-0.5999702215194702,3.3184006214141846,-0.3156552016735077,1.1572680473327637,3.5686559677124023,-0.39858198165893555,1.1867692470550537,3.4911763668060303
-0.23716247081756592,0.19719198346138,3.417228937149048,-0.24001486599445343,0.00906282663345337,3.3906826972961426,-0.24371737241744995,-0.17901697754859924,3.3638930320739746,-0.24741998314857483,-0.3671024441719055,3.3371024131774902,-0.196691632270813,-0.3706415891647339,3.347614049911499,-0.037688836455345154,-0.37852779030799866,3.381004571914673,0.12396791577339172,-0.17176085710525513,3.2644100189208984,0.2533826231956482,-0.13907530903816223,3.022665023803711,0.27926555275917053,-0.13253819942474365,2.974316120147705,0.3310314416885376,-0.1194639801979065,2.8776180744171143,0.25078538060188293,-0.0977555587887764,2.9006834030151367,-0.29818859696388245,-0.3656075596809387,3.3262996673583984,-0.4571914076805115,-0.35772135853767395,3.2929091453552246,-0.5061523914337158,-0.11347222328186035,3.4358248710632324,-0.5455930829048157,0.13779327273368835,3.5433759689331055,-0.5534812211990356,0.18804636597633362,3.5648860931396484,-0.5692574977874756,0.28855258226394653,3.6079065799713135,-0.49754029512405396,0.24075506627559662,3.6040666103363037,-0.13607573509216309,0.1926036924123764,3.4388837814331055,-0.21350696682929993,0.6536240577697754,3.4604110717773438,-0.2880362272262573,1.0603137016296387,3.506072759628296,-0.2813352346420288,1.1801949739456177,3.396658182144165,-0.33824920654296875,0.2017802745103836,3.3955740928649902,-0.3602988123893738,0.6688597202301025,3.4142658710479736,-0.3812190592288971,1.083687424659729,3.4369897842407227,-0.36016973853111267,1.1953880786895752,3.3209385871887207,-0.21009157598018646,-0.498607873916626,3.2282376289367676,-0.20524029433727264,-0.5493046641349792,3.2143568992614746,-0.18324245512485504,-0.5950037240982056,3.248436689376831,-0.1614021360874176,-0.5994710922241211,3.36472487449646,-0.24322091042995453,-0.5951658487319946,3.2280666828155518,-0.33134108781814575,-0.5999306440353394,3.3070099353790283,-0.31511297821998596,1.155916452407837,3.557764768600464,-0.3952089250087738,1.184729814529419,3.483248233795166
-0.2384476512670517,0.19691359996795654,3.404848575592041,-0.24117612838745117,0.008709877729415894,3.378706455230713,-0.24469275772571564,-0.17945460975170135,3.352376937866211,-0.24820949137210846,-0.36762475967407227,3.3260464668273926,-0.19719524681568146,-0.3709009289741516,3.335192918777466,-0.037805795669555664,-0.37793949246406555,3.364205837249756,0.11416822671890259,-0.17175406217575073,3.234821319580078,0.23530948162078857,-0.1416199952363968,2.988746166229248,0.2595377266407013,-0.13559317588806152,2.939531087875366,0.3079942464828491,-0.12353955209255219,2.8411011695861816,0.22789254784584045,-0.1036527007818222,2.865983247756958,-0.2992619574069977,-0.36639371514320374,3.3166141510009766,-0.45865142345428467,-0.3593551516532898,3.2876012325286865,-0.505562424659729,-0.11380541324615479,3.42850399017334,-0.5441134572029114,0.1378956139087677,3.5347893238067627,-0.5518236756324768,0.1882358193397522,3.556046485900879,-0.5672441124916077,0.2889162302017212,3.5985605716705322,-0.4953562021255493,0.24163174629211426,3.5933451652526855,-0.13678669929504395,0.1928042620420456,3.4238221645355225,-0.21479791402816772,0.6526573896408081,3.451071262359619,-0.28828638792037964,1.0587778091430664,3.4973766803741455,-0.28442320227622986,1.1781601905822754,3.3876683712005615,-0.34010860323905945,0.2010229378938675,3.3858749866485596,-0.361060231924057,0.6672741770744324,3.4074161052703857,-0.380451500415802,1.0814764499664307,3.430633306503296,-0.3622737526893616,1.1929539442062378,3.314249038696289,-0.21277539432048798,-0.4993162155151367,3.217400074005127,-0.20803388953208923,-0.5499597191810608,3.2037367820739746,-0.18518829345703125,-0.5952773690223694,3.2375221252441406,-0.16091305017471313,-0.5989860892295837,3.3530828952789307,-0.2454509437084198,-0.5957819223403931,3.218479633331299,-0.3316572308540344,-0.6004157066345215,3.299129009246826,-0.31407028436660767,1.1543571949005127,3.5493812561035156,-0.39297449588775635,1.182384729385376,3.4771671295166016
-0.24063096940517426,0.19543471932411194,3.395559310913086,-0.24346892535686493,0.007144033908843994,3.369981527328491,-0.24695712327957153,-0.18111732602119446,3.344268798828125,-0.2504454255104065,-0.3693843185901642,3.3185553550720215,-0.19922694563865662,-0.3724709749221802,3.326573371887207,-0.03976401686668396,-0.3788931965827942,3.3519623279571533,0.10614971816539764,-0.17431271076202393,3.2139670848846436,0.22296985983848572,-0.14400430023670197,2.966135025024414,0.24633389711380005,-0.1379426121711731,2.9165687561035156,0.2930619716644287,-0.12581925094127655,2.8174359798431396,0.21298718452453613,-0.10744872689247131,2.8432586193084717,-0.3017018437385559,-0.36834388971328735,3.31025767326355,-0.46116477251052856,-0.36192166805267334,3.2848687171936035,-0.5062764883041382,-0.1149660050868988,3.423304557800293,-0.5439544320106506,0.13732850551605225,3.5277750492095947,-0.5514900088310242,0.18778741359710693,3.5486690998077393,-0.5665611624717712,0.2887052297592163,3.5904572010040283,-0.49460989236831665,0.2417972832918167,3.5842196941375732,-0.13855192065238953,0.1916205883026123,3.412310838699341,-0.21652093529701233,0.6504970788955688,3.444317579269409,-0.28876760601997375,1.056246042251587,3.490527629852295,-0.287115216255188,1.1750434637069702,3.3804707527160645,-0.342710018157959,0.19924885034561157,3.378807783126831,-0.3601683974266052,0.6648937463760376,3.402073621749878,-0.3759903013706207,1.0786935091018677,3.4245805740356445,-0.35960549116134644,1.1895848512649536,3.3076930046081543,-0.21618184447288513,-0.5014296770095825,3.2106528282165527,-0.21146763861179352,-0.5520317554473877,3.197329521179199,-0.188039630651474,-0.5969080924987793,3.231034994125366,-0.16216954588890076,-0.5996692180633545,3.345977783203125,-0.2484167218208313,-0.5977592468261719,3.212904214859009,-0.3332379162311554,-0.6020808219909668,3.294607639312744,-0.31340062618255615,1.151896595954895,3.542616605758667,-0.38672587275505066,1.1796629428863525,3.47104549407959
-0.24312657117843628,0.1942019760608673,3.389270067214966,-0.2461608201265335,0.0057889968156814575,3.3645753860473633,-0.2497931569814682,-0.1825999915599823,3.339778423309326,-0.25342559814453125,-0.3709946274757385,3.3149807453155518,-0.20206186175346375,-0.3739607334136963,3.322075366973877,-0.042794615030288696,-0.37998098134994507,3.344482898712158,0.09884577989578247,-0.17758189141750336,3.1998584270477295,0.21301811933517456,-0.14668098092079163,2.951320171356201,0.23585258424282074,-0.14050079882144928,2.9016125202178955,0.2815215289592743,-0.1281404346227646,2.802197217941284,0.2014772593975067,-0.11099109798669815,2.828524589538574,-0.30482882261276245,-0.37007617950439453,3.307616949081421,-0.4640960693359375,-0.36405593156814575,3.2852094173431396,-0.5077022910118103,-0.1155996173620224,3.42052960395813,-0.5446374416351318,0.1373431235551834,3.522594451904297,-0.5520244836807251,0.18793167173862457,3.5430073738098145,-0.5667985677719116,0.2891087532043457,3.5838334560394287,-0.49486589431762695,0.2425038069486618,3.5769057273864746,-0.14073631167411804,0.19060057401657104,3.4041669368743896,-0.2184843271970749,0.6486411690711975,3.4398632049560547,-0.2896074056625366,1.0541443824768066,3.485255479812622,-0.2897522747516632,1.172253966331482,3.374748706817627,-0.3455168306827545,0.19780337810516357,3.374373197555542,-0.3594948947429657,0.6629296541213989,3.398505210876465,-0.37200427055358887,1.0763425827026367,3.4205284118652344,-0.35704028606414795,1.1867811679840088,3.3033061027526855,-0.21963085234165192,-0.5036373138427734,3.2083961963653564,-0.21484588086605072,-0.5542205572128296,3.1955718994140625,-0.1910349577665329,-0.598555862903595,3.229440689086914,-0.16428616642951965,-0.6000698804855347,3.3438920974731445,-0.25139766931533813,-0.5998089909553528,3.2118611335754395,-0.3353138864040375,-0.6036204099655151,3.2940828800201416,-0.3132668137550354,1.1499422788619995,3.537221908569336,-0.38116204738616943,1.1773340702056885,3.4669435024261475
-0.2440653145313263,0.19069334864616394,3.378925323486328,-0.2472744733095169,0.0019970089197158813,3.356308698654175,-0.2510347068309784,-0.18668478727340698,3.333655595779419,-0.25479504466056824,-0.3753722310066223,3.311002016067505,-0.20314905047416687,-0.3780268430709839,3.3158726692199707,-0.04440028965473175,-0.38303273916244507,3.331216812133789,0.08369749784469604,-0.18201346695423126,3.175452947616577,0.1864798665046692,-0.1493183672428131,2.9237983226776123,0.2070363461971283,-0.14277935028076172,2.873467445373535,0.24814929068088531,-0.12970130145549774,2.772805690765381,0.1690141260623932,-0.11534705013036728,2.8019258975982666,-0.3064819276332855,-0.3747684061527252,3.305884838104248,-0.46523070335388184,-0.36976251006126404,3.2905406951904297,-0.5072401762008667,-0.11837118864059448,3.417496681213379,-0.5445448160171509,0.13457772135734558,3.5154170989990234,-0.5520057678222656,0.18516750633716583,3.535001277923584,-0.5669276118278503,0.28634709119796753,3.574169397354126,-0.4948646128177643,0.2411210536956787,3.565340995788574,-0.14108267426490784,0.18769142031669617,3.3893587589263916,-0.21902763843536377,0.643775463104248,3.4359939098358154,-0.2886027693748474,1.0488393306732178,3.480231523513794,-0.2932846248149872,1.1656533479690552,3.3689169883728027,-0.34704795479774475,0.1936952769756317,3.3684918880462646,-0.35677996277809143,0.6579097509384155,3.3944361209869385,-0.36552709341049194,1.0704894065856934,3.418433427810669,-0.3550238609313965,1.1810654401779175,3.3012969493865967,-0.22279469668865204,-0.5090697407722473,3.207538366317749,-0.21797770261764526,-0.5594807267189026,3.1958506107330322,-0.19325631856918335,-0.6025105714797974,3.229861259460449,-0.16406145691871643,-0.6012393236160278,3.3427186012268066,-0.2535046339035034,-0.6045617461204529,3.2138776779174805,-0.33476507663726807,-0.6070511341094971,3.297431707382202,-0.31023386120796204,1.1449226140975952,3.5320823192596436,-0.3719438910484314,1.1711572408676147,3.46547794342041
-0.24512319266796112,0.18712183833122253,3.3801703453063965,-0.24833935499191284,-0.0018545538187026978,3.359804153442383,-0.2521030604839325,-0.19081874191761017,3.339418411254883,-0.2558668851852417,-0.3797886073589325,3.3190321922302246,-0.20418116450309753,-0.3823491930961609,3.323591470718384,-0.04595007002353668,-0.3870425820350647,3.3378829956054688,0.08167098462581635,-0.18614493310451508,3.182879686355591,0.18450115621089935,-0.15281249582767487,2.932077646255493,0.20506718754768372,-0.1461460143327713,2.8819172382354736,0.24619925022125244,-0.13281303644180298,2.7815964221954346,0.16719162464141846,-0.11871221661567688,2.8105554580688477,-0.30759352445602417,-0.37928181886672974,3.314251184463501,-0.46582460403442383,-0.3745884299278259,3.299959659576416,-0.508997917175293,-0.12066015601158142,3.419665575027466,-0.547860324382782,0.1332719922065735,3.5123746395111084,-0.5556328296661377,0.18405842781066895,3.530916452407837,-0.5711777806282043,0.28563129901885986,3.568000078201294,-0.4989614486694336,0.24095018208026886,3.5597496032714844,-0.14205768704414368,0.18431957066059113,3.3898966312408447,-0.21975979208946228,0.6399271488189697,3.4386146068573,-0.2886352241039276,1.0451505184173584,3.479947328567505,-0.29381394386291504,1.1609963178634644,3.3677942752838135,-0.34818869829177856,0.18992410600185394,3.3704440593719482,-0.3566508889198303,0.6539386510848999,3.3951058387756348,-0.364457368850708,1.0662226676940918,3.4199888706207275,-0.35458531975746155,1.17694890499115,3.3030803203582764,-0.22367312014102936,-0.5151730179786682,3.2188072204589844,-0.21884451806545258,-0.565651535987854,3.2082226276397705,-0.19431771337985992,-0.6078274846076965,3.2430856227874756,-0.16556969285011292,-0.6042193174362183,3.3556132316589355,-0.2543192505836487,-0.6101967692375183,3.2270126342773438,-0.33557406067848206,-0.6109322905540466,3.310073137283325,-0.3098674714565277,1.1416096687316895,3.531109094619751,-0.3703502118587494,1.166741967201233,3.467252731323242
-0.2468266487121582,0.18419361114501953,3.3839759826660156,-0.2500418722629547,-0.005032852292060852,3.365800142288208,-0.2538102865219116,-0.19424709677696228,3.3476033210754395,-0.2575788199901581,-0.38346704840660095,3.3294060230255127,-0.20587819814682007,-0.38596829771995544,3.3339123725891113,-0.04824252426624298,-0.3904576301574707,3.3479483127593994,0.07818326354026794,-0.18739357590675354,3.1963963508605957,0.18041913211345673,-0.15224026143550873,2.946498394012451,0.20086631178855896,-0.14520959556102753,2.8965187072753906,0.24176065623760223,-0.13114826381206512,2.7965595722198486,0.16297480463981628,-0.11749926209449768,2.8255813121795654,-0.3093204200267792,-0.38302233815193176,3.3247017860412598,-0.46695607900619507,-0.3785330057144165,3.3106658458709717,-0.5113644599914551,-0.12221157550811768,3.42253041267395,-0.5516615509986877,0.13277071714401245,3.5091159343719482,-0.5597209930419922,0.183767169713974,3.526432991027832,-0.5758398175239563,0.2857601046562195,3.5610671043395996,-0.5035671591758728,0.24148643016815186,3.553837537765503,-0.14373677968978882,0.18152479827404022,3.393524408340454,-0.22093772888183594,0.6370372176170349,3.4423556327819824,-0.28902697563171387,1.0425822734832764,3.4802258014678955,-0.294097363948822,1.157421350479126,3.3671188354492188,-0.3499165177345276,0.18686242401599884,3.374427556991577,-0.357595831155777,0.650865375995636,3.3962979316711426,-0.36490583419799805,1.0630301237106323,3.420872449874878,-0.35513773560523987,1.1736173629760742,3.3039026260375977,-0.22493693232536316,-0.5206568241119385,3.232455253601074,-0.22009921073913574,-0.57124263048172,3.2229816913604736,-0.19589141011238098,-0.6126117706298828,3.258802890777588,-0.1679295003414154,-0.6066840291023254,3.3711764812469482,-0.2556628882884979,-0.6152613759040833,3.2424280643463135,-0.3372820317745209,-0.6141911745071411,3.3247809410095215,-0.31003326177597046,1.1394842863082886,3.5305514335632324,-0.37059852480888367,1.1635559797286987,3.4680538177490234
-0.24812141060829163,0.18163016438484192,3.38919734954834,-0.2513866722583771,-0.007783085107803345,3.3728106021881104,-0.25524669885635376,-0.1971815526485443,3.356382369995117,-0.25910684466362,-0.38658568263053894,3.339953660964966,-0.2074286937713623,-0.38909488916397095,3.344778537750244,-0.050567761063575745,-0.39358505606651306,3.3596885204315186,0.07507745921611786,-0.1853298395872116,3.2172677516937256,0.1773919314146042,-0.14512555301189423,2.969552755355835,0.19785483181476593,-0.1370846927165985,2.9200098514556885,0.23878061771392822,-0.12100297957658768,2.8209238052368164,0.1602785289287567,-0.10809636116027832,2.8498945236206055,-0.31082695722579956,-0.3861351013183594,3.3349502086639404,-0.4676879048347473,-0.38164493441581726,3.320040225982666,-0.5132856965065002,-0.12344849109649658,3.4234619140625,-0.554785966873169,0.1322331428527832,3.5031609535217285,-0.5630860328674316,0.1833694726228714,3.5191006660461426,-0.579686164855957,0.2856421172618866,3.55098032951355,-0.5075588226318359,0.24166584014892578,3.5453062057495117,-0.14508457481861115,0.17897896468639374,3.399311065673828,-0.22231508791446686,0.6346648931503296,3.4458465576171875,-0.29016754031181335,1.0405741930007935,3.479407787322998,-0.29442545771598816,1.1543127298355103,3.3651907444000244,-0.3511582612991333,0.1842813640832901,3.3790836334228516,-0.35903188586235046,0.6483803987503052,3.397244691848755,-0.36676767468452454,1.0605442523956299,3.420776605606079,-0.3564422130584717,1.1708407402038574,3.3036091327667236,-0.22545947134494781,-0.5253115892410278,3.245908260345459,-0.22057773172855377,-0.5760030150413513,3.2373790740966797,-0.19691377878189087,-0.616732656955719,3.2741734981536865,-0.17041034996509552,-0.6089111566543579,3.386652946472168,-0.2564093768596649,-0.6195898652076721,3.2571020126342773,-0.3389812111854553,-0.6170065999031067,3.3382837772369385,-0.3113657236099243,1.1379644870758057,3.5286672115325928,-0.37278810143470764,1.161166787147522,3.4676764011383057
-0.24912910163402557,0.1798088252544403,3.3924834728240967,-0.25234949588775635,-0.009717568755149841,3.377143383026123,-0.2562343180179596,-0.19922566413879395,3.3617312908172607,-0.2601192593574524,-0.3887394368648529,3.3463187217712402,-0.2085074484348297,-0.3912848234176636,3.3518550395965576,-0.05263671278953552,-0.39585983753204346,3.3688206672668457,0.07250605523586273,-0.1800958216190338,3.241330623626709,0.17550355195999146,-0.13239726424217224,2.9970664978027344,0.1961030513048172,-0.12285755574703217,2.948213577270508,0.2373020499944687,-0.10377813130617142,2.850507974624634,0.15914584696292877,-0.09179165959358215,2.8792948722839355,-0.31177330017089844,-0.3882538080215454,3.3406150341033936,-0.4676440358161926,-0.3836787939071655,3.3236494064331055,-0.5141656994819641,-0.12427893280982971,3.4186017513275146,-0.5563319325447083,0.13188087940216064,3.490384101867676,-0.5647651553153992,0.18311284482479095,3.5047407150268555,-0.5816316604614258,0.2855767607688904,3.5334537029266357,-0.509902834892273,0.2417186200618744,3.5299642086029053,-0.14623034000396729,0.17713338136672974,3.4039366245269775,-0.22508391737937927,0.6328963041305542,3.446850061416626,-0.2941552400588989,1.0389302968978882,3.476140022277832,-0.29708608984947205,1.1517159938812256,3.36094069480896,-0.35202786326408386,0.18248426914215088,3.381030321121216,-0.36032769083976746,0.6466891765594482,3.3960049152374268,-0.36879801750183105,1.058868646621704,3.418997287750244,-0.3570665717124939,1.169053077697754,3.3018569946289062,-0.22443577647209167,-0.5282577276229858,3.254342555999756,-0.21937230229377747,-0.5790039896965027,3.246389150619507,-0.19653284549713135,-0.6193761229515076,3.2840497493743896,-0.17251452803611755,-0.6105270981788635,3.396962881088257,-0.2556159198284149,-0.6223971247673035,3.2657101154327393,-0.3399165868759155,-0.6190866231918335,3.345000982284546,-0.3162020742893219,1.136679768562317,3.5243031978607178,-0.375531941652298,1.1595336198806763,3.4657082557678223
-0.25003135204315186,0.1790766417980194,3.396240234375,-0.25311583280563354,-0.010521098971366882,3.3815200328826904,-0.25691112875938416,-0.20009690523147583,3.3666839599609375,-0.2607065439224243,-0.389678418636322,3.3518474102020264,-0.20922090113162994,-0.392265260219574,3.3584814071655273,-0.0545937716960907,-0.39693838357925415,3.378638744354248,0.06925012916326523,-0.17214272916316986,3.271510601043701,0.17394359409809113,-0.11556797474622726,3.032032012939453,0.19488228857517242,-0.10425302386283875,2.9841363430023193,0.23675967752933502,-0.0816231220960617,2.8883447647094727,0.15884193778038025,-0.07094179093837738,2.916527271270752,-0.31223341822624207,-0.38915205001831055,3.345052480697632,-0.4668605327606201,-0.38447892665863037,3.324895143508911,-0.5133140683174133,-0.12421801686286926,3.411226749420166,-0.5549139380455017,0.13233402371406555,3.4741711616516113,-0.5632339119911194,0.18364444375038147,3.486760139465332,-0.5798738598823547,0.2862652540206909,3.5119378566741943,-0.5088963508605957,0.24220651388168335,3.511202573776245,-0.14738991856575012,0.17635217308998108,3.4098241329193115,-0.22877605259418488,0.6321389675140381,3.447148323059082,-0.2998899817466736,1.0381382703781128,3.4712982177734375,-0.30079078674316406,1.1498680114746094,3.3550519943237305,-0.3526727855205536,0.18180111050605774,3.3826563358306885,-0.36133384704589844,0.6460681557655334,3.394470691680908,-0.37064599990844727,1.0582338571548462,3.417022228240967,-0.35658979415893555,1.1683520078659058,3.300086498260498,-0.22197645902633667,-0.5297466516494751,3.2620203495025635,-0.21660549938678741,-0.5805299878120422,3.2545807361602783,-0.1949245184659958,-0.6206054091453552,3.2932138442993164,-0.17450173199176788,-0.6109545230865479,3.4067461490631104,-0.25338438153266907,-0.6238330006599426,3.273040771484375,-0.3401380479335785,-0.6200993657112122,3.3495895862579346,-0.32329434156417847,1.136228084564209,3.518096923828125,-0.3784354627132416,1.1589163541793823,3.463517904281616
-0.2517547607421875,0.1778424084186554,3.409339666366577,-0.2546963691711426,-0.011809945106506348,3.39490008354187,-0.25834473967552185,-0.2014378160238266,3.380300998687744,-0.2619931995868683,-0.3910713791847229,3.36570143699646,-0.2107004076242447,-0.393713116645813,3.3737270832061768,-0.05756226181983948,-0.39852169156074524,3.397915840148926,0.0628087967634201,-0.16445423662662506,3.31459641456604,0.16924229264259338,-0.09864848107099533,3.0804805755615234,0.1905289888381958,-0.08548732846975327,3.0336573123931885,0.23310238122940063,-0.05916502699255943,2.9400110244750977,0.15532803535461426,-0.05020488053560257,2.967371940612793,-0.3133256733417511,-0.39049065113067627,3.3575170040130615,-0.4664638042449951,-0.385682076215744,3.3333282470703125,-0.5122250318527222,-0.12496253848075867,3.4117507934570312,-0.5523927211761475,0.1317843496799469,3.465937852859497,-0.5604262351989746,0.18313372135162354,3.4767751693725586,-0.5764933228492737,0.2858324646949768,3.4984500408172607,-0.5065091848373413,0.2413966953754425,3.5007777214050293,-0.14950746297836304,0.17501522600650787,3.425642967224121,-0.23312225937843323,0.630757749080658,3.4561209678649902,-0.30604037642478943,1.0366020202636719,3.474590539932251,-0.3041757345199585,1.1472183465957642,3.357365846633911,-0.35400205850601196,0.18066959083080292,3.393036365509033,-0.36252012848854065,0.6448665261268616,3.4014155864715576,-0.37240949273109436,1.0569255352020264,3.423260450363159,-0.3552640378475189,1.1668822765350342,3.3066558837890625,-0.2196345329284668,-0.531600296497345,3.2783548831939697,-0.2139122039079666,-0.582406759262085,3.2714526653289795,-0.19369518756866455,-0.6221932172775269,3.31113862991333,-0.1777029186487198,-0.6117998361587524,3.4252822399139404,-0.2513096034526825,-0.6256399154663086,3.2887439727783203,-0.34094375371932983,-0.621565580368042,3.361830472946167,-0.3309679627418518,1.1350113153457642,3.519821882247925,-0.3814210891723633,1.1576262712478638,3.4694101810455322
-0.2542279362678528,0.17603164911270142,3.4314823150634766,-0.2569718658924103,-0.013676151633262634,3.417036533355713,-0.2604092061519623,-0.20335672795772552,3.402383327484131,-0.26384666562080383,-0.39304298162460327,3.3877296447753906,-0.21282672882080078,-0.3957517147064209,3.397397756576538,-0.06139634549617767,-0.40073010325431824,3.426318645477295,0.053410544991493225,-0.15850773453712463,3.368326187133789,0.16180023550987244,-0.0838126540184021,3.139824151992798,0.18347817659378052,-0.06887363642454147,3.0941238403320312,0.22683405876159668,-0.03899560496211052,3.002722978591919,0.149061381816864,-0.03200118988752365,3.028984546661377,-0.31490397453308105,-0.39239585399627686,3.3779025077819824,-0.46633434295654297,-0.3874174654483795,3.3489816188812256,-0.5110827088356018,-0.1264685094356537,3.4205262660980225,-0.5492604374885559,0.13034185767173767,3.4666972160339355,-0.5568959712982178,0.18170392513275146,3.475931406021118,-0.5721670389175415,0.28442806005477905,3.4943997859954834,-0.5033338665962219,0.23950335383415222,3.4999630451202393,-0.1525438278913498,0.17307324707508087,3.451018810272217,-0.2376088798046112,0.6287797689437866,3.4739248752593994,-0.3116796016693115,1.034456491470337,3.4863955974578857,-0.3062954545021057,1.1439647674560547,3.3683412075042725,-0.3559120297431946,0.17899005115032196,3.4119458198547363,-0.3638105094432831,0.6430420875549316,3.416688919067383,-0.3740840554237366,1.054950475692749,3.4377036094665527,-0.3531964421272278,1.164703130722046,3.321617603302002,-0.21740296483039856,-0.5340188145637512,3.3031716346740723,-0.21130165457725525,-0.5848620533943176,3.2968263626098633,-0.19282226264476776,-0.6243919134140015,3.3376147747039795,-0.1819748878479004,-0.6133158206939697,3.4523162841796875,-0.2493790090084076,-0.6280667185783386,3.3126776218414307,-0.3422189950942993,-0.6237277388572693,3.3816606998443604,-0.3381645679473877,1.1331793069839478,3.5299038887023926,-0.3844711184501648,1.155669093132019,3.4834039211273193
-0.26068317890167236,0.1748673915863037,3.442516565322876,-0.2630254626274109,-0.014911308884620667,3.428288459777832,-0.2660441994667053,-0.20466148853302002,3.4138097763061523,-0.2690630257129669,-0.39441734552383423,3.3993306159973145,-0.21872760355472565,-0.3972317576408386,3.412123441696167,-0.07315172255039215,-0.4023872911930084,3.4493372440338135,0.008920706808567047,-0.14591047167778015,3.4400827884674072,0.10938084870576859,-0.06073882430791855,3.216972827911377,0.12947288155555725,-0.04370449483394623,3.1723508834838867,0.1696569323539734,-0.009635835886001587,3.0831069946289062,0.09293319284915924,-0.00922788679599762,3.1088876724243164,-0.31943124532699585,-0.3936653733253479,3.386380434036255,-0.46500712633132935,-0.3885098397731781,3.3491666316986084,-0.5030398964881897,-0.12777960300445557,3.40551495552063,-0.5318009853363037,0.12835609912872314,3.4318175315856934,-0.5375531911849976,0.17958323657512665,3.4370779991149902,-0.54905766248703,0.28203749656677246,3.447598934173584,-0.4838663637638092,0.2356775999069214,3.4599361419677734,-0.1603683978319168,0.1716991811990738,3.4682605266571045,-0.24559375643730164,0.6275763511657715,3.478973627090454,-0.3202158212661743,1.0330898761749268,3.4841232299804688,-0.3077645003795624,1.1417101621627808,3.365898370742798,-0.3609979748725891,0.17803560197353363,3.4167726039886475,-0.3658224642276764,0.6419069766998291,3.4182286262512207,-0.37679246068000793,1.053221583366394,3.445361614227295,-0.34867772459983826,1.164754867553711,3.33266544342041,-0.21429109573364258,-0.5346827507019043,3.318077802658081,-0.20708607137203217,-0.5855045914649963,3.312041997909546,-0.19139938056468964,-0.6250667572021484,3.3540916442871094,-0.1898059844970703,-0.6143718957901001,3.4695191383361816,-0.24584263563156128,-0.6292930245399475,3.3246874809265137,-0.3440619111061096,-0.6263462901115417,3.3862075805664062,-0.3492402732372284,1.132054328918457,3.5252480506896973,-0.3898206949234009,1.1531486511230469,3.491971254348755
-0.2657981514930725,0.17531433701515198,3.4396908283233643,-0.26782235503196716,-0.014429971575737,3.424960136413574,-0.2704258859157562,-0.20414553582668304,3.4099526405334473,-0.27302950620651245,-0.39386677742004395,3.394944667816162,-0.2236204445362091,-0.3968459963798523,3.410917043685913,-0.08276553452014923,-0.4023982584476471,3.456669807434082,-0.028777193278074265,-0.14162716269493103,3.4735794067382812,0.07689695060253143,-0.049852073192596436,3.258542537689209,0.09803178161382675,-0.0314970538020134,3.2155351638793945,0.1403014361858368,0.005212981253862381,3.1295204162597656,0.06313735246658325,-0.00011713802814483643,3.15055251121521,-0.3224668502807617,-0.392949640750885,3.3788094520568848,-0.4633217453956604,-0.3873973786830902,3.333056688308716,-0.4952210783958435,-0.12681275606155396,3.3808095455169678,-0.5145190954208374,0.12867391109466553,3.3943979740142822,-0.5183786749839783,0.17977124452590942,3.397115707397461,-0.5260978937149048,0.2819659113883972,3.4025511741638184,-0.46438971161842346,0.2341291606426239,3.4206838607788086,-0.1673576831817627,0.1717671900987625,3.4718539714813232,-0.24997630715370178,0.6281551122665405,3.4733433723449707,-0.32308441400527954,1.0338950157165527,3.4736618995666504,-0.30275824666023254,1.1423778533935547,3.356449604034424,-0.3642386198043823,0.17886148393154144,3.4075276851654053,-0.3637452721595764,0.6426636576652527,3.409820079803467,-0.37328019738197327,1.0535564422607422,3.4421608448028564,-0.33711516857147217,1.1663898229599,3.333160400390625,-0.21117736399173737,-0.5322379469871521,3.3153533935546875,-0.2029876708984375,-0.582899808883667,3.309004545211792,-0.18975864350795746,-0.6230224967002869,3.3514111042022705,-0.19620507955551147,-0.6142572164535522,3.466893196105957,-0.2420342117547989,-0.6273179054260254,3.318254232406616,-0.3443191647529602,-0.6264275312423706,3.3729488849639893,-0.3542291820049286,1.1329807043075562,3.512838840484619,-0.3885135054588318,1.1529096364974976,3.489274501800537
-0.26923105120658875,0.1759907305240631,3.4311041831970215,-0.270742803812027,-0.013675093650817871,3.4158895015716553,-0.27268627285957336,-0.20331622660160065,3.400418519973755,-0.2746298015117645,-0.3929629921913147,3.3849470615386963,-0.22639554738998413,-0.3960595428943634,3.4041261672973633,-0.09116770327091217,-0.401850163936615,3.4581196308135986,-0.07059474289417267,-0.14077508449554443,3.4949076175689697,0.03903388977050781,-0.035401850938797,3.291097640991211,0.06095961481332779,-0.01432720385491848,3.250335693359375,0.10481107234954834,0.027822090312838554,3.168811559677124,0.027980629354715347,0.014659088104963303,3.184131145477295,-0.3228851556777954,-0.3919277489185333,3.365600109100342,-0.45811301469802856,-0.38613712787628174,3.3116066455841064,-0.482524573802948,-0.12582600116729736,3.3513431549072266,-0.49035200476646423,0.12833243608474731,3.352994203567505,-0.4919174909591675,0.1791641265153885,3.3533244132995605,-0.495048463344574,0.28082752227783203,3.353984832763672,-0.4374554753303528,0.2315644919872284,3.377798080444336,-0.17318511009216309,0.17212235927581787,3.4697842597961426,-0.2522379755973816,0.6290485858917236,3.4647879600524902,-0.3234628736972809,1.035057783126831,3.462709903717041,-0.29504701495170593,1.14408278465271,3.347736120223999,-0.3652769923210144,0.17985910177230835,3.3924241065979004,-0.3589820861816406,0.6435297727584839,3.397505044937134,-0.36684054136276245,1.0539448261260986,3.4351673126220703,-0.3224084973335266,1.1679044961929321,3.3305158615112305,-0.20571769773960114,-0.529168963432312,3.3073456287384033,-0.19648343324661255,-0.5796234607696533,3.300673246383667,-0.1857132762670517,-0.6203927993774414,3.343181610107422,-0.2002181112766266,-0.6138540506362915,3.4581105709075928,-0.2355349063873291,-0.6246479153633118,3.3064074516296387,-0.34137940406799316,-0.6259103417396545,3.353916883468628,-0.35667645931243896,1.1340525150299072,3.5003418922424316,-0.38427072763442993,1.1527633666992188,3.482605218887329
-0.2719108462333679,0.1765516698360443,3.4143128395080566,-0.2726326882839203,-0.01302686333656311,3.3988404273986816,-0.2735675573348999,-0.2025943398475647,3.383244514465332,-0.2745024561882019,-0.39216750860214233,3.367648124694824,-0.2276497483253479,-0.39527013897895813,3.3899450302124023,-0.09864401817321777,-0.4009758234024048,3.4515645503997803,-0.11028542369604111,-0.14173540472984314,3.494081974029541,0.0038129091262817383,-0.026141725480556488,3.3002994060516357,0.026632577180862427,-0.0030229873955249786,3.261542797088623,0.0722719132900238,0.04321448877453804,3.1840298175811768,-0.0034335553646087646,0.022584427148103714,3.193131923675537,-0.3213653266429901,-0.39112526178359985,3.345181941986084,-0.45037105679512024,-0.3854195773601532,3.283562421798706,-0.4663289189338684,-0.1250641942024231,3.3168680667877197,-0.4614293873310089,0.12760883569717407,3.3088479042053223,-0.4604494869709015,0.1781434416770935,3.307243824005127,-0.45848965644836426,0.2792126536369324,3.3040356636047363,-0.4053087830543518,0.22849656641483307,3.3330087661743164,-0.17868433892726898,0.17252641916275024,3.4592838287353516,-0.25397592782974243,0.629987359046936,3.45125675201416,-0.323777437210083,1.0361964702606201,3.4500677585601807,-0.28767120838165283,1.146626591682434,3.3386757373809814,-0.36513733863830566,0.18057692050933838,3.3693418502807617,-0.35277262330055237,0.6439306139945984,3.381761074066162,-0.3588576912879944,1.0534634590148926,3.4278624057769775,-0.30636143684387207,1.1690810918807983,3.328951835632324,-0.19916270673274994,-0.5264995098114014,3.2927403450012207,-0.18899856507778168,-0.5767631530761719,3.285916805267334,-0.18070945143699646,-0.6181286573410034,3.3284189701080322,-0.20298640429973602,-0.613588809967041,3.442213773727417,-0.22790519893169403,-0.622225821018219,3.2882983684539795,-0.3367077112197876,-0.6251974701881409,3.3285388946533203,-0.3590800166130066,1.1347894668579102,3.486802101135254,-0.3783847987651825,1.151435136795044,3.4761998653411865
-0.27331027388572693,0.17673194408416748,3.39414381980896,-0.27282726764678955,-0.012778863310813904,3.378584384918213,-0.2723403573036194,-0.20229317247867584,3.363067865371704,-0.2718534469604492,-0.39181315898895264,3.347550868988037,-0.2265920639038086,-0.3948092758655548,3.372901201248169,-0.10422865301370621,-0.4001251757144928,3.4416675567626953,-0.1432279348373413,-0.1440732777118683,3.4810612201690674,-0.02479144185781479,-0.021034367382526398,3.295881509780884,-0.0011041425168514252,0.0035734158009290695,3.258845567703247,0.0462704561650753,0.052788980305194855,3.1847736835479736,-0.027553848922252655,0.025728940963745117,3.1881139278411865,-0.31710952520370483,-0.3908768892288208,3.3220317363739014,-0.4394729435443878,-0.3855609893798828,3.253265380859375,-0.4471866488456726,-0.12523195147514343,3.2816321849823,-0.42943254113197327,0.125565767288208,3.2660574913024902,-0.4258817136287689,0.1757253110408783,3.2629425525665283,-0.41878005862236023,0.27604439854621887,3.2567126750946045,-0.3702157139778137,0.22409546375274658,3.2904207706451416,-0.1833755373954773,0.1727626621723175,3.4452810287475586,-0.2552264332771301,0.6307334899902344,3.437528610229492,-0.3245192766189575,1.0369802713394165,3.44016695022583,-0.2811223268508911,1.1495946645736694,3.333696126937866,-0.36324501037597656,0.18070122599601746,3.3430066108703613,-0.3460661768913269,0.6434351205825806,3.3662891387939453,-0.3515191972255707,1.0516018867492676,3.422990322113037,-0.291389524936676,1.1692075729370117,3.331041097640991,-0.19094526767730713,-0.524552583694458,3.2756364345550537,-0.1800069957971573,-0.5746489763259888,3.268744945526123,-0.17413167655467987,-0.6165940165519714,3.311088800430298,-0.20361328125,-0.6138887405395508,3.4233028888702393,-0.2186620831489563,-0.6203885674476624,3.267993211746216,-0.32978275418281555,-0.6246400475502014,3.301199197769165,-0.3620825409889221,1.1348577737808228,3.476536750793457,-0.3733800947666168,1.1484556198120117,3.4725403785705566
-0.27368780970573425,0.17653590440750122,3.3727827072143555,-0.271875262260437,-0.012924239039421082,3.3573646545410156,-0.2698383927345276,-0.20240171253681183,3.3421895503997803,-0.2678014636039734,-0.39188486337661743,3.3270139694213867,-0.22435259819030762,-0.39472347497940063,3.3553481101989746,-0.10889539867639542,-0.3995314836502075,3.4308791160583496,-0.1694704294204712,-0.14717239141464233,3.4614953994750977,-0.04630756378173828,-0.019505292177200317,3.2835299968719482,-0.0216749906539917,0.0060281287878751755,3.247936964035034,0.027590155601501465,0.05709496885538101,3.176750898361206,-0.043951909989118576,0.024826370179653168,3.1750481128692627,-0.3112281560897827,-0.39110568165779114,3.2985150814056396,-0.4266853630542755,-0.38629767298698425,3.2229840755462646,-0.42608049511909485,-0.12615403532981873,3.2478179931640625,-0.3952238857746124,0.12234234809875488,3.226912498474121,-0.3890525698661804,0.1720416247844696,3.222731351852417,-0.3767099380493164,0.27144017815589905,3.214369297027588,-0.333053857088089,0.21839775145053864,3.252357244491577,-0.1875377893447876,0.17270764708518982,3.42995285987854,-0.25638073682785034,0.6311432123184204,3.424711227416992,-0.32605788111686707,1.0372225046157837,3.4328298568725586,-0.27576616406440735,1.1524103879928589,3.3323299884796143,-0.3598378300666809,0.18036416172981262,3.315612554550171,-0.33880603313446045,0.6421006321907043,3.3514881134033203,-0.3445839285850525,1.048471450805664,3.4196834564208984,-0.27721691131591797,1.1680132150650024,3.3356049060821533,-0.18201637268066406,-0.5231812000274658,3.2581663131713867,-0.1704130321741104,-0.5731204152107239,3.251220703125,-0.16685181856155396,-0.6156567335128784,3.29323148727417,-0.20300474762916565,-0.6147374510765076,3.4035072326660156,-0.20870459079742432,-0.6190204620361328,3.247497081756592,-0.32158759236335754,-0.6242679357528687,3.2739264965057373,-0.3660475015640259,1.1341862678527832,3.469036102294922,-0.3689655661582947,1.1440811157226562,3.4704413414001465
-0.27531203627586365,0.17546409368515015,3.363152027130127,-0.271761417388916,-0.013972252607345581,3.348116636276245,-0.26780176162719727,-0.2034318596124649,3.333481788635254,-0.26384198665618896,-0.3928971290588379,3.3188464641571045,-0.22252868115901947,-0.39549338817596436,3.350219964981079,-0.1143508180975914,-0.399597704410553,3.432622194290161,-0.19492840766906738,-0.1526830643415451,3.458174467086792,-0.07085203379392624,-0.011112689971923828,3.2922325134277344,-0.04603675752878189,0.017201384529471397,3.2590441703796387,0.003593791276216507,0.0738295316696167,3.1926674842834473,-0.06444698572158813,0.035627059638500214,3.1850996017456055,-0.3051122725009918,-0.3923601508140564,3.28731369972229,-0.4132901430130005,-0.3882558345794678,3.204911470413208,-0.40534722805023193,-0.1282733976840973,3.226325511932373,-0.36193183064460754,0.11758428812026978,3.2009687423706055,-0.3532487452030182,0.1667558252811432,3.195897340774536,-0.3358825743198395,0.26509889960289,3.1857547760009766,-0.29737555980682373,0.21142566204071045,3.227976083755493,-0.19366994500160217,0.1719670593738556,3.4264919757843018,-0.25949907302856445,0.6308234930038452,3.422678232192993,-0.3296273350715637,1.0367090702056885,3.434264659881592,-0.2722855806350708,1.1538889408111572,3.340059518814087,-0.3569541275501251,0.1789611279964447,3.299812078475952,-0.33320537209510803,0.6395293474197388,3.3468246459960938,-0.33995670080184937,1.0442681312561035,3.423872232437134,-0.2654060423374176,1.164876103401184,3.3477821350097656,-0.17355182766914368,-0.5229418873786926,3.2534754276275635,-0.16134391725063324,-0.5727407932281494,3.2465617656707764,-0.16011269390583038,-0.6158362627029419,3.288132667541504,-0.20277664065361023,-0.616552472114563,3.39605712890625,-0.19915051758289337,-0.6187158823013306,3.2399425506591797,-0.31338387727737427,-0.6247115135192871,3.2595181465148926,-0.3721173405647278,1.1329443454742432,3.4695284366607666,-0.3670573830604553,1.138978362083435,3.4749181270599365
-0.27470463514328003,0.17397859692573547,3.352674961090088,-0.26962682604789734,-0.015469938516616821,3.3386294841766357,-0.26406100392341614,-0.20494499802589417,3.3251376152038574,-0.2584950029850006,-0.39442574977874756,3.3116455078125,-0.21962061524391174,-0.39676594734191895,3.346001148223877,-0.11891229450702667,-0.4001636207103729,3.43526291847229,-0.21430855989456177,-0.15832023322582245,3.4560108184814453,-0.09254364669322968,-0.00043019652366638184,3.303920030593872,-0.06819066405296326,0.03114781156182289,3.2735018730163574,-0.01948469877243042,0.09430383145809174,3.212665557861328,-0.08331656455993652,0.050916556268930435,3.1992170810699463,-0.29730892181396484,-0.3941449224948883,3.2771430015563965,-0.3980172276496887,-0.3907472491264343,3.1878812313079834,-0.38388532400131226,-0.13096773624420166,3.206158399581909,-0.3291042447090149,0.11210593581199646,3.1778430938720703,-0.31814801692962646,0.16072067618370056,3.172179937362671,-0.296235591173172,0.25795015692710876,3.160853862762451,-0.2629588842391968,0.20408150553703308,3.206991195678711,-0.19822287559509277,0.17088381946086884,3.4220688343048096,-0.2611812353134155,0.6301209330558777,3.4191477298736572,-0.3320617079734802,1.0357787609100342,3.4330155849456787,-0.26787421107292175,1.1546132564544678,3.34555721282959,-0.3511863946914673,0.1770733743906021,3.283281087875366,-0.32710304856300354,0.6364978551864624,3.3400275707244873,-0.33721923828125,1.039658546447754,3.4244894981384277,-0.2562969923019409,1.161148190498352,3.356795310974121,-0.16432590782642365,-0.5238205194473267,3.2506656646728516,-0.15168187022209167,-0.5735434889793396,3.2440478801727295,-0.1529235690832138,-0.6170116662979126,3.285216808319092,-0.20201385021209717,-0.6187297105789185,3.3903450965881348,-0.1889754682779312,-0.6194615364074707,3.234741449356079,-0.3041608929634094,-0.6256709098815918,3.2473316192626953,-0.3770843744277954,1.1313865184783936,3.4667909145355225,-0.367565393447876,1.1335488557815552,3.475208044052124
-0.2743447721004486,0.1700110137462616,3.3276307582855225,-0.2670266926288605,-0.01947605609893799,3.31587815284729,-0.2591738700866699,-0.20899388194084167,3.3049986362457275,-0.25132080912590027,-0.398517370223999,3.294118881225586,-0.2189679741859436,-0.40054023265838623,3.33467698097229,-0.13555091619491577,-0.40310364961624146,3.4395411014556885,-0.23695677518844604,-0.16307955980300903,3.4293577671051025,-0.10810092091560364,0.004702776670455933,3.2947709560394287,-0.08232975006103516,0.038259245455265045,3.2678534984588623,-0.030787408351898193,0.10537218302488327,3.2140188217163086,-0.08786607533693314,0.05650751292705536,3.191877841949463,-0.2835882902145386,-0.3985544443130493,3.2534422874450684,-0.3670053482055664,-0.3959910273551941,3.14857816696167,-0.3455100953578949,-0.1369229257106781,3.169074058532715,-0.2730420231819153,0.10212549567222595,3.1473348140716553,-0.25854840874671936,0.14993518590927124,3.142987012863159,-0.22956117987632751,0.24555456638336182,3.134291410446167,-0.2075055092573166,0.19096842408180237,3.185961961746216,-0.21142280101776123,0.16737140715122223,3.4093689918518066,-0.2693130373954773,0.627336859703064,3.4127116203308105,-0.3435075581073761,1.032178521156311,3.4332101345062256,-0.2658117711544037,1.15480375289917,3.3637535572052,-0.337266743183136,0.17265062034130096,3.2458925247192383,-0.3160526752471924,0.6290190815925598,3.3246865272521973,-0.33780962228775024,1.028108835220337,3.425065040588379,-0.24524253606796265,1.151244044303894,3.3785154819488525,-0.14805947244167328,-0.5256593227386475,3.2451024055480957,-0.13404624164104462,-0.5750481486320496,3.239499092102051,-0.1406700313091278,-0.6192341446876526,3.27921724319458,-0.2042100429534912,-0.623401403427124,3.375988483428955,-0.16902561485767365,-0.6210310459136963,3.22414231300354,-0.28455087542533875,-0.6284926533699036,3.219943046569824,-0.3941376507282257,1.1262506246566772,3.4631950855255127,-0.3759176433086395,1.1200937032699585,3.474040985107422
-0.2744353115558624,0.1681590974330902,3.3113815784454346,-0.26657503843307495,-0.021398618817329407,3.301710605621338,-0.2581821084022522,-0.21098633110523224,3.293137550354004,-0.24978892505168915,-0.40057969093322754,3.284564256668091,-0.22199152410030365,-0.402364581823349,3.3283724784851074,-0.15040352940559387,-0.40431100130081177,3.4414994716644287,-0.2398947775363922,-0.16092021763324738,3.414567708969116,-0.09989708662033081,0.005353465676307678,3.289673328399658,-0.07189754396677017,0.03860820457339287,3.2646944522857666,-0.015898462384939194,0.10511767864227295,3.2147367000579834,-0.07107913494110107,0.05618841201066971,3.1883797645568848,-0.2774950861930847,-0.40085548162460327,3.2406628131866455,-0.3490830659866333,-0.3989090621471405,3.127535820007324,-0.3268473744392395,-0.14022564888000488,3.1512327194213867,-0.24929144978523254,0.09779375791549683,3.137937545776367,-0.23378026485443115,0.14539764821529388,3.1352784633636475,-0.20275789499282837,0.2406054139137268,3.129960298538208,-0.18699659407138824,0.18565331399440765,3.1834909915924072,-0.22092820703983307,0.16588172316551208,3.3995091915130615,-0.2766484022140503,0.6261924505233765,3.406059980392456,-0.3513157367706299,1.0310165882110596,3.427164077758789,-0.2661888003349304,1.1546697616577148,3.369081974029541,-0.327942430973053,0.17043647170066833,3.2232539653778076,-0.312112033367157,0.6254598498344421,3.3112127780914307,-0.34385406970977783,1.022790551185608,3.4162073135375977,-0.24640946090221405,1.1463910341262817,3.3824777603149414,-0.14186131954193115,-0.5268093347549438,3.2446866035461426,-0.12710560858249664,-0.576045036315918,3.240232467651367,-0.13696758449077606,-0.6203542351722717,3.2790415287017822,-0.2088129222393036,-0.6252137422561646,3.369636058807373,-0.1602461040019989,-0.6221433281898499,3.2217023372650146,-0.27476873993873596,-0.630282998085022,3.207174777984619,-0.4045804738998413,1.1247402429580688,3.453559637069702,-0.38691627979278564,1.1140339374542236,3.4624485969543457
-0.2762506902217865,0.16737636923789978,3.29841685295105,-0.26864978671073914,-0.0222901850938797,3.2910897731781006,-0.2605587840080261,-0.21198251843452454,3.28507137298584,-0.252467542886734,-0.40168052911758423,3.279052734375,-0.22932767868041992,-0.4032008647918701,3.3254971504211426,-0.16975831985473633,-0.4044632911682129,3.4453718662261963,-0.24470412731170654,-0.15842433273792267,3.4034645557403564,-0.0898938775062561,0.0015626102685928345,3.28847336769104,-0.058931827545166016,0.033560000360012054,3.265475034713745,0.0029922761023044586,0.0975547805428505,3.2194786071777344,-0.05091124027967453,0.04950426518917084,3.1892566680908203,-0.275519460439682,-0.4022219777107239,3.2325429916381836,-0.3350888192653656,-0.4009595513343811,3.11266827583313,-0.31013625860214233,-0.14293774962425232,3.1393215656280518,-0.22697409987449646,0.09338578581809998,3.1348202228546143,-0.2103416621685028,0.14065049588680267,3.1339199542999268,-0.1770768016576767,0.23517990112304688,3.1321194171905518,-0.16794517636299133,0.17987242341041565,3.1867592334747314,-0.2323245257139206,0.16553518176078796,3.3916444778442383,-0.28519314527511597,0.6263604164123535,3.399552822113037,-0.35767650604248047,1.0318619012832642,3.418609380722046,-0.26577842235565186,1.1553502082824707,3.3713042736053467,-0.3201768398284912,0.1692175567150116,3.2051892280578613,-0.3104969561100006,0.6234383583068848,3.2990362644195557,-0.35260266065597534,1.0196551084518433,3.405280590057373,-0.25194236636161804,1.1434657573699951,3.38358211517334,-0.1411212980747223,-0.5276210904121399,3.2500433921813965,-0.12592783570289612,-0.5767745971679688,3.24717116355896,-0.13932441174983978,-0.6209362745285034,3.2849624156951904,-0.21934033930301666,-0.6256874799728394,3.368236541748047,-0.15702632069587708,-0.6229479312896729,3.225750684738159,-0.26949572563171387,-0.6313869953155518,3.200470209121704,-0.41247034072875977,1.1258662939071655,3.440729856491089,-0.4001913368701935,1.110457181930542,3.4479281902313232
-0.28040048480033875,0.1665547788143158,3.285935878753662,-0.2728722095489502,-0.02317449450492859,3.280543327331543,-0.26486730575561523,-0.21292288601398468,3.276747465133667,-0.25686216354370117,-0.40267693996429443,3.272951364517212,-0.23866364359855652,-0.4039149284362793,3.32155179977417,-0.19184575974941254,-0.40444812178611755,3.446934938430786,-0.2553955614566803,-0.15760238468647003,3.3933589458465576,-0.0872882604598999,-0.002393752336502075,3.2915072441101074,-0.05366680026054382,0.028647974133491516,3.271136999130249,0.013576120138168335,0.0907314270734787,3.230396270751953,-0.03803524747490883,0.043139971792697906,3.195854425430298,-0.27497366070747375,-0.40350142121315,3.2243099212646484,-0.32179155945777893,-0.40296822786331177,3.0989267826080322,-0.29521632194519043,-0.14570361375808716,3.129756212234497,-0.20862442255020142,0.08922000229358673,3.1357791423797607,-0.19130603969097137,0.13620471954345703,3.136983633041382,-0.15666928887367249,0.23017415404319763,3.139392852783203,-0.15409120917320251,0.17441901564598083,3.1942248344421387,-0.24659065902233124,0.1651303768157959,3.3832526206970215,-0.2968125343322754,0.6265071630477905,3.3928096294403076,-0.365646094083786,1.0329962968826294,3.409722089767456,-0.26768559217453003,1.15579092502594,3.373812437057495,-0.31421029567718506,0.1679791808128357,3.1886191368103027,-0.3098757565021515,0.6214616894721985,3.2876996994018555,-0.35985487699508667,1.0171728134155273,3.3933985233306885,-0.25645607709884644,1.1403781175613403,3.3837335109710693,-0.14287486672401428,-0.5281412601470947,3.2558815479278564,-0.12732991576194763,-0.5771856307983398,3.25472354888916,-0.14436253905296326,-0.6212404370307922,3.2910256385803223,-0.23235619068145752,-0.6260515451431274,3.365586757659912,-0.15588679909706116,-0.6234617233276367,3.2303967475891113,-0.26500824093818665,-0.6323451995849609,3.1938047409057617,-0.4212441146373749,1.127561092376709,3.4273295402526855,-0.41098085045814514,1.1080081462860107,3.4318530559539795
-0.2883974313735962,0.16562336683273315,3.275200605392456,-0.2807060480117798,-0.02413448691368103,3.2712879180908203,-0.27256956696510315,-0.21390248835086823,3.2691867351531982,-0.2644328474998474,-0.4036761522293091,3.267085552215576,-0.25149112939834595,-0.40471112728118896,3.3173458576202393,-0.21824029088020325,-0.4047205150127411,3.446951150894165,-0.2763608396053314,-0.1587802916765213,3.3842034339904785,-0.09935316443443298,-0.0037144720554351807,3.2987077236175537,-0.06395162642002106,0.027298694476485252,3.2816085815429688,0.006851449608802795,0.08932502567768097,3.247410297393799,-0.040650442242622375,0.041092466562986374,3.208225965499878,-0.2772860825061798,-0.40470385551452637,3.2168021202087402,-0.3105369210243225,-0.40469446778297424,3.0871968269348145,-0.2840338349342346,-0.14815470576286316,3.1230690479278564,-0.1958232820034027,0.085511714220047,3.1405491828918457,-0.17818117141723633,0.1322450041770935,3.144045114517212,-0.14289695024490356,0.22571158409118652,3.1510372161865234,-0.14684781432151794,0.1694907248020172,3.2052760124206543,-0.26530131697654724,0.16448985040187836,3.375572919845581,-0.3113255798816681,0.6266273856163025,3.386880874633789,-0.37316131591796875,1.0346438884735107,3.401751756668091,-0.2693368196487427,1.1557267904281616,3.3780019283294678,-0.31149354577064514,0.16675688326358795,3.174828290939331,-0.31058812141418457,0.6196017265319824,3.27850079536438,-0.3648662865161896,1.0155885219573975,3.3822827339172363,-0.2588701844215393,1.1370902061462402,3.3848917484283447,-0.1486307829618454,-0.5283083915710449,3.2623279094696045,-0.132772758603096,-0.5772081017494202,3.2627978324890137,-0.15335841476917267,-0.6213886737823486,3.296941041946411,-0.2487974315881729,-0.6268579363822937,3.3614344596862793,-0.15821382403373718,-0.6235539317131042,3.2354798316955566,-0.26255443692207336,-0.6329927444458008,3.1872942447662354,-0.42838138341903687,1.1302884817123413,3.414625406265259,-0.41829103231430054,1.1070835590362549,3.4160070419311523
-0.29838812351226807,0.16460341215133667,3.2683982849121094,-0.289916068315506,-0.025139734148979187,3.2655742168426514,-0.2810748815536499,-0.21488477289676666,3.264639377593994,-0.27223342657089233,-0.404635488986969,3.263704299926758,-0.26461437344551086,-0.40556690096855164,3.3150439262390137,-0.24509967863559723,-0.4053097367286682,3.447387456893921,-0.3024848401546478,-0.16076798737049103,3.378812074661255,-0.11967432498931885,-0.0037176162004470825,3.3110110759735107,-0.08311222493648529,0.027692459523677826,3.2974507808685303,-0.00998801738023758,0.09051261097192764,3.2703304290771484,-0.05273241549730301,0.04162406176328659,3.2267353534698486,-0.2797563672065735,-0.40576645731925964,3.212354898452759,-0.2992710769176483,-0.40602362155914307,3.0800113677978516,-0.27435338497161865,-0.14994311332702637,3.119988441467285,-0.18618857860565186,0.08271896839141846,3.147859573364258,-0.1685556173324585,0.1292513906955719,3.1534337997436523,-0.13328969478607178,0.22231623530387878,3.1645822525024414,-0.14334292709827423,0.1658705174922943,3.217784881591797,-0.28613927960395813,0.16362851858139038,3.37064528465271,-0.32409629225730896,0.626885175704956,3.383415699005127,-0.372986763715744,1.0370917320251465,3.396580457687378,-0.26299551129341125,1.1546775102615356,3.385286569595337,-0.310636967420578,0.16557830572128296,3.166151285171509,-0.3105061948299408,0.6181641817092896,3.272812604904175,-0.36576688289642334,1.0152697563171387,3.373244285583496,-0.2575954794883728,1.1341660022735596,3.3878965377807617,-0.15505701303482056,-0.5278510451316833,3.2699029445648193,-0.13873469829559326,-0.5765535235404968,3.271677255630493,-0.16210809350013733,-0.6212010979652405,3.303298234939575,-0.263459175825119,-0.6282336711883545,3.357790946960449,-0.16071951389312744,-0.6229812502861023,3.2416651248931885,-0.2595248818397522,-0.633277416229248,3.1831634044647217,-0.4259473383426666,1.1346319913864136,3.404733180999756,-0.4202442467212677,1.108006238937378,3.4018373489379883
-0.30890512466430664,0.16419187188148499,3.2664217948913574,-0.29974475502967834,-0.025528833270072937,3.2645280361175537,-0.29032808542251587,-0.21524642407894135,3.2644100189208984,-0.2809111177921295,-0.4049696922302246,3.264292001724243,-0.27875491976737976,-0.40592849254608154,3.316147804260254,-0.27332597970962524,-0.40574216842651367,3.44988751411438,-0.3357089161872864,-0.1627531498670578,3.379915475845337,-0.15334302186965942,0.002409324049949646,3.333246946334839,-0.11686983704566956,0.035441819578409195,3.323913335800171,-0.043923474848270416,0.10150681436061859,3.305245876312256,-0.08016731590032578,0.05189730226993561,3.2568087577819824,-0.2829649746417999,-0.4060729742050171,3.212435007095337,-0.28839391469955444,-0.40625929832458496,3.078695297241211,-0.2656775712966919,-0.1504356861114502,3.121934413909912,-0.17817279696464539,0.08117327094078064,3.159539222717285,-0.16067184507846832,0.12749506533145905,3.167060136795044,-0.125669926404953,0.22013863921165466,3.1821019649505615,-0.1418069750070572,0.16368529200553894,3.2338080406188965,-0.30779263377189636,0.16321781277656555,3.3693859577178955,-0.33396342396736145,0.6277251243591309,3.382514476776123,-0.36690089106559753,1.0399585962295532,3.394287109375,-0.25142455101013184,1.152937889099121,3.3959543704986572,-0.3100176155567169,0.16516593098640442,3.1634576320648193,-0.30991169810295105,0.6178776025772095,3.271515130996704,-0.3656056225299835,1.01651132106781,3.367166757583618,-0.25654923915863037,1.1326719522476196,3.393911838531494,-0.16369883716106415,-0.5271613597869873,3.281062364578247,-0.147139310836792,-0.5757279396057129,3.2839879989624023,-0.17312511801719666,-0.620934784412384,3.312635660171509,-0.27938154339790344,-0.6295009851455688,3.356534719467163,-0.1655038595199585,-0.6220225691795349,3.251443386077881,-0.2577879726886749,-0.63258296251297,3.183156967163086,-0.4163721799850464,1.1397099494934082,3.397655487060547,-0.42052239179611206,1.1106690168380737,3.3901355266571045
-0.3185560405254364,0.1641221046447754,3.267683982849121,-0.30867689847946167,-0.025566279888153076,3.2665300369262695,-0.2986578047275543,-0.21525037288665771,3.266941785812378,-0.2886384129524231,-0.4049401581287384,3.2673535346984863,-0.29182949662208557,-0.40602999925613403,3.319152593612671,-0.30021989345550537,-0.40618258714675903,3.453059196472168,-0.369775652885437,-0.1644432544708252,3.3849236965179443,-0.19204308092594147,0.010530099272727966,3.360637903213501,-0.1564965695142746,0.04552476853132248,3.355780839920044,-0.08540353924036026,0.1155141070485115,3.346066474914551,-0.1145830824971199,0.06599992513656616,3.292909860610962,-0.285338431596756,-0.40591198205947876,3.2155587673187256,-0.2769480347633362,-0.40575939416885376,3.0816521644592285,-0.2573711574077606,-0.14986515045166016,3.126964569091797,-0.17141085863113403,0.08093006908893585,3.173210859298706,-0.15421879291534424,0.12708911299705505,3.182460069656372,-0.11983467638492584,0.21940720081329346,3.200958490371704,-0.1416804939508438,0.16313862800598145,3.250811815261841,-0.3281790018081665,0.162997305393219,3.370201826095581,-0.34261417388916016,0.6284524202346802,3.3832576274871826,-0.3622564673423767,1.041940450668335,3.3942224979400635,-0.24360932409763336,1.150873064994812,3.408609390258789,-0.3089330792427063,0.1652469038963318,3.165166139602661,-0.30825144052505493,0.6183297634124756,3.2735304832458496,-0.3641124963760376,1.018649935722351,3.363539934158325,-0.25559091567993164,1.1322953701019287,3.401726722717285,-0.17246168851852417,-0.5264259576797485,3.293579578399658,-0.15581488609313965,-0.5748928189277649,3.297412633895874,-0.18399740755558014,-0.6207041144371033,3.3228251934051514,-0.2938617765903473,-0.6307316422462463,3.356245517730713,-0.1705632209777832,-0.6208497285842896,3.2626395225524902,-0.2557982802391052,-0.6311441659927368,3.1857194900512695,-0.40835294127464294,1.1434589624404907,3.3930819034576416,-0.41890671849250793,1.1142082214355469,3.3808140754699707
-0.32740211486816406,0.1633179485797882,3.2686452865600586,-0.317172110080719,-0.026388734579086304,3.2684621810913086,-0.3070102632045746,-0.21609553694725037,3.2696433067321777,-0.2968481183052063,-0.4058080315589905,3.270824432373047,-0.3093218505382538,-0.4071965217590332,3.3212027549743652,-0.3421589732170105,-0.40813350677490234,3.4532220363616943,-0.41345956921577454,-0.16824886202812195,3.3797218799591064,-0.24303506314754486,0.015452444553375244,3.3900904655456543,-0.20895016193389893,0.05219270661473274,3.3921642303466797,-0.14078035950660706,0.12567323446273804,3.3963117599487305,-0.15813323855400085,0.07659856975078583,3.3377504348754883,-0.28426393866539,-0.4064815044403076,3.220459222793579,-0.2514268159866333,-0.4055445194244385,3.08843994140625,-0.2436787486076355,-0.14889714121818542,3.13429594039917,-0.16801141202449799,0.08277978003025055,3.193443775177002,-0.15287794172763824,0.12911516427993774,3.205273389816284,-0.12261100858449936,0.22178593277931213,3.2289323806762695,-0.15260763466358185,0.1656266748905182,3.2745964527130127,-0.3554081618785858,0.16171209514141083,3.3677074909210205,-0.3481091856956482,0.6280286312103271,3.3817152976989746,-0.3533337116241455,1.0426361560821533,3.3908603191375732,-0.23491185903549194,1.147050142288208,3.426992654800415,-0.2993960678577423,0.1649238020181656,3.1695830821990967,-0.302779883146286,0.6187750101089478,3.277787446975708,-0.36455920338630676,1.0213178396224976,3.3562281131744385,-0.2619505226612091,1.1327061653137207,3.4136362075805664,-0.1837245672941208,-0.5266987681388855,3.3102893829345703,-0.16699543595314026,-0.5750772356987,3.315065622329712,-0.19785544276237488,-0.6220640540122986,3.3346035480499268,-0.31131845712661743,-0.6345459222793579,3.3510243892669678,-0.17565080523490906,-0.6200650930404663,3.277078628540039,-0.2484053075313568,-0.628882110118866,3.188037395477295,-0.394549161195755,1.1460340023040771,3.381864547729492,-0.41935521364212036,1.1183693408966064,3.363239049911499
-0.326511949300766,0.16443797945976257,3.274016857147217,-0.3156624436378479,-0.02525077760219574,3.273625135421753,-0.3049579858779907,-0.21494625508785248,3.2744863033294678,-0.2942532002925873,-0.40464743971824646,3.2753474712371826,-0.3100619614124298,-0.4063493013381958,3.3247756958007812,-0.3518945574760437,-0.408118337392807,3.4550790786743164,-0.42370158433914185,-0.16762565076351166,3.383366823196411,-0.25780344009399414,0.01876784861087799,3.4103946685791016,-0.22462381422519684,0.05604654923081398,3.4158003330230713,-0.15826456248760223,0.13060395419597626,3.4266114234924316,-0.1707146167755127,0.08293668180704117,3.365610122680664,-0.2783280909061432,-0.40500736236572266,3.225928783416748,-0.2364954799413681,-0.40323832631111145,3.095625400543213,-0.2396218627691269,-0.14572834968566895,3.1382219791412354,-0.1736372411251068,0.08861254155635834,3.1992597579956055,-0.16044031083583832,0.13548071682453156,3.2114672660827637,-0.13404646515846252,0.22921708226203918,3.23588228225708,-0.16555343568325043,0.1727670431137085,3.2802562713623047,-0.3609401285648346,0.1622685343027115,3.371015787124634,-0.34262368083000183,0.6284958720207214,3.3857264518737793,-0.3458438217639923,1.0433874130249023,3.3919076919555664,-0.22930102050304413,1.1474021673202515,3.434997081756592,-0.2920837700366974,0.16660742461681366,3.1770179271698,-0.29629215598106384,0.6208574175834656,3.2845308780670166,-0.36035287380218506,1.024284839630127,3.357511281967163,-0.2609330415725708,1.1352427005767822,3.4212453365325928,-0.18137070536613464,-0.5252642631530762,3.3168256282806396,-0.1643185168504715,-0.5735968351364136,3.3213205337524414,-0.19542831182479858,-0.6212852001190186,3.33878493309021,-0.30937936902046204,-0.6351933479309082,3.3506362438201904,-0.17106162011623383,-0.6179549098014832,3.2821555137634277,-0.24034038186073303,-0.6257573962211609,3.1901865005493164,-0.38576480746269226,1.1470130681991577,3.3796048164367676,-0.41484639048576355,1.121774673461914,3.360593318939209
-0.3193002939224243,0.1658133566379547,3.278272867202759,-0.30798622965812683,-0.023854121565818787,3.2777178287506104,-0.2969602346420288,-0.21353811025619507,3.278418779373169,-0.2859339118003845,-0.4032278060913086,3.2791197299957275,-0.3034900724887848,-0.4051021933555603,3.3279502391815186,-0.3501351773738861,-0.4073358178138733,3.4572365283966064,-0.41530922055244446,-0.16406293213367462,3.38790225982666,-0.24998854100704193,0.02123779058456421,3.4256021976470947,-0.21692439913749695,0.058297935873270035,3.4331421852111816,-0.15079611539840698,0.13241823017597198,3.4482221603393555,-0.160756453871727,0.08590912073850632,3.3858110904693604,-0.26825791597366333,-0.40341508388519287,3.230297088623047,-0.221612811088562,-0.4011814594268799,3.101010799407959,-0.23768503963947296,-0.14329150319099426,3.1393649578094482,-0.18304604291915894,0.09437461197376251,3.199514389038086,-0.17211824655532837,0.14190784096717834,3.2115442752838135,-0.15026265382766724,0.23697428405284882,3.2356040477752686,-0.18120701611042023,0.17985793948173523,3.2796223163604736,-0.3569943308830261,0.1632845550775528,3.374035358428955,-0.3360802233219147,0.6294352412223816,3.389302968978882,-0.3456876277923584,1.044311285018921,3.391832113265991,-0.2322077453136444,1.1504367589950562,3.4379122257232666,-0.2816062569618225,0.16834215819835663,3.1825103759765625,-0.28990438580513,0.6224572658538818,3.2905731201171875,-0.35920464992523193,1.0255221128463745,3.3609793186187744,-0.2628200650215149,1.1371906995773315,3.4280898571014404,-0.17273318767547607,-0.523705780506134,3.3206658363342285,-0.1554652750492096,-0.5720245242118835,3.3249270915985107,-0.18651233613491058,-0.620043158531189,3.341740369796753,-0.3005795478820801,-0.6346237063407898,3.3524670600891113,-0.16164013743400574,-0.6161304712295532,3.2853174209594727,-0.2301083654165268,-0.6235377788543701,3.192601442337036,-0.38671672344207764,1.1472281217575073,3.377315044403076,-0.41443291306495667,1.1226541996002197,3.3620779514312744
-0.3076789677143097,0.1662505865097046,3.285562753677368,-0.2965589165687561,-0.023431062698364258,3.2849931716918945,-0.2858227789402008,-0.21313485503196716,3.285560369491577,-0.27508631348609924,-0.4028443694114685,3.2861275672912598,-0.29288777709007263,-0.40474027395248413,3.334869146347046,-0.34038135409355164,-0.4070405662059784,3.4644763469696045,-0.39003658294677734,-0.1566474437713623,3.4076802730560303,-0.21795524656772614,0.019446834921836853,3.4587442874908447,-0.18353897333145142,0.054665692150592804,3.4689571857452393,-0.11470643430948257,0.1251034140586853,3.489382743835449,-0.125030517578125,0.08223219215869904,3.424370527267456,-0.257168173789978,-0.4030102491378784,3.2373924255371094,-0.20967459678649902,-0.40070995688438416,3.107785224914551,-0.23907651007175446,-0.14300879836082458,3.1411588191986084,-0.1948939710855484,0.09796060621738434,3.1978189945220947,-0.1860574632883072,0.1461544930934906,3.209151029586792,-0.16838444769382477,0.24254226684570312,3.2318150997161865,-0.1971619427204132,0.1848011016845703,3.2766361236572266,-0.34564003348350525,0.16373786330223083,3.3812155723571777,-0.3278980255126953,0.6301092505455017,3.3941128253936768,-0.34866172075271606,1.0445895195007324,3.3911550045013428,-0.23821142315864563,1.1543290615081787,3.4361398220062256,-0.26971790194511414,0.16876330971717834,3.1899099349975586,-0.28410986065864563,0.6233798265457153,3.295267105102539,-0.36100712418556213,1.0256997346878052,3.3620455265045166,-0.2669810950756073,1.1396313905715942,3.428711414337158,-0.1616598665714264,-0.5239341259002686,3.3256144523620605,-0.14453668892383575,-0.5723618268966675,3.329554796218872,-0.17551785707473755,-0.6202645897865295,3.3469274044036865,-0.28950265049934387,-0.6343173384666443,3.3597218990325928,-0.15163999795913696,-0.6164510250091553,3.2900326251983643,-0.221848726272583,-0.6235122680664062,3.1985199451446533,-0.39239972829818726,1.1461697816848755,3.375174045562744,-0.4179815649986267,1.1218291521072388,3.3620829582214355
-0.29499462246894836,0.16711726784706116,3.292595863342285,-0.28435683250427246,-0.022592365741729736,3.292130470275879,-0.27413859963417053,-0.21232475340366364,3.2926971912384033,-0.26392003893852234,-0.40206286311149597,3.2932639122009277,-0.28075453639030457,-0.40385693311691284,3.3423516750335693,-0.3258793354034424,-0.405895471572876,3.473489999771118,-0.3591892421245575,-0.14970704913139343,3.4309303760528564,-0.1794257014989853,0.017632022500038147,3.486285448074341,-0.14347299933433533,0.05109983682632446,3.497356414794922,-0.0715675875544548,0.1180354654788971,3.519498348236084,-0.08459682762622833,0.07831920683383942,3.452873468399048,-0.24697449803352356,-0.4023309350013733,3.244182586669922,-0.20184971392154694,-0.40029239654541016,3.113044261932373,-0.24434874951839447,-0.14348334074020386,3.141263246536255,-0.2097821831703186,0.10056784749031067,3.1925041675567627,-0.20286886394023895,0.14937809109687805,3.2027523517608643,-0.18904224038124084,0.24699856340885162,3.2232487201690674,-0.2144521325826645,0.18888989090919495,3.2697649002075195,-0.3307836651802063,0.16487374901771545,3.389085054397583,-0.3196103274822235,0.6315886974334717,3.3977534770965576,-0.3527042865753174,1.0452344417572021,3.389573812484741,-0.2445814460515976,1.1588093042373657,3.4305689334869385,-0.25920557975769043,0.16936078667640686,3.1961066722869873,-0.28034403920173645,0.6245855093002319,3.297823905944824,-0.3648209571838379,1.0257902145385742,3.3623483180999756,-0.27198082208633423,1.1424591541290283,3.425905227661133,-0.15044933557510376,-0.5244130492210388,3.3287434577941895,-0.13377420604228973,-0.5730463862419128,3.332237720489502,-0.16461899876594543,-0.6204873323440552,3.3511133193969727,-0.2781842052936554,-0.6330514550209045,3.3686163425445557,-0.1430295705795288,-0.6172418594360352,3.29325795173645,-0.21701419353485107,-0.6238559484481812,3.204692840576172,-0.39977654814720154,1.1452580690383911,3.3731822967529297,-0.4239266514778137,1.1206355094909668,3.3626708984375
-0.2844012975692749,0.1682327687740326,3.2982864379882812,-0.27438247203826904,-0.021504268050193787,3.2971489429473877,-0.2647576630115509,-0.21126490831375122,3.296868324279785,-0.2551325559616089,-0.4010312259197235,3.2965877056121826,-0.2698701024055481,-0.40288621187210083,3.346341848373413,-0.3095640242099762,-0.40509694814682007,3.479879379272461,-0.32481759786605835,-0.1449785828590393,3.452498435974121,-0.13490265607833862,0.011358276009559631,3.5068702697753906,-0.09691967070102692,0.04262564703822136,3.517744541168213,-0.020953692495822906,0.10516038537025452,3.5394933223724365,-0.038734205067157745,0.06910037994384766,3.471834421157837,-0.24029040336608887,-0.4012387692928314,3.246830463409424,-0.20059648156166077,-0.3990280330181122,3.113292932510376,-0.25444358587265015,-0.1439186930656433,3.139054536819458,-0.22711123526096344,0.10214506089687347,3.1856460571289062,-0.22164475917816162,0.15135781466960907,3.1949644088745117,-0.21071182191371918,0.24978330731391907,3.2136011123657227,-0.23198728263378143,0.1914135217666626,3.26191782951355,-0.31578075885772705,0.1659882664680481,3.3962957859039307,-0.3136657178401947,0.6329468488693237,3.3999836444854736,-0.3601800203323364,1.045244812965393,3.387824535369873,-0.2539813816547394,1.162722110748291,3.422419786453247,-0.25302183628082275,0.1704772710800171,3.200277090072632,-0.2794581949710846,0.6260979175567627,3.2991673946380615,-0.36937278509140015,1.0260733366012573,3.3642520904541016,-0.2762516736984253,1.1451926231384277,3.42268967628479,-0.14140279591083527,-0.5248377323150635,3.325665235519409,-0.12520258128643036,-0.5736882090568542,3.3283157348632812,-0.1555107682943344,-0.6206666231155396,3.349130868911743,-0.26800596714019775,-0.6316496133804321,3.373365640640259,-0.13734325766563416,-0.617845356464386,3.2900850772857666,-0.21653130650520325,-0.6236560940742493,3.2060697078704834,-0.4110843241214752,1.143518328666687,3.372239828109741,-0.43038469552993774,1.119692087173462,3.3664677143096924
-0.27601128816604614,0.17059123516082764,3.305204391479492,-0.26698246598243713,-0.019154414534568787,3.3026461601257324,-0.2582574188709259,-0.20892158150672913,3.3007049560546875,-0.24953210353851318,-0.3986944556236267,3.2987637519836426,-0.26060840487480164,-0.40075570344924927,3.349443197250366,-0.29058894515037537,-0.4035317003726959,3.486062526702881,-0.29432937502861023,-0.14191949367523193,3.4708590507507324,-0.0973539650440216,0.008509829640388489,3.516420602798462,-0.05795888230204582,0.03859569504857063,3.5255329608917236,0.020831283181905746,0.09876742959022522,3.543757677078247,-0.0026730895042419434,0.06552247703075409,3.4763755798339844,-0.2383609563112259,-0.39869576692581177,3.248063087463379,-0.20838040113449097,-0.3959197700023651,3.1114437580108643,-0.26930803060531616,-0.14250895380973816,3.1389546394348145,-0.2442014515399933,0.10447695851325989,3.182218313217163,-0.23918013274669647,0.15387414395809174,3.190871000289917,-0.22913751006126404,0.25266849994659424,3.208176612854004,-0.24558527767658234,0.19415289163589478,3.2582104206085205,-0.29986870288848877,0.16810639202594757,3.4053049087524414,-0.30542194843292236,0.6350932717323303,3.405184745788574,-0.3635404407978058,1.0459362268447876,3.3924458026885986,-0.2581578493118286,1.1664937734603882,3.41776442527771,-0.2521538734436035,0.1730760782957077,3.205103874206543,-0.2802404761314392,0.629209578037262,3.301337957382202,-0.37181222438812256,1.0283385515213013,3.3694751262664795,-0.27659451961517334,1.1495561599731445,3.419679880142212,-0.13589322566986084,-0.524500846862793,3.317976951599121,-0.12038041651248932,-0.5736311078071594,3.319244623184204,-0.1495952606201172,-0.6200951933860779,3.342625617980957,-0.259755939245224,-0.6291362643241882,3.376493453979492,-0.13654810190200806,-0.6175339221954346,3.2822277545928955,-0.2227889895439148,-0.6218793988227844,3.2053658962249756,-0.41804081201553345,1.142698049545288,3.3797600269317627,-0.43407538533210754,1.1209757328033447,3.3754525184631348
-0.26999542117118835,0.17336633801460266,3.310051441192627,-0.2623855173587799,-0.016331076622009277,3.3054187297821045,-0.25500184297561646,-0.20604996383190155,3.301330327987671,-0.2476179450750351,-0.3957745134830475,3.297241687774658,-0.25321054458618164,-0.3981359601020813,3.348782777786255,-0.2684386968612671,-0.4017327129840851,3.488184928894043,-0.2645469903945923,-0.1401950716972351,3.4716219902038574,-0.061203375458717346,0.007356181740760803,3.491347312927246,-0.020534653216600418,0.036866433918476105,3.4952924251556396,0.06080279126763344,0.09588693082332611,3.5031826496124268,0.028766900300979614,0.06246524676680565,3.439502239227295,-0.24194510281085968,-0.3954751491546631,3.2456562519073486,-0.22671693563461304,-0.3918783962726593,3.1062541007995605,-0.2920922040939331,-0.14029964804649353,3.1398043632507324,-0.2660774886608124,0.10703013837337494,3.1805508136749268,-0.26087453961372375,0.1564960926771164,3.1887001991271973,-0.2504686713218689,0.2554280161857605,3.204998731613159,-0.2607916295528412,0.19669033586978912,3.256397247314453,-0.2826822102069855,0.17036394774913788,3.412149667739868,-0.29427221417427063,0.6372737288475037,3.4123122692108154,-0.36316967010498047,1.0466139316558838,3.4051966667175293,-0.25852686166763306,1.1697238683700562,3.4185478687286377,-0.25730863213539124,0.17636872828006744,3.2079532146453857,-0.2832251191139221,0.6327099204063416,3.3039751052856445,-0.3712539076805115,1.031276822090149,3.3798182010650635,-0.2724515199661255,1.1538329124450684,3.4185805320739746,-0.13494259119033813,-0.5237706303596497,3.303101062774658,-0.12033332884311676,-0.5731931924819946,3.30257248878479,-0.14750120043754578,-0.619131863117218,3.3292369842529297,-0.25310349464416504,-0.6261218786239624,3.3757638931274414,-0.14156003296375275,-0.6167178153991699,3.2677230834960938,-0.23627018928527832,-0.619282066822052,3.201474666595459,-0.4210164248943329,1.142024040222168,3.398374319076538,-0.4335309565067291,1.12328040599823,3.392178535461426
-0.2605116069316864,0.17889726161956787,3.3137621879577637,-0.2573465406894684,-0.01076960563659668,3.3077359199523926,-0.2543182969093323,-0.20045322179794312,3.302185535430908,-0.251289963722229,-0.3901425302028656,3.2966349124908447,-0.24404343962669373,-0.3925599157810211,3.3479344844818115,-0.2244112193584442,-0.39632493257522583,3.4873130321502686,-0.20574945211410522,-0.13665413856506348,3.455430507659912,-0.001016572117805481,0.005127131938934326,3.4156041145324707,0.03993000462651253,0.03348338603973389,3.4076387882232666,0.12182316184043884,0.09019589424133301,3.3917081356048584,0.07399186491966248,0.05499901622533798,3.3399293422698975,-0.2585035562515259,-0.3897867798805237,3.2452750205993652,-0.2781357765197754,-0.38602176308631897,3.105896472930908,-0.3485194742679596,-0.13806939125061035,3.154470443725586,-0.31798040866851807,0.11016669869422913,3.186871290206909,-0.31187260150909424,0.15981391072273254,3.1933515071868896,-0.2996569871902466,0.25910836458206177,3.2063119411468506,-0.29626670479774475,0.20057685673236847,3.2589452266693115,-0.24711523950099945,0.17588095366954803,3.4157328605651855,-0.2679911255836487,0.6423918008804321,3.4180827140808105,-0.3526318371295929,1.0486243963241577,3.428859233856201,-0.25296297669410706,1.1757795810699463,3.4156599044799805,-0.27390798926353455,0.1819135695695877,3.211791515350342,-0.2883133590221405,0.6386688351631165,3.307920455932617,-0.36263421177864075,1.036513328552246,3.400122880935669,-0.2598245143890381,1.1612995862960815,3.41174578666687,-0.14590775966644287,-0.5229440927505493,3.276510715484619,-0.13386474549770355,-0.5729900002479553,3.2733898162841797,-0.15513566136360168,-0.6174092292785645,3.307124614715576,-0.24563169479370117,-0.619234025478363,3.379152297973633,-0.1649867743253708,-0.6159710884094238,3.2460477352142334,-0.27354317903518677,-0.615159273147583,3.206101417541504,-0.4140683710575104,1.1416501998901367,3.4368512630462646,-0.42167773842811584,1.127532720565796,3.4269826412200928
-0.2600972056388855,0.18331924080848694,3.3125898838043213,-0.25968170166015625,-0.00633731484413147,3.306823253631592,-0.2593432664871216,-0.19600583612918854,3.301459550857544,-0.2590048015117645,-0.38568001985549927,3.296095609664917,-0.2431746870279312,-0.38807809352874756,3.3454151153564453,-0.20010524988174438,-0.39179855585098267,3.479694366455078,-0.18647493422031403,-0.13482826948165894,3.4286744594573975,0.0011869966983795166,0.00732479989528656,3.3380885124206543,0.038719382137060165,0.03575541451573372,3.3199713230133057,0.11378414928913116,0.09261664748191833,3.2837369441986084,0.056725941598415375,0.05402451753616333,3.245457410812378,-0.27483123540878296,-0.3853435218334198,3.246718168258667,-0.3179006576538086,-0.3816230595111847,3.112438917160034,-0.38420969247817993,-0.13495126366615295,3.1722609996795654,-0.3487008512020111,0.1134183406829834,3.1983752250671387,-0.34159907698631287,0.1630922555923462,3.2035980224609375,-0.32739555835723877,0.2624400854110718,3.2140438556671143,-0.3155369758605957,0.20407971739768982,3.265655517578125,-0.22922101616859436,0.18040436506271362,3.4106802940368652,-0.2520792484283447,0.6467452049255371,3.4160125255584717,-0.33863338828086853,1.051864504814148,3.4415700435638428,-0.24433913826942444,1.1802148818969727,3.411479949951172,-0.29097339510917664,0.18623411655426025,3.2144994735717773,-0.29601603746414185,0.6431087851524353,3.310753345489502,-0.35711321234703064,1.040732502937317,3.4128758907318115,-0.2551133334636688,1.1665029525756836,3.4059157371520996,-0.16055332124233246,-0.5207824110984802,3.2612345218658447,-0.150003120303154,-0.5711017847061157,3.257075786590576,-0.16611169278621674,-0.6145992279052734,3.294675827026367,-0.2434607744216919,-0.6136050224304199,3.380718946456909,-0.1859251856803894,-0.6139073371887207,3.23603892326355,-0.2995989918708801,-0.6116448044776917,3.214581251144409,-0.39891618490219116,1.1441208124160767,3.4601192474365234,-0.4114789068698883,1.1313502788543701,3.4492368698120117
-0.25990310311317444,0.18622660636901855,3.313502550125122,-0.2619197368621826,-0.0034016072750091553,3.30865478515625,-0.26408687233924866,-0.1930326670408249,3.303985357284546,-0.26625409722328186,-0.3826693892478943,3.299315929412842,-0.24402698874473572,-0.3851063847541809,3.3460867404937744,-0.1833551526069641,-0.3889433741569519,3.4737558364868164,-0.17006944119930267,-0.1357201337814331,3.406426191329956,0.00261099636554718,-0.003283590078353882,3.278829574584961,0.03714708238840103,0.023203717544674873,3.253310203552246,0.10621925443410873,0.07617833465337753,3.2022714614868164,0.04281505197286606,0.03743557631969452,3.1760025024414062,-0.2885047495365143,-0.3822935223579407,3.2524943351745605,-0.3491765856742859,-0.3784565329551697,3.1248252391815186,-0.4120921492576599,-0.1330351084470749,3.192955732345581,-0.37546563148498535,0.11571255326271057,3.2134976387023926,-0.3681403398513794,0.16546207666397095,3.2176060676574707,-0.3534897267818451,0.2649611234664917,3.225822925567627,-0.33472228050231934,0.20691032707691193,3.2757132053375244,-0.2158961147069931,0.1833828240633011,3.4064340591430664,-0.23890320956707,0.6496914625167847,3.4114344120025635,-0.32490628957748413,1.05415940284729,3.446854591369629,-0.23674437403678894,1.183144211769104,3.403752326965332,-0.30391010642051697,0.18907038867473602,3.2205710411071777,-0.30265939235687256,0.6465574502944946,3.3138558864593506,-0.35190969705581665,1.0448863506317139,3.4194674491882324,-0.2527152895927429,1.1711289882659912,3.3973162174224854,-0.17478635907173157,-0.5196713805198669,3.254120111465454,-0.16548120975494385,-0.5702041387557983,3.249415636062622,-0.1771271824836731,-0.6129562258720398,3.289466619491577,-0.24269334971904755,-0.6096689105033875,3.3847861289978027,-0.20436033606529236,-0.6127941608428955,3.233860731124878,-0.3198539614677429,-0.6092098355293274,3.227236270904541,-0.3829612731933594,1.1459870338439941,3.4730286598205566,-0.40139126777648926,1.1355817317962646,3.462054967880249
-0.2578847110271454,0.18705785274505615,3.316896677017212,-0.2624487280845642,-0.002537742257118225,3.3133177757263184,-0.26735609769821167,-0.19212321937084198,3.3096580505371094,-0.27226361632347107,-0.3817143440246582,3.3059980869293213,-0.2454409897327423,-0.38429489731788635,3.350280284881592,-0.17193320393562317,-0.38853904604911804,3.4715702533721924,-0.14719319343566895,-0.1388923078775406,3.39473295211792,0.022216588258743286,-0.025823213160037994,3.2458648681640625,0.05609854683279991,-0.003209395334124565,3.2160911560058594,0.12386246025562286,0.04201824218034744,3.1565439701080322,0.05520280450582504,0.008005060255527496,3.138082981109619,-0.2991395592689514,-0.38119447231292725,3.261676073074341,-0.37264734506607056,-0.37695032358169556,3.1403861045837402,-0.4345232844352722,-0.1327916532754898,3.213853359222412,-0.40088558197021484,0.11670200526714325,3.2302067279815674,-0.3941580355167389,0.16660073399543762,3.2334773540496826,-0.3807029724121094,0.26639819145202637,3.240018844604492,-0.3562896251678467,0.20893371105194092,3.2881195545196533,-0.20434273779392242,0.1841120570898056,3.404670476913452,-0.22847537696361542,0.6503724455833435,3.4063572883605957,-0.314837247133255,1.0542196035385132,3.4473860263824463,-0.23306381702423096,1.1837133169174194,3.3943746089935303,-0.31142669916152954,0.1900036484003067,3.2291228771209717,-0.3078424632549286,0.6482977867126465,3.31821608543396,-0.3490027189254761,1.0476369857788086,3.42342209815979,-0.2537548840045929,1.1742560863494873,3.389346122741699,-0.1877889335155487,-0.5210237503051758,3.2544021606445312,-0.17979829013347626,-0.5717998743057251,3.249643325805664,-0.1882094442844391,-0.6137672066688538,3.2913413047790527,-0.24421027302742004,-0.6079221367835999,3.392521858215332,-0.22070300579071045,-0.61393803358078,3.238602876663208,-0.3362753391265869,-0.6084061861038208,3.2430968284606934,-0.3708823323249817,1.145670771598816,3.4787328243255615,-0.3944720923900604,1.1385436058044434,3.4698493480682373
-0.25505542755126953,0.1875203251838684,3.3232314586639404,-0.2619621455669403,-0.002023562788963318,3.3208820819854736,-0.2694850265979767,-0.1915389746427536,3.318157196044922,-0.2770081162452698,-0.38106006383895874,3.31543231010437,-0.246763214468956,-0.3838962912559509,3.3574349880218506,-0.16338017582893372,-0.3888694643974304,3.4731178283691406,-0.1135319173336029,-0.14301085472106934,3.396108865737915,0.06545776128768921,-0.05578067898750305,3.2411246299743652,0.10125569999217987,-0.038334645330905914,3.210127830505371,0.1728515625,-0.003442574292421341,3.148134231567383,0.09973898530006409,-0.028090907260775566,3.1319830417633057,-0.3073348104953766,-0.3802836537361145,3.273400068283081,-0.39071786403656006,-0.375310480594635,3.157717227935791,-0.453993558883667,-0.13247179985046387,3.234445571899414,-0.42666327953338623,0.11800488829612732,3.2478981018066406,-0.42119723558425903,0.16810022294521332,3.2505886554718018,-0.41026511788368225,0.2682909071445465,3.255969762802124,-0.3808910548686981,0.2117564082145691,3.3023900985717773,-0.1943894326686859,0.18428099155426025,3.406229257583618,-0.2217143177986145,0.650351881980896,3.4030261039733887,-0.31002962589263916,1.0534639358520508,3.446974039077759,-0.23467642068862915,1.183416485786438,3.3861517906188965,-0.31572142243385315,0.19075965881347656,3.2402336597442627,-0.31433871388435364,0.650079607963562,3.323913097381592,-0.35217440128326416,1.050574779510498,3.425905466079712,-0.2617766857147217,1.177769660949707,3.3821465969085693,-0.19976970553398132,-0.522880494594574,3.25913667678833,-0.19323189556598663,-0.5739086866378784,3.254446506500244,-0.19915395975112915,-0.6152123808860779,3.2972819805145264,-0.24679109454154968,-0.6069383025169373,3.4025893211364746,-0.23578186333179474,-0.6153084635734558,3.247270107269287,-0.3505701422691345,-0.6072105169296265,3.2608888149261475,-0.3645857870578766,1.1445170640945435,3.4818973541259766,-0.39491885900497437,1.1416748762130737,3.474489212036133
-0.2531760334968567,0.1872316300868988,3.340359926223755,-0.26212966442108154,-0.0022291988134384155,3.33905291557312,-0.27193179726600647,-0.1916431337594986,3.337165355682373,-0.2817342281341553,-0.38106274604797363,3.335277795791626,-0.24883730709552765,-0.38419535756111145,3.3752126693725586,-0.15736770629882812,-0.39003393054008484,3.486100196838379,-0.07379551976919174,-0.15123189985752106,3.415679454803467,0.11874585598707199,-0.09439657628536224,3.2624998092651367,0.15725412964820862,-0.08302950859069824,3.2318639755249023,0.23427067697048187,-0.060295380651950836,3.1705920696258545,0.1581931710243225,-0.07253581285476685,3.1536808013916016,-0.3147376775741577,-0.3799888789653778,3.2953224182128906,-0.40620726346969604,-0.3741503059864044,3.1844348907470703,-0.472726047039032,-0.13261455297470093,3.2632100582122803,-0.45350411534309387,0.11889901757240295,3.274951934814453,-0.4496597349643707,0.16920173168182373,3.2773003578186035,-0.44197097420692444,0.2698071599006653,3.2819972038269043,-0.4082532823085785,0.21442607045173645,3.326937675476074,-0.18693038821220398,0.18355880677700043,3.418949842453003,-0.21825842559337616,0.6493191123008728,3.4105629920959473,-0.30885782837867737,1.0517518520355225,3.4561073780059814,-0.2395765483379364,1.1819491386413574,3.3889169692993164,-0.3194216787815094,0.19090445339679718,3.261770009994507,-0.32247117161750793,0.6512230038642883,3.339756965637207,-0.3592943251132965,1.052998423576355,3.436994791030884,-0.27393418550491333,1.180576205253601,3.3850011825561523,-0.21176093816757202,-0.5256209373474121,3.2759435176849365,-0.2067403346300125,-0.5769087672233582,3.2715868949890137,-0.21068249642848969,-0.6175204515457153,3.3153951168060303,-0.25084957480430603,-0.6066621541976929,3.4236834049224854,-0.2506808042526245,-0.6174052357673645,3.267944097518921,-0.3641781210899353,-0.6063357591629028,3.2892391681671143,-0.3621513843536377,1.1424970626831055,3.493685722351074,-0.40002208948135376,1.1443976163864136,3.486738681793213
-0.2489231824874878,0.1868133544921875,3.352288246154785,-0.259563684463501,-0.0025633424520492554,3.3513762950897217,-0.27121609449386597,-0.19187606871128082,3.3497941493988037,-0.2828688323497772,-0.38119447231292725,3.3482120037078857,-0.24774302542209625,-0.3847064971923828,3.3861682415008545,-0.14910189807415009,-0.39166733622550964,3.4925904273986816,-0.024405546486377716,-0.16691234707832336,3.435852289199829,0.1804286241531372,-0.14300373196601868,3.2891294956207275,0.22139546275138855,-0.13822200894355774,3.2597849369049072,0.30332913994789124,-0.12865856289863586,3.2010958194732666,0.2266850769519806,-0.12591007351875305,3.1818597316741943,-0.3181213140487671,-0.37974005937576294,3.3102383613586426,-0.41676244139671326,-0.3727792203426361,3.2038161754608154,-0.4876834750175476,-0.13264182209968567,3.2849793434143066,-0.47865742444992065,0.12000724673271179,3.296945571899414,-0.4768522083759308,0.170537069439888,3.2993388175964355,-0.47324177622795105,0.2715966999530792,3.3041253089904785,-0.4350440502166748,0.21747948229312897,3.3473010063171387,-0.17799799144268036,0.18247024714946747,3.4266395568847656,-0.2144349366426468,0.6478146314620972,3.4159390926361084,-0.3086364269256592,1.048940658569336,3.465548038482666,-0.24563129246234894,1.1799447536468506,3.393893241882324,-0.31984835863113403,0.19115646183490753,3.2779369354248047,-0.32765331864356995,0.6521216630935669,3.351677894592285,-0.36350271105766296,1.0551292896270752,3.444072723388672,-0.28294724225997925,1.1827056407928467,3.384901523590088,-0.22003549337387085,-0.5280787944793701,3.2860729694366455,-0.21647286415100098,-0.5795704126358032,3.2819533348083496,-0.2185768038034439,-0.6197198629379272,3.3264079093933105,-0.25161370635032654,-0.606903612613678,3.437016487121582,-0.2615266740322113,-0.6190996766090393,3.2815120220184326,-0.3733050227165222,-0.6051464080810547,3.30981183052063,-0.3610386252403259,1.1389813423156738,3.505969285964966,-0.4023043215274811,1.146939754486084,3.4945948123931885
-0.24600768089294434,0.18588018417358398,3.374067783355713,-0.25798988342285156,-0.0034451931715011597,3.3732399940490723,-0.2711316645145416,-0.19268882274627686,3.371659278869629,-0.28427383303642273,-0.3819381296634674,3.3700785636901855,-0.24716371297836304,-0.3858492970466614,3.406067132949829,-0.14169949293136597,-0.394025981426239,3.5081722736358643,0.023821204900741577,-0.1912696808576584,3.4698805809020996,0.23783545196056366,-0.19881483912467957,3.3326385021209717,0.28063830733299255,-0.20032386481761932,3.305190086364746,0.36624401807785034,-0.20334193110466003,3.250293254852295,0.29207584261894226,-0.18563303351402283,3.227940320968628,-0.32152679562568665,-0.3800838589668274,3.3340725898742676,-0.4269910156726837,-0.37190717458724976,3.2319674491882324,-0.5028603076934814,-0.1327713131904602,3.3158206939697266,-0.5048912167549133,0.12119770050048828,3.3296055793762207,-0.5052974224090576,0.1719914972782135,3.332362651824951,-0.5061097741127014,0.27357909083366394,3.337876558303833,-0.463491290807724,0.2207319736480713,3.3791685104370117,-0.17093971371650696,0.18082258105278015,3.444190263748169,-0.21198752522468567,0.6457698345184326,3.431643486022949,-0.308979332447052,1.0457168817520142,3.4854605197906494,-0.25198227167129517,1.1773667335510254,3.41003155708313,-0.3210756480693817,0.19093778729438782,3.303945302963257,-0.3331010341644287,0.6525783538818359,3.3729496002197266,-0.36744382977485657,1.0571517944335938,3.4589858055114746,-0.29146748781204224,1.184117078781128,3.39282488822937,-0.22866573929786682,-0.5309582948684692,3.305522918701172,-0.2265525609254837,-0.5826226472854614,3.301663398742676,-0.22689467668533325,-0.6224205493927002,3.346593141555786,-0.25290751457214355,-0.6079460978507996,3.4590280055999756,-0.272520512342453,-0.6211276650428772,3.3043065071105957,-0.38218072056770325,-0.6042829751968384,3.3392162322998047,-0.3603089451789856,1.135149359703064,3.5285425186157227,-0.4042168855667114,1.1496878862380981,3.509718179702759
-0.24459955096244812,0.1843547523021698,3.4084181785583496,-0.257654070854187,-0.004989027976989746,3.4074928760528564,-0.27198395133018494,-0.19423484802246094,3.4057562351226807,-0.2863142788410187,-0.3834863305091858,3.404019594192505,-0.24743402004241943,-0.3877773880958557,3.438079833984375,-0.13540005683898926,-0.39715978503227234,3.536055564880371,0.05992339551448822,-0.2171810269355774,3.510906219482422,0.2780870199203491,-0.2479621171951294,3.3795156478881836,0.3217197358608246,-0.25411832332611084,3.3532376289367676,0.4089851975440979,-0.2664307653903961,3.3006813526153564,0.33814316987991333,-0.2377943992614746,3.2765140533447266,-0.325350284576416,-0.3812521994113922,3.3699405193328857,-0.4373842477798462,-0.3718698024749756,3.2719647884368896,-0.5182384848594666,-0.13282860815525055,3.358555793762207,-0.5312705039978027,0.1228354424238205,3.375058889389038,-0.533876895904541,0.17396825551986694,3.37835955619812,-0.5390896797180176,0.27623388171195984,3.384960651397705,-0.49218201637268066,0.2245997190475464,3.424410343170166,-0.16585233807563782,0.1786031723022461,3.4743566513061523,-0.21052150428295135,0.643317461013794,3.4598500728607178,-0.3088828921318054,1.0425753593444824,3.5172579288482666,-0.25738874077796936,1.1745389699935913,3.4383814334869385,-0.3233467638492584,0.1901063323020935,3.342479705810547,-0.3387693166732788,0.652593195438385,3.405987024307251,-0.3711276352405548,1.0590577125549316,3.4841980934143066,-0.29949361085891724,1.1848379373550415,3.411153793334961,-0.23754549026489258,-0.5344702005386353,3.3377442359924316,-0.23674850165843964,-0.586286723613739,3.334261417388916,-0.23538191616535187,-0.6257567405700684,3.3795957565307617,-0.25469425320625305,-0.6097519993782043,3.493370532989502,-0.28337714076042175,-0.6238254308700562,3.339878559112549,-0.3906807005405426,-0.6042799949645996,3.3808388710021973,-0.35883474349975586,1.1316734552383423,3.562685966491699,-0.4057917594909668,1.1526191234588623,3.534616470336914
-0.2442048192024231,0.18158453702926636,3.5055410861968994,-0.25923779606819153,-0.008951649069786072,3.504122495651245,-0.27576908469200134,-0.19935616850852966,3.5019121170043945,-0.29230085015296936,-0.3897663950920105,3.499701738357544,-0.24909967184066772,-0.3948954641819,3.528608560562134,-0.11940637230873108,-0.4071613848209381,3.6152446269989014,0.11580710113048553,-0.2596030831336975,3.600182294845581,0.342549204826355,-0.30600181221961975,3.46628999710083,0.3878976106643677,-0.31528156995773315,3.43951153755188,0.47859445214271545,-0.3338410556316376,3.3859546184539795,0.40995219349861145,-0.2925876975059509,3.362205743789673,-0.3356817066669464,-0.3867068588733673,3.470771074295044,-0.46537500619888306,-0.3744409382343292,3.3841350078582764,-0.5504622459411621,-0.1271904557943344,3.4787557125091553,-0.5812802910804749,0.13731636106967926,3.502804756164551,-0.5874438881874084,0.1902177333831787,3.5076146125793457,-0.5997711420059204,0.2960204482078552,3.5172343254089355,-0.5430445075035095,0.2454237937927246,3.551870584487915,-0.15704327821731567,0.17429794371128082,3.560572385787964,-0.2088608592748642,0.6419568061828613,3.5408761501312256,-0.30616495013237,1.0439958572387695,3.6051292419433594,-0.26742565631866455,1.1763615608215332,3.51737117767334,-0.3313663601875305,0.1888711303472519,3.450509786605835,-0.35054370760917664,0.6566392183303833,3.501530170440674,-0.3764854371547699,1.0702348947525024,3.5606701374053955,-0.3156364858150482,1.1927658319473267,3.47119140625,-0.25804173946380615,-0.544894278049469,3.4307971000671387,-0.25953108072280884,-0.5971307754516602,3.4285390377044678,-0.2533162236213684,-0.6359617114067078,3.4745795726776123,-0.2563842535018921,-0.6167829036712646,3.5902905464172363,-0.30655819177627563,-0.6330123543739319,3.441467761993408,-0.4072365164756775,-0.6084264516830444,3.496474266052246,-0.35151273012161255,1.1338869333267212,3.655799627304077,-0.4054156541824341,1.167256474494934,3.6102097034454346
-0.24414974451065063,0.17892813682556152,3.530440092086792,-0.26010069251060486,-0.011905446648597717,3.527264356613159,-0.2774999439716339,-0.20259961485862732,3.523393154144287,-0.29489970207214355,-0.3932994604110718,3.519521713256836,-0.25042924284935,-0.39895087480545044,3.5465381145477295,-0.1148606389760971,-0.41299012303352356,3.62878680229187,0.12842434644699097,-0.2703218460083008,3.616987943649292,0.35952630639076233,-0.3045879006385803,3.4788310527801514,0.4057466983795166,-0.3114411234855652,3.451199769973755,0.49818748235702515,-0.3251475393772125,3.395936965942383,0.4282984137535095,-0.28195300698280334,3.3749630451202393,-0.33955928683280945,-0.38972073793411255,3.4924633502960205,-0.4751278758049011,-0.37568148970603943,3.41021466255188,-0.5562345385551453,-0.12335562705993652,3.507345676422119,-0.5896086692810059,0.1444123089313507,3.5366051197052,-0.596283495426178,0.19796589016914368,3.542457103729248,-0.6096331477165222,0.305073082447052,3.5541608333587646,-0.5499789714813232,0.25398993492126465,3.586130380630493,-0.15455764532089233,0.17058604955673218,3.581726551055908,-0.20708343386650085,0.6388002038002014,3.560997247695923,-0.3021191954612732,1.0416090488433838,3.6276841163635254,-0.2672874331474304,1.1738044023513794,3.537625551223755,-0.33374184370040894,0.18727022409439087,3.479153633117676,-0.3532808721065521,0.6563394069671631,3.5239367485046387,-0.37637120485305786,1.0719610452651978,3.573528528213501,-0.3191758394241333,1.1922069787979126,3.478297233581543,-0.2648048400878906,-0.5484216213226318,3.4479963779449463,-0.26678428053855896,-0.6007139682769775,3.4454426765441895,-0.2588317394256592,-0.6399829387664795,3.490971803665161,-0.2566729784011841,-0.6215859651565552,3.607024669647217,-0.3135412931442261,-0.6364092826843262,3.4602019786834717,-0.41168341040611267,-0.6114606261253357,3.519843101501465,-0.3454083800315857,1.1318135261535645,3.6799325942993164,-0.4031330943107605,1.1704195737838745,3.621803045272827
-0.24002628028392792,0.1779327094554901,3.5191023349761963,-0.25665614008903503,-0.012954279780387878,3.5139639377593994,-0.274788498878479,-0.20368508994579315,3.508152961730957,-0.29292142391204834,-0.39442163705825806,3.5023417472839355,-0.24743224680423737,-0.4005619287490845,3.527578115463257,-0.1071850061416626,-0.41626328229904175,3.6053128242492676,0.14097332954406738,-0.27583640813827515,3.595524549484253,0.3737937808036804,-0.29750314354896545,3.452059268951416,0.420357882976532,-0.3018364906311035,3.4233663082122803,0.5134860873222351,-0.31050318479537964,3.3659801483154297,0.4423444867134094,-0.2659408748149872,3.34871244430542,-0.33860766887664795,-0.3903543949127197,3.4770424365997314,-0.4788548946380615,-0.37465304136276245,3.3993077278137207,-0.5528987050056458,-0.11864033341407776,3.5011560916900635,-0.5853570103645325,0.1512194275856018,3.538294792175293,-0.5918486714363098,0.20519137382507324,3.545722484588623,-0.6048319935798645,0.3131352663040161,3.5605781078338623,-0.5431378483772278,0.26087045669555664,3.588991403579712,-0.1484626829624176,0.16866573691368103,3.5670273303985596,-0.2036398947238922,0.6366857290267944,3.54809308052063,-0.29727405309677124,1.0394468307495117,3.6171998977661133,-0.26619753241539,1.1714948415756226,3.525543451309204,-0.33158987760543823,0.1871996819972992,3.471177339553833,-0.3513665795326233,0.6566281318664551,3.512305736541748,-0.37290674448013306,1.0729970932006836,3.5562660694122314,-0.31935012340545654,1.1917662620544434,3.457125186920166,-0.26572665572166443,-0.5478585958480835,3.426095485687256,-0.267845094203949,-0.6000873446464539,3.42240047454834,-0.25817105174064636,-0.6404148936271667,3.4666690826416016,-0.2515202462673187,-0.6247278451919556,3.5829720497131348,-0.31403493881225586,-0.6361292004585266,3.438119649887085,-0.4098012447357178,-0.6125850677490234,3.502081871032715,-0.33884429931640625,1.1296844482421875,3.6707875728607178,-0.397938996553421,1.1721971035003662,3.603966474533081
-0.23402619361877441,0.179214209318161,3.490921974182129,-0.2513447105884552,-0.011593937873840332,3.4840970039367676,-0.2702266573905945,-0.2022288292646408,3.476609706878662,-0.28910917043685913,-0.39286941289901733,3.4691221714019775,-0.24276356399059296,-0.399431973695755,3.4926564693450928,-0.0987766832113266,-0.41656383872032166,3.565737247467041,0.1511201709508896,-0.2750759422779083,3.553142547607422,0.382804274559021,-0.28613635897636414,3.402834892272949,0.429141104221344,-0.2883484363555908,3.3727734088897705,0.52181476354599,-0.2927725911140442,3.312650203704834,0.44920870661735535,-0.24804648756980896,3.2990920543670654,-0.33566004037857056,-0.38837894797325134,3.4455065727233887,-0.4796469211578369,-0.3712470829486847,3.3724257946014404,-0.5456574559211731,-0.11281287670135498,3.479571580886841,-0.5758461952209473,0.15803584456443787,3.5256354808807373,-0.58188396692276,0.21220558881759644,3.534848213195801,-0.5939594507217407,0.3205450773239136,3.5532736778259277,-0.5307618975639343,0.26702287793159485,3.577714204788208,-0.14083176851272583,0.16915225982666016,3.5357446670532227,-0.2000981718301773,0.6367604732513428,3.519430160522461,-0.2935492992401123,1.039194107055664,3.5906059741973877,-0.2662597596645355,1.1711552143096924,3.4976344108581543,-0.327220618724823,0.18927615880966187,3.446099281311035,-0.3472358286380768,0.6589251756668091,3.4843785762786865,-0.3679817318916321,1.0757217407226562,3.524406909942627,-0.317947119474411,1.1934435367584229,3.422229051589966,-0.2643499970436096,-0.5440372824668884,3.3875768184661865,-0.2665190100669861,-0.5961597561836243,3.3824574947357178,-0.255246639251709,-0.637727677822113,3.4251999855041504,-0.24457134306430817,-0.6253589987754822,3.541639566421509,-0.31209421157836914,-0.6327628493309021,3.398736000061035,-0.4056394100189209,-0.6112920045852661,3.466658353805542,-0.3337962031364441,1.1293516159057617,3.645321846008301,-0.39157524704933167,1.1754133701324463,3.5718088150024414
-0.22983703017234802,0.18007519841194153,3.4822702407836914,-0.2477916032075882,-0.010621324181556702,3.473965883255005,-0.2673214375972748,-0.20113344490528107,3.4650096893310547,-0.2868518531322479,-0.3916512727737427,3.4560532569885254,-0.23978446424007416,-0.3985568881034851,3.4780073165893555,-0.09263628721237183,-0.4168679118156433,3.546640634536743,0.1574781835079193,-0.27227869629859924,3.5301318168640137,0.38720813393592834,-0.273903489112854,3.3731603622436523,0.4331541359424591,-0.27422845363616943,3.341766119003296,0.5250461101531982,-0.2748783826828003,3.278977632522583,0.45094597339630127,-0.23060813546180725,3.2687129974365234,-0.33413147926330566,-0.3868163824081421,3.4340016841888428,-0.4812796711921692,-0.3685053586959839,3.365368366241455,-0.5403029322624207,-0.10819122195243835,3.477120876312256,-0.5688920617103577,0.1630297601222992,3.5322601795196533,-0.5746098756790161,0.21727395057678223,3.543287992477417,-0.586045503616333,0.3257623314857483,3.5653436183929443,-0.521492600440979,0.27129843831062317,3.585901975631714,-0.13530990481376648,0.16934551298618317,3.524286985397339,-0.1977248638868332,0.6365336179733276,3.5104002952575684,-0.2899003326892853,1.0391685962677002,3.5816407203674316,-0.26562705636024475,1.1705437898635864,3.487070322036743,-0.32436415553092957,0.1908048838376999,3.440253496170044,-0.34488028287887573,0.6606442332267761,3.47465181350708,-0.36528313159942627,1.077803134918213,3.50998854637146,-0.3185524642467499,1.1942775249481201,3.404906749725342,-0.2643063962459564,-0.5403338074684143,3.3693761825561523,-0.2665303647518158,-0.5923019051551819,3.362799644470215,-0.25386834144592285,-0.6350781917572021,3.4039502143859863,-0.23964710533618927,-0.6260846257209778,3.5203466415405273,-0.31152328848838806,-0.6295027732849121,3.379389762878418,-0.4030027389526367,-0.6102876663208008,3.450758934020996,-0.32871657609939575,1.1295886039733887,3.636910915374756,-0.3876609802246094,1.178031325340271,3.5567946434020996
-0.22776128351688385,0.18035650253295898,3.4938251972198486,-0.2462713122367859,-0.01022125780582428,3.4840738773345947,-0.266332745552063,-0.2006082534790039,3.473684787750244,-0.28639477491378784,-0.3910009264945984,3.4632954597473145,-0.23872554302215576,-0.398192822933197,3.483814001083374,-0.08880926668643951,-0.4175126552581787,3.5483734607696533,0.16156382858753204,-0.2697805166244507,3.529046058654785,0.38977760076522827,-0.2632592022418976,3.3666977882385254,0.43542036414146423,-0.2619549334049225,3.334228038787842,0.5267058610916138,-0.2593463957309723,3.2692887783050537,0.4513351321220398,-0.21549822390079498,3.2617833614349365,-0.3342820405960083,-0.38587838411331177,3.4426639080047607,-0.48419833183288574,-0.3665585517883301,3.3781044483184814,-0.5374974608421326,-0.10474872589111328,3.494293212890625,-0.5652130246162415,0.16642114520072937,3.5589439868927,-0.5707561373710632,0.22065511345863342,3.5718741416931152,-0.5818423628807068,0.3291230797767639,3.5977344512939453,-0.5160147547721863,0.2739563584327698,3.61456036567688,-0.13215041160583496,0.16904836893081665,3.533339500427246,-0.1966368407011032,0.6359827518463135,3.522045612335205,-0.28650549054145813,1.039365291595459,3.5917699337005615,-0.2644556164741516,1.1697999238967896,3.4953954219818115,-0.32337215542793274,0.19166463613510132,3.454310894012451,-0.3445096015930176,0.6617588996887207,3.483948230743408,-0.36496010422706604,1.0792760848999023,3.5142221450805664,-0.3212917149066925,1.1944111585617065,3.406405448913574,-0.2659422755241394,-0.5372978448867798,3.372138261795044,-0.26826202869415283,-0.5890814065933228,3.3642492294311523,-0.25444135069847107,-0.6329041123390198,3.4039032459259033,-0.23713353276252747,-0.6269576549530029,3.520082950592041,-0.3127421438694,-0.6268095374107361,3.3810415267944336,-0.40231913328170776,-0.6096897721290588,3.455307960510254,-0.32381168007850647,1.1303479671478271,3.6471362113952637,-0.38633307814598083,1.180070161819458,3.5602521896362305
-0.22771239280700684,0.1850370466709137,3.4914896488189697,-0.24651922285556793,-0.005460724234580994,3.4806957244873047,-0.2668873965740204,-0.19575993716716766,3.469252109527588,-0.2872561812400818,-0.3860648274421692,3.457808017730713,-0.23912064731121063,-0.39342960715293884,3.4771463871002197,-0.08700771629810333,-0.4133888781070709,3.538313150405884,0.1642647236585617,-0.26446738839149475,3.5197982788085938,0.3938232958316803,-0.2509376108646393,3.357577085494995,0.4397349953651428,-0.2482316493988037,3.3251328468322754,0.5315583944320679,-0.24281974136829376,3.260244369506836,0.4554131329059601,-0.19935350120067596,3.253756046295166,-0.3356131315231323,-0.38076847791671753,3.438345432281494,-0.4877260625362396,-0.36080920696258545,3.37717866897583,-0.5353150367736816,-0.09870687127113342,3.4984052181243896,-0.5614392161369324,0.17129439115524292,3.5733232498168945,-0.5666640400886536,0.22529464960098267,3.5883069038391113,-0.577113687992096,0.33329516649246216,3.618274211883545,-0.5105137825012207,0.27742800116539,3.631420373916626,-0.13127034902572632,0.17339247465133667,3.5289645195007324,-0.19612818956375122,0.6401487588882446,3.5179741382598877,-0.28272032737731934,1.0448188781738281,3.5835516452789307,-0.26197701692581177,1.1737003326416016,3.4849026203155518,-0.32415443658828735,0.19668161869049072,3.454014778137207,-0.346717894077301,0.6668544411659241,3.4788565635681152,-0.36856022477149963,1.0844343900680542,3.5054354667663574,-0.32778650522232056,1.198661208152771,3.3956077098846436,-0.26787397265434265,-0.5307601690292358,3.3639261722564697,-0.27010682225227356,-0.5824165344238281,3.3552443981170654,-0.2553364634513855,-0.6268019676208496,3.3939106464385986,-0.23585282266139984,-0.6226463913917542,3.509814500808716,-0.31408393383026123,-0.6206238269805908,3.372260093688965,-0.4023039937019348,-0.6051415801048279,3.4484708309173584,-0.31849879026412964,1.1367484331130981,3.638293743133545,-0.38943222165107727,1.1855521202087402,3.5509042739868164
-0.2297554314136505,0.1881820559501648,3.5137946605682373,-0.24878883361816406,-0.002269551157951355,3.502478837966919,-0.2693249583244324,-0.192526176571846,3.4905283451080322,-0.28986167907714844,-0.3827885091304779,3.4785773754119873,-0.2413996160030365,-0.3902302384376526,3.497056484222412,-0.08753781020641327,-0.4105275571346283,3.5557963848114014,0.16623713076114655,-0.2632797956466675,3.542273759841919,0.3997591733932495,-0.2436668574810028,3.3846635818481445,0.44646358489990234,-0.23974427580833435,3.3531415462493896,0.539872407913208,-0.23189909756183624,3.29009747505188,0.4635058343410492,-0.18819203972816467,3.283597707748413,-0.3385469615459442,-0.37741464376449585,3.4599685668945312,-0.49240875244140625,-0.35711732506752014,3.401228666305542,-0.5358272790908813,-0.09309664368629456,3.522366762161255,-0.5605553388595581,0.1770525574684143,3.6008918285369873,-0.5655009746551514,0.23108239471912384,3.6165969371795654,-0.5753921866416931,0.3391420841217041,3.6480069160461426,-0.5082932710647583,0.28296706080436707,3.659254312515259,-0.13271167874336243,0.17634817957878113,3.549736261367798,-0.19676430523395538,0.6430819034576416,3.535327911376953,-0.28034594655036926,1.0491809844970703,3.595529079437256,-0.26058459281921387,1.1762913465499878,3.494433879852295,-0.3267991840839386,0.20001593232154846,3.4778530597686768,-0.35073450207710266,0.6702333688735962,3.499610185623169,-0.3744348883628845,1.0877280235290527,3.525360107421875,-0.3360590636730194,1.2018461227416992,3.4145803451538086,-0.27079182863235474,-0.5269873738288879,3.3838894367218018,-0.2728649973869324,-0.5786148309707642,3.375016212463379,-0.25745806097984314,-0.6230838298797607,3.4133310317993164,-0.23673710227012634,-0.6193122863769531,3.5290262699127197,-0.31646373867988586,-0.6171076893806458,3.3923463821411133,-0.40391987562179565,-0.6023799777030945,3.4695701599121094,-0.3147936165332794,1.1421772241592407,3.64929461479187,-0.39512696862220764,1.1888535022735596,3.5708699226379395
-0.23205068707466125,0.19275307655334473,3.5274441242218018,-0.250896155834198,0.0022838860750198364,3.5157406330108643,-0.2712397873401642,-0.18799090385437012,3.5034005641937256,-0.2915840148925781,-0.3782714009284973,3.491060256958008,-0.24292708933353424,-0.3856903910636902,3.509047031402588,-0.08796635270118713,-0.405978798866272,3.5664141178131104,0.16860362887382507,-0.26182055473327637,3.561758279800415,0.40865299105644226,-0.23495085537433624,3.4142794609069824,0.4566628634929657,-0.22957691550254822,3.3847837448120117,0.552682638168335,-0.21882903575897217,3.3257923126220703,0.47631675004959106,-0.17493638396263123,3.3181092739105225,-0.3404620587825775,-0.37292051315307617,3.4729392528533936,-0.4954227805137634,-0.3526321053504944,3.415572166442871,-0.5356453657150269,-0.0869564414024353,3.5356969833374023,-0.5591438412666321,0.18330708146095276,3.616326093673706,-0.5638435482978821,0.23735979199409485,3.6324520111083984,-0.5732429027557373,0.34546521306037903,3.664703607559204,-0.5059362649917603,0.2890295386314392,3.674811363220215,-0.13464432954788208,0.18096086382865906,3.562509059906006,-0.19864442944526672,0.6475047469139099,3.5433874130249023,-0.28131788969039917,1.0543814897537231,3.599266767501831,-0.26240846514701843,1.180187463760376,3.4964077472686768,-0.32945704460144043,0.2045452892780304,3.4923791885375977,-0.35519900918006897,0.6747500896453857,3.511605978012085,-0.3813573718070984,1.0920568704605103,3.5376226902008057,-0.3447762131690979,1.2064197063446045,3.4265027046203613,-0.2719303369522095,-0.5224946737289429,3.3965437412261963,-0.2737165689468384,-0.5741453766822815,3.3877580165863037,-0.2579217553138733,-0.6184571385383606,3.4260926246643066,-0.2368679642677307,-0.6143767833709717,3.5417118072509766,-0.3170245587825775,-0.6128734350204468,3.405282735824585,-0.40432584285736084,-0.5985562205314636,3.482750177383423,-0.31517884135246277,1.1480717658996582,3.652179479598999,-0.4022705554962158,1.1930382251739502,3.5833349227905273
-0.2292070984840393,0.20016053318977356,3.5081989765167236,-0.24813112616539001,0.009837821125984192,3.4943339824676514,-0.2685700058937073,-0.1802833378314972,3.4798669815063477,-0.2890094816684723,-0.3704102039337158,3.4653995037078857,-0.2396307736635208,-0.3779747784137726,3.4812352657318115,-0.0823076069355011,-0.3987373113632202,3.531825304031372,0.1789792776107788,-0.26324671506881714,3.5397145748138428,0.4305223822593689,-0.2115495800971985,3.420534133911133,0.48083099722862244,-0.201210156083107,3.396697998046875,0.5814482569694519,-0.180531308054924,3.3490257263183594,0.5045859813690186,-0.13774193823337555,3.3398633003234863,-0.33861035108566284,-0.3649120628833771,3.449406623840332,-0.49593353271484375,-0.34414952993392944,3.3988165855407715,-0.5261216759681702,-0.08065551519393921,3.5266849994659424,-0.5451266765594482,0.18457475304603577,3.6238558292388916,-0.5489276647567749,0.23762080073356628,3.6432900428771973,-0.5565296411514282,0.3437129259109497,3.6821584701538086,-0.4889203906059265,0.2868027687072754,3.68575119972229,-0.13045012950897217,0.18808123469352722,3.5392184257507324,-0.1957656592130661,0.6536056399345398,3.5200815200805664,-0.2758391499519348,1.0604524612426758,3.574432849884033,-0.26104626059532166,1.1848305463790894,3.469637632369995,-0.32796406745910645,0.2122398316860199,3.477179527282715,-0.35547366738319397,0.681666374206543,3.4922561645507812,-0.38425952196121216,1.0980021953582764,3.5192017555236816,-0.3534523844718933,1.2124230861663818,3.40682053565979,-0.2710159420967102,-0.5126254558563232,3.3686273097991943,-0.27265891432762146,-0.5639815926551819,3.359182119369507,-0.2555198073387146,-0.6085559129714966,3.3962864875793457,-0.23133063316345215,-0.6059656143188477,3.5109217166900635,-0.31502068042755127,-0.6031589508056641,3.377291679382324,-0.39991647005081177,-0.5906743407249451,3.4571034908294678,-0.30746129155158997,1.1546087265014648,3.627481698989868,-0.40412384271621704,1.1986404657363892,3.5656440258026123
-0.2291744351387024,0.2053895890712738,3.48055362701416,-0.24725061655044556,0.015141412615776062,3.464510679244995,-0.266743004322052,-0.17491833865642548,3.447902202606201,-0.2862359583377838,-0.36498379707336426,3.431293249130249,-0.2367817461490631,-0.37247470021247864,3.4469399452209473,-0.07921740412712097,-0.3930063843727112,3.496971607208252,0.18301525712013245,-0.2599525451660156,3.5131707191467285,0.4402564764022827,-0.1953788548707962,3.4139459133148193,0.4917047321796417,-0.1824641227722168,3.3941009044647217,0.5946012139320374,-0.1566346436738968,3.3544111251831055,0.5173953175544739,-0.1149781197309494,3.3429930210113525,-0.33590206503868103,-0.359558641910553,3.415466070175171,-0.49346640706062317,-0.33902692794799805,3.365434408187866,-0.5206736922264099,-0.0785275399684906,3.5000877380371094,-0.5382329821586609,0.18291810154914856,3.607447862625122,-0.5417448282241821,0.2352072298526764,3.628919839859009,-0.5487685203552246,0.33978548645973206,3.6718637943267822,-0.4812948405742645,0.2825775742530823,3.6728315353393555,-0.13033580780029297,0.1934015154838562,3.5113511085510254,-0.19433870911598206,0.6585919260978699,3.4952075481414795,-0.2726806402206421,1.065063714981079,3.550616979598999,-0.25753968954086304,1.189488172531128,3.4462645053863525,-0.3280130624771118,0.2173776626586914,3.449756145477295,-0.35501229763031006,0.6861768960952759,3.46580171585083,-0.383882999420166,1.1017694473266602,3.4954047203063965,-0.35343092679977417,1.2167595624923706,3.3838248252868652,-0.2668532133102417,-0.5057601928710938,3.3334193229675293,-0.2681354284286499,-0.5569044947624207,3.323462724685669,-0.2510124742984772,-0.6016524434089661,3.360130786895752,-0.2276170700788498,-0.6001037359237671,3.474667549133301,-0.31028279662132263,-0.5964148640632629,3.3408596515655518,-0.3955496549606323,-0.5852639675140381,3.4200661182403564,-0.30384162068367004,1.1590794324874878,3.6038708686828613,-0.4036572575569153,1.2019702196121216,3.5424656867980957
-0.2295227348804474,0.21015051007270813,3.453739643096924,-0.24667806923389435,0.020005792379379272,3.4355127811431885,-0.2651945650577545,-0.16996070742607117,3.416767120361328,-0.28371161222457886,-0.35993289947509766,3.3980209827423096,-0.23407310247421265,-0.367314875125885,3.4131340980529785,-0.0760389119386673,-0.3874891400337219,3.4614758491516113,0.18601734936237335,-0.25428515672683716,3.478429079055786,0.4441934823989868,-0.18148919939994812,3.387826919555664,0.4958287179470062,-0.16693000495433807,3.369706392288208,0.5990991592407227,-0.13781161606311798,3.333465576171875,0.5213932991027832,-0.09726161509752274,3.3215746879577637,-0.3335513472557068,-0.3546156883239746,3.382704019546509,-0.49158555269241333,-0.3344414234161377,3.334362268447876,-0.5162445902824402,-0.07728901505470276,3.475673198699951,-0.5326025485992432,0.18022608757019043,3.592211961746216,-0.5358741283416748,0.23172910511493683,3.6155197620391846,-0.5424172878265381,0.3347351551055908,3.662135362625122,-0.4749118685722351,0.2776086628437042,3.6602697372436523,-0.13036634027957916,0.19834215939044952,3.4835987091064453,-0.1934104561805725,0.6630645394325256,3.473524332046509,-0.2695164680480957,1.0688916444778442,3.531604290008545,-0.25466713309288025,1.1936099529266357,3.4279768466949463,-0.3286791443824768,0.22195886075496674,3.4238805770874023,-0.3552684485912323,0.6899218559265137,3.442497968673706,-0.38368839025497437,1.1046779155731201,3.474604845046997,-0.3542819023132324,1.2200859785079956,3.3635640144348145,-0.26385268568992615,-0.4987668991088867,3.2984585762023926,-0.2648821473121643,-0.5496082901954651,3.287820339202881,-0.2475033700466156,-0.5946306586265564,3.3237051963806152,-0.22395528852939606,-0.5945684313774109,3.437837600708008,-0.3066495656967163,-0.5894540548324585,3.304689407348633,-0.3915362060070038,-0.579901397228241,3.3839590549468994,-0.2998349070549011,1.1625945568084717,3.5855069160461426,-0.40296387672424316,1.204460620880127,3.5223207473754883
-0.23039282858371735,0.21412667632102966,3.4293212890625,-0.2466059923171997,0.024099484086036682,3.40916109085083,-0.2641702890396118,-0.16575710475444794,3.388530731201172,-0.2817351222038269,-0.3556194007396698,3.3678996562957764,-0.23178601264953613,-0.3628292679786682,3.3820362091064453,-0.07310301065444946,-0.38241901993751526,3.4272165298461914,0.18716832995414734,-0.24572104215621948,3.4361042976379395,0.44158175587654114,-0.16924013197422028,3.3391268253326416,0.49246445298194885,-0.1539439558982849,3.3197312355041504,0.5942298173904419,-0.12335158884525299,3.280940294265747,0.5157135725021362,-0.08411655575037003,3.2708470821380615,-0.33187511563301086,-0.3504730463027954,3.353538751602173,-0.49055811762809753,-0.33088329434394836,3.3083584308624268,-0.5135762095451355,-0.07727250456809998,3.4555256366729736,-0.5295904874801636,0.17613458633422852,3.5800588130950928,-0.5327933430671692,0.22681599855422974,3.6049654483795166,-0.5391990542411804,0.3281788229942322,3.6547787189483643,-0.4714047312736511,0.2717316150665283,3.6499109268188477,-0.13065749406814575,0.2026413381099701,3.457371473312378,-0.19519194960594177,0.6663577556610107,3.454646110534668,-0.27033746242523193,1.0711809396743774,3.515230178833008,-0.2571098208427429,1.196039080619812,3.4120395183563232,-0.33012816309928894,0.22561201453208923,3.401271104812622,-0.3562002182006836,0.6925560235977173,3.4233744144439697,-0.38362130522727966,1.1063979864120483,3.457754135131836,-0.35615620017051697,1.2220534086227417,3.346928358078003,-0.2624216675758362,-0.49241435527801514,3.266641139984131,-0.2633148729801178,-0.542902410030365,3.2553677558898926,-0.24536360800266266,-0.588131308555603,3.2902843952178955,-0.2205832153558731,-0.5894948840141296,3.4036569595336914,-0.304509699344635,-0.5830258727073669,3.272106170654297,-0.38816386461257935,-0.5750295519828796,3.35215163230896,-0.2997951805591583,1.1645026206970215,3.569821834564209,-0.4019167125225067,1.2057934999465942,3.5061559677124023
-0.23102284967899323,0.21640902757644653,3.4071576595306396,-0.2464950531721115,0.026518061757087708,3.385430335998535,-0.26326891779899597,-0.16321726143360138,3.3633129596710205,-0.28004327416419983,-0.3529582619667053,3.3411948680877686,-0.2296667993068695,-0.3599373698234558,3.353825092315674,-0.07007366418838501,-0.3787466287612915,3.3941454887390137,0.18590432405471802,-0.23515881597995758,3.3857650756835938,0.4312136769294739,-0.15773490071296692,3.269416093826294,0.48027554154396057,-0.14225012063980103,3.2461462020874023,0.5783993005752563,-0.11128055304288864,3.1996066570281982,0.49873340129852295,-0.07392032444477081,3.193516731262207,-0.33060210943222046,-0.3480413854122162,3.328324317932129,-0.49019524455070496,-0.3292321264743805,3.288003921508789,-0.5124494433403015,-0.07881051301956177,3.4396817684173584,-0.5289482474327087,0.1707880198955536,3.5705885887145996,-0.5322480201721191,0.2207077294588089,3.5967700481414795,-0.5388475656509399,0.3205471634864807,3.64913272857666,-0.4705009460449219,0.2653648853302002,3.641183614730835,-0.13045984506607056,0.2053355574607849,3.4323251247406006,-0.19682011008262634,0.6678303480148315,3.4388322830200195,-0.2704446613788605,1.0716519355773926,3.5023064613342285,-0.2599513828754425,1.1965529918670654,3.3993542194366455,-0.3315858542919159,0.22748249769210815,3.3819901943206787,-0.35732802748680115,0.6933343410491943,3.4078147411346436,-0.3835636377334595,1.1062982082366943,3.44378662109375,-0.3592660427093506,1.2219597101211548,3.3326940536499023,-0.2623172700405121,-0.48779231309890747,3.238412857055664,-0.263187438249588,-0.5379067659378052,3.2266182899475098,-0.24432961642742157,-0.5832260847091675,3.2604312896728516,-0.2171977162361145,-0.5857768654823303,3.372671127319336,-0.3035999834537506,-0.5782569646835327,3.2436907291412354,-0.3851304352283478,-0.5716977119445801,3.325239419937134,-0.2984839379787445,1.1646255254745483,3.557781934738159,-0.4004080295562744,1.2053990364074707,3.4928081035614014
-0.23094572126865387,0.21733295917510986,3.3860890865325928,-0.245966836810112,0.02759706974029541,3.363158702850342,-0.2622177004814148,-0.1620025783777237,3.3399417400360107,-0.2784690260887146,-0.35160791873931885,3.3167240619659424,-0.22759337723255157,-0.3583138585090637,3.3272743225097656,-0.06678551435470581,-0.37622207403182983,3.3609619140625,0.18122239410877228,-0.2238338440656662,3.3251328468322754,0.41058772802352905,-0.1496398150920868,3.1788065433502197,0.4564608037471771,-0.1348010003566742,3.1495413780212402,0.5482069253921509,-0.10512338578701019,3.091010808944702,0.46739891171455383,-0.07002873718738556,3.090834140777588,-0.3295213282108307,-0.34696274995803833,3.3059215545654297,-0.49032920598983765,-0.3290545344352722,3.2722339630126953,-0.5124461650848389,-0.08085960149765015,3.426907539367676,-0.5300188660621643,0.16574235260486603,3.5625662803649902,-0.5335333943367004,0.21506273746490479,3.589698076248169,-0.5405624508857727,0.3137035369873047,3.6439616680145264,-0.47142404317855835,0.2602410912513733,3.632859945297241,-0.12939311563968658,0.20674067735671997,3.407209873199463,-0.19815927743911743,0.6676793098449707,3.4250710010528564,-0.27024126052856445,1.070367693901062,3.492211103439331,-0.2638282775878906,1.1953375339508057,3.3894965648651123,-0.33249831199645996,0.22792524099349976,3.3649682998657227,-0.35756078362464905,0.6925981640815735,3.3960037231445312,-0.3820702135562897,1.1046940088272095,3.43392276763916,-0.3621365427970886,1.220396637916565,3.322457790374756,-0.2633459270000458,-0.48467570543289185,3.212738037109375,-0.2642982304096222,-0.5344178676605225,3.2005774974823,-0.24421261250972748,-0.579684317111969,3.2331724166870117,-0.21364855766296387,-0.5830731391906738,3.3438639640808105,-0.3036970794200897,-0.5749492049217224,3.2184619903564453,-0.3821879029273987,-0.5696569681167603,3.3021843433380127,-0.29640623927116394,1.162940502166748,3.5488293170928955,-0.39688459038734436,1.2034916877746582,3.483717441558838
-0.23136980831623077,0.21720388531684875,3.37629771232605,-0.24613893032073975,0.027515769004821777,3.3534011840820312,-0.26204046607017517,-0.16205179691314697,3.330265760421753,-0.2779424786567688,-0.3516250252723694,3.3071296215057373,-0.22667132318019867,-0.35802096128463745,3.3156702518463135,-0.06488417088985443,-0.37492406368255615,3.342971086502075,0.1724647879600525,-0.21552148461341858,3.2788453102111816,0.3846384882926941,-0.1466953009366989,3.106729507446289,0.42707324028015137,-0.13293007016181946,3.0723063945770264,0.5119427442550659,-0.10539959371089935,3.003460168838501,0.43032076954841614,-0.0727885365486145,3.0081207752227783,-0.329386442899704,-0.3472895622253418,3.298337697982788,-0.4911735951900482,-0.3303864598274231,3.2710368633270264,-0.5141083598136902,-0.08207361400127411,3.424889087677002,-0.5333568453788757,0.16385328769683838,3.561006546020508,-0.5372065305709839,0.21303866803646088,3.5882301330566406,-0.544905960559845,0.3114094138145447,3.642677068710327,-0.4749743342399597,0.25959837436676025,3.629542112350464,-0.1290304958820343,0.20715315639972687,3.3935511112213135,-0.19908146560192108,0.6667677164077759,3.418546676635742,-0.2689254879951477,1.06940758228302,3.4839985370635986,-0.26623865962028503,1.1931219100952148,3.380037546157837,-0.33370912075042725,0.22725461423397064,3.359044313430786,-0.3568378686904907,0.6912059783935547,3.3905344009399414,-0.3785727024078369,1.1030391454696655,3.425204277038574,-0.36260461807250977,1.21737802028656,3.3121025562286377,-0.26563405990600586,-0.48378491401672363,3.2031173706054688,-0.26678216457366943,-0.5332437753677368,3.190990924835205,-0.245663121342659,-0.5782340168952942,3.22271728515625,-0.21188202500343323,-0.5816358327865601,3.3318138122558594,-0.3052613139152527,-0.5737128257751465,3.2099199295043945,-0.3807436227798462,-0.5688258409500122,3.2955546379089355,-0.2931024432182312,1.16238272190094,3.5404694080352783,-0.391140341758728,1.2022039890289307,3.474461555480957
-0.23373742401599884,0.2166544497013092,3.3672187328338623,-0.24822194874286652,0.026987671852111816,3.3445944786071777,-0.26367878913879395,-0.1625845581293106,3.321821689605713,-0.27913612127304077,-0.3521624803543091,3.2990481853485107,-0.22754958271980286,-0.3582058548927307,3.3055856227874756,-0.0650707483291626,-0.37396976351737976,3.326531171798706,0.15913176536560059,-0.20886263251304626,3.2358555793762207,0.3525025546550751,-0.1454889327287674,3.0412495136260986,0.391176700592041,-0.1328141987323761,3.002328395843506,0.4685250222682953,-0.10746471583843231,2.924485921859741,0.3864947259426117,-0.07725534588098526,2.934291362762451,-0.3308906555175781,-0.34817957878112793,3.2922635078430176,-0.4933694899082184,-0.3324156701564789,3.271317958831787,-0.5170724987983704,-0.08289216458797455,3.422729253768921,-0.5377702116966248,0.1635177880525589,3.5573906898498535,-0.5419097542762756,0.2127997875213623,3.584322929382324,-0.5501888394355774,0.31136375665664673,3.6381874084472656,-0.47957709431648254,0.2610418498516083,3.623375177383423,-0.130750834941864,0.20720762014389038,3.3804805278778076,-0.20154841244220734,0.6655491590499878,3.4133026599884033,-0.2692520022392273,1.0681507587432861,3.4775402545928955,-0.2704720199108124,1.190750241279602,3.3725898265838623,-0.33672401309013367,0.22610127925872803,3.353956937789917,-0.35660117864608765,0.6894336342811584,3.3870413303375244,-0.37465256452560425,1.1010571718215942,3.41926646232605,-0.36254099011421204,1.214276909828186,3.3048927783966064,-0.2689574062824249,-0.48387977480888367,3.1955957412719727,-0.27013203501701355,-0.533133327960968,3.18369460105896,-0.24797549843788147,-0.5776843428611755,3.2147858142852783,-0.21134307980537415,-0.5805625319480896,3.322375774383545,-0.3076356053352356,-0.5735807418823242,3.203691005706787,-0.3803800344467163,-0.5689356327056885,3.290940761566162,-0.29141318798065186,1.1614848375320435,3.5339362621307373,-0.38470688462257385,1.200525164604187,3.468132734298706
-0.2371438443660736,0.21560609340667725,3.3590495586395264,-0.25124189257621765,0.025927454233169556,3.3367302417755127,-0.26617851853370667,-0.16367881000041962,3.3143415451049805,-0.2811155915260315,-0.35329073667526245,3.29195237159729,-0.22928859293460846,-0.3589620888233185,3.2965030670166016,-0.06639039516448975,-0.3735261857509613,3.311166524887085,0.1451447308063507,-0.20496335625648499,3.199165105819702,0.32102957367897034,-0.1466064751148224,2.987273693084717,0.3562065362930298,-0.13493509590625763,2.9448955059051514,0.4265604615211487,-0.11159233748912811,2.8601388931274414,0.34468379616737366,-0.08305792510509491,2.874826192855835,-0.3331049680709839,-0.3496802747249603,3.2871580123901367,-0.4960031509399414,-0.3351161777973175,3.2724945545196533,-0.5202397108078003,-0.08377721905708313,3.4206368923187256,-0.542045533657074,0.16377554833889008,3.5528528690338135,-0.5464066863059998,0.21328610181808472,3.579296112060547,-0.5551289916038513,0.312307208776474,3.6321825981140137,-0.48396676778793335,0.2632994055747986,3.6158151626586914,-0.13367317616939545,0.20682279765605927,3.3683362007141113,-0.20480158925056458,0.663887083530426,3.4098286628723145,-0.27066770195961,1.0663725137710571,3.473764657974243,-0.27586841583251953,1.1881392002105713,3.3682422637939453,-0.3406144976615906,0.22438938915729523,3.3497629165649414,-0.3574337959289551,0.6871459484100342,3.3852884769439697,-0.3723042607307434,1.098550796508789,3.4160385131835938,-0.3641447424888611,1.211017370223999,3.30082631111145,-0.27229201793670654,-0.4849500358104706,3.189410924911499,-0.27329903841018677,-0.5340774059295654,3.1778547763824463,-0.2500738203525543,-0.5780705213546753,3.208507537841797,-0.21095597743988037,-0.5800045728683472,3.3147473335266113,-0.30977869033813477,-0.5745856165885925,3.1988956928253174,-0.38011983036994934,-0.5701307654380798,3.287513256072998,-0.2908895015716553,1.1599454879760742,3.5302507877349854,-0.3799809217453003,1.1981968879699707,3.4646925926208496
-0.2406967282295227,0.21446168422698975,3.3528892993927,-0.25454917550086975,0.024795740842819214,3.330782890319824,-0.26918676495552063,-0.16480882465839386,3.3086559772491455,-0.28382477164268494,-0.3544190526008606,3.2865285873413086,-0.23184654116630554,-0.3597865402698517,3.2891345024108887,-0.06873548030853271,-0.37337565422058105,3.2976765632629395,0.13188216090202332,-0.2027495950460434,3.1698920726776123,0.29258012771606445,-0.1479114592075348,2.945406436920166,0.32471972703933716,-0.13694383203983307,2.9005093574523926,0.3889988958835602,-0.11500857770442963,2.8107151985168457,0.3076976537704468,-0.08748799562454224,2.829821825027466,-0.33596211671829224,-0.3511124551296234,3.283681869506836,-0.49907317757606506,-0.33752334117889404,3.275139808654785,-0.5234724283218384,-0.08412998914718628,3.4196598529815674,-0.545940101146698,0.16483519971370697,3.5490288734436035,-0.5504336357116699,0.21462823450565338,3.5749027729034424,-0.5594207048416138,0.314214289188385,3.626650333404541,-0.4878760576248169,0.26631855964660645,3.6087701320648193,-0.13691455125808716,0.2062520682811737,3.358292579650879,-0.20832836627960205,0.6619908809661865,3.408358097076416,-0.2729579508304596,1.0643651485443115,3.4718804359436035,-0.28216931223869324,1.1853110790252686,3.36590838432312,-0.34447890520095825,0.2226713001728058,3.3474860191345215,-0.35814371705055237,0.6848971843719482,3.3857600688934326,-0.3700562119483948,1.0960819721221924,3.415796995162964,-0.36578506231307983,1.208086371421814,3.300126552581787,-0.2757311761379242,-0.4862760901451111,3.1850380897521973,-0.2764420211315155,-0.535336971282959,3.1738734245300293,-0.25218331813812256,-0.5787265300750732,3.2042365074157715,-0.21097418665885925,-0.5794950127601624,3.309316873550415,-0.31192201375961304,-0.5759584307670593,3.195876121520996,-0.3802337944507599,-0.5716520547866821,3.2856292724609375,-0.29143068194389343,1.1581745147705078,3.528378486633301,-0.3754507601261139,1.1958087682724,3.4643659591674805
-0.24200394749641418,0.21028611063957214,3.3391988277435303,-0.2569493055343628,0.020539283752441406,3.3190319538116455,-0.2726188898086548,-0.16915181279182434,3.2988908290863037,-0.288288950920105,-0.3588486313819885,3.2787489891052246,-0.236257404088974,-0.3640792965888977,3.2776474952697754,-0.07359105348587036,-0.37718769907951355,3.2745509147644043,0.11104181408882141,-0.2038298398256302,3.128687858581543,0.24704107642173767,-0.15609440207481384,2.887442111968994,0.2742409408092499,-0.1465473175048828,2.8391928672790527,0.3286406397819519,-0.12745314836502075,2.742694616317749,0.24943038821220398,-0.10014040768146515,2.7689170837402344,-0.34049081802368164,-0.3556796908378601,3.2796316146850586,-0.5031571388244629,-0.34257128834724426,3.2827281951904297,-0.5277402400970459,-0.08332103490829468,3.415405511856079,-0.5511984825134277,0.1695547103881836,3.5357284545898438,-0.5558901429176331,0.2201298475265503,3.559792995452881,-0.5652734637260437,0.3212801218032837,3.607922077178955,-0.4933900833129883,0.2751081883907318,3.5877034664154053,-0.13809552788734436,0.20230616629123688,3.337275981903076,-0.20605939626693726,0.6573183536529541,3.3963513374328613,-0.26647070050239563,1.0617578029632568,3.448986291885376,-0.2825869917869568,1.1786810159683228,3.3394742012023926,-0.345912367105484,0.2182660549879074,3.3411216735839844,-0.35144683718681335,0.680865466594696,3.3745315074920654,-0.35646000504493713,1.0925142765045166,3.3971445560455322,-0.35933226346969604,1.202190637588501,3.279303550720215,-0.2814026176929474,-0.4933929443359375,3.1811153888702393,-0.28171026706695557,-0.5427097082138062,3.1714465618133545,-0.25586315989494324,-0.5847583413124084,3.2022411823272705,-0.211380273103714,-0.5817769765853882,3.3057825565338135,-0.31579726934432983,-0.583110511302948,3.1957430839538574,-0.3811936378479004,-0.5771080255508423,3.2873711585998535,-0.2812356948852539,1.1575965881347656,3.503035306930542,-0.3571736514568329,1.193171739578247,3.443962574005127
-0.24312067031860352,0.20593610405921936,3.342336654663086,-0.25834935903549194,0.016117066144943237,3.323150157928467,-0.27435263991355896,-0.17364124953746796,3.3039937019348145,-0.2903563976287842,-0.3634052276611328,3.284836530685425,-0.23837414383888245,-0.3685756027698517,3.2822346687316895,-0.07624781131744385,-0.3814633786678314,3.2744572162628174,0.10354946553707123,-0.2060147374868393,3.1259138584136963,0.23090237379074097,-0.16089221835136414,2.8799591064453125,0.25637295842170715,-0.15186771750450134,2.83076810836792,0.3073141276836395,-0.13381871581077576,2.7323861122131348,0.22916243970394135,-0.10627038031816483,2.7610089778900146,-0.3425126373767853,-0.36029741168022156,3.2872302532196045,-0.5046389698982239,-0.3474096357822418,3.2950077056884766,-0.5325000286102295,-0.08530551195144653,3.4203057289123535,-0.5593363046646118,0.16932463645935059,3.5351614952087402,-0.5647035837173462,0.22025066614151,3.5581326484680176,-0.5754380822181702,0.32210272550582886,3.6040749549865723,-0.5030316710472107,0.2772282660007477,3.5833516120910645,-0.13930335640907288,0.19810032844543457,3.3374569416046143,-0.20749248564243317,0.6527999043464661,3.3985836505889893,-0.26835620403289795,1.0578075647354126,3.446017026901245,-0.28788453340530396,1.1727988719940186,3.335028648376465,-0.34693798422813416,0.21377187967300415,3.3472163677215576,-0.35087719559669495,0.6766372919082642,3.3768489360809326,-0.35468342900276184,1.0884664058685303,3.396028518676758,-0.3608759045600891,1.1971242427825928,3.2773780822753906,-0.28301745653152466,-0.49935492873191833,3.1893444061279297,-0.2829705774784088,-0.5487958788871765,3.180464506149292,-0.25655603408813477,-0.5901089310646057,3.211716413497925,-0.2113817036151886,-0.5851075649261475,3.314819812774658,-0.3165178894996643,-0.5890733003616333,3.2056336402893066,-0.38127365708351135,-0.5821731686592102,3.2975852489471436,-0.28213468194007874,1.1544796228408813,3.49882435798645,-0.35388800501823425,1.189523458480835,3.441971778869629
-0.24281032383441925,0.20197689533233643,3.346919536590576,-0.2582777440547943,0.012107878923416138,3.3284575939178467,-0.2745477557182312,-0.1776963472366333,3.3100192546844482,-0.2908182442188263,-0.3675062656402588,3.2915804386138916,-0.23890362679958344,-0.3726404309272766,3.287825345993042,-0.07751616835594177,-0.38537269830703735,3.2764828205108643,0.0975092351436615,-0.20631684362888336,3.128150701522827,0.2167019546031952,-0.16083256900310516,2.879089117050171,0.2405405044555664,-0.15173570811748505,2.8292768001556396,0.28821760416030884,-0.133542001247406,2.729652166366577,0.21117907762527466,-0.10621750354766846,2.7606561183929443,-0.34290972352027893,-0.3644351065158844,3.295135021209717,-0.5042971968650818,-0.35170283913612366,3.3064775466918945,-0.5360092520713806,-0.08817940950393677,3.4258384704589844,-0.5666119456291199,0.16664370894432068,3.537355422973633,-0.5727325081825256,0.21760833263397217,3.5596587657928467,-0.5849735736846924,0.31953758001327515,3.6042654514312744,-0.5121265649795532,0.276119589805603,3.583028793334961,-0.13911977410316467,0.19422313570976257,3.339790105819702,-0.20824021100997925,0.6486825942993164,3.401313304901123,-0.2702997624874115,1.0538511276245117,3.445354461669922,-0.2927083373069763,1.167443037033081,3.3334951400756836,-0.34650087356567383,0.20973065495491028,3.35404896736145,-0.35045382380485535,0.6727824211120605,3.379809856414795,-0.35442081093788147,1.0847084522247314,3.3957395553588867,-0.36342135071754456,1.1923820972442627,3.276394844055176,-0.2829006612300873,-0.5042972564697266,3.1974477767944336,-0.2825371026992798,-0.5538051724433899,3.1890625953674316,-0.2557106614112854,-0.5946016907691956,3.220602512359619,-0.2101697027683258,-0.5882545709609985,3.3234267234802246,-0.31568148732185364,-0.5940526127815247,3.2147603034973145,-0.38008707761764526,-0.5866987705230713,3.3068740367889404,-0.2835167646408081,1.1510432958602905,3.497321367263794,-0.3527429699897766,1.1861258745193481,3.440830945968628
-0.2419782280921936,0.19510287046432495,3.3550972938537598,-0.2576131224632263,0.005177989602088928,3.337376356124878,-0.27406734228134155,-0.18467727303504944,3.3196511268615723,-0.290522038936615,-0.3745381832122803,3.3019254207611084,-0.238656148314476,-0.37967365980148315,3.297553300857544,-0.07816736400127411,-0.3923497200012207,3.284346103668213,0.0931749939918518,-0.2069404423236847,3.1423885822296143,0.2073374092578888,-0.15619485080242157,2.893491268157959,0.2301698923110962,-0.1460457295179367,2.8437118530273438,0.275834858417511,-0.12574748694896698,2.7441530227661133,0.1995490938425064,-0.09960547089576721,2.7768139839172363,-0.3425667881965637,-0.37146633863449097,3.3061046600341797,-0.5030555725097656,-0.3587902784347534,3.3193118572235107,-0.5385043621063232,-0.09441131353378296,3.4321563243865967,-0.5726352334022522,0.1601875126361847,3.539731979370117,-0.579461395740509,0.2111072838306427,3.5612471103668213,-0.5931137800216675,0.3129468262195587,3.6042773723602295,-0.5200212597846985,0.27074241638183594,3.583160161972046,-0.13837525248527527,0.1873481124639511,3.346801996231079,-0.20876985788345337,0.6419005393981934,3.405411958694458,-0.2722032070159912,1.0472090244293213,3.4452176094055176,-0.2963654100894928,1.1593067646026611,3.332268476486206,-0.34558120369911194,0.2028576284646988,3.3633925914764404,-0.3505491316318512,0.6660608053207397,3.3840460777282715,-0.3554728925228119,1.0780318975448608,3.395826578140259,-0.3662041127681732,1.184435248374939,3.275533676147461,-0.28216925263404846,-0.5115990042686462,3.2083778381347656,-0.2816890776157379,-0.5611118674278259,3.2001867294311523,-0.25484368205070496,-0.6017104387283325,3.2319095134735107,-0.20950888097286224,-0.5948793888092041,3.3347294330596924,-0.3147745430469513,-0.601309061050415,3.2259702682495117,-0.37931299209594727,-0.5937421917915344,3.317901611328125,-0.2852935791015625,1.1449459791183472,3.496135950088501,-0.35353708267211914,1.1798878908157349,3.4398510456085205
-0.2423798143863678,0.1885160207748413,3.367708683013916,-0.2577259838581085,-0.0013981014490127563,3.3495702743530273,-0.2739054262638092,-0.19124101102352142,3.3314106464385986,-0.2900853455066681,-0.38108959794044495,3.3132505416870117,-0.2382097840309143,-0.38614121079444885,3.3088788986206055,-0.07873590290546417,-0.39847809076309204,3.2957656383514404,0.08892570436000824,-0.20388197898864746,3.166644334793091,0.1996324360370636,-0.1435920000076294,2.920628070831299,0.22177377343177795,-0.13153401017189026,2.871424913406372,0.26605647802352905,-0.1074180155992508,2.7730183601379395,0.19033847749233246,-0.08345510065555573,2.8069396018981934,-0.34213677048683167,-0.3781014382839203,3.3174245357513428,-0.5016106367111206,-0.3657645583152771,3.330537796020508,-0.541107714176178,-0.10195794701576233,3.4377591609954834,-0.5790215730667114,0.15120920538902283,3.5420849323272705,-0.5866043567657471,0.20184263586997986,3.5629501342773438,-0.6017698645591736,0.3031094968318939,3.6046805381774902,-0.5285497903823853,0.2621218264102936,3.584261655807495,-0.1387622356414795,0.18093319237232208,3.359436511993408,-0.21131715178489685,0.6353344917297363,3.415740966796875,-0.2766869068145752,1.0404553413391113,3.453333616256714,-0.30136939883232117,1.1517970561981201,3.3398008346557617,-0.3459973931312561,0.19609884917736053,3.375980854034424,-0.3530895411968231,0.6592745184898376,3.394228458404541,-0.3598495125770569,1.0711688995361328,3.40455961227417,-0.3710615038871765,1.177076816558838,3.2839207649230957,-0.28060483932495117,-0.5179835557937622,3.2196290493011475,-0.2800004780292511,-0.5674739480018616,3.2113759517669678,-0.2534867823123932,-0.6080907583236694,3.243330717086792,-0.20930925011634827,-0.6013762950897217,3.34663462638855,-0.3133355677127838,-0.6077207326889038,3.236729145050049,-0.3788807988166809,-0.6003278493881226,3.327929973602295,-0.2902493476867676,1.1383817195892334,3.503708839416504,-0.3583655059337616,1.1731643676757812,3.448216199874878
-0.2430388331413269,0.18273404240608215,3.378814458847046,-0.2580345869064331,-0.007211595773696899,3.3606510162353516,-0.27373307943344116,-0.19709764420986176,3.3424582481384277,-0.2894320487976074,-0.3869893550872803,3.3242650032043457,-0.23752939701080322,-0.3919267952442169,3.320068836212158,-0.0792594850063324,-0.40381643176078796,3.3075954914093018,0.08214600384235382,-0.1993277370929718,3.1921422481536865,0.18622860312461853,-0.1304837465286255,2.9482195377349854,0.20704512298107147,-0.1167149469256401,2.899435043334961,0.24867816269397736,-0.08917734771966934,2.801865816116333,0.1738893687725067,-0.06773734837770462,2.837557554244995,-0.3415053188800812,-0.38411587476730347,3.328263282775879,-0.499775230884552,-0.3722262382507324,3.3407366275787354,-0.5420680046081543,-0.10914912819862366,3.4417245388031006,-0.5825808644294739,0.14268723130226135,3.5417654514312744,-0.5906834602355957,0.19305449724197388,3.5617735385894775,-0.6068885922431946,0.2937890291213989,3.601789951324463,-0.5338326096534729,0.2536625564098358,3.582306146621704,-0.13938410580158234,0.17531071603298187,3.3708670139312744,-0.21297408640384674,0.629791796207428,3.4243314266204834,-0.2791818678379059,1.0348503589630127,3.4601633548736572,-0.30379518866539,1.1456749439239502,3.3461570739746094,-0.34669357538223267,0.19015736877918243,3.3867619037628174,-0.35344037413597107,0.6533190608024597,3.4029693603515625,-0.35978254675865173,1.0651490688323975,3.412748336791992,-0.3705431818962097,1.170891284942627,3.2919671535491943,-0.2784387171268463,-0.5238322019577026,3.230745553970337,-0.2776266038417816,-0.5733170509338379,3.2224886417388916,-0.2514595091342926,-0.6138888001441956,3.2547807693481445,-0.20867139101028442,-0.6071164608001709,3.358659267425537,-0.31121376156806946,-0.6136355996131897,3.2473859786987305,-0.3779751658439636,-0.6063990592956543,3.337707757949829,-0.2930466830730438,1.1329283714294434,3.5101094245910645,-0.35830971598625183,1.1671783924102783,3.456268310546875
-0.24398162961006165,0.177019864320755,3.389571189880371,-0.25841978192329407,-0.01303093135356903,3.371934175491333,-0.2734760642051697,-0.2030310034751892,3.3542673587799072,-0.2885327935218811,-0.39303678274154663,3.3366000652313232,-0.2365761697292328,-0.3978608548641205,3.3329312801361084,-0.07951609790325165,-0.40930426120758057,3.322148561477661,0.074134960770607,-0.19507060945034027,3.221040964126587,0.17029893398284912,-0.11916718631982803,2.978752613067627,0.18953172862529755,-0.10398650169372559,2.930294990539551,0.2279973179101944,-0.07362513244152069,2.8333795070648193,0.1542275846004486,-0.054892830550670624,2.8708157539367676,-0.34065306186676025,-0.39027780294418335,3.3400766849517822,-0.4977131485939026,-0.37883439660072327,3.3508594036102295,-0.5412319898605347,-0.11584696173667908,3.4439785480499268,-0.5829188823699951,0.1357879340648651,3.537008762359619,-0.5912562608718872,0.18611490726470947,3.555614709854126,-0.6079310178756714,0.2867688536643982,3.5928268432617188,-0.5352691411972046,0.2468157559633255,3.5749847888946533,-0.1402406543493271,0.16978231072425842,3.3826353549957275,-0.21400299668312073,0.624563455581665,3.4324421882629395,-0.2801826000213623,1.029716968536377,3.4663243293762207,-0.3037276268005371,1.1401512622833252,3.351757049560547,-0.347722589969635,0.1842574179172516,3.3965070247650146,-0.3537868857383728,0.6474180221557617,3.4103994369506836,-0.35936239361763,1.0591893196105957,3.419903516769409,-0.3687691390514374,1.1648691892623901,3.298994302749634,-0.2752510905265808,-0.5299176573753357,3.243436336517334,-0.2741091847419739,-0.5794058442115784,3.235241413116455,-0.24843846261501312,-0.6198604106903076,3.268073558807373,-0.20770753920078278,-0.612855076789856,3.3727595806121826,-0.30803725123405457,-0.6198184490203857,3.2595152854919434,-0.3765707314014435,-0.6127360463142395,3.348510980606079,-0.2943941354751587,1.1279566287994385,3.5158073902130127,-0.3580853044986725,1.161219835281372,3.463374614715576
-0.24634519219398499,0.1742512285709381,3.3985533714294434,-0.26010558009147644,-0.01593463122844696,3.381697654724121,-0.27439355850219727,-0.20607931911945343,3.364816188812256,-0.2886819541454315,-0.39622971415519714,3.3479342460632324,-0.23665647208690643,-0.4009385108947754,3.3451426029205322,-0.08079132437705994,-0.411933571100235,3.3370659351348877,0.06342363357543945,-0.18782004714012146,3.251595973968506,0.15135900676250458,-0.10659116506576538,3.010577917098999,0.16894608736038208,-0.09034539014101028,2.962374210357666,0.2041202336549759,-0.05785383656620979,2.865967035293579,0.13122719526290894,-0.0420922189950943,2.9047796726226807,-0.3408627510070801,-0.393587589263916,3.3505425453186035,-0.4967278838157654,-0.3825925290584564,3.358619213104248,-0.5394983291625977,-0.11890542507171631,3.4421041011810303,-0.5805239677429199,0.13363415002822876,3.5255370140075684,-0.5887290835380554,0.18414206802845,3.5422236919403076,-0.6051393151283264,0.2851579189300537,3.575596809387207,-0.5331341028213501,0.2446303367614746,3.560072898864746,-0.14249186217784882,0.1672029197216034,3.393298625946045,-0.21676480770111084,0.6222437620162964,3.4392313957214355,-0.2831772565841675,1.027467966079712,3.4710612297058105,-0.3049211800098419,1.1376036405563354,3.3558831214904785,-0.35019850730895996,0.18129953742027283,3.403808116912842,-0.3535545766353607,0.6444816589355469,3.4156203269958496,-0.356564462184906,1.0562124252319336,3.425575017929077,-0.36336326599121094,1.1620838642120361,3.304687976837158,-0.27231845259666443,-0.5332077145576477,3.255445957183838,-0.2707253098487854,-0.5826990008354187,3.247387647628784,-0.24572880566120148,-0.6229585409164429,3.2809574604034424,-0.20778174698352814,-0.6155515909194946,3.386641025543213,-0.3050755560398102,-0.623223066329956,3.2708494663238525,-0.37593087553977966,-0.6163011193275452,3.358001232147217,-0.29806676506996155,1.1258307695388794,3.520063877105713,-0.35530149936676025,1.1581655740737915,3.469188928604126
-0.25035393238067627,0.17279723286628723,3.409724712371826,-0.2628517746925354,-0.017516300082206726,3.393350124359131,-0.2757960557937622,-0.20779626071453094,3.376932144165039,-0.28874072432518005,-0.3980819284915924,3.360513687133789,-0.23662883043289185,-0.40264010429382324,3.36012601852417,-0.08473795652389526,-0.41289791464805603,3.359257221221924,0.031689926981925964,-0.16759847104549408,3.326272487640381,0.09661426395177841,-0.07820241153240204,3.0876009464263916,0.10959912836551666,-0.06032320111989975,3.0398666858673096,0.13556885719299316,-0.024564776569604874,2.9443979263305664,0.0654987245798111,-0.016111094504594803,2.986466884613037,-0.34099331498146057,-0.3955919146537781,3.3607230186462402,-0.49288418889045715,-0.3853341042995453,3.3615918159484863,-0.530049741268158,-0.12220671772956848,3.4263834953308105,-0.5658019185066223,0.13040322065353394,3.4902656078338623,-0.5729523301124573,0.18092520534992218,3.503041982650757,-0.587253212928772,0.28196918964385986,3.528594732284546,-0.5175706744194031,0.23961792886257172,3.518505573272705,-0.14635473489761353,0.16601623594760895,3.4091598987579346,-0.221845343708992,0.6212517619132996,3.4496843814849854,-0.2889432907104492,1.0264657735824585,3.478745222091675,-0.30546197295188904,1.1366478204727173,3.362802743911743,-0.354353129863739,0.17957822978496552,3.4102895259857178,-0.3515892028808594,0.6427018046379089,3.419741630554199,-0.34910935163497925,1.0542010068893433,3.43414044380188,-0.3489585816860199,1.1613982915878296,3.314289093017578,-0.2645186483860016,-0.5354471802711487,3.2703564167022705,-0.2618609070777893,-0.5849672555923462,3.262772798538208,-0.23888427019119263,-0.6247510313987732,3.298295259475708,-0.20855097472667694,-0.6162891387939453,3.406331777572632,-0.29736557602882385,-0.6257064938545227,3.284039258956909,-0.3742479979991913,-0.6189962029457092,3.3659396171569824,-0.3058030605316162,1.124809741973877,3.5270798206329346,-0.3483329713344574,1.1556349992752075,3.4788904190063477
-0.2540036737918854,0.1746538281440735,3.4098052978515625,-0.26523491740226746,-0.01579435169696808,3.3941707611083984,-0.2768650949001312,-0.206215038895607,3.378493309020996,-0.28849563002586365,-0.39664143323898315,3.3628153800964355,-0.23644185066223145,-0.4010850191116333,3.3654704093933105,-0.08683925867080688,-0.4108698070049286,3.3733365535736084,0.006348967552185059,-0.1568109095096588,3.366168737411499,0.061788152903318405,-0.07176833599805832,3.1264877319335938,0.0728759914636612,-0.05475982278585434,3.0785515308380127,0.09505166858434677,-0.020742792636156082,2.9826791286468506,0.025528524070978165,-0.01648583635687828,3.024644374847412,-0.34067580103874207,-0.39426755905151367,3.359989643096924,-0.4902783930301666,-0.3844827711582184,3.352123498916626,-0.5222916007041931,-0.1209496259689331,3.405102491378784,-0.5529953241348267,0.13268932700157166,3.4548749923706055,-0.5591360926628113,0.18341712653636932,3.464829444885254,-0.5714175701141357,0.28487271070480347,3.484738349914551,-0.5033782124519348,0.2405647337436676,3.480252981185913,-0.15013344585895538,0.1680864542722702,3.4151878356933594,-0.2268214225769043,0.6235809922218323,3.449488639831543,-0.2947300672531128,1.0288227796554565,3.475468158721924,-0.3045503795146942,1.1392160654067993,3.3589916229248047,-0.35787391662597656,0.18122120201587677,3.4044227600097656,-0.3501240313053131,0.6442335247993469,3.414034843444824,-0.3437887728214264,1.0554659366607666,3.43288254737854,-0.3355579674243927,1.163818597793579,3.3143842220306396,-0.2570221722126007,-0.5342755317687988,3.2753069400787354,-0.25346440076828003,-0.583816409111023,3.268200159072876,-0.23269888758659363,-0.6232406497001648,3.305454969406128,-0.20999310910701752,-0.6139922738075256,3.415299415588379,-0.2900492250919342,-0.6247380971908569,3.2871835231781006,-0.3724857270717621,-0.618235170841217,3.363530158996582,-0.31409284472465515,1.1271055936813354,3.522953510284424,-0.3444206118583679,1.1564258337020874,3.4786646366119385
-0.2573114037513733,0.17780625820159912,3.4041736125946045,-0.2670722007751465,-0.012755051255226135,3.389286994934082,-0.27714595198631287,-0.20329877734184265,3.3743839263916016,-0.2872200012207031,-0.3938482105731964,3.359480381011963,-0.23539423942565918,-0.3980741798877716,3.3651223182678223,-0.08859755098819733,-0.4071016311645508,3.3813154697418213,-0.021982893347740173,-0.14693450927734375,3.39154052734375,0.03506363183259964,-0.0645245760679245,3.153351306915283,0.0464729368686676,-0.04804258793592453,3.105713367462158,0.06929154694080353,-0.01507861539721489,3.0104377269744873,-0.0015017762780189514,-0.016008097678422928,3.049233913421631,-0.33915525674819946,-0.39169326424598694,3.3536763191223145,-0.4859519600868225,-0.38266581296920776,3.3374831676483154,-0.5117028951644897,-0.11850672960281372,3.3797426223754883,-0.5358902215957642,0.13624733686447144,3.4157302379608154,-0.5407276749610901,0.18719814717769623,3.4229278564453125,-0.5504025816917419,0.289099782705307,3.4373228549957275,-0.4842804968357086,0.24279293417930603,3.4384403228759766,-0.15389913320541382,0.17163152992725372,3.4154105186462402,-0.23147398233413696,0.6273167729377747,3.444645404815674,-0.3002099096775055,1.032526969909668,3.468698501586914,-0.30345672369003296,1.143455982208252,3.352368116378784,-0.36072367429733276,0.18398098647594452,3.3929367065429688,-0.348327100276947,0.6468175649642944,3.4051930904388428,-0.33889344334602356,1.0576422214508057,3.4303455352783203,-0.32284432649612427,1.1675363779067993,3.3140947818756104,-0.2487107515335083,-0.5317257046699524,3.275155544281006,-0.2442440539598465,-0.5812833905220032,3.268622636795044,-0.22567707300186157,-0.6203035116195679,3.307450771331787,-0.21048451960086823,-0.6101999878883362,3.418534755706787,-0.2816667854785919,-0.6224396824836731,3.285374164581299,-0.36912208795547485,-0.6162525415420532,3.355984926223755,-0.3220396041870117,1.1306207180023193,3.5154929161071777,-0.3410986065864563,1.1579524278640747,3.477479934692383
-0.26059675216674805,0.18062329292297363,3.3966362476348877,-0.2687337398529053,-0.010024651885032654,3.382763147354126,-0.2771010100841522,-0.20066384971141815,3.3689064979553223,-0.28546851873397827,-0.3913087248802185,3.3550493717193604,-0.2340482622385025,-0.39523547887802124,3.363666534423828,-0.09058935940265656,-0.4032931327819824,3.3878965377807617,-0.05109251290559769,-0.13956904411315918,3.4074084758758545,0.012495353817939758,-0.05528333783149719,3.1729941368103027,0.025212928652763367,-0.038426198065280914,3.1261112689971924,0.050648078322410583,-0.00471191480755806,3.0323455333709717,-0.02165796607732773,-0.011711064726114273,3.0666089057922363,-0.3369797468185425,-0.3894541263580322,3.3462815284729004,-0.4804386496543884,-0.38139647245407104,3.322051525115967,-0.4984589219093323,-0.11651074886322021,3.3537051677703857,-0.5141273736953735,0.1392216682434082,3.3749892711639404,-0.5172610878944397,0.1903681606054306,3.3792459964752197,-0.5235284566879272,0.2926611304283142,3.3877596855163574,-0.45979824662208557,0.24428720772266388,3.394798755645752,-0.15799318253993988,0.17499764263629913,3.4137654304504395,-0.23591910302639008,0.6309177875518799,3.438443899154663,-0.3053426146507263,1.0361030101776123,3.461292266845703,-0.30196142196655273,1.1477935314178467,3.345684766769409,-0.363200306892395,0.18624894320964813,3.379507064819336,-0.3470887839794159,0.6488739252090454,3.395730495452881,-0.33577296137809753,1.0591909885406494,3.427802801132202,-0.312158465385437,1.170688509941101,3.31439208984375,-0.24025298655033112,-0.5292701125144958,3.2742018699645996,-0.23488521575927734,-0.5788236856460571,3.2682719230651855,-0.21846269071102142,-0.6174448132514954,3.308457612991333,-0.21053577959537506,-0.6065746545791626,3.4202444553375244,-0.27290505170822144,-0.620276927947998,3.2828423976898193,-0.36478912830352783,-0.6145988702774048,3.347668170928955,-0.3296108543872833,1.1339346170425415,3.507444143295288,-0.3398725092411041,1.1587975025177002,3.47629714012146
-0.264786034822464,0.18180155754089355,3.3868613243103027,-0.271262526512146,-0.008925184607505798,3.374344825744629,-0.2778606116771698,-0.19965213537216187,3.3618953227996826,-0.28445887565612793,-0.3903847932815552,3.349445343017578,-0.233601376414299,-0.393937349319458,3.3609507083892822,-0.09394143521785736,-0.40084177255630493,3.3927085399627686,-0.07992847263813019,-0.1358250379562378,3.4144532680511475,-0.008453786373138428,-0.04851507395505905,3.1846225261688232,0.005841150879859924,-0.031053081154823303,3.1386563777923584,0.03443102538585663,0.0038709044456481934,3.0467240810394287,-0.03884632885456085,-0.0091070756316185,3.0760507583618164,-0.33538809418678284,-0.38890528678894043,3.3378047943115234,-0.4750480353832245,-0.3820008635520935,3.306046962738037,-0.4829215109348297,-0.11669626832008362,3.327367067337036,-0.4870523512363434,0.13923212885856628,3.3334877490997314,-0.4878785312175751,0.1904178112745285,3.334711790084839,-0.48953086137771606,0.29278916120529175,3.337160110473633,-0.4289536476135254,0.24222521483898163,3.3502652645111084,-0.16333194077014923,0.17685285210609436,3.409773588180542,-0.24160122871398926,0.6329824924468994,3.4302847385406494,-0.3121023178100586,1.0380680561065674,3.4525694847106934,-0.3023543059825897,1.1507009267807007,3.3382151126861572,-0.36624014377593994,0.18675026297569275,3.3639490604400635,-0.34713253378868103,0.6491189002990723,3.385190486907959,-0.33484670519828796,1.0588324069976807,3.42449951171875,-0.3040323853492737,1.1719328165054321,3.314422845840454,-0.2328864336013794,-0.5281508564949036,3.2721309661865234,-0.22659355401992798,-0.5776641368865967,3.266782283782959,-0.21214349567890167,-0.6159114837646484,3.3080718517303467,-0.21102312207221985,-0.6044591665267944,3.42008113861084,-0.2649274170398712,-0.6195090413093567,3.2792727947235107,-0.3605775833129883,-0.614652156829834,3.3384838104248047,-0.33885201811790466,1.1355522871017456,3.4981157779693604,-0.34102287888526917,1.1577033996582031,3.474294662475586
-0.2680295407772064,0.181497722864151,3.376007318496704,-0.2728891670703888,-0.009321004152297974,3.3652710914611816,-0.2777824401855469,-0.20014607906341553,3.354663610458374,-0.2826758325099945,-0.3909768760204315,3.3440558910369873,-0.23252183198928833,-0.39409875869750977,3.3583550453186035,-0.09722842276096344,-0.3997196853160858,3.3970630168914795,-0.10715049505233765,-0.13537558913230896,3.415257692337036,-0.02868185192346573,-0.045994505286216736,3.1897432804107666,-0.012988122180104256,-0.02811828814446926,3.1446404457092285,0.01839933730661869,0.007634146139025688,3.0544347763061523,-0.054986584931612015,-0.01100502535700798,3.0791609287261963,-0.3328830301761627,-0.3899291157722473,3.329641342163086,-0.4681764245033264,-0.38430818915367126,3.29093337059021,-0.4639982283115387,-0.11943873763084412,3.3025097846984863,-0.4540652930736542,0.13517343997955322,3.2937328815460205,-0.4520787000656128,0.18609587848186493,3.2919774055480957,-0.44810551404953003,0.28794074058532715,3.288466691970825,-0.39146092534065247,0.23533174395561218,3.307649612426758,-0.16804823279380798,0.17734548449516296,3.4045510292053223,-0.24688255786895752,0.6336269974708557,3.4212486743927,-0.31911900639533997,1.0384860038757324,3.4436087608337402,-0.30338749289512634,1.152256965637207,3.3310160636901855,-0.36801084876060486,0.18564996123313904,3.347463607788086,-0.3473127484321594,0.6477482318878174,3.3743579387664795,-0.3354995548725128,1.0567959547042847,3.4209327697753906,-0.29805201292037964,1.1714963912963867,3.314584732055664,-0.2249666154384613,-0.5282788872718811,3.2703440189361572,-0.21771082282066345,-0.577717661857605,3.2655651569366455,-0.20509077608585358,-0.6156201362609863,3.3077611923217773,-0.21043479442596436,-0.6037713289260864,3.419605016708374,-0.2561146020889282,-0.6200436949729919,3.2760541439056396,-0.35500234365463257,-0.6163046956062317,3.329768657684326,-0.3484416604042053,1.1355153322219849,3.488593101501465,-0.3440443277359009,1.154911756515503,3.471907138824463
-0.2710171639919281,0.1808275282382965,3.3654861450195312,-0.2740377187728882,-0.010045424103736877,3.355999231338501,-0.27690479159355164,-0.20093046128749847,3.346709966659546,-0.27977195382118225,-0.3918212056159973,3.3374204635620117,-0.23046863079071045,-0.39443135261535645,3.3544671535491943,-0.10003368556499481,-0.39859089255332947,3.399684190750122,-0.13881774246692657,-0.1382690966129303,3.4217586517333984,-0.06238195300102234,-0.026258617639541626,3.2070326805114746,-0.04709479585289955,-0.003856521099805832,3.1640875339508057,-0.016520479694008827,0.040947671979665756,3.0781970024108887,-0.08778855204582214,0.012176766991615295,3.0978925228118896,-0.3291064202785492,-0.39128583669662476,3.320272922515869,-0.459541380405426,-0.38712629675865173,3.2750558853149414,-0.4442075192928314,-0.12347620725631714,3.278580665588379,-0.4203646183013916,0.12839186191558838,3.256443977355957,-0.41559603810310364,0.17876547574996948,3.252016544342041,-0.4060588777065277,0.2795127034187317,3.243161916732788,-0.35358938574790955,0.22553426027297974,3.268223762512207,-0.17286114394664764,0.1775774508714676,3.3996243476867676,-0.2518153190612793,0.6340166330337524,3.4134318828582764,-0.3256574273109436,1.0386353731155396,3.4362103939056396,-0.30394962430000305,1.1536535024642944,3.3258609771728516,-0.36917316913604736,0.18407760560512543,3.331347942352295,-0.34679996967315674,0.6457266807556152,3.3651232719421387,-0.3355790972709656,1.0538809299468994,3.4196393489837646,-0.2915727496147156,1.170230746269226,3.317641496658325,-0.21640542149543762,-0.5281004905700684,3.2665700912475586,-0.20825543999671936,-0.5774173736572266,3.2620620727539062,-0.1974177062511444,-0.6152833700180054,3.3047707080841064,-0.20889846980571747,-0.6038695573806763,3.41618013381958,-0.24659976363182068,-0.6202664375305176,3.2703685760498047,-0.3482476472854614,-0.6179881691932678,3.318707227706909,-0.3575074076652527,1.1351689100265503,3.480586290359497,-0.34650757908821106,1.151149034500122,3.4718105792999268
-0.27225640416145325,0.17899051308631897,3.3561081886291504,-0.2733023762702942,-0.011942878365516663,3.348383903503418,-0.2740517258644104,-0.20288929343223572,3.340951919555664,-0.274801105260849,-0.39384138584136963,3.333519697189331,-0.22653166949748993,-0.3958418667316437,3.3533473014831543,-0.10124611854553223,-0.39834049344062805,3.4049112796783447,-0.1663476824760437,-0.14431241154670715,3.429356813430786,-0.09402111172676086,-0.005930900573730469,3.2299771308898926,-0.07955579459667206,0.02174540050327778,3.190101146697998,-0.05062516778707504,0.07709800451993942,3.110349178314209,-0.1183992475271225,0.03835966810584068,3.123209238052368,-0.3230786919593811,-0.39391636848449707,3.3136112689971924,-0.4483642578125,-0.3914177417755127,3.262047290802002,-0.4232616126537323,-0.12928208708763123,3.25748610496521,-0.3862178921699524,0.11876513063907623,3.222369909286499,-0.3788091540336609,0.16837456822395325,3.215346574783325,-0.3639916777610779,0.2675934433937073,3.2013001441955566,-0.3157775402069092,0.21307508647441864,3.2323243618011475,-0.17632916569709778,0.17685501277446747,3.395904779434204,-0.2562600374221802,0.6332623958587646,3.4063072204589844,-0.3328360319137573,1.037424921989441,3.4289162158966064,-0.30540668964385986,1.1536372900009155,3.3210971355438232,-0.3681836426258087,0.18112601339817047,3.3163115978240967,-0.3446384072303772,0.6422831416130066,3.3561184406280518,-0.33493682742118835,1.0494494438171387,3.4181177616119385,-0.2845587134361267,1.1672710180282593,3.320840835571289,-0.20656129717826843,-0.5296098589897156,3.266443967819214,-0.1977173537015915,-0.5788386464118958,3.2625010013580322,-0.18874716758728027,-0.6164888739585876,3.3058032989501953,-0.20609116554260254,-0.604941725730896,3.4163997173309326,-0.2360139787197113,-0.6220265626907349,3.2689249515533447,-0.3400137722492218,-0.6206318140029907,3.3119113445281982,-0.3675044775009155,1.1334083080291748,3.4723923206329346,-0.3484956622123718,1.145897626876831,3.471209764480591
-0.27162033319473267,0.17680791020393372,3.3465728759765625,-0.27104809880256653,-0.014166012406349182,3.34098744392395,-0.27006202936172485,-0.20514993369579315,3.3358170986175537,-0.2690759301185608,-0.39613956212997437,3.330646514892578,-0.22206217050552368,-0.39754918217658997,3.3533129692077637,-0.10221735388040543,-0.39849674701690674,3.4111709594726562,-0.18805548548698425,-0.15125243365764618,3.4337306022644043,-0.12173669785261154,0.009431302547454834,3.2504730224609375,-0.10847294330596924,0.041568052023649216,3.2138214111328125,-0.08194542676210403,0.10584154725074768,3.1405184268951416,-0.14528991281986237,0.059136997908353806,3.146273136138916,-0.31607896089553833,-0.3968058228492737,3.3079240322113037,-0.4359237849712372,-0.3958582580089569,3.250065803527832,-0.40160438418388367,-0.13564792275428772,3.2391276359558105,-0.3516961634159088,0.10783746838569641,3.1941301822662354,-0.3417145311832428,0.15653455257415771,3.1851305961608887,-0.3217512369155884,0.2539287209510803,3.1671316623687744,-0.2780294418334961,0.1993042230606079,3.2036216259002686,-0.17838889360427856,0.17575494945049286,3.3921265602111816,-0.2587926983833313,0.6321950554847717,3.399423837661743,-0.33806920051574707,1.0358879566192627,3.4220023155212402,-0.30478957295417786,1.153412103652954,3.317267894744873,-0.36485177278518677,0.17786087095737457,3.3010191917419434,-0.34130385518074036,0.6385728120803833,3.3462471961975098,-0.3347344696521759,1.0447030067443848,3.4153666496276855,-0.2782893478870392,1.1639622449874878,3.323280096054077,-0.19667738676071167,-0.5319321751594543,3.2683136463165283,-0.18737737834453583,-0.581116259098053,3.2652101516723633,-0.18051926791667938,-0.6183912754058838,3.3091864585876465,-0.20375962555408478,-0.6061643958091736,3.418574810028076,-0.22571396827697754,-0.6244587302207947,3.269911527633667,-0.3318112790584564,-0.623355507850647,3.3072962760925293,-0.37558791041374207,1.1312775611877441,3.464439868927002,-0.3513597249984741,1.140326738357544,3.469102144241333
-0.26902902126312256,0.17172712087631226,3.3279225826263428,-0.26506510376930237,-0.019176200032234192,3.326629400253296,-0.2604948878288269,-0.2100694626569748,3.3260512351989746,-0.2559245526790619,-0.40096843242645264,3.3254730701446533,-0.2134907990694046,-0.40108251571655273,3.3558430671691895,-0.1074763759970665,-0.3987743556499481,3.4317703247070312,-0.21820959448814392,-0.16101789474487305,3.4357776641845703,-0.16417156159877777,0.03514204919338226,3.286726474761963,-0.15336395800113678,0.07437403500080109,3.2569162845611572,-0.1317487508058548,0.15283800661563873,3.197295904159546,-0.18420004844665527,0.0948806181550026,3.1873645782470703,-0.2983086109161377,-0.4029291868209839,3.2950968742370605,-0.4043230414390564,-0.4052373468875885,3.2191696166992188,-0.3596080541610718,-0.1471114158630371,3.2058427333831787,-0.2890876531600952,0.08965104818344116,3.1549954414367676,-0.27498358488082886,0.13700354099273682,3.1448259353637695,-0.24677541851997375,0.23170852661132812,3.1244869232177734,-0.21304668486118317,0.17795662581920624,3.1711981296539307,-0.18534740805625916,0.17305155098438263,3.3889126777648926,-0.26388370990753174,0.6300000548362732,3.3940606117248535,-0.3473941385746002,1.032916784286499,3.417680025100708,-0.2974396347999573,1.1541452407836914,3.324331521987915,-0.35271063446998596,0.17040269076824188,3.266932487487793,-0.3295224905014038,0.6293870806694031,3.3285114765167236,-0.3344945013523102,1.0317370891571045,3.4177494049072266,-0.2626917064189911,1.1547861099243164,3.342855930328369,-0.17499756813049316,-0.5371488928794861,3.2763216495513916,-0.16519255936145782,-0.5862711071968079,3.2753617763519287,-0.1645495593547821,-0.6227916479110718,3.3204095363616943,-0.20315390825271606,-0.6090368032455444,3.4250521659851074,-0.20362049341201782,-0.6297078132629395,3.2752420902252197,-0.3138548731803894,-0.6286326050758362,3.2970776557922363,-0.39188244938850403,1.1268128156661987,3.456669330596924,-0.3600861132144928,1.1248373985290527,3.4724597930908203
-0.26768922805786133,0.16804680228233337,3.315293073654175,-0.2627781331539154,-0.02278110384941101,3.3161776065826416,-0.25715529918670654,-0.21358227729797363,3.3180429935455322,-0.25153231620788574,-0.4043891429901123,3.319908618927002,-0.21295882761478424,-0.40394699573516846,3.3550264835357666,-0.11726000905036926,-0.4002745449542999,3.4421966075897217,-0.22570642828941345,-0.16219493746757507,3.430075168609619,-0.16309002041816711,0.03875456750392914,3.2918243408203125,-0.15056674182415009,0.07894446700811386,3.264174222946167,-0.12552018463611603,0.1593242585659027,3.208873987197876,-0.1747094988822937,0.10018499195575714,3.1923739910125732,-0.2900446653366089,-0.4069051742553711,3.284810781478882,-0.38574349880218506,-0.4105776250362396,3.1976406574249268,-0.33979532122612,-0.15288040041923523,3.1892523765563965,-0.2620308995246887,0.08245176076889038,3.1446845531463623,-0.24647802114486694,0.12951819598674774,3.1357710361480713,-0.2153722494840622,0.22365105152130127,3.1179440021514893,-0.18778438866138458,0.17025479674339294,3.168708324432373,-0.19198498129844666,0.1703217774629593,3.3857758045196533,-0.268075168132782,0.6278066039085388,3.3920960426330566,-0.3521193265914917,1.0307421684265137,3.4156014919281006,-0.2912004888057709,1.1538106203079224,3.331554412841797,-0.343393474817276,0.16577182710170746,3.2448103427886963,-0.32344332337379456,0.6235856413841248,3.3164381980895996,-0.3388929069042206,1.0235930681228638,3.4150707721710205,-0.2586071193218231,1.1483466625213623,3.3525278568267822,-0.16698257625102997,-0.5409193634986877,3.2791171073913574,-0.15737593173980713,-0.5900370478630066,3.2792091369628906,-0.16125158965587616,-0.6264086365699768,3.3241376876831055,-0.20965220034122467,-0.612228512763977,3.42443585395813,-0.19578076899051666,-0.6332532167434692,3.275477170944214,-0.30748486518859863,-0.6316214203834534,3.2865636348724365,-0.4004403352737427,1.1240311861038208,3.4514522552490234,-0.37080469727516174,1.1153442859649658,3.4687957763671875
-0.2677850127220154,0.1649378538131714,3.303492546081543,-0.2621411383152008,-0.02580152451992035,3.3066070079803467,-0.2556690275669098,-0.2164897322654724,3.310985803604126,-0.24919672310352325,-0.4071836471557617,3.3153648376464844,-0.21451905369758606,-0.4061504602432251,3.354306936264038,-0.12884999811649323,-0.4010327160358429,3.4505503177642822,-0.22984735667705536,-0.16118042171001434,3.424363374710083,-0.1551186442375183,0.03937378525733948,3.2922744750976562,-0.14017289876937866,0.07948462665081024,3.2658567428588867,-0.11028140783309937,0.15970630943775177,3.2130212783813477,-0.15785829722881317,0.10070869326591492,3.1923017501831055,-0.2838040590286255,-0.410289466381073,3.276470184326172,-0.36947309970855713,-0.4154072105884552,3.1802268028259277,-0.3239707350730896,-0.15784910321235657,3.1772775650024414,-0.24150273203849792,0.07686775922775269,3.140387773513794,-0.22500912845134735,0.12381113320589066,3.133009910583496,-0.1920219361782074,0.2176978886127472,3.1182539463043213,-0.1700592339038849,0.16448837518692017,3.1717324256896973,-0.20012402534484863,0.16821491718292236,3.381577253341675,-0.27328455448150635,0.6264165639877319,3.3882944583892822,-0.3558523952960968,1.029992699623108,3.4097206592559814,-0.2854807376861572,1.1537894010543823,3.3344204425811768,-0.33544600009918213,0.1616607904434204,3.225407838821411,-0.3199220895767212,0.6188156604766846,3.303605318069458,-0.34544217586517334,1.0174568891525269,3.406484603881836,-0.2588109076023102,1.1430455446243286,3.3548083305358887,-0.161136656999588,-0.543499231338501,3.2825815677642822,-0.15147732198238373,-0.592556357383728,3.283642053604126,-0.15923571586608887,-0.6288101673126221,3.32810378074646,-0.216323122382164,-0.6145342588424683,3.423609733581543,-0.18927793204784393,-0.6358382105827332,3.27662992477417,-0.3014427423477173,-0.6344471573829651,3.2777674198150635,-0.406832218170166,1.123252511024475,3.441962718963623,-0.38282597064971924,1.1084744930267334,3.458003044128418
-0.2687074840068817,0.16274738311767578,3.2930705547332764,-0.26261457800865173,-0.02789929509162903,3.298370122909546,-0.2556692361831665,-0.21846823394298553,3.305197238922119,-0.24872368574142456,-0.4090428650379181,3.3120245933532715,-0.21793566644191742,-0.40745246410369873,3.354081869125366,-0.14204609394073486,-0.4009714722633362,3.457784414291382,-0.2317611575126648,-0.1587650179862976,3.418307304382324,-0.1419048011302948,0.037682101130485535,3.2900304794311523,-0.12393353134393692,0.07697153091430664,3.2643752098083496,-0.08799098432064056,0.15555039048194885,3.213064432144165,-0.13513794541358948,0.09742024540901184,3.18942928314209,-0.2794362008571625,-0.41270461678504944,3.2700417041778564,-0.35532575845718384,-0.419185608625412,3.166339159011841,-0.3099958896636963,-0.1618790626525879,3.1694576740264893,-0.22341769933700562,0.07230259478092194,3.141462564468384,-0.20610205829143524,0.1191389262676239,3.1358635425567627,-0.1714707762002945,0.21281158924102783,3.1246654987335205,-0.15507011115550995,0.15943476557731628,3.1798243522644043,-0.2090664505958557,0.16699500381946564,3.3773038387298584,-0.28040599822998047,0.6257610321044922,3.3844947814941406,-0.36192575097084045,1.0299043655395508,3.403963327407837,-0.2838701903820038,1.1542357206344604,3.3374171257019043,-0.3283485174179077,0.15849976241588593,3.2088372707366943,-0.31735759973526,0.6152618527412415,3.2916316986083984,-0.35175880789756775,1.0131573677062988,3.3958053588867188,-0.26015573740005493,1.1390398740768433,3.3540701866149902,-0.15723462402820587,-0.5446094870567322,3.2869415283203125,-0.14731523394584656,-0.5935558080673218,3.2888989448547363,-0.1584339141845703,-0.6297851800918579,3.3326148986816406,-0.2233019471168518,-0.6158410906791687,3.422983407974243,-0.18404027819633484,-0.6371235251426697,3.278879165649414,-0.29585331678390503,-0.6366332173347473,3.2707321643829346,-0.4151175320148468,1.123175024986267,3.4326348304748535,-0.39376023411750793,1.1038283109664917,3.444441795349121
-0.269968181848526,0.16146862506866455,3.283371925354004,-0.26391157507896423,-0.029103010892868042,3.2904820442199707,-0.2570159137248993,-0.21957111358642578,3.299377918243408,-0.25012004375457764,-0.41004490852355957,3.308274269104004,-0.22318705916404724,-0.4080254137516022,3.3528754711151123,-0.15686166286468506,-0.4004926383495331,3.462744951248169,-0.2325902283191681,-0.15610137581825256,3.410320281982422,-0.1257374882698059,0.03351406753063202,3.2850496768951416,-0.10436694324016571,0.07143715023994446,3.259995460510254,-0.06162584573030472,0.14728331565856934,3.2098872661590576,-0.10901711136102676,0.09037025272846222,3.184002161026001,-0.2769780457019806,-0.4141346216201782,3.2637696266174316,-0.3433034420013428,-0.4216673970222473,3.153900146484375,-0.2978803515434265,-0.1646563708782196,3.1635091304779053,-0.2084185928106308,0.06930682063102722,3.145563840866089,-0.19052624702453613,0.11609946191310883,3.141974687576294,-0.1547415405511856,0.20968472957611084,3.134796619415283,-0.14359751343727112,0.1558035910129547,3.1907224655151367,-0.21825775504112244,0.16644054651260376,3.3725857734680176,-0.28697559237480164,0.6259459257125854,3.3811471462249756,-0.36556869745254517,1.031062364578247,3.399136543273926,-0.2805752456188202,1.1554059982299805,3.341392993927002,-0.32167860865592957,0.15649670362472534,3.1941580772399902,-0.3152743875980377,0.6129864454269409,3.2808573246002197,-0.3577921390533447,1.0103925466537476,3.385166645050049,-0.26236724853515625,1.1363914012908936,3.352950096130371,-0.15546363592147827,-0.5445208549499512,3.2905685901641846,-0.14518025517463684,-0.5933329463005066,3.293346405029297,-0.15926697850227356,-0.6296643018722534,3.3360822200775146,-0.2311251163482666,-0.6164441704750061,3.421058416366577,-0.18050308525562286,-0.6372990012168884,3.280538558959961,-0.2912940979003906,-0.6380759477615356,3.2636845111846924,-0.42009755969047546,1.1246533393859863,3.4243807792663574,-0.4037730097770691,1.100861668586731,3.4306752681732178
-0.2715238928794861,0.16112589836120605,3.2738840579986572,-0.2657269239425659,-0.029393509030342102,3.282242774963379,-0.25912946462631226,-0.21978649497032166,3.292640447616577,-0.25253182649612427,-0.41018518805503845,3.3030383586883545,-0.22937415540218353,-0.4078737497329712,3.3496952056884766,-0.17235474288463593,-0.39962202310562134,3.464613437652588,-0.2343473583459854,-0.15410207211971283,3.400773286819458,-0.11116354167461395,0.0280379056930542,3.2795119285583496,-0.0865267813205719,0.06446590274572372,3.2552597522735596,-0.037253253161907196,0.13732188940048218,3.2067551612854004,-0.08473510295152664,0.0815274715423584,3.1787109375,-0.275617778301239,-0.4145660102367401,3.2564947605133057,-0.3326371908187866,-0.42281773686408997,3.1415765285491943,-0.28844335675239563,-0.1659567952156067,3.1579482555389404,-0.1984928548336029,0.06836651265621185,3.150531768798828,-0.1805027574300766,0.11523117125034332,3.1490485668182373,-0.1445225477218628,0.20896050333976746,3.1460819244384766,-0.13796961307525635,0.15439939498901367,3.2020654678344727,-0.22763201594352722,0.16655176877975464,3.367114782333374,-0.2927750051021576,0.6269658803939819,3.3781394958496094,-0.3668283224105835,1.033348560333252,3.3957326412200928,-0.2755047380924225,1.1572593450546265,3.34700345993042,-0.31541576981544495,0.15570002794265747,3.1806533336639404,-0.3133784532546997,0.6119415760040283,3.2711291313171387,-0.36284708976745605,1.0090657472610474,3.3749828338623047,-0.26439639925956726,1.134952425956726,3.3519954681396484,-0.1550922691822052,-0.5433783531188965,3.292307138442993,-0.14440980553627014,-0.5920516848564148,3.295804262161255,-0.16115081310272217,-0.6286295652389526,3.337345838546753,-0.2392694652080536,-0.6164849996566772,3.4167563915252686,-0.17810548841953278,-0.6364434957504272,3.280381441116333,-0.2873076796531677,-0.6386245489120483,3.2553577423095703,-0.421953946352005,1.127505898475647,3.417840003967285,-0.41215354204177856,1.0994782447814941,3.4172632694244385
-0.27232927083969116,0.16195499897003174,3.266113758087158,-0.2667348086833954,-0.02852402627468109,3.2753591537475586,-0.26043155789375305,-0.21886186301708221,3.2867965698242188,-0.2541281282901764,-0.4092054069042206,3.298234224319458,-0.2344750314950943,-0.4066959619522095,3.3464605808258057,-0.1861090511083603,-0.3979593515396118,3.4651987552642822,-0.23559536039829254,-0.15225431323051453,3.392162799835205,-0.09844617545604706,0.022639170289039612,3.2754807472229004,-0.0710163339972496,0.05761786922812462,3.2521443367004395,-0.016156654804944992,0.12757526338100433,3.2054715156555176,-0.06357309967279434,0.07274181395769119,3.175555467605591,-0.27371272444725037,-0.4137836694717407,3.2501323223114014,-0.3220787048339844,-0.4225202798843384,3.131394147872925,-0.28076887130737305,-0.16572940349578857,3.1538896560668945,-0.19259023666381836,0.069286048412323,3.156029462814331,-0.17495450377464294,0.11628913879394531,3.1564574241638184,-0.1396830528974533,0.21029531955718994,3.157313346862793,-0.13679377734661102,0.1550808846950531,3.212928295135498,-0.23566053807735443,0.16770347952842712,3.362358331680298,-0.29725030064582825,0.6290081739425659,3.376746892929077,-0.36606717109680176,1.0367213487625122,3.395045518875122,-0.26937055587768555,1.1598783731460571,3.3549771308898926,-0.3089979887008667,0.15620651841163635,3.1698691844940186,-0.31092318892478943,0.6122816801071167,3.263646125793457,-0.3663412630558014,1.0092735290527344,3.3667330741882324,-0.26576629281044006,1.1349595785140991,3.352206230163574,-0.1542973816394806,-0.5409684181213379,3.293649911880493,-0.1431732028722763,-0.5894958972930908,3.2977309226989746,-0.16209344565868378,-0.626442015171051,3.337989330291748,-0.24544697999954224,-0.6156641244888306,3.4120936393737793,-0.17513732612133026,-0.6343076825141907,3.280013084411621,-0.2824046015739441,-0.6379501819610596,3.2478275299072266,-0.42123833298683167,1.1315734386444092,3.414501190185547,-0.41833895444869995,1.0997087955474854,3.405937671661377
-0.2724763751029968,0.1631837785243988,3.261111259460449,-0.26693490147590637,-0.02726142108440399,3.2708699703216553,-0.2608044743537903,-0.2175605148077011,3.282869577407837,-0.25467386841773987,-0.4078653156757355,3.2948696613311768,-0.23813317716121674,-0.4052585959434509,3.3442420959472656,-0.1974407434463501,-0.3962832987308502,3.465789794921875,-0.23621493577957153,-0.1509903222322464,3.3857126235961914,-0.08786037564277649,0.01781342923641205,3.2741594314575195,-0.05818946287035942,0.05157417804002762,3.2518486976623535,0.0011523626744747162,0.11909567564725876,3.2072274684906006,-0.045911312103271484,0.06497849524021149,3.1756038665771484,-0.2711479067802429,-0.4125404357910156,3.2456274032592773,-0.31184032559394836,-0.42151573300361633,3.124079704284668,-0.2750205397605896,-0.1646396517753601,3.1513452529907227,-0.19022828340530396,0.0712888240814209,3.1611387729644775,-0.1732698231935501,0.11847452074289322,3.163097381591797,-0.1393529176712036,0.21284592151641846,3.1670148372650146,-0.13922786712646484,0.1571497619152069,3.222166061401367,-0.24216881394386292,0.16910763084888458,3.3595070838928223,-0.3005692958831787,0.6312399506568909,3.3771119117736816,-0.3639681935310364,1.0402530431747437,3.396406650543213,-0.26286444067955017,1.1623859405517578,3.3641061782836914,-0.30278393626213074,0.15725992619991302,3.162715435028076,-0.30819520354270935,0.6133277416229248,3.2589430809020996,-0.3680530786514282,1.010502815246582,3.360689878463745,-0.2659503221511841,1.1358181238174438,3.3534209728240967,-0.1531422734260559,-0.5383747220039368,3.2951819896698,-0.14166702330112457,-0.5867810845375061,3.2996318340301514,-0.16233396530151367,-0.6241745948791504,3.3385860919952393,-0.24978706240653992,-0.6148200631141663,3.407987594604492,-0.17204058170318604,-0.6318663358688354,3.2799437046051025,-0.27728912234306335,-0.6366133689880371,3.2418344020843506,-0.418802410364151,1.1358797550201416,3.413604974746704,-0.4220399558544159,1.1011227369308472,3.3970284461975098
-0.2721773684024811,0.16423293948173523,3.2600486278533936,-0.26643773913383484,-0.02618752419948578,3.269986152648926,-0.2602401077747345,-0.21646851301193237,3.2820851802825928,-0.25404229760169983,-0.4067552089691162,3.294184446334839,-0.24019961059093475,-0.40415218472480774,3.3443777561187744,-0.20612716674804688,-0.395177960395813,3.4680628776550293,-0.23685260117053986,-0.1491958051919937,3.387129068374634,-0.0825713723897934,0.020630061626434326,3.285996675491333,-0.05171512812376022,0.054595235735177994,3.265770196914673,0.00999736413359642,0.12252558767795563,3.2253172397613525,-0.03504299372434616,0.0686911791563034,3.190540075302124,-0.2678176164627075,-0.4114263951778412,3.2441227436065674,-0.3018900752067566,-0.42040061950683594,3.1204376220703125,-0.27074718475341797,-0.16330784559249878,3.151015520095825,-0.1902078092098236,0.07364366948604584,3.1664645671844482,-0.17409993708133698,0.12103397399187088,3.1695544719696045,-0.1418841928243637,0.21581459045410156,3.175734043121338,-0.14378395676612854,0.15982379019260406,3.230484962463379,-0.24729301035404205,0.17019572854042053,3.3599348068237305,-0.3040764033794403,0.6329547166824341,3.378654718399048,-0.3647025227546692,1.042808175086975,3.3979101181030273,-0.2607839107513428,1.1643260717391968,3.372058153152466,-0.2970617413520813,0.15827015042304993,3.1601624488830566,-0.30550384521484375,0.6146236062049866,3.2570691108703613,-0.3681768774986267,1.0124518871307373,3.356220245361328,-0.26488959789276123,1.1372053623199463,3.3547017574310303,-0.15123102068901062,-0.5361676812171936,3.298135757446289,-0.13944390416145325,-0.5844757556915283,3.3027522563934326,-0.16142895817756653,-0.6223739385604858,3.3404648303985596,-0.2519938349723816,-0.6144692897796631,3.405916452407837,-0.16840682923793793,-0.6297208070755005,3.281400680541992,-0.27176448702812195,-0.635285496711731,3.238568067550659,-0.4195507764816284,1.1389200687408447,3.4129459857940674,-0.4234969913959503,1.1034767627716064,3.3897767066955566
-0.27154117822647095,0.16755056381225586,3.2577321529388428,-0.2657214403152466,-0.022814154624938965,3.267650842666626,-0.25965774059295654,-0.21305367350578308,3.2796146869659424,-0.2535938322544098,-0.40329891443252563,3.291579008102417,-0.2446136176586151,-0.4008268117904663,3.3428573608398438,-0.2223721295595169,-0.3921116590499878,3.470165252685547,-0.2357775717973709,-0.14504317939281464,3.3884310722351074,-0.07645489275455475,0.028338730335235596,3.3027853965759277,-0.04459035396575928,0.06301511824131012,3.285656213760376,0.019138723611831665,0.13236787915229797,3.2513978481292725,-0.022153127938508987,0.07857784628868103,3.2122960090637207,-0.26250818371772766,-0.40783870220184326,3.2404308319091797,-0.2847496569156647,-0.4165538549423218,3.1131229400634766,-0.26828333735466003,-0.1586897075176239,3.1468567848205566,-0.19614242017269135,0.08021722733974457,3.1692028045654297,-0.1817142367362976,0.12799862027168274,3.1736719608306885,-0.15285786986351013,0.22356140613555908,3.182610273361206,-0.15807151794433594,0.16749367117881775,3.2369847297668457,-0.2563047409057617,0.1733202487230301,3.359527111053467,-0.3127691447734833,0.6367408633232117,3.37471604347229,-0.3762591779232025,1.0467569828033447,3.390305519104004,-0.2706006169319153,1.1688042879104614,3.3751473426818848,-0.2867776155471802,0.16178087890148163,3.1559371948242188,-0.3018217384815216,0.6188297271728516,3.2511088848114014,-0.3709225058555603,1.017715334892273,3.3433187007904053,-0.2669670581817627,1.1418733596801758,3.351510763168335,-0.14979287981987,-0.531653881072998,3.3004112243652344,-0.137785404920578,-0.5799054503440857,3.3049943447113037,-0.16187819838523865,-0.6187084913253784,3.3404204845428467,-0.2568361759185791,-0.6129525899887085,3.3995444774627686,-0.1646607220172882,-0.6250542998313904,3.2809019088745117,-0.26471996307373047,-0.6309323310852051,3.230907917022705,-0.43264204263687134,1.1427465677261353,3.400554656982422,-0.42860791087150574,1.1092911958694458,3.3713245391845703
-0.2719586193561554,0.17075055837631226,3.264497756958008,-0.2664235234260559,-0.019664481282234192,3.272794723510742,-0.26070407032966614,-0.20999136567115784,3.282811164855957,-0.25498443841934204,-0.4003239870071411,3.292827844619751,-0.24689243733882904,-0.3984117805957794,3.3442678451538086,-0.22676555812358856,-0.39105477929115295,3.472569227218628,-0.23603178560733795,-0.14310497045516968,3.393192768096924,-0.07887016236782074,0.03425338864326477,3.3120150566101074,-0.04743783548474312,0.06972506642341614,3.2957794666290283,0.015426818281412125,0.14066842198371887,3.263308525085449,-0.024436764419078827,0.08676305413246155,3.2229466438293457,-0.2630142867565155,-0.4043048024177551,3.2414968013763428,-0.283141165971756,-0.4116618037223816,3.1131954193115234,-0.27768731117248535,-0.15333202481269836,3.146385669708252,-0.21267886459827423,0.08756333589553833,3.168496608734131,-0.19967716932296753,0.1357424110174179,3.1729187965393066,-0.17367379367351532,0.23210054636001587,3.181763172149658,-0.17797568440437317,0.1761605143547058,3.2363173961639404,-0.2582325339317322,0.17559611797332764,3.366544723510742,-0.3104081153869629,0.6398090124130249,3.3777549266815186,-0.3738996088504791,1.0500929355621338,3.390115737915039,-0.26786911487579346,1.1720420122146606,3.37615966796875,-0.2856847047805786,0.16590499877929688,3.1624507904052734,-0.30065813660621643,0.6236492395401001,3.255119800567627,-0.3696272671222687,1.0234264135360718,3.344216823577881,-0.2652716040611267,1.1472545862197876,3.353452205657959,-0.1516200304031372,-0.5291715860366821,3.2996740341186523,-0.1397816687822342,-0.5775392055511475,3.303454637527466,-0.16408076882362366,-0.6168660521507263,3.3381638526916504,-0.2591533064842224,-0.6118044257164001,3.3971869945526123,-0.1667582094669342,-0.622182309627533,3.278533935546875,-0.2667394280433655,-0.6268671154975891,3.2282354831695557,-0.43040692806243896,1.1462044715881348,3.398888111114502,-0.42740219831466675,1.1154093742370605,3.370837450027466
-0.2716289162635803,0.1750068962574005,3.2712552547454834,-0.26699018478393555,-0.01544293761253357,3.2779111862182617,-0.26224198937416077,-0.20583440363407135,3.2860050201416016,-0.25749364495277405,-0.39623159170150757,3.2940990924835205,-0.250020295381546,-0.39489150047302246,3.3456356525421143,-0.23133663833141327,-0.3889339566230774,3.4748151302337646,-0.23805034160614014,-0.140275239944458,3.3975675106048584,-0.08333045244216919,0.04086273908615112,3.3202638626098633,-0.05238647758960724,0.07709033787250519,3.3048031330108643,0.009501475840806961,0.14954552054405212,3.273881673812866,-0.02893964573740959,0.09544037282466888,3.2324464321136475,-0.264915406703949,-0.3996410369873047,3.242650270462036,-0.2835990786552429,-0.40559858083724976,3.1134707927703857,-0.288693368434906,-0.1472136378288269,3.145946979522705,-0.23090331256389618,0.09551970660686493,3.1675314903259277,-0.2193453013896942,0.14406637847423553,3.1718482971191406,-0.19622927904129028,0.24115970730781555,3.1804821491241455,-0.1993628740310669,0.18535462021827698,3.2352356910705566,-0.2588815987110138,0.1788892298936844,3.3734586238861084,-0.3065216541290283,0.6436954736709595,3.3818140029907227,-0.3705720901489258,1.053992509841919,3.392033815383911,-0.26449888944625854,1.1760162115097046,3.378894090652466,-0.28437623381614685,0.17112456262111664,3.1690518856048584,-0.30031535029411316,0.6292957067489624,3.259657382965088,-0.3706313371658325,1.029401183128357,3.3463852405548096,-0.2664852738380432,1.1533758640289307,3.356276035308838,-0.15616926550865173,-0.5267894268035889,3.2996811866760254,-0.14510445296764374,-0.5753930807113647,3.302853584289551,-0.17019817233085632,-0.6148141622543335,3.336902618408203,-0.26550260186195374,-0.6090723276138306,3.3955283164978027,-0.17264989018440247,-0.619270384311676,3.2771811485290527,-0.2724491357803345,-0.6216983795166016,3.2263174057006836,-0.4272799491882324,1.1500836610794067,3.399820327758789,-0.4287853538990021,1.121444821357727,3.371997594833374
-0.2710689604282379,0.17878708243370056,3.278606414794922,-0.2676827311515808,-0.011695176362991333,3.2837746143341064,-0.2642410099506378,-0.20214053988456726,3.290130138397217,-0.26079919934272766,-0.39259159564971924,3.2964859008789062,-0.25362178683280945,-0.3917770981788635,3.348064422607422,-0.23556871712207794,-0.3871130049228668,3.4780502319335938,-0.23962245881557465,-0.1379556953907013,3.4023284912109375,-0.0865708589553833,0.0454505980014801,3.327164649963379,-0.05596053600311279,0.08213185518980026,3.312131881713867,0.005260106176137924,0.15549436211585999,3.2820663452148438,-0.03245474025607109,0.10135350376367569,3.2400295734405518,-0.2679392099380493,-0.3954760730266571,3.244976282119751,-0.28599226474761963,-0.4001401662826538,3.114990472793579,-0.30108118057250977,-0.14207834005355835,3.146707534790039,-0.24950385093688965,0.10210265219211578,3.1673879623413086,-0.23918838798999786,0.15093885362148285,3.1715240478515625,-0.2185574471950531,0.24861125648021698,3.1797962188720703,-0.22049525380134583,0.1929977685213089,3.234787940979004,-0.2586512267589569,0.18178243935108185,3.380871057510376,-0.3022075593471527,0.64706951379776,3.3867697715759277,-0.3678297698497772,1.0571938753128052,3.3953566551208496,-0.26213663816452026,1.1795790195465088,3.3823342323303223,-0.2834866940975189,0.17579172551631927,3.1763417720794678,-0.3007832169532776,0.6343933939933777,3.264712333679199,-0.3728845417499542,1.0346795320510864,3.3492958545684814,-0.26920366287231445,1.159069538116455,3.3591017723083496,-0.16231536865234375,-0.5254074931144714,3.3010175228118896,-0.1523139923810959,-0.5742859244346619,3.303699016571045,-0.1783977746963501,-0.6135339140892029,3.3372297286987305,-0.27381742000579834,-0.606364369392395,3.3955750465393066,-0.18070799112319946,-0.6172870993614197,3.2774360179901123,-0.2803630530834198,-0.6169982552528381,3.2261595726013184,-0.42493489384651184,1.153106927871704,3.402559757232666,-0.4314786195755005,1.1266448497772217,3.3742218017578125
-0.27047136425971985,0.1825338900089264,3.2844152450561523,-0.2680386006832123,-0.007977917790412903,3.2881414890289307,-0.26555800437927246,-0.1984657645225525,3.292914390563965,-0.2630773186683655,-0.3889593183994293,3.297687530517578,-0.25544077157974243,-0.38860517740249634,3.3492002487182617,-0.23611971735954285,-0.3850838243961334,3.479696273803711,-0.23762555420398712,-0.13586635887622833,3.4041240215301514,-0.08560748398303986,0.04748782515525818,3.326808214187622,-0.0552038699388504,0.08415865898132324,3.311345100402832,0.005603358149528503,0.15750032663345337,3.280418872833252,-0.03288055211305618,0.10350309312343597,3.2389049530029297,-0.27068692445755005,-0.3913838565349579,3.2462265491485596,-0.29000797867774963,-0.3949052095413208,3.1157305240631104,-0.3152153491973877,-0.13759982585906982,3.1470563411712646,-0.26961618661880493,0.10785146057605743,3.1665592193603516,-0.2604963481426239,0.1569417119026184,3.170459747314453,-0.24225668609142303,0.25512221455574036,3.1782608032226562,-0.242566779255867,0.19969850778579712,3.233471632003784,-0.2568642795085907,0.18470528721809387,3.386547088623047,-0.2971011698246002,0.6503897905349731,3.391488790512085,-0.365129292011261,1.0601967573165894,3.40024733543396,-0.26030534505844116,1.1832249164581299,3.3859448432922363,-0.284078449010849,0.1803624927997589,3.182283401489258,-0.30225905776023865,0.6392641067504883,3.2693707942962646,-0.37404292821884155,1.0398155450820923,3.353346347808838,-0.27043405175209045,1.164421558380127,3.3615381717681885,-0.16646230220794678,-0.5233608484268188,3.299790143966675,-0.15714968740940094,-0.572441041469574,3.3019471168518066,-0.18336908519268036,-0.6115982532501221,3.3355565071105957,-0.2779236435890198,-0.6034786701202393,3.3953371047973633,-0.18656975030899048,-0.6148350834846497,3.275726318359375,-0.2869921922683716,-0.6126496195793152,3.225818634033203,-0.4227466583251953,1.1557897329330444,3.4079344272613525,-0.432507187128067,1.1317973136901855,3.3786075115203857
-0.26971760392189026,0.1863918900489807,3.2912731170654297,-0.26831895112991333,-0.004146948456764221,3.2937190532684326,-0.26688170433044434,-0.19467243552207947,3.2970287799835205,-0.26544439792633057,-0.38520362973213196,3.3003385066986084,-0.2566361725330353,-0.38528138399124146,3.3516640663146973,-0.23421743512153625,-0.38284173607826233,3.482367753982544,-0.23311953246593475,-0.1332872062921524,3.407961130142212,-0.08212548494338989,0.04971560835838318,3.3279013633728027,-0.05192667245864868,0.08631616830825806,3.311889410018921,0.008470948785543442,0.1595172882080078,3.2798655033111572,-0.03137942776083946,0.10600773990154266,3.239023447036743,-0.2742370069026947,-0.38719671964645386,3.249049186706543,-0.2966557443141937,-0.389636367559433,3.1183454990386963,-0.3313109278678894,-0.13342511653900146,3.149487257003784,-0.2916770577430725,0.11318215727806091,3.167173147201538,-0.2837502956390381,0.16250361502170563,3.170710325241089,-0.26789674162864685,0.26114654541015625,3.1777846813201904,-0.2658933401107788,0.20599910616874695,3.233229637145996,-0.253483384847641,0.18781718611717224,3.3930249214172363,-0.29174938797950745,0.6537591218948364,3.3968589305877686,-0.3634034991264343,1.063004493713379,3.40633225440979,-0.2601100206375122,1.18699049949646,3.3891403675079346,-0.2859518229961395,0.18496659398078918,3.189521312713623,-0.3042529225349426,0.6441200971603394,3.275683641433716,-0.3751998245716095,1.044792652130127,3.3601460456848145,-0.27180159091949463,1.1697715520858765,3.3653156757354736,-0.1708499938249588,-0.5213171243667603,3.2992773056030273,-0.16225795447826385,-0.5706135630607605,3.3010048866271973,-0.18819209933280945,-0.6095320582389832,3.335240364074707,-0.2810296416282654,-0.6001295447349548,3.3977441787719727,-0.19311323761940002,-0.6124857664108276,3.2754318714141846,-0.29497286677360535,-0.6084983348846436,3.2282867431640625,-0.42171934247016907,1.1580909490585327,3.4152207374572754,-0.43331485986709595,1.1366904973983765,3.3865768909454346
-0.26872479915618896,0.18989098072052002,3.2969977855682373,-0.26873236894607544,-0.0006590783596038818,3.29797101020813,-0.2687375545501709,-0.1912049949169159,3.2995593547821045,-0.26874274015426636,-0.38175660371780396,3.301147699356079,-0.2580805718898773,-0.38236767053604126,3.352114677429199,-0.2307731807231903,-0.3812805712223053,3.482625961303711,-0.22340096533298492,-0.1313456892967224,3.4099297523498535,-0.06908710300922394,0.04676848649978638,3.3253512382507324,-0.03822433203458786,0.08239132165908813,3.3084354400634766,0.023501213639974594,0.15363699197769165,3.274604082107544,-0.019794419407844543,0.10193295776844025,3.2349705696105957,-0.27940496802330017,-0.38321658968925476,3.2501978874206543,-0.3067123591899872,-0.3843036890029907,3.1196866035461426,-0.35020482540130615,-0.12965711951255798,3.1523983478546143,-0.31668880581855774,0.11793474853038788,3.1687045097351074,-0.30998560786247253,0.1674531251192093,3.1719658374786377,-0.29657918214797974,0.2664898633956909,3.178488254547119,-0.29129499197006226,0.21148759126663208,3.2338547706604004,-0.24852125346660614,0.1904062181711197,3.3980276584625244,-0.2850738763809204,0.6565479040145874,3.4013891220092773,-0.36104345321655273,1.0650088787078857,3.413107395172119,-0.25990229845046997,1.1901613473892212,3.391857862472534,-0.2889283299446106,0.18937574326992035,3.19596791267395,-0.3061777651309967,0.6488132476806641,3.281144857406616,-0.37602877616882324,1.0494641065597534,3.3668699264526367,-0.2731689214706421,1.1750165224075317,3.3676798343658447,-0.17606928944587708,-0.5193466544151306,3.295351266860962,-0.16809317469596863,-0.5688351392745972,3.296459674835205,-0.19312706589698792,-0.6076416969299316,3.3316171169281006,-0.2832081615924835,-0.5973024964332581,3.398158311843872,-0.20063777267932892,-0.6101879477500916,3.271974802017212,-0.30448848009109497,-0.6045168042182922,3.2291717529296875,-0.42008036375045776,1.15944504737854,3.4240965843200684,-0.433599054813385,1.1411635875701904,3.395174980163574
-0.26581984758377075,0.19162696599960327,3.304579019546509,-0.2677823603153229,0.0010975897312164307,3.3042960166931152,-0.2698325216770172,-0.1894310563802719,3.304287910461426,-0.2718827426433563,-0.3799654245376587,3.3042798042297363,-0.25866663455963135,-0.38114529848098755,3.354631185531616,-0.2245849221944809,-0.38151755928993225,3.484368085861206,-0.204621821641922,-0.1324065625667572,3.4112350940704346,-0.040166497230529785,0.031261131167411804,3.3171327114105225,-0.007275432348251343,0.06399467587471008,3.298312187194824,0.05850669741630554,0.12946176528930664,3.2606711387634277,0.008674658834934235,0.08174218237400055,3.223820924758911,-0.2851211428642273,-0.38085639476776123,3.2539284229278564,-0.31920284032821655,-0.38048413395881653,3.1241915225982666,-0.37046271562576294,-0.12761956453323364,3.159336805343628,-0.34389302134513855,0.12090259790420532,3.1741256713867188,-0.33857908844947815,0.17060703039169312,3.1770834922790527,-0.32795119285583496,0.2700158953666687,3.1829991340637207,-0.3183770775794983,0.21526850759983063,3.238039016723633,-0.240263432264328,0.19121554493904114,3.4043657779693604,-0.276089072227478,0.6574630737304688,3.405799150466919,-0.35778099298477173,1.0647802352905273,3.41984486579895,-0.2598479390144348,1.1913973093032837,3.392902374267578,-0.2913762629032135,0.1920383870601654,3.2047922611236572,-0.3070143759250641,0.6520693898200989,3.2872495651245117,-0.3758047819137573,1.0527955293655396,3.3736472129821777,-0.2741033732891083,1.1791956424713135,3.3683090209960938,-0.18137001991271973,-0.518852949142456,3.292361259460449,-0.1739749014377594,-0.5685082077980042,3.292733669281006,-0.19746851921081543,-0.6072658896446228,3.329111099243164,-0.2835288941860199,-0.5961952209472656,3.400895595550537,-0.20845547318458557,-0.6093460321426392,3.2699127197265625,-0.3146585524082184,-0.602088987827301,3.2331671714782715,-0.41765597462654114,1.1583468914031982,3.4335076808929443,-0.4326353669166565,1.1442375183105469,3.4042258262634277
-0.2564535439014435,0.1927889585494995,3.320838451385498,-0.26286059617996216,0.0024229586124420166,3.3185298442840576,-0.26956790685653687,-0.18792939186096191,3.31596302986145,-0.2762754261493683,-0.3782874643802643,3.3133962154388428,-0.2572101056575775,-0.38064759969711304,3.3617777824401855,-0.20690597593784332,-0.38413873314857483,3.4892265796661377,-0.1357743740081787,-0.142909437417984,3.421700954437256,0.06778401136398315,-0.04452478885650635,3.3140926361083984,0.10849568992853165,-0.024847857654094696,3.2925710678100586,0.18991905450820923,0.014506004750728607,3.2495276927948,0.12436556071043015,-0.013004988431930542,3.2168943881988525,-0.29541367292404175,-0.3779962658882141,3.264986515045166,-0.34571778774261475,-0.3745051324367523,3.137537717819214,-0.4079342484474182,-0.12488195300102234,3.1778907775878906,-0.3953753411769867,0.12489598989486694,3.1900696754455566,-0.39286357164382935,0.17485158145427704,3.192505359649658,-0.38784000277519226,0.27476274967193604,3.1973769664764404,-0.36919909715652466,0.2210073173046112,3.2510604858398438,-0.21881431341171265,0.19036024808883667,3.4166505336761475,-0.25804567337036133,0.6562508344650269,3.4051551818847656,-0.35358184576034546,1.060608983039856,3.4188437461853027,-0.26463332772254944,1.189881682395935,3.3772289752960205,-0.2940927743911743,0.19521766901016235,3.2250263690948486,-0.31169700622558594,0.6572282314300537,3.2954652309417725,-0.3758919835090637,1.0599173307418823,3.376338481903076,-0.2775581181049347,1.187248706817627,3.3546078205108643,-0.19217254221439362,-0.520148754119873,3.288306713104248,-0.18631377816200256,-0.5701846480369568,3.287266492843628,-0.20605351030826569,-0.608826756477356,3.3262457847595215,-0.28176015615463257,-0.5960737466812134,3.409198045730591,-0.22489836812019348,-0.609839141368866,3.2688002586364746,-0.3351539373397827,-0.5989421606063843,3.2464354038238525,-0.41507673263549805,1.1523041725158691,3.4372782707214355,-0.4300682544708252,1.1517032384872437,3.4105398654937744
-0.24810363352298737,0.1905175745487213,3.3441860675811768,-0.2578998804092407,0.00032375752925872803,3.340880870819092,-0.26824527978897095,-0.18982911109924316,3.3369531631469727,-0.27859097719192505,-0.3799876868724823,3.3330254554748535,-0.2540631592273712,-0.3833048343658447,3.378816843032837,-0.18851697444915771,-0.3893938362598419,3.500962972640991,-0.07411231100559235,-0.16481229662895203,3.435147523880005,0.14457383751869202,-0.12989011406898499,3.318124294281006,0.18831107020378113,-0.1229056790471077,3.294719696044922,0.27578553557395935,-0.10893680900335312,3.247910499572754,0.203838050365448,-0.11710330843925476,3.2182445526123047,-0.30323126912117004,-0.37873730063438416,3.287191390991211,-0.36877745389938354,-0.37264829874038696,3.1650452613830566,-0.43160778284072876,-0.12416458129882812,3.211576461791992,-0.4257269501686096,0.12596654891967773,3.2232985496520996,-0.42455077171325684,0.17599277198314667,3.2256429195404053,-0.42219844460487366,0.2760452330112457,3.2303316593170166,-0.39618533849716187,0.2228715419769287,3.281508684158325,-0.19931630790233612,0.1864306777715683,3.4347610473632812,-0.24294354021549225,0.6517569422721863,3.4173741340637207,-0.34397950768470764,1.0546051263809204,3.4355978965759277,-0.26300832629203796,1.1846024990081787,3.381742000579834,-0.2968909740447998,0.19460447132587433,3.2536110877990723,-0.3142217695713043,0.6575814485549927,3.3175337314605713,-0.37169942259788513,1.0617122650146484,3.3962836265563965,-0.27761101722717285,1.1890214681625366,3.360285520553589,-0.20136001706123352,-0.523708701133728,3.2967686653137207,-0.19682055711746216,-0.5739466547966003,3.2946841716766357,-0.2125299721956253,-0.6125791072845459,3.335624933242798,-0.27726417779922485,-0.5989038944244385,3.427532911300659,-0.2383684366941452,-0.6126402616500854,3.2808284759521484,-0.35047316551208496,-0.5990771651268005,3.2722761631011963,-0.4046485722064972,1.1455553770065308,3.4596245288848877,-0.42222145199775696,1.1539862155914307,3.434532880783081
-0.23876327276229858,0.18984723091125488,3.3588953018188477,-0.25191646814346313,-0.00011688470840454102,3.3545405864715576,-0.2659035623073578,-0.19000056385993958,3.3493549823760986,-0.27989107370376587,-0.37988996505737305,3.3441691398620605,-0.25066444277763367,-0.38425129652023315,3.3870186805725098,-0.17147547006607056,-0.393248975276947,3.5028936862945557,-0.00694844126701355,-0.19954152405261993,3.443856954574585,0.21279531717300415,-0.23262037336826324,3.327411651611328,0.25674405694007874,-0.23923614621162415,3.3041226863861084,0.3446415662765503,-0.25246769189834595,3.25754451751709,0.27349361777305603,-0.23898756504058838,3.227555990219116,-0.3092697262763977,-0.37759238481521606,3.3012633323669434,-0.3884586989879608,-0.3685947060585022,3.1853883266448975,-0.4522605240345001,-0.12115584313869476,3.2381176948547363,-0.4538351893424988,0.12938590347766876,3.2510573863983154,-0.45415011048316956,0.17949426174163818,3.253645420074463,-0.4547799825668335,0.27971094846725464,3.2588212490081787,-0.4219692051410675,0.22719186544418335,3.3068654537200928,-0.18033887445926666,0.18386322259902954,3.4434635639190674,-0.22968989610671997,0.6485855579376221,3.4249231815338135,-0.33560261130332947,1.0497312545776367,3.4514012336730957,-0.26330140233039856,1.1806979179382324,3.388331174850464,-0.2971876859664917,0.19583123922348022,3.274327039718628,-0.3160342574119568,0.6592987775802612,3.3342337608337402,-0.3685263395309448,1.0644103288650513,3.4114716053009033,-0.2800678014755249,1.191723346710205,3.3632633686065674,-0.21073031425476074,-0.5253793001174927,3.29831600189209,-0.20767265558242798,-0.5757968425750732,3.2954368591308594,-0.2194911688566208,-0.6144699454307556,3.337798833847046,-0.2729121446609497,-0.6000145673751831,3.4368743896484375,-0.2515612542629242,-0.6134716272354126,3.286259651184082,-0.36377736926078796,-0.5971860885620117,3.290846586227417,-0.39500725269317627,1.1397908926010132,3.481250762939453,-0.4155098795890808,1.1570098400115967,3.45328688621521
-0.23035646975040436,0.1896279752254486,3.368204355239868,-0.24636755883693695,-9.185075759887695e-05,3.362936019897461,-0.2634790241718292,-0.18968698382377625,3.356722831726074,-0.2805909812450409,-0.37928780913352966,3.3505094051361084,-0.24737311899662018,-0.38462719321250916,3.3902249336242676,-0.1560116708278656,-0.39644551277160645,3.4992449283599854,0.04654698073863983,-0.23806773126125336,3.449113607406616,0.2565733790397644,-0.31906095147132874,3.3360726833343506,0.2985786497592926,-0.3352595865726471,3.313464403152466,0.3825892210006714,-0.3676568865776062,3.2682480812072754,0.3167456388473511,-0.3380339443683624,3.2369470596313477,-0.313994824886322,-0.37600913643836975,3.3107264041900635,-0.4053562581539154,-0.36419081687927246,3.2017064094543457,-0.4707931876182556,-0.11753839254379272,3.2609286308288574,-0.4804798364639282,0.13365784287452698,3.2769243717193604,-0.48241716623306274,0.18389709293842316,3.280123472213745,-0.4862918257713318,0.2843756079673767,3.2865216732025146,-0.44724273681640625,0.23253034055233002,3.3310177326202393,-0.16373389959335327,0.1818358600139618,3.44633412361145,-0.21969163417816162,0.6458970308303833,3.4295308589935303,-0.32958850264549255,1.0452136993408203,3.4658806324005127,-0.2661951184272766,1.177254319190979,3.395833969116211,-0.29697903990745544,0.19742009043693542,3.290074586868286,-0.31852251291275024,0.66097491979599,3.348548650741577,-0.36756035685539246,1.0666334629058838,3.425288200378418,-0.28564125299453735,1.194096565246582,3.366957902908325,-0.2193228006362915,-0.5261640548706055,3.2971174716949463,-0.21754702925682068,-0.5767281651496887,3.293797731399536,-0.22557663917541504,-0.6154488921165466,3.3371710777282715,-0.2680339813232422,-0.600408136844635,3.4416072368621826,-0.2629721760749817,-0.6136133670806885,3.2892096042633057,-0.37398800253868103,-0.5952074527740479,3.3057162761688232,-0.387351930141449,1.134305715560913,3.5013461112976074,-0.411212682723999,1.1593652963638306,3.470311403274536
-0.2241232842206955,0.1895304024219513,3.375338315963745,-0.24218982458114624,2.0056962966918945e-05,3.369253158569336,-0.2616022229194641,-0.1893211454153061,3.3621346950531006,-0.28101521730422974,-0.37866801023483276,3.355015993118286,-0.24463504552841187,-0.38481947779655457,3.3917295932769775,-0.14301449060440063,-0.39908671379089355,3.4940927028656006,0.08182528614997864,-0.2686440944671631,3.4494314193725586,0.28325778245925903,-0.3749648630619049,3.337916374206543,0.32354429364204407,-0.3962290287017822,3.315613269805908,0.40411728620529175,-0.4387573301792145,3.2710072994232178,0.34290266036987305,-0.4000554084777832,3.238881826400757,-0.3176063597202301,-0.3745745122432709,3.3182249069213867,-0.41922691464424133,-0.3603072762489319,3.2158617973327637,-0.48615509271621704,-0.11376690864562988,3.2814462184906006,-0.5030432939529419,0.13846224546432495,3.301694393157959,-0.506420910358429,0.18890807032585144,3.305743932723999,-0.5131762027740479,0.2897997200489044,3.313843250274658,-0.46888241171836853,0.23847687244415283,3.3548450469970703,-0.15100958943367004,0.18025007843971252,3.4472837448120117,-0.21316096186637878,0.6436082720756531,3.4326343536376953,-0.3260166049003601,1.0411804914474487,3.478041410446167,-0.27093055844306946,1.1741063594818115,3.4028239250183105,-0.29723697900772095,0.19881072640419006,3.3033928871154785,-0.3229851722717285,0.6623977422714233,3.3599820137023926,-0.3708347976207733,1.068551778793335,3.434889793395996,-0.29574471712112427,1.1961066722869873,3.368161678314209,-0.2267276495695114,-0.5264348983764648,3.295748472213745,-0.22594814002513885,-0.5771096348762512,3.292128086090088,-0.23055653274059296,-0.6159787774085999,3.3360297679901123,-0.2632465064525604,-0.6007711887359619,3.4441497325897217,-0.27219751477241516,-0.613442599773407,3.291564464569092,-0.38122931122779846,-0.5935852527618408,3.318164587020874,-0.38199716806411743,1.1293959617614746,3.51824951171875,-0.41181468963623047,1.161418080329895,3.4821016788482666
-0.21981072425842285,0.18901091814041138,3.3909192085266113,-0.23945538699626923,-0.0003230869770050049,3.38405442237854,-0.26063796877861023,-0.18944934010505676,3.376119613647461,-0.2818211615085602,-0.37858128547668457,3.3681845664978027,-0.242947518825531,-0.38540157675743103,3.4021224975585938,-0.13245226442813873,-0.40181764960289,3.4984254837036133,0.10793983936309814,-0.29386597871780396,3.45790958404541,0.30578452348709106,-0.41458016633987427,3.348336696624756,0.34535345435142517,-0.43872299790382385,3.3264222145080566,0.4244913160800934,-0.4870086908340454,3.282593011856079,0.3666028678417206,-0.4427875280380249,3.24931001663208,-0.3209250569343567,-0.373816579580307,3.334160566329956,-0.43142032623291016,-0.357400506734848,3.2378575801849365,-0.5002092123031616,-0.10986968874931335,3.3091320991516113,-0.52386075258255,0.144198477268219,3.333843231201172,-0.5285910367965698,0.19501210749149323,3.338785409927368,-0.5380516648292542,0.2966393828392029,3.3486697673797607,-0.48914071917533875,0.2457738220691681,3.3865480422973633,-0.14164140820503235,0.17849712073802948,3.4572017192840576,-0.2089569866657257,0.6412110924720764,3.4447479248046875,-0.32253897190093994,1.0377721786499023,3.4968066215515137,-0.27438098192214966,1.1709688901901245,3.417419195175171,-0.29798004031181335,0.19952471554279327,3.324636697769165,-0.3283594250679016,0.66313636302948,3.3787848949432373,-0.37613075971603394,1.0698654651641846,3.450624942779541,-0.30754441022872925,1.1972088813781738,3.3768515586853027,-0.23386770486831665,-0.5270575881004333,3.304373264312744,-0.23395206034183502,-0.5778337717056274,3.30056095123291,-0.2356075644493103,-0.6168871521949768,3.3446788787841797,-0.25972938537597656,-0.6016619801521301,3.455277442932129,-0.280621200799942,-0.6137191653251648,3.303480625152588,-0.38726806640625,-0.5926861763000488,3.3385486602783203,-0.3764522969722748,1.1255602836608887,3.5406219959259033,-0.41491666436195374,1.1629940271377563,3.4991626739501953
-0.21483266353607178,0.18875330686569214,3.4006476402282715,-0.23566405475139618,-0.00041083991527557373,3.3926424980163574,-0.2582603394985199,-0.1893213838338852,3.383514642715454,-0.2808573246002197,-0.37823760509490967,3.3743865489959717,-0.23997145891189575,-0.3856862783432007,3.405729293823242,-0.12168844789266586,-0.40420958399772644,3.4962756633758545,0.12855470180511475,-0.3101097345352173,3.4575233459472656,0.3275836110115051,-0.4328572154045105,3.3444173336029053,0.36738938093185425,-0.4574066996574402,3.321796178817749,0.4470009505748749,-0.5065056681632996,3.2765536308288574,0.38996872305870056,-0.45892295241355896,3.243865489959717,-0.3219887614250183,-0.3728421926498413,3.342944622039795,-0.4402717649936676,-0.35431888699531555,3.2523982524871826,-0.5089771747589111,-0.10523520410060883,3.3312337398529053,-0.5367156863212585,0.15110157430171967,3.3627686500549316,-0.542263388633728,0.20236892998218536,3.3690755367279053,-0.553358793258667,0.30490362644195557,3.3816895484924316,-0.5006932020187378,0.2537131607532501,3.416203260421753,-0.13266852498054504,0.17711874842643738,3.461764097213745,-0.20595787465572357,0.6389724016189575,3.451040506362915,-0.3202785849571228,1.034758448600769,3.5072484016418457,-0.27840709686279297,1.1678452491760254,3.4241933822631836,-0.2969968020915985,0.2003878653049469,3.339531183242798,-0.33277589082717896,0.6638425588607788,3.3917298316955566,-0.38192662596702576,1.0709197521209717,3.46063232421875,-0.3196278214454651,1.1980630159378052,3.3811533451080322,-0.2390071153640747,-0.526812732219696,3.3060009479522705,-0.239912211894989,-0.5776236057281494,3.301753520965576,-0.23893021047115326,-0.6171339154243469,3.3456029891967773,-0.25518202781677246,-0.6026884317398071,3.4579079151153564,-0.2867268919944763,-0.6131058931350708,3.3076014518737793,-0.39060598611831665,-0.591275691986084,3.3502368927001953,-0.37234264612197876,1.122324824333191,3.5536694526672363,-0.41907647252082825,1.1642310619354248,3.5100927352905273
-0.20931348204612732,0.18919426202774048,3.4061920642852783,-0.2311859279870987,0.0002200007438659668,3.396662473678589,-0.2549653649330139,-0.1884640008211136,3.386014699935913,-0.27874550223350525,-0.3771536648273468,3.375366449356079,-0.2361898273229599,-0.3851913809776306,3.4042434692382812,-0.11102525889873505,-0.40575358271598816,3.489088296890259,0.14527879655361176,-0.3177785873413086,3.4491777420043945,0.34893253445625305,-0.43272000551223755,3.328026056289673,0.3896632790565491,-0.4557082951068878,3.30379581451416,0.4711247682571411,-0.501684844493866,3.2553350925445557,0.4128071665763855,-0.45225265622138977,3.2249138355255127,-0.3215596377849579,-0.37116676568984985,3.346374034881592,-0.44672420620918274,-0.3506045639514923,3.2615292072296143,-0.5133489370346069,-0.09990209341049194,3.3494701385498047,-0.5428746938705444,0.1586790680885315,3.389819860458374,-0.5487798452377319,0.21039530634880066,3.3978898525238037,-0.5605901479721069,0.313827782869339,3.414029836654663,-0.5048050284385681,0.2617489695549011,3.4447827339172363,-0.12388744950294495,0.17646820843219757,3.462482452392578,-0.20090052485466003,0.637751042842865,3.4546539783477783,-0.3135659396648407,1.0334928035736084,3.514265298843384,-0.27679646015167236,1.1661317348480225,3.428149938583374,-0.2947395145893097,0.2019203156232834,3.3499016761779785,-0.3358917236328125,0.6650941371917725,3.4004056453704834,-0.387118935585022,1.0723345279693604,3.4666597843170166,-0.330868661403656,1.19922935962677,3.3824307918548584,-0.2427675426006317,-0.525083065032959,3.302135467529297,-0.24444270133972168,-0.5758432745933533,3.2971723079681396,-0.24106431007385254,-0.6160810589790344,3.340287446975708,-0.25001126527786255,-0.603274941444397,3.4536826610565186,-0.2911697030067444,-0.6110211610794067,3.3054497241973877,-0.39197659492492676,-0.5889385938644409,3.354975700378418,-0.36337757110595703,1.121193766593933,3.5628409385681152,-0.4229447543621063,1.1657830476760864,3.5168209075927734
-0.20117700099945068,0.19133934378623962,3.412418842315674,-0.22473743557929993,0.002703726291656494,3.4008045196533203,-0.2504698932170868,-0.18558257818222046,3.3881757259368896,-0.27620312571525574,-0.3738745450973511,3.375546455383301,-0.23065140843391418,-0.38272786140441895,3.3991174697875977,-0.09281931817531586,-0.40634793043136597,3.470428228378296,0.1699608415365219,-0.31701934337615967,3.4246227741241455,0.38696154952049255,-0.3992735743522644,3.2856762409210205,0.43036168813705444,-0.41572442650794983,3.2578868865966797,0.5171619653701782,-0.4486261308193207,3.202308177947998,0.453354150056839,-0.3986586928367615,3.17838454246521,-0.3220345079898834,-0.36706769466400146,3.3518381118774414,-0.45986658334732056,-0.34344762563705444,3.280527353286743,-0.517906665802002,-0.08896371722221375,3.3854103088378906,-0.548184335231781,0.1731226146221161,3.445035934448242,-0.5542398691177368,0.22553987801074982,3.456961154937744,-0.5663509368896484,0.33037441968917847,3.480811357498169,-0.5048760175704956,0.2766742706298828,3.502666711807251,-0.10990563780069351,0.17711657285690308,3.4582695960998535,-0.1970318704843521,0.6363505125045776,3.454479455947876,-0.3065594434738159,1.032665491104126,3.5143215656280518,-0.2809475064277649,1.1627693176269531,3.420806407928467,-0.29244837164878845,0.20556211471557617,3.366568088531494,-0.34028351306915283,0.6683855056762695,3.411372661590576,-0.39356350898742676,1.0760233402252197,3.471667528152466,-0.35006311535835266,1.2013987302780151,3.3783040046691895,-0.25220680236816406,-0.5199650526046753,3.2940011024475098,-0.2552923858165741,-0.5705505013465881,3.2878246307373047,-0.24702636897563934,-0.6121495962142944,3.3289825916290283,-0.24114000797271729,-0.6027230024337769,3.4429636001586914,-0.3011312484741211,-0.6054369807243347,3.3010354042053223,-0.39443713426589966,-0.583703875541687,3.3637795448303223,-0.35160595178604126,1.1214025020599365,3.5654406547546387,-0.4258236289024353,1.170110821723938,3.5228869915008545
-0.20009580254554749,0.19435006380081177,3.408094882965088,-0.22347256541252136,0.005806490778923035,3.3950562477111816,-0.2489837110042572,-0.18239447474479675,3.381101369857788,-0.27449560165405273,-0.370601087808609,3.3671462535858154,-0.22794170677661896,-0.3795507550239563,3.3886160850524902,-0.08559620380401611,-0.40371638536453247,3.4542994499206543,0.17199286818504333,-0.29704785346984863,3.3983731269836426,0.3914280831813812,-0.34598833322525024,3.242774724960327,0.4353151321411133,-0.35577642917633057,3.2116551399230957,0.5230892300605774,-0.3753526210784912,3.1494157314300537,0.453538715839386,-0.32865363359451294,3.1327333450317383,-0.3213267922401428,-0.36369699239730835,3.345524549484253,-0.4636722803115845,-0.3395313620567322,3.279841184616089,-0.5148263573646545,-0.08321619033813477,3.3918404579162598,-0.5428036451339722,0.17967656254768372,3.4615721702575684,-0.5483990907669067,0.23225511610507965,3.4755184650421143,-0.5595899820327759,0.3374122083187103,3.503411054611206,-0.49634644389152527,0.282673180103302,3.5207390785217285,-0.1069692000746727,0.17990589141845703,3.449998140335083,-0.19797030091285706,0.6381933689117432,3.4478061199188232,-0.30524420738220215,1.0354900360107422,3.503861904144287,-0.2834590673446655,1.1636067628860474,3.4068210124969482,-0.2932223975658417,0.2087942361831665,3.3661916255950928,-0.34016361832618713,0.6718769073486328,3.406989336013794,-0.3919011056423187,1.079928994178772,3.464533567428589,-0.3528168201446533,1.2041925191879272,3.367908477783203,-0.2546265125274658,-0.5151840448379517,3.281808376312256,-0.25809624791145325,-0.56565260887146,3.2748308181762695,-0.24798595905303955,-0.6080405712127686,3.314774513244629,-0.23673835396766663,-0.6007734537124634,3.4285378456115723,-0.3033425509929657,-0.6007435321807861,3.289522886276245,-0.3935820460319519,-0.580098569393158,3.356991767883301,-0.3482638895511627,1.1252167224884033,3.554894208908081,-0.42217501997947693,1.1745251417160034,3.515923261642456
-0.20000916719436646,0.19646480679512024,3.416257619857788,-0.2232837826013565,0.008012950420379639,3.4020707607269287,-0.24864663183689117,-0.18010340631008148,3.3870363235473633,-0.27401024103164673,-0.3682253956794739,3.3720014095306396,-0.22664771974086761,-0.3772236704826355,3.391585350036621,-0.08053813874721527,-0.40175747871398926,3.4520764350891113,0.17212601006031036,-0.2822609543800354,3.3862314224243164,0.3902459740638733,-0.3082035183906555,3.218946695327759,0.43386995792388916,-0.3133920431137085,3.1854896545410156,0.5211179256439209,-0.32376906275749207,3.1185758113861084,0.4476008415222168,-0.28013670444488525,3.1070938110351562,-0.3216484487056732,-0.3612717390060425,3.3522539138793945,-0.46775802969932556,-0.3367379307746887,3.2917628288269043,-0.5131848454475403,-0.07904607057571411,3.4100229740142822,-0.5394940376281738,0.18403995037078857,3.489565849304199,-0.5447558760643005,0.23665714263916016,3.505474328994751,-0.555279552936554,0.3418915271759033,3.5372915267944336,-0.4905000925064087,0.28645938634872437,3.5503792762756348,-0.10540332645177841,0.18188881874084473,3.4546709060668945,-0.19893935322761536,0.6395553946495056,3.454089403152466,-0.3038555383682251,1.0378623008728027,3.5065815448760986,-0.2853562533855438,1.164133071899414,3.406550645828247,-0.2946150004863739,0.21104079484939575,3.3778443336486816,-0.3403658866882324,0.6744604706764221,3.414682626724243,-0.3899601399898529,1.0831875801086426,3.4684765338897705,-0.3545876741409302,1.2060601711273193,3.368757724761963,-0.25799962878227234,-0.5116980671882629,3.2839558124542236,-0.26188787817955017,-0.5620685815811157,3.276437520980835,-0.2502860426902771,-0.605029821395874,3.3153676986694336,-0.23442786931991577,-0.5993443727493286,3.4286937713623047,-0.3066085875034332,-0.5972647666931152,3.2924723625183105,-0.3940083384513855,-0.5773433446884155,3.363823652267456,-0.34499403834342957,1.1285409927368164,3.557422637939453,-0.4182823598384857,1.1784723997116089,3.5196473598480225
-0.20095586776733398,0.19919750094413757,3.414393663406372,-0.2242392748594284,0.010890290141105652,3.3988053798675537,-0.2494773268699646,-0.17710290849208832,3.38248610496521,-0.2747161388397217,-0.36510175466537476,3.366166353225708,-0.22660388052463531,-0.374137818813324,3.3837831020355225,-0.07709398865699768,-0.3989720642566681,3.4386465549468994,0.1684238165616989,-0.2670339345932007,3.3600780963897705,0.3802548348903656,-0.272365927696228,3.179434299468994,0.4226210415363312,-0.27343231439590454,3.143305540084839,0.5073534250259399,-0.27556511759757996,3.0710480213165283,0.4305261969566345,-0.2351280003786087,3.0656042098999023,-0.3231027126312256,-0.3581089377403259,3.348372220993042,-0.4726126194000244,-0.3332746922969818,3.293508768081665,-0.5109260678291321,-0.07520774006843567,3.419179677963257,-0.5339276194572449,0.1870194375514984,3.5099587440490723,-0.5385279059410095,0.2394648790359497,3.5281145572662354,-0.5477285385131836,0.3443557620048523,3.5644261837005615,-0.4818671941757202,0.28813308477401733,3.5727035999298096,-0.10496607422828674,0.18445256352424622,3.4491381645202637,-0.1969432532787323,0.6423018574714661,3.4536898136138916,-0.2965219020843506,1.0418760776519775,3.5061838626861572,-0.2806541621685028,1.1670278310775757,3.404371500015259,-0.2969456613063812,0.21394243836402893,3.3796491622924805,-0.3402639627456665,0.6775972843170166,3.4150631427764893,-0.3865879774093628,1.086824893951416,3.467196464538574,-0.3548124432563782,1.2087022066116333,3.3651342391967773,-0.26213955879211426,-0.5074735283851624,3.2757480144500732,-0.26630881428718567,-0.5577579140663147,3.267754554748535,-0.2531740665435791,-0.6012035608291626,3.305663585662842,-0.2328743189573288,-0.5969274044036865,3.418362617492676,-0.31036487221717834,-0.5931918025016785,3.285093307495117,-0.3949149549007416,-0.5742273330688477,3.3600804805755615,-0.3350040316581726,1.1333502531051636,3.557619333267212,-0.4126211404800415,1.1826083660125732,3.518594980239868
-0.20217248797416687,0.20194187760353088,3.4087836742401123,-0.22559088468551636,0.013778939843177795,3.3921239376068115,-0.25086820125579834,-0.17408688366413116,3.3748397827148438,-0.2761462926864624,-0.3619583547115326,3.3575551509857178,-0.22733566164970398,-0.3710035979747772,3.3730950355529785,-0.07473720610141754,-0.3960198760032654,3.4218344688415527,0.16306690871715546,-0.25506365299224854,3.328824520111084,0.36596646904945374,-0.24679923057556152,3.135392904281616,0.40654638409614563,-0.24514634907245636,3.0967066287994385,0.4877062141895294,-0.24184058606624603,3.019334077835083,0.4086399972438812,-0.20409144461154938,3.019333600997925,-0.3252316415309906,-0.3549549877643585,3.341827392578125,-0.47783011198043823,-0.32993870973587036,3.293087959289551,-0.5085413455963135,-0.07186862826347351,3.4254775047302246,-0.5272397994995117,0.18908637762069702,3.5264980792999268,-0.5309795141220093,0.24127738177776337,3.5467021465301514,-0.5384588837623596,0.34565937519073486,3.5871102809906006,-0.47187095880508423,0.2888201177120209,3.5905466079711914,-0.10488758236169815,0.18709923326969147,3.439671516418457,-0.1936042159795761,0.645325779914856,3.4505460262298584,-0.2868919372558594,1.0460643768310547,3.504599094390869,-0.2736334204673767,1.170479655265808,3.401604175567627,-0.2994574010372162,0.2167845219373703,3.3778958320617676,-0.3400898873806,0.6805898547172546,3.4124512672424316,-0.38289451599121094,1.0902268886566162,3.463254451751709,-0.3548915386199951,1.2111742496490479,3.359088897705078,-0.26721101999282837,-0.5034868717193604,3.26535701751709,-0.27166831493377686,-0.5537061095237732,3.257073163986206,-0.25693827867507935,-0.5974922180175781,3.2940030097961426,-0.23198840022087097,-0.5942389965057373,3.4058141708374023,-0.3149457275867462,-0.5893561840057373,3.2758922576904297,-0.3963428735733032,-0.571186900138855,3.3545000553131104,-0.3224073648452759,1.1381721496582031,3.55694842338562,-0.406497061252594,1.1864567995071411,3.5149106979370117
-0.2042471468448639,0.2042025923728943,3.41216778755188,-0.22777871787548065,0.016155511140823364,3.3946468830108643,-0.2530916631221771,-0.1716080904006958,3.376577377319336,-0.2784053683280945,-0.35937732458114624,3.3585073947906494,-0.22899314761161804,-0.36838680505752563,3.3720123767852783,-0.0736563503742218,-0.3934321999549866,3.4146578311920166,0.15834052860736847,-0.24635109305381775,3.311079740524292,0.3546481132507324,-0.22760656476020813,3.109105110168457,0.39390963315963745,-0.22385765612125397,3.0687100887298584,0.4724326729774475,-0.21635983884334564,2.9879202842712402,0.39188653230667114,-0.1806691288948059,2.991849184036255,-0.3280927538871765,-0.35240864753723145,3.344805955886841,-0.48342955112457275,-0.3273632526397705,3.3021605014801025,-0.5073643326759338,-0.06952041387557983,3.440464735031128,-0.5221394300460815,0.1897977590560913,3.5509979724884033,-0.5250944495201111,0.24166139960289001,3.5731046199798584,-0.5310044884681702,0.34538865089416504,3.6173179149627686,-0.46382269263267517,0.28827381134033203,3.6161162853240967,-0.10585580766201019,0.18935957551002502,3.43932843208313,-0.19033445417881012,0.6480957269668579,3.4563674926757812,-0.27688470482826233,1.0500794649124146,3.5116755962371826,-0.26597410440444946,1.173801064491272,3.407630443572998,-0.3026384711265564,0.21904560923576355,3.38500714302063,-0.3404836058616638,0.68308424949646,3.418199062347412,-0.3796674609184265,1.0932577848434448,3.4668116569519043,-0.3552868068218231,1.213101863861084,3.3605360984802246,-0.2730274796485901,-0.5003286004066467,3.265136480331421,-0.27773791551589966,-0.550507664680481,3.256730079650879,-0.26143017411231995,-0.5944941639900208,3.2927539348602295,-0.23191408812999725,-0.5918795466423035,3.4034717082977295,-0.3201495110988617,-0.5863577723503113,3.2770891189575195,-0.39828556776046753,-0.56882643699646,3.35908842086792,-0.3093716502189636,1.1428334712982178,3.564793348312378,-0.4008556306362152,1.19003427028656,3.5184409618377686
-0.20732438564300537,0.2055875062942505,3.42880916595459,-0.2309272438287735,0.017625868320465088,3.4104928970336914,-0.2562469244003296,-0.17006291449069977,3.39167857170105,-0.28156736493110657,-0.3577573299407959,3.372863531112671,-0.2316662073135376,-0.36670249700546265,3.3844809532165527,-0.0739598423242569,-0.3916800916194916,3.421417474746704,0.15483389794826508,-0.24028635025024414,3.312100410461426,0.34820395708084106,-0.21201655268669128,3.106076717376709,0.38687795400619507,-0.20636259019374847,3.0648720264434814,0.46422597765922546,-0.19505466520786285,2.9824626445770264,0.3825753331184387,-0.16094684600830078,2.988786220550537,-0.3317437171936035,-0.35085219144821167,3.361041784286499,-0.4894500970840454,-0.32587459683418274,3.3241052627563477,-0.5079744458198547,-0.06841975450515747,3.467599868774414,-0.5197615623474121,0.18889287114143372,3.5871329307556152,-0.5221189856529236,0.24035540223121643,3.611039638519287,-0.5268338322639465,0.34328046441078186,3.6588528156280518,-0.45909583568573,0.286257803440094,3.653362274169922,-0.10804200172424316,0.190807044506073,3.4525482654571533,-0.18770793080329895,0.6501673460006714,3.474997043609619,-0.267388254404068,1.0535473823547363,3.530439853668213,-0.25844547152519226,1.1764564514160156,3.4252519607543945,-0.3066067695617676,0.22036796808242798,3.4050700664520264,-0.3416656255722046,0.6847831010818481,3.4359238147735596,-0.3773030936717987,1.0956660509109497,3.481128454208374,-0.3562343418598175,1.2141637802124023,3.372659683227539,-0.2795480787754059,-0.49838146567344666,3.2788584232330322,-0.28449341654777527,-0.5485415458679199,3.270463466644287,-0.2667354941368103,-0.5926229953765869,3.3056797981262207,-0.2329823225736618,-0.5903345942497253,3.415191411972046,-0.32603007555007935,-0.5845403075218201,3.2923150062561035,-0.4009835720062256,-0.5674337148666382,3.3773248195648193,-0.2969292998313904,1.1470377445220947,3.5839834213256836,-0.3962051570415497,1.1931277513504028,3.532352924346924
-0.21186542510986328,0.20776304602622986,3.4288737773895264,-0.23537352681159973,0.019876256585121155,3.409766674041748,-0.2605281174182892,-0.16775374114513397,3.390237331390381,-0.2856834828853607,-0.3553893566131592,3.3707075119018555,-0.235359326004982,-0.36419832706451416,3.380441904067993,-0.07574477791786194,-0.38883692026138306,3.411569356918335,0.14780668914318085,-0.2331693023443222,3.294400691986084,0.3354174494743347,-0.19801658391952515,3.0825791358947754,0.3729395866394043,-0.1909860372543335,3.040214776992798,0.44798389077186584,-0.1769249439239502,2.9554860591888428,0.3655373454093933,-0.14445537328720093,2.964616060256958,-0.33628103137016296,-0.3486197590827942,3.3607606887817383,-0.4958955645561218,-0.3239811658859253,3.3296332359313965,-0.5091260075569153,-0.06731703877449036,3.477567672729492,-0.5175542235374451,0.1876947283744812,3.604846477508545,-0.5192398428916931,0.2386970818042755,3.6303021907806396,-0.522611141204834,0.34070178866386414,3.681213617324829,-0.45460766553878784,0.2839670181274414,3.6716346740722656,-0.11177162081003189,0.19318589568138123,3.4490671157836914,-0.1884363293647766,0.6526990532875061,3.477210283279419,-0.2632445991039276,1.05686616897583,3.533414363861084,-0.2570323050022125,1.179215431213379,3.427403688430786,-0.31195923686027527,0.2223401963710785,3.4086804389953613,-0.3434012830257416,0.6870061159133911,3.438992738723755,-0.3749113082885742,1.098356008529663,3.4826340675354004,-0.3571416735649109,1.2159830331802368,3.372659921646118,-0.2859707772731781,-0.49546074867248535,3.2758727073669434,-0.2908666729927063,-0.5456037521362305,3.2673609256744385,-0.2716084122657776,-0.5897564888000488,3.3016834259033203,-0.23410943150520325,-0.5878495573997498,3.4099719524383545,-0.33137959241867065,-0.5820087194442749,3.2904210090637207,-0.4034610986709595,-0.5658974647521973,3.3780617713928223,-0.2902514636516571,1.1508054733276367,3.5874860286712646,-0.39133787155151367,1.1962635517120361,3.533839225769043
-0.21617232263088226,0.2094462811946869,3.425762176513672,-0.239599347114563,0.021630719304084778,3.4058899879455566,-0.2646307647228241,-0.16593654453754425,3.3856325149536133,-0.2896629273891449,-0.35350942611694336,3.3653745651245117,-0.23904934525489807,-0.3622009754180908,3.3735930919647217,-0.07822300493717194,-0.3865143358707428,3.39998722076416,0.14239554107189178,-0.22730067372322083,3.2809338569641113,0.3298734426498413,-0.18473854660987854,3.069789409637451,0.36736902594566345,-0.17622612416744232,3.0275604724884033,0.44236016273498535,-0.15920127928256989,2.9431025981903076,0.35903027653694153,-0.12876245379447937,2.952486515045166,-0.3405486047267914,-0.34685656428337097,3.356935501098633,-0.5013749599456787,-0.322543203830719,3.3305413722991943,-0.5103415846824646,-0.06635129451751709,3.4804766178131104,-0.5158331990242004,0.18688157200813293,3.6123266220092773,-0.5169315338134766,0.23752814531326294,3.6386966705322266,-0.5191282033920288,0.33882129192352295,3.691436767578125,-0.4511432349681854,0.2824455797672272,3.6788558959960938,-0.11551179736852646,0.1950586885213852,3.4430747032165527,-0.1894642412662506,0.6545802354812622,3.475142478942871,-0.26004236936569214,1.0595440864562988,3.5299072265625,-0.2559921145439148,1.1809077262878418,3.4227585792541504,-0.31683284044265747,0.2238338738679886,3.408449649810791,-0.3445464074611664,0.6886407136917114,3.4374990463256836,-0.3719651699066162,1.100390076637268,3.478569746017456,-0.3567146956920624,1.2169358730316162,3.3671655654907227,-0.2911234498023987,-0.4928000569343567,3.269449234008789,-0.2958206832408905,-0.5429052710533142,3.260651111602783,-0.2753850817680359,-0.5871635675430298,3.2941324710845947,-0.23529472947120667,-0.5858098864555359,3.401479721069336,-0.3354635536670685,-0.5798194408416748,3.2843828201293945,-0.405517041683197,-0.5650014281272888,3.3738560676574707,-0.28491848707199097,1.1540775299072266,3.5838782787323,-0.38618823885917664,1.198791265487671,3.5293946266174316
-0.21870793402194977,0.21059083938598633,3.4196579456329346,-0.2419162392616272,0.022822275757789612,3.399059772491455,-0.2667458951473236,-0.16469936072826385,3.378105640411377,-0.2915762960910797,-0.3522266149520874,3.3571510314941406,-0.24076378345489502,-0.3607918620109558,3.3641984462738037,-0.07922111451625824,-0.38471895456314087,3.3869054317474365,0.14146661758422852,-0.22340533137321472,3.270808696746826,0.3326464295387268,-0.17218926548957825,3.064953565597534,0.37088239192962646,-0.16194605827331543,3.02378249168396,0.4473543167114258,-0.1414596289396286,2.9414403438568115,0.3633255362510681,-0.11267426609992981,2.9497933387756348,-0.342658668756485,-0.3456995487213135,3.3498756885528564,-0.504201352596283,-0.3217724561691284,3.3271687030792236,-0.5105372071266174,-0.06575703620910645,3.477566719055176,-0.5142259001731873,0.1863478422164917,3.6116514205932617,-0.5149636268615723,0.23676881194114685,3.6384682655334473,-0.5164391398429871,0.33761078119277954,3.6921021938323975,-0.44849133491516113,0.2816688120365143,3.6775147914886475,-0.11763734370470047,0.19645379483699799,3.434650421142578,-0.19066521525382996,0.6556406617164612,3.469261646270752,-0.2589428424835205,1.0611375570297241,3.520936965942383,-0.25693973898887634,1.181198000907898,3.4124248027801514,-0.31977853178977966,0.22472788393497467,3.404665470123291,-0.3446257412433624,0.6894692182540894,3.432623863220215,-0.36886298656463623,1.1014087200164795,3.4710724353790283,-0.3556833565235138,1.2169303894042969,3.3584916591644287,-0.29370012879371643,-0.490477979183197,3.2598299980163574,-0.29820823669433594,-0.5405054092407227,3.2505862712860107,-0.27693313360214233,-0.5849569439888,3.2832489013671875,-0.23509129881858826,-0.5844480991363525,3.3898978233337402,-0.33719515800476074,-0.5779233574867249,3.2745723724365234,-0.4058336615562439,-0.5645196437835693,3.365314245223999,-0.2823697626590729,1.1562830209732056,3.5743327140808105,-0.3813352882862091,1.2002146244049072,3.5214154720306396
-0.2203989028930664,0.21114373207092285,3.411496877670288,-0.2435288429260254,0.023444652557373047,3.3901870250701904,-0.26826316118240356,-0.16401395201683044,3.3685643672943115,-0.29299822449684143,-0.3514781594276428,3.3469409942626953,-0.2420492321252823,-0.3599550724029541,3.3530476093292236,-0.08005549013614655,-0.38360607624053955,3.3727853298187256,0.14305301010608673,-0.2218119353055954,3.2619051933288574,0.339848130941391,-0.16195610165596008,3.0637125968933105,0.37920716404914856,-0.1499849259853363,3.024074077606201,0.4579252004623413,-0.12604258954524994,2.9447970390319824,0.3734043836593628,-0.0982363224029541,2.9516053199768066,-0.3442160487174988,-0.3450387716293335,3.340599536895752,-0.5062097907066345,-0.32138776779174805,3.32086181640625,-0.5109270215034485,-0.06521227955818176,3.471198320388794,-0.5135291218757629,0.18636947870254517,3.606443166732788,-0.5140495300292969,0.2366858273744583,3.6334922313690186,-0.5150903463363647,0.3373185396194458,3.6875901222229004,-0.44711562991142273,0.2817598581314087,3.671590566635132,-0.11902865022420883,0.19717344641685486,3.4245200157165527,-0.19182029366493225,0.655768871307373,3.461538076400757,-0.2587628662586212,1.0614579916000366,3.51027250289917,-0.2586183547973633,1.1803001165390015,3.4006316661834717,-0.3217691481113434,0.22511401772499084,3.3984737396240234,-0.34480759501457214,0.6895402669906616,3.425973415374756,-0.3669382333755493,1.1013939380645752,3.4623987674713135,-0.3556535840034485,1.2160961627960205,3.348994016647339,-0.2955685257911682,-0.48862749338150024,3.248215675354004,-0.2999415099620819,-0.5385518670082092,3.2384910583496094,-0.2780960202217102,-0.5832253098487854,3.2704172134399414,-0.23506879806518555,-0.5836522579193115,3.376537322998047,-0.33845776319503784,-0.5763962864875793,3.2625017166137695,-0.4060938358306885,-0.5643033385276794,3.3541104793548584,-0.2811252176761627,1.1570736169815063,3.5630643367767334,-0.3780766427516937,1.2004444599151611,3.5123422145843506
-0.22155603766441345,0.21113571524620056,3.3961377143859863,-0.2448907494544983,0.023692503571510315,3.3734872341156006,-0.26977235078811646,-0.16352608799934387,3.3506267070770264,-0.2946546971797943,-0.35075026750564575,3.327765464782715,-0.2434215247631073,-0.35899683833122253,3.330935001373291,-0.08055061101913452,-0.3819177746772766,3.3413782119750977,0.14932504296302795,-0.22474917769432068,3.2407240867614746,0.3568500280380249,-0.14363586902618408,3.0634801387786865,0.39835500717163086,-0.12741321325302124,3.028031349182129,0.48136499524116516,-0.09496788680553436,2.9571337699890137,0.39681464433670044,-0.06778877973556519,2.962045431137085,-0.34615832567214966,-0.3445386290550232,3.324347496032715,-0.5090292692184448,-0.3216176927089691,3.313904285430908,-0.5109601020812988,-0.06584915518760681,3.4630844593048096,-0.5117206573486328,0.1843179166316986,3.599015712738037,-0.5118727684020996,0.23435133695602417,3.626201868057251,-0.5121769905090332,0.3344181776046753,3.680574417114258,-0.4442397952079773,0.28042882680892944,3.66104793548584,-0.1195422112941742,0.19757883250713348,3.4032318592071533,-0.19037598371505737,0.6545231342315674,3.4498603343963623,-0.253456175327301,1.0605347156524658,3.4926857948303223,-0.25885745882987976,1.176584243774414,3.380753755569458,-0.3235698640346527,0.22469259798526764,3.3890435695648193,-0.34347790479660034,0.6882341504096985,3.415924310684204,-0.3618301749229431,1.0996683835983276,3.4482295513153076,-0.3568589389324188,1.212622880935669,3.333155632019043,-0.2992759943008423,-0.4856119751930237,3.226656913757324,-0.3034316301345825,-0.5352664589881897,3.2161061763763428,-0.2799917161464691,-0.5802006721496582,3.2462334632873535,-0.23322969675064087,-0.5822272300720215,3.350454092025757,-0.340535044670105,-0.5739502310752869,3.240663528442383,-0.40476909279823303,-0.5645176768302917,3.3346729278564453,-0.2726824879646301,1.1571887731552124,3.544271469116211,-0.3696046769618988,1.1991616487503052,3.4973559379577637
-0.2223772257566452,0.20981964468955994,3.381467580795288,-0.24536822736263275,0.02246890962123871,3.3582773208618164,-0.26983872056007385,-0.16467659175395966,3.334944248199463,-0.29430994391441345,-0.3518276810646057,3.311610460281372,-0.24301068484783173,-0.35985976457595825,3.3138089179992676,-0.08004413545131683,-0.3820872902870178,3.321176528930664,0.15409624576568604,-0.2302445024251938,3.2240240573883057,0.36612921953201294,-0.146308034658432,3.054537296295166,0.40853580832481384,-0.1295207440853119,3.0206398963928223,0.49334898591041565,-0.09594615548849106,2.9528450965881348,0.4093451499938965,-0.06757889688014984,2.9570655822753906,-0.34587517380714417,-0.34582972526550293,3.3091585636138916,-0.5088417530059814,-0.32360219955444336,3.301790952682495,-0.5137892365455627,-0.06720441579818726,3.4485976696014404,-0.5176028609275818,0.18357187509536743,3.582110643386841,-0.5183655619621277,0.2337271273136139,3.6088132858276367,-0.5198910236358643,0.3340376615524292,3.6622185707092285,-0.45133885741233826,0.2812400758266449,3.6424152851104736,-0.12018800526857376,0.19666165113449097,3.386457920074463,-0.1907639354467392,0.6524900197982788,3.4393279552459717,-0.253191202878952,1.0582343339920044,3.481635808944702,-0.2606598734855652,1.1737208366394043,3.369474172592163,-0.32456645369529724,0.2229776382446289,3.3764772415161133,-0.34318339824676514,0.6860029101371765,3.405054807662964,-0.3600998520851135,1.0971198081970215,3.436871290206909,-0.3572936952114105,1.2097243070602417,3.321608543395996,-0.2979024648666382,-0.4856451749801636,3.209444999694824,-0.301596462726593,-0.5351772904396057,3.1984760761260986,-0.2776574194431305,-0.5800868272781372,3.228092908859253,-0.23062828183174133,-0.5825798511505127,3.332019567489624,-0.3381965160369873,-0.5743913650512695,3.222761631011963,-0.40215569734573364,-0.5664427280426025,3.3169145584106445,-0.2715107202529907,1.1549869775772095,3.533125638961792,-0.3666740655899048,1.1966239213943481,3.4858977794647217
-0.223687082529068,0.20831501483917236,3.3753488063812256,-0.2463284283876419,0.020936042070388794,3.352750062942505,-0.27037301659584045,-0.16625483334064484,3.3300418853759766,-0.2944183051586151,-0.35345131158828735,3.307332992553711,-0.24307940900325775,-0.36126062273979187,3.3086998462677,-0.0801628977060318,-0.3827593922615051,3.3134169578552246,0.15599577128887177,-0.23486334085464478,3.2173826694488525,0.3693830966949463,-0.1510658860206604,3.0507781505584717,0.41206055879592896,-0.134306401014328,3.0174572467803955,0.4974154829978943,-0.10078741610050201,2.950815439224243,0.41404831409454346,-0.07131537795066833,2.9552741050720215,-0.34601855278015137,-0.3476765751838684,3.3057193756103516,-0.5089350938796997,-0.32617777585983276,3.301002264022827,-0.5168747305870056,-0.06795915961265564,3.442871332168579,-0.5237467288970947,0.18431517481803894,3.5718038082122803,-0.5251211524009705,0.2347700446844101,3.597590446472168,-0.5278699398040771,0.3356797695159912,3.6491634845733643,-0.4587762951850891,0.283902645111084,3.629573345184326,-0.12138039618730545,0.1955631971359253,3.3785817623138428,-0.1927589327096939,0.6506203413009644,3.4336094856262207,-0.2558054029941559,1.056096076965332,3.47421932220459,-0.2654470205307007,1.1707195043563843,3.3615305423736572,-0.32599377632141113,0.22106683254241943,3.3721158504486084,-0.34342917799949646,0.6838386058807373,3.3992857933044434,-0.3591053783893585,1.0948940515518188,3.427960157394409,-0.35819506645202637,1.206443190574646,3.3118298053741455,-0.2967706024646759,-0.4871254563331604,3.205320119857788,-0.29996275901794434,-0.5366268157958984,3.1943747997283936,-0.27554911375045776,-0.5812229514122009,3.223919153213501,-0.2284078747034073,-0.5832173824310303,3.3276357650756836,-0.33606958389282227,-0.576162576675415,3.2186837196350098,-0.39988255500793457,-0.5688797235488892,3.3128020763397217,-0.2736070156097412,1.1530468463897705,3.5253188610076904,-0.3646342158317566,1.1947294473648071,3.4762284755706787
-0.2249494194984436,0.20687571167945862,3.3684115409851074,-0.24709820747375488,0.019406020641326904,3.3468222618103027,-0.2705036401748657,-0.16790568828582764,3.3251874446868896,-0.29390978813171387,-0.35522300004959106,3.3035521507263184,-0.242540180683136,-0.3627632260322571,3.304191827774048,-0.07980489730834961,-0.3833741843700409,3.3065853118896484,0.15521830320358276,-0.23677471280097961,3.208954334259033,0.36618685722351074,-0.15447598695755005,3.040221929550171,0.40838056802749634,-0.1380162388086319,3.0064754486083984,0.49276798963546753,-0.10509674996137619,2.9389824867248535,0.4099501669406891,-0.07519729435443878,2.944547653198242,-0.3455337584018707,-0.34971874952316284,3.3026771545410156,-0.5082690715789795,-0.32910779118537903,3.300283670425415,-0.519095778465271,-0.0691174566745758,3.4364707469940186,-0.5289309024810791,0.18445321917533875,3.560392379760742,-0.5308979153633118,0.23516735434532166,3.585176706314087,-0.5348319411277771,0.3365956246852875,3.6347453594207764,-0.4653114676475525,0.28581589460372925,3.6154565811157227,-0.12255518138408661,0.1945970058441162,3.369985342025757,-0.19485393166542053,0.6489088535308838,3.427138328552246,-0.2588040828704834,1.0539124011993408,3.46805739402771,-0.27064424753189087,1.168230652809143,3.3554322719573975,-0.3273436427116394,0.21915441751480103,3.366837739944458,-0.3434498906135559,0.6816661357879639,3.3936033248901367,-0.35786178708076477,1.0925192832946777,3.421602249145508,-0.35869547724723816,1.203731894493103,3.3053081035614014,-0.2942884862422943,-0.48952025175094604,3.2026419639587402,-0.2968153655529022,-0.5390836596488953,3.1920688152313232,-0.27193498611450195,-0.5830943584442139,3.221971035003662,-0.22508811950683594,-0.5837149024009705,3.3257007598876953,-0.3324352204799652,-0.5788546800613403,3.216555595397949,-0.3965054452419281,-0.5717024207115173,3.310357093811035,-0.27617406845092773,1.150807499885559,3.5192387104034424,-0.36238786578178406,1.1923993825912476,3.4696998596191406
-0.22648176550865173,0.20465922355651855,3.3641366958618164,-0.2480335384607315,0.017083749175071716,3.3435239791870117,-0.2707344889640808,-0.17035327851772308,3.322885036468506,-0.29343611001968384,-0.35779595375061035,3.302245616912842,-0.2420508861541748,-0.36510688066482544,3.302623987197876,-0.07970423996448517,-0.3849393129348755,3.3041698932647705,0.15710154175758362,-0.2414422184228897,3.2112877368927,0.37031811475753784,-0.1600961834192276,3.047635793685913,0.4129614233970642,-0.14382697641849518,3.0149054527282715,0.49824804067611694,-0.11128856241703033,2.949444532394409,0.4161747097969055,-0.08064736425876617,2.954120635986328,-0.3450680673122406,-0.35252219438552856,3.301642894744873,-0.507414698600769,-0.3326897621154785,3.3000969886779785,-0.5208353996276855,-0.0714825987815857,3.4300436973571777,-0.5332907438278198,0.1827356517314911,3.5486960411071777,-0.5357818007469177,0.23357930779457092,3.5724265575408936,-0.5407639145851135,0.3352665901184082,3.619887590408325,-0.4710830748081207,0.285282701253891,3.6013681888580322,-0.12404341250658035,0.1927916705608368,3.3650262355804443,-0.19717895984649658,0.6466792225837708,3.422651529312134,-0.2619330883026123,1.0513513088226318,3.4635634422302246,-0.27483969926834106,1.1654627323150635,3.3509578704833984,-0.3289201259613037,0.21652677655220032,3.3632471561431885,-0.34370148181915283,0.6788654923439026,3.3898520469665527,-0.35691380500793457,1.089534044265747,3.4181931018829346,-0.35831278562545776,1.2007677555084229,3.3020331859588623,-0.29125961661338806,-0.49324533343315125,3.2030725479125977,-0.2931329905986786,-0.5429316163063049,3.1930959224700928,-0.26812008023262024,-0.5862703323364258,3.223792552947998,-0.22243133187294006,-0.5850996375083923,3.3279619216918945,-0.3285653591156006,-0.582763135433197,3.2176759243011475,-0.3936929404735565,-0.5751625299453735,3.310631275177002,-0.27921560406684875,1.1482048034667969,3.5147359371185303,-0.36085158586502075,1.1893455982208252,3.466360092163086
-0.22844383120536804,0.2022499442100525,3.365466833114624,-0.24937546253204346,0.014549508690834045,3.345865488052368,-0.27135589718818665,-0.17303018271923065,3.326256513595581,-0.29333698749542236,-0.36061549186706543,3.3066468238830566,-0.2419366091489792,-0.36771678924560547,3.306969165802002,-0.0801432877779007,-0.3868163824081421,3.3083157539367676,0.15849338471889496,-0.24647624790668488,3.221784830093384,0.37401384115219116,-0.16532021760940552,3.064470052719116,0.4171179533004761,-0.1490890085697174,3.0330071449279785,0.5033261775970459,-0.11662659049034119,2.970081329345703,0.42218613624572754,-0.08512836694717407,2.974057912826538,-0.3449763059616089,-0.3555530309677124,3.3061115741729736,-0.5067696571350098,-0.3364534378051758,3.304764986038208,-0.5226655602455139,-0.07469460368156433,3.4287004470825195,-0.5376041531562805,0.17945563793182373,3.542576551437378,-0.5405918955802917,0.23028568923473358,3.565351724624634,-0.5465673208236694,0.3319457769393921,3.6109020709991455,-0.4768601953983307,0.28274449706077576,3.5932443141937256,-0.12597441673278809,0.19075998663902283,3.366069793701172,-0.1996871829032898,0.6444560885429382,3.4238359928131104,-0.2649960517883301,1.0489201545715332,3.4652180671691895,-0.2784554660320282,1.16306471824646,3.352749824523926,-0.330913245677948,0.21373990178108215,3.364863872528076,-0.3443940579891205,0.6760316491127014,3.391608476638794,-0.3564503788948059,1.0865788459777832,3.4211814403533936,-0.3579300045967102,1.198135495185852,3.305370330810547,-0.28851833939552307,-0.49762430787086487,3.2097926139831543,-0.2897975444793701,-0.5474733710289001,3.200617551803589,-0.26483646035194397,-0.5900577902793884,3.2323713302612305,-0.22065722942352295,-0.5867486596107483,3.3371198177337646,-0.32520586252212524,-0.5872159004211426,3.2253477573394775,-0.39170390367507935,-0.5786964893341064,3.3172194957733154,-0.28227919340133667,1.145693302154541,3.5165016651153564,-0.3599759340286255,1.1862423419952393,3.4696426391601562
-0.23030602931976318,0.1985868215560913,3.3648245334625244,-0.25059738755226135,0.010717213153839111,3.3462471961975098,-0.2717526853084564,-0.17705735564231873,3.3276727199554443,-0.29290860891342163,-0.36483752727508545,3.3090977668762207,-0.2414819896221161,-0.3717247247695923,3.3096017837524414,-0.08066564798355103,-0.39002957940101624,3.3114895820617676,0.15845315158367157,-0.25108468532562256,3.232254981994629,0.37491899728775024,-0.16927629709243774,3.0807039737701416,0.4182121753692627,-0.1529146134853363,3.05039381980896,0.5047985315322876,-0.12019126117229462,2.9897735118865967,0.4245966970920563,-0.0882188230752945,2.9934568405151367,-0.344565212726593,-0.35999131202697754,3.308391809463501,-0.5053815841674805,-0.3416864573955536,3.306504011154175,-0.5246527194976807,-0.07932695746421814,3.4229416847229004,-0.5429145097732544,0.17479753494262695,3.530668258666992,-0.5465668439865112,0.22562244534492493,3.552213668823242,-0.5538715720176697,0.3272722363471985,3.595304250717163,-0.4840894937515259,0.2789571285247803,3.5790486335754395,-0.12781256437301636,0.18743786215782166,3.3656222820281982,-0.20174619555473328,0.6411298513412476,3.4231131076812744,-0.26725518703460693,1.045506238937378,3.4650049209594727,-0.2806173264980316,1.1598093509674072,3.3526875972747803,-0.33279949426651,0.20973578095436096,3.3640267848968506,-0.34315407276153564,0.6720840334892273,3.39113187789917,-0.35246741771698,1.0825438499450684,3.4227964878082275,-0.3530428409576416,1.1946992874145508,3.307558536529541,-0.2852182686328888,-0.5030779242515564,3.2142372131347656,-0.2859190106391907,-0.5530489683151245,3.205723524093628,-0.2611820697784424,-0.5949805974960327,3.2384915351867676,-0.21892280876636505,-0.5898805260658264,3.3439416885375977,-0.3214295506477356,-0.5927497148513794,3.230356216430664,-0.3896239995956421,-0.5835596919059753,3.3208916187286377,-0.284637451171875,1.1421973705291748,3.5164079666137695,-0.3553800582885742,1.181978702545166,3.471764087677002
-0.23088037967681885,0.19440540671348572,3.3621203899383545,-0.25036561489105225,0.00636880099773407,3.3445472717285156,-0.27057182788848877,-0.18159392476081848,3.326997995376587,-0.29077863693237305,-0.3695622682571411,3.3094482421875,-0.23932676017284393,-0.37620478868484497,3.3101892471313477,-0.07993869483470917,-0.3935805559158325,3.312774419784546,0.15595100820064545,-0.2519998550415039,3.2383503913879395,0.36842477321624756,-0.16850022971630096,3.0867502689361572,0.41091951727867126,-0.15180030465126038,3.0564303398132324,0.49590903520584106,-0.1184004545211792,2.9957902431488037,0.4165028929710388,-0.08681623637676239,3.000971794128418,-0.3424501419067383,-0.36496275663375854,3.30851674079895,-0.501838207244873,-0.347586989402771,3.305931568145752,-0.5254575610160828,-0.08493489027023315,3.4140241146087646,-0.5479217171669006,0.1692328155040741,3.513993978500366,-0.5524145364761353,0.2200663536787033,3.5339879989624023,-0.5614001750946045,0.3217334449291229,3.5739760398864746,-0.4914700388908386,0.27450326085090637,3.5595250129699707,-0.12835225462913513,0.1836775243282318,3.363227128982544,-0.2026543915271759,0.6372948884963989,3.42059588432312,-0.26849400997161865,1.0414977073669434,3.4633796215057373,-0.2816685438156128,1.156075358390808,3.351334810256958,-0.33340850472450256,0.20513328909873962,3.361013650894165,-0.34022992849349976,0.667477548122406,3.3887972831726074,-0.3464600741863251,1.0777593851089478,3.423079490661621,-0.3458971679210663,1.1906461715698242,3.308572292327881,-0.2804948389530182,-0.5086113214492798,3.216064214706421,-0.28069376945495605,-0.5586577653884888,3.208017349243164,-0.25621941685676575,-0.6000920534133911,3.2415919303894043,-0.2157956063747406,-0.5936923027038574,3.3476736545562744,-0.3163272440433502,-0.598378598690033,3.232421398162842,-0.386101096868515,-0.5888375043869019,3.321690320968628,-0.2860490381717682,1.138039469718933,3.514989137649536,-0.3487244248390198,1.1768910884857178,3.4726760387420654
-0.23159457743167877,0.18774858117103577,3.358588218688965,-0.24984224140644073,-0.0005031079053878784,3.3420538902282715,-0.2687133252620697,-0.18869571387767792,3.3255467414855957,-0.28758496046066284,-0.3768939673900604,3.3090391159057617,-0.2360958456993103,-0.38319021463394165,3.3100907802581787,-0.0813065618276596,-0.39901214838027954,3.3135151863098145,0.13983668386936188,-0.24281013011932373,3.2498281002044678,0.3307377099990845,-0.15699556469917297,3.0833473205566406,0.36891791224479675,-0.13983264565467834,3.050051212310791,0.4452783167362213,-0.10550682246685028,2.983458995819092,0.3681795001029968,-0.07594668865203857,2.996211528778076,-0.3392792344093323,-0.37264323234558105,3.3078081607818604,-0.4940685033798218,-0.35682129859924316,3.3043837547302246,-0.5225394368171692,-0.09564489126205444,3.395684003829956,-0.549652099609375,0.15701663494110107,3.4790518283843994,-0.5550746321678162,0.20754894614219666,3.495725393295288,-0.5659196972846985,0.3086135685443878,3.5290725231170654,-0.49674785137176514,0.2630966901779175,3.5179312229156494,-0.12900766730308533,0.17766883969306946,3.3601338863372803,-0.20652933418750763,0.6307680010795593,3.416304588317871,-0.27523455023765564,1.0343806743621826,3.459073305130005,-0.28875669836997986,1.1489062309265137,3.3470795154571533,-0.3341814875602722,0.19782832264900208,3.3570425510406494,-0.3349367380142212,0.6600494980812073,3.3855834007263184,-0.33588525652885437,1.069919228553772,3.4237756729125977,-0.3334653377532959,1.1838477849960327,3.310391426086426,-0.27303820848464966,-0.5155998468399048,3.215737819671631,-0.27251529693603516,-0.5656216740608215,3.207581043243408,-0.24874171614646912,-0.6069073677062988,3.2418265342712402,-0.2117849737405777,-0.6003968715667725,3.3491480350494385,-0.30853474140167236,-0.605725884437561,3.230747699737549,-0.381198525428772,-0.5970492959022522,3.317758083343506,-0.29362890124320984,1.1307430267333984,3.5106608867645264,-0.3370080590248108,1.1685662269592285,3.4743010997772217
-0.23427100479602814,0.18477663397789001,3.3597285747528076,-0.25155436992645264,-0.0036447346210479736,3.344045877456665,-0.2694862186908722,-0.1920054405927658,3.328362226486206,-0.2874186038970947,-0.3803718090057373,3.312678098678589,-0.23595377802848816,-0.38651061058044434,3.3150722980499268,-0.0833861380815506,-0.40164583921432495,3.32240891456604,0.1255040317773819,-0.23113439977169037,3.2688233852386475,0.3012523055076599,-0.14116892218589783,3.0930469036102295,0.33640196919441223,-0.12317582219839096,3.057891607284546,0.4067012667655945,-0.08718962967395782,2.9875810146331787,0.3303896486759186,-0.06050315499305725,3.004448652267456,-0.3390783369541168,-0.3762803077697754,3.3101131916046143,-0.4916459918022156,-0.3611450791358948,3.302776575088501,-0.5221655964851379,-0.09967482089996338,3.3820388317108154,-0.5510061979293823,0.15360233187675476,3.4520208835601807,-0.5567743182182312,0.2042577713727951,3.466017246246338,-0.568310558795929,0.3055686354637146,3.4940099716186523,-0.4996766149997711,0.26022475957870483,3.4866981506347656,-0.13172605633735657,0.17502354085445404,3.3638968467712402,-0.2129170000553131,0.628070592880249,3.4144046306610107,-0.2847720980644226,1.0314563512802124,3.4533283710479736,-0.2961235046386719,1.1453114748001099,3.3404505252838135,-0.3368159532546997,0.194529727101326,3.355560302734375,-0.33700454235076904,0.6568230986595154,3.3816261291503906,-0.33785367012023926,1.066668152809143,3.419369697570801,-0.33231788873672485,1.1804519891738892,3.305986166000366,-0.26906365156173706,-0.5187332630157471,3.219560384750366,-0.26812559366226196,-0.5687232613563538,3.211271286010742,-0.24557429552078247,-0.6100683808326721,3.246256113052368,-0.21271097660064697,-0.6038318872451782,3.354907751083374,-0.30490437150001526,-0.6089725494384766,3.2329328060150146,-0.3808128833770752,-0.6007270216941833,3.3171586990356445,-0.30493998527526855,1.1279665231704712,3.5039288997650146,-0.33998197317123413,1.1653552055358887,3.469745397567749
-0.23769375681877136,0.18272173404693604,3.3638954162597656,-0.25413593649864197,-0.005857571959495544,3.3491811752319336,-0.27115973830223083,-0.1943824142217636,3.33443021774292,-0.2881840467453003,-0.38291287422180176,3.319678783416748,-0.23678997159004211,-0.38889622688293457,3.323554754257202,-0.08634386956691742,-0.4033859968185425,3.3351144790649414,0.10814887285232544,-0.21818773448467255,3.2923872470855713,0.2696165442466736,-0.12341881543397903,3.109851360321045,0.30191007256507874,-0.10446503013372421,3.0733442306518555,0.3664971590042114,-0.06655745953321457,3.0003299713134766,0.2906131148338318,-0.04361020773649216,3.0200319290161133,-0.33976316452026367,-0.3789786696434021,3.3156425952911377,-0.49020928144454956,-0.3644888997077942,3.3040828704833984,-0.521548867225647,-0.103339284658432,3.3731491565704346,-0.5509455800056458,0.14959126710891724,3.43259859085083,-0.5568249225616455,0.2001773864030838,3.444488525390625,-0.568583607673645,0.30134961009025574,3.468268394470215,-0.5006860494613647,0.2560981512069702,3.464348793029785,-0.13528688251972198,0.1732368916273117,3.371021270751953,-0.21897825598716736,0.6264832615852356,3.4144327640533447,-0.2929583191871643,1.0299036502838135,3.447885513305664,-0.3014865517616272,1.1427416801452637,3.3337836265563965,-0.34010064601898193,0.19220657646656036,3.356769561767578,-0.3392890691757202,0.654638409614563,3.3786144256591797,-0.3397584855556488,1.0646286010742188,3.4139411449432373,-0.33068203926086426,1.17770516872406,3.3001182079315186,-0.26553013920783997,-0.5211405754089355,3.227339029312134,-0.2640479803085327,-0.5711179375648499,3.219080924987793,-0.24273990094661713,-0.6123789548873901,3.254924774169922,-0.2142789363861084,-0.6060524582862854,3.3647964000701904,-0.30148839950561523,-0.611529529094696,3.2392404079437256,-0.38073304295539856,-0.6036458611488342,3.320357084274292,-0.31477558612823486,1.1267644166946411,3.4970703125,-0.34294044971466064,1.1635998487472534,3.4636576175689697
-0.2406984269618988,0.18111386895179749,3.3680708408355713,-0.25648385286331177,-0.007614150643348694,3.3546080589294434,-0.27281251549720764,-0.19629250466823578,3.341097116470337,-0.2891416549682617,-0.38497650623321533,3.3275856971740723,-0.2378910481929779,-0.39084911346435547,3.3331568241119385,-0.08982975780963898,-0.40482839941978455,3.349435806274414,0.08986592292785645,-0.2072230577468872,3.3181324005126953,0.23931369185447693,-0.11036722362041473,3.130657911300659,0.269203245639801,-0.09099605679512024,3.093163013458252,0.3289823532104492,-0.05225372314453125,3.0181732177734375,0.2535221576690674,-0.03275832533836365,3.0394206047058105,-0.34056976437568665,-0.3811546564102173,3.3218677043914795,-0.48863106966018677,-0.3671753704547882,3.305588722229004,-0.5193610787391663,-0.1064521074295044,3.363875389099121,-0.5477476119995117,0.1461332142353058,3.4113852977752686,-0.5534248948097229,0.19665028154850006,3.4208872318267822,-0.56477952003479,0.2976844012737274,3.4398910999298096,-0.4979785084724426,0.25225991010665894,3.4398353099823,-0.13856175541877747,0.17182402312755585,3.3785431385040283,-0.22421875596046448,0.6252632737159729,3.4146881103515625,-0.2999013662338257,1.0287106037139893,3.442739486694336,-0.30502408742904663,1.1406543254852295,3.3275949954986572,-0.34283509850502014,0.19040371477603912,3.3575985431671143,-0.3408452868461609,0.6529308557510376,3.3753604888916016,-0.3409649133682251,1.063012957572937,3.408785104751587,-0.32787472009658813,1.17550790309906,3.294813871383667,-0.2616737484931946,-0.5233192443847656,3.2367539405822754,-0.25955668091773987,-0.5733070969581604,3.228717803955078,-0.23963463306427002,-0.6143494844436646,3.265589952468872,-0.21610306203365326,-0.6075671315193176,3.3765883445739746,-0.29763150215148926,-0.6138684749603271,3.247318744659424,-0.3804274797439575,-0.6062042713165283,3.3248202800750732,-0.32342132925987244,1.1258784532546997,3.490471363067627,-0.3453681766986847,1.1622086763381958,3.4579169750213623
