x0,y0,z0,x1,y1,z1,x2,y2,z2,x3,y3,z3,x4,y4,z4,x5,y5,z5,x6,y6,z6,x7,y7,z7,x8,y8,z8,x9,y9,z9,x10,y10,z10,x11,y11,z11,x12,y12,z12,x13,y13,z13,x14,y14,z14,x15,y15,z15,x16,y16,z16,x17,y17,z17,x18,y18,z18,x19,y19,z19,x20,y20,z20,x21,y21,z21,x22,y22,z22,x23,y23,z23,x24,y24,z24,x25,y25,z25,x26,y26,z26,x27,y27,z27,x28,y28,z28,x29,y29,z29,x30,y30,z30,x31,y31,z31,x32,y32,z32,x33,y33,z33
-0.6263517737388611,0.14196673035621643,2.6236276626586914,-0.6278651356697083,-0.038771823048591614,2.6225335597991943,-0.6297703981399536,-0.2195056825876236,2.6212832927703857,-0.6316757202148438,-0.40024495124816895,2.620032787322998,-0.5957506895065308,-0.4018402695655823,2.653895378112793,-0.4916071891784668,-0.4036172032356262,2.7520511150360107,-0.4803500473499298,-0.13940906524658203,2.8071329593658447,-0.44649046659469604,0.11651170253753662,2.835766553878784,-0.4397185444831848,0.16769585013389587,2.8414933681488037,-0.42617470026016235,0.27006417512893677,2.8529467582702637,-0.47795620560646057,0.2295113354921341,2.8054239749908447,-0.6676214933395386,-0.40061402320861816,2.5861568450927734,-0.7717649936676025,-0.3988370895385742,2.4880011081695557,-0.7911723852157593,-0.1299312710762024,2.5047249794006348,-0.7866948246955872,0.1296239197254181,2.496189594268799,-0.7857993245124817,0.18153496086597443,2.4944825172424316,-0.7840083241462708,0.2853570282459259,2.4910683631896973,-0.7394981980323792,0.23406708240509033,2.5354807376861572,-0.5533976554870605,0.14095573127269745,2.6897289752960205,-0.5815750360488892,0.5714535713195801,2.762805223464966,-0.650422990322113,0.9372045397758484,2.875788688659668,-0.5930453538894653,1.0676456689834595,2.8232245445251465,-0.6993058919906616,0.1429777294397354,2.5575263500213623,-0.726712703704834,0.5787298679351807,2.5863614082336426,-0.7856554985046387,0.9578815698623657,2.649991512298584,-0.7238442897796631,1.0786890983581543,2.5817642211914062,-0.5492285490036011,-0.5314720869064331,2.5450944900512695,-0.5377556681632996,-0.581571638584137,2.5372064113616943,-0.5313268303871155,-0.624451220035553,2.5789570808410645,-0.5606970191001892,-0.6241240501403809,2.6918368339538574,-0.5761510133743286,-0.6279031038284302,2.5356862545013428,-0.6876989006996155,-0.6339043974876404,2.5692358016967773,-0.6924981474876404,1.015641212463379,2.930971145629883,-0.8259068131446838,1.0439963340759277,2.693943977355957
-0.6224763989448547,0.14067760109901428,2.6239497661590576,-0.6258142590522766,-0.040026694536209106,2.62383770942688,-0.6296706795692444,-0.22072041034698486,2.6235110759735107,-0.6335272192955017,-0.4014195203781128,2.6231844425201416,-0.5972156524658203,-0.40323734283447266,2.6566154956817627,-0.49192899465560913,-0.4056594967842102,2.7534987926483154,-0.47455042600631714,-0.13900774717330933,2.792562961578369,-0.43991294503211975,0.11769264936447144,2.810842752456665,-0.43298545479774475,0.1690327227115631,2.8144986629486084,-0.41913047432899475,0.27171286940574646,2.821810483932495,-0.47128355503082275,0.22945928573608398,2.776250123977661,-0.669880747795105,-0.40156567096710205,2.589750051498413,-0.7751674056053162,-0.3991435170173645,2.4928667545318604,-0.7976532578468323,-0.1303221881389618,2.505542039871216,-0.7944979667663574,0.12892785668373108,2.4911038875579834,-0.7938669323921204,0.18077786266803741,2.4882161617279053,-0.7926048040390015,0.2844778895378113,2.482440948486328,-0.7476573586463928,0.23443806171417236,2.5277931690216064,-0.5488056540489197,0.13927632570266724,2.689239501953125,-0.5746402144432068,0.5697746872901917,2.763920307159424,-0.6401163339614868,0.936087965965271,2.8774728775024414,-0.5822047591209412,1.0661704540252686,2.8244802951812744,-0.6961471438407898,0.14207887649536133,2.5586600303649902,-0.7247575521469116,0.578049898147583,2.5848164558410645,-0.7855251431465149,0.9571388959884644,2.647789239883423,-0.7251807451248169,1.0781434774398804,2.578508138656616,-0.5532635450363159,-0.5349224805831909,2.549936532974243,-0.5426145195960999,-0.5852974653244019,2.5426924228668213,-0.5368761420249939,-0.6277340650558472,2.5849881172180176,-0.5662029981613159,-0.6254762411117554,2.697850227355957,-0.5817607641220093,-0.6310077905654907,2.5417709350585938,-0.6933760643005371,-0.6347516775131226,2.575401782989502,-0.6812455654144287,1.01483154296875,2.932987928390503,-0.8258957862854004,1.043166995048523,2.691873788833618
-0.6203386783599854,0.1386723518371582,2.6284847259521484,-0.6250813007354736,-0.04196727275848389,2.6282453536987305,-0.630407989025116,-0.22258998453617096,2.627711057662964,-0.6357348561286926,-0.4032180905342102,2.6271767616271973,-0.5992766618728638,-0.40537405014038086,2.660414218902588,-0.4935463070869446,-0.40877702832221985,2.7567362785339355,-0.46140217781066895,-0.14378812909126282,2.796189785003662,-0.4102332592010498,0.11007577180862427,2.8120274543762207,-0.3999994695186615,0.16084855794906616,2.815195083618164,-0.3795318901538849,0.26239413022994995,2.8215301036834717,-0.4346093237400055,0.2232556939125061,2.7767560482025146,-0.6722509264945984,-0.4030253291130066,2.593933582305908,-0.7779812812805176,-0.3996223509311676,2.4976115226745605,-0.8018531203269958,-0.13104486465454102,2.507869005203247,-0.7979539036750793,0.12768229842185974,2.488868474960327,-0.7971740365028381,0.17942772805690765,2.4850683212280273,-0.7956143617630005,0.2829186022281647,2.4774680137634277,-0.7508590221405029,0.23360097408294678,2.5236716270446777,-0.5465572476387024,0.13664892315864563,2.6936192512512207,-0.5716105699539185,0.5674406290054321,2.7679338455200195,-0.6373182535171509,0.9336925745010376,2.8820996284484863,-0.5793800950050354,1.0639359951019287,2.8293519020080566,-0.6941201090812683,0.14069578051567078,2.563350200653076,-0.7235157489776611,0.5770426988601685,2.5850090980529785,-0.7862851023674011,0.9563478827476501,2.645667314529419,-0.7266669869422913,1.0772825479507446,2.575503349304199,-0.5564522743225098,-0.537746787071228,2.5547878742218018,-0.5463641881942749,-0.588249921798706,2.5476763248443604,-0.5415613055229187,-0.6307202577590942,2.5900449752807617,-0.5719342827796936,-0.6280184388160706,2.702606678009033,-0.5860620737075806,-0.633464515209198,2.5464062690734863,-0.698019802570343,-0.6357937455177307,2.5789635181427,-0.6785335540771484,1.0123621225357056,2.937737464904785,-0.8270809054374695,1.0424714088439941,2.689274787902832
-0.6240726709365845,0.139791339635849,2.6355361938476562,-0.6304251551628113,-0.040742114186286926,2.6306405067443848,-0.6377376914024353,-0.22121909260749817,2.6250522136688232,-0.6450504660606384,-0.4017014801502228,2.6194636821746826,-0.6085566878318787,-0.40518805384635925,2.652552604675293,-0.5030443668365479,-0.4124249517917633,2.748204231262207,-0.4354749619960785,-0.16335681080818176,2.819175958633423,-0.3263598382472992,0.0691358894109726,2.835728168487549,-0.3045368194580078,0.11563442647457123,2.839038610458374,-0.26089078187942505,0.2086315155029297,2.8456594944000244,-0.32488787174224854,0.18470820784568787,2.8032758235931396,-0.6816236972808838,-0.4001765251159668,2.5863142013549805,-0.7871359586715698,-0.39293962717056274,2.4906625747680664,-0.8073081970214844,-0.1264338493347168,2.504991292953491,-0.7987504601478577,0.13026019930839539,2.488624095916748,-0.7970389127731323,0.18159900605678558,2.4853506088256836,-0.7936158180236816,0.2842766344547272,2.4788036346435547,-0.7500543594360352,0.23410648107528687,2.5240774154663086,-0.55035001039505,0.13543221354484558,2.700622081756592,-0.5786228179931641,0.5667855739593506,2.7735323905944824,-0.6429335474967957,0.9355970621109009,2.881647825241089,-0.5841953158378601,1.0648356676101685,2.82684063911438,-0.6977953314781189,0.14415046572685242,2.5704503059387207,-0.7242823243141174,0.5814036726951599,2.5874524116516113,-0.7864007949829102,0.9616034030914307,2.646070957183838,-0.7263736724853516,1.0821764469146729,2.5752506256103516,-0.5681923627853394,-0.5366389751434326,2.544898748397827,-0.5594604015350342,-0.5872529745101929,2.536557912826538,-0.5568649768829346,-0.6310523152351379,2.5778260231018066,-0.5896449685096741,-0.6305601596832275,2.689847230911255,-0.600493311882019,-0.6312177181243896,2.5331552028656006,-0.7132584452629089,-0.6310287117958069,2.5632801055908203,-0.683949887752533,1.015454649925232,2.935955286026001,-0.8271160125732422,1.0481456518173218,2.6892173290252686
-0.6241398453712463,0.1397572159767151,2.638826608657837,-0.6328326463699341,-0.040657639503479004,2.6331467628479004,-0.6425759196281433,-0.2209949642419815,2.6267542839050293,-0.6523194909095764,-0.4013376832008362,2.620361566543579,-0.6154335737228394,-0.40546947717666626,2.6529383659362793,-0.5091320872306824,-0.4145393669605255,2.74678635597229,-0.41022270917892456,-0.17776833474636078,2.813866376876831,-0.24647702276706696,0.014919042587280273,2.780771493911743,-0.2137278914451599,0.053456518799066544,2.7741525173187256,-0.14822962880134583,0.13053147494792938,2.7609145641326904,-0.22071051597595215,0.11927896738052368,2.7298107147216797,-0.6893113255500793,-0.3991660475730896,2.5877156257629395,-0.7956128120422363,-0.39009615778923035,2.4938676357269287,-0.8144862055778503,-0.12590762972831726,2.507706880569458,-0.8039215207099915,0.1282450556755066,2.4895095825195312,-0.8018085956573486,0.17907559871673584,2.485870122909546,-0.797582745552063,0.28073668479919434,2.478591203689575,-0.7544679045677185,0.23097771406173706,2.523454427719116,-0.5495506525039673,0.13414853811264038,2.7028238773345947,-0.58174067735672,0.5656408071517944,2.774174213409424,-0.6485298871994019,0.9345067739486694,2.881075620651245,-0.5917580127716064,1.0640699863433838,2.8248367309570312,-0.6987290382385254,0.1453658938407898,2.574829339981079,-0.7237482666969299,0.5829958915710449,2.5877392292022705,-0.7855452299118042,0.9635711312294006,2.6451356410980225,-0.7266239523887634,1.0838626623153687,2.5728118419647217,-0.5767601132392883,-0.5366932153701782,2.545196056365967,-0.5685500502586365,-0.5873558521270752,2.536597490310669,-0.566490888595581,-0.6314043402671814,2.5776374340057373,-0.5994617938995361,-0.6311641931533813,2.6896135807037354,-0.6100441813468933,-0.6308675408363342,2.5328891277313232,-0.7228628396987915,-0.6296432018280029,2.5628268718719482,-0.6897169351577759,1.0142743587493896,2.935455799102783,-0.8257846236228943,1.0503324270248413,2.68837571144104
-0.6222505569458008,0.1395585834980011,2.6385953426361084,-0.6340206861495972,-0.040728017687797546,2.633174419403076,-0.6470614671707153,-0.22090229392051697,2.626981258392334,-0.6601026058197021,-0.40108197927474976,2.6207878589630127,-0.6218789219856262,-0.4058966040611267,2.6517019271850586,-0.5118522047996521,-0.4169166088104248,2.7406201362609863,-0.3755819797515869,-0.19438761472702026,2.783019542694092,-0.17633408308029175,-0.08139331638813019,2.6728081703186035,-0.13648450374603271,-0.058794453740119934,2.650765895843506,-0.05678534507751465,-0.013596732169389725,2.6066813468933105,-0.13435861468315125,-0.005999110639095306,2.5914831161499023,-0.698468029499054,-0.39822566509246826,2.589806318283081,-0.8084947466850281,-0.38720566034317017,2.5008881092071533,-0.8255382776260376,-0.12379199266433716,2.5153515338897705,-0.8165855407714844,0.12971290946006775,2.498948812484741,-0.8147950172424316,0.18041390180587769,2.4956681728363037,-0.8112139105796814,0.28181588649749756,2.489107131958008,-0.7662089467048645,0.2319941222667694,2.53151798248291,-0.5450045466423035,0.1326916664838791,2.699251890182495,-0.5830572247505188,0.5635562539100647,2.771509885787964,-0.6544551849365234,0.9303731918334961,2.882411241531372,-0.6029901504516602,1.0614389181137085,2.8245689868927,-0.6994965672492981,0.1464255005121231,2.5779387950897217,-0.724375307559967,0.5841469168663025,2.5876612663269043,-0.785876989364624,0.9645870327949524,2.6462643146514893,-0.7307919263839722,1.0849292278289795,2.5710580348968506,-0.5890279412269592,-0.5380841493606567,2.5442261695861816,-0.5818132162094116,-0.5889261364936829,2.535780191421509,-0.5789512395858765,-0.6326720714569092,2.577098846435547,-0.6080548763275146,-0.6310762763023376,2.690136432647705,-0.624005138874054,-0.6318827867507935,2.5338613986968994,-0.7357076406478882,-0.6288399696350098,2.5676305294036865,-0.6954095363616943,1.0089569091796875,2.938659191131592,-0.8247392177581787,1.0512863397598267,2.6908674240112305
-0.617552638053894,0.13885143399238586,2.6375858783721924,-0.6316538453102112,-0.04132862389087677,2.632115364074707,-0.6472390294075012,-0.22135990858078003,2.62583327293396,-0.6628246903419495,-0.40139660239219666,2.619551181793213,-0.622797966003418,-0.40684154629707336,2.648008108139038,-0.5076137185096741,-0.4196678102016449,2.729823589324951,-0.33774614334106445,-0.21725521981716156,2.7353219985961914,-0.1461518257856369,-0.19427447021007538,2.5699455738067627,-0.10783296078443527,-0.18967832624912262,2.536870241165161,-0.031195230782032013,-0.1804860234260559,2.470719575881958,-0.10577167570590973,-0.15363192558288574,2.4661595821380615,-0.7030208110809326,-0.39790838956832886,2.5910258293151855,-0.8182050585746765,-0.3850821256637573,2.5092103481292725,-0.8353764414787292,-0.12187176942825317,2.525989294052124,-0.829818606376648,0.1318379044532776,2.5123367309570312,-0.8287070393562317,0.18257984519004822,2.509606122970581,-0.8264839053153992,0.2840637266635895,2.5041451454162598,-0.7786020040512085,0.23420284688472748,2.543193817138672,-0.5368244647979736,0.1308383196592331,2.6934194564819336,-0.5824819803237915,0.5606598854064941,2.767611026763916,-0.658980131149292,0.92475426197052,2.8840250968933105,-0.6146619915962219,1.057540774345398,2.8242011070251465,-0.6982808113098145,0.14686454832553864,2.581752300262451,-0.7247938513755798,0.5845776796340942,2.5880632400512695,-0.7860279083251953,0.9648820757865906,2.647961378097534,-0.736582338809967,1.0851987600326538,2.5688772201538086,-0.598182737827301,-0.5391374230384827,2.5387070178985596,-0.5922227501869202,-0.5900495052337646,2.5297014713287354,-0.5877528190612793,-0.6340115666389465,2.5706522464752197,-0.6105456948280334,-0.6324571371078491,2.6851377487182617,-0.6351107358932495,-0.6323596239089966,2.52997088432312,-0.7447264194488525,-0.6277767419815063,2.5698742866516113,-0.6992522478103638,1.0018569231033325,2.9427709579467773,-0.822921097278595,1.0515446662902832,2.694288730621338
-0.613323986530304,0.13828691840171814,2.6349425315856934,-0.6283498406410217,-0.04185765981674194,2.629648208618164,-0.6450024843215942,-0.22183358669281006,2.6235458850860596,-0.661655604839325,-0.40181490778923035,2.617443323135376,-0.6205670833587646,-0.40751519799232483,2.644308567047119,-0.5023326277732849,-0.42107370495796204,2.7215402126312256,-0.31961357593536377,-0.2313167005777359,2.7007508277893066,-0.1434287428855896,-0.2478799670934677,2.5184247493743896,-0.10819177329540253,-0.2511926293373108,2.481959581375122,-0.03771784156560898,-0.25781792402267456,2.409029006958008,-0.10934007167816162,-0.22362883388996124,2.407529592514038,-0.7029252052307129,-0.3980707824230194,2.5905117988586426,-0.8211596608161926,-0.3845122754573822,2.513280153274536,-0.8387758135795593,-0.12150523066520691,2.531803846359253,-0.8354915380477905,0.1322881281375885,2.5201261043548584,-0.8348346948623657,0.18304680287837982,2.5177905559539795,-0.8335210084915161,0.28456413745880127,2.5131194591522217,-0.7839066982269287,0.23474252223968506,2.5499584674835205,-0.530566930770874,0.12983424961566925,2.6876800060272217,-0.5801629424095154,0.5588105916976929,2.764254331588745,-0.6584519147872925,0.9213441610336304,2.8843202590942383,-0.6182439923286438,1.0549777746200562,2.823479175567627,-0.6960810422897339,0.14673958718776703,2.582205057144165,-0.7241758108139038,0.5843753814697266,2.587653398513794,-0.7853565216064453,0.9644420742988586,2.6491498947143555,-0.739585816860199,1.0848941802978516,2.56807804107666,-0.6012135744094849,-0.5396746397018433,2.533604383468628,-0.5960138440132141,-0.5905887484550476,2.5241475105285645,-0.5903812050819397,-0.6347869634628296,2.564699411392212,-0.6088716983795166,-0.6336122155189514,2.6799638271331787,-0.6392098069190979,-0.6325527429580688,2.5258235931396484,-0.747219443321228,-0.6272819638252258,2.5698158740997314,-0.6979508996009827,0.9976441264152527,2.94462251663208,-0.8210070133209229,1.0509803295135498,2.6966726779937744
-0.6099938154220581,0.13671454787254333,2.632986068725586,-0.626431941986084,-0.04336319863796234,2.6279215812683105,-0.6445451378822327,-0.22325828671455383,2.622131109237671,-0.6626588702201843,-0.4031587839126587,2.6163406372070312,-0.6200680732727051,-0.4092195928096771,2.640695095062256,-0.4975188374519348,-0.42381206154823303,2.710700511932373,-0.2995859980583191,-0.2599002718925476,2.6495349407196045,-0.14042618870735168,-0.320257306098938,2.460998296737671,-0.10859422385692596,-0.3323287069797516,2.423290967941284,-0.04493030160665512,-0.3564715087413788,2.3478763103485107,-0.11290864646434784,-0.3155808746814728,2.3458433151245117,-0.7054465413093567,-0.3990532159805298,2.591923236846924,-0.827995777130127,-0.3844607472419739,2.5219178199768066,-0.8472882509231567,-0.12181827425956726,2.542712926864624,-0.8489731550216675,0.1320614218711853,2.5347700119018555,-0.8493101596832275,0.1828373670578003,2.5331814289093018,-0.8499841094017029,0.2843892574310303,2.5300042629241943,-0.7974979281425476,0.23494631052017212,2.5631377696990967,-0.5243976712226868,0.12755295634269714,2.6809186935424805,-0.5788586139678955,0.5552311539649963,2.761401891708374,-0.6581249833106995,0.916022539138794,2.886014938354492,-0.6236584782600403,1.0504943132400513,2.8235116004943848,-0.6955899596214294,0.14587613940238953,2.5850534439086914,-0.7241044044494629,0.5835168957710266,2.5881636142730713,-0.7829955816268921,0.9637823700904846,2.650709390640259,-0.7422944903373718,1.0838642120361328,2.5664420127868652,-0.6074771285057068,-0.5414770841598511,2.529679536819458,-0.6032806038856506,-0.5924215316772461,2.519895315170288,-0.5964282751083374,-0.6367914080619812,2.5600697994232178,-0.6099424362182617,-0.6357165575027466,2.676023244857788,-0.6468498706817627,-0.6338889002799988,2.5233309268951416,-0.7528036832809448,-0.6274927854537964,2.571930170059204,-0.6960359215736389,0.9914624094963074,2.9483871459960938,-0.8161929845809937,1.0505101680755615,2.6996471881866455
-0.6072374582290649,0.13567152619361877,2.625734567642212,-0.6239410042762756,-0.04439611732959747,2.621119737625122,-0.6422948241233826,-0.22428765892982483,2.615939140319824,-0.6606492400169373,-0.40418457984924316,2.6107583045959473,-0.616301417350769,-0.4103018045425415,2.6317288875579834,-0.4886341392993927,-0.4250643253326416,2.6920437812805176,-0.29449960589408875,-0.2818435728549957,2.583632707595825,-0.14468789100646973,-0.34888502955436707,2.3893706798553467,-0.11472554504871368,-0.3622933328151703,2.350518226623535,-0.0548008568584919,-0.38910990953445435,2.272813320159912,-0.12466812878847122,-0.3512839078903198,2.2724649906158447,-0.7051964998245239,-0.40002262592315674,2.589731454849243,-0.8328638076782227,-0.38526010513305664,2.529416561126709,-0.8526955842971802,-0.12250059843063354,2.5521647930145264,-0.8588990569114685,0.1317099630832672,2.548382520675659,-0.8601397275924683,0.18255206942558289,2.54762601852417,-0.8626211285591125,0.2842363119125366,2.5461130142211914,-0.8068852424621582,0.23513218760490417,2.574302911758423,-0.5183032751083374,0.12636011838912964,2.667158365249634,-0.5759373307228088,0.552157998085022,2.7556235790252686,-0.6527116894721985,0.9113430976867676,2.8865904808044434,-0.6248614192008972,1.0465631484985352,2.8223321437835693,-0.6961716413497925,0.1449829339981079,2.58431077003479,-0.7234142422676086,0.5828170776367188,2.5875844955444336,-0.7761743664741516,0.963850200176239,2.651542901992798,-0.7413685917854309,1.0831995010375977,2.5636024475097656,-0.6115890145301819,-0.542557954788208,2.5208375453948975,-0.6081722378730774,-0.5934748649597168,2.5108296871185303,-0.598865807056427,-0.6378196477890015,2.5504627227783203,-0.6048554182052612,-0.6366862058639526,2.6669535636901855,-0.6515049338340759,-0.6347910165786743,2.517082452774048,-0.753999650478363,-0.628105103969574,2.572376251220703,-0.6875865459442139,0.9859980940818787,2.9516656398773193,-0.8053629994392395,1.051078200340271,2.7021758556365967
-0.60558021068573,0.13273140788078308,2.6160266399383545,-0.6220882534980774,-0.04741576313972473,2.6131653785705566,-0.6402530670166016,-0.22739706933498383,2.6099300384521484,-0.6584184169769287,-0.4073837399482727,2.606694459915161,-0.6122153401374817,-0.41333305835723877,2.6232614517211914,-0.47896480560302734,-0.4276394844055176,2.670989751815796,-0.302361398935318,-0.2992238402366638,2.5198745727539062,-0.15884166955947876,-0.3424634039402008,2.3131678104400635,-0.13013772666454315,-0.3511113226413727,2.2718265056610107,-0.07272983342409134,-0.36840716004371643,2.1891438961029053,-0.14683739840984344,-0.33942127227783203,2.194706439971924,-0.7048189043998718,-0.40339070558547974,2.590092420578003,-0.8380694389343262,-0.3890842795372009,2.5423641204833984,-0.8552433252334595,-0.12487185001373291,2.5626611709594727,-0.8634797930717468,0.13031858205795288,2.5603840351104736,-0.8651270866394043,0.18135666847229004,2.5599286556243896,-0.8684216737747192,0.28343284130096436,2.5590176582336426,-0.8095540404319763,0.23443645238876343,2.5813114643096924,-0.5131131410598755,0.12373481690883636,2.6489713191986084,-0.5740563273429871,0.546872079372406,2.7487549781799316,-0.6472054123878479,0.9041537046432495,2.887565851211548,-0.6278795003890991,1.0402276515960693,2.821751832962036,-0.6980472803115845,0.1417279988527298,2.5830819606781006,-0.7238685488700867,0.5799370408058167,2.5877790451049805,-0.7687293291091919,0.9620493650436401,2.6529488563537598,-0.7416182160377502,1.0805317163467407,2.561035633087158,-0.6192802786827087,-0.5485193729400635,2.5172476768493652,-0.6173310279846191,-0.5995853543281555,2.5085487365722656,-0.6049989461898804,-0.6427359580993652,2.5483832359313965,-0.6004518866539001,-0.6381336450576782,2.664482831954956,-0.6602246761322021,-0.6399893760681152,2.5198850631713867,-0.7569247484207153,-0.6303514838218689,2.58373761177063,-0.6780304312705994,0.9778895974159241,2.9557740688323975,-0.7927199602127075,1.0499260425567627,2.7053098678588867
-0.6042854189872742,0.1316826045513153,2.6080057621002197,-0.6209287643432617,-0.048488229513168335,2.6059484481811523,-0.6394153237342834,-0.22847579419612885,2.603606939315796,-0.6579024195671082,-0.40846872329711914,2.6012654304504395,-0.6104211211204529,-0.41449588537216187,2.6136934757232666,-0.4734448790550232,-0.4290306270122528,2.6495072841644287,-0.31588825583457947,-0.30998367071151733,2.471384286880493,-0.1871689110994339,-0.3394168019294739,2.25240159034729,-0.16142503917217255,-0.34530341625213623,2.2086050510406494,-0.10993729531764984,-0.3570766746997833,2.121011972427368,-0.18508654832839966,-0.3329276144504547,2.1333131790161133,-0.705584704875946,-0.4043979048728943,2.5888118743896484,-0.8425609469413757,-0.38986316323280334,2.5529980659484863,-0.8562998175621033,-0.12462213635444641,2.566506862640381,-0.8663904666900635,0.1308855414390564,2.5680441856384277,-0.8684086203575134,0.18198707699775696,2.5683517456054688,-0.8724448680877686,0.2841901481151581,2.5689666271209717,-0.8112765550613403,0.2353271096944809,2.584864616394043,-0.5093664526939392,0.12262792140245438,2.6330974102020264,-0.573661744594574,0.5431118011474609,2.7421224117279053,-0.6438100337982178,0.8998187780380249,2.8842368125915527,-0.63221675157547,1.0358706712722778,2.8164877891540527,-0.6992043852806091,0.14073729515075684,2.582914113998413,-0.7270816564559937,0.5789419412612915,2.5880603790283203,-0.7680363059043884,0.9616240859031677,2.6531312465667725,-0.7491036057472229,1.0793325901031494,2.5581536293029785,-0.6281685829162598,-0.5521165728569031,2.513643264770508,-0.6276837587356567,-0.6032118201255798,2.506366729736328,-0.6129878759384155,-0.6452413201332092,2.54620623588562,-0.599346935749054,-0.6374645829200745,2.6609110832214355,-0.6699803471565247,-0.6423536539077759,2.522132396697998,-0.7608255743980408,-0.6292829513549805,2.5927016735076904,-0.6710572242736816,0.9733704924583435,2.954191207885742,-0.7879987359046936,1.0499486923217773,2.7064807415008545
-0.6060975193977356,0.13091802597045898,2.6012227535247803,-0.6228483319282532,-0.04929657280445099,2.5989696979522705,-0.6415586471557617,-0.22931641340255737,2.5965723991394043,-0.6602694988250732,-0.40934163331985474,2.594175100326538,-0.6117630004882812,-0.415472149848938,2.6016788482666016,-0.4718818664550781,-0.43029868602752686,2.623309850692749,-0.3310157060623169,-0.3133733868598938,2.4302921295166016,-0.2200026512145996,-0.33436670899391174,2.2007994651794434,-0.19780004024505615,-0.3385653793811798,2.1549010276794434,-0.15339481830596924,-0.34696269035339355,2.0631039142608643,-0.22765307128429413,-0.3243923783302307,2.0821409225463867,-0.7089793682098389,-0.405167818069458,2.5866453647613525,-0.848860502243042,-0.39034128189086914,2.565014362335205,-0.8640501499176025,-0.12484663724899292,2.5722620487213135,-0.8789176344871521,0.13037079572677612,2.5808918476104736,-0.881891131401062,0.18141427636146545,2.58261775970459,-0.8878381252288818,0.2835012674331665,2.5860695838928223,-0.82432621717453,0.23565705120563507,2.594024658203125,-0.5091831684112549,0.12171163409948349,2.6170811653137207,-0.5734490156173706,0.5398513674736023,2.7348532676696777,-0.6374416947364807,0.8980906009674072,2.8760550022125244,-0.6340330839157104,1.0329821109771729,2.805140733718872,-0.7030118703842163,0.14012441039085388,2.58536434173584,-0.731968343257904,0.5782953500747681,2.5883572101593018,-0.7675865292549133,0.961999773979187,2.650571584701538,-0.7581893801689148,1.0780915021896362,2.552232503890991,-0.6390587687492371,-0.5544313192367554,2.509571075439453,-0.6396946310997009,-0.6052387356758118,2.503821849822998,-0.6226637363433838,-0.6459430456161499,2.543280839920044,-0.6005150675773621,-0.6352232098579407,2.655313730239868,-0.6807339191436768,-0.6429972648620605,2.5236704349517822,-0.7650471329689026,-0.6268768310546875,2.5997512340545654,-0.6599087715148926,0.9725398421287537,2.946760416030884,-0.7825916409492493,1.051203966140747,2.704089403152466
-0.6090394258499146,0.13090702891349792,2.6014578342437744,-0.6254693865776062,-0.04934653639793396,2.5986883640289307,-0.6438405513763428,-0.22941075265407562,2.595801591873169,-0.6622122526168823,-0.40948036313056946,2.592914581298828,-0.6135229468345642,-0.41553813219070435,2.599229335784912,-0.4731423258781433,-0.4301525354385376,2.617443323135376,-0.33660954236984253,-0.3068239688873291,2.425297975540161,-0.23094114661216736,-0.3234526515007019,2.192941665649414,-0.20980747044086456,-0.326778382062912,2.146470308303833,-0.16754010319709778,-0.33342984318733215,2.05352783203125,-0.24132831394672394,-0.31122440099716187,2.074702262878418,-0.711101233959198,-0.4053797125816345,2.586568832397461,-0.8514818549156189,-0.39076530933380127,2.568354845046997,-0.8695099949836731,-0.12541350722312927,2.5742154121398926,-0.8874202966690063,0.1295579969882965,2.5842385292053223,-0.891002357006073,0.18055230379104614,2.586243152618408,-0.8981664776802063,0.2825409173965454,2.59025239944458,-0.8338609933853149,0.2354927808046341,2.596369504928589,-0.5117760300636292,0.12183080613613129,2.615175724029541,-0.5744941234588623,0.539934515953064,2.7339279651641846,-0.6358707547187805,0.8992446064949036,2.8735761642456055,-0.634100079536438,1.033566951751709,2.8015265464782715,-0.7063028216362,0.13998325169086456,2.587739944458008,-0.7352381348609924,0.5781657695770264,2.5900073051452637,-0.7693949937820435,0.9622030258178711,2.651008367538452,-0.7621617913246155,1.0777827501296997,2.5518832206726074,-0.6420887112617493,-0.5543354153633118,2.508573293685913,-0.6427537798881531,-0.6050160527229309,2.5029590129852295,-0.6251899600028992,-0.6455069184303284,2.54215931892395,-0.6015729904174805,-0.6345524787902832,2.653545618057251,-0.6833675503730774,-0.6426650881767273,2.52339768409729,-0.7664094567298889,-0.62650066614151,2.6003870964050293,-0.6569198369979858,0.9742405414581299,2.9441421031951904,-0.7831916809082031,1.0516889095306396,2.7043838500976562
-0.6135478615760803,0.13221296668052673,2.5997700691223145,-0.6299064755439758,-0.04804183542728424,2.5958304405212402,-0.6482251286506653,-0.22810718417167664,2.591855049133301,-0.6665443181991577,-0.40817791223526,2.5878794193267822,-0.6175713539123535,-0.41422799229621887,2.591444492340088,-0.4765925407409668,-0.42879772186279297,2.601747989654541,-0.35251331329345703,-0.29087382555007935,2.4112844467163086,-0.2639070749282837,-0.30371296405792236,2.1718151569366455,-0.24618583917617798,-0.30628079175949097,2.1239213943481445,-0.21074335277080536,-0.3114164471626282,2.0281336307525635,-0.28264322876930237,-0.28924304246902466,2.054929494857788,-0.7157163619995117,-0.4040850102901459,2.5842714309692383,-0.8566951751708984,-0.3895152807235718,2.573967933654785,-0.8762536644935608,-0.12441006302833557,2.5795955657958984,-0.8955268859863281,0.13024821877479553,2.59139347076416,-0.8993815183639526,0.18117988109588623,2.5937530994415283,-0.9070907831192017,0.2830432057380676,2.5984721183776855,-0.8422119617462158,0.23651529848575592,2.6007471084594727,-0.5156967043876648,0.12314275652170181,2.60846209526062,-0.5735536813735962,0.5407688617706299,2.731508255004883,-0.6282047629356384,0.901974081993103,2.8691976070404053,-0.6299978494644165,1.0353418588638306,2.7953531742095947,-0.7113990187644958,0.14128318428993225,2.591078042984009,-0.7389702200889587,0.5796185731887817,2.5921754837036133,-0.7686890959739685,0.9644778370857239,2.650608539581299,-0.766209602355957,1.0789581537246704,2.5499541759490967,-0.6476379036903381,-0.552784264087677,2.504990577697754,-0.6481478214263916,-0.6031947731971741,2.499896287918091,-0.6296115517616272,-0.6429668068885803,2.538818597793579,-0.6037411093711853,-0.6309182047843933,2.648836135864258,-0.6878343224525452,-0.6406225562095642,2.5214486122131348,-0.7687054872512817,-0.6242760419845581,2.599621057510376,-0.645824134349823,0.97791987657547,2.939708709716797,-0.779421865940094,1.054604172706604,2.7036375999450684
-0.6161439418792725,0.13327506184577942,2.6011619567871094,-0.6319276690483093,-0.047003090381622314,2.5955891609191895,-0.6495969295501709,-0.2271052449941635,2.5899856090545654,-0.6672667264938354,-0.4072127938270569,2.5843818187713623,-0.6182368993759155,-0.4131075143814087,2.5874483585357666,-0.47731101512908936,-0.4272097051143646,2.59633207321167,-0.35518553853034973,-0.27585917711257935,2.4156689643859863,-0.2709794044494629,-0.2864779531955719,2.1749584674835205,-0.25413817167282104,-0.28860169649124146,2.1268162727355957,-0.22045570611953735,-0.29284921288490295,2.030532121658325,-0.29163506627082825,-0.27062830328941345,2.058779001235962,-0.7164885997772217,-0.40327560901641846,2.581254720687866,-0.8574144840240479,-0.3891734182834625,2.572371006011963,-0.8788424134254456,-0.12467071413993835,2.5786893367767334,-0.8997543454170227,0.12947171926498413,2.5896098613739014,-0.9039367437362671,0.18030020594596863,2.591794013977051,-0.9123015403747559,0.2819571793079376,2.5961620807647705,-0.8471893668174744,0.2359677255153656,2.5980401039123535,-0.5182046890258789,0.12445374578237534,2.609137773513794,-0.5728031396865845,0.5422507524490356,2.7332260608673096,-0.6240614652633667,0.9046372771263123,2.8692028522491455,-0.6257272362709045,1.037575364112854,2.7945573329925537,-0.714083194732666,0.1420963704586029,2.593186140060425,-0.7399051189422607,0.5805765986442566,2.594423294067383,-0.7675290703773499,0.9658316373825073,2.6514892578125,-0.7652981281280518,1.0798966884613037,2.5503385066986084,-0.6469359993934631,-0.5505291223526001,2.500771999359131,-0.6470091938972473,-0.6007270216941833,2.495317220687866,-0.6283480525016785,-0.6404974460601807,2.533872604370117,-0.603060245513916,-0.6291038393974304,2.6436872482299805,-0.6863232851028442,-0.6385109424591064,2.5163700580596924,-0.7673234343528748,-0.6234754323959351,2.5940968990325928,-0.6405923366546631,0.9811201095581055,2.939410448074341,-0.7774807214736938,1.0562282800674438,2.704228162765503
-0.6193356513977051,0.1324065625667572,2.6036174297332764,-0.6347110271453857,-0.04792441427707672,2.5967538356781006,-0.6519208550453186,-0.22808827459812164,2.589855432510376,-0.6691312193870544,-0.40825754404067993,2.5829570293426514,-0.6200816035270691,-0.4140550494194031,2.586160659790039,-0.4796583354473114,-0.42782336473464966,2.5954222679138184,-0.35478463768959045,-0.2625799775123596,2.430446147918701,-0.27109476923942566,-0.2732483148574829,2.190220594406128,-0.2543568015098572,-0.27538198232650757,2.1421754360198975,-0.22088085114955902,-0.2796493172645569,2.0460851192474365,-0.2914974093437195,-0.25647270679473877,2.07442569732666,-0.7183679342269897,-0.4044182300567627,2.5796780586242676,-0.8587912321090698,-0.3906499147415161,2.5704164505004883,-0.8814914226531982,-0.12688499689102173,2.5757763385772705,-0.9035605788230896,0.12661397457122803,2.5845720767974854,-0.9079744219779968,0.17731377482414246,2.5863311290740967,-0.9168021082878113,0.2787133753299713,2.5898494720458984,-0.8516442775726318,0.23315580189228058,2.592299222946167,-0.5214003920555115,0.12373930215835571,2.6119487285614014,-0.5736300349235535,0.5416866540908813,2.7366528511047363,-0.6226841807365417,0.9048588871955872,2.871415853500366,-0.6233323216438293,1.0375787019729614,2.796346426010132,-0.7172709107398987,0.1410738229751587,2.5952861309051514,-0.7412106394767761,0.579689621925354,2.596738338470459,-0.7674232721328735,0.9649811387062073,2.654399871826172,-0.7643445134162903,1.0792235136032104,2.5534565448760986,-0.6466116905212402,-0.5503484010696411,2.4991962909698486,-0.6462125182151794,-0.6003064513206482,2.4934890270233154,-0.6278415322303772,-0.6399791836738586,2.531918525695801,-0.604249119758606,-0.6290473937988281,2.6416749954223633,-0.685346782207489,-0.6383582949638367,2.5137081146240234,-0.7671806216239929,-0.6244547367095947,2.5900790691375732,-0.6388195157051086,0.9816763401031494,2.9413599967956543,-0.7771870493888855,1.0553308725357056,2.707268238067627
-0.6219158172607422,0.13360363245010376,2.6114039421081543,-0.6365212798118591,-0.04673515260219574,2.6026270389556885,-0.6527998447418213,-0.2269260287284851,2.5937561988830566,-0.6690788865089417,-0.40712231397628784,2.5848851203918457,-0.620088517665863,-0.412750780582428,2.589212417602539,-0.4804980158805847,-0.42597416043281555,2.6016573905944824,-0.35191527009010315,-0.2430466264486313,2.462412118911743,-0.26869165897369385,-0.25905540585517883,2.2237322330474854,-0.25204694271087646,-0.2622571587562561,2.1759963035583496,-0.2187574952840805,-0.26866066455841064,2.080524206161499,-0.2884092926979065,-0.24339495599269867,2.10829758644104,-0.7182462215423584,-0.4034523367881775,2.580461263656616,-0.8578367233276367,-0.3902289569377899,2.568016290664673,-0.8812200427055359,-0.1284065842628479,2.584973096847534,-0.9040446877479553,0.12305256724357605,2.604921340942383,-0.9086096286773682,0.17334440350532532,2.6089110374450684,-0.9177395105361938,0.27392804622650146,2.6168901920318604,-0.8528944253921509,0.22862878441810608,2.618938684463501,-0.5241580605506897,0.12517668306827545,2.621875524520874,-0.5740445852279663,0.5443110466003418,2.7435319423675537,-0.6213663220405579,0.9091390371322632,2.8743960857391357,-0.619208037853241,1.0412172079086304,2.7982285022735596,-0.7196735739707947,0.14203058183193207,2.6009323596954346,-0.7411737442016602,0.5807761549949646,2.599308729171753,-0.7663564085960388,0.9666411876678467,2.6535141468048096,-0.760493278503418,1.0800927877426147,2.55180287361145,-0.6439746618270874,-0.5481178760528564,2.500490427017212,-0.6431767344474792,-0.5979465842247009,2.4943530559539795,-0.6254659295082092,-0.6378123164176941,2.5327649116516113,-0.6043906211853027,-0.6277713775634766,2.6429498195648193,-0.6824807524681091,-0.6363317966461182,2.513331651687622,-0.7659326791763306,-0.6235764622688293,2.5878889560699463,-0.6378597021102905,0.9867223501205444,2.943406581878662,-0.7767050266265869,1.0574456453323364,2.705486297607422
-0.6226842403411865,0.13628926873207092,2.621551513671875,-0.6361564993858337,-0.04403582215309143,2.6107730865478516,-0.6511716246604919,-0.2242284119129181,2.5998189449310303,-0.6661871671676636,-0.4044263958930969,2.58886456489563,-0.6174591779708862,-0.40989044308662415,2.5956740379333496,-0.4789564311504364,-0.42261651158332825,2.6151652336120605,-0.34101301431655884,-0.22017446160316467,2.52034068107605,-0.25843697786331177,-0.24359934031963348,2.28279185295105,-0.24192176759243011,-0.24828431010246277,2.2352821826934814,-0.2088913470506668,-0.25765424966812134,2.1402626037597656,-0.2765862047672272,-0.22760072350502014,2.1674797534942627,-0.7150783538818359,-0.40092089772224426,2.5819361209869385,-0.8535810708999634,-0.38819482922554016,2.5624449253082275,-0.8768084049224854,-0.1274682879447937,2.584468364715576,-0.8996241092681885,0.12288856506347656,2.6089210510253906,-0.9041872620582581,0.17295993864536285,2.613811492919922,-0.9133135676383972,0.27310270071029663,2.6235926151275635,-0.8490142226219177,0.22757112979888916,2.6279587745666504,-0.5255187749862671,0.12812283635139465,2.636727809906006,-0.5731692910194397,0.5491284728050232,2.7527146339416504,-0.6197366118431091,0.915544867515564,2.879364013671875,-0.6122161746025085,1.0470693111419678,2.8025763034820557,-0.719849705696106,0.1444557011127472,2.606375217437744,-0.7394785284996033,0.583278238773346,2.602047920227051,-0.7658827304840088,0.9692367911338806,2.6550416946411133,-0.7548337578773499,1.0826634168624878,2.5537307262420654,-0.6374646425247192,-0.5435457229614258,2.502656936645508,-0.6361505389213562,-0.5932202935218811,2.495589256286621,-0.6194513440132141,-0.6337108016014099,2.5337655544281006,-0.6020420789718628,-0.6257067918777466,2.644710063934326,-0.6757902503013611,-0.6321786642074585,2.5125222206115723,-0.7616691589355469,-0.6213656663894653,2.584520101547241,-0.6377658843994141,0.9938421249389648,2.947176456451416,-0.7783671021461487,1.0600807666778564,2.7064766883850098
-0.6249713897705078,0.13787400722503662,2.6277410984039307,-0.637205958366394,-0.04251067340373993,2.6162707805633545,-0.6508142948150635,-0.22278431057929993,2.6046040058135986,-0.6644230484962463,-0.4030633568763733,2.5929367542266846,-0.6161184906959534,-0.408313512802124,2.6024301052093506,-0.47901052236557007,-0.4204162359237671,2.629514694213867,-0.3393849730491638,-0.20592105388641357,2.571415662765503,-0.25603780150413513,-0.2380189597606659,2.335395574569702,-0.23936836421489716,-0.2444385439157486,2.288191556930542,-0.2060295045375824,-0.2572776973247528,2.1937835216522217,-0.27268117666244507,-0.22408916056156158,2.219696521759033,-0.712875485420227,-0.399772584438324,2.5833165645599365,-0.8499834537506104,-0.3876698613166809,2.55623197555542,-0.8705868721008301,-0.12719398736953735,2.580864906311035,-0.8910210728645325,0.12290742993354797,2.6075894832611084,-0.8951079249382019,0.17292770743370056,2.6129343509674072,-0.9032816290855408,0.2729682922363281,2.623624324798584,-0.8400450348854065,0.2264409363269806,2.6308178901672363,-0.5286841988563538,0.13005928695201874,2.6479341983795166,-0.5740153789520264,0.5519636273384094,2.761563777923584,-0.6202943921089172,0.9183540344238281,2.8883957862854004,-0.6072016358375549,1.0501818656921387,2.8128862380981445,-0.7212585806846619,0.1456887274980545,2.6075479984283447,-0.7383604049682617,0.58463054895401,2.6048073768615723,-0.7662089467048645,0.9698740243911743,2.6620960235595703,-0.749565064907074,1.084729552268982,2.563187599182129,-0.62884521484375,-0.5408881902694702,2.507350444793701,-0.6263274550437927,-0.5904501676559448,2.4999823570251465,-0.6110166311264038,-0.6309726238250732,2.5386645793914795,-0.5996801853179932,-0.6236447691917419,2.6503891944885254,-0.6661379933357239,-0.6301755905151367,2.514467477798462,-0.7558573484420776,-0.6213865280151367,2.5818305015563965,-0.640084981918335,0.9965415596961975,2.955842971801758,-0.7810397744178772,1.0600032806396484,2.7141616344451904
-0.6280796527862549,0.13886934518814087,2.6304140090942383,-0.6394338607788086,-0.04157073795795441,2.6185660362243652,-0.652050256729126,-0.22191071510314941,2.606473207473755,-0.664667010307312,-0.4022560715675354,2.5943801403045654,-0.6171777844429016,-0.4074406921863556,2.6073997020721436,-0.48276111483573914,-0.4193243384361267,2.6443839073181152,-0.3473138213157654,-0.195310577750206,2.6278014183044434,-0.2564266324043274,-0.22710496187210083,2.3946897983551025,-0.23824919760227203,-0.2334638386964798,2.34806752204895,-0.20189431309700012,-0.24618159234523773,2.2548229694366455,-0.2687924802303314,-0.21205082535743713,2.2786617279052734,-0.7122933864593506,-0.3990316390991211,2.5812289714813232,-0.8467100858688354,-0.38714799284935,2.5442447662353516,-0.8612358570098877,-0.12595751881599426,2.5635228157043457,-0.8746400475502014,0.1253565549850464,2.580073118209839,-0.8773208856582642,0.17561936378479004,2.583383083343506,-0.8826825618743896,0.27614498138427734,2.590003252029419,-0.8218406438827515,0.2278875708580017,2.603346824645996,-0.5334337949752808,0.1311456263065338,2.657341957092285,-0.576958954334259,0.5538876056671143,2.7685632705688477,-0.624260425567627,0.9201333522796631,2.8954532146453857,-0.6038946509361267,1.0522572994232178,2.822098970413208,-0.722725510597229,0.14659306406974792,2.6034860610961914,-0.738525927066803,0.5855958461761475,2.6050102710723877,-0.7705508470535278,0.9694942235946655,2.668813467025757,-0.7469909191131592,1.0865216255187988,2.5739352703094482,-0.6215372085571289,-0.5400163531303406,2.512477397918701,-0.6181458234786987,-0.5895476341247559,2.50551438331604,-0.6057698726654053,-0.6298291087150574,2.5454156398773193,-0.6035091280937195,-0.6221008896827698,2.6575818061828613,-0.6587293744087219,-0.6294436454772949,2.516878843307495,-0.7535610795021057,-0.6210086941719055,2.576727867126465,-0.6468161940574646,0.9981739521026611,2.9622011184692383,-0.7890791296958923,1.0584511756896973,2.721707344055176
-0.6317360997200012,0.13957008719444275,2.6344399452209473,-0.6422752737998962,-0.04086647927761078,2.6216018199920654,-0.6538946032524109,-0.2212131768465042,2.6084375381469727,-0.6655142903327942,-0.4015652537345886,2.5952727794647217,-0.6195917725563049,-0.4068101644515991,2.613039016723633,-0.48999831080436707,-0.4188288748264313,2.6633076667785645,-0.3652939200401306,-0.19117888808250427,2.69939923286438,-0.2581707239151001,-0.21318474411964417,2.4723808765411377,-0.23674608767032623,-0.21758592128753662,2.4269771575927734,-0.1938968002796173,-0.22638826072216034,2.336169719696045,-0.26192349195480347,-0.19251978397369385,2.356727123260498,-0.7115630507469177,-0.3982805907726288,2.5773637294769287,-0.8411564826965332,-0.38626188039779663,2.527095079421997,-0.8518077731132507,-0.12483030557632446,2.54187273979187,-0.8575171828269958,0.12707474827766418,2.544736623764038,-0.8586590886116028,0.17745575308799744,2.54530930519104,-0.8609428405761719,0.27821776270866394,2.546454906463623,-0.8036639094352722,0.22885361313819885,2.568354845046997,-0.5402018427848816,0.13165517151355743,2.670539379119873,-0.5804367065429688,0.5565141439437866,2.7748160362243652,-0.6286590695381165,0.924175500869751,2.89725661277771,-0.598076343536377,1.0555609464645386,2.8261399269104004,-0.7232703566551208,0.14748500287532806,2.5983405113220215,-0.7384598255157471,0.5865100026130676,2.6032395362854004,-0.7773239612579346,0.9690855145454407,2.671192169189453,-0.744778037071228,1.0879849195480347,2.5814218521118164,-0.6118582487106323,-0.5380927920341492,2.517641067504883,-0.6073044538497925,-0.5875170826911926,2.5105860233306885,-0.5995476841926575,-0.6282006502151489,2.551236391067505,-0.6108824014663696,-0.6217977404594421,2.662933826446533,-0.6486806273460388,-0.6277727484703064,2.5165250301361084,-0.7500924468040466,-0.6205853223800659,2.564584970474243,-0.6549274325370789,1.0029340982437134,2.961775779724121,-0.8011273145675659,1.0569775104522705,2.723766565322876
-0.6345778107643127,0.13980698585510254,2.6372525691986084,-0.6442540884017944,-0.040604427456855774,2.6240086555480957,-0.6548769474029541,-0.2209339290857315,2.610380172729492,-0.6655001640319824,-0.4012688398361206,2.5967512130737305,-0.6217602491378784,-0.40654098987579346,2.619331121444702,-0.49889707565307617,-0.418581485748291,2.6828813552856445,-0.4007827043533325,-0.18771353363990784,2.757077932357788,-0.268609881401062,-0.19304262101650238,2.5431368350982666,-0.24217531085014343,-0.19410844147205353,2.5003485679626465,-0.18930618464946747,-0.19624008238315582,2.4147720336914062,-0.2607819437980652,-0.1668631136417389,2.4290287494659424,-0.7093554735183716,-0.3979567289352417,2.5740230083465576,-0.8322186470031738,-0.38591623306274414,2.5104727745056152,-0.8433828949928284,-0.12476310133934021,2.5207672119140625,-0.8427236676216125,0.12651094794273376,2.509376049041748,-0.8425918221473694,0.17676575481891632,2.5070977210998535,-0.8423281311988831,0.2772753834724426,2.5025413036346436,-0.7892487645149231,0.2281723916530609,2.533306837081909,-0.5473030805587769,0.13179409503936768,2.6826412677764893,-0.5832759141921997,0.559098482131958,2.7790303230285645,-0.6317777633666992,0.9290127158164978,2.8949711322784424,-0.5905265212059021,1.059007167816162,2.826589584350586,-0.7218525409698486,0.1478198766708374,2.5918638706207275,-0.7367938160896301,0.5869962573051453,2.6005139350891113,-0.7834258675575256,0.9683067202568054,2.6716411113739014,-0.7420423626899719,1.0890321731567383,2.588040590286255,-0.600725531578064,-0.536683201789856,2.5253047943115234,-0.5945807099342346,-0.5860679149627686,2.5185928344726562,-0.5910935401916504,-0.6269707679748535,2.559748888015747,-0.6158245801925659,-0.621476948261261,2.669503927230835,-0.6358051896095276,-0.6270434260368347,2.519350051879883,-0.7425076365470886,-0.6216827630996704,2.5550408363342285,-0.6616954803466797,1.008985996246338,2.956411838531494,-0.8127644062042236,1.0551683902740479,2.723217010498047
-0.6360455751419067,0.13921624422073364,2.6369876861572266,-0.6453250646591187,-0.04105028510093689,2.6239540576934814,-0.655482828617096,-0.22123730182647705,2.610483169555664,-0.6656408905982971,-0.4014297127723694,2.5970120429992676,-0.6244210004806519,-0.4067453145980835,2.623818874359131,-0.509690523147583,-0.41879895329475403,2.6985363960266113,-0.4461093544960022,-0.18080097436904907,2.7848970890045166,-0.29269468784332275,-0.16926805675029755,2.5865697860717773,-0.2620117664337158,-0.16696147620677948,2.5469043254852295,-0.20064589381217957,-0.16234830021858215,2.467573404312134,-0.27575191855430603,-0.14082105457782745,2.47426176071167,-0.7069712281227112,-0.3980725407600403,2.570058584213257,-0.82170170545578,-0.38601890206336975,2.4953410625457764,-0.8275933861732483,-0.1252489984035492,2.5057387351989746,-0.8152562975883484,0.12488597631454468,2.488915205001831,-0.8127889037132263,0.1749129742383957,2.4855504035949707,-0.8078540563583374,0.2749669849872589,2.478821039199829,-0.7603051662445068,0.22473126649856567,2.515760898590088,-0.5536240339279175,0.13110339641571045,2.69051456451416,-0.5893159508705139,0.5606434345245361,2.779088258743286,-0.6420696377754211,0.9323502779006958,2.888805627822876,-0.5923506021499634,1.0614259243011475,2.8240139484405518,-0.718467116355896,0.14732909202575684,2.583460807800293,-0.7345904111862183,0.5868626832962036,2.5966575145721436,-0.7894593477249146,0.9671047329902649,2.67008900642395,-0.7406668066978455,1.0896155834197998,2.5930118560791016,-0.5907126665115356,-0.5362476706504822,2.533085584640503,-0.582892119884491,-0.5857261419296265,2.5272364616394043,-0.5829736590385437,-0.6266458034515381,2.568876028060913,-0.6194267868995667,-0.6214058995246887,2.6758413314819336,-0.6233283281326294,-0.6276939511299133,2.523786783218384,-0.7337650656700134,-0.6243756413459778,2.548088550567627,-0.6762272119522095,1.0132273435592651,2.9469752311706543,-0.8240131735801697,1.053015112876892,2.7202584743499756
-0.6386159062385559,0.13605612516403198,2.636049747467041,-0.6468910574913025,-0.04405631124973297,2.622471332550049,-0.6559353470802307,-0.2240906059741974,2.6083576679229736,-0.6649799346923828,-0.40413030982017517,2.5942435264587402,-0.6274091601371765,-0.4094853103160858,2.625887393951416,-0.5239271521568298,-0.42152413725852966,2.713141918182373,-0.5102524757385254,-0.18035537004470825,2.81026554107666,-0.3233729600906372,-0.12733718752861023,2.6523611545562744,-0.28599706292152405,-0.11673355102539062,2.6207802295684814,-0.21124525368213654,-0.09552627801895142,2.5576186180114746,-0.28847289085388184,-0.08740773051977158,2.54832124710083,-0.702648937702179,-0.4007321000099182,2.562446355819702,-0.8061309456825256,-0.38869327306747437,2.475191831588745,-0.8075317144393921,-0.12879186868667603,2.490412712097168,-0.7845010757446289,0.12011758983135223,2.4769108295440674,-0.7798949480056763,0.16989947855472565,2.474210500717163,-0.770682692527771,0.26946327090263367,2.4688098430633545,-0.7299425601959229,0.21762070059776306,2.5108697414398193,-0.5633681416511536,0.12785114347934723,2.6990268230438232,-0.594302237033844,0.5599163174629211,2.7779037952423096,-0.6492689251899719,0.9338375329971313,2.8795599937438965,-0.5888662338256836,1.0611906051635742,2.8204708099365234,-0.7138636708259583,0.14426110684871674,2.573072671890259,-0.7270876169204712,0.5839563608169556,2.5918352603912354,-0.7898101806640625,0.9626232385635376,2.668318271636963,-0.7317613363265991,1.086958646774292,2.6010141372680664,-0.5789927244186401,-0.5371071100234985,2.538125514984131,-0.5692031979560852,-0.5866114497184753,2.5327556133270264,-0.5732292532920837,-0.6282926797866821,2.573955535888672,-0.6226159334182739,-0.6252490282058716,2.6764729022979736,-0.6080905795097351,-0.6297725439071655,2.524045467376709,-0.721389651298523,-0.6294419765472412,2.5350613594055176,-0.6877253651618958,1.0160269737243652,2.9331417083740234,-0.8300672769546509,1.0474004745483398,2.716247320175171
-0.6389783024787903,0.13278380036354065,2.6319069862365723,-0.646695077419281,-0.04703712463378906,2.61801815032959,-0.6550439596176147,-0.2267870157957077,2.603585958480835,-0.6633931398391724,-0.4065423011779785,2.589153289794922,-0.6299384832382202,-0.41195976734161377,2.625002145767212,-0.5385007858276367,-0.4240803122520447,2.723065137863159,-0.5687662363052368,-0.1792132705450058,2.802969217300415,-0.36608684062957764,-0.1021084412932396,2.6798348426818848,-0.32555097341537476,-0.08668747544288635,2.655207872390747,-0.2444792091846466,-0.05584554374217987,2.605954170227051,-0.31865280866622925,-0.05971669778227806,2.5824456214904785,-0.6969385147094727,-0.403078556060791,2.553147554397583,-0.7883762121200562,-0.3909580111503601,2.4550845623016357,-0.7857404351234436,-0.1324906349182129,2.4762556552886963,-0.7535810470581055,0.11470812559127808,2.4695703983306885,-0.7471491694450378,0.16414788365364075,2.468233346939087,-0.7342854142189026,0.2630273997783661,2.465559244155884,-0.7005585432052612,0.20955830812454224,2.5110886096954346,-0.5718241930007935,0.12439960241317749,2.7031471729278564,-0.5969088077545166,0.5578460693359375,2.77647066116333,-0.6564380526542664,0.9318269491195679,2.8753888607025146,-0.5874303579330444,1.0585492849349976,2.824981451034546,-0.7061324119567871,0.1411679983139038,2.560666799545288,-0.7177481055259705,0.5806193947792053,2.585744857788086,-0.7906016111373901,0.9568238258361816,2.665449619293213,-0.7254447937011719,1.0831481218338013,2.609251022338867,-0.5690972805023193,-0.5374762415885925,2.539842128753662,-0.5577651858329773,-0.5869008898735046,2.53472900390625,-0.565117359161377,-0.629523515701294,2.57485032081604,-0.6249125599861145,-0.6291391849517822,2.672283411026001,-0.5948476791381836,-0.6308127641677856,2.521421432495117,-0.7091484069824219,-0.632792055606842,2.520901918411255,-0.6992837190628052,1.0142464637756348,2.925163984298706,-0.8366050720214844,1.0401171445846558,2.7107508182525635
-0.6387928128242493,0.13144630193710327,2.6221461296081543,-0.6465471386909485,-0.048315808176994324,2.608795166015625,-0.6547558903694153,-0.22802525758743286,2.5950140953063965,-0.6629648804664612,-0.4077400863170624,2.5812325477600098,-0.6334962248802185,-0.4130743145942688,2.620401620864868,-0.5537280440330505,-0.4248518943786621,2.7264697551727295,-0.6143096685409546,-0.17656031250953674,2.7655222415924072,-0.4083751142024994,-0.08819898962974548,2.6578919887542725,-0.3671882152557373,-0.07052672654390335,2.6363658905029297,-0.28481438755989075,-0.03518219664692879,2.593313694000244,-0.35410597920417786,-0.05143699049949646,2.5622293949127197,-0.6925228238105774,-0.4043591618537903,2.5419135093688965,-0.7722910046577454,-0.392581582069397,2.435845375061035,-0.7641984224319458,-0.13563039898872375,2.4633140563964844,-0.7238940596580505,0.10966867208480835,2.465532064437866,-0.7158331871032715,0.1587284803390503,2.465975761413574,-0.6997114419937134,0.2568480968475342,2.466862916946411,-0.6725727319717407,0.20157283544540405,2.514190435409546,-0.579627275466919,0.12311666458845139,2.6999361515045166,-0.5988746881484985,0.5567419528961182,2.7746315002441406,-0.6644296050071716,0.9290740489959717,2.8763177394866943,-0.5893394947052002,1.0561151504516602,2.8363735675811768,-0.6979583501815796,0.13977593183517456,2.544356107711792,-0.7056699395179749,0.5788174271583557,2.5784711837768555,-0.7899782061576843,0.9511606097221375,2.6651973724365234,-0.720171332359314,1.0800178050994873,2.6216506958007812,-0.5620816349983215,-0.5367521047592163,2.5375683307647705,-0.5493658185005188,-0.5861027836799622,2.532670021057129,-0.5590845346450806,-0.6296572089195251,2.571669101715088,-0.626703679561615,-0.6318588256835938,2.6644673347473145,-0.5845808386802673,-0.6306793689727783,2.515781879425049,-0.6989432573318481,-0.6347551345825195,2.506120204925537,-0.7113112807273865,1.0108377933502197,2.923527956008911,-0.8413499593734741,1.032322645187378,2.7086217403411865
-0.6391720175743103,0.13105681538581848,2.6117594242095947,-0.6473371386528015,-0.04875245690345764,2.599555015563965,-0.6558005213737488,-0.22852838039398193,2.5870656967163086,-0.6642641425132751,-0.4083096981048584,2.574575901031494,-0.6390084624290466,-0.4134027063846588,2.616609811782837,-0.5713477730751038,-0.4244096279144287,2.729196786880493,-0.6395329833030701,-0.17532697319984436,2.730438470840454,-0.4314563572406769,-0.09038644284009933,2.6248421669006348,-0.3898410201072693,-0.07339833676815033,2.6037228107452393,-0.3066103756427765,-0.03942212462425232,2.5614843368530273,-0.37290796637535095,-0.0628984123468399,2.5287485122680664,-0.6896117925643921,-0.40517064929008484,2.5324063301086426,-0.757272481918335,-0.39416372776031494,2.4198193550109863,-0.7460198402404785,-0.13816457986831665,2.4519245624542236,-0.6988608837127686,0.10546107590198517,2.4610867500305176,-0.6894291043281555,0.1541862040758133,2.462919235229492,-0.6705654859542847,0.25163647532463074,2.4665842056274414,-0.6500865817070007,0.1952047348022461,2.515718698501587,-0.5885059833526611,0.12308695912361145,2.695283889770508,-0.6007307171821594,0.5563766956329346,2.7735276222229004,-0.6711994409561157,0.9272059202194214,2.8775126934051514,-0.5907455086708069,1.0539580583572388,2.848560094833374,-0.6898380517959595,0.1390266716480255,2.5282349586486816,-0.693864643573761,0.5772712230682373,2.5722463130950928,-0.7910819053649902,0.9451180696487427,2.664607048034668,-0.7184234261512756,1.0761522054672241,2.6341440677642822,-0.5570414662361145,-0.5357213020324707,2.537454605102539,-0.542864203453064,-0.585084855556488,2.5331978797912598,-0.5545569658279419,-0.6293978691101074,2.5713884830474854,-0.6292042136192322,-0.6336898803710938,2.6595511436462402,-0.5760140419006348,-0.6305599808692932,2.513399600982666,-0.6899992823600769,-0.6369825005531311,2.4952495098114014,-0.7215069532394409,1.0085649490356445,2.9218251705169678,-0.8477071523666382,1.0240556001663208,2.7055482864379883
-0.6371932029724121,0.13155221939086914,2.6000044345855713,-0.6446078419685364,-0.04830394685268402,2.5881903171539307,-0.6521303653717041,-0.22815069556236267,2.576301097869873,-0.6596531271934509,-0.4080028533935547,2.5644116401672363,-0.6396923661231995,-0.4127841591835022,2.609233856201172,-0.5866041779518127,-0.4228805899620056,2.72837233543396,-0.6502320170402527,-0.17471426725387573,2.6974992752075195,-0.4308481216430664,-0.09380299597978592,2.614501714706421,-0.3869713544845581,-0.0776207447052002,2.597902297973633,-0.2992178201675415,-0.04525623470544815,2.5647032260894775,-0.36008498072624207,-0.07275399565696716,2.5253615379333496,-0.6796956062316895,-0.4051762819290161,2.5194602012634277,-0.7327837944030762,-0.3950798511505127,2.4003217220306396,-0.7222535014152527,-0.1403745710849762,2.4403529167175293,-0.6668854355812073,0.10078924894332886,2.4587619304656982,-0.6558118462562561,0.14902201294898987,2.4624438285827637,-0.633664608001709,0.2454875409603119,2.4698073863983154,-0.6215398907661438,0.18780481815338135,2.5201501846313477,-0.5971891283988953,0.12404800951480865,2.689140558242798,-0.5964561700820923,0.5561262965202332,2.7748095989227295,-0.6604875326156616,0.9282371997833252,2.8784542083740234,-0.5712354183197021,1.0512558221817017,2.8617193698883057,-0.677197277545929,0.13905642926692963,2.5108683109283447,-0.6803554892539978,0.5758393406867981,2.5678069591522217,-0.7883656024932861,0.9403607845306396,2.661437511444092,-0.7126062512397766,1.0721619129180908,2.645049810409546,-0.5461889505386353,-0.533753514289856,2.5339348316192627,-0.5305979251861572,-0.5831811428070068,2.529930591583252,-0.5447618365287781,-0.6288750171661377,2.5664327144622803,-0.6272851228713989,-0.6364032030105591,2.6484673023223877,-0.5612978339195251,-0.6292182803153992,2.506286144256592,-0.6741370558738708,-0.6373757123947144,2.4780516624450684,-0.7115820050239563,1.011267900466919,2.9185807704925537,-0.8496220707893372,1.0179342031478882,2.698110342025757
-0.6369672417640686,0.12306934595108032,2.5929114818573,-0.6378930807113647,-0.05720315873622894,2.582977533340454,-0.6387394070625305,-0.2374924272298813,2.573345184326172,-0.6395857930183411,-0.4177870750427246,2.5637125968933105,-0.6353370547294617,-0.4214088022708893,2.6127355098724365,-0.6235887408256531,-0.42870616912841797,2.748288631439209,-0.6445543169975281,-0.17668065428733826,2.681267499923706,-0.4091027081012726,-0.08835452049970627,2.6745383739471436,-0.3620123863220215,-0.07068929076194763,2.6731925010681152,-0.2678317427635193,-0.035358838737010956,2.6705009937286377,-0.3108978569507599,-0.0681929811835289,2.613546848297119,-0.6438437104225159,-0.41612496972084045,2.51458477973938,-0.6555920243263245,-0.40882760286331177,2.3790316581726074,-0.6510055661201477,-0.15399086475372314,2.4380693435668945,-0.5901786684989929,0.0847434550523758,2.488964080810547,-0.5780133008956909,0.13249032199382782,2.499143123626709,-0.5536825060844421,0.22798404097557068,2.519500970840454,-0.5612714290618896,0.16657206416130066,2.5679521560668945,-0.6265325546264648,0.11765266954898834,2.6902353763580322,-0.5894291400909424,0.5496014952659607,2.7801551818847656,-0.6466262936592102,0.9288698434829712,2.8683674335479736,-0.5447096824645996,1.043025016784668,2.882631540298462,-0.6474019289016724,0.1284860223531723,2.4955875873565674,-0.6406358480453491,0.5651392936706543,2.5685958862304688,-0.7630685567855835,0.9317858815193176,2.642609119415283,-0.6820544004440308,1.061655044555664,2.6564855575561523,-0.5196690559387207,-0.5401712656021118,2.546287775039673,-0.5024651885032654,-0.5891262292861938,2.5425753593444824,-0.5212906002998352,-0.6368329524993896,2.5741376876831055,-0.6158826351165771,-0.6497335433959961,2.6412432193756104,-0.5278595685958862,-0.6344372034072876,2.51210355758667,-0.6344947814941406,-0.6429457068443298,2.465479612350464,-0.6996642351150513,1.0172408819198608,2.893016815185547,-0.8308841586112976,1.010711669921875,2.6626546382904053
-0.6300572156906128,0.12572723627090454,2.560664653778076,-0.6291077136993408,-0.05512075126171112,2.551959991455078,-0.6281314492225647,-0.23600485920906067,2.5440444946289062,-0.6271551847457886,-0.4168943762779236,2.5361287593841553,-0.6294892430305481,-0.42005032300949097,2.5854525566101074,-0.6360422372817993,-0.4261370301246643,2.7237374782562256,-0.6364887356758118,-0.16806098818778992,2.6733696460723877,-0.4716302454471588,0.023344069719314575,2.6628847122192383,-0.43865853548049927,0.061625078320503235,2.66078782081604,-0.37271514534950256,0.13818709552288055,2.6565937995910645,-0.39611974358558655,0.0884440541267395,2.5998764038085938,-0.624810516834259,-0.41570448875427246,2.4867188930511475,-0.6182575225830078,-0.4096177816390991,2.3484339714050293,-0.6243481040000916,-0.15227100253105164,2.4020612239837646,-0.5725876092910767,0.08944907784461975,2.4551310539245605,-0.5622355341911316,0.13779309391975403,2.465744972229004,-0.5415313243865967,0.23448112607002258,2.4869728088378906,-0.5546689033508301,0.17370812594890594,2.535686731338501,-0.6311264634132385,0.12099967151880264,2.6587681770324707,-0.6038845181465149,0.5536742210388184,2.7497496604919434,-0.6764993071556091,0.9325850009918213,2.828472375869751,-0.5785579681396484,1.0484040975570679,2.853722333908081,-0.6289879679679871,0.13045479357242584,2.4625611305236816,-0.6428443193435669,0.5637757778167725,2.5534892082214355,-0.760295033454895,0.9318968653678894,2.6292240619659424,-0.6769205331802368,1.0580867528915405,2.656954288482666,-0.5134263038635254,-0.5436347126960754,2.5481386184692383,-0.4983637034893036,-0.5929332375526428,2.5494332313537598,-0.5256475806236267,-0.6382997035980225,2.5770087242126465,-0.6321178078651428,-0.6448460817337036,2.621727705001831,-0.5185332298278809,-0.6377401351928711,2.5155441761016846,-0.6119605302810669,-0.6432605981826782,2.447577953338623,-0.7333513498306274,1.02028226852417,2.846296548843384,-0.8272367715835571,1.012540578842163,2.6452255249023438
-0.6282804608345032,0.12968185544013977,2.5488035678863525,-0.6277388334274292,-0.05119042098522186,2.5404505729675293,-0.627153217792511,-0.23211361467838287,2.533287763595581,-0.626567542552948,-0.41304224729537964,2.526124954223633,-0.6280003786087036,-0.4159862995147705,2.575497627258301,-0.6320298314094543,-0.4214884340763092,2.7141470909118652,-0.627778947353363,-0.1662527322769165,2.6494572162628174,-0.46992602944374084,0.029566898941993713,2.6202445030212402,-0.4383554458618164,0.06873083114624023,2.6144020557403564,-0.37521427869796753,0.14705869555473328,2.6027169227600098,-0.3990713357925415,0.09296443313360214,2.5501585006713867,-0.6251283288002014,-0.4120646119117737,2.4766740798950195,-0.6210988759994507,-0.406562477350235,2.338024616241455,-0.625546395778656,-0.14862525463104248,2.39090895652771,-0.5734391212463379,0.09380389750003815,2.4421844482421875,-0.5630176663398743,0.14228972792625427,2.452439546585083,-0.542174756526947,0.23926138877868652,2.472949743270874,-0.5542569160461426,0.17854684591293335,2.5221991539001465,-0.627371072769165,0.1251527965068817,2.64693284034729,-0.6020386219024658,0.5575240850448608,2.7400238513946533,-0.6762763857841492,0.9353238344192505,2.8226065635681152,-0.578829288482666,1.0518529415130615,2.8465287685394287,-0.6291898488998413,0.13421091437339783,2.450674295425415,-0.6452042460441589,0.5661102533340454,2.5479326248168945,-0.760236382484436,0.9333357810974121,2.631460428237915,-0.6760168075561523,1.0590107440948486,2.6590306758880615,-0.5146627426147461,-0.5406644940376282,2.541060209274292,-0.500206708908081,-0.5900185108184814,2.5431134700775146,-0.528311550617218,-0.6346707344055176,2.5707895755767822,-0.6352276802062988,-0.6394959688186646,2.614084482192993,-0.5203999876976013,-0.634901762008667,2.5095367431640625,-0.6128115057945251,-0.6401504278182983,2.4405341148376465,-0.7335046529769897,1.0224140882492065,2.8421599864959717,-0.8266535997390747,1.013852596282959,2.6501128673553467
-0.6295043230056763,0.13113349676132202,2.543239116668701,-0.6287305951118469,-0.049776822328567505,2.535567283630371,-0.6278570890426636,-0.23073066771030426,2.5290138721466064,-0.6269835829734802,-0.4116899371147156,2.5224602222442627,-0.6283854842185974,-0.41446995735168457,2.5718460083007812,-0.6323395371437073,-0.4195200800895691,2.7107653617858887,-0.6285107135772705,-0.16551849246025085,2.6406095027923584,-0.47396624088287354,0.032470300793647766,2.606994867324829,-0.4430573582649231,0.07206806540489197,2.6002719402313232,-0.38123956322669983,0.15126359462738037,2.5868260860443115,-0.40407514572143555,0.09550453722476959,2.5354771614074707,-0.625572144985199,-0.4108767509460449,2.473003387451172,-0.6216180920600891,-0.4058266282081604,2.3340840339660645,-0.6258848905563354,-0.1473231017589569,2.3851823806762695,-0.57450270652771,0.0958348959684372,2.43465518951416,-0.5642262697219849,0.14446648955345154,2.444549798965454,-0.5436733961105347,0.24172969162464142,2.464339017868042,-0.5554654598236084,0.18128418922424316,2.5140836238861084,-0.628360390663147,0.12697631120681763,2.6413841247558594,-0.6025850772857666,0.5592594146728516,2.7347891330718994,-0.6752318739891052,0.9372491836547852,2.817938804626465,-0.577299177646637,1.0534205436706543,2.8416292667388916,-0.6306482553482056,0.13529068231582642,2.445094108581543,-0.6469795107841492,0.5664951205253601,2.545361280441284,-0.7591993808746338,0.9339084029197693,2.6318588256835938,-0.6740238070487976,1.0588274002075195,2.65993332862854,-0.5165450572967529,-0.5398515462875366,2.540182113647461,-0.5025323033332825,-0.5892180800437927,2.5427794456481934,-0.5314440131187439,-0.6334223747253418,2.570127248764038,-0.639006495475769,-0.637183427810669,2.611363172531128,-0.522402822971344,-0.6340648531913757,2.5091381072998047,-0.6133898496627808,-0.6390039324760437,2.438560724258423,-0.7320917248725891,1.0245219469070435,2.8377585411071777,-0.8249978423118591,1.014739751815796,2.6513333320617676
-0.6306741833686829,0.13135844469070435,2.5370023250579834,-0.6295849084854126,-0.04957205057144165,2.530064105987549,-0.6283822655677795,-0.23054412007331848,2.524334192276001,-0.6271796226501465,-0.4115216135978699,2.518604278564453,-0.6286652088165283,-0.414079874753952,2.5679972171783447,-0.6328657865524292,-0.41851305961608887,2.7071340084075928,-0.627587080001831,-0.16804510354995728,2.624904155731201,-0.46709078550338745,0.022291049361228943,2.5770318508148193,-0.4349915385246277,0.060358282178640366,2.567457437515259,-0.37079301476478577,0.1364927440881729,2.5483086109161377,-0.39751678705215454,0.07941758632659912,2.500330686569214,-0.6256809234619141,-0.4109303653240204,2.469148874282837,-0.6214803457260132,-0.40649718046188354,2.330012083053589,-0.6258933544158936,-0.14753594994544983,2.3794429302215576,-0.5746925473213196,0.09609247744083405,2.4274256229400635,-0.5644524097442627,0.14481815695762634,2.4370222091674805,-0.5439720749855042,0.24226951599121094,2.4562151432037354,-0.5558080673217773,0.18211284279823303,2.506361722946167,-0.6294854283332825,0.1276012808084488,2.635164499282837,-0.6022951602935791,0.559585690498352,2.7297143936157227,-0.6735922694206238,0.9376224875450134,2.813962936401367,-0.5752376914024353,1.0534104108810425,2.837862968444824,-0.6318629384040833,0.1351156085729599,2.43884015083313,-0.6475782990455627,0.5656721591949463,2.542104721069336,-0.7574625015258789,0.9331713914871216,2.6313388347625732,-0.6714876890182495,1.0573984384536743,2.6601078510284424,-0.5179938077926636,-0.5399940609931946,2.5390572547912598,-0.5043429136276245,-0.5893439650535583,2.5422329902648926,-0.5339276790618896,-0.6331133842468262,2.5693559646606445,-0.6420195698738098,-0.6359472870826721,2.6087324619293213,-0.5238801836967468,-0.6342418193817139,2.5086300373077393,-0.6135514974594116,-0.6391444206237793,2.436675786972046,-0.7301428318023682,1.0250388383865356,2.8340790271759033,-0.8227488398551941,1.014262080192566,2.651493787765503
-0.6328363418579102,0.13116037845611572,2.5319972038269043,-0.6308522820472717,-0.04976387321949005,2.525853395462036,-0.6287098526954651,-0.23072661459445953,2.5210413932800293,-0.6265673637390137,-0.4116947650909424,2.5162291526794434,-0.6277783513069153,-0.41400715708732605,2.565634250640869,-0.6312243342399597,-0.4177528917789459,2.704961061477661,-0.6253778338432312,-0.17172783613204956,2.6098408699035645,-0.45680317282676697,0.007772102952003479,2.548840284347534,-0.4230882525444031,0.043672092258930206,2.536640167236328,-0.3556583821773529,0.11547207087278366,2.512239933013916,-0.3864748179912567,0.057580847293138504,2.467738628387451,-0.6253331303596497,-0.4113492965698242,2.4667716026306152,-0.6218871474266052,-0.40760356187820435,2.3274447917938232,-0.6262471079826355,-0.14829635620117188,2.3759334087371826,-0.5742599964141846,0.09556141495704651,2.422724723815918,-0.5638625621795654,0.14433297514915466,2.4320828914642334,-0.5430676937103271,0.24187608063220978,2.4507994651794434,-0.5547364354133606,0.18189513683319092,2.501272678375244,-0.6309064626693726,0.1278480589389801,2.6301615238189697,-0.6005902886390686,0.5590101480484009,2.7279038429260254,-0.6679624319076538,0.9370371103286743,2.8157434463500977,-0.5684056282043457,1.05182945728302,2.839679718017578,-0.6347662210464478,0.13447269797325134,2.433832883834839,-0.6496505737304688,0.5645924806594849,2.5394206047058105,-0.7563956379890442,0.9323956966400146,2.631537437438965,-0.6693547964096069,1.0559674501419067,2.66009783744812,-0.5163525938987732,-0.5389492511749268,2.53745436668396,-0.5023024082183838,-0.5881065726280212,2.5410754680633545,-0.5313706398010254,-0.631781816482544,2.568781852722168,-0.6391372084617615,-0.6350607872009277,2.6086997985839844,-0.5216281414031982,-0.6334690451622009,2.5080771446228027,-0.6115334630012512,-0.6398413181304932,2.4367032051086426,-0.7236053943634033,1.0247819423675537,2.8370444774627686,-0.8209909200668335,1.0138062238693237,2.6527228355407715
-0.6340792775154114,0.13153043389320374,2.5273797512054443,-0.6317221522331238,-0.04937346279621124,2.5220417976379395,-0.6292551159858704,-0.23031118512153625,2.518075704574585,-0.6267880201339722,-0.411254346370697,2.5141093730926514,-0.6278383135795593,-0.4133356511592865,2.5635173320770264,-0.6308398842811584,-0.41643399000167847,2.7029976844787598,-0.6224497556686401,-0.1748131513595581,2.596393585205078,-0.4457674026489258,-0.00664152204990387,2.5253303050994873,-0.4104309380054474,0.0269928015768528,2.511117696762085,-0.3397579789161682,0.09426145255565643,2.4826924800872803,-0.3740712106227875,0.035987481474876404,2.4411392211914062,-0.6257109045982361,-0.4111396372318268,2.464658498764038,-0.622709333896637,-0.4080412983894348,2.3251781463623047,-0.6270302534103394,-0.14830151200294495,2.373469591140747,-0.5739105939865112,0.09577259421348572,2.4198858737945557,-0.5632866621017456,0.1445874273777008,2.429169178009033,-0.5420387983322144,0.2422170788049698,2.4477357864379883,-0.5537502765655518,0.18224087357521057,2.498387575149536,-0.6317533850669861,0.12866434454917908,2.6255385875701904,-0.5987554788589478,0.558681845664978,2.727977991104126,-0.6620672345161438,0.9364627003669739,2.820340156555176,-0.5612601041793823,1.0500609874725342,2.8450405597686768,-0.6364051699638367,0.1343965232372284,2.4292209148406982,-0.6536687016487122,0.5641486644744873,2.5365188121795654,-0.7606253623962402,0.9315295219421387,2.6305885314941406,-0.6736319661140442,1.055200219154358,2.6591274738311768,-0.5166453123092651,-0.5381959080696106,2.5358948707580566,-0.5025912523269653,-0.5872672200202942,2.5397610664367676,-0.5315848588943481,-0.630751371383667,2.56768798828125,-0.6391845345497131,-0.6338541507720947,2.6076600551605225,-0.5219025611877441,-0.6327551007270813,2.5070605278015137,-0.6117513179779053,-0.6395314931869507,2.435882091522217,-0.716773509979248,1.0245234966278076,2.8428940773010254,-0.8252754211425781,1.0127662420272827,2.6524322032928467
-0.6364940404891968,0.13093805313110352,2.530858278274536,-0.6338884830474854,-0.04993036389350891,2.5259010791778564,-0.6311883926391602,-0.2308282107114792,2.5222365856170654,-0.6284882426261902,-0.411731481552124,2.5185720920562744,-0.6292976140975952,-0.4137280583381653,2.567976236343384,-0.6316262483596802,-0.41659194231033325,2.707638740539551,-0.6230509281158447,-0.1762417107820511,2.597830057144165,-0.4405038356781006,-0.015605732798576355,2.5236756801605225,-0.4039944112300873,0.01652146503329277,2.5088448524475098,-0.33097556233406067,0.08077585697174072,2.4791831970214844,-0.3677249848842621,0.023302137851715088,2.43851637840271,-0.6276494860649109,-0.4117010831832886,2.469128131866455,-0.6253208518028259,-0.4088371992111206,2.329465627670288,-0.6313068270683289,-0.14884686470031738,2.377098798751831,-0.5785295367240906,0.09562849998474121,2.4226245880126953,-0.5679740905761719,0.14452357590198517,2.431729793548584,-0.5468631982803345,0.2423137128353119,2.4499399662017822,-0.5581737160682678,0.18240755796432495,2.500840425491333,-0.6337487101554871,0.12828785181045532,2.628997802734375,-0.5985420942306519,0.5578318238258362,2.7334976196289062,-0.6576383709907532,0.9359368085861206,2.8280282020568848,-0.5555345416069031,1.048451542854309,2.8527770042419434,-0.6392393708229065,0.1335882544517517,2.4327187538146973,-0.6588252782821655,0.5637897253036499,2.538599967956543,-0.7649922370910645,0.9317651987075806,2.631951093673706,-0.6777005195617676,1.0555291175842285,2.659517526626587,-0.5187067985534668,-0.5387749671936035,2.5400137901306152,-0.5047730803489685,-0.5878196358680725,2.5438461303710938,-0.5337433218955994,-0.6311737895011902,2.5718493461608887,-0.6410901546478271,-0.6340047121047974,2.6121273040771484,-0.5242761373519897,-0.6332183480262756,2.511263608932495,-0.6142665147781372,-0.6397976279258728,2.440467119216919,-0.7113717198371887,1.024466872215271,2.8512887954711914,-0.8294784426689148,1.0131690502166748,2.653879165649414
-0.6391912698745728,0.13109317421913147,2.5341615676879883,-0.6359010934829712,-0.04971322417259216,2.529430389404297,-0.6324866414070129,-0.2305424064397812,2.5257833003997803,-0.6290721297264099,-0.4113770127296448,2.5221359729766846,-0.6294353604316711,-0.41336357593536377,2.571530342102051,-0.6305157542228699,-0.4162040054798126,2.7113494873046875,-0.6263425946235657,-0.17197903990745544,2.610137939453125,-0.43959444761276245,-0.008633121848106384,2.5546741485595703,-0.40224480628967285,0.024036061018705368,2.543581485748291,-0.32754555344581604,0.08937442302703857,2.5213959217071533,-0.36115631461143494,0.03333521634340286,2.476250648498535,-0.6286717057228088,-0.4113558828830719,2.4727020263671875,-0.6275913119316101,-0.40851545333862305,2.332882881164551,-0.6361448168754578,-0.148453950881958,2.3798069953918457,-0.5842871069908142,0.09644351899623871,2.424180269241333,-0.5739155411720276,0.1454230099916458,2.4330549240112305,-0.5531724691390991,0.24338200688362122,2.4508042335510254,-0.5637297034263611,0.18356233835220337,2.501973867416382,-0.6356444954872131,0.12859082221984863,2.632258415222168,-0.5982072353363037,0.5579962730407715,2.73740291595459,-0.6526310443878174,0.9366686940193176,2.8332040309906006,-0.5491257905960083,1.04815673828125,2.8572003841400146,-0.6427380442619324,0.1335955262184143,2.4360647201538086,-0.6629818677902222,0.5645675659179688,2.539501905441284,-0.7658860087394714,0.9339699745178223,2.631617307662964,-0.6774922609329224,1.0574140548706055,2.657440662384033,-0.5183350443840027,-0.537712574005127,2.5421409606933594,-0.5040819644927979,-0.5866484642028809,2.545851707458496,-0.5323720574378967,-0.630084753036499,2.574357032775879,-0.6390277147293091,-0.6334238648414612,2.6162397861480713,-0.5238153338432312,-0.632194459438324,2.5136685371398926,-0.614783763885498,-0.639401376247406,2.444288969039917,-0.7052740454673767,1.0257301330566406,2.8571388721466064,-0.829651951789856,1.015956163406372,2.653714656829834
-0.6409797072410583,0.13211464881896973,2.5353024005889893,-0.6372255682945251,-0.04862026870250702,2.5308942794799805,-0.633368968963623,-0.22937527298927307,2.5275180339813232,-0.6295122504234314,-0.4101356863975525,2.524141788482666,-0.6290386319160461,-0.41203099489212036,2.573519468307495,-0.6277568936347961,-0.41461610794067383,2.713386297225952,-0.6286607384681702,-0.16809146106243134,2.6177163124084473,-0.44029778242111206,-0.004948213696479797,2.5671589374542236,-0.4026252031326294,0.02768043428659439,2.5570473670959473,-0.3272800147533417,0.09293773025274277,2.5368244647979736,-0.3611198365688324,0.038287047296762466,2.4901530742645264,-0.6299439668655396,-0.41020506620407104,2.4747273921966553,-0.6312257051467896,-0.4076199531555176,2.3348605632781982,-0.6415730118751526,-0.14752307534217834,2.3814496994018555,-0.5899004936218262,0.09768132865428925,2.424543857574463,-0.5795660018920898,0.146722212433815,2.4331626892089844,-0.5588970184326172,0.24480396509170532,2.4504003524780273,-0.5684224367141724,0.18503564596176147,2.501850128173828,-0.6359173059463501,0.1298292875289917,2.633314371109009,-0.5978442430496216,0.5590850114822388,2.739488363265991,-0.6498209834098816,0.9376899003982544,2.837455987930298,-0.5456358194351196,1.0488818883895874,2.860193967819214,-0.6460421085357666,0.13440001010894775,2.4372904300689697,-0.6674400568008423,0.565850019454956,2.5391526222229004,-0.768651008605957,0.9358746409416199,2.6312339305877686,-0.6797488927841187,1.0594353675842285,2.6549911499023438,-0.5177431702613831,-0.5359364748001099,2.5415709018707275,-0.5031906962394714,-0.584797203540802,2.545084238052368,-0.5304950475692749,-0.6282243728637695,2.57454514503479,-0.6359243392944336,-0.6318140625953674,2.6193976402282715,-0.5236244797706604,-0.630556583404541,2.5136525630950928,-0.6164578199386597,-0.6384218335151672,2.446868896484375,-0.7018749713897705,1.0268275737762451,2.862532377243042,-0.8320220112800598,1.0180293321609497,2.654008626937866
-0.6441385746002197,0.1319829225540161,2.546079397201538,-0.6402274370193481,-0.04871229827404022,2.5422890186309814,-0.6362372636795044,-0.22942136228084564,2.539332866668701,-0.6322469711303711,-0.41013583540916443,2.536376714706421,-0.6306287050247192,-0.4118901491165161,2.585721492767334,-0.6261057257652283,-0.4140778183937073,2.725558042526245,-0.6324207186698914,-0.16406074166297913,2.639380931854248,-0.4443269968032837,-0.00030031800270080566,2.589390516281128,-0.4067082405090332,0.03245176747441292,2.579392433166504,-0.3314707279205322,0.09795594215393066,2.559396266937256,-0.3671518564224243,0.045364923775196075,2.511695623397827,-0.6338218450546265,-0.4103456735610962,2.486999750137329,-0.6383448243141174,-0.40815800428390503,2.347163200378418,-0.6498005390167236,-0.1479097604751587,2.3931474685668945,-0.5977841019630432,0.09765224158763885,2.43424916267395,-0.5873808264732361,0.1467646360397339,2.442469596862793,-0.5665742754936218,0.24498943984508514,2.4589102268218994,-0.5747895836830139,0.1853555589914322,2.5107812881469727,-0.6370019912719727,0.13008445501327515,2.6439456939697266,-0.5993320345878601,0.5596903562545776,2.7496988773345947,-0.6504438519477844,0.9382463097572327,2.8490309715270996,-0.5461075901985168,1.0498160123825073,2.869602680206299,-0.6512751579284668,0.13388139009475708,2.4482131004333496,-0.6735957860946655,0.5663869380950928,2.5462169647216797,-0.7733612060546875,0.9374051690101624,2.636639356613159,-0.684099555015564,1.061368703842163,2.6571927070617676,-0.5197018980979919,-0.5356931686401367,2.54988169670105,-0.5049457550048828,-0.5845142006874084,2.55295991897583,-0.5310434103012085,-0.6279076933860779,2.5835258960723877,-0.6346881985664368,-0.6315594911575317,2.6323161125183105,-0.5264661908149719,-0.6303761005401611,2.522432565689087,-0.621719479560852,-0.6385533809661865,2.4592185020446777,-0.70225989818573,1.0272417068481445,2.875284433364868,-0.8363702297210693,1.01975679397583,2.659929037094116
-0.6456068158149719,0.13258051872253418,2.5514485836029053,-0.6416546702384949,-0.04807661473751068,2.5478968620300293,-0.6376506686210632,-0.22874541580677032,2.5450711250305176,-0.633646547794342,-0.40941962599754333,2.542245388031006,-0.6306779980659485,-0.41110706329345703,2.5915181636810303,-0.6223277449607849,-0.4131064713001251,2.731184959411621,-0.6328739523887634,-0.15949615836143494,2.656440258026123,-0.4474164843559265,0.00745798647403717,2.606783866882324,-0.41032499074935913,0.04084881395101547,2.5968525409698486,-0.33614200353622437,0.10763046890497208,2.5769898891448975,-0.37337085604667664,0.056971918791532516,2.528351068496704,-0.6365715861320496,-0.40969592332839966,2.4929418563842773,-0.6449218392372131,-0.40769651532173157,2.3532750606536865,-0.6583245992660522,-0.14750948548316956,2.399527072906494,-0.6071506142616272,0.09854033589363098,2.439208507537842,-0.5969158411026001,0.14775030314922333,2.4471447467803955,-0.5764462351799011,0.24617022275924683,2.463017225265503,-0.5828656554222107,0.1864844411611557,2.5151174068450928,-0.6360213756561279,0.13087056577205658,2.649088144302368,-0.6002836227416992,0.5608160495758057,2.7547857761383057,-0.6532236337661743,0.9387261867523193,2.8561487197875977,-0.5496386885643005,1.0514652729034424,2.874418020248413,-0.6551922559738159,0.13429047167301178,2.4538090229034424,-0.6785814762115479,0.5675615072250366,2.5488429069519043,-0.7793853878974915,0.9385858774185181,2.638690710067749,-0.6907006502151489,1.0635100603103638,2.656088352203369,-0.520885705947876,-0.5352284908294678,2.5506231784820557,-0.5061124563217163,-0.5840846300125122,2.5529708862304688,-0.5309476256370544,-0.6274814009666443,2.5845658779144287,-0.6323800086975098,-0.6310137510299683,2.6378095149993896,-0.5290359854698181,-0.6298459768295288,2.523327589035034,-0.6269637942314148,-0.6377133131027222,2.4643008708953857,-0.7053986191749573,1.0271165370941162,2.8838465213775635,-0.8425482511520386,1.02061927318573,2.6628408432006836
-0.6464453339576721,0.13380739092826843,2.554497718811035,-0.6429232954978943,-0.0468439906835556,2.5514445304870605,-0.639375627040863,-0.2275053858757019,2.5490944385528564,-0.6358278393745422,-0.4081721901893616,2.5467443466186523,-0.6314247250556946,-0.40970760583877563,2.5959081649780273,-0.6189964413642883,-0.4112771153450012,2.7353243827819824,-0.6303116679191589,-0.15552562475204468,2.6678531169891357,-0.4490104913711548,0.015572801232337952,2.6163103580474854,-0.412750244140625,0.04979248717427254,2.606001853942871,-0.3402297794818878,0.118231862783432,2.5853848457336426,-0.37849128246307373,0.06835322827100754,2.5366733074188232,-0.640192449092865,-0.408600389957428,2.4975547790527344,-0.6526207327842712,-0.4070308804512024,2.3581385612487793,-0.6683239340782166,-0.1468546986579895,2.404517412185669,-0.6177098155021667,0.09972444176673889,2.442443370819092,-0.6075869798660278,0.14904026687145233,2.450028657913208,-0.58734130859375,0.2476719319820404,2.4651989936828613,-0.5919450521469116,0.18800124526023865,2.517571210861206,-0.6342851519584656,0.1323992908000946,2.651840925216675,-0.6012260317802429,0.5626271963119507,2.757416248321533,-0.6577413082122803,0.939457893371582,2.8609719276428223,-0.5555636882781982,1.053837776184082,2.876929998397827,-0.6586055159568787,0.13521549105644226,2.4571545124053955,-0.6828847527503967,0.5688868165016174,2.5502936840057373,-0.7866335511207581,0.9389818906784058,2.6407647132873535,-0.699290931224823,1.0652166604995728,2.655384063720703,-0.5233626365661621,-0.5345405340194702,2.5505528450012207,-0.5087254643440247,-0.583477258682251,2.5523834228515625,-0.5323793292045593,-0.626694917678833,2.5851454734802246,-0.6314584016799927,-0.6296184062957764,2.642758846282959,-0.5331332087516785,-0.6292126178741455,2.5238678455352783,-0.6335945129394531,-0.6367520093917847,2.4691390991210938,-0.7106389403343201,1.0269415378570557,2.8901710510253906,-0.8503307104110718,1.0202686786651611,2.666048526763916
-0.6467980146408081,0.1348097324371338,2.562457799911499,-0.6440513730049133,-0.045857638120651245,2.5597822666168213,-0.6413052082061768,-0.22653256356716156,2.5576767921447754,-0.6385589241981506,-0.40721291303634644,2.5555713176727295,-0.6327033042907715,-0.4086773097515106,2.6045846939086914,-0.6161233186721802,-0.4100469946861267,2.74375057220459,-0.6258295774459839,-0.15034490823745728,2.6921498775482178,-0.45047318935394287,0.028241947293281555,2.644583225250244,-0.4154019057750702,0.06395931541919708,2.6350698471069336,-0.3452593684196472,0.13539406657218933,2.6160430908203125,-0.38430118560791016,0.08764325827360153,2.5657401084899902,-0.6443847417831421,-0.40771228075027466,2.506535053253174,-0.6609647274017334,-0.40634259581565857,2.3673691749572754,-0.6795685887336731,-0.14646512269973755,2.415531635284424,-0.6298849582672119,0.10056063532829285,2.453155279159546,-0.6199482083320618,0.1499657928943634,2.4606800079345703,-0.6000747680664062,0.24877609312534332,2.475729465484619,-0.6027721166610718,0.18880881369113922,2.5279927253723145,-0.6320883631706238,0.13359716534614563,2.6594414710998535,-0.6019883155822754,0.5649628639221191,2.7613892555236816,-0.6623027324676514,0.9414681196212769,2.8641374111175537,-0.5617021322250366,1.0576550960540771,2.876891613006592,-0.6615076661109924,0.13602229952812195,2.4654741287231445,-0.6850534677505493,0.5707571506500244,2.5539438724517822,-0.7925657033920288,0.9401975274085999,2.6428604125976562,-0.7068830728530884,1.067907452583313,2.65431547164917,-0.5266960859298706,-0.5343257188796997,2.5543549060821533,-0.5122663974761963,-0.5833813548088074,2.555548667907715,-0.5346810221672058,-0.6264814138412476,2.5893945693969727,-0.6311353445053101,-0.6288111805915833,2.651477575302124,-0.5382239818572998,-0.6290134191513062,2.5281717777252197,-0.6411738395690918,-0.6359851956367493,2.478013277053833,-0.7159410715103149,1.0282409191131592,2.8941354751586914,-0.8569639921188354,1.0207743644714355,2.6686809062957764
-0.6454650163650513,0.1362617313861847,2.566896915435791,-0.6438067555427551,-0.044422447681427,2.5647315979003906,-0.6422023177146912,-0.22511237859725952,2.5630619525909424,-0.6405978798866272,-0.4058077335357666,2.561392068862915,-0.6333461403846741,-0.407176673412323,2.610220432281494,-0.6127649545669556,-0.4082762897014618,2.748993158340454,-0.6181405186653137,-0.14703193306922913,2.7028861045837402,-0.4466712474822998,0.03497724235057831,2.652261734008789,-0.41237738728523254,0.07137908041477203,2.642136812210083,-0.343789666891098,0.14418275654315948,2.621886968612671,-0.38441431522369385,0.09706937521696091,2.5720579624176025,-0.6478320956230164,-0.40640270709991455,2.5125458240509033,-0.6684132814407349,-0.40530309081077576,2.3737730979919434,-0.6904784440994263,-0.14576059579849243,2.424312114715576,-0.6427528262138367,0.1020103245973587,2.4620440006256104,-0.6332076787948608,0.15156450867652893,2.469590425491333,-0.614117443561554,0.2506728768348694,2.4846832752227783,-0.6145562529563904,0.19029226899147034,2.5367114543914795,-0.6283557415008545,0.13526131212711334,2.6634838581085205,-0.6020768880844116,0.5676292777061462,2.7625513076782227,-0.6670740842819214,0.9434749484062195,2.8651323318481445,-0.5683923959732056,1.0616050958633423,2.8750483989715576,-0.662574291229248,0.13726215064525604,2.4703099727630615,-0.6862029433250427,0.5726743936538696,2.5557782649993896,-0.7991194725036621,0.9405271410942078,2.6448943614959717,-0.7157329320907593,1.069977879524231,2.653857707977295,-0.5297815203666687,-0.5339739918708801,2.556058645248413,-0.5156900882720947,-0.583193838596344,2.556879758834839,-0.5370190143585205,-0.626003623008728,2.5918891429901123,-0.630879282951355,-0.6272679567337036,2.6580758094787598,-0.543175220489502,-0.6287850141525269,2.5308170318603516,-0.6483218669891357,-0.6351485848426819,2.4850380420684814,-0.7216337323188782,1.0293800830841064,2.8960206508636475,-0.8645538091659546,1.0199944972991943,2.671612024307251
-0.6442708969116211,0.1390080749988556,2.5668859481811523,-0.644648015499115,-0.04169000685214996,2.5656094551086426,-0.6451175212860107,-0.22239047288894653,2.5647778511047363,-0.6455870270729065,-0.40309634804725647,2.56394624710083,-0.6362008452415466,-0.40432584285736084,2.612412691116333,-0.6095046997070312,-0.40502944588661194,2.7502360343933105,-0.6082702875137329,-0.14301973581314087,2.7035489082336426,-0.440878689289093,0.04149399697780609,2.64505672454834,-0.40740036964416504,0.0783967450261116,2.6333582401275635,-0.3404437303543091,0.15220224857330322,2.6099612712860107,-0.38311880826950073,0.10468889772891998,2.5618696212768555,-0.654978334903717,-0.40383094549179077,2.5154709815979004,-0.6816744804382324,-0.4031273424625397,2.377647638320923,-0.7115768790245056,-0.1443764865398407,2.43227481842041,-0.6679171919822693,0.10493895411491394,2.469987392425537,-0.6591852307319641,0.15480203926563263,2.477530002593994,-0.6417213678359985,0.2545282244682312,2.492614984512329,-0.6382701396942139,0.19358175992965698,2.5442395210266113,-0.6233643889427185,0.1382874846458435,2.6627237796783447,-0.6066269874572754,0.5711590051651001,2.7616522312164307,-0.679305374622345,0.9446992874145508,2.867441177368164,-0.5840240716934204,1.0658223628997803,2.8738880157470703,-0.6651774048805237,0.13972866535186768,2.47104811668396,-0.6912829279899597,0.5753060579299927,2.5549261569976807,-0.8133676648139954,0.9393762350082397,2.647413730621338,-0.7341046333312988,1.0715590715408325,2.6534078121185303,-0.5354301929473877,-0.5330262780189514,2.5542073249816895,-0.521570086479187,-0.5826596021652222,2.55495285987854,-0.5413310527801514,-0.6250825524330139,2.5919530391693115,-0.631928563117981,-0.6246864199638367,2.663761854171753,-0.5509814023971558,-0.6286934614181519,2.5309722423553467,-0.659271240234375,-0.6349171996116638,2.4909827709198,-0.7352919578552246,1.0288383960723877,2.90055513381958,-0.8804835677146912,1.0166720151901245,2.6762447357177734
-0.64156574010849,0.14019444584846497,2.5634005069732666,-0.6437174677848816,-0.04048895835876465,2.5623555183410645,-0.6459816694259644,-0.2211727797985077,2.561694622039795,-0.6482459306716919,-0.4018620252609253,2.5610337257385254,-0.6373868584632874,-0.4031563401222229,2.6091885566711426,-0.6064655184745789,-0.40404489636421204,2.7461659908294678,-0.6019240021705627,-0.14302387833595276,2.6925926208496094,-0.4356071949005127,0.03924943506717682,2.623457670211792,-0.40234383940696716,0.07570409774780273,2.609630584716797,-0.3358170986175537,0.14861342310905457,2.5819766521453857,-0.3805956244468689,0.10020489245653152,2.536585569381714,-0.6591295599937439,-0.40253156423568726,2.512871503829956,-0.6900508999824524,-0.4016430079936981,2.375894069671631,-0.7228620648384094,-0.1433626115322113,2.4327917098999023,-0.6805233955383301,0.1066412627696991,2.4698047637939453,-0.6720556616783142,0.15664203464984894,2.4772074222564697,-0.6551201939582825,0.2566435933113098,2.4920127391815186,-0.6492640972137451,0.195516899228096,2.543375015258789,-0.6180333495140076,0.13936345279216766,2.658625841140747,-0.6054010391235352,0.5724519491195679,2.757002592086792,-0.6800490617752075,0.945127010345459,2.8643054962158203,-0.5861896872520447,1.0674434900283813,2.8681764602661133,-0.6650981307029724,0.14102543890476227,2.468175172805786,-0.690854549407959,0.5764895081520081,2.5525009632110596,-0.8146605491638184,0.9390205144882202,2.6485023498535156,-0.7367814779281616,1.0720748901367188,2.652656316757202,-0.5386326909065247,-0.5326441526412964,2.5479280948638916,-0.5248969197273254,-0.5824803709983826,2.548367738723755,-0.5435934662818909,-0.6248371601104736,2.58628249168396,-0.6319476962089539,-0.6238585710525513,2.661379814147949,-0.5553761720657349,-0.6286210417747498,2.525493621826172,-0.6653320789337158,-0.6345796585083008,2.489145040512085,-0.7362182140350342,1.028579831123352,2.898782730102539,-0.8818889260292053,1.0155127048492432,2.6791181564331055
-0.6377224922180176,0.141595721244812,2.5584208965301514,-0.641319751739502,-0.039054855704307556,2.557117462158203,-0.6450629830360413,-0.21970422565937042,2.5560855865478516,-0.6488063335418701,-0.40035900473594666,2.5550537109375,-0.6366442441940308,-0.40186643600463867,2.6028876304626465,-0.6019800305366516,-0.4033622741699219,2.739011764526367,-0.5965402722358704,-0.14342465996742249,2.6796693801879883,-0.4315260648727417,0.036457210779190063,2.601145029067993,-0.398523211479187,0.07243359088897705,2.585440158843994,-0.3325175344944,0.14438635110855103,2.554030418395996,-0.3791271448135376,0.09532246738672256,2.5111608505249023,-0.6610090732574463,-0.40081506967544556,2.5072083473205566,-0.6956732869148254,-0.39931923151016235,2.371084213256836,-0.730346143245697,-0.14162036776542664,2.4303104877471924,-0.688664436340332,0.10872390866279602,2.466965675354004,-0.6803280711174011,0.15879276394844055,2.474296808242798,-0.6636554002761841,0.2589304745197296,2.4889588356018066,-0.6558356285095215,0.19763366878032684,2.5399398803710938,-0.6118494868278503,0.14039790630340576,2.6530323028564453,-0.602321207523346,0.5737302303314209,2.750232696533203,-0.6775850057601929,0.9460406303405762,2.8580477237701416,-0.5847055315971375,1.0691133737564087,2.85939359664917,-0.6635954976081848,0.14279353618621826,2.4638094902038574,-0.6893202066421509,0.5779619216918945,2.5491459369659424,-0.813127338886261,0.9394834041595459,2.6485326290130615,-0.7360351085662842,1.0729961395263672,2.651076078414917,-0.5395181775093079,-0.531470775604248,2.5375912189483643,-0.5257872343063354,-0.5814449787139893,2.5372865200042725,-0.543337345123291,-0.6241250038146973,2.5756232738494873,-0.6294444799423218,-0.6235357522964478,2.6537282466888428,-0.5571091771125793,-0.6275396943092346,2.515070915222168,-0.6684646606445312,-0.6332106590270996,2.4821629524230957,-0.7336327433586121,1.029119849205017,2.8935375213623047,-0.8800938129425049,1.0154863595962524,2.680813789367676
-0.634253203868866,0.14295193552970886,2.5558066368103027,-0.6389783024787903,-0.03766290843486786,2.554046869277954,-0.6438969969749451,-0.21827413141727448,2.5524539947509766,-0.6488158106803894,-0.39889076352119446,2.550861120223999,-0.6353611946105957,-0.4006582498550415,2.598336935043335,-0.5969899892807007,-0.4028952419757843,2.733489513397217,-0.5913171172142029,-0.1441565454006195,2.6689774990081787,-0.42822110652923584,0.03310137987136841,2.580932140350342,-0.39560189843177795,0.06855297088623047,2.5633230209350586,-0.33036351203918457,0.1394561529159546,2.5281050205230713,-0.3788944482803345,0.08994866162538528,2.487940788269043,-0.6623239517211914,-0.3990863561630249,2.5033676624298096,-0.7006951570510864,-0.3968493640422821,2.3682150840759277,-0.7356252670288086,-0.13943511247634888,2.428692102432251,-0.6930445432662964,0.11101052165031433,2.4638562202453613,-0.6845284104347229,0.1610996425151825,2.470889091491699,-0.6674961447715759,0.2612779140472412,2.484954833984375,-0.6581302285194397,0.2000289261341095,2.5357508659362793,-0.605980634689331,0.14129722118377686,2.6497206687927246,-0.5993316769599915,0.5745477676391602,2.7471673488616943,-0.6747444272041321,0.9462364912033081,2.8567538261413574,-0.5828332901000977,1.070003628730774,2.8557558059692383,-0.6625257730484009,0.14460664987564087,2.461892604827881,-0.6891424059867859,0.5796933770179749,2.546964168548584,-0.8111684322357178,0.9412232041358948,2.6482291221618652,-0.734350860118866,1.0748869180679321,2.64835262298584,-0.5397721529006958,-0.5299621820449829,2.5284836292266846,-0.5259736180305481,-0.5800232887268066,2.527231216430664,-0.5422501564025879,-0.6232011318206787,2.565782308578491,-0.6259433031082153,-0.6235056519508362,2.6468441486358643,-0.5580272078514099,-0.626042902469635,2.505547285079956,-0.6706448197364807,-0.6315573453903198,2.4761784076690674,-0.7305190563201904,1.0288770198822021,2.893615245819092,-0.877449631690979,1.0171785354614258,2.681942939758301
-0.6305646896362305,0.14377844333648682,2.5557661056518555,-0.6362413763999939,-0.036803022027015686,2.5537540912628174,-0.642149031162262,-0.2173779010772705,2.551816701889038,-0.6480568647384644,-0.3979581892490387,2.549879312515259,-0.6332780718803406,-0.3999292254447937,2.5969507694244385,-0.5911145210266113,-0.40274667739868164,2.7309834957122803,-0.5856963992118835,-0.14519748091697693,2.6618030071258545,-0.42514005303382874,0.02946774661540985,2.56437087059021,-0.39302879571914673,0.06440079212188721,2.544884443283081,-0.3288062512874603,0.13426688313484192,2.5059115886688232,-0.37922370433807373,0.08444783091545105,2.46854567527771,-0.662899911403656,-0.39794981479644775,2.502786636352539,-0.7050634622573853,-0.3951323628425598,2.3687539100646973,-0.7397679090499878,-0.13749808073043823,2.428478717803955,-0.695103645324707,0.11306953430175781,2.4601054191589355,-0.6861708164215088,0.1631830632686615,2.4664306640625,-0.6683050990104675,0.26341012120246887,2.479081392288208,-0.65785813331604,0.2025926560163498,2.5301907062530518,-0.5998561978340149,0.14177533984184265,2.6489033699035645,-0.5961087346076965,0.5749461054801941,2.746617078781128,-0.6713790893554688,0.9461196660995483,2.8578648567199707,-0.5804423093795776,1.0705379247665405,2.854421615600586,-0.661273181438446,0.14578154683113098,2.4626288414001465,-0.6884797811508179,0.5810225009918213,2.546438217163086,-0.8072342276573181,0.9433953762054443,2.648393154144287,-0.7302611470222473,1.0769177675247192,2.6455373764038086,-0.5396334528923035,-0.5290581583976746,2.5225915908813477,-0.5258605480194092,-0.5792012810707092,2.5204272270202637,-0.5408411622047424,-0.6228037476539612,2.5592095851898193,-0.6218744516372681,-0.6238395571708679,2.6432433128356934,-0.5587025284767151,-0.6251285076141357,2.4994089603424072,-0.6724816560745239,-0.6304264068603516,2.473808526992798,-0.7267814874649048,1.0283714532852173,2.8960952758789062,-0.8724766969680786,1.0196788311004639,2.6833300590515137
-0.6278828382492065,0.14503782987594604,2.5552918910980225,-0.6338412761688232,-0.035516053438186646,2.5526206493377686,-0.6400414705276489,-0.2160612791776657,2.5499136447906494,-0.6462418437004089,-0.39661189913749695,2.5472066402435303,-0.6302080750465393,-0.398844450712204,2.59385085105896,-0.5844576954841614,-0.40240758657455444,2.7267074584960938,-0.5876809358596802,-0.1431044638156891,2.663846015930176,-0.44318538904190063,0.04695223271846771,2.5698888301849365,-0.4142862856388092,0.08496357500553131,2.5510973930358887,-0.35648804903030396,0.16098624467849731,2.513514518737793,-0.403971791267395,0.10892578214406967,2.475306272506714,-0.6623430252075195,-0.3963417112827301,2.500532865524292,-0.7080934047698975,-0.39277857542037964,2.367676258087158,-0.7418124079704285,-0.13482260704040527,2.4270212650299072,-0.6922862529754639,0.1153671145439148,2.454962968826294,-0.6823810338973999,0.1654050648212433,2.4605512619018555,-0.6625705361366272,0.2654809355735779,2.4717278480529785,-0.6519123911857605,0.2049960196018219,2.523233652114868,-0.594811201095581,0.14258068799972534,2.647603750228882,-0.5925400853157043,0.5755435824394226,2.7461109161376953,-0.6661217212677002,0.9464586973190308,2.8592169284820557,-0.5757030248641968,1.0711525678634644,2.8534581661224365,-0.660954475402832,0.14749497175216675,2.462980031967163,-0.6882662773132324,0.5828857421875,2.5457730293273926,-0.8018170595169067,0.9468220472335815,2.647958755493164,-0.7240769863128662,1.0797792673110962,2.6419484615325928,-0.53849196434021,-0.5273987650871277,2.5145442485809326,-0.5247275829315186,-0.5775694847106934,2.511260747909546,-0.538378894329071,-0.6217641830444336,2.5500128269195557,-0.6166748404502869,-0.6240119338035583,2.6368303298950195,-0.5582629442214966,-0.6233392953872681,2.4907243251800537,-0.6730129718780518,-0.6284747123718262,2.468846321105957,-0.7207884788513184,1.0285325050354004,2.898838520050049,-0.865580677986145,1.0238150358200073,2.6840240955352783
-0.6262721419334412,0.14607879519462585,2.55461049079895,-0.632209062576294,-0.034428149461746216,2.5513558387756348,-0.6384143829345703,-0.2149237096309662,2.5479724407196045,-0.644619882106781,-0.39542466402053833,2.544588804244995,-0.6273311972618103,-0.39786696434020996,2.5907609462738037,-0.577991247177124,-0.40202954411506653,2.7223269939422607,-0.5889401435852051,-0.14058905839920044,2.66951584815979,-0.4643309712409973,0.06625203788280487,2.582491636276245,-0.43940913677215576,0.1076202541589737,2.565086841583252,-0.38956546783447266,0.19035670161247253,2.5302770137786865,-0.4338875114917755,0.13663211464881897,2.4905340671539307,-0.6619760394096375,-0.3949441909790039,2.498379945755005,-0.7113159894943237,-0.39078161120414734,2.366813898086548,-0.7429322600364685,-0.13244900107383728,2.426182985305786,-0.6859574317932129,0.11669296026229858,2.449974536895752,-0.6745624542236328,0.166521355509758,2.454732894897461,-0.6517724990844727,0.2661781311035156,2.464249610900879,-0.6414685845375061,0.20597180724143982,2.5162041187286377,-0.5907173156738281,0.14326192438602448,2.6459827423095703,-0.5889933109283447,0.5759287476539612,2.745713949203491,-0.660017192363739,0.9466444253921509,2.861032009124756,-0.5699716806411743,1.0714694261550903,2.8529152870178223,-0.6618269681930542,0.14889566600322723,2.46323823928833,-0.6884846091270447,0.5844936370849609,2.545053005218506,-0.7953899502754211,0.9504420757293701,2.6471593379974365,-0.7165586948394775,1.0825424194335938,2.6376471519470215,-0.5375417470932007,-0.5256252288818359,2.5066239833831787,-0.5237507224082947,-0.5757730603218079,2.50222110748291,-0.5360243320465088,-0.6205701231956482,2.5408637523651123,-0.6115097403526306,-0.6241902709007263,2.63028883934021,-0.557874858379364,-0.6214258670806885,2.4821701049804688,-0.6734195351600647,-0.6266148090362549,2.4639904499053955,-0.7137069702148438,1.028607964515686,2.902176856994629,-0.857302188873291,1.0283914804458618,2.6843655109405518
-0.6257437467575073,0.14666399359703064,2.5543837547302246,-0.6314989328384399,-0.03376251459121704,2.5508580207824707,-0.6375524401664734,-0.21417492628097534,2.5471177101135254,-0.6436061263084412,-0.3945927619934082,2.543377161026001,-0.6251118779182434,-0.3971422016620636,2.589050054550171,-0.5723145604133606,-0.40161338448524475,2.7192628383636475,-0.5879756808280945,-0.13791325688362122,2.680473566055298,-0.4814572334289551,0.08378371596336365,2.606895685195923,-0.4601535499095917,0.12812310457229614,2.592180013656616,-0.4175461530685425,0.21680189669132233,2.562748908996582,-0.45855778455734253,0.16282275319099426,2.519887924194336,-0.6621662378311157,-0.394004225730896,2.497663736343384,-0.7149635553359985,-0.38953304290771484,2.3674509525299072,-0.7429893016815186,-0.1307746171951294,2.427001714706421,-0.6755905151367188,0.11621038615703583,2.446113348007202,-0.6621107459068298,0.16560739278793335,2.4499356746673584,-0.635151207447052,0.2644014060497284,2.457580327987671,-0.6260480284690857,0.20448124408721924,2.510110855102539,-0.5876919031143188,0.14368462562561035,2.6447391510009766,-0.5858230590820312,0.5760986804962158,2.745558977127075,-0.6535701155662537,0.946814775466919,2.8628313541412354,-0.5637638568878174,1.0716264247894287,2.8522374629974365,-0.6637955904006958,0.14964336156845093,2.4640283584594727,-0.6892998218536377,0.5854206085205078,2.545254707336426,-0.7890251278877258,0.9534108638763428,2.6472883224487305,-0.7090609073638916,1.0845249891281128,2.6342432498931885,-0.5374152660369873,-0.5242254137992859,2.5004818439483643,-0.5236426591873169,-0.5743378400802612,2.4950883388519287,-0.5345414876937866,-0.6196209192276001,2.533674478530884,-0.6071078777313232,-0.6243970394134521,2.6255860328674316,-0.5583351254463196,-0.6199167966842651,2.475665807723999,-0.6745232343673706,-0.6252354383468628,2.4612278938293457,-0.7060878872871399,1.028782844543457,2.9054534435272217,-0.8489216566085815,1.032369613647461,2.685647964477539
-0.6256023645401001,0.14727380871772766,2.554356336593628,-0.6310179829597473,-0.03302013874053955,2.55073618888855,-0.636758029460907,-0.21329845488071442,2.5468461513519287,-0.642498254776001,-0.39358216524124146,2.5429558753967285,-0.6228554248809814,-0.3961629867553711,2.5881028175354004,-0.5667456388473511,-0.4007292091846466,2.7169206142425537,-0.5839492678642273,-0.13523462414741516,2.6939830780029297,-0.49339035153388977,0.09799721837043762,2.636262893676758,-0.4752785563468933,0.14464358985424042,2.6247189044952393,-0.4390549957752228,0.23793631792068481,2.601630926132202,-0.47770145535469055,0.18496933579444885,2.55541729927063,-0.6622034907341003,-0.392960786819458,2.4977667331695557,-0.7183132767677307,-0.3883945643901825,2.3689489364624023,-0.7414994835853577,-0.1293734908103943,2.4296116828918457,-0.6609489321708679,0.11398816108703613,2.4443204402923584,-0.644838809967041,0.16266049444675446,2.4472622871398926,-0.6126185655593872,0.2600051462650299,2.453145742416382,-0.6055760383605957,0.200283020734787,2.5062344074249268,-0.5851155519485474,0.14426487684249878,2.643641710281372,-0.5828507542610168,0.57642662525177,2.745652437210083,-0.6471608877182007,0.9471737146377563,2.86483097076416,-0.5576101541519165,1.0719501972198486,2.851797342300415,-0.6660891771316528,0.15028274059295654,2.465070962905884,-0.6900734305381775,0.5862939357757568,2.54565691947937,-0.7824073433876038,0.956366777420044,2.6472108364105225,-0.7013267278671265,1.0863991975784302,2.630600690841675,-0.5375791192054749,-0.5228739976882935,2.4955496788024902,-0.5239512920379639,-0.5729706287384033,2.489283561706543,-0.5336059927940369,-0.6186305284500122,2.5278372764587402,-0.6032702326774597,-0.6242544054985046,2.622044086456299,-0.5592535138130188,-0.6184438467025757,2.4705655574798584,-0.6759381294250488,-0.6237255930900574,2.4597740173339844,-0.6984478235244751,1.0291638374328613,2.9089016914367676,-0.8402121663093567,1.0363802909851074,2.686598777770996
-0.6261829733848572,0.14660993218421936,2.554792881011963,-0.6311659812927246,-0.03353467583656311,2.5511200428009033,-0.6364936828613281,-0.213662788271904,2.5471348762512207,-0.6418215036392212,-0.39379632472991943,2.543149471282959,-0.6211466193199158,-0.3963755965232849,2.587784767150879,-0.5620437264442444,-0.40094414353370667,2.715266227722168,-0.578850507736206,-0.13443559408187866,2.7076456546783447,-0.501237154006958,0.10687857866287231,2.666091203689575,-0.48571449518203735,0.1551414132118225,2.657780408859253,-0.45466914772987366,0.2516670823097229,2.6411585807800293,-0.49172675609588623,0.20039668679237366,2.5917820930480957,-0.6625543236732483,-0.39317482709884644,2.4984710216522217,-0.7216572165489197,-0.3886062800884247,2.3709895610809326,-0.7390873432159424,-0.12965041399002075,2.4342777729034424,-0.6432904005050659,0.10840943455696106,2.445835828781128,-0.6241310238838196,0.15602140128612518,2.4481475353240967,-0.5858122706413269,0.2512453496456146,2.452770709991455,-0.5817060470581055,0.19156202673912048,2.506258964538574,-0.5834532380104065,0.14362922310829163,2.6430163383483887,-0.5805418491363525,0.5757288336753845,2.7459945678710938,-0.6413074731826782,0.946747899055481,2.8666675090789795,-0.551935613155365,1.0714529752731323,2.851255416870117,-0.6689127087593079,0.1495906412601471,2.466569423675537,-0.6923172473907471,0.585964560508728,2.5462756156921387,-0.7775546908378601,0.9582686424255371,2.646444797515869,-0.695477306842804,1.0872153043746948,2.6261401176452637,-0.5381556153297424,-0.5227733850479126,2.491973876953125,-0.5246800184249878,-0.5728436708450317,2.4849984645843506,-0.5332467555999756,-0.6187842488288879,2.523521661758423,-0.6003001928329468,-0.6250724196434021,2.6196320056915283,-0.5604867339134216,-0.6182354092597961,2.466958522796631,-0.6774799823760986,-0.6235173344612122,2.4593701362609863,-0.6913533210754395,1.0288525819778442,2.912029266357422,-0.8333262801170349,1.039387822151184,2.686602830886841
-0.6269292831420898,0.1452774703502655,2.5561935901641846,-0.6316059231758118,-0.03471638262271881,2.5526628494262695,-0.6366286277770996,-0.21469496190547943,2.5488393306732178,-0.6416515111923218,-0.39467892050743103,2.545015811920166,-0.6200708746910095,-0.3971986174583435,2.589174270629883,-0.558326005935669,-0.40160369873046875,2.7154176235198975,-0.5732722282409668,-0.13485080003738403,2.71819806098938,-0.504338264465332,0.1107787936925888,2.6879217624664307,-0.4905514717102051,0.15990471839904785,2.681866407394409,-0.46297788619995117,0.25815653800964355,2.6697559356689453,-0.49951791763305664,0.20835305750370026,2.618508815765381,-0.6632866859436035,-0.3941154479980469,2.5008153915405273,-0.7250315546989441,-0.38971036672592163,2.3745720386505127,-0.7361981868743896,-0.13119280338287354,2.4411468505859375,-0.6234496831893921,0.09948545694351196,2.4499642848968506,-0.6008999943733215,0.14562110602855682,2.451727867126465,-0.5558005571365356,0.23789241909980774,2.4552547931671143,-0.5554069876670837,0.1784154772758484,2.5091450214385986,-0.5822780728340149,0.14240583777427673,2.6434454917907715,-0.5788376331329346,0.5746161937713623,2.747328996658325,-0.6364938020706177,0.9460333585739136,2.869234323501587,-0.5472972989082336,1.0707241296768188,2.851715564727783,-0.6715804934501648,0.14814910292625427,2.4689416885375977,-0.6946406364440918,0.5849733352661133,2.5480761528015137,-0.7734662294387817,0.9593997001647949,2.6467032432556152,-0.6904902458190918,1.087337851524353,2.623090982437134,-0.5391598343849182,-0.5236135125160217,2.4913125038146973,-0.525844931602478,-0.573684573173523,2.483964681625366,-0.533534586429596,-0.6196850538253784,2.52262020111084,-0.598395049571991,-0.626101553440094,2.620244264602661,-0.5620613098144531,-0.6190620064735413,2.466681718826294,-0.6792207956314087,-0.6243362426757812,2.461751699447632,-0.685444712638855,1.028275489807129,2.9157090187072754,-0.8274000883102417,1.0415624380111694,2.6874496936798096
-0.6276726126670837,0.14284995198249817,2.558560371398926,-0.6321135759353638,-0.03704214096069336,2.5553653240203857,-0.6369009613990784,-0.21692028641700745,2.5518972873687744,-0.6416884660720825,-0.3968038260936737,2.548429250717163,-0.6195245385169983,-0.39921751618385315,2.5922691822052,-0.556078314781189,-0.40332379937171936,2.7176713943481445,-0.569354772567749,-0.13689768314361572,2.728477716445923,-0.5050530433654785,0.11072508990764618,2.707338809967041,-0.49219268560409546,0.16024965047836304,2.703110933303833,-0.46647199988365173,0.25929877161979675,2.694655418395996,-0.5025467872619629,0.210931658744812,2.6418261528015137,-0.6639044284820557,-0.39634522795677185,2.504551649093628,-0.7273505926132202,-0.39223894476890564,2.3791494369506836,-0.7308139204978943,-0.13519972562789917,2.4512240886688232,-0.5987243056297302,0.08472640812397003,2.4603583812713623,-0.5723063945770264,0.12871164083480835,2.4621851444244385,-0.5194705724716187,0.2166820913553238,2.46583890914917,-0.5242534279823303,0.15739262104034424,2.5196309089660645,-0.5817301273345947,0.14017830789089203,2.6451234817504883,-0.5786296725273132,0.5729876160621643,2.7486166954040527,-0.6347071528434753,0.9451632499694824,2.870354652404785,-0.5457417368888855,1.069974660873413,2.851109027862549,-0.6736150979995728,0.1455215960741043,2.4719972610473633,-0.6975395679473877,0.5828590393066406,2.5507874488830566,-0.771311342716217,0.9592801332473755,2.647453784942627,-0.6875486969947815,1.0863800048828125,2.6211373805999756,-0.5399881601333618,-0.5259706974029541,2.4937350749969482,-0.5267975926399231,-0.576076090335846,2.486361503601074,-0.53398597240448,-0.6219574809074402,2.525263547897339,-0.597526490688324,-0.628038763999939,2.623786211013794,-0.5632708072662354,-0.621491551399231,2.469709873199463,-0.6805002093315125,-0.6267185807228088,2.466384172439575,-0.6830548048019409,1.0276180505752563,2.917349100112915,-0.8238228559494019,1.0423872470855713,2.688447952270508
-0.6275773644447327,0.14088985323905945,2.5601658821105957,-0.6320443153381348,-0.03893333673477173,2.5574560165405273,-0.6368353962898254,-0.2187453955411911,2.5545661449432373,-0.6416265964508057,-0.39856284856796265,2.5516762733459473,-0.6192042231559753,-0.4008406400680542,2.5953683853149414,-0.555016040802002,-0.404559463262558,2.7203450202941895,-0.5669158697128296,-0.1387527883052826,2.731471300125122,-0.502047061920166,0.10806591808795929,2.7104763984680176,-0.4890733063220978,0.15742966532707214,2.706277370452881,-0.4631257653236389,0.25615715980529785,2.6978793144226074,-0.4995352029800415,0.20812161266803741,2.6452829837799072,-0.6641010642051697,-0.39823949337005615,2.5079526901245117,-0.7282892465591431,-0.39452067017555237,2.3829760551452637,-0.7215971350669861,-0.13986453413963318,2.4605908393859863,-0.568545401096344,0.06519654393196106,2.4702532291412354,-0.5379350781440735,0.10620875656604767,2.4721856117248535,-0.4767143726348877,0.18823319673538208,2.476050615310669,-0.4874708354473114,0.12978819012641907,2.5296037197113037,-0.580917477607727,0.1384323090314865,2.6463277339935303,-0.5789700746536255,0.5720320343971252,2.748964786529541,-0.6356772780418396,0.9447629451751709,2.870342254638672,-0.5472373962402344,1.0700316429138184,2.850098133087158,-0.6742372512817383,0.14334739744663239,2.474004030227661,-0.6994063854217529,0.5810552835464478,2.5535354614257812,-0.7701024413108826,0.9588038921356201,2.649371862411499,-0.6858116388320923,1.0854666233062744,2.621527671813965,-0.5404605269432068,-0.5283902883529663,2.4974474906921387,-0.5274169445037842,-0.5785890817642212,2.490379810333252,-0.534528911113739,-0.6241756677627563,2.5296595096588135,-0.5976318717002869,-0.6293859481811523,2.6285407543182373,-0.5640794038772583,-0.6240499019622803,2.4742305278778076,-0.681358277797699,-0.6290295720100403,2.471492052078247,-0.6840596199035645,1.0272504091262817,2.9175496101379395,-0.8217647075653076,1.0424991846084595,2.690598726272583
-0.6268006563186646,0.1394040286540985,2.560734987258911,-0.6316043138504028,-0.04036685824394226,2.5586397647857666,-0.6367173194885254,-0.22012867033481598,2.5564963817596436,-0.6418304443359375,-0.3998958468437195,2.5543529987335205,-0.6193360090255737,-0.4020339548587799,2.597999095916748,-0.5550042390823364,-0.4053506553173065,2.7227015495300293,-0.562867283821106,-0.14030301570892334,2.7206873893737793,-0.4879976511001587,0.10055305063724518,2.683349847793579,-0.4730237126350403,0.1487242579460144,2.675882339477539,-0.44307586550712585,0.24506668746471405,2.660947322845459,-0.4823577404022217,0.19574767351150513,2.6122682094573975,-0.6643804907798767,-0.39971160888671875,2.510683536529541,-0.728712260723114,-0.39639490842819214,2.3859810829162598,-0.7075061202049255,-0.14460891485214233,2.466418981552124,-0.5321109294891357,0.04035778343677521,2.472339391708374,-0.49703189730644226,0.07735112309455872,2.4735233783721924,-0.4268738031387329,0.15133780241012573,2.475891590118408,-0.44360649585723877,0.09518244862556458,2.5298516750335693,-0.5797924995422363,0.13714611530303955,2.6466877460479736,-0.5798988938331604,0.5713036060333252,2.749526023864746,-0.6392549276351929,0.9438927173614502,2.871767282485962,-0.5517351031303406,1.0700418949127197,2.851440191268921,-0.6738088130950928,0.14166194200515747,2.4747822284698486,-0.7019087672233582,0.5793396234512329,2.5567400455474854,-0.7719542384147644,0.9575527906417847,2.6533687114715576,-0.6876953840255737,1.0843708515167236,2.6250112056732178,-0.541128396987915,-0.5307244062423706,2.5015716552734375,-0.528290331363678,-0.5810579657554626,2.495025157928467,-0.5356615781784058,-0.6262271404266357,2.5347559452056885,-0.5989487767219543,-0.630174458026886,2.6336066722869873,-0.5651336312294006,-0.6265278458595276,2.479271411895752,-0.6824529767036438,-0.631026566028595,2.476400136947632,-0.6882135272026062,1.0260393619537354,2.919290065765381,-0.8233889937400818,1.0413511991500854,2.695030689239502
-0.6253790259361267,0.13783103227615356,2.5614635944366455,-0.6307671070098877,-0.041912585496902466,2.5602612495422363,-0.6364319324493408,-0.2216484099626541,2.5591723918914795,-0.6420969367027283,-0.40138962864875793,2.5580835342407227,-0.6195608973503113,-0.40334200859069824,2.6017110347747803,-0.5553229451179504,-0.40611904859542847,2.725916862487793,-0.5558738112449646,-0.1435585916042328,2.697723865509033,-0.46170324087142944,0.08185245096683502,2.6284854412078857,-0.4428691267967224,0.12693466246128082,2.614637851715088,-0.40520089864730835,0.21709907054901123,2.586942434310913,-0.4500943720340729,0.16608160734176636,2.5460243225097656,-0.6646945476531982,-0.40139085054397583,2.51444411277771,-0.7289324998855591,-0.3986138105392456,2.3902382850646973,-0.6894361972808838,-0.1496918499469757,2.469048500061035,-0.4924061894416809,0.010427236557006836,2.4654061794281006,-0.45300018787384033,0.042451053857803345,2.4646778106689453,-0.3741881847381592,0.10649868845939636,2.4632208347320557,-0.39623162150382996,0.05435732379555702,2.518789291381836,-0.5781022310256958,0.13583987951278687,2.647261619567871,-0.5801990032196045,0.5701621174812317,2.7514190673828125,-0.642081081867218,0.9421908259391785,2.875460147857666,-0.5554807186126709,1.069211483001709,2.855377435684204,-0.6726558208465576,0.13982218503952026,2.47566556930542,-0.7051261067390442,0.5770238637924194,2.5610435009002686,-0.7763628363609314,0.954971194267273,2.6595427989959717,-0.6927213668823242,1.0823923349380493,2.6311676502227783,-0.5424063205718994,-0.5337780117988586,2.5072133541107178,-0.5299856662750244,-0.5843093395233154,2.5013530254364014,-0.5378170609474182,-0.6288943290710449,2.5416665077209473,-0.6013261675834656,-0.6310001611709595,2.640454053878784,-0.5671942234039307,-0.6296738982200623,2.4861245155334473,-0.6845614910125732,-0.6332089304924011,2.4830853939056396,-0.6915752291679382,1.023860216140747,2.923501491546631,-0.8279889225959778,1.0384799242019653,2.701834201812744
-0.6240867376327515,0.1358145773410797,2.5611255168914795,-0.6301538348197937,-0.04388682544231415,2.5607986450195312,-0.636440098285675,-0.2235809862613678,2.560757875442505,-0.6427265405654907,-0.4032805263996124,2.5607171058654785,-0.6202436089515686,-0.4050546884536743,2.604372262954712,-0.5564596056938171,-0.40731409192085266,2.728034496307373,-0.5482344627380371,-0.15197128057479858,2.6648197174072266,-0.43021160364151,0.043695464730262756,2.556084632873535,-0.4066070318222046,0.0828288123011589,2.5343375205993652,-0.35939788818359375,0.1610954999923706,2.4908435344696045,-0.4112730622291565,0.10990443825721741,2.460207462310791,-0.6652778387069702,-0.40345948934555054,2.517061471939087,-0.7290618419647217,-0.4012000858783722,2.393399238586426,-0.669421911239624,-0.15575028955936432,2.467298984527588,-0.4533125162124634,-0.024953439831733704,2.452228546142578,-0.4100906550884247,0.0012059286236763,2.449214458465576,-0.3236469030380249,0.05352466553449631,2.4431862831115723,-0.3506676256656647,0.0069160908460617065,2.5010452270507812,-0.5767220854759216,0.13405950367450714,2.646878480911255,-0.5802487134933472,0.5679761171340942,2.7540950775146484,-0.6434462666511536,0.9391505718231201,2.8809633255004883,-0.5573390126228333,1.0667585134506226,2.861588478088379,-0.6714513897895813,0.13756965100765228,2.475372552871704,-0.7087252736091614,0.5738216042518616,2.5652966499328613,-0.7817481756210327,0.9509960412979126,2.6666228771209717,-0.6988400816917419,1.0791573524475098,2.638792037963867,-0.5441354513168335,-0.5373929738998413,2.5121941566467285,-0.5321979522705078,-0.5881317853927612,2.507110118865967,-0.5406633615493774,-0.632062554359436,2.5480215549468994,-0.6046468615531921,-0.6321220397949219,2.6465439796447754,-0.5697985291481018,-0.6333391666412354,2.492351770401001,-0.6871963739395142,-0.6357391476631165,2.4888131618499756,-0.6932145357131958,1.0203393697738647,2.929711103439331,-0.8337251543998718,1.0340003967285156,2.7096753120422363
-0.6220341324806213,0.1339179277420044,2.5590178966522217,-0.6288287043571472,-0.04579761624336243,2.5595202445983887,-0.6357912421226501,-0.22550493478775024,2.560465097427368,-0.6427539587020874,-0.40521761775016785,2.5614099502563477,-0.6204896569252014,-0.4068281650543213,2.6051957607269287,-0.5576796531677246,-0.4086134433746338,2.7284960746765137,-0.5371788144111633,-0.16918645799160004,2.622438430786133,-0.39415568113327026,-0.024305835366249084,2.472963809967041,-0.36555105447769165,0.004670288413763046,2.4430689811706543,-0.3083418011665344,0.06262253224849701,2.3832790851593018,-0.36847493052482605,0.01495959609746933,2.364893674850464,-0.6650939583778381,-0.40556034445762634,2.517634391784668,-0.7279039621353149,-0.40377506613731384,2.394334077835083,-0.6455556154251099,-0.16326692700386047,2.46042799949646,-0.4142861068248749,-0.06584686785936356,2.4319255352020264,-0.36803221702575684,-0.04636285454034805,2.426224946975708,-0.27552440762519836,-0.007394831627607346,2.4148240089416504,-0.3064213991165161,-0.047247692942619324,2.475510835647583,-0.5749295949935913,0.13237713277339935,2.644914388656616,-0.5795683264732361,0.5653905272483826,2.756580352783203,-0.6429474353790283,0.9355995655059814,2.886758327484131,-0.5567886829376221,1.0634452104568481,2.8685951232910156,-0.6691386699676514,0.13545872271060944,2.473121404647827,-0.7115848660469055,0.5702611207962036,2.568707227706909,-0.7867145538330078,0.9462473392486572,2.6736254692077637,-0.7044550180435181,1.0751781463623047,2.6470181941986084,-0.545107901096344,-0.5410424470901489,2.5157337188720703,-0.5336558222770691,-0.5919769406318665,2.5114805698394775,-0.5429753661155701,-0.6352385878562927,2.5529286861419678,-0.6079035997390747,-0.6332345008850098,2.6508307456970215,-0.5715932250022888,-0.6370022892951965,2.4969944953918457,-0.6889876127243042,-0.6382316946983337,2.4923505783081055,-0.6927933692932129,1.0163873434066772,2.9362053871154785,-0.8391776084899902,1.0285991430282593,2.7174673080444336
-0.6191562414169312,0.13243818283081055,2.5565905570983887,-0.626586377620697,-0.04736940562725067,2.5575790405273438,-0.6341977119445801,-0.22716645896434784,2.5590057373046875,-0.6418092846870422,-0.406968891620636,2.5604324340820312,-0.6199178695678711,-0.40852534770965576,2.6044442653656006,-0.5585157871246338,-0.41014716029167175,2.7276360988616943,-0.5220220685005188,-0.18929587304592133,2.5905776023864746,-0.36131003499031067,-0.09886249899864197,2.4182753562927246,-0.3291676342487335,-0.08077582716941833,2.383814811706543,-0.26488280296325684,-0.04460247606039047,2.314893960952759,-0.3322879672050476,-0.08431939780712128,2.3051109313964844,-0.6637833714485168,-0.40736669301986694,2.5164363384246826,-0.7251854538917542,-0.40574488043785095,2.393244504928589,-0.6196908354759216,-0.17217300832271576,2.449876308441162,-0.37851011753082275,-0.110005222260952,2.4091131687164307,-0.33027398586273193,-0.09757166355848312,2.4009604454040527,-0.2338016927242279,-0.07270454615354538,2.384655237197876,-0.2675430178642273,-0.10509772598743439,2.4481279850006104,-0.5726423263549805,0.13099002838134766,2.642803430557251,-0.5785295367240906,0.5630063414573669,2.75875186920166,-0.6411094665527344,0.9326615333557129,2.891249895095825,-0.5543693900108337,1.0603442192077637,2.874335289001465,-0.6656701564788818,0.13388633728027344,2.4703776836395264,-0.7136322259902954,0.5671048164367676,2.571066379547119,-0.7907186150550842,0.9420656561851501,2.6786723136901855,-0.7088305354118347,1.0715656280517578,2.6534347534179688,-0.5448037385940552,-0.5442034602165222,2.517604112625122,-0.5337693691253662,-0.5952922105789185,2.514069080352783,-0.5440650582313538,-0.6380093693733215,2.555861473083496,-0.6103245615959167,-0.6343210339546204,2.6528375148773193,-0.5719279646873474,-0.6401308178901672,2.4995503425598145,-0.6892694234848022,-0.6403319239616394,2.49328875541687,-0.6908828020095825,1.0133190155029297,2.941054105758667,-0.8437101244926453,1.02388596534729,2.7229535579681396
-0.6155500411987305,0.13008448481559753,2.553586483001709,-0.6236526370048523,-0.04987609386444092,2.5545294284820557,-0.6319591999053955,-0.22982503473758698,2.5558435916900635,-0.6402660012245178,-0.4097793698310852,2.5571577548980713,-0.6189102530479431,-0.411421537399292,2.6014838218688965,-0.559302031993866,-0.41327163577079773,2.724925994873047,-0.5073815584182739,-0.20861175656318665,2.569016456604004,-0.33764711022377014,-0.16083313524723053,2.3884634971618652,-0.30370020866394043,-0.15127740800380707,2.3523528575897217,-0.2358064353466034,-0.13216596841812134,2.2801318168640137,-0.3078259527683258,-0.16377437114715576,2.2746152877807617,-0.6617120504379272,-0.4100930690765381,2.512845993041992,-0.7213202714920044,-0.40824297070503235,2.389403820037842,-0.5936471223831177,-0.18379759788513184,2.4364466667175293,-0.348250150680542,-0.15482011437416077,2.3851380348205566,-0.29917076230049133,-0.1490246206521988,2.3748762607574463,-0.20101195573806763,-0.13743361830711365,2.3543527126312256,-0.23615474998950958,-0.16280968487262726,2.4202115535736084,-0.5700372457504272,0.12848977744579315,2.6403281688690186,-0.5777052044868469,0.5596862435340881,2.7596445083618164,-0.6389443874359131,0.9294228553771973,2.892864465713501,-0.5511642694473267,1.0565974712371826,2.8771402835845947,-0.6610628366470337,0.13167919218540192,2.4668447971343994,-0.713840901851654,0.5634845495223999,2.571650266647339,-0.7926946878433228,0.9376558065414429,2.681107759475708,-0.7107695937156677,1.0675050020217896,2.6575827598571777,-0.5428503751754761,-0.547478973865509,2.5169529914855957,-0.5318902134895325,-0.5986063480377197,2.513913154602051,-0.5430911183357239,-0.6410542726516724,2.555732250213623,-0.6111596822738647,-0.6366511583328247,2.6513924598693848,-0.5698800683021545,-0.6434194445610046,2.4989235401153564,-0.6870616674423218,-0.6433523893356323,2.4904346466064453,-0.688617467880249,1.0102769136428833,2.9425125122070312,-0.8462876677513123,1.0190964937210083,2.725435256958008
-0.6129353642463684,0.12625271081924438,2.5693769454956055,-0.6217772960662842,-0.05491660535335541,2.568815231323242,-0.6309065222740173,-0.23607201874256134,2.5683743953704834,-0.6400359869003296,-0.417232871055603,2.5679335594177246,-0.6196629405021667,-0.41935640573501587,2.613072156906128,-0.5631852149963379,-0.42250630259513855,2.7379069328308105,-0.4868793785572052,-0.24578239023685455,2.555889844894409,-0.3140431046485901,-0.25838199257850647,2.3691866397857666,-0.2794758677482605,-0.26090189814567566,2.331845998764038,-0.21034136414527893,-0.2659417390823364,2.257164716720581,-0.28776460886001587,-0.2843257784843445,2.2562429904937744,-0.6605082750320435,-0.41707831621170044,2.5227901935577393,-0.7169860005378723,-0.41392841935157776,2.3979554176330566,-0.5497516393661499,-0.21181121468544006,2.4349067211151123,-0.30239883065223694,-0.23601268231868744,2.379049301147461,-0.2529282569885254,-0.2408529818058014,2.367877721786499,-0.15398713946342468,-0.2505335807800293,2.3455348014831543,-0.19251011312007904,-0.2651561498641968,2.413618326187134,-0.5692950487136841,0.12385028600692749,2.657302141189575,-0.5789891481399536,0.5568598508834839,2.770428419113159,-0.631142795085907,0.9322552680969238,2.891631841659546,-0.5391258597373962,1.0562074184417725,2.873900890350342,-0.6565756797790527,0.12865513563156128,2.4814517498016357,-0.7150151133537292,0.5599411725997925,2.5861704349517822,-0.7946292161941528,0.9350086450576782,2.692556381225586,-0.7115480303764343,1.0644484758377075,2.67045521736145,-0.5413156747817993,-0.5539035797119141,2.531341075897217,-0.5301889181137085,-0.604739248752594,2.5285868644714355,-0.5428676009178162,-0.6471300721168518,2.569589853286743,-0.6142902970314026,-0.6431984901428223,2.6620421409606934,-0.5672729015350342,-0.6493546962738037,2.5120575428009033,-0.6834385395050049,-0.6495017409324646,2.4990336894989014,-0.6791996359825134,1.0160696506500244,2.93794322013855,-0.8488609790802002,1.0168845653533936,2.7353854179382324
-0.6131104230880737,0.1210445761680603,2.5792081356048584,-0.6219020485877991,-0.060629695653915405,2.5770645141601562,-0.6309662461280823,-0.24228981137275696,2.5748562812805176,-0.6400306820869446,-0.42395535111427307,2.5726478099823,-0.6208904385566711,-0.42645710706710815,2.6184561252593994,-0.5679764151573181,-0.43063321709632874,2.744802474975586,-0.48463401198387146,-0.25683361291885376,2.562222957611084,-0.3054015636444092,-0.2731976807117462,2.3811769485473633,-0.26955509185791016,-0.27647048234939575,2.344967842102051,-0.19786211848258972,-0.2830161154270172,2.2725493907928467,-0.27546778321266174,-0.3011181652545929,2.2693495750427246,-0.6592695116996765,-0.42342811822891235,2.52681565284729,-0.7121835350990295,-0.4192520081996918,2.4004693031311035,-0.5335236191749573,-0.2259868085384369,2.4353506565093994,-0.2864089608192444,-0.2588401138782501,2.3803534507751465,-0.23698602616786957,-0.26541078090667725,2.369354009628296,-0.13814017176628113,-0.2785520851612091,2.3473551273345947,-0.17745842039585114,-0.29163599014282227,2.4154980182647705,-0.5718128681182861,0.11799395829439163,2.6683812141418457,-0.5813578367233276,0.552909255027771,2.774564027786255,-0.6272289156913757,0.9323935508728027,2.885563373565674,-0.5317578911781311,1.0536763668060303,2.8672099113464355,-0.6544079780578613,0.12409519404172897,2.490035057067871,-0.7123991250991821,0.5572265386581421,2.587766408920288,-0.7905427813529968,0.9348174333572388,2.686518669128418,-0.7052301168441772,1.0629732608795166,2.6650962829589844,-0.5389742255210876,-0.558508038520813,2.5377724170684814,-0.5272231698036194,-0.6089802384376526,2.5347561836242676,-0.5407171249389648,-0.6518757939338684,2.5746145248413086,-0.6149267554283142,-0.6499558687210083,2.6643226146698,-0.5630810260772705,-0.6536096930503845,2.5165014266967773,-0.6782912015914917,-0.6548686027526855,2.499669313430786,-0.674342930316925,1.018460750579834,2.928680896759033,-0.8450282216072083,1.0179624557495117,2.726576805114746
-0.6107676029205322,0.11801755428314209,2.5794897079467773,-0.6192658543586731,-0.06397813558578491,2.5756523609161377,-0.6279882788658142,-0.2459629625082016,2.5718040466308594,-0.6367109417915344,-0.42795324325561523,2.567955493927002,-0.6186471581459045,-0.4307903051376343,2.6142778396606445,-0.568802535533905,-0.43587642908096313,2.741820812225342,-0.4780021607875824,-0.2663611173629761,2.557516574859619,-0.29446646571159363,-0.2867610454559326,2.3800508975982666,-0.25775933265686035,-0.2908410429954529,2.344557762145996,-0.1843450516462326,-0.299001008272171,2.273571491241455,-0.2622819244861603,-0.3164995014667511,2.2689051628112793,-0.654869556427002,-0.4270941913127899,2.5215914249420166,-0.7047141790390015,-0.42200806736946106,2.3940484523773193,-0.5173740983009338,-0.23605112731456757,2.4297120571136475,-0.2689497768878937,-0.27317988872528076,2.379687786102295,-0.2192649096250534,-0.28060564398765564,2.369683027267456,-0.11989518254995346,-0.2954571545124054,2.349673271179199,-0.16093939542770386,-0.30777645111083984,2.417243480682373,-0.571485161781311,0.1142815425992012,2.669684410095215,-0.5814025402069092,0.5497770309448242,2.7742528915405273,-0.6233307123184204,0.9310957193374634,2.8810582160949707,-0.5254760980606079,1.050692081451416,2.8636512756347656,-0.6500500440597534,0.12175356596708298,2.48929500579834,-0.7068054676055908,0.5559981465339661,2.5836331844329834,-0.7843643426895142,0.9348060488700867,2.67880916595459,-0.6974809765815735,1.0622363090515137,2.6589438915252686,-0.5336841940879822,-0.5599985122680664,2.533989667892456,-0.5212883353233337,-0.609993040561676,2.5305984020233154,-0.5351502299308777,-0.6533635854721069,2.5692949295043945,-0.6111743450164795,-0.6536204814910889,2.656630754470825,-0.5559113621711731,-0.6545531749725342,2.510946035385132,-0.6699976921081543,-0.6569911241531372,2.4913086891174316,-0.6699249744415283,1.018336534500122,2.922462224960327,-0.8391784429550171,1.0185985565185547,2.717156171798706
-0.6078133583068848,0.11657419800758362,2.577692985534668,-0.61576908826828,-0.06561608612537384,2.5726542472839355,-0.6239290237426758,-0.24779799580574036,2.567638635635376,-0.6320891976356506,-0.4299853444099426,2.5626227855682373,-0.6149361729621887,-0.4330325126647949,2.609334945678711,-0.5676634311676025,-0.4386870265007019,2.737813711166382,-0.4696066379547119,-0.2719268798828125,2.5529983043670654,-0.2803143858909607,-0.29191848635673523,2.3799397945404053,-0.24245592951774597,-0.2959167957305908,2.3453280925750732,-0.16673903167247772,-0.3039134442806244,2.276104688644409,-0.24472928047180176,-0.32212305068969727,2.26938533782959,-0.6493309140205383,-0.42891836166381836,2.5158562660217285,-0.6966036558151245,-0.4232638478279114,2.3873775005340576,-0.5012640953063965,-0.24394924938678741,2.4230082035064697,-0.2513275146484375,-0.2834874093532562,2.3766515254974365,-0.2013401985168457,-0.29139503836631775,2.367380142211914,-0.1013655737042427,-0.3072102963924408,2.348837375640869,-0.14373508095741272,-0.319121390581131,2.4160845279693604,-0.5702482461929321,0.11241639405488968,2.668720245361328,-0.5819920897483826,0.5482650399208069,2.7724733352661133,-0.6241523027420044,0.9303028583526611,2.8772544860839844,-0.5253699421882629,1.0494306087493896,2.861323356628418,-0.6453784704208374,0.12073200196027756,2.486665725708008,-0.7005536556243896,0.555703341960907,2.579521656036377,-0.7782736420631409,0.9350007772445679,2.6733431816101074,-0.690359890460968,1.0620810985565186,2.6553170680999756,-0.5279457569122314,-0.5597860813140869,2.529320240020752,-0.5151033997535706,-0.6092795729637146,2.525646686553955,-0.5291284918785095,-0.6528876423835754,2.5633718967437744,-0.6061321496963501,-0.6547800302505493,2.6487536430358887,-0.5487152338027954,-0.6536420583724976,2.505061149597168,-0.6616278886795044,-0.6569175720214844,2.483539581298828,-0.6711331605911255,1.017939567565918,2.917491912841797,-0.8334848880767822,1.0190731287002563,2.7106258869171143
-0.6052985787391663,0.11639624834060669,2.5757269859313965,-0.6125606298446655,-0.06591141223907471,2.5697083473205566,-0.6200169324874878,-0.24821166694164276,2.5637028217315674,-0.6274734139442444,-0.43051737546920776,2.557697057723999,-0.6111969351768494,-0.4337264597415924,2.6047451496124268,-0.5663662552833557,-0.43982139229774475,2.734098434448242,-0.4596841037273407,-0.27217620611190796,2.5531797409057617,-0.2633682191371918,-0.28829559683799744,2.385939121246338,-0.22410504519939423,-0.2915194630622864,2.3524909019470215,-0.14557869732379913,-0.29796722531318665,2.2855947017669678,-0.22346721589565277,-0.31679993867874146,2.2758283615112305,-0.6438310146331787,-0.42928969860076904,2.5105836391448975,-0.6886616945266724,-0.4231947660446167,2.381230354309082,-0.4858071208000183,-0.2503356337547302,2.4156877994537354,-0.23405098915100098,-0.2913803458213806,2.374415874481201,-0.18369975686073303,-0.29958927631378174,2.366161584854126,-0.08299730718135834,-0.31600716710090637,2.3496527671813965,-0.12688419222831726,-0.32706379890441895,2.4164984226226807,-0.5693787932395935,0.11193566769361496,2.6674981117248535,-0.5834341645240784,0.5480450391769409,2.770650863647461,-0.6280782222747803,0.9302582740783691,2.8743720054626465,-0.5291173458099365,1.0495468378067017,2.860236883163452,-0.641218364238739,0.12085682898759842,2.4839558601379395,-0.6950914859771729,0.5562819242477417,2.5763256549835205,-0.7735174298286438,0.935698390007019,2.6697635650634766,-0.6848731637001038,1.0626201629638672,2.6537673473358154,-0.5230028033256531,-0.558497965335846,2.524775266647339,-0.5099482536315918,-0.6075204610824585,2.520836353302002,-0.5241162180900574,-0.6512256860733032,2.557694911956787,-0.6016154885292053,-0.6542968153953552,2.641432523727417,-0.54281085729599,-0.6515334844589233,2.499567747116089,-0.6545835137367249,-0.6551688313484192,2.476738452911377,-0.6759465336799622,1.0178998708724976,2.9136574268341064,-0.8292074799537659,1.0198633670806885,2.7062416076660156
-0.6041686534881592,0.11652222275733948,2.5765509605407715,-0.6106930375099182,-0.06585067510604858,2.5699830055236816,-0.6173785924911499,-0.24821798503398895,2.563422203063965,-0.6240643858909607,-0.43059074878692627,2.556861162185669,-0.6086419224739075,-0.4338532090187073,2.6042087078094482,-0.5661289691925049,-0.44009965658187866,2.7345163822174072,-0.45040223002433777,-0.2690587639808655,2.5606019496917725,-0.24738433957099915,-0.27983713150024414,2.3991644382476807,-0.20678076148033142,-0.2819927930831909,2.3668768405914307,-0.12557360529899597,-0.28630414605140686,2.3023018836975098,-0.20337116718292236,-0.3051189184188843,2.2892158031463623,-0.6395595073699951,-0.42931047081947327,2.5094423294067383,-0.6820724606513977,-0.4230640232563019,2.3791346549987793,-0.4721599221229553,-0.2561362385749817,2.4102110862731934,-0.21830973029136658,-0.2969362139701843,2.3742949962615967,-0.16753970086574554,-0.30509620904922485,2.3671116828918457,-0.06599963456392288,-0.3214161992073059,2.352745294570923,-0.11125729978084564,-0.33124563097953796,2.4193248748779297,-0.5698368549346924,0.11196482926607132,2.6689906120300293,-0.5846381783485413,0.5483348965644836,2.7716877460479736,-0.6308690905570984,0.9307122826576233,2.874697208404541,-0.5315606594085693,1.0499848127365112,2.862311840057373,-0.638500452041626,0.12107961624860764,2.4841113090515137,-0.6911914944648743,0.5570893287658691,2.5752365589141846,-0.7703664898872375,0.9367797374725342,2.667579412460327,-0.6810994744300842,1.0635396242141724,2.6532673835754395,-0.5200311541557312,-0.5573601126670837,2.524088144302368,-0.5070167183876038,-0.6059924364089966,2.5199291706085205,-0.5213525891304016,-0.649651050567627,2.5560925006866455,-0.5989500284194946,-0.6533347964286804,2.638582229614258,-0.5394505858421326,-0.6495466232299805,2.498239040374756,-0.6502276659011841,-0.6530389189720154,2.4746644496917725,-0.6793822050094604,1.0184139013290405,2.9131622314453125,-0.8265138268470764,1.0210899114608765,2.7031309604644775
-0.605711817741394,0.11624103784561157,2.5813093185424805,-0.6114302277565002,-0.06616798043251038,2.574507236480713,-0.6172653436660767,-0.24857249855995178,2.567682981491089,-0.6231006383895874,-0.43098247051239014,2.5608584880828857,-0.6086946129798889,-0.4342206120491028,2.608531951904297,-0.5688744187355042,-0.4404175281524658,2.7401204109191895,-0.44730252027511597,-0.2631416916847229,2.5756187438964844,-0.23903822898864746,-0.2672841548919678,2.4195785522460938,-0.19738537073135376,-0.2681126594543457,2.3883705139160156,-0.11407965421676636,-0.2697696387767792,2.3259544372558594,-0.19159162044525146,-0.2882850468158722,2.3098154067993164,-0.6375700831413269,-0.4297269582748413,2.513111114501953,-0.6773902773857117,-0.42353004217147827,2.3815226554870605,-0.46158158779144287,-0.2622016668319702,2.4073493480682373,-0.20592963695526123,-0.2998555898666382,2.3763015270233154,-0.15479925274848938,-0.3073863685131073,2.3700919151306152,-0.052538469433784485,-0.3224479556083679,2.357672691345215,-0.09875302761793137,-0.33111855387687683,2.42400860786438,-0.5733199119567871,0.1117507666349411,2.674490213394165,-0.5875712633132935,0.5487633943557739,2.775219440460205,-0.6330703496932983,0.9320575594902039,2.87567138671875,-0.5326365232467651,1.050600528717041,2.864736795425415,-0.638103723526001,0.12073130905628204,2.488128423690796,-0.6892275810241699,0.5576880574226379,2.576359272003174,-0.7681873440742493,0.9382736682891846,2.6657748222351074,-0.6778844594955444,1.064523458480835,2.652916193008423,-0.5197855830192566,-0.5569056868553162,2.52803897857666,-0.5069288611412048,-0.6052192449569702,2.523627758026123,-0.5215050578117371,-0.6488361954689026,2.559131145477295,-0.5991601943969727,-0.652950644493103,2.640538454055786,-0.5390980839729309,-0.6482588648796082,2.5015339851379395,-0.6490071415901184,-0.6513149738311768,2.4773459434509277,-0.681714653968811,1.0203078985214233,2.9128003120422363,-0.8246082067489624,1.0230523347854614,2.69986629486084
-0.6071365475654602,0.11641663312911987,2.585481643676758,-0.6114969253540039,-0.06606896221637726,2.5788414478302,-0.6159253120422363,-0.24855519831180573,2.5722639560699463,-0.6203538179397583,-0.43104690313339233,2.5656862258911133,-0.6076924204826355,-0.43408462405204773,2.613874673843384,-0.5719876289367676,-0.4398433268070221,2.7496073246002197,-0.42973601818084717,-0.2595583200454712,2.599289894104004,-0.20657838881015778,-0.2643303871154785,2.4584779739379883,-0.1619468629360199,-0.26528480648994446,2.4303154945373535,-0.07268381118774414,-0.26719364523887634,2.373990774154663,-0.1501362919807434,-0.2832305431365967,2.350714683532715,-0.6330633759498596,-0.4299926161766052,2.5174264907836914,-0.6687681674957275,-0.42423391342163086,2.3816938400268555,-0.4387200176715851,-0.2752425968647003,2.396287679672241,-0.17681291699409485,-0.2986469566822052,2.3737707138061523,-0.12443149834871292,-0.3033278286457062,2.369267225265503,-0.019668661057949066,-0.31268957257270813,2.360260486602783,-0.06784702092409134,-0.32056543231010437,2.426703453063965,-0.5782244205474854,0.11229278147220612,2.6798267364501953,-0.5918919444084167,0.549839437007904,2.7784552574157715,-0.63475501537323,0.934429943561554,2.8751678466796875,-0.5321482419967651,1.0513403415679932,2.867004871368408,-0.6360486745834351,0.12054048478603363,2.4911365509033203,-0.6843913793563843,0.5582009553909302,2.577610731124878,-0.7621995210647583,0.9396370649337769,2.664517879486084,-0.6700769662857056,1.064878225326538,2.654984474182129,-0.5197162628173828,-0.5562830567359924,2.5320911407470703,-0.5075489282608032,-0.6041085720062256,2.52731990814209,-0.5223760604858398,-0.6473237872123718,2.562053680419922,-0.5990209579467773,-0.6512103080749512,2.642543315887451,-0.539823055267334,-0.6460894346237183,2.50518798828125,-0.6484541893005371,-0.6477129459381104,2.4814233779907227,-0.6832449436187744,1.0236566066741943,2.9101264476776123,-0.8188431262969971,1.0250353813171387,2.696664810180664
-0.6125468611717224,0.11676707863807678,2.5898797512054443,-0.6158982515335083,-0.0657697468996048,2.5837385654449463,-0.6192944645881653,-0.248305082321167,2.5775787830352783,-0.6226907968521118,-0.43084588646888733,2.5714187622070312,-0.6113669872283936,-0.4336879253387451,2.6199543476104736,-0.5791101455688477,-0.4389493465423584,2.7580819129943848,-0.43096843361854553,-0.25382742285728455,2.617248296737671,-0.20121097564697266,-0.25566422939300537,2.484882116317749,-0.15525949001312256,-0.2560316026210785,2.458408832550049,-0.06335650384426117,-0.25676631927490234,2.4054622650146484,-0.14016616344451904,-0.2722857892513275,2.3785934448242188,-0.634051501750946,-0.4299878478050232,2.5228164196014404,-0.6663083434104919,-0.4247264266014099,2.3846888542175293,-0.4331977963447571,-0.2776932716369629,2.394223690032959,-0.1688675880432129,-0.28641173243522644,2.375086784362793,-0.11600154638290405,-0.2881554365158081,2.3712594509124756,-0.010269470512866974,-0.29164281487464905,2.363604784011841,-0.058956071734428406,-0.3005846440792084,2.4300289154052734,-0.5863184928894043,0.11308437585830688,2.685030460357666,-0.5982805490493774,0.5512467622756958,2.7811214923858643,-0.6374014019966125,0.9371517896652222,2.8741180896759033,-0.5327423810958862,1.05234694480896,2.867830753326416,-0.6387752294540405,0.12044978141784668,2.4947290420532227,-0.6863914728164673,0.5586337447166443,2.578933000564575,-0.7633128762245178,0.9409422874450684,2.6627469062805176,-0.6699185371398926,1.065386414527893,2.6553893089294434,-0.5231978893280029,-0.5559008717536926,2.5377326011657715,-0.5113537311553955,-0.6035378575325012,2.5328292846679688,-0.5264289975166321,-0.646583616733551,2.567192554473877,-0.6028883457183838,-0.6503188610076904,2.6470985412597656,-0.5436570048332214,-0.6450397968292236,2.510577917098999,-0.6517009735107422,-0.6459447145462036,2.4866905212402344,-0.6853280067443848,1.027388334274292,2.907212734222412,-0.820084810256958,1.0268970727920532,2.6931374073028564
-0.618876576423645,0.11638697981834412,2.5957164764404297,-0.6212823390960693,-0.06617486476898193,2.5896666049957275,-0.6237161755561829,-0.24873317778110504,2.583521842956543,-0.6261500716209412,-0.4312969446182251,2.5773768424987793,-0.6164585947990417,-0.4340652823448181,2.6262707710266113,-0.5886017084121704,-0.43916383385658264,2.7667136192321777,-0.4378725290298462,-0.24895820021629333,2.6337780952453613,-0.20282192528247833,-0.24756786227226257,2.509110927581787,-0.15581180155277252,-0.24728979170322418,2.484177589416504,-0.0617915540933609,-0.2467336505651474,2.4343106746673584,-0.13777533173561096,-0.26235049962997437,2.4044454097747803,-0.6358680129051208,-0.43051284551620483,2.528416395187378,-0.6637248992919922,-0.4254142940044403,2.3879735469818115,-0.4286386966705322,-0.27962154150009155,2.394918918609619,-0.1630975604057312,-0.27675679326057434,2.3784165382385254,-0.10998933017253876,-0.2761838436126709,2.3751161098480225,-0.0037728771567344666,-0.275037944316864,2.3685152530670166,-0.05286233872175217,-0.2850932776927948,2.4348361492156982,-0.5958483219146729,0.11290256679058075,2.6917054653167725,-0.6058326959609985,0.5518302321434021,2.7847468852996826,-0.6411269903182983,0.9391334056854248,2.873586416244507,-0.5343104004859924,1.0524680614471436,2.8697659969329834,-0.6419048309326172,0.11987139284610748,2.499727487564087,-0.6893875598907471,0.5585076808929443,2.5819313526153564,-0.765532374382019,0.9416941404342651,2.662627935409546,-0.6708201766014099,1.0652987957000732,2.658088207244873,-0.5265558958053589,-0.5556907653808594,2.5446064472198486,-0.5146811604499817,-0.6031177639961243,2.5396552085876465,-0.530170738697052,-0.6461671590805054,2.5734591484069824,-0.6074472665786743,-0.6502888798713684,2.651956796646118,-0.5465368032455444,-0.6443533897399902,2.5168354511260986,-0.6538176536560059,-0.6451498866081238,2.491523027420044,-0.6884973049163818,1.0304561853408813,2.904473066329956,-0.8224847316741943,1.0282213687896729,2.6910400390625
-0.624919593334198,0.11576816439628601,2.600905418395996,-0.6264894604682922,-0.06680519878864288,2.594895124435425,-0.6280639171600342,-0.24937327206134796,2.5887272357940674,-0.6296384334564209,-0.4319468140602112,2.582559108734131,-0.6218339800834656,-0.4346708357334137,2.6317920684814453,-0.5992112159729004,-0.4396854043006897,2.774444341659546,-0.4468509554862976,-0.24499350786209106,2.648468017578125,-0.20712681114673615,-0.24060872197151184,2.53144907951355,-0.15918198227882385,-0.23973175883293152,2.508045196533203,-0.06329232454299927,-0.23797784745693207,2.461237668991089,-0.13831394910812378,-0.25392231345176697,2.42860746383667,-0.6374600529670715,-0.43120715022087097,2.5332589149475098,-0.6600828170776367,-0.42619258165359497,2.390606641769409,-0.4234806299209595,-0.2813206911087036,2.395097017288208,-0.157326340675354,-0.27106139063835144,2.3797037601470947,-0.10409548878669739,-0.269009530544281,2.3766250610351562,0.0023662224411964417,-0.26490581035614014,2.3704676628112793,-0.04687431454658508,-0.2754378914833069,2.4368879795074463,-0.6055776476860046,0.11241491883993149,2.697714328765869,-0.6127995848655701,0.5522965788841248,2.786881685256958,-0.6448564529418945,0.9409970045089722,2.8711037635803223,-0.5360569357872009,1.0525381565093994,2.870319366455078,-0.6442615389823914,0.11912140995264053,2.504096508026123,-0.6920830011367798,0.5582520365715027,2.5839483737945557,-0.7679386734962463,0.9423079490661621,2.661123752593994,-0.6720583438873291,1.0651283264160156,2.659898519515991,-0.528886616230011,-0.5553753972053528,2.5522212982177734,-0.5166720151901245,-0.6025859713554382,2.547515869140625,-0.5327271223068237,-0.64564049243927,2.580754041671753,-0.6116936802864075,-0.6502879858016968,2.657039165496826,-0.5476245880126953,-0.6438294649124146,2.523911952972412,-0.6539030075073242,-0.6451568603515625,2.495986223220825,-0.6918085813522339,1.0333833694458008,2.8994390964508057,-0.8251839876174927,1.0293865203857422,2.6872572898864746
-0.6303686499595642,0.11488145589828491,2.604917526245117,-0.6312001943588257,-0.06770195066928864,2.5988543033599854,-0.6320134997367859,-0.25027990341186523,2.5926270484924316,-0.6328268647193909,-0.43286335468292236,2.586399555206299,-0.6270346641540527,-0.4355713129043579,2.6359124183654785,-0.6101229786872864,-0.4405770003795624,2.780465602874756,-0.4570212662220001,-0.24251990020275116,2.65970778465271,-0.21263527870178223,-0.23567242920398712,2.5517733097076416,-0.1637580841779709,-0.23430293798446655,2.530186414718628,-0.06600368767976761,-0.23156395554542542,2.4870126247406006,-0.13964319229125977,-0.24858175218105316,2.4515397548675537,-0.6386278867721558,-0.4321398138999939,2.5368189811706543,-0.6555395722389221,-0.42713412642478943,2.392265796661377,-0.4179423153400421,-0.2829657196998596,2.395756959915161,-0.15144562721252441,-0.2683155834674835,2.3821144104003906,-0.09814628958702087,-0.26538556814193726,2.3793859481811523,0.008452378213405609,-0.25952550768852234,2.373929023742676,-0.041174694895744324,-0.27004727721214294,2.440239906311035,-0.6148688793182373,0.1115729808807373,2.7024214267730713,-0.6187196969985962,0.5522794723510742,2.7881851196289062,-0.6483288407325745,0.942105770111084,2.8684451580047607,-0.5379281640052795,1.0520830154418945,2.8711564540863037,-0.6458684206008911,0.11818993091583252,2.507413625717163,-0.6944392323493958,0.5576028227806091,2.5858333110809326,-0.7706353068351746,0.9422119855880737,2.660350799560547,-0.6739285588264465,1.0644078254699707,2.66292405128479,-0.5303880572319031,-0.5551862120628357,2.559743642807007,-0.5176734924316406,-0.6021779775619507,2.5555455684661865,-0.5344383120536804,-0.6451977491378784,2.5882182121276855,-0.6156600713729858,-0.6503609418869019,2.661630630493164,-0.5474035143852234,-0.643599271774292,2.531057357788086,-0.652394711971283,-0.6458318829536438,2.4996747970581055,-0.6949988007545471,1.0353888273239136,2.8942947387695312,-0.8282696008682251,1.0296831130981445,2.6843323707580566
-0.6350635886192322,0.11402937769889832,2.6080245971679688,-0.635265052318573,-0.06856442987918854,2.601876974105835,-0.6354285478591919,-0.25115373730659485,2.595595598220825,-0.6355921030044556,-0.4337485134601593,2.5893139839172363,-0.6317868828773499,-0.4364554286003113,2.6390223503112793,-0.620609700679779,-0.4414907991886139,2.785099983215332,-0.4657229781150818,-0.24172626435756683,2.668937921524048,-0.21730688214302063,-0.2329137921333313,2.570131778717041,-0.16762366890907288,-0.2311512976884842,2.550370454788208,-0.06825722754001617,-0.22762630879878998,2.510848045349121,-0.14039413630962372,-0.24564966559410095,2.4727065563201904,-0.6393990516662598,-0.43302613496780396,2.5395374298095703,-0.6505762338638306,-0.42799076437950134,2.3934597969055176,-0.41292423009872437,-0.28342390060424805,2.3968279361724854,-0.14634159207344055,-0.2645610570907593,2.385481834411621,-0.09302506595849991,-0.2607885003089905,2.3832125663757324,0.013607986271381378,-0.2532433569431305,2.378674030303955,-0.03651846945285797,-0.26374563574790955,2.4447076320648193,-0.6232737302780151,0.11071600019931793,2.706049680709839,-0.6227081418037415,0.551864504814148,2.7901113033294678,-0.6485273838043213,0.942549467086792,2.867891311645508,-0.5363950729370117,1.0506525039672852,2.874303102493286,-0.6468534469604492,0.1173427551984787,2.5099995136260986,-0.6964665651321411,0.5569310188293457,2.5873258113861084,-0.7736349701881409,0.9418603777885437,2.6596133708953857,-0.6765106916427612,1.0636276006698608,2.6659891605377197,-0.5310388803482056,-0.554580807685852,2.5668420791625977,-0.5176456570625305,-0.6013081669807434,2.563264846801758,-0.5350248217582703,-0.6443344354629517,2.5953590869903564,-0.6185904145240784,-0.6502775549888611,2.6656062602996826,-0.5458897352218628,-0.6430500745773315,2.537903070449829,-0.64937424659729,-0.6466386318206787,2.5028140544891357,-0.6945112347602844,1.036743402481079,2.8916807174682617,-0.8317325115203857,1.029581069946289,2.681583881378174
-0.6386460661888123,0.11331969499588013,2.609994888305664,-0.6383152008056641,-0.06928575038909912,2.6038103103637695,-0.6379480957984924,-0.2518876791000366,2.5975234508514404,-0.6375809907913208,-0.43449509143829346,2.5912363529205322,-0.6355917453765869,-0.43719980120658875,2.641054153442383,-0.6297241449356079,-0.44225582480430603,2.788247585296631,-0.4716208577156067,-0.24266435205936432,2.675895929336548,-0.2198236882686615,-0.23278790712356567,2.5858216285705566,-0.16946424543857574,-0.23081262409687042,2.5678067207336426,-0.06874536722898483,-0.22686204314231873,2.5317771434783936,-0.13938724994659424,-0.24572952091693878,2.491241455078125,-0.6395662426948547,-0.43377503752708435,2.5413503646850586,-0.6454338431358337,-0.42871901392936707,2.3941569328308105,-0.4085756540298462,-0.2826411724090576,2.3981306552886963,-0.14211472868919373,-0.2594563663005829,2.3895411491394043,-0.08882254362106323,-0.254819393157959,2.3878233432769775,0.017761826515197754,-0.24554546177387238,2.384387493133545,-0.0329560786485672,-0.2560948133468628,2.4500062465667725,-0.6301621794700623,0.11000339686870575,2.7083637714385986,-0.6262688636779785,0.551439642906189,2.7912700176239014,-0.6503850817680359,0.9426652193069458,2.867243528366089,-0.5373266935348511,1.0495742559432983,2.877164602279663,-0.6471299529075623,0.1166359931230545,2.5116260051727295,-0.6981710195541382,0.5562447309494019,2.588395833969116,-0.7767813205718994,0.9412575364112854,2.6590826511383057,-0.6796114444732666,1.0627903938293457,2.6689796447753906,-0.5310767292976379,-0.553929328918457,2.573350429534912,-0.5170443654060364,-0.6004125475883484,2.57051157951355,-0.5350871682167053,-0.6434112191200256,2.6020638942718506,-0.6209985613822937,-0.6500227451324463,2.6689858436584473,-0.5437635183334351,-0.6425058245658875,2.544353723526001,-0.6455814242362976,-0.6474574208259583,2.505474090576172,-0.69610995054245,1.0374374389648438,2.88926100730896,-0.8353747129440308,1.0290842056274414,2.6793458461761475
-0.6419536471366882,0.11293071508407593,2.612783908843994,-0.6411795020103455,-0.06969217956066132,2.60662579536438,-0.6403601765632629,-0.2523116171360016,2.6003715991973877,-0.6395407915115356,-0.4349365234375,2.5941174030303955,-0.6391515135765076,-0.43763598799705505,2.6439783573150635,-0.6380097270011902,-0.44270068407058716,2.7920165061950684,-0.47586604952812195,-0.24321964383125305,2.6853394508361816,-0.2214677333831787,-0.2326754480600357,2.6029415130615234,-0.17058807611465454,-0.23056660592556,2.5864620208740234,-0.0688287541270256,-0.22634892165660858,2.5535027980804443,-0.13819855451583862,-0.2450956404209137,2.51076602935791,-0.6399211883544922,-0.43422195315361023,2.5441882610321045,-0.6410629749298096,-0.4291572570800781,2.3961501121520996,-0.40602827072143555,-0.28016340732574463,2.4009220600128174,-0.13990938663482666,-0.25254297256469727,2.394840717315674,-0.08668561279773712,-0.24701888859272003,2.3936245441436768,0.019761934876441956,-0.23597072064876556,2.3911919593811035,-0.031459033489227295,-0.24670349061489105,2.4563934803009033,-0.6363280415534973,0.10963049530982971,2.711359977722168,-0.629146933555603,0.5512785911560059,2.7932138442993164,-0.6507983803749084,0.9430252313613892,2.8674862384796143,-0.536798357963562,1.0486375093460083,2.8803799152374268,-0.6475792527198792,0.11623093485832214,2.5142078399658203,-0.6997679471969604,0.5560361742973328,2.5893900394439697,-0.7800318598747253,0.9411824941635132,2.6577322483062744,-0.6830604672431946,1.0626388788223267,2.6704256534576416,-0.5314085483551025,-0.5531027913093567,2.5804901123046875,-0.5168240070343018,-0.5993676781654358,2.5783321857452393,-0.5354902148246765,-0.6423726677894592,2.609341859817505,-0.6234946846961975,-0.6496464014053345,2.6731057167053223,-0.5421179533004761,-0.6417618989944458,2.551454544067383,-0.6422731280326843,-0.6479158401489258,2.509091854095459,-0.6960155367851257,1.0384033918380737,2.8879458904266357,-0.8391103148460388,1.0290791988372803,2.6762819290161133
-0.644172191619873,0.113038569688797,2.614699602127075,-0.6429824233055115,-0.06959892809391022,2.608527183532715,-0.6417568325996399,-0.2522347569465637,2.60231351852417,-0.6405312418937683,-0.43487608432769775,2.596099615097046,-0.6414788365364075,-0.4375724792480469,2.645958185195923,-0.6443208456039429,-0.44264674186706543,2.794542074203491,-0.47877299785614014,-0.24320638179779053,2.6929867267608643,-0.22193115949630737,-0.23229339718818665,2.618403673171997,-0.17056278884410858,-0.2301107943058014,2.603487014770508,-0.0678260400891304,-0.22574560344219208,2.5736539363861084,-0.13584738969802856,-0.24454495310783386,2.5287911891937256,-0.6395702362060547,-0.43416476249694824,2.546173572540283,-0.6367282271385193,-0.4290904998779297,2.397589683532715,-0.4042380452156067,-0.27611032128334045,2.4040253162384033,-0.13838469982147217,-0.2450873702764511,2.401019811630249,-0.0852140337228775,-0.23888278007507324,2.400418758392334,0.021127305924892426,-0.2264735996723175,2.399216413497925,-0.03078068047761917,-0.23729215562343597,2.463881015777588,-0.640919029712677,0.10972460359334946,2.7133829593658447,-0.6318400502204895,0.5515161156654358,2.7944867610931396,-0.6531588435173035,0.9435606002807617,2.8674604892730713,-0.5389226078987122,1.0485923290252686,2.8829171657562256,-0.6474253535270691,0.11635253578424454,2.5160162448883057,-0.7005300521850586,0.5563318729400635,2.589759349822998,-0.782795786857605,0.9414534568786621,2.6560332775115967,-0.6862660050392151,1.0630146265029907,2.6710453033447266,-0.5312486886978149,-0.552053689956665,2.586099863052368,-0.5162611603736877,-0.5981447696685791,2.5844991207122803,-0.535514235496521,-0.6411778330802917,2.61497163772583,-0.6252712607383728,-0.6490117907524109,2.6759183406829834,-0.5403453707695007,-0.6407347321510315,2.5569827556610107,-0.638959527015686,-0.6477563977241516,2.5116159915924072,-0.6983438730239868,1.039231538772583,2.8866329193115234,-0.8423942923545837,1.0293068885803223,2.6731204986572266
-0.6453532576560974,0.11372938752174377,2.6145713329315186,-0.6438759565353394,-0.06891527771949768,2.608379364013672,-0.6423799991607666,-0.2515612244606018,2.6022298336029053,-0.6408839821815491,-0.4342126250267029,2.5960800647735596,-0.6428098082542419,-0.4369000792503357,2.645913600921631,-0.648582935333252,-0.44195935130119324,2.794771909713745,-0.48116302490234375,-0.2430391013622284,2.6950814723968506,-0.22236862778663635,-0.2319483906030655,2.6273345947265625,-0.1706097424030304,-0.2297302484512329,2.6137852668762207,-0.06709197908639908,-0.22529396414756775,2.586686611175537,-0.13380825519561768,-0.24499237537384033,2.540236711502075,-0.6389418840408325,-0.4335103929042816,2.54617977142334,-0.6331687569618225,-0.4284511208534241,2.3973214626312256,-0.4035075902938843,-0.27128905057907104,2.406949758529663,-0.1377951204776764,-0.23838891088962555,2.4082367420196533,-0.0846526250243187,-0.2318088859319687,2.408494234085083,0.021632365882396698,-0.21864883601665497,2.4090089797973633,-0.03129550814628601,-0.2294706404209137,2.472869873046875,-0.6438141465187073,0.1103949248790741,2.7132956981658936,-0.6346714496612549,0.5521665811538696,2.794740676879883,-0.6582121849060059,0.944158673286438,2.8675241470336914,-0.54450523853302,1.049450397491455,2.885118246078491,-0.6468923687934875,0.11706385016441345,2.5158469676971436,-0.7011587619781494,0.556996762752533,2.5892858505249023,-0.7857805490493774,0.9417990446090698,2.654675006866455,-0.6898979544639587,1.0636440515518188,2.671571969985962,-0.5308824181556702,-0.5507166981697083,2.589129686355591,-0.5156332850456238,-0.5966854691505432,2.5880253314971924,-0.5353977680206299,-0.6397018432617188,2.6180882453918457,-0.6265193223953247,-0.6478534936904907,2.6767311096191406,-0.538774311542511,-0.6394277215003967,2.560053586959839,-0.6360862255096436,-0.6470766663551331,2.5122992992401123,-0.7039614319801331,1.039725422859192,2.885920524597168,-0.8459486961364746,1.0294514894485474,2.6708390712738037
-0.644271194934845,0.11547806859016418,2.6087048053741455,-0.6427115797996521,-0.06716199219226837,2.602386713027954,-0.6411762833595276,-0.24981087446212769,2.596323013305664,-0.6396409273147583,-0.43246525526046753,2.590259313583374,-0.6418263912200928,-0.4351314604282379,2.6400833129882812,-0.6483802795410156,-0.4401313364505768,2.7890305519104004,-0.48183587193489075,-0.2453632801771164,2.6795783042907715,-0.2257537841796875,-0.23582400381565094,2.6013216972351074,-0.17453736066818237,-0.23391614854335785,2.5856704711914062,-0.07210452109575272,-0.23010043799877167,2.554367780685425,-0.14070546627044678,-0.250369668006897,2.510892868041992,-0.6374388337135315,-0.4317842423915863,2.5403692722320557,-0.6308849453926086,-0.42678436636924744,2.3914220333099365,-0.40392398834228516,-0.2658287584781647,2.406700849533081,-0.1379711627960205,-0.23407289385795593,2.4140350818634033,-0.08478060364723206,-0.22772172093391418,2.415501832962036,0.021600522100925446,-0.2150193750858307,2.418435573577881,-0.03284292668104172,-0.2256932556629181,2.4811172485351562,-0.6431183815002441,0.1120726466178894,2.707432270050049,-0.6358407139778137,0.5532882213592529,2.7922024726867676,-0.6639301776885986,0.9444762468338013,2.8678126335144043,-0.5514340400695801,1.050838828086853,2.886800527572632,-0.6454240083694458,0.11888349056243896,2.509977340698242,-0.7012132406234741,0.5583370327949524,2.585331678390503,-0.7890985012054443,0.9421766996383667,2.6522438526153564,-0.694227933883667,1.0646811723709106,2.6701648235321045,-0.529508650302887,-0.5487318634986877,2.58522891998291,-0.5142005681991577,-0.5946393013000488,2.584496259689331,-0.5342982411384583,-0.6375349760055542,2.6144096851348877,-0.62611323595047,-0.6455958485603333,2.6717758178710938,-0.5368795394897461,-0.6374697089195251,2.556389570236206,-0.6334269046783447,-0.64541095495224,2.507385492324829,-0.710792064666748,1.03941810131073,2.8866868019104004,-0.8500170707702637,1.029288411140442,2.668574094772339
-0.6427962779998779,0.1167537271976471,2.602106809616089,-0.6413316130638123,-0.06589142978191376,2.5957765579223633,-0.6399359107017517,-0.24854934215545654,2.5898094177246094,-0.6385402083396912,-0.43121272325515747,2.5838420391082764,-0.6404731869697571,-0.43384939432144165,2.6336793899536133,-0.6462708711624146,-0.43876099586486816,2.782670259475708,-0.4818308651447296,-0.24943387508392334,2.6603028774261475,-0.2286091446876526,-0.2395043671131134,2.5721821784973145,-0.17796480655670166,-0.23751845955848694,2.554558038711548,-0.07667611539363861,-0.2335466593503952,2.5193097591400146,-0.14664801955223083,-0.2561432719230652,2.479072093963623,-0.6365920305252075,-0.4305613934993744,2.533939838409424,-0.63079434633255,-0.4256497919559479,2.384948968887329,-0.40752583742141724,-0.259827584028244,2.4076030254364014,-0.14112421870231628,-0.23124870657920837,2.421692371368408,-0.0878438949584961,-0.22553293406963348,2.4245102405548096,0.018716759979724884,-0.2141013890504837,2.4301459789276123,-0.0374298170208931,-0.22472067177295685,2.491469144821167,-0.6411170959472656,0.1133456826210022,2.70082688331604,-0.6378634572029114,0.5539566278457642,2.789080858230591,-0.6725797653198242,0.943993330001831,2.867957830429077,-0.5619022846221924,1.0521769523620605,2.8874261379241943,-0.6444754600524902,0.12016177177429199,2.5033867359161377,-0.7017773389816284,0.5590021014213562,2.5813162326812744,-0.7930603623390198,0.9416400790214539,2.6506781578063965,-0.6992887258529663,1.064968466758728,2.6688220500946045,-0.5287795066833496,-0.5476773381233215,2.580003023147583,-0.5135995745658875,-0.5935852527618408,2.579573631286621,-0.5339653491973877,-0.63625168800354,2.609539031982422,-0.626054048538208,-0.6438047885894775,2.6663482189178467,-0.5362027883529663,-0.6364490985870361,2.5515573024749756,-0.632393479347229,-0.6443641185760498,2.5020663738250732,-0.7210443615913391,1.0379443168640137,2.887760877609253,-0.8547452092170715,1.0280766487121582,2.667750835418701
-0.640666127204895,0.11799284815788269,2.594658613204956,-0.6393129229545593,-0.0646631270647049,2.588381767272949,-0.6380582451820374,-0.24733363091945648,2.5825202465057373,-0.6368035078048706,-0.4300096035003662,2.5766584873199463,-0.638026773929596,-0.4326118528842926,2.6265223026275635,-0.6417028307914734,-0.4374217987060547,2.775631904602051,-0.4841090738773346,-0.25295495986938477,2.6374154090881348,-0.2355291098356247,-0.2406993806362152,2.5367016792297363,-0.18581311404705048,-0.23824825882911682,2.516558885574341,-0.08638112992048264,-0.23334603011608124,2.47627329826355,-0.1576167345046997,-0.2593580186367035,2.440434694290161,-0.6355665922164917,-0.42939281463623047,2.52673077583313,-0.6318905353546143,-0.4245828688144684,2.3776211738586426,-0.41369837522506714,-0.25324350595474243,2.409285545349121,-0.14708688855171204,-0.2298692762851715,2.4306728839874268,-0.09376458823680878,-0.22519442439079285,2.434950351715088,0.012880012392997742,-0.21584473550319672,2.44350528717041,-0.045053914189338684,-0.22647354006767273,2.503223180770874,-0.6376708149909973,0.11462360620498657,2.6933493614196777,-0.6396344304084778,0.5545898675918579,2.784938335418701,-0.6819928884506226,0.9431775808334351,2.867284059524536,-0.5734912157058716,1.0536222457885742,2.8863790035247803,-0.6436614394187927,0.12136209011077881,2.4959678649902344,-0.7024819254875183,0.5594773292541504,2.5769481658935547,-0.7959634065628052,0.9410129189491272,2.649524211883545,-0.7029615044593811,1.0650147199630737,2.6671156883239746,-0.5276696085929871,-0.5469124913215637,2.5731735229492188,-0.5127129554748535,-0.5928578972816467,2.572955846786499,-0.5331807732582092,-0.6352348327636719,2.603184938430786,-0.6250864267349243,-0.6420483589172363,2.660231828689575,-0.5355696082115173,-0.6357378959655762,2.5452535152435303,-0.6318546533584595,-0.6434736251831055,2.4960927963256836,-0.7322795987129211,1.0358918905258179,2.8883676528930664,-0.8581245541572571,1.0268574953079224,2.6678524017333984
-0.6377049684524536,0.11934244632720947,2.587858200073242,-0.6365156769752502,-0.06331971287727356,2.5814719200134277,-0.6354295015335083,-0.2459975630044937,2.575531244277954,-0.6343433260917664,-0.4286808967590332,2.5695905685424805,-0.6345419883728027,-0.43129798769950867,2.6194705963134766,-0.6351534724235535,-0.4361529052257538,2.768650770187378,-0.4884015917778015,-0.25505006313323975,2.6147491931915283,-0.24439536035060883,-0.24101489782333374,2.5034031867980957,-0.19559411704540253,-0.2382078617811203,2.4811339378356934,-0.09799162298440933,-0.23259378969669342,2.4365956783294678,-0.16977962851524353,-0.26248279213905334,2.4050774574279785,-0.6341328024864197,-0.4280492961406708,2.5196456909179688,-0.633521318435669,-0.42319437861442566,2.3704655170440674,-0.4218781590461731,-0.24560919404029846,2.4115841388702393,-0.1552586853504181,-0.22893813252449036,2.4393343925476074,-0.10193479061126709,-0.22560392320156097,2.4448845386505127,0.004713006317615509,-0.2189355045557022,2.455984592437744,-0.054781556129455566,-0.22967283427715302,2.5141685009002686,-0.6327818632125854,0.1159268468618393,2.6864700317382812,-0.6389284729957581,0.5550087690353394,2.782071352005005,-0.6876901388168335,0.9418932795524597,2.8688135147094727,-0.5811259746551514,1.0543553829193115,2.8870489597320557,-0.6426280736923218,0.12275804579257965,2.489246368408203,-0.7028658986091614,0.5602292418479919,2.5726773738861084,-0.797864556312561,0.9408241510391235,2.6482040882110596,-0.7054934501647949,1.0654879808425903,2.6644113063812256,-0.5261435508728027,-0.5462981462478638,2.564822196960449,-0.5115216970443726,-0.592325747013092,2.5644752979278564,-0.5318678021430969,-0.6344920992851257,2.59502911567688,-0.622997522354126,-0.6405702233314514,2.6532907485961914,-0.5350390672683716,-0.6350635290145874,2.5371642112731934,-0.6319827437400818,-0.6421893239021301,2.48934006690979,-0.7394654154777527,1.033367395401001,2.891649007797241,-0.8603211641311646,1.0261344909667969,2.6679773330688477
-0.6323248147964478,0.12203937768936157,2.5759150981903076,-0.6311943531036377,-0.06063474714756012,2.5692198276519775,-0.6301759481430054,-0.2433275431394577,2.563035011291504,-0.629157543182373,-0.4260258078575134,2.5568501949310303,-0.6275990605354309,-0.4286990165710449,2.6067094802856445,-0.6230006814002991,-0.4336748421192169,2.7544498443603516,-0.49855852127075195,-0.25096046924591064,2.5848851203918457,-0.2563531994819641,-0.23976251482963562,2.470965623855591,-0.2079121321439743,-0.2375229299068451,2.448181629180908,-0.11102999746799469,-0.23304374516010284,2.402613878250122,-0.18198488652706146,-0.2672916054725647,2.374384641647339,-0.6307048797607422,-0.4253382682800293,2.5069234371185303,-0.635303258895874,-0.4203624427318573,2.3591830730438232,-0.4443064332008362,-0.2262241244316101,2.4179463386535645,-0.1786119043827057,-0.23118604719638824,2.4518322944641113,-0.1254729926586151,-0.2321784347295761,2.4586095809936523,-0.019195184111595154,-0.23416320979595184,2.4721639156341553,-0.08055052161216736,-0.2441030889749527,2.528209686279297,-0.6240577697753906,0.11848456412553787,2.674301862716675,-0.637499213218689,0.5554925203323364,2.7791593074798584,-0.6985582709312439,0.9384430646896362,2.8758316040039062,-0.5958718657493591,1.0546540021896362,2.8933968544006348,-0.6405918598175049,0.12559418380260468,2.4775283336639404,-0.7039365768432617,0.5619910955429077,2.565260410308838,-0.8026030659675598,0.9407674074172974,2.64599609375,-0.7117385268211365,1.0668970346450806,2.6598880290985107,-0.523441731929779,-0.5454024076461792,2.5494861602783203,-0.50968998670578,-0.5916129946708679,2.5488834381103516,-0.5299089550971985,-0.63325434923172,2.580069065093994,-0.6193443536758423,-0.6375177502632141,2.6407408714294434,-0.5346790552139282,-0.6339216828346252,2.522409200668335,-0.6328596472740173,-0.6394086480140686,2.4773714542388916,-0.7531400918960571,1.0273562669754028,2.90220046043396,-0.8657801151275635,1.0249829292297363,2.6682775020599365
-0.6284089088439941,0.12498459219932556,2.5671989917755127,-0.6277242302894592,-0.05769886076450348,2.5604429244995117,-0.6271328926086426,-0.2404027283191681,2.554253339767456,-0.6265415549278259,-0.42311206459999084,2.5480635166168213,-0.6226862072944641,-0.4257786273956299,2.5978009700775146,-0.6113578677177429,-0.43070051074028015,2.7441680431365967,-0.5065270066261292,-0.2443213164806366,2.5667717456817627,-0.26682955026626587,-0.23328246176242828,2.449317455291748,-0.21889007091522217,-0.23107469081878662,2.4258265495300293,-0.12301109731197357,-0.2266591489315033,2.378844738006592,-0.19353048503398895,-0.26308727264404297,2.353039026260376,-0.630390465259552,-0.4224313497543335,2.4982588291168213,-0.6417188048362732,-0.4175094664096832,2.3518917560577393,-0.46429771184921265,-0.21188560128211975,2.410515546798706,-0.19852754473686218,-0.2246786653995514,2.434490442276001,-0.14537350833415985,-0.2272372841835022,2.4392855167388916,-0.03906543552875519,-0.23235450685024261,2.4488754272460938,-0.0984647274017334,-0.242250457406044,2.5066657066345215,-0.6158350706100464,0.12140996009111404,2.6651298999786377,-0.630711555480957,0.5567570328712463,2.776956081390381,-0.6963332295417786,0.9367800951004028,2.8822245597839355,-0.5956294536590576,1.0550981760025024,2.897386074066162,-0.6409827470779419,0.12855921685695648,2.4692680835723877,-0.7038291692733765,0.5643321871757507,2.560950994491577,-0.802700400352478,0.9419689178466797,2.6470916271209717,-0.7125515937805176,1.0689948797225952,2.6574785709381104,-0.5233567953109741,-0.544268786907196,2.5368540287017822,-0.5104472637176514,-0.590687096118927,2.535895347595215,-0.5300441980361938,-0.6318218111991882,2.568077564239502,-0.6168688535690308,-0.6342846751213074,2.632420063018799,-0.5372331142425537,-0.6326361894607544,2.510704278945923,-0.6372374892234802,-0.6365921497344971,2.469862937927246,-0.7517750263214111,1.0240150690078735,2.9122602939605713,-0.8657070398330688,1.025505781173706,2.6723427772521973
-0.6261999011039734,0.1277008354663849,2.559386730194092,-0.626060962677002,-0.05500371754169464,2.5530261993408203,-0.6260022521018982,-0.23772819340229034,2.5472655296325684,-0.6259435415267944,-0.4204581379890442,2.5415048599243164,-0.619671642780304,-0.4230106472969055,2.591003179550171,-0.6013954281806946,-0.4275551438331604,2.735339879989624,-0.5158384442329407,-0.23887483775615692,2.5522091388702393,-0.27996230125427246,-0.22645659744739532,2.430155038833618,-0.23278707265853882,-0.22397294640541077,2.4057443141937256,-0.13843661546707153,-0.21900564432144165,2.3569226264953613,-0.20835530757904053,-0.257380872964859,2.333728790283203,-0.6322147250175476,-0.41989171504974365,2.491943836212158,-0.650490939617157,-0.41534721851348877,2.347607135772705,-0.4875384569168091,-0.197953000664711,2.3990213871002197,-0.22219517827033997,-0.21224470436573029,2.4078338146209717,-0.16912652552127838,-0.21510304510593414,2.4095962047576904,-0.06298921257257462,-0.22081972658634186,2.413121223449707,-0.11881697922945023,-0.23066776990890503,2.473829746246338,-0.6090756058692932,0.1243283674120903,2.6566343307495117,-0.62353515625,0.5583299994468689,2.774266481399536,-0.6912975311279297,0.9358514547348022,2.887446880340576,-0.5921458601951599,1.0558828115463257,2.899686813354492,-0.6433241963386536,0.13107331097126007,2.462139129638672,-0.7040199637413025,0.5664429068565369,2.557915687561035,-0.8018062114715576,0.9431567788124084,2.6498312950134277,-0.7122387886047363,1.070913553237915,2.6564862728118896,-0.5252044796943665,-0.5432422757148743,2.526886463165283,-0.5130519866943359,-0.5898475646972656,2.525768995285034,-0.5318458676338196,-0.6304082274436951,2.5591118335723877,-0.6158016920089722,-0.6310228705406189,2.6271510124206543,-0.5415262579917908,-0.6315661072731018,2.5021278858184814,-0.6432293653488159,-0.634303629398346,2.4656965732574463,-0.7469355463981628,1.0216814279556274,2.921093702316284,-0.8642574548721313,1.0261424779891968,2.6782515048980713
-0.6249660849571228,0.12951380014419556,2.554565191268921,-0.6253400444984436,-0.05321906507015228,2.5490517616271973,-0.6258053183555603,-0.23596680164337158,2.544063091278076,-0.626270592212677,-0.418720006942749,2.539074182510376,-0.6173360347747803,-0.4210769236087799,2.58817195892334,-0.5916022658348083,-0.4250038266181946,2.729624032974243,-0.5243374109268188,-0.2351464480161667,2.542875289916992,-0.2943339943885803,-0.22082114219665527,2.4138529300689697,-0.24833332002162933,-0.217956081032753,2.3880484104156494,-0.15633195638656616,-0.21222595870494843,2.336439371109009,-0.22579731047153473,-0.2519475519657135,2.3163223266601562,-0.6352102160453796,-0.41834938526153564,2.489922285079956,-0.6609439849853516,-0.41442248225212097,2.3484702110290527,-0.5143277049064636,-0.18515795469284058,2.3857109546661377,-0.2507069706916809,-0.19660432636737823,2.3744568824768066,-0.1979828178882599,-0.19889360666275024,2.372205972671509,-0.09253452718257904,-0.20347215235233307,2.367704391479492,-0.14309857785701752,-0.21268349885940552,2.4322519302368164,-0.6028193235397339,0.126564621925354,2.650808811187744,-0.6161684393882751,0.5598071217536926,2.772202730178833,-0.6847000122070312,0.9353827238082886,2.891937017440796,-0.5870907306671143,1.0571082830429077,2.9002439975738525,-0.6471128463745117,0.1324629783630371,2.4583215713500977,-0.7039979696273804,0.5680047273635864,2.5567145347595215,-0.799510657787323,0.9442949295043945,2.6535282135009766,-0.7105203866958618,1.0727087259292603,2.6556077003479004,-0.5280047059059143,-0.5430290699005127,2.520951986312866,-0.5165457725524902,-0.589806854724884,2.5197465419769287,-0.5342607498168945,-0.6297699213027954,2.554375648498535,-0.6148565411567688,-0.6285445690155029,2.6263532638549805,-0.5466772317886353,-0.6313571929931641,2.4979360103607178,-0.6500366926193237,-0.6330417394638062,2.4664406776428223,-0.7400802969932556,1.019999384880066,2.929079532623291,-0.8610116243362427,1.0269204378128052,2.6851062774658203
-0.6246896982192993,0.1310957670211792,2.5502398014068604,-0.6252239346504211,-0.051648080348968506,2.545440673828125,-0.6258516311645508,-0.23440265655517578,2.541081666946411,-0.6264793276786804,-0.4171627163887024,2.536722421646118,-0.6146199107170105,-0.41935351490974426,2.585202217102051,-0.5809281468391418,-0.4227549433708191,2.722957134246826,-0.53559809923172,-0.23128871619701385,2.534578323364258,-0.3186657428741455,-0.2056509405374527,2.390059232711792,-0.27527928352355957,-0.20052337646484375,2.3611555099487305,-0.1885063350200653,-0.19026826322078705,2.3033478260040283,-0.25677722692489624,-0.23278018832206726,2.28826642036438,-0.6383455991744995,-0.4169582426548004,2.4881954193115234,-0.6720373630523682,-0.4135568141937256,2.350440502166748,-0.5453502535820007,-0.17315420508384705,2.369351863861084,-0.28562939167022705,-0.17914001643657684,2.336005926132202,-0.2336852252483368,-0.18033717572689056,2.329336643218994,-0.12979687750339508,-0.182731494307518,2.3159983158111572,-0.174019455909729,-0.1904604732990265,2.3844106197357178,-0.5970818400382996,0.12852463126182556,2.645073652267456,-0.6092167496681213,0.561386227607727,2.7690117359161377,-0.6771060228347778,0.9354813098907471,2.8944783210754395,-0.5811133980751038,1.0588444471359253,2.8979997634887695,-0.6522975564002991,0.13366690278053284,2.4554059505462646,-0.7040427327156067,0.5697699189186096,2.555474042892456,-0.7960068583488464,0.9460453391075134,2.656752586364746,-0.7076404690742493,1.0749908685684204,2.6536126136779785,-0.5305771231651306,-0.5425929427146912,2.5143239498138428,-0.519682765007019,-0.5894908308982849,2.512805223464966,-0.5360153317451477,-0.6290758848190308,2.548521041870117,-0.6127972602844238,-0.6266129612922668,2.624506950378418,-0.5513173341751099,-0.6308264136314392,2.4928059577941895,-0.6561530828475952,-0.6315727829933167,2.4666473865509033,-0.7317333221435547,1.0190585851669312,2.935126781463623,-0.8561170697212219,1.0284886360168457,2.691558837890625
-0.62523353099823,0.1325327455997467,2.5472218990325928,-0.6257822513580322,-0.05022421479225159,2.5433406829833984,-0.6264313459396362,-0.23298896849155426,2.539863109588623,-0.627080500125885,-0.41575920581817627,2.5363855361938477,-0.6122053861618042,-0.4177122712135315,2.5840342044830322,-0.5706037282943726,-0.4203960597515106,2.7173166275024414,-0.5481270551681519,-0.22865711152553558,2.5285723209381104,-0.3499549627304077,-0.18662816286087036,2.3662288188934326,-0.31032055616378784,-0.17822237312793732,2.3337600231170654,-0.2310517132282257,-0.16141079366207123,2.26882266998291,-0.2968524694442749,-0.20789578557014465,2.2594919204711914,-0.6419626474380493,-0.4157925844192505,2.488698720932007,-0.683564305305481,-0.41310879588127136,2.3554162979125977,-0.5803273916244507,-0.16365545988082886,2.3524887561798096,-0.3268636465072632,-0.16360536217689514,2.2963621616363525,-0.27617090940475464,-0.16359534859657288,2.2851369380950928,-0.17478542029857635,-0.16357530653476715,2.262686252593994,-0.21204769611358643,-0.16843181848526,2.3345582485198975,-0.5920396447181702,0.13045723736286163,2.640260934829712,-0.6030130982398987,0.5631738305091858,2.765712261199951,-0.6693479418754578,0.9361245632171631,2.8960318565368652,-0.5752082467079163,1.0610532760620117,2.894277811050415,-0.6584274172782898,0.13460825383663177,2.4541828632354736,-0.7044395208358765,0.5713459849357605,2.555401086807251,-0.792515218257904,0.9475769996643066,2.6610829830169678,-0.7051477432250977,1.0770626068115234,2.6525418758392334,-0.5335185527801514,-0.5422120094299316,2.5103847980499268,-0.523114025592804,-0.5892066359519958,2.5087692737579346,-0.5379493832588196,-0.6283061504364014,2.5456349849700928,-0.6107491254806519,-0.6244618892669678,2.625356435775757,-0.5560604929924011,-0.6304306387901306,2.490795612335205,-0.6620639562606812,-0.6304813027381897,2.4699783325195312,-0.7228394746780396,1.018798589706421,2.940056324005127,-0.8509962558746338,1.0298254489898682,2.699157238006592
-0.6259008049964905,0.13390108942985535,2.5445876121520996,-0.6264066696166992,-0.04886525869369507,2.5417933464050293,-0.6270220279693604,-0.23163680732250214,2.539388418197632,-0.6276374459266663,-0.41441380977630615,2.5369834899902344,-0.6098493933677673,-0.4160809814929962,2.5836312770843506,-0.5608941316604614,-0.41793522238731384,2.712024211883545,-0.5567805767059326,-0.22701093554496765,2.524571180343628,-0.37888550758361816,-0.17077897489070892,2.3473803997039795,-0.3433064818382263,-0.1595325767993927,2.3119423389434814,-0.2721484303474426,-0.13703979551792145,2.2410659790039062,-0.3351811170578003,-0.1867368519306183,2.236738920211792,-0.64543217420578,-0.41473323106765747,2.490309476852417,-0.6943874359130859,-0.41287899017333984,2.3619165420532227,-0.6202355623245239,-0.15722313523292542,2.3345446586608887,-0.37540024518966675,-0.1491316258907318,2.255833387374878,-0.3264331817626953,-0.14751332998275757,2.24009108543396,-0.22849905490875244,-0.1442767232656479,2.208606481552124,-0.25859230756759644,-0.14507469534873962,2.2831411361694336,-0.5873148441314697,0.13240383565425873,2.6355342864990234,-0.5975816249847412,0.564957857131958,2.762244939804077,-0.6619900465011597,0.936859130859375,2.896947145462036,-0.5700075030326843,1.0632809400558472,2.889961004257202,-0.6644867658615112,0.13539834320545197,2.453640937805176,-0.7050002217292786,0.5726824402809143,2.555647134780884,-0.7896493673324585,0.9486007690429688,2.6657543182373047,-0.7038158774375916,1.0787445306777954,2.652069568634033,-0.5365898609161377,-0.5419215559959412,2.5077567100524902,-0.5266873836517334,-0.589006245136261,2.5061190128326416,-0.5400341749191284,-0.6275896430015564,2.5440518856048584,-0.6087855100631714,-0.6222965717315674,2.6271603107452393,-0.5608171224594116,-0.630087673664093,2.490206480026245,-0.6676705479621887,-0.6293742060661316,2.4745984077453613,-0.7141203880310059,1.0186855792999268,2.94417667388916,-0.8464769124984741,1.0305256843566895,2.7070181369781494
-0.6264207363128662,0.13533475995063782,2.542712450027466,-0.626838207244873,-0.04742279648780823,2.5412909984588623,-0.6273729205131531,-0.23018264770507812,2.5402541160583496,-0.6279076337814331,-0.41294795274734497,2.539217233657837,-0.6074368357658386,-0.4142594635486603,2.5847556591033936,-0.5519195199012756,-0.41512253880500793,2.7082550525665283,-0.5605064034461975,-0.22486095130443573,2.523045539855957,-0.4016772508621216,-0.15863186120986938,2.3342645168304443,-0.36991143226623535,-0.14538604021072388,2.296508312225342,-0.3063797652721405,-0.11889440566301346,2.2209959030151367,-0.3673172891139984,-0.1704220026731491,2.220778465270996,-0.6483842134475708,-0.4136228859424591,2.4936673641204834,-0.7039015293121338,-0.41275981068611145,2.3701679706573486,-0.6639145016670227,-0.1554604470729828,2.317500591278076,-0.42835772037506104,-0.13892532885074615,2.2200794219970703,-0.3812463581562042,-0.13561829924583435,2.2005951404571533,-0.2870236337184906,-0.12900425493717194,2.1616265773773193,-0.31138575077056885,-0.12430944293737411,2.2374751567840576,-0.5828882455825806,0.1345454454421997,2.631405830383301,-0.5930388569831848,0.5669000744819641,2.759122610092163,-0.6553658246994019,0.937897264957428,2.8974852561950684,-0.5657490491867065,1.0656776428222656,2.885533332824707,-0.6699532270431519,0.13612407445907593,2.454019069671631,-0.7051573991775513,0.573934018611908,2.556137800216675,-0.787618100643158,0.9490935206413269,2.6706950664520264,-0.7039189338684082,1.0801106691360474,2.6525075435638428,-0.5397236943244934,-0.5417780876159668,2.507516860961914,-0.5304213762283325,-0.5889673829078674,2.506035566329956,-0.542424738407135,-0.6269057989120483,2.545015811920166,-0.6071984767913818,-0.6198034882545471,2.6310672760009766,-0.5656717419624329,-0.6298317909240723,2.492238759994507,-0.6730650067329407,-0.628093957901001,2.481532335281372,-0.7060137391090393,1.0189695358276367,2.9475901126861572,-0.8430047035217285,1.030474305152893,2.7149431705474854
-0.6273663640022278,0.13621288537979126,2.545879364013672,-0.6276412606239319,-0.046512797474861145,2.545682668685913,-0.62809818983078,-0.22923822700977325,2.545701026916504,-0.6285551190376282,-0.4119691252708435,2.5457193851470947,-0.6056455969810486,-0.4130150079727173,2.5900766849517822,-0.5441215634346008,-0.4131568968296051,2.70918607711792,-0.5609990954399109,-0.2195136845111847,2.531355619430542,-0.418671190738678,-0.1434447169303894,2.3360962867736816,-0.39020562171936035,-0.12823092937469482,2.297044515609741,-0.3332744538784027,-0.09780333936214447,2.2189407348632812,-0.39293336868286133,-0.14976292848587036,2.220939874649048,-0.6514695882797241,-0.4129093289375305,2.5013623237609863,-0.7129936218261719,-0.4127674400806427,2.3822529315948486,-0.7091618180274963,-0.1600034534931183,2.3080782890319824,-0.4829134941101074,-0.13655611872673035,2.196580171585083,-0.43766382336616516,-0.13186664879322052,2.1742806434631348,-0.347164511680603,-0.12248771637678146,2.129681348800659,-0.36768627166748047,-0.11188364028930664,2.205374002456665,-0.5793331265449524,0.13604766130447388,2.632218599319458,-0.5898064374923706,0.5688196420669556,2.7586092948913574,-0.6498693823814392,0.9398446679115295,2.897982597351074,-0.5626620650291443,1.068702220916748,2.8807737827301025,-0.6753996014595032,0.13637810945510864,2.4595401287078857,-0.7057810425758362,0.5753185749053955,2.558454751968384,-0.7856171131134033,0.9506664276123047,2.6743524074554443,-0.7039591073989868,1.0822055339813232,2.6512229442596436,-0.5434315204620361,-0.5420713424682617,2.511380672454834,-0.5347705483436584,-0.5893574953079224,2.509922742843628,-0.545499324798584,-0.6267915964126587,2.5497117042541504,-0.6063178181648254,-0.6181636452674866,2.6383984088897705,-0.5710569620132446,-0.6298801302909851,2.4980573654174805,-0.6787311434745789,-0.6269144415855408,2.4920449256896973,-0.698959469795227,1.0205671787261963,2.95017671585083,-0.8394484519958496,1.0319360494613647,2.7206947803497314
-0.6282161474227905,0.13715600967407227,2.5529072284698486,-0.6283804178237915,-0.04553988575935364,2.5539495944976807,-0.6287977695465088,-0.22823497653007507,2.5550594329833984,-0.6292151212692261,-0.41093552112579346,2.556169271469116,-0.6041211485862732,-0.41172364354133606,2.599325180053711,-0.5370284914970398,-0.4111761748790741,2.7146828174591064,-0.5570647120475769,-0.2115926891565323,2.546921968460083,-0.4276503324508667,-0.13019955158233643,2.3473048210144043,-0.40176746249198914,-0.1139209195971489,2.3073813915252686,-0.3500016927719116,-0.08136366307735443,2.227534532546997,-0.4103604853153229,-0.13149221241474152,2.23130464553833,-0.6543136835098267,-0.41213318705558777,2.5130252838134766,-0.7214063405990601,-0.41268065571784973,2.397667646408081,-0.7513822913169861,-0.16881966590881348,2.3081579208374023,-0.5328572392463684,-0.138910174369812,2.1874425411224365,-0.4891522228717804,-0.1329282820224762,2.163299560546875,-0.40174221992492676,-0.12096448242664337,2.115013360977173,-0.4204983413219452,-0.10533691942691803,2.1896743774414062,-0.576171875,0.13758838176727295,2.636884927749634,-0.587529182434082,0.5713484287261963,2.7598767280578613,-0.645797610282898,0.9431515336036682,2.8980119228363037,-0.5611175894737244,1.0728756189346313,2.875431776046753,-0.680260419845581,0.13672363758087158,2.4689295291900635,-0.7066392302513123,0.5772829055786133,2.561748743057251,-0.7840390205383301,0.9535975456237793,2.676250457763672,-0.7044367790222168,1.0853781700134277,2.647855758666992,-0.5476220846176147,-0.5423884987831116,2.5188660621643066,-0.5397084951400757,-0.5897806882858276,2.5173237323760986,-0.5491418838500977,-0.6268072128295898,2.557781219482422,-0.6057150959968567,-0.6167923212051392,2.6490354537963867,-0.5770482420921326,-0.6298269033432007,2.507382869720459,-0.6847830414772034,-0.6253480315208435,2.506240129470825,-0.6934471130371094,1.023844599723816,2.9515836238861084,-0.8363730311393738,1.0351089239120483,2.7238826751708984
-0.6287809610366821,0.13767480850219727,2.5641539096832275,-0.6285485625267029,-0.045005545020103455,2.56563401222229,-0.6287041306495667,-0.2276875376701355,2.5669057369232178,-0.6288596987724304,-0.4103749990463257,2.5681777000427246,-0.6018592715263367,-0.41109853982925415,2.610164165496826,-0.52972412109375,-0.41037917137145996,2.7223150730133057,-0.5482624769210815,-0.19476592540740967,2.5780892372131348,-0.42608022689819336,-0.08760806918144226,2.3880367279052734,-0.4016437828540802,-0.06617649644613266,2.3500261306762695,-0.3527708947658539,-0.023313354700803757,2.274005174636841,-0.4123375415802002,-0.07384943962097168,2.2730209827423096,-0.6558617353439331,-0.4116370677947998,2.526204824447632,-0.727996826171875,-0.412356436252594,2.4140539169311523,-0.7871080040931702,-0.17862442135810852,2.3165395259857178,-0.5744478106498718,-0.14281374216079712,2.1899514198303223,-0.5319157838821411,-0.1356516033411026,2.1646337509155273,-0.4468517303466797,-0.12132733315229416,2.1139984130859375,-0.4651104211807251,-0.10223996639251709,2.1875195503234863,-0.5732949376106262,0.1384076625108719,2.6458945274353027,-0.5862656831741333,0.5738140344619751,2.763042688369751,-0.6430822610855103,0.947420597076416,2.8970463275909424,-0.560767412185669,1.0776100158691406,2.8689048290252686,-0.684266984462738,0.13694195449352264,2.4824132919311523,-0.708983838558197,0.5794877409934998,2.5661568641662598,-0.7843561768531799,0.9578003883361816,2.675543785095215,-0.7067667841911316,1.0894113779067993,2.6412596702575684,-0.5509878993034363,-0.5428234338760376,2.5268261432647705,-0.5438433885574341,-0.5903072357177734,2.524790048599243,-0.5519571900367737,-0.6273269057273865,2.5655205249786377,-0.6041474342346191,-0.6168222427368164,2.659266710281372,-0.5821656584739685,-0.6297680139541626,2.516451835632324,-0.6897380352020264,-0.623738706111908,2.5202383995056152,-0.6894593834877014,1.028559684753418,2.951094627380371,-0.8353434205055237,1.040034294128418,2.7234342098236084
-0.630098819732666,0.1383497714996338,2.5785367488861084,-0.6294400691986084,-0.04432946443557739,2.579904556274414,-0.6292913556098938,-0.22701260447502136,2.58082914352417,-0.6291426420211792,-0.40970122814178467,2.581753730773926,-0.600578784942627,-0.4104636311531067,2.6226916313171387,-0.5242669582366943,-0.40984809398651123,2.7320523262023926,-0.531971275806427,-0.170218825340271,2.6330904960632324,-0.4103156328201294,-0.021873250603675842,2.473738670349121,-0.38598451018333435,0.007795864716172218,2.441868305206299,-0.3373222351074219,0.06713409721851349,2.3781275749206543,-0.39632776379585266,0.017893493175506592,2.3653063774108887,-0.6577048897743225,-0.41092443466186523,2.540825605392456,-0.7340167760848999,-0.4115399718284607,2.431464910507202,-0.8163383603096008,-0.18752579391002655,2.3298981189727783,-0.6074491143226624,-0.14797519147396088,2.199512004852295,-0.5656712651252747,-0.14006507396697998,2.1734347343444824,-0.48211556673049927,-0.12424483150243759,2.1212801933288574,-0.500516414642334,-0.10250625759363174,2.193802833557129,-0.5717293620109558,0.1391570270061493,2.658243417739868,-0.5862876772880554,0.5767382979393005,2.7671971321105957,-0.6416782140731812,0.9530094861984253,2.8944356441497803,-0.5613678693771362,1.083136796951294,2.8605992794036865,-0.6884682774543762,0.1375425159931183,2.4988300800323486,-0.712994396686554,0.5821826457977295,2.5713136196136475,-0.7862789630889893,0.9632954597473145,2.672407865524292,-0.7104246020317078,1.0941580533981323,2.6318018436431885,-0.5549916625022888,-0.5429267287254333,2.536236047744751,-0.5486227869987488,-0.5904924273490906,2.5335726737976074,-0.555545449256897,-0.6277002692222595,2.5743556022644043,-0.6035857796669006,-0.6171638369560242,2.670297622680664,-0.5878280997276306,-0.62934809923172,2.526588201522827,-0.6950533390045166,-0.6218326091766357,2.534956455230713,-0.6869118213653564,1.0350574254989624,2.948127269744873,-0.8359919786453247,1.0467121601104736,2.7196412086486816
-0.6322276592254639,0.14014413952827454,2.59208345413208,-0.6313211917877197,-0.04253764450550079,2.592921733856201,-0.6309645175933838,-0.22522298991680145,2.5932371616363525,-0.6306078433990479,-0.40791380405426025,2.593552589416504,-0.6007235050201416,-0.4087792634963989,2.6335349082946777,-0.5207040309906006,-0.40843817591667175,2.740595579147339,-0.5090709328651428,-0.15189868211746216,2.704392194747925,-0.384888231754303,0.034225061535835266,2.594297170639038,-0.360051691532135,0.07144980877637863,2.5722782611846924,-0.3103786110877991,0.14589929580688477,2.528240203857422,-0.3701866865158081,0.10344626754522324,2.501973867416382,-0.6604883074760437,-0.40903401374816895,2.5535736083984375,-0.7405078411102295,-0.4093751013278961,2.4465129375457764,-0.8403686881065369,-0.19335941970348358,2.343442440032959,-0.6328173875808716,-0.15304045379161835,2.211226224899292,-0.5913071632385254,-0.1449766606092453,2.1847829818725586,-0.5082866549491882,-0.1288490742444992,2.131896495819092,-0.5272049903869629,-0.10488750785589218,2.2035701274871826,-0.5714293122291565,0.14080318808555603,2.6699564456939697,-0.5864745378494263,0.5801810026168823,2.771663188934326,-0.6402949094772339,0.9586856961250305,2.8930110931396484,-0.5616031885147095,1.0885100364685059,2.8544280529022217,-0.6930260062217712,0.13948509097099304,2.5142104625701904,-0.7170575261116028,0.5858446359634399,2.5759289264678955,-0.7883446216583252,0.9694558382034302,2.6689250469207764,-0.7139843702316284,1.0993335247039795,2.622689723968506,-0.5601311326026917,-0.5417701005935669,2.543926239013672,-0.5545242428779602,-0.5894166231155396,2.540597915649414,-0.5603258609771729,-0.6269215941429138,2.5813255310058594,-0.6043709516525269,-0.6166179180145264,2.6792564392089844,-0.5945290923118591,-0.6277000308036804,2.534851551055908,-0.7012801766395569,-0.6188234686851501,2.5475802421569824,-0.6844655871391296,1.0415791273117065,2.9463212490081787,-0.8368937373161316,1.054033637046814,2.7153356075286865
-0.6349276900291443,0.1422533094882965,2.6048059463500977,-0.6339573860168457,-0.040435850620269775,2.6051933765411377,-0.6335588693618774,-0.22312748432159424,2.605026960372925,-0.6331603527069092,-0.40582460165023804,2.604860544204712,-0.6021547913551331,-0.40678542852401733,2.643979787826538,-0.5186525583267212,-0.4066992700099945,2.749343156814575,-0.49870413541793823,-0.14831653237342834,2.7601451873779297,-0.38221341371536255,0.061687469482421875,2.692847967147827,-0.3589152693748474,0.10368826985359192,2.6793885231018066,-0.31231898069381714,0.187689870595932,2.6524696350097656,-0.37167951464653015,0.15046049654483795,2.6183948516845703,-0.6641615629196167,-0.4068494439125061,2.565739393234253,-0.7476637959480286,-0.40693560242652893,2.460376024246216,-0.8607193231582642,-0.19756588339805603,2.357133388519287,-0.65312659740448,-0.1590500771999359,2.224383592605591,-0.6116080284118652,-0.15134692192077637,2.19783353805542,-0.5285709500312805,-0.13594059646129608,2.1447336673736572,-0.5480438470840454,-0.1099138855934143,2.2155447006225586,-0.5720713138580322,0.14274883270263672,2.6810362339019775,-0.5866457223892212,0.5835586786270142,2.7765650749206543,-0.6391496658325195,0.9636836051940918,2.8934335708618164,-0.5618893504142761,1.093204140663147,2.8510775566101074,-0.6977840662002563,0.1417577862739563,2.5285756587982178,-0.7204996943473816,0.5895351767539978,2.5798685550689697,-0.7899115681648254,0.9752673506736755,2.6653237342834473,-0.716840386390686,1.1040388345718384,2.614164352416992,-0.5662645101547241,-0.5403547883033752,2.5516390800476074,-0.5614007115364075,-0.5880982875823975,2.5477707386016846,-0.5661621689796448,-0.6258680820465088,2.5884766578674316,-0.6064096093177795,-0.6157121658325195,2.6881790161132812,-0.6021344065666199,-0.625869631767273,2.5432660579681396,-0.7083308696746826,-0.6157165765762329,2.560081958770752,-0.6824043989181519,1.0472184419631958,2.9465084075927734,-0.8374059200286865,1.0609209537506104,2.710861921310425
-0.639007031917572,0.14662638306617737,2.621722936630249,-0.6378160715103149,-0.036097243428230286,2.62225341796875,-0.6373113989830017,-0.21882478892803192,2.622175455093384,-0.6368067264556885,-0.4015578031539917,2.6220974922180176,-0.603391170501709,-0.40247440338134766,2.659193754196167,-0.5108226537704468,-0.4022625982761383,2.7619681358337402,-0.4890612065792084,-0.14619553089141846,2.8151185512542725,-0.4004746377468109,0.08957406878471375,2.799683094024658,-0.3827573359012604,0.13672798871994019,2.796596050262451,-0.3473227024078369,0.23103582859039307,2.790421724319458,-0.4056158661842346,0.19629880785942078,2.750300168991089,-0.6702167987823486,-0.40262728929519653,2.585000514984131,-0.7627853155136108,-0.4028390944004059,2.4822261333465576,-0.9016410708427429,-0.20169009268283844,2.386690616607666,-0.689697802066803,-0.17068642377853394,2.2533040046691895,-0.6473091244697571,-0.16448569297790527,2.2266266345977783,-0.5625318288803101,-0.15208423137664795,2.173271894454956,-0.5828148126602173,-0.12237893790006638,2.243419647216797,-0.5716246366500854,0.14727555215358734,2.69405460357666,-0.5880894660949707,0.5894182920455933,2.782212972640991,-0.6406955718994141,0.9705321788787842,2.895354986190796,-0.5682643055915833,1.1005134582519531,2.8465380668640137,-0.7063894271850586,0.1459772139787674,2.549391269683838,-0.727290689945221,0.595204770565033,2.585319995880127,-0.7934360504150391,0.9834016561508179,2.66111159324646,-0.7241361737251282,1.1104563474655151,2.601285696029663,-0.577303946018219,-0.538067638874054,2.5623676776885986,-0.5738144516944885,-0.5861966609954834,2.557868003845215,-0.5758994817733765,-0.6243501901626587,2.5989458560943604,-0.6074038743972778,-0.6138629913330078,2.702463388442993,-0.6158784031867981,-0.6233011484146118,2.5567214488983154,-0.720677375793457,-0.610890805721283,2.582827568054199,-0.6823747158050537,1.0542430877685547,2.949341297149658,-0.8385844230651855,1.0704489946365356,2.70631742477417
-0.6419121026992798,0.14717057347297668,2.631786346435547,-0.640740156173706,-0.0355868935585022,2.6322498321533203,-0.6403290629386902,-0.21834813058376312,2.6320440769195557,-0.6399179697036743,-0.401114821434021,2.631838321685791,-0.6056941747665405,-0.4020720422267914,2.6682016849517822,-0.509512722492218,-0.401970773935318,2.7704062461853027,-0.4882165789604187,-0.14814084768295288,2.839033603668213,-0.4134548604488373,0.09403111040592194,2.8493270874023438,-0.39850252866744995,0.1424655020236969,2.8513858318328857,-0.3685978353023529,0.23933428525924683,2.8555033206939697,-0.4255962669849396,0.20564334094524384,2.8119609355926514,-0.67413729429245,-0.40214410424232483,2.595472574234009,-0.7703187465667725,-0.4022453725337982,2.4932680130004883,-0.9140005111694336,-0.1985333263874054,2.4069557189941406,-0.7024957537651062,-0.17423051595687866,2.2690510749816895,-0.6601948142051697,-0.16936995089054108,2.2414700984954834,-0.5755928754806519,-0.1596488207578659,2.1863083839416504,-0.5937451720237732,-0.12914372980594635,2.2571587562561035,-0.5729707479476929,0.14779247343540192,2.702679395675659,-0.5907161831855774,0.5905715823173523,2.7871127128601074,-0.6436991095542908,0.972310483455658,2.897820472717285,-0.5731615424156189,1.102312684059143,2.846400260925293,-0.7108534574508667,0.14654867351055145,2.5608932971954346,-0.7306889295578003,0.5963050127029419,2.5895814895629883,-0.7947088479995728,0.9858492612838745,2.6598997116088867,-0.7265546321868896,1.1117066144943237,2.596377372741699,-0.584043025970459,-0.5381871461868286,2.5687108039855957,-0.5811954736709595,-0.5864588022232056,2.563760757446289,-0.5819833874702454,-0.6249739527702332,2.604773759841919,-0.6092407703399658,-0.6148419380187988,2.7098588943481445,-0.6237533688545227,-0.6232666969299316,2.5640954971313477,-0.7275891900062561,-0.6100046038627625,2.5946035385131836,-0.6848726272583008,1.056222677230835,2.9518630504608154,-0.838766872882843,1.0737448930740356,2.7045133113861084
-0.6441941261291504,0.14753037691116333,2.636932373046875,-0.6430448293685913,-0.03528010845184326,2.6372735500335693,-0.6426593065261841,-0.2180939018726349,2.6369991302490234,-0.6422737240791321,-0.40091317892074585,2.6367247104644775,-0.6072370409965515,-0.4018862247467041,2.672325372695923,-0.507561445236206,-0.4018280506134033,2.773615598678589,-0.48745644092559814,-0.14863550662994385,2.8487696647644043,-0.4232758581638336,0.09666655957698822,2.8727176189422607,-0.41043972969055176,0.1457269787788391,2.877507209777832,-0.3847675025463104,0.2438478022813797,2.8870863914489746,-0.44126349687576294,0.21010982990264893,2.842355489730835,-0.6773062348365784,-0.40192711353302,2.601121187210083,-0.7769818305969238,-0.4019852876663208,2.499830961227417,-0.9248544573783875,-0.1948583573102951,2.426408052444458,-0.7155112624168396,-0.17160744965076447,2.2832276821136475,-0.673642635345459,-0.16695727407932281,2.254591703414917,-0.5899053812026978,-0.15765690803527832,2.197319507598877,-0.6057412624359131,-0.12827003002166748,2.269545078277588,-0.5736863017082214,0.14810310304164886,2.706319808959961,-0.5928964018821716,0.5911018252372742,2.7889716625213623,-0.6463058590888977,0.972954273223877,2.898905038833618,-0.5778283476829529,1.1031850576400757,2.845378875732422,-0.7147019505500793,0.1469576507806778,2.567544937133789,-0.7335963845252991,0.5969153046607971,2.5926308631896973,-0.7961775660514832,0.9869418740272522,2.6612753868103027,-0.7295206189155579,1.1122933626174927,2.595259189605713,-0.5898527503013611,-0.5382766127586365,2.570408582687378,-0.5875785946846008,-0.5866429805755615,2.5650136470794678,-0.5870896577835083,-0.6255284547805786,2.605858325958252,-0.6102429032325745,-0.6159071922302246,2.7122271060943604,-0.6304823160171509,-0.6232062578201294,2.5667476654052734,-0.7331887483596802,-0.6093275547027588,2.6014132499694824,-0.6869348287582397,1.0568281412124634,2.9533915519714355,-0.8392569422721863,1.075166940689087,2.706162214279175
-0.6479730010032654,0.14714470505714417,2.649163246154785,-0.6467409729957581,-0.035760343074798584,2.6493449211120605,-0.6462684273719788,-0.218668594956398,2.648935317993164,-0.6457958221435547,-0.4015823006629944,2.6485257148742676,-0.609929084777832,-0.40256160497665405,2.6833269596099854,-0.5067297220230103,-0.40251919627189636,2.7834742069244385,-0.48788759112358093,-0.15014511346817017,2.864912509918213,-0.4321267902851105,0.09671294689178467,2.9009594917297363,-0.42097464203834534,0.14608456194400787,2.9081687927246094,-0.3986703157424927,0.24482779204845428,2.9225876331329346,-0.45485836267471313,0.21125811338424683,2.87682843208313,-0.6816574335098267,-0.4025910496711731,2.613719940185547,-0.7848567962646484,-0.4026334583759308,2.5135726928710938,-0.9382328987121582,-0.19340528547763824,2.4554412364959717,-0.73233562707901,-0.1663704663515091,2.3063673973083496,-0.6911561489105225,-0.1609635055065155,2.276552677154541,-0.6087972521781921,-0.15014958381652832,2.216923236846924,-0.6223324537277222,-0.12304531782865524,2.290815591812134,-0.5758895874023438,0.1476975828409195,2.7169790267944336,-0.596505880355835,0.5907009840011597,2.799211025238037,-0.6500460505485535,0.9724621176719666,2.909365177154541,-0.5836592316627502,1.103007435798645,2.854012966156006,-0.720056414604187,0.14659182727336884,2.5813474655151367,-0.7377455830574036,0.5967889428138733,2.602532386779785,-0.7989370226860046,0.9872976541519165,2.669619083404541,-0.7338675260543823,1.1121618747711182,2.601149797439575,-0.5970162749290466,-0.5391290187835693,2.579071044921875,-0.5953559875488281,-0.5875688195228577,2.5732169151306152,-0.5936275124549866,-0.6268574595451355,2.613802909851074,-0.6126454472541809,-0.617863655090332,2.72127366065979,-0.6385586261749268,-0.623868465423584,2.576327323913574,-0.7399502396583557,-0.6093947291374207,2.6150929927825928,-0.6900216937065125,1.0562007427215576,2.964534044265747,-0.8410240411758423,1.0758458375930786,2.7148044109344482
-0.649542510509491,0.14697682857513428,2.6521759033203125,-0.6482945084571838,-0.035980284214019775,2.652226209640503,-0.6478061079978943,-0.2189403921365738,2.651749849319458,-0.6473177075386047,-0.40190598368644714,2.651273488998413,-0.6106088161468506,-0.4028906226158142,2.685206174850464,-0.5042350888252258,-0.40286266803741455,2.7835497856140137,-0.4881758987903595,-0.1479474902153015,2.859137535095215,-0.43930110335350037,0.10126097500324249,2.8924028873443604,-0.429526150226593,0.15110266208648682,2.8990559577941895,-0.40997621417045593,0.25078606605529785,2.9123620986938477,-0.46608874201774597,0.21508252620697021,2.8678736686706543,-0.6840212345123291,-0.40290993452072144,2.617335796356201,-0.7903949618339539,-0.4029378890991211,2.5189921855926514,-0.9488471746444702,-0.19309523701667786,2.476423501968384,-0.7463175654411316,-0.16109508275985718,2.322937488555908,-0.705811619758606,-0.1546950489282608,2.2922403812408447,-0.6247997879981995,-0.14189498126506805,2.2308459281921387,-0.6363889575004578,-0.11741341650485992,2.306138038635254,-0.5758677124977112,0.1474975347518921,2.7183332443237305,-0.5982016324996948,0.590165376663208,2.8018436431884766,-0.6526718735694885,0.971109926700592,2.9143033027648926,-0.5887532234191895,1.1024023294448853,2.8578367233276367,-0.7232173085212708,0.14645612239837646,2.5860185623168945,-0.7398291230201721,0.5967369079589844,2.6059913635253906,-0.7998431921005249,0.9872441291809082,2.674074649810791,-0.7365055084228516,1.112097144126892,2.603990077972412,-0.6020743250846863,-0.5394513607025146,2.5789530277252197,-0.6009561419487,-0.5879256725311279,2.572697162628174,-0.5979291796684265,-0.6275686025619507,2.6129720211029053,-0.6127801537513733,-0.6192103624343872,2.721304178237915,-0.644306480884552,-0.6240241527557373,2.5772175788879395,-0.7441825270652771,-0.6091678142547607,2.619999647140503,-0.6921348571777344,1.0543272495269775,2.970612049102783,-0.8409604430198669,1.0757955312728882,2.720130681991577
-0.6493170261383057,0.14768093824386597,2.648394823074341,-0.6479927897453308,-0.03528299927711487,2.648102045059204,-0.6474533677101135,-0.2182496190071106,2.6473441123962402,-0.6469139456748962,-0.40122172236442566,2.6465861797332764,-0.6092771887779236,-0.40224140882492065,2.6794888973236084,-0.49987250566482544,-0.4023151099681854,2.775151491165161,-0.48661983013153076,-0.14204463362693787,2.8308775424957275,-0.441576212644577,0.10984942317008972,2.8444437980651855,-0.4325674772262573,0.16022823750972748,2.8471570014953613,-0.4145500361919403,0.2609858512878418,2.852583408355713,-0.47091951966285706,0.22111186385154724,2.812070369720459,-0.6845448017120361,-0.4021907150745392,2.613675355911255,-0.7939494848251343,-0.4021170139312744,2.518012762069702,-0.957334041595459,-0.1932011991739273,2.491908550262451,-0.7592967748641968,-0.156287282705307,2.3335349559783936,-0.7196893095970154,-0.14890450239181519,2.3018603324890137,-0.6404743790626526,-0.13413894176483154,2.238510847091675,-0.6497526168823242,-0.11221005022525787,2.3149425983428955,-0.5739085674285889,0.14812396466732025,2.7126340866088867,-0.5986493825912476,0.5899755954742432,2.799628973007202,-0.6546348333358765,0.9693384766578674,2.9165515899658203,-0.593704879283905,1.1018118858337402,2.8595571517944336,-0.7247254848480225,0.14723791182041168,2.584155559539795,-0.7407853603363037,0.5974513292312622,2.605674982070923,-0.7991423010826111,0.9877216815948486,2.6764209270477295,-0.7376661896705627,1.1127979755401611,2.605100154876709,-0.6048948168754578,-0.538292646408081,2.571165084838867,-0.6041502952575684,-0.5867503881454468,2.5644068717956543,-0.5996254086494446,-0.6268172264099121,2.604189395904541,-0.6101523637771606,-0.6194521188735962,2.713196277618408,-0.6474183797836304,-0.6228265762329102,2.570310115814209,-0.7455657720565796,-0.6081452965736389,2.6172046661376953,-0.6936066150665283,1.0516350269317627,2.9745240211486816,-0.839086651802063,1.0761196613311768,2.7237765789031982
-0.6492146849632263,0.14820918440818787,2.6449129581451416,-0.6478301286697388,-0.034754931926727295,2.6443843841552734,-0.6472476124763489,-0.21772153675556183,2.6434128284454346,-0.646665096282959,-0.4006936252117157,2.6424412727355957,-0.6081304550170898,-0.40173444151878357,2.6742873191833496,-0.49599429965019226,-0.40186968445777893,2.7669825553894043,-0.4820501506328583,-0.13792672753334045,2.8011369705200195,-0.4368683099746704,0.11417677998542786,2.7927253246307373,-0.4278319478034973,0.16459748148918152,2.7910430431365967,-0.4097592234611511,0.26543888449668884,2.7876784801483154,-0.4670199751853943,0.22241148352622986,2.7519142627716064,-0.6851934194564819,-0.40164148807525635,2.6105844974517822,-0.7973295450210571,-0.401506245136261,2.5178892612457275,-0.9642199277877808,-0.1939588338136673,2.5079636573791504,-0.7714769244194031,-0.15146851539611816,2.344522476196289,-0.7329283356666565,-0.14297045767307281,2.3118343353271484,-0.6558310985565186,-0.12597432732582092,2.246457815170288,-0.6625586748123169,-0.10674556344747543,2.323880195617676,-0.5721361041069031,0.14861257374286652,2.707184076309204,-0.5989652872085571,0.5896784067153931,2.797300100326538,-0.6558222770690918,0.9677021503448486,2.917966604232788,-0.597711443901062,1.101127028465271,2.8602869510650635,-0.7262932658195496,0.14780579507350922,2.582641839981079,-0.7417008280754089,0.5979549288749695,2.6051838397979736,-0.7977500557899475,0.988251805305481,2.6774466037750244,-0.7379700541496277,1.113255262374878,2.6046009063720703,-0.6072879433631897,-0.5373885631561279,2.5647480487823486,-0.6067434549331665,-0.5858363509178162,2.5577034950256348,-0.6007149815559387,-0.6261318325996399,2.597099542617798,-0.6072371602058411,-0.6193556785583496,2.7065200805664062,-0.6497534513473511,-0.6220159530639648,2.5650038719177246,-0.7461795210838318,-0.607694149017334,2.6155824661254883,-0.6941449046134949,1.0492351055145264,2.9774153232574463,-0.8363597989082336,1.0766829252243042,2.725816249847412
-0.6491150259971619,0.14802074432373047,2.6438968181610107,-0.6476982831954956,-0.034945979714393616,2.6433897018432617,-0.6471165418624878,-0.21791544556617737,2.642425775527954,-0.6465347409248352,-0.40089040994644165,2.6414616107940674,-0.6071893572807312,-0.40192216634750366,2.672302007675171,-0.49264296889305115,-0.40203115344047546,2.7621097564697266,-0.474046915769577,-0.13671791553497314,2.7791645526885986,-0.4252825677394867,0.11356616020202637,2.7536864280700684,-0.41552969813346863,0.16362297534942627,2.7485907077789307,-0.3960239589214325,0.2637366056442261,2.7383995056152344,-0.4547334611415863,0.21947500109672546,2.7067227363586426,-0.6858738660812378,-0.40184730291366577,2.6106109619140625,-0.8004202842712402,-0.40173831582069397,2.520803213119507,-0.9691499471664429,-0.19549153745174408,2.525318145751953,-0.7823981046676636,-0.1470286250114441,2.356663703918457,-0.7450477480888367,-0.13733604550361633,2.322932720184326,-0.6703469753265381,-0.11795087903738022,2.2554709911346436,-0.6743522882461548,-0.1013377383351326,2.333684206008911,-0.570544421672821,0.1484616994857788,2.704307794570923,-0.5987794995307922,0.5892369747161865,2.7951903343200684,-0.6557038426399231,0.9668051600456238,2.917113780975342,-0.59995436668396,1.1006423234939575,2.8581154346466064,-0.7276856303215027,0.14757978916168213,2.5834858417510986,-0.7423176169395447,0.5977312326431274,2.6056060791015625,-0.7956621050834656,0.9884358048439026,2.677493095397949,-0.7373139262199402,1.112962245941162,2.6027278900146484,-0.6092867851257324,-0.5375028848648071,2.5624608993530273,-0.608819305896759,-0.5859658718109131,2.5553910732269287,-0.6013646125793457,-0.6262592077255249,2.594574451446533,-0.6043018102645874,-0.6195091605186462,2.7041916847229004,-0.6514648795127869,-0.6222970485687256,2.564101219177246,-0.7462525963783264,-0.6082829833030701,2.6178507804870605,-0.6932618021965027,1.0480488538742065,2.9774210453033447,-0.8328930139541626,1.0771617889404297,2.726377248764038
-0.6482759118080139,0.1473931074142456,2.6416118144989014,-0.6467600464820862,-0.03557656705379486,2.640984535217285,-0.6461107134819031,-0.2185492217540741,2.639899253845215,-0.6454613208770752,-0.4015273451805115,2.6388139724731445,-0.6053509712219238,-0.4025564193725586,2.668654441833496,-0.48857244849205017,-0.4026574194431305,2.7555577754974365,-0.4669535756111145,-0.13711866736412048,2.760148525238037,-0.4155569076538086,0.11075767874717712,2.720670461654663,-0.4052775800228119,0.16033294796943665,2.7127747535705566,-0.3847189247608185,0.2594834864139557,2.696983575820923,-0.4449133276939392,0.21458758413791656,2.6692755222320557,-0.6855646967887878,-0.40248703956604004,2.608961582183838,-0.8023431897163391,-0.40238603949546814,2.5220582485198975,-0.9717662334442139,-0.1976737231016159,2.5417556762695312,-0.79060959815979,-0.1398254632949829,2.3700621128082275,-0.7543782591819763,-0.12825581431388855,2.335723400115967,-0.6819155812263489,-0.10511651635169983,2.2670459747314453,-0.683578372001648,-0.09237437695264816,2.3460497856140137,-0.5683259963989258,0.14785455167293549,2.7002105712890625,-0.5976805090904236,0.5884770750999451,2.791290760040283,-0.6544245481491089,0.9658293724060059,2.9138543605804443,-0.6008656024932861,1.0999226570129395,2.8534598350524902,-0.728225827217102,0.14693166315555573,2.5830130577087402,-0.7422351241111755,0.5970855951309204,2.6047089099884033,-0.7928839325904846,0.9882539510726929,2.6758317947387695,-0.7359058856964111,1.1122368574142456,2.599158525466919,-0.6101195216178894,-0.5379878282546997,2.5586330890655518,-0.6097027659416199,-0.5864519476890564,2.5515167713165283,-0.6009554266929626,-0.6267507076263428,2.5904388427734375,-0.6006616950035095,-0.6200770735740662,2.7001163959503174,-0.6519580483436584,-0.6229346990585327,2.5614635944366455,-0.7451692223548889,-0.6092649698257446,2.6180195808410645,-0.6911922097206116,1.0469157695770264,2.9748404026031494,-0.8287595510482788,1.0773158073425293,2.725097179412842
-0.6472160220146179,0.14642643928527832,2.639789581298828,-0.6455733776092529,-0.036544784903526306,2.638977289199829,-0.6448377966880798,-0.21951915323734283,2.6376893520355225,-0.6441022157669067,-0.4024990200996399,2.636401414871216,-0.6032797694206238,-0.4035325050354004,2.6652615070343018,-0.48442259430885315,-0.4036463797092438,2.7493183612823486,-0.46201401948928833,-0.13823524117469788,2.7491836547851562,-0.40973377227783203,0.10811565816402435,2.7025911808013916,-0.3992777168750763,0.15738584101200104,2.693272590637207,-0.3783656358718872,0.2559261918067932,2.674635648727417,-0.4395867586135864,0.2109246551990509,2.649561882019043,-0.6849166750907898,-0.4034542739391327,2.607527017593384,-0.8037738800048828,-0.4033403992652893,2.523470163345337,-0.9728697538375854,-0.2005571871995926,2.5585527420043945,-0.7976610660552979,-0.13173608481884003,2.3848910331726074,-0.7626193165779114,-0.11797186732292175,2.35015869140625,-0.6925358176231384,-0.09044342488050461,2.280694007873535,-0.6918013095855713,-0.08213276416063309,2.36026930809021,-0.5659732222557068,0.1469036042690277,2.6966018676757812,-0.5962015390396118,0.5875896215438843,2.7869417667388916,-0.6527376770973206,0.9649505615234375,2.909489870071411,-0.6012913584709167,1.0991696119308472,2.847583293914795,-0.728458821773529,0.14594927430152893,2.582977294921875,-0.7420104742050171,0.5961296558380127,2.6037895679473877,-0.7901281714439392,0.9878313541412354,2.6735761165618896,-0.734539270401001,1.1111857891082764,2.5949158668518066,-0.6108473539352417,-0.53866046667099,2.5548150539398193,-0.6105667352676392,-0.587103545665741,2.5475332736968994,-0.6006741523742676,-0.6275157332420349,2.5860660076141357,-0.597304105758667,-0.6211904883384705,2.695718288421631,-0.652479350566864,-0.6236793994903564,2.5585474967956543,-0.7440854907035828,-0.6103209257125854,2.6177494525909424,-0.688731849193573,1.0459978580474854,2.9709746837615967,-0.8246970176696777,1.0772804021835327,2.7230584621429443
-0.6455605626106262,0.14731362462043762,2.638925075531006,-0.6434398293495178,-0.03565557301044464,2.6375856399536133,-0.6422821879386902,-0.21862941980361938,2.6357805728912354,-0.6411245465278625,-0.40160876512527466,2.6339755058288574,-0.5988709330558777,-0.402599573135376,2.660701274871826,-0.4758392572402954,-0.40258926153182983,2.7385599613189697,-0.45573127269744873,-0.13762259483337402,2.7498958110809326,-0.4080083668231964,0.11088769137859344,2.7129037380218506,-0.39846378564834595,0.16058975458145142,2.70550537109375,-0.379374623298645,0.25999388098716736,2.6907083988189697,-0.44121110439300537,0.21561607718467712,2.6664140224456787,-0.6833655834197998,-0.40260666608810425,2.6072301864624023,-0.8063972592353821,-0.4026169776916504,2.529371500015259,-0.9703145027160645,-0.20465144515037537,2.5977890491485596,-0.8126364946365356,-0.10823438316583633,2.421027421951294,-0.781100869178772,-0.08895096927881241,2.3856751918792725,-0.7180296778678894,-0.050384145230054855,2.3149704933166504,-0.7105066776275635,-0.05258785933256149,2.3944809436798096,-0.5616340637207031,0.14790000021457672,2.69170880317688,-0.5931604504585266,0.5888058543205261,2.779926061630249,-0.6491226553916931,0.9660696983337402,2.902697801589966,-0.6024166941642761,1.1005229949951172,2.8377201557159424,-0.7294870615005493,0.14672724902629852,2.586141347885132,-0.7439305186271667,0.5969014763832092,2.6037111282348633,-0.7881006002426147,0.9897361993789673,2.668999195098877,-0.7363146543502808,1.1115806102752686,2.5856122970581055,-0.6142042279243469,-0.5377178192138672,2.549976110458374,-0.6147949695587158,-0.5861350893974304,2.542517900466919,-0.6028575301170349,-0.6267889738082886,2.580214500427246,-0.5925807952880859,-0.6209408044815063,2.6894712448120117,-0.656251847743988,-0.6224080920219421,2.5560038089752197,-0.7438646554946899,-0.6085282564163208,2.6208746433258057,-0.683345377445221,1.047006607055664,2.9652810096740723,-0.8200859427452087,1.0800663232803345,2.718557596206665
-0.6447533369064331,0.14790508151054382,2.639240264892578,-0.6422555446624756,-0.03505779802799225,2.6374404430389404,-0.640740156173706,-0.2180260270833969,2.6351544857025146,-0.6392247676849365,-0.4009997248649597,2.6328682899475098,-0.5964705944061279,-0.40196406841278076,2.6587882041931152,-0.47198060154914856,-0.40187662839889526,2.73431134223938,-0.4516317546367645,-0.1384068727493286,2.7637267112731934,-0.40593665838241577,0.11253085732460022,2.7462821006774902,-0.39679762721061707,0.16271841526031494,2.742793083190918,-0.37851959466934204,0.2630935311317444,2.7358152866363525,-0.4403667747974396,0.22038304805755615,2.7087953090667725,-0.6819624304771423,-0.4020240902900696,2.606923818588257,-0.8064523935317993,-0.4021115303039551,2.531400680541992,-0.9649941921234131,-0.20540590584278107,2.6142685413360596,-0.8167718052864075,-0.09196585416793823,2.439558506011963,-0.7871273159980774,-0.06927784532308578,2.404616594314575,-0.727838397026062,-0.02390182390809059,2.3347325325012207,-0.7168845534324646,-0.03228996321558952,2.413402557373047,-0.5598453283309937,0.14856059849262238,2.690437078475952,-0.5911177396774292,0.5900202989578247,2.7756295204162598,-0.6466230750083923,0.9676544070243835,2.897298812866211,-0.6016731858253479,1.1019363403320312,2.830794334411621,-0.7296613454818726,0.14724956452846527,2.588043451309204,-0.7453696727752686,0.5973970293998718,2.6036274433135986,-0.7882782220840454,0.9908736944198608,2.6654880046844482,-0.7381377220153809,1.1117827892303467,2.579802989959717,-0.6149722933769226,-0.5372146964073181,2.5482304096221924,-0.6160004138946533,-0.5856243371963501,2.5407698154449463,-0.6034360527992249,-0.6263619661331177,2.5781712532043457,-0.5906503200531006,-0.6206240653991699,2.687168836593628,-0.6573410034179688,-0.6216740012168884,2.555180311203003,-0.7433809041976929,-0.6073413491249084,2.62202787399292,-0.6801081299781799,1.0487717390060425,2.9600234031677246,-0.8192945718765259,1.081729531288147,2.714669942855835
-0.6449758410453796,0.1489274799823761,2.6396031379699707,-0.6421987414360046,-0.03402487933635712,2.637080430984497,-0.6404659748077393,-0.2169821709394455,2.634036064147949,-0.6387331485748291,-0.3999449610710144,2.6309914588928223,-0.5955538749694824,-0.4009500741958618,2.656196355819702,-0.46982961893081665,-0.400981605052948,2.7296485900878906,-0.448735773563385,-0.140587717294693,2.7790944576263428,-0.4061233401298523,0.11139178276062012,2.7862958908081055,-0.39760085940361023,0.16178768873214722,2.787736177444458,-0.3805558979511261,0.2625795006752014,2.790616750717163,-0.4422340393066406,0.22200250625610352,2.7601442337036133,-0.6818935871124268,-0.40092840790748596,2.6057536602020264,-0.8076178431510925,-0.4008968770503998,2.532301425933838,-0.9598984122276306,-0.20495334267616272,2.627756118774414,-0.8228148818016052,-0.07469780743122101,2.4557008743286133,-0.7953981757164001,-0.048646699637174606,2.4212899208068848,-0.74056476354599,0.0034555159509181976,2.3524677753448486,-0.7256879806518555,-0.010575294494628906,2.429675817489624,-0.5592114329338074,0.14954328536987305,2.689358711242676,-0.5901318192481995,0.5915103554725647,2.7714288234710693,-0.6453033685684204,0.9694056510925293,2.8921234607696533,-0.6019554138183594,1.1035171747207642,2.8243112564086914,-0.7307402491569519,0.14831167459487915,2.5898475646972656,-0.7479676008224487,0.598343014717102,2.604038715362549,-0.7901633381843567,0.992228090763092,2.6631147861480713,-0.7416467666625977,1.1123799085617065,2.5755186080932617,-0.6167046427726746,-0.5362066626548767,2.5457935333251953,-0.6180673241615295,-0.5846114754676819,2.538325548171997,-0.6049080491065979,-0.6254256963729858,2.5754456520080566,-0.5899107456207275,-0.6198095083236694,2.684177875518799,-0.6592509746551514,-0.6205167770385742,2.55354380607605,-0.743882417678833,-0.6059008240699768,2.6221225261688232,-0.6781432032585144,1.0506669282913208,2.954958915710449,-0.8204007744789124,1.083472490310669,2.712005615234375
-0.6455353498458862,0.14936834573745728,2.6407558917999268,-0.6425885558128357,-0.03357213735580444,2.6375718116760254,-0.6407399773597717,-0.2165166735649109,2.633841037750244,-0.638891339302063,-0.39946669340133667,2.630110025405884,-0.5953164100646973,-0.40052103996276855,2.654623031616211,-0.4684048295021057,-0.40069615840911865,2.7260921001434326,-0.4456782639026642,-0.14478614926338196,2.7949955463409424,-0.4054877758026123,0.10575968027114868,2.8270528316497803,-0.39744967222213745,0.15586884319782257,2.8334643840789795,-0.38137346506118774,0.25608718395233154,2.846287250518799,-0.44309312105178833,0.2180698961019516,2.8126718997955322,-0.6824462413787842,-0.4004008173942566,2.6055567264556885,-0.8093578219413757,-0.4002256989479065,2.534087657928467,-0.9537649154663086,-0.2040887176990509,2.641003370285034,-0.8298142552375793,-0.05666716396808624,2.472720146179199,-0.8050241470336914,-0.02718285284936428,2.439063549041748,-0.7554438710212708,0.03178577125072479,2.3717501163482666,-0.7359987497329712,0.012323476374149323,2.446768283843994,-0.5589717030525208,0.1499210000038147,2.6891162395477295,-0.589634895324707,0.5923776030540466,2.7677383422851562,-0.6446325778961182,0.9705029726028442,2.887338638305664,-0.6028881669044495,1.1044135093688965,2.8182568550109863,-0.7320989966392517,0.14881569147109985,2.592395544052124,-0.7507016062736511,0.5986851453781128,2.6050822734832764,-0.7926161885261536,0.9927793741226196,2.6620094776153564,-0.7457873821258545,1.1123408079147339,2.572795867919922,-0.6186590194702148,-0.5355992317199707,2.544215440750122,-0.6202115416526794,-0.5839954614639282,2.53667950630188,-0.6063598990440369,-0.6249005794525146,2.5734596252441406,-0.5892220139503479,-0.6195115447044373,2.681903600692749,-0.6611266136169434,-0.619901180267334,2.552635908126831,-0.7443943619728088,-0.6053466200828552,2.622903347015381,-0.6768799424171448,1.0519078969955444,2.950232744216919,-0.8221973180770874,1.0842903852462769,2.7107231616973877
-0.6452934145927429,0.14956146478652954,2.6422119140625,-0.6423628926277161,-0.03336864709854126,2.6384334564208984,-0.6405940651893616,-0.21630118787288666,2.634092092514038,-0.6388251781463623,-0.3992392122745514,2.6297507286071777,-0.5948864817619324,-0.4003751873970032,2.653602123260498,-0.4668518602848053,-0.4007885456085205,2.7231876850128174,-0.4421001076698303,-0.1499183475971222,2.80915904045105,-0.40353912115097046,0.09737013280391693,2.863464593887329,-0.39582693576812744,0.146827831864357,2.874325752258301,-0.380402535200119,0.24574321508407593,2.896048069000244,-0.44237592816352844,0.21029110252857208,2.8599398136138916,-0.6827446222305298,-0.4000915288925171,2.6058521270751953,-0.8107792139053345,-0.39967817068099976,2.536266565322876,-0.9451823234558105,-0.20159180462360382,2.6530449390411377,-0.8361190557479858,-0.03784312307834625,2.48909592628479,-0.814306378364563,-0.005093388259410858,2.456306219100952,-0.7706810832023621,0.06040608137845993,2.3907265663146973,-0.7459897994995117,0.036037251353263855,2.462822675704956,-0.5580154061317444,0.14998728036880493,2.689286708831787,-0.5891770720481873,0.5928341150283813,2.7645175457000732,-0.6448751091957092,0.9709293842315674,2.883406400680542,-0.6048814058303833,1.1047824621200562,2.813311815261841,-0.7325714230537415,0.14913564920425415,2.595137119293213,-0.7528223991394043,0.5988189578056335,2.6060385704040527,-0.7955317497253418,0.9928405284881592,2.6618576049804688,-0.7505694031715393,1.112159252166748,2.571464776992798,-0.6201289296150208,-0.5352696180343628,2.5432796478271484,-0.6217841506004333,-0.5836679935455322,2.53570818901062,-0.6071864366531372,-0.6246184706687927,2.57216739654541,-0.5879607200622559,-0.6193567514419556,2.6802921295166016,-0.6623612642288208,-0.619640052318573,2.5524063110351562,-0.7442895174026489,-0.6052511930465698,2.6243019104003906,-0.6767723560333252,1.0523433685302734,2.9464008808135986,-0.8247556686401367,1.084408164024353,2.710594892501831
-0.6444184184074402,0.14939948916435242,2.643070936203003,-0.6416923999786377,-0.03353005647659302,2.638805627822876,-0.6401752233505249,-0.2164597064256668,2.6339805126190186,-0.6386579871177673,-0.39939484000205994,2.629155397415161,-0.5943611860275269,-0.40063369274139404,2.6523337364196777,-0.46517324447631836,-0.4013475775718689,2.7200205326080322,-0.4365326166152954,-0.15459229052066803,2.8176441192626953,-0.39641273021698,0.08936305344104767,2.886495351791382,-0.3883887529373169,0.13815411925315857,2.900265693664551,-0.3723407983779907,0.23573625087738037,2.9278061389923096,-0.4351668059825897,0.20255719125270844,2.8906524181365967,-0.682938277721405,-0.40014421939849854,2.605924606323242,-0.8121262192726135,-0.3994303345680237,2.5382378101348877,-0.9353500604629517,-0.1980629414319992,2.6627604961395264,-0.841616153717041,-0.017840251326560974,2.505922794342041,-0.8228693604469299,0.018204286694526672,2.474555253982544,-0.7853758335113525,0.09029336273670197,2.41182017326355,-0.7554036378860474,0.06115138530731201,2.480236291885376,-0.5564404726028442,0.14964310824871063,2.6888506412506104,-0.5889900922775269,0.5926453471183777,2.761664628982544,-0.6462702751159668,0.9702145457267761,2.8810348510742188,-0.6083422303199768,1.104309320449829,2.8103694915771484,-0.7323963642120361,0.1491558700799942,2.5972912311553955,-0.7544716596603394,0.598639726638794,2.606743335723877,-0.7985674142837524,0.9923732280731201,2.6625852584838867,-0.7556491494178772,1.1117626428604126,2.5713837146759033,-0.621066689491272,-0.5352550148963928,2.5421149730682373,-0.6226823329925537,-0.5836592316627502,2.5344974994659424,-0.6072495579719543,-0.6246190667152405,2.5706214904785156,-0.5860230326652527,-0.6194469928741455,2.6784021854400635,-0.6628150939941406,-0.6198177337646484,2.5518972873687744,-0.7434588670730591,-0.605843186378479,2.625349760055542,-0.6780063509941101,1.0513726472854614,2.944380044937134,-0.8275721073150635,1.0838212966918945,2.711599826812744
-0.6434434652328491,0.14843928813934326,2.6440558433532715,-0.6410539150238037,-0.034506842494010925,2.6394383907318115,-0.6399226188659668,-0.21745017170906067,2.634263515472412,-0.6387912631034851,-0.40039899945259094,2.6290884017944336,-0.5941447019577026,-0.4017544984817505,2.6515913009643555,-0.4637814462184906,-0.4028095602989197,2.71738862991333,-0.430409699678421,-0.1592557728290558,2.823378324508667,-0.3873167634010315,0.08182787895202637,2.902630090713501,-0.3786981701850891,0.1300446093082428,2.918480396270752,-0.36146098375320435,0.22647807002067566,2.950181007385254,-0.4253736138343811,0.19527018070220947,2.91265606880188,-0.6834256052970886,-0.4010319113731384,2.6065292358398438,-0.813788890838623,-0.39997684955596924,2.540731906890869,-0.9242492318153381,-0.1935339719057083,2.670523166656494,-0.84576416015625,0.0022689104080200195,2.5230088233947754,-0.8300671577453613,0.041429486125707626,2.4935059547424316,-0.798673152923584,0.11975063383579254,2.434500217437744,-0.7634252309799194,0.08615977317094803,2.4985013008117676,-0.5547988414764404,0.1484735608100891,2.688572406768799,-0.5891153216362,0.5915452241897583,2.759472370147705,-0.6483618021011353,0.9683480262756348,2.879983425140381,-0.6126018762588501,1.1028339862823486,2.8090131282806396,-0.7320880889892578,0.1484050154685974,2.599539279937744,-0.7571558356285095,0.5976502895355225,2.6077399253845215,-0.8041611313819885,0.9907882213592529,2.664717435836792,-0.7636407017707825,1.1106623411178589,2.5731186866760254,-0.6218808889389038,-0.5359695553779602,2.5414113998413086,-0.6233380436897278,-0.5843729376792908,2.533702850341797,-0.6070411801338196,-0.6253311038017273,2.569462776184082,-0.583997368812561,-0.6202837824821472,2.6768949031829834,-0.6629568934440613,-0.6208191514015198,2.551701784133911,-0.7424253225326538,-0.6074999570846558,2.6265718936920166,-0.6800305843353271,1.049120306968689,2.94381046295166,-0.833336353302002,1.0818761587142944,2.714242935180664
-0.6421736478805542,0.14752870798110962,2.6443841457366943,-0.6402818560600281,-0.03544805943965912,2.6395678520202637,-0.6397051215171814,-0.21841855347156525,2.634207248687744,-0.6391283869743347,-0.4013945162296295,2.6288466453552246,-0.594092071056366,-0.40288418531417847,2.650568962097168,-0.4624174237251282,-0.4043324589729309,2.71416974067688,-0.4224615693092346,-0.1616339385509491,2.821650505065918,-0.3732335865497589,0.07877299189567566,2.901628255844116,-0.3633880019187927,0.12685437500476837,2.91762375831604,-0.34369680285453796,0.223017156124115,2.9496147632598877,-0.4091930389404297,0.19307567179203033,2.913346290588379,-0.6841583847999573,-0.4018935561180115,2.6070656776428223,-0.8158330321311951,-0.40044528245925903,2.5434648990631104,-0.9128404259681702,-0.18815036118030548,2.67602276802063,-0.8486344218254089,0.021828442811965942,2.5403695106506348,-0.8357931971549988,0.06382420659065247,2.5132389068603516,-0.8101108074188232,0.1478157341480255,2.458977460861206,-0.7699750661849976,0.11016827821731567,2.517913341522217,-0.5527846813201904,0.1473195105791092,2.687443494796753,-0.5894402861595154,0.5902875661849976,2.7573764324188232,-0.6510574221611023,0.9659097194671631,2.880159616470337,-0.6178442239761353,1.1010217666625977,2.8091933727264404,-0.731562614440918,0.14773790538311005,2.6013247966766357,-0.7602675557136536,0.5967172384262085,2.608285427093506,-0.8107007741928101,0.9891586303710938,2.6666858196258545,-0.772936999797821,1.109603762626648,2.574699878692627,-0.6226127743721008,-0.5366388559341431,2.5405566692352295,-0.6238139271736145,-0.5850402116775513,2.532754421234131,-0.6065906286239624,-0.6259539127349854,2.5681400299072266,-0.5817824602127075,-0.6209697127342224,2.6751949787139893,-0.6628378629684448,-0.6218482255935669,2.5513291358947754,-0.7411496639251709,-0.6093368530273438,2.6275641918182373,-0.6826675534248352,1.0460797548294067,2.9447426795959473,-0.8400997519493103,1.0798240900039673,2.7168147563934326
-0.640807569026947,0.14667898416519165,2.6445794105529785,-0.6397040486335754,-0.03634220361709595,2.639887809753418,-0.6399291753768921,-0.21935303509235382,2.634695291519165,-0.6401543021202087,-0.4023693799972534,2.629502534866333,-0.5946801900863647,-0.4040108919143677,2.6503043174743652,-0.4615779221057892,-0.40590447187423706,2.7112720012664795,-0.41353991627693176,-0.16167429089546204,2.812746286392212,-0.35503697395324707,0.08044536411762238,2.881721019744873,-0.34333640336990356,0.12886929512023926,2.8955159187316895,-0.31993523240089417,0.22571715712547302,2.9231057167053223,-0.38748225569725037,0.19626104831695557,2.890096426010132,-0.6856308579444885,-0.4027169942855835,2.6086442470550537,-0.8187330961227417,-0.4008234143257141,2.5476765632629395,-0.9027937054634094,-0.1824348419904709,2.679938793182373,-0.8510161638259888,0.03911064565181732,2.5573065280914307,-0.8406606316566467,0.08341974020004272,2.532780170440674,-0.8199496269226074,0.17203792929649353,2.483727216720581,-0.7756611108779907,0.1311003565788269,2.5374162197113037,-0.5505875945091248,0.14616282284259796,2.6859352588653564,-0.5901697874069214,0.5888506174087524,2.755910634994507,-0.6544631719589233,0.9628881216049194,2.882051706314087,-0.6241934895515442,1.0988330841064453,2.8113765716552734,-0.7310275435447693,0.14719514548778534,2.6032235622406006,-0.7621965408325195,0.5960061550140381,2.6089694499969482,-0.814704179763794,0.9879506826400757,2.668733835220337,-0.779638409614563,1.108781099319458,2.5761990547180176,-0.624083936214447,-0.5374395847320557,2.540830135345459,-0.6250227689743042,-0.5858505964279175,2.5330159664154053,-0.606836199760437,-0.6266443729400635,2.5680668354034424,-0.5801766514778137,-0.6215130090713501,2.674682140350342,-0.6634106636047363,-0.6229948997497559,2.5522546768188477,-0.7404710054397583,-0.6111727952957153,2.629880666732788,-0.685984194278717,1.0422523021697998,2.9476571083068848,-0.8438953161239624,1.0783220529556274,2.7195000648498535
-0.6399237513542175,0.14523887634277344,2.6441428661346436,-0.6398094892501831,-0.03782354295253754,2.6396472454071045,-0.6410790681838989,-0.2208692729473114,2.6346750259399414,-0.6423487067222595,-0.4039204716682434,2.6297028064727783,-0.5964174866676331,-0.40577179193496704,2.6494791507720947,-0.4618934988975525,-0.4082801043987274,2.7074708938598633,-0.4045182466506958,-0.1615573912858963,2.797569751739502,-0.3343733549118042,0.08250434696674347,2.845965623855591,-0.32034438848495483,0.13131669163703918,2.855644702911377,-0.2922864258289337,0.22894138097763062,2.8750030994415283,-0.362203985452652,0.19983458518981934,2.8469531536102295,-0.6882936954498291,-0.40405869483947754,2.609872341156006,-0.8228176832199097,-0.40155038237571716,2.5518805980682373,-0.8952550888061523,-0.1775943636894226,2.6817972660064697,-0.8536350727081299,0.053049325942993164,2.5727107524871826,-0.8453110456466675,0.09917806088924408,2.550893545150757,-0.8286630511283875,0.1914355456829071,2.507258892059326,-0.7810691595077515,0.1478714644908905,2.555833101272583,-0.5488328337669373,0.14432650804519653,2.6836097240448,-0.591606855392456,0.5865607261657715,2.7544426918029785,-0.6584209203720093,0.9588412046432495,2.884359359741211,-0.631251871585846,1.0956414937973022,2.8140909671783447,-0.7310146689414978,0.14615124464035034,2.6046760082244873,-0.7647886872291565,0.5947664380073547,2.609339475631714,-0.8191128969192505,0.9862866401672363,2.6701347827911377,-0.7868434190750122,1.107363224029541,2.576918601989746,-0.6263819932937622,-0.5387756824493408,2.5406718254089355,-0.6269881725311279,-0.587189793586731,2.5328304767608643,-0.6078823804855347,-0.6278387904167175,2.56756329536438,-0.5796323418617249,-0.6225353479385376,2.673764705657959,-0.6647278070449829,-0.6247077584266663,2.552626132965088,-0.7406944632530212,-0.6136639714241028,2.6314425468444824,-0.6897485852241516,1.0373345613479614,2.951087713241577,-0.8479774594306946,1.0764344930648804,2.7214720249176025
-0.6390236020088196,0.14356163144111633,2.6436567306518555,-0.6401172876358032,-0.039545148611068726,2.639444351196289,-0.6426506638526917,-0.22262677550315857,2.6347815990448,-0.6451840996742249,-0.40571388602256775,2.6301188468933105,-0.5987818241119385,-0.40782666206359863,2.6487650871276855,-0.46287113428115845,-0.41109970211982727,2.7034378051757812,-0.3946295380592346,-0.16089355945587158,2.7743570804595947,-0.3108554482460022,0.0831892341375351,2.7898895740509033,-0.29410064220428467,0.13200579583644867,2.7929961681365967,-0.2605910003185272,0.22963890433311462,2.7992091178894043,-0.33317697048187256,0.201123908162117,2.77820086479187,-0.6916139125823975,-0.40559107065200806,2.611421585083008,-0.8275246024131775,-0.4023180305957794,2.556748867034912,-0.8907157182693481,-0.17378799617290497,2.683518171310425,-0.8576592206954956,0.06422416865825653,2.5881597995758057,-0.851047933101654,0.11182659864425659,2.5690882205963135,-0.837825357913971,0.2070314586162567,2.53094482421875,-0.7875661849975586,0.16143754124641418,2.5747439861297607,-0.5470346212387085,0.14215202629566193,2.6810457706451416,-0.593156099319458,0.5838392376899719,2.752980947494507,-0.6622979640960693,0.9543169736862183,2.886690855026245,-0.6383616924285889,1.0919106006622314,2.816821575164795,-0.7310125827789307,0.14497123658657074,2.6062676906585693,-0.7663851976394653,0.593440592288971,2.6099348068237305,-0.820949137210846,0.9849076271057129,2.6706717014312744,-0.7912589311599731,1.1057990789413452,2.576382637023926,-0.6292166113853455,-0.5402612686157227,2.5406086444854736,-0.6294918656349182,-0.5886667966842651,2.5326807498931885,-0.609544575214386,-0.629206657409668,2.5670711994171143,-0.5798916220664978,-0.623842179775238,2.6728920936584473,-0.6666179299354553,-0.6265640258789062,2.552917718887329,-0.7415995001792908,-0.6163547039031982,2.6327905654907227,-0.6933240294456482,1.031944990158081,2.9545505046844482,-0.8490338325500488,1.0750994682312012,2.7223470211029053
-0.6378232836723328,0.14059540629386902,2.6433873176574707,-0.6410261392593384,-0.04259876906871796,2.6395318508148193,-0.6457644701004028,-0.2257508933544159,2.6352806091308594,-0.6505029201507568,-0.40890851616859436,2.6310293674468994,-0.6031537055969238,-0.41150394082069397,2.6471381187438965,-0.4645947515964508,-0.4161837100982666,2.694319248199463,-0.37058573961257935,-0.16617870330810547,2.708561897277832,-0.25867435336112976,0.04490554332733154,2.6133522987365723,-0.23629207909107208,0.08712239563465118,2.5943102836608887,-0.19152751564979553,0.17155608534812927,2.5562264919281006,-0.2691900432109833,0.15108175575733185,2.558495044708252,-0.6979036927223206,-0.40830379724502563,2.6148743629455566,-0.8364626169204712,-0.403624027967453,2.5676932334899902,-0.8870311975479126,-0.16891586780548096,2.6855828762054443,-0.8737616539001465,0.08187606930732727,2.6301491260528564,-0.8711077570915222,0.13203445076942444,2.6190624237060547,-0.8657999634742737,0.23235121369361877,2.596889019012451,-0.8106049299240112,0.18387609720230103,2.629438638687134,-0.5439890623092651,0.1382681131362915,2.676018238067627,-0.5980509519577026,0.578635573387146,2.7505111694335938,-0.6712760329246521,0.9462634921073914,2.8898136615753174,-0.654289722442627,1.0848791599273682,2.8199238777160645,-0.7316575050354004,0.14292269945144653,2.6107563972473145,-0.7698597311973572,0.5911800265312195,2.6119117736816406,-0.8238945603370667,0.9829092025756836,2.6714589595794678,-0.7998467683792114,1.1030110120773315,2.574584484100342,-0.6345574855804443,-0.5427653789520264,2.54046368598938,-0.6343444585800171,-0.5911315679550171,2.5322747230529785,-0.6131560802459717,-0.6315809488296509,2.566030740737915,-0.5814241766929626,-0.6263713836669922,2.6712636947631836,-0.6705408692359924,-0.6296365261077881,2.553053617477417,-0.7440143823623657,-0.6208622455596924,2.6344945430755615,-0.7013465166091919,1.0226008892059326,2.9595444202423096,-0.8499221205711365,1.0734516382217407,2.723599433898926
-0.6358274221420288,0.13904792070388794,2.644317865371704,-0.6406658887863159,-0.04417937994003296,2.6410508155822754,-0.647122323513031,-0.2273496836423874,2.63740611076355,-0.6535789370536804,-0.41052544116973877,2.633761405944824,-0.6057937741279602,-0.4135003089904785,2.6485085487365723,-0.4660722017288208,-0.4192837178707123,2.691654920578003,-0.3640761971473694,-0.173719584941864,2.6773667335510254,-0.2520133852958679,-0.002795860171318054,2.5231382846832275,-0.22960081696510315,0.03138888254761696,2.492292642593384,-0.1847756803035736,0.09975837171077728,2.430601119995117,-0.26237162947654724,0.08758030831813812,2.445739269256592,-0.7014342546463013,-0.409541517496109,2.6189746856689453,-0.8411558270454407,-0.40375810861587524,2.5758283138275146,-0.892365038394928,-0.16648711264133453,2.6853232383728027,-0.8910813927650452,0.08616651594638824,2.643803119659424,-0.8908246755599976,0.13669724762439728,2.6354990005493164,-0.8903112411499023,0.23775869607925415,2.6188910007476807,-0.8326932191848755,0.19029119610786438,2.6476242542266846,-0.5411270260810852,0.13601095974445343,2.6743898391723633,-0.5985041260719299,0.5756599307060242,2.7506802082061768,-0.6725165247917175,0.942541241645813,2.8915493488311768,-0.6586802005767822,1.0813014507293701,2.8212461471557617,-0.7305278182029724,0.14208488166332245,2.614245891571045,-0.7681325078010559,0.5904015898704529,2.6129965782165527,-0.8200622200965881,0.9826400279998779,2.6711008548736572,-0.7985531687736511,1.1019929647445679,2.5727107524871826,-0.6382262110710144,-0.5443345308303833,2.542976140975952,-0.6380948424339294,-0.592701256275177,2.5347416400909424,-0.6167510151863098,-0.6332036852836609,2.5683512687683105,-0.584438681602478,-0.6281121373176575,2.673431634902954,-0.674213171005249,-0.6312034130096436,2.555685520172119,-0.7472481727600098,-0.6224448680877686,2.6375458240509033,-0.7017994523048401,1.0185816287994385,2.961940050125122,-0.8445417881011963,1.0736018419265747,2.7232656478881836
-0.6329065561294556,0.1379748284816742,2.645026922225952,-0.6392107605934143,-0.04527446627616882,2.642592430114746,-0.6472564339637756,-0.22845050692558289,2.6398024559020996,-0.6553023457527161,-0.4116320312023163,2.637012481689453,-0.6071496605873108,-0.414949893951416,2.6504857540130615,-0.4665045738220215,-0.4217269718647003,2.689846992492676,-0.35969382524490356,-0.1822230964899063,2.653226137161255,-0.25714802742004395,-0.056575775146484375,2.456962823867798,-0.2366388738155365,-0.03144630789756775,2.417710065841675,-0.1956205517053604,0.018812626600265503,2.339204788208008,-0.27114346623420715,0.016007699072360992,2.3640053272247314,-0.7035424709320068,-0.4103051424026489,2.623508930206299,-0.8441875576972961,-0.4035280644893646,2.5841476917266846,-0.8979628086090088,-0.16467012465000153,2.684978485107422,-0.9080048203468323,0.0877016931772232,2.6528868675231934,-0.9100131988525391,0.1381760537624359,2.6464686393737793,-0.9140300154685974,0.23912477493286133,2.633631944656372,-0.8543010950088501,0.19342374801635742,2.6595263481140137,-0.5374554395675659,0.134323850274086,2.6726698875427246,-0.5973179340362549,0.573382556438446,2.750441074371338,-0.6716784238815308,0.9394983053207397,2.8931095600128174,-0.6607369780540466,1.0784056186676025,2.8225865364074707,-0.7283576726913452,0.1416258066892624,2.6173839569091797,-0.7657502889633179,0.5899537801742554,2.6145169734954834,-0.8161222338676453,0.9824426174163818,2.672306776046753,-0.7971855998039246,1.101377248764038,2.5728862285614014,-0.6416330933570862,-0.5459428429603577,2.546616792678833,-0.6418818235397339,-0.5943564772605896,2.538579225540161,-0.6204733848571777,-0.6348668336868286,2.5721654891967773,-0.587140679359436,-0.6295491456985474,2.6769485473632812,-0.6780540943145752,-0.6325552463531494,2.560023784637451,-0.7502859234809875,-0.6229996681213379,2.6425468921661377,-0.7001124024391174,1.0152344703674316,2.9641733169555664,-0.8392251133918762,1.0736273527145386,2.72471022605896
-0.6300383806228638,0.13714459538459778,2.645271062850952,-0.6376452445983887,-0.046110302209854126,2.643944263458252,-0.6470800638198853,-0.22927768528461456,2.6423065662384033,-0.6565151810646057,-0.4124505817890167,2.6406686305999756,-0.6080443263053894,-0.41605493426322937,2.652916431427002,-0.4666332006454468,-0.4236583113670349,2.688636541366577,-0.3584127426147461,-0.1902172714471817,2.631971836090088,-0.2715187966823578,-0.10690455138683319,2.409062385559082,-0.2541400194168091,-0.09024200588464737,2.364480495452881,-0.21938243508338928,-0.056916914880275726,2.2753167152404785,-0.29177698493003845,-0.0512552373111248,2.3067963123321533,-0.7050884962081909,-0.4108370840549469,2.6284031867980957,-0.8464996218681335,-0.40323370695114136,2.5926830768585205,-0.9032285213470459,-0.16305874288082123,2.68496036529541,-0.9230209589004517,0.08814768493175507,2.658811569213867,-0.9269794225692749,0.1383889764547348,2.6535818576812744,-0.9348964095115662,0.23887154459953308,2.6431221961975098,-0.8733972311019897,0.19509467482566833,2.666900873184204,-0.533920407295227,0.13297180831432343,2.670542001724243,-0.5953752398490906,0.5715216398239136,2.7499048709869385,-0.6694700717926025,0.9367592334747314,2.8949334621429443,-0.6612023115158081,1.0758802890777588,2.824470281600952,-0.7261563539505005,0.14131738245487213,2.620000123977661,-0.763278067111969,0.5896559953689575,2.6160500049591064,-0.8121228814125061,0.9822691679000854,2.6742818355560303,-0.7957162261009216,1.1009916067123413,2.574162483215332,-0.6452417969703674,-0.5477033257484436,2.5512452125549316,-0.6460421681404114,-0.5961973667144775,2.5436298847198486,-0.624575674533844,-0.6366320252418518,2.577305316925049,-0.5898483991622925,-0.6307268142700195,2.681645154953003,-0.682303786277771,-0.6338835954666138,2.565870761871338,-0.7534112930297852,-0.6229395866394043,2.649247169494629,-0.6969242691993713,1.0121314525604248,2.966763973236084,-0.8338733911514282,1.0735660791397095,2.7270655632019043
-0.6272194981575012,0.13620495796203613,2.6425695419311523,-0.6359571814537048,-0.04703308641910553,2.6424901485443115,-0.6466139554977417,-0.23016926646232605,2.642164707183838,-0.6572710275650024,-0.4133109450340271,2.641839027404785,-0.6084874868392944,-0.41716766357421875,2.6527247428894043,-0.4662909507751465,-0.42549848556518555,2.684422016143799,-0.3593469560146332,-0.1989687979221344,2.6050209999084473,-0.293037474155426,-0.159227654337883,2.364457130432129,-0.27977558970451355,-0.15127941966056824,2.3163442611694336,-0.2532517910003662,-0.13538296520709991,2.220118761062622,-0.3218071460723877,-0.12129342555999756,2.2566308975219727,-0.706170380115509,-0.4114447236061096,2.6309499740600586,-0.848366916179657,-0.4031139016151428,2.599252700805664,-0.9068486094474792,-0.16146354377269745,2.684353828430176,-0.9343329668045044,0.08878280222415924,2.662705421447754,-0.9398298263549805,0.13883206248283386,2.6583757400512695,-0.9508235454559326,0.2389305979013443,2.649716377258301,-0.8877474665641785,0.1967061161994934,2.6713955402374268,-0.5304407477378845,0.13158024847507477,2.665219783782959,-0.5930112600326538,0.5694419741630554,2.7474427223205566,-0.6662177443504333,0.9334598183631897,2.8959407806396484,-0.6607190370559692,1.0729507207870483,2.825942039489746,-0.7239982485771179,0.1408296674489975,2.6199193000793457,-0.760741114616394,0.5891990065574646,2.6162478923797607,-0.8077622056007385,0.9817926287651062,2.6760740280151367,-0.794064462184906,1.1005762815475464,2.575622081756592,-0.6491961479187012,-0.5497158169746399,2.553727626800537,-0.6506639719009399,-0.5982969999313354,2.5466794967651367,-0.6289662718772888,-0.6385983228683472,2.580399513244629,-0.5921247005462646,-0.6319044232368469,2.684004068374634,-0.6868948936462402,-0.635347843170166,2.570058584213257,-0.7562557458877563,-0.6226946711540222,2.6547048091888428,-0.6924527883529663,1.008302092552185,2.968773126602173,-0.8280017971992493,1.0730626583099365,2.7295000553131104
-0.6245266795158386,0.13385960459709167,2.640651226043701,-0.6343725323677063,-0.0493423193693161,2.6419031620025635,-0.6462565660476685,-0.23242466151714325,2.642941951751709,-0.6581409573554993,-0.4155125021934509,2.6439807415008545,-0.6090914011001587,-0.4196414351463318,2.6535181999206543,-0.4661845564842224,-0.42876026034355164,2.6812524795532227,-0.3610392212867737,-0.20839594304561615,2.585057497024536,-0.3152061402797699,-0.2053755521774292,2.3369369506835938,-0.3060395121574402,-0.2047714740037918,2.2873127460479736,-0.28770628571510315,-0.20356331765651703,2.1880645751953125,-0.3523595929145813,-0.1820489764213562,2.227708339691162,-0.7073196172714233,-0.41337352991104126,2.6344547271728516,-0.8502264618873596,-0.4042547047138214,2.606720447540283,-0.9090497493743896,-0.16088737547397614,2.6853435039520264,-0.9419212937355042,0.08861096203327179,2.666804075241089,-0.948495626449585,0.13851062953472137,2.6630961894989014,-0.9616442322731018,0.23830996453762054,2.6556804180145264,-0.8973214030265808,0.19720607995986938,2.675367832183838,-0.5271792411804199,0.12876512110233307,2.6607377529144287,-0.590781569480896,0.5660496950149536,2.7452096939086914,-0.6629067659378052,0.92940354347229,2.8958475589752197,-0.6599931716918945,1.069005012512207,2.825913906097412,-0.7218741178512573,0.13895408809185028,2.6205646991729736,-0.7585758566856384,0.5873265266418457,2.6168627738952637,-0.8038144707679749,0.9801347255706787,2.676654577255249,-0.7927150130271912,1.098590612411499,2.5754973888397217,-0.6536012887954712,-0.5530195236206055,2.5572824478149414,-0.6557839512825012,-0.6016663908958435,2.5508310794830322,-0.6337980628013611,-0.6418424844741821,2.5845324993133545,-0.594569206237793,-0.634405791759491,2.6872289180755615,-0.6919134259223938,-0.6380293965339661,2.575441598892212,-0.7592294216156006,-0.6236019134521484,2.6614716053009033,-0.6879196763038635,1.0039876699447632,2.9693713188171387,-0.8225938081741333,1.0715854167938232,2.73030424118042
-0.6216629147529602,0.13138502836227417,2.63505220413208,-0.6325533390045166,-0.05175766348838806,2.637303590774536,-0.6456031799316406,-0.2347610890865326,2.639394521713257,-0.6586534380912781,-0.41776999831199646,2.6414854526519775,-0.6093614101409912,-0.42219269275665283,2.6495394706726074,-0.4657852053642273,-0.4321637451648712,2.672931671142578,-0.36234694719314575,-0.21837836503982544,2.561521530151367,-0.33525407314300537,-0.2468869388103485,2.312368154525757,-0.3298355042934418,-0.2525886595249176,2.2625374794006348,-0.3189983665943146,-0.2639921009540558,2.1628761291503906,-0.3799930214881897,-0.23588567972183228,2.2040998935699463,-0.7080872654914856,-0.41533637046813965,2.6334543228149414,-0.8516634702682495,-0.40536531805992126,2.6100621223449707,-0.9096769094467163,-0.16054080426692963,2.684299945831299,-0.9463524222373962,0.08857333660125732,2.6694273948669434,-0.9536875486373901,0.13839615881443024,2.6664528846740723,-0.9683577418327332,0.23804181814193726,2.66050386428833,-0.9029685258865356,0.1976228952407837,2.6778323650360107,-0.5237793922424316,0.12577655911445618,2.6523053646087646,-0.5886788368225098,0.5621987581253052,2.7402076721191406,-0.6596494317054749,0.9248132705688477,2.893169403076172,-0.6595414876937866,1.0645254850387573,2.823392629623413,-0.7195464372634888,0.13699349761009216,2.6177990436553955,-0.7568320035934448,0.5853307843208313,2.6152474880218506,-0.8005993962287903,0.9782551527023315,2.6753993034362793,-0.7924715280532837,1.096482753753662,2.5736913681030273,-0.6578485369682312,-0.5559673309326172,2.555748462677002,-0.6606981158256531,-0.6046396493911743,2.549731731414795,-0.6382181644439697,-0.6447938084602356,2.5831403732299805,-0.5961573719978333,-0.6370019912719727,2.6846935749053955,-0.6965209245681763,-0.6404465436935425,2.5755858421325684,-0.7613484859466553,-0.624684751033783,2.6632888317108154,-0.6833422780036926,0.9991140365600586,2.9674155712127686,-0.8178977966308594,1.069820761680603,2.7293524742126465
-0.6180574297904968,0.12952110171318054,2.6271872520446777,-0.6299502849578857,-0.05355365574359894,2.630187511444092,-0.6441039443016052,-0.23646898567676544,2.633096933364868,-0.6582580208778381,-0.4193898141384125,2.6360065937042236,-0.6087443828582764,-0.42412036657333374,2.6423540115356445,-0.4645478129386902,-0.4349851608276367,2.6607649326324463,-0.3642595708370209,-0.22886066138744354,2.533233642578125,-0.35388484597206116,-0.28497326374053955,2.2875473499298096,-0.35180988907814026,-0.29619577527046204,2.238409996032715,-0.34766000509262085,-0.318640798330307,2.1401355266571045,-0.40544256567955017,-0.2849452793598175,2.1817877292633057,-0.7079254388809204,-0.416647344827652,2.629690647125244,-0.8521220088005066,-0.405782550573349,2.6112797260284424,-0.9094116687774658,-0.1601017415523529,2.683169364929199,-0.9497975707054138,0.08866901695728302,2.6731629371643066,-0.9578747749328613,0.13842317461967468,2.671161651611328,-0.9740291237831116,0.237931489944458,2.667159080505371,-0.9075543284416199,0.19815769791603088,2.6815905570983887,-0.5196827054023743,0.12336080521345139,2.6412408351898193,-0.5867069959640503,0.5584726929664612,2.7339134216308594,-0.6569944024085999,0.919949471950531,2.8898539543151855,-0.6602036952972412,1.0598424673080444,2.820514678955078,-0.7164321541786194,0.1356814056634903,2.613133668899536,-0.7544838190078735,0.5839611291885376,2.6128194332122803,-0.7967541217803955,0.9769332408905029,2.6737239360809326,-0.7919163107872009,1.0950149297714233,2.5716376304626465,-0.6617231369018555,-0.5580260753631592,2.550983428955078,-0.6652846932411194,-0.6067032814025879,2.5453121662139893,-0.6421469449996948,-0.6469448804855347,2.5781822204589844,-0.5966988205909729,-0.6391180157661438,2.6782877445220947,-0.7006282806396484,-0.6420052647590637,2.5725111961364746,-0.7623958587646484,-0.6251223683357239,2.662220001220703,-0.6793537735939026,0.993810772895813,2.96494722366333,-0.8124568462371826,1.0685633420944214,2.7280542850494385
-0.6154477596282959,0.1274612843990326,2.6174395084381104,-0.6284564733505249,-0.05553828179836273,2.6208484172821045,-0.643804669380188,-0.23835675418376923,2.6242430210113525,-0.6591533422470093,-0.42118072509765625,2.6276376247406006,-0.6094639301300049,-0.42627111077308655,2.6320574283599854,-0.4647640585899353,-0.4381815493106842,2.644853115081787,-0.36946773529052734,-0.24001845717430115,2.501833438873291,-0.37187889218330383,-0.31574201583862305,2.261263608932495,-0.37236112356185913,-0.33088672161102295,2.2131495475769043,-0.3733255863189697,-0.36117613315582275,2.1169216632843018,-0.42876991629600525,-0.3237856328487396,2.1585938930511475,-0.70900958776474,-0.41807737946510315,2.6232547760009766,-0.8537094593048096,-0.4061669409275055,2.610459089279175,-0.90972900390625,-0.15993426740169525,2.6814231872558594,-0.9530949592590332,0.08849653601646423,2.6775150299072266,-0.9617681503295898,0.13818269968032837,2.6767334938049316,-0.9791145324707031,0.23755502700805664,2.6751701831817627,-0.9116966128349304,0.1982842981815338,2.686185359954834,-0.5166622400283813,0.12063347548246384,2.627878427505493,-0.5861569046974182,0.5541091561317444,2.726221799850464,-0.6558276414871216,0.9143927097320557,2.885169506072998,-0.6627534031867981,1.0543954372406006,2.8163256645202637,-0.7142332792282104,0.13428908586502075,2.6070005893707275,-0.7529392242431641,0.5825064182281494,2.609261989593506,-0.7934421896934509,0.9755801558494568,2.6707043647766113,-0.7922514081001282,1.0934313535690308,2.5682451725006104,-0.6668444275856018,-0.5599825382232666,2.543113946914673,-0.6710489988327026,-0.6086443662643433,2.537688732147217,-0.6471512913703918,-0.6490347981452942,2.5698401927948,-0.5981771945953369,-0.6414143443107605,2.668304443359375,-0.7057555913925171,-0.6435641050338745,2.5661890506744385,-0.7642227411270142,-0.6259140968322754,2.657959461212158,-0.6767426133155823,0.9878196716308594,2.9611001014709473,-0.8073400855064392,1.0673209428787231,2.7253382205963135
-0.6178535223007202,0.12620744109153748,2.6100807189941406,-0.6307002902030945,-0.05682392418384552,2.613050937652588,-0.6459503173828125,-0.2396695911884308,2.616091012954712,-0.6612008213996887,-0.4225207567214966,2.619131088256836,-0.6113606691360474,-0.4276430010795593,2.621265411376953,-0.46623679995536804,-0.43964454531669617,2.6274211406707764,-0.3798542320728302,-0.24774616956710815,2.4705214500427246,-0.38855868577957153,-0.3337787985801697,2.233395576477051,-0.39029958844184875,-0.3509853184223175,2.1859703063964844,-0.3937813639640808,-0.38539835810661316,2.0911200046539307,-0.4486101269721985,-0.3472435176372528,2.133021354675293,-0.7112067341804504,-0.4193858504295349,2.617030143737793,-0.8563306331634521,-0.40738430619239807,2.6108744144439697,-0.9116277694702148,-0.1613381803035736,2.683730363845825,-0.9585411548614502,0.08658823370933533,2.689868211746216,-0.9679238200187683,0.13617351651191711,2.6910958290100098,-0.9866891503334045,0.2353440821170807,2.6935510635375977,-0.9182386994361877,0.19674435257911682,2.7000553607940674,-0.5187112092971802,0.11934884637594223,2.6162490844726562,-0.593259871006012,0.5501279830932617,2.7224268913269043,-0.6641365885734558,0.9083243608474731,2.885504722595215,-0.6762146353721619,1.048451542854309,2.8176321983337402,-0.7169958353042603,0.13306602835655212,2.603912353515625,-0.7592334747314453,0.5809255242347717,2.6102168560028076,-0.8002228140830994,0.9737834930419922,2.6727068424224854,-0.8041126132011414,1.0914644002914429,2.5701191425323486,-0.6723222732543945,-0.5609973073005676,2.5344841480255127,-0.6767573952674866,-0.6096336245536804,2.5290541648864746,-0.6516057848930359,-0.6501428484916687,2.560070753097534,-0.5987246036529541,-0.6428942680358887,2.656510353088379,-0.7103021740913391,-0.6446477174758911,2.558793067932129,-0.7650309801101685,-0.627324640750885,2.6528897285461426,-0.6837361454963684,0.98101407289505,2.9624881744384766,-0.8125893473625183,1.0655092000961304,2.7277326583862305
-0.6200549602508545,0.12552079558372498,2.6029014587402344,-0.6329540610313416,-0.05752953886985779,2.605384111404419,-0.6483392119407654,-0.24038554728031158,2.6080212593078613,-0.6637248396873474,-0.4232470393180847,2.6106584072113037,-0.6138434410095215,-0.4284481108188629,2.610438108444214,-0.468549519777298,-0.44068270921707153,2.6097559928894043,-0.3928726613521576,-0.2550189793109894,2.4393372535705566,-0.40308427810668945,-0.3408883810043335,2.2015581130981445,-0.4051266014575958,-0.3580622673034668,2.1540021896362305,-0.40921124815940857,-0.3924100399017334,2.0588905811309814,-0.46457698941230774,-0.3559623658657074,2.1019515991210938,-0.7137734293937683,-0.42003342509269714,2.6109073162078857,-0.8590673208236694,-0.4077988266944885,2.6115894317626953,-0.9124329090118408,-0.1620916873216629,2.6891822814941406,-0.9611918926239014,0.08529931306838989,2.710088014602661,-0.9709436893463135,0.1347775161266327,2.7142691612243652,-0.9904472827911377,0.2337339222431183,2.7226314544677734,-0.9212525486946106,0.19553497433662415,2.723615884780884,-0.5207419991493225,0.11854596436023712,2.604635238647461,-0.5991372466087341,0.5468501448631287,2.717820882797241,-0.6703236103057861,0.9035731554031372,2.883962869644165,-0.6874002814292908,1.043522596359253,2.8168015480041504,-0.7193679213523865,0.13249562680721283,2.601167678833008,-0.7641223669052124,0.5800557136535645,2.610564708709717,-0.8048141002655029,0.9730421304702759,2.6724343299865723,-0.8137732148170471,1.0900681018829346,2.569416046142578,-0.6784787774085999,-0.5613356232643127,2.5260801315307617,-0.6831969618797302,-0.6099234819412231,2.5206639766693115,-0.6568679213523865,-0.6505571603775024,2.5504677295684814,-0.6001085638999939,-0.6437281966209412,2.6446475982666016,-0.7155321836471558,-0.6449875831604004,2.551607847213745,-0.7663240432739258,-0.6279476284980774,2.6478779315948486,-0.6883601546287537,0.9758310317993164,2.961730718612671,-0.8153916597366333,1.0650289058685303,2.7273969650268555
-0.6215329170227051,0.125870019197464,2.5960745811462402,-0.6348150372505188,-0.057172998785972595,2.598149061203003,-0.6507083177566528,-0.2400045394897461,2.6004931926727295,-0.6666020750999451,-0.42284154891967773,2.602837324142456,-0.6168096661567688,-0.42820656299591064,2.6000816822052,-0.4715312123298645,-0.440938800573349,2.5920181274414062,-0.40605777502059937,-0.2621503174304962,2.408449411392212,-0.4138141870498657,-0.3356129825115204,2.165107250213623,-0.41536545753479004,-0.3503055274486542,2.116438865661621,-0.41846802830696106,-0.37969058752059937,2.019102096557617,-0.4752069413661957,-0.3472464680671692,2.0642693042755127,-0.7165672779083252,-0.41946375370025635,2.605618715286255,-0.8618457317352295,-0.406731516122818,2.613682270050049,-0.9125725626945496,-0.160923033952713,2.6970760822296143,-0.961665689945221,0.08575855195522308,2.734630584716797,-0.9714843034744263,0.13509486615657806,2.7421414852142334,-0.9911215305328369,0.23376750946044922,2.7571632862091064,-0.9214199781417847,0.19599029421806335,2.752006769180298,-0.5222669243812561,0.11863244324922562,2.593026638031006,-0.6029003262519836,0.544481635093689,2.713658094406128,-0.6731512546539307,0.9002838134765625,2.8821561336517334,-0.6950631141662598,1.0398460626602173,2.8155951499938965,-0.720798909664154,0.13310758769512177,2.5991225242614746,-0.7679452300071716,0.5803624987602234,2.611018419265747,-0.8083535432815552,0.9736543297767639,2.671107292175293,-0.8228358030319214,1.0896446704864502,2.5675477981567383,-0.6855624914169312,-0.5606083869934082,2.518812894821167,-0.6906985640525818,-0.6091305613517761,2.513529062271118,-0.6632719039916992,-0.6498895287513733,2.542062282562256,-0.6024712324142456,-0.6434596180915833,2.633612871170044,-0.721763551235199,-0.644102156162262,2.545772075653076,-0.7681974172592163,-0.6270620822906494,2.6441240310668945,-0.6892642974853516,0.9723637700080872,2.9605090618133545,-0.8169955611228943,1.0660881996154785,2.725656747817993
-0.6218152642250061,0.12740445137023926,2.588697671890259,-0.635737419128418,-0.05561010539531708,2.5903265476226807,-0.6524040102958679,-0.2383909821510315,2.592371940612793,-0.6690711379051208,-0.42117732763290405,2.5944173336029053,-0.6195188164710999,-0.42675817012786865,2.5889875888824463,-0.4744111895561218,-0.4401675760746002,2.5730834007263184,-0.418056845664978,-0.2694730758666992,2.3762850761413574,-0.421342134475708,-0.32360050082206726,2.1258020401000977,-0.4219991862773895,-0.33442598581314087,2.0757055282592773,-0.42331328988075256,-0.3560769557952881,1.9755122661590576,-0.4818820059299469,-0.3288811445236206,2.022848129272461,-0.7188045978546143,-0.417583167552948,2.5998694896698,-0.8639122247695923,-0.40417376160621643,2.6157736778259277,-0.9111067056655884,-0.15736082196235657,2.7046444416046143,-0.9585803747177124,0.08882196247577667,2.757772445678711,-0.9680750966072083,0.13805851340293884,2.7683980464935303,-0.9870645403862,0.23653161525726318,2.789649248123169,-0.9172050952911377,0.19908232986927032,2.7783443927764893,-0.5228551030158997,0.11980438977479935,2.5806033611297607,-0.603506326675415,0.5430509448051453,2.710068464279175,-0.6711959838867188,0.8981020450592041,2.8811841011047363,-0.6976638436317444,1.0373042821884155,2.8155293464660645,-0.7207754254341125,0.13500450551509857,2.596791982650757,-0.7706344723701477,0.5818910598754883,2.6112821102142334,-0.8113134503364563,0.9754866361618042,2.6691741943359375,-0.8318304419517517,1.09023118019104,2.5652458667755127,-0.6926134824752808,-0.5587572455406189,2.511512279510498,-0.698258638381958,-0.6072113513946533,2.506507158279419,-0.6698172092437744,-0.6480808854103088,2.533766746520996,-0.6049229502677917,-0.6419646739959717,2.6223721504211426,-0.7279965281486511,-0.6419599652290344,2.540130376815796,-0.7697643637657166,-0.624622106552124,2.64040207862854,-0.6849365830421448,0.970051646232605,2.9601075649261475,-0.8180341124534607,1.0684369802474976,2.723114252090454
-0.620846152305603,0.13019585609436035,2.581598997116089,-0.6356126070022583,-0.052770331501960754,2.5826659202575684,-0.6532564759254456,-0.23547732830047607,2.584299087524414,-0.6709008812904358,-0.4181898236274719,2.5859322547912598,-0.621738076210022,-0.42401206493377686,2.5778353214263916,-0.4768868684768677,-0.4382132887840271,2.553999185562134,-0.4261873960494995,-0.2764103412628174,2.3450281620025635,-0.42442548274993896,-0.3095109462738037,2.0884017944335938,-0.42407310009002686,-0.316131055355072,2.037076473236084,-0.42336833477020264,-0.32937130331993103,1.9344258308410645,-0.4837636947631836,-0.3070802390575409,1.9833176136016846,-0.7202553749084473,-0.4143534302711487,2.5940470695495605,-0.8651065826416016,-0.40015220642089844,2.6178832054138184,-0.9083607792854309,-0.15138567984104156,2.7109625339508057,-0.9528625011444092,0.09493131935596466,2.7765629291534424,-0.9617628455162048,0.14419472217559814,2.7896831035614014,-0.9795635342597961,0.2427215278148651,2.8159232139587402,-0.909853458404541,0.20546479523181915,2.7989721298217773,-0.5224461555480957,0.1221781075000763,2.5685155391693115,-0.6014571189880371,0.5427722930908203,2.707320213317871,-0.6657722592353821,0.8974724411964417,2.8804659843444824,-0.696408748626709,1.036245346069336,2.81571626663208,-0.7192461490631104,0.1382136046886444,2.594682455062866,-0.7719746828079224,0.5846905708312988,2.611621141433716,-0.8135433793067932,0.9785792827606201,2.6668639183044434,-0.8402383327484131,1.0918710231781006,2.562741994857788,-0.6991468667984009,-0.5557360053062439,2.504664421081543,-0.7053479552268982,-0.604130744934082,2.5000739097595215,-0.6759944558143616,-0.6450992822647095,2.526113510131836,-0.6071217656135559,-0.6392045021057129,2.611586093902588,-0.7337403297424316,-0.638552725315094,2.5351040363311768,-0.770734965801239,-0.6206560134887695,2.637059211730957,-0.676998496055603,0.9694482088088989,2.9597644805908203,-0.8185012936592102,1.0721116065979004,2.7199854850769043
-0.6190875172615051,0.13327684998512268,2.5753982067108154,-0.6348233819007874,-0.049619078636169434,2.5757668018341064,-0.6535324454307556,-0.2322319746017456,2.576850652694702,-0.6722420454025269,-0.4148503541946411,2.577934503555298,-0.6236103773117065,-0.42089927196502686,2.5672097206115723,-0.4791039824485779,-0.43589308857917786,2.535390615463257,-0.4316088855266571,-0.2832435071468353,2.3152968883514404,-0.42456772923469543,-0.2961231470108032,2.0541441440582275,-0.42315950989723206,-0.2986990809440613,2.001913547515869,-0.4203430414199829,-0.3038509488105774,1.897452473640442,-0.4825475811958313,-0.28582125902175903,1.9472817182540894,-0.7210770845413208,-0.4107862412929535,2.5886709690093994,-0.8655834794044495,-0.3957924246788025,2.620490074157715,-0.9049313068389893,-0.1441543698310852,2.716035842895508,-0.9459385275840759,0.10331633687019348,2.790149688720703,-0.9541399478912354,0.1528104841709137,2.8049724102020264,-0.970542848110199,0.25179874897003174,2.834617853164673,-0.901188850402832,0.21457016468048096,2.8126754760742188,-0.5214841961860657,0.12484311312437057,2.557429313659668,-0.5974968671798706,0.5430086851119995,2.705012321472168,-0.657942533493042,0.8979489803314209,2.8790853023529053,-0.6924794912338257,1.0361326932907104,2.815030813217163,-0.7166908383369446,0.1417105793952942,2.593367099761963,-0.7719265818595886,0.5878152251243591,2.612360715866089,-0.8145763874053955,0.9820314645767212,2.664440155029297,-0.8474115133285522,1.0936675071716309,2.5602779388427734,-0.7052909731864929,-0.5523301959037781,2.4985849857330322,-0.7120459079742432,-0.6006616353988647,2.4944496154785156,-0.6817978024482727,-0.6417453289031982,2.5191760063171387,-0.6089358329772949,-0.6361175179481506,2.601203680038452,-0.7389667630195618,-0.6347564458847046,2.5308778285980225,-0.7709144949913025,-0.6163157224655151,2.634359121322632,-0.6665787696838379,0.9702011942863464,2.958461046218872,-0.8178479671478271,1.07622492313385,2.7165207862854004
-0.6171503067016602,0.13521498441696167,2.570141077041626,-0.6338686943054199,-0.047597095370292664,2.569711923599243,-0.6536426544189453,-0.2301039695739746,2.570127248764038,-0.6734172105789185,-0.4126163125038147,2.570542573928833,-0.6254127025604248,-0.4188508689403534,2.557372808456421,-0.4813629686832428,-0.4345478415489197,2.517934799194336,-0.43508416414260864,-0.2894216775894165,2.2889792919158936,-0.4238267242908478,-0.2870369553565979,2.024808645248413,-0.42157524824142456,-0.2865599989891052,1.971974492073059,-0.41707226634025574,-0.28560611605644226,1.866306185722351,-0.48076584935188293,-0.2703973352909088,1.916663646697998,-0.7216365933418274,-0.4083654284477234,2.583716869354248,-0.865686297416687,-0.3926684260368347,2.623154878616333,-0.8993322253227234,-0.137534499168396,2.7201008796691895,-0.9350614547729492,0.11236737668514252,2.798784017562866,-0.9422072768211365,0.16234774887561798,2.8145205974578857,-0.9564989805221558,0.2623085081577301,2.845993757247925,-0.8879368901252747,0.22440406680107117,2.8197920322418213,-0.5205068588256836,0.12642963230609894,2.547640800476074,-0.5933354496955872,0.5424786806106567,2.7026963233947754,-0.6505333185195923,0.8981918096542358,2.876338481903076,-0.6887627840042114,1.0355665683746338,2.812621831893921,-0.7137937545776367,0.1440003365278244,2.5926413536071777,-0.7715578675270081,0.5897202491760254,2.613621473312378,-0.8157504200935364,0.9841300845146179,2.6630475521087646,-0.8544644117355347,1.094192624092102,2.559217929840088,-0.7109012007713318,-0.5498287081718445,2.4930009841918945,-0.7181503772735596,-0.5980769991874695,2.489237070083618,-0.6871136426925659,-0.6393043994903564,2.5125997066497803,-0.6106438040733337,-0.6340930461883545,2.5911741256713867,-0.7435993552207947,-0.6319296956062317,2.52685546875,-0.7706866264343262,-0.613197922706604,2.6315650939941406,-0.656856119632721,0.9709712266921997,2.955458164215088,-0.8175765872001648,1.0789124965667725,2.714132785797119
-0.6155341863632202,0.13607877492904663,2.5671093463897705,-0.6333224177360535,-0.04663120210170746,2.565838575363159,-0.6541879177093506,-0.22901952266693115,2.565506935119629,-0.6750540137290955,-0.411413311958313,2.5651752948760986,-0.6277185678482056,-0.4178048372268677,2.549835205078125,-0.4842343330383301,-0.4341353178024292,2.5034523010253906,-0.4377018213272095,-0.29491910338401794,2.2676494121551514,-0.4234479069709778,-0.28210797905921936,2.00126314163208,-0.4205971360206604,-0.27954575419425964,1.9479858875274658,-0.41489556431770325,-0.2744213044643402,1.8414313793182373,-0.47965431213378906,-0.260564386844635,1.8921856880187988,-0.7226163148880005,-0.407004177570343,2.580512046813965,-0.866100549697876,-0.3906736969947815,2.626894950866699,-0.8924275636672974,-0.1315205693244934,2.7233104705810547,-0.9217775464057922,0.12211230397224426,2.8016555309295654,-0.9276475310325623,0.17283888161182404,2.817324638366699,-0.9393875002861023,0.2742920517921448,2.8486626148223877,-0.8719595670700073,0.23494336009025574,2.8192200660705566,-0.5199324488639832,0.12695567309856415,2.540586233139038,-0.5895811319351196,0.5413906574249268,2.7014126777648926,-0.6442747712135315,0.898453950881958,2.8731470108032227,-0.685888946056366,1.0347955226898193,2.8093039989471436,-0.7111359238624573,0.1452018767595291,2.593632459640503,-0.7709785103797913,0.5906233787536621,2.6157898902893066,-0.8165773749351501,0.9851971864700317,2.6628057956695557,-0.8605831861495972,1.0937812328338623,2.559511661529541,-0.7164099216461182,-0.547993540763855,2.488835096359253,-0.7240945100784302,-0.5961354970932007,2.4852147102355957,-0.6924381256103516,-0.6375880837440491,2.507166862487793,-0.6129429936408997,-0.6331127882003784,2.582566261291504,-0.7482072114944458,-0.6299272775650024,2.5236730575561523,-0.7709553837776184,-0.6114072203636169,2.629333257675171,-0.6486345529556274,0.9720278978347778,2.9516727924346924,-0.8171083927154541,1.0805270671844482,2.71290922164917
-0.6145480871200562,0.1345604658126831,2.5666263103485107,-0.6340486407279968,-0.047968894243240356,2.5639123916625977,-0.656557023525238,-0.23016509413719177,2.562328338623047,-0.6790661215782166,-0.41236674785614014,2.560744285583496,-0.6331704258918762,-0.41887515783309937,2.541552782058716,-0.49052801728248596,-0.4359801411628723,2.482091188430786,-0.4393044710159302,-0.3046237826347351,2.2360384464263916,-0.41784659028053284,-0.27192991971969604,1.966179609298706,-0.4135550260543823,-0.26539114117622375,1.912207841873169,-0.4049718677997589,-0.2523135840892792,1.8042643070220947,-0.47169065475463867,-0.2393898069858551,1.8556301593780518,-0.7252064347267151,-0.4078386425971985,2.579918622970581,-0.8678488731384277,-0.39073365926742554,2.6393802165985107,-0.8803542852401733,-0.12146878242492676,2.7274727821350098,-0.8995338082313538,0.1424935758113861,2.793116569519043,-0.9033697247505188,0.19528605043888092,2.8062453269958496,-0.9110415577888489,0.30087101459503174,2.832502841949463,-0.8458016514778137,0.2576417624950409,2.7988598346710205,-0.5212870836257935,0.12509892880916595,2.5328595638275146,-0.5863901376724243,0.5366505980491638,2.702892780303955,-0.6405667662620544,0.898173987865448,2.8653275966644287,-0.6894407272338867,1.0311119556427002,2.7994353771209717,-0.7078090906143188,0.14402200281620026,2.600393056869507,-0.7694574594497681,0.58934485912323,2.6206789016723633,-0.8160526752471924,0.9845743775367737,2.661198616027832,-0.8692512512207031,1.0900057554244995,2.55893874168396,-0.7252017855644226,-0.5465348958969116,2.4853222370147705,-0.7333247065544128,-0.5942270159721375,2.481431245803833,-0.700974702835083,-0.6358903050422668,2.500776529312134,-0.6179176568984985,-0.6330535411834717,2.57110595703125,-0.7552797794342041,-0.6282410621643066,2.520387649536133,-0.7717821002006531,-0.6113806962966919,2.626671075820923,-0.6423343420028687,0.9743691086769104,2.941436529159546,-0.813851535320282,1.0811737775802612,2.708791732788086
-0.6140450239181519,0.13057827949523926,2.577451467514038,-0.6351149678230286,-0.051799044013023376,2.574369430541992,-0.6589678525924683,-0.23384836316108704,2.5723659992218018,-0.6828214526176453,-0.41590312123298645,2.5703625679016113,-0.6374812126159668,-0.4226255714893341,2.549943685531616,-0.49542343616485596,-0.4405369758605957,2.486184597015381,-0.43589773774147034,-0.30324503779411316,2.243421792984009,-0.4133981466293335,-0.26442909240722656,1.9729080200195312,-0.4088982343673706,-0.2566659152507782,1.9188052415847778,-0.3998984098434448,-0.24113953113555908,1.8105998039245605,-0.4658154249191284,-0.22532430291175842,1.8629775047302246,-0.7284209728240967,-0.4111593961715698,2.590759754180908,-0.8704787492752075,-0.39324796199798584,2.6545188426971436,-0.8737411499023438,-0.11861357092857361,2.731274366378784,-0.8876222968101501,0.1510975956916809,2.7787482738494873,-0.8903985023498535,0.2050398290157318,2.788243055343628,-0.895950973033905,0.3129242956638336,2.807232618331909,-0.8320850729942322,0.26624035835266113,2.7743637561798096,-0.5216796398162842,0.12051565945148468,2.5414557456970215,-0.5814365744590759,0.5335525274276733,2.7099034786224365,-0.6330786943435669,0.8991634845733643,2.863842487335205,-0.6836294531822205,1.0302308797836304,2.79549503326416,-0.7064104080200195,0.14064089953899384,2.6134471893310547,-0.7651114463806152,0.586642861366272,2.6269142627716064,-0.8088542222976685,0.9828861355781555,2.660280466079712,-0.8642047643661499,1.0864245891571045,2.5572197437286377,-0.7302655577659607,-0.548171877861023,2.4935989379882812,-0.738645076751709,-0.5955899953842163,2.489060640335083,-0.7064231634140015,-0.6375672817230225,2.5073444843292236,-0.6229162812232971,-0.6362584829330444,2.576592445373535,-0.760292649269104,-0.62998366355896,2.527571678161621,-0.7755466103553772,-0.6147714853286743,2.6339027881622314,-0.6334424614906311,0.9773446917533875,2.9379379749298096,-0.804984986782074,1.0804543495178223,2.705756187438965
-0.6137545704841614,0.12684592604637146,2.588653326034546,-0.6361414194107056,-0.05542880296707153,2.5854642391204834,-0.6611194014549255,-0.23738181591033936,2.583314895629883,-0.6860981583595276,-0.4193403124809265,2.581165313720703,-0.641115665435791,-0.4262729287147522,2.5600016117095947,-0.49954986572265625,-0.44492265582084656,2.4936330318450928,-0.4322686195373535,-0.2969539165496826,2.2583911418914795,-0.41242143511772156,-0.2522369921207428,1.9878389835357666,-0.40845200419425964,-0.24329359829425812,1.933728575706482,-0.4005131125450134,-0.22540682554244995,1.8255077600479126,-0.4644622206687927,-0.20684537291526794,1.879764199256897,-0.7313520908355713,-0.4143853187561035,2.6023058891296387,-0.872917890548706,-0.39573559165000916,2.6686744689941406,-0.8686133027076721,-0.11734867095947266,2.7338085174560547,-0.8781315088272095,0.15567630529403687,2.7647716999053955,-0.8800351619720459,0.21028129756450653,2.7709643840789795,-0.8838424682617188,0.31949129700660706,2.7833497524261475,-0.8212197422981262,0.26987743377685547,2.7518117427825928,-0.5219898819923401,0.11622962355613708,2.5512640476226807,-0.5760171413421631,0.5311896800994873,2.716930389404297,-0.6236489415168762,0.8996641635894775,2.8652615547180176,-0.6747314929962158,1.0297520160675049,2.7954440116882324,-0.7055192589759827,0.13746222853660583,2.626042604446411,-0.7608418464660645,0.5840573310852051,2.632998466491699,-0.8009886741638184,0.9811062812805176,2.6610114574432373,-0.8572709560394287,1.083503007888794,2.557310104370117,-0.7339845895767212,-0.5501630306243896,2.503131151199341,-0.742506206035614,-0.5973647236824036,2.498056650161743,-0.7104807496070862,-0.6395466327667236,2.5157313346862793,-0.6270793676376343,-0.6393411755561829,2.5846481323242188,-0.764140248298645,-0.6320476531982422,2.536088228225708,-0.7791144847869873,-0.6180940866470337,2.6423258781433105,-0.6224986910820007,0.9791263937950134,2.9379777908325195,-0.7956101894378662,1.079323649406433,2.70491623878479
-0.6136678457260132,0.12413454055786133,2.6002371311187744,-0.6369752287864685,-0.058103471994400024,2.5969903469085693,-0.6627052426338196,-0.24003000557422638,2.594715118408203,-0.6884360313415527,-0.4219619631767273,2.592439889907837,-0.6435617804527283,-0.42904967069625854,2.571047782897949,-0.5021492838859558,-0.4482097923755646,2.503882646560669,-0.42505621910095215,-0.2844278812408447,2.282470703125,-0.4119753837585449,-0.23470741510391235,2.0123276710510254,-0.4093592166900635,-0.22476331889629364,1.9582990407943726,-0.4041268825531006,-0.2048751264810562,1.850241780281067,-0.46476972103118896,-0.18351531028747559,1.9072222709655762,-0.7335899472236633,-0.416851669549942,2.613807439804077,-0.8750024437904358,-0.397691547870636,2.6809725761413574,-0.8669331073760986,-0.1170211136341095,2.7352874279022217,-0.8746911287307739,0.15732550621032715,2.7524404525756836,-0.8762427568435669,0.21219483017921448,2.755871057510376,-0.8793459534645081,0.32193347811698914,2.7627322673797607,-0.8173601627349854,0.27041807770729065,2.732991933822632,-0.5220947265625,0.11309640109539032,2.5624282360076904,-0.571803092956543,0.530296802520752,2.723766565322876,-0.6157766580581665,0.9009456634521484,2.867748737335205,-0.6665272116661072,1.0304830074310303,2.79667592048645,-0.7052409648895264,0.13517268002033234,2.6380460262298584,-0.7567005753517151,0.582284152507782,2.6386661529541016,-0.7924848794937134,0.9799989461898804,2.6629068851470947,-0.8483033180236816,1.0819426774978638,2.5585103034973145,-0.7359028458595276,-0.551341712474823,2.512596607208252,-0.7444656491279602,-0.5983356833457947,2.5068721771240234,-0.7127429246902466,-0.6407024264335632,2.524198055267334,-0.6300637722015381,-0.6415590643882751,2.5935463905334473,-0.7663979530334473,-0.6333625912666321,2.5442025661468506,-0.7820864915847778,-0.6207629442214966,2.6502254009246826,-0.6135176420211792,0.9813162088394165,2.9394338130950928,-0.7858068346977234,1.0785893201828003,2.7057859897613525
-0.6156297922134399,0.12073901295661926,2.6187326908111572,-0.6397968530654907,-0.06153975427150726,2.6159353256225586,-0.6662855744361877,-0.24350742995738983,2.61405611038208,-0.6927751302719116,-0.42548057436943054,2.6121768951416016,-0.6477944254875183,-0.4328196346759796,2.591001510620117,-0.5061216950416565,-0.45275646448135376,2.5245518684387207,-0.4172956943511963,-0.27250462770462036,2.320998191833496,-0.4143635630607605,-0.21889261901378632,2.0512583255767822,-0.4137771427631378,-0.20817022025585175,1.9973104000091553,-0.41260430216789246,-0.1867254227399826,1.8894144296646118,-0.4690476357936859,-0.16284026205539703,1.9496335983276367,-0.7380436658859253,-0.42011934518814087,2.633331775665283,-0.8797163963317871,-0.4001825153827667,2.6997814178466797,-0.8697249293327332,-0.11767652630805969,2.743431806564331,-0.876233696937561,0.15722328424453735,2.748920202255249,-0.8775354623794556,0.212203249335289,2.7500178813934326,-0.8801389336585999,0.3221631646156311,2.7522132396698,-0.8184202313423157,0.2691430449485779,2.724602222442627,-0.523897647857666,0.10915050655603409,2.581355333328247,-0.5699076056480408,0.5291152596473694,2.73651385307312,-0.6100688576698303,0.9017477035522461,2.8764450550079346,-0.6595152616500854,1.0310125350952148,2.803966999053955,-0.7073619365692139,0.13232752680778503,2.6561100482940674,-0.7545765042304993,0.5798695087432861,2.6499154567718506,-0.7857333421707153,0.9781885743141174,2.6704025268554688,-0.8399649858474731,1.0798267126083374,2.5648751258850098,-0.7397618293762207,-0.5540131330490112,2.5311970710754395,-0.7484337091445923,-0.6008639931678772,2.525120735168457,-0.7171350717544556,-0.6433879733085632,2.542546510696411,-0.6353991031646729,-0.6449665427207947,2.6127266883850098,-0.7709017992019653,-0.6359511613845825,2.5619394779205322,-0.7877382040023804,-0.6238955855369568,2.6676738262176514,-0.6069737672805786,0.9828702211380005,2.9472482204437256,-0.7780417799949646,1.0770822763442993,2.712407350540161
-0.6160945892333984,0.11977005004882812,2.6295390129089355,-0.6406639218330383,-0.06261745095252991,2.626636505126953,-0.6674221158027649,-0.24470826983451843,2.6245839595794678,-0.6941810846328735,-0.4268045425415039,2.6225311756134033,-0.6488892436027527,-0.4342392683029175,2.6019556522369385,-0.5063294172286987,-0.45446106791496277,2.5374343395233154,-0.4061965346336365,-0.26058241724967957,2.352715015411377,-0.4147340953350067,-0.20719647407531738,2.0831832885742188,-0.4164416193962097,-0.19651928544044495,2.0292768478393555,-0.41985663771629333,-0.17516490817070007,1.921464204788208,-0.4723576009273529,-0.14931604266166687,1.984322428703308,-0.7397637963294983,-0.4213489294052124,2.6430845260620117,-0.8823236227035522,-0.4011271297931671,2.7076058387756348,-0.8738623261451721,-0.11787587404251099,2.7454726696014404,-0.8810508251190186,0.1569298505783081,2.746094226837158,-0.8824885487556458,0.21189099550247192,2.74621844291687,-0.8853639364242554,0.32181328535079956,2.746467113494873,-0.823254406452179,0.2684977352619171,2.7204766273498535,-0.5238823890686035,0.10792537778615952,2.593270778656006,-0.5660155415534973,0.5299022793769836,2.744020938873291,-0.6016328930854797,0.9032762050628662,2.8832149505615234,-0.6487725973129272,1.033139705657959,2.8102684020996094,-0.7083067893981934,0.13161471486091614,2.6658072471618652,-0.7516199350357056,0.5794793963432312,2.655486822128296,-0.7785773873329163,0.9781558513641357,2.675032377243042,-0.8304149508476257,1.0802271366119385,2.568720579147339,-0.7393195629119873,-0.5549805164337158,2.5401246547698975,-0.7477853894233704,-0.6017913818359375,2.5336766242980957,-0.7167810797691345,-0.6443172693252563,2.551518201828003,-0.6364855766296387,-0.6460731029510498,2.623246192932129,-0.7709009647369385,-0.6370574831962585,2.569870710372925,-0.7898253798484802,-0.6255038380622864,2.6752450466156006,-0.5977921485900879,0.9844463467597961,2.9539284706115723,-0.7702839970588684,1.077024221420288,2.716984748840332
-0.6155816912651062,0.12079212069511414,2.6363282203674316,-0.6401616930961609,-0.06172953546047211,2.6326966285705566,-0.6667967438697815,-0.2439761757850647,2.629822015762329,-0.6934325695037842,-0.42622828483581543,2.6269474029541016,-0.6476482152938843,-0.43362265825271606,2.607372999191284,-0.5036724805831909,-0.45369741320610046,2.5460615158081055,-0.3929594159126282,-0.24984654784202576,2.3797216415405273,-0.4140745997428894,-0.20135164260864258,2.1103954315185547,-0.4182976484298706,-0.19165265560150146,2.056530237197876,-0.4267437160015106,-0.17225469648838043,1.948799729347229,-0.4754467010498047,-0.14428937435150146,2.0135960578918457,-0.7395064234733582,-0.42081472277641296,2.6464905738830566,-0.8834821581840515,-0.40073996782302856,2.7078020572662354,-0.8782196044921875,-0.11770644783973694,2.74448823928833,-0.8866479396820068,0.1566297709941864,2.7461869716644287,-0.8883336186408997,0.2114970088005066,2.7465267181396484,-0.8917049765586853,0.321231484413147,2.747206211090088,-0.8288775086402893,0.26839399337768555,2.7224366664886475,-0.5225749015808105,0.10895140469074249,2.601930618286133,-0.5613304972648621,0.532642126083374,2.7486701011657715,-0.592684268951416,0.9061688184738159,2.88843035697937,-0.6367200613021851,1.0369718074798584,2.815237045288086,-0.7085884809494019,0.13263283669948578,2.6707258224487305,-0.7483471035957336,0.5807344317436218,2.657590866088867,-0.7717596888542175,0.9796018600463867,2.6774604320526123,-0.8203897476196289,1.082391619682312,2.570338010787964,-0.7355968356132507,-0.5541521310806274,2.542604446411133,-0.7436935305595398,-0.6009589433670044,2.535679578781128,-0.7130874395370483,-0.643462061882019,2.554243803024292,-0.6349878311157227,-0.6452890038490295,2.6283509731292725,-0.7677609324455261,-0.6364819407463074,2.5709891319274902,-0.7898961305618286,-0.6255120038986206,2.675795793533325,-0.588456928730011,0.9870767593383789,2.9594149589538574,-0.7633538842201233,1.0782943964004517,2.7197911739349365
-0.6153033375740051,0.12345618009567261,2.6395883560180664,-0.6393855214118958,-0.05922076106071472,2.634871244430542,-0.6654092669487,-0.24164694547653198,2.630807399749756,-0.6914337873458862,-0.4240785837173462,2.6267435550689697,-0.6450464129447937,-0.4313013553619385,2.608490228652954,-0.4993847906589508,-0.450809121131897,2.5514163970947266,-0.37960657477378845,-0.23889599740505219,2.4036521911621094,-0.4123404920101166,-0.1962653398513794,2.13517165184021,-0.41888728737831116,-0.18773920834064484,2.0814754962921143,-0.43198084831237793,-0.17068694531917572,1.9740833044052124,-0.4775272011756897,-0.14112281799316406,2.0401790142059326,-0.7381040453910828,-0.41883862018585205,2.6449525356292725,-0.883765697479248,-0.39933085441589355,2.7020263671875,-0.8824196457862854,-0.11708760261535645,2.7397778034210205,-0.8926692008972168,0.15648391842842102,2.744697332382202,-0.894719123840332,0.21119822561740875,2.7456812858581543,-0.8988189697265625,0.3206268548965454,2.7476489543914795,-0.8350875973701477,0.2686281204223633,2.724163055419922,-0.5213087797164917,0.11188968271017075,2.6076481342315674,-0.5591549873352051,0.536988377571106,2.750211715698242,-0.5885198712348938,0.9102258682250977,2.890939712524414,-0.629447877407074,1.0418527126312256,2.817488193511963,-0.7092978954315186,0.13502267003059387,2.6715285778045654,-0.7451189756393433,0.5833284854888916,2.6572306156158447,-0.7651376724243164,0.9822221994400024,2.6785836219787598,-0.8097943067550659,1.0860140323638916,2.5707461833953857,-0.7294570207595825,-0.5518794655799866,2.5403385162353516,-0.7369664907455444,-0.5986970663070679,2.5329179763793945,-0.706820547580719,-0.6410700082778931,2.55246901512146,-0.6316364407539368,-0.6427079439163208,2.629502773284912,-0.7621307969093323,-0.6345208287239075,2.567121744155884,-0.7883487343788147,-0.6241518259048462,2.6710190773010254,-0.5846654772758484,0.9907627701759338,2.9623329639434814,-0.7569250464439392,1.0805895328521729,2.721647024154663
-0.615111768245697,0.12683188915252686,2.6406497955322266,-0.6383874416351318,-0.05598673224449158,2.6345696449279785,-0.6634770631790161,-0.23858265578746796,2.6290364265441895,-0.6885674595832825,-0.42118406295776367,2.6235029697418213,-0.6415335536003113,-0.42815303802490234,2.6068146228790283,-0.4941365718841553,-0.44682878255844116,2.5547611713409424,-0.367146372795105,-0.2282915711402893,2.425631284713745,-0.4095953404903412,-0.19221894443035126,2.158463478088379,-0.41808512806892395,-0.18500441312789917,2.105029821395874,-0.43506473302841187,-0.1705753654241562,1.9981626272201538,-0.47828343510627747,-0.13986210525035858,2.0649330615997314,-0.7358740568161011,-0.4161997437477112,2.6401312351226807,-0.8832710385322571,-0.39752399921417236,2.6921846866607666,-0.8866657614707947,-0.1165742576122284,2.732375144958496,-0.8998883366584778,0.15589091181755066,2.74072527885437,-0.9025328755378723,0.21038395166397095,2.7423954010009766,-0.9078218936920166,0.3193700313568115,2.7457354068756104,-0.8429675102233887,0.26851415634155273,2.7238945960998535,-0.5200450420379639,0.11569289118051529,2.611649990081787,-0.558190107345581,0.541871190071106,2.750257730484009,-0.5870813727378845,0.914665699005127,2.8917768001556396,-0.6247256994247437,1.0469712018966675,2.817929267883301,-0.7101784944534302,0.13797089457511902,2.669649600982666,-0.7423509955406189,0.5863479375839233,2.654884099960327,-0.7595941424369812,0.9850890040397644,2.678257465362549,-0.799821674823761,1.0899221897125244,2.569781541824341,-0.7219588756561279,-0.5491119623184204,2.5354440212249756,-0.7288030982017517,-0.5959634780883789,2.527662754058838,-0.6992067098617554,-0.6381351351737976,2.5484206676483154,-0.6273508667945862,-0.6393338441848755,2.6285476684570312,-0.755122721195221,-0.6320104598999023,2.5607259273529053,-0.785779595375061,-0.6219805479049683,2.6634128093719482,-0.5841636657714844,0.9948287010192871,2.9635655879974365,-0.751932680606842,1.08305823802948,2.7222073078155518
-0.6159557700157166,0.1309886872768402,2.6411125659942627,-0.6380804777145386,-0.05194702744483948,2.6334478855133057,-0.661880612373352,-0.23468990623950958,2.6262149810791016,-0.6856814622879028,-0.417438268661499,2.6189818382263184,-0.6379810571670532,-0.42407405376434326,2.6041219234466553,-0.48884546756744385,-0.44166818261146545,2.557910442352295,-0.3545211851596832,-0.21774941682815552,2.4496915340423584,-0.4025782644748688,-0.18654142320156097,2.1840169429779053,-0.41218969225883484,-0.1802998185157776,2.1308820247650146,-0.4314125180244446,-0.167816624045372,2.0246121883392334,-0.47333672642707825,-0.1365058422088623,2.091480255126953,-0.7336404919624329,-0.4127887189388275,2.633763313293457,-0.8827760815620422,-0.3951945900917053,2.6799747943878174,-0.8921829462051392,-0.11616504192352295,2.7241101264953613,-0.9093106985092163,0.1547168493270874,2.738111972808838,-0.9127362370491028,0.20889323949813843,2.740912437438965,-0.9195873141288757,0.3172460198402405,2.7465131282806396,-0.8534786701202393,0.26793116331100464,2.726337432861328,-0.5197793841362,0.12042683362960815,2.6155755519866943,-0.5597600936889648,0.5475469827651978,2.7496814727783203,-0.5899579524993896,0.9198980331420898,2.8913121223449707,-0.6242614984512329,1.0526199340820312,2.8168160915374756,-0.7121321558952332,0.14155054092407227,2.666649580001831,-0.7407324314117432,0.5898511409759521,2.651715040206909,-0.7558643817901611,0.9883142709732056,2.6765050888061523,-0.7911890149116516,1.093916416168213,2.5672264099121094,-0.7134568095207214,-0.5460257530212402,2.529862403869629,-0.7194424271583557,-0.5929829478263855,2.521932363510132,-0.6904614567756653,-0.6347914934158325,2.5442728996276855,-0.6225698590278625,-0.634989321231842,2.627830982208252,-0.7469848990440369,-0.6291986703872681,2.553819417953491,-0.7827196717262268,-0.6191429495811462,2.6548798084259033,-0.5885893702507019,0.9997743964195251,2.9633543491363525,-0.7491334676742554,1.0859346389770508,2.7211947441101074
-0.6175218224525452,0.13593104481697083,2.640439510345459,-0.6381270289421082,-0.0471176952123642,2.6313345432281494,-0.6602320075035095,-0.230007603764534,2.622560977935791,-0.6823376417160034,-0.41290295124053955,2.6137871742248535,-0.633984386920929,-0.41914504766464233,2.6010115146636963,-0.4832592308521271,-0.43546387553215027,2.561434507369995,-0.3416551351547241,-0.20820826292037964,2.4758591651916504,-0.39049115777015686,-0.18259671330451965,2.2112510204315186,-0.4002583622932434,-0.17747440934181213,2.158329486846924,-0.4197927713394165,-0.1672297865152359,2.0524861812591553,-0.46161311864852905,-0.135270893573761,2.1185178756713867,-0.7309311628341675,-0.4086487293243408,2.626467704772949,-0.881656289100647,-0.3923299014568329,2.6660447120666504,-0.8987404704093933,-0.1155887246131897,2.7123310565948486,-0.9215571880340576,0.15317067503929138,2.7298293113708496,-0.9261205196380615,0.20692256093025208,2.7333290576934814,-0.9352471828460693,0.31442633271217346,2.740328311920166,-0.867716372013092,0.2669498026371002,2.7225501537323,-0.5202778577804565,0.12605902552604675,2.6188390254974365,-0.5627618432044983,0.5538957118988037,2.748309850692749,-0.5951966047286987,0.925528347492218,2.890209197998047,-0.6259170174598694,1.0586515665054321,2.815192937850952,-0.7147657871246338,0.1458030641078949,2.6620399951934814,-0.7398195266723633,0.5938985347747803,2.6480917930603027,-0.7532539963722229,0.9918946027755737,2.674865961074829,-0.7831934690475464,1.0983364582061768,2.5650172233581543,-0.7034899592399597,-0.5429062843322754,2.5245985984802246,-0.7084314227104187,-0.5900695323944092,2.5168614387512207,-0.6801788210868835,-0.6312984228134155,2.5412657260894775,-0.6169804334640503,-0.6297228336334229,2.628556728363037,-0.737274169921875,-0.6263558268547058,2.547602415084839,-0.7787506580352783,-0.6157189011573792,2.646510362625122,-0.5957680940628052,1.0050314664840698,2.9625144004821777,-0.74775230884552,1.0890793800354004,2.720407009124756
-0.6202989220619202,0.14045220613479614,2.639350652694702,-0.6391671299934387,-0.042730361223220825,2.6289191246032715,-0.6593509316444397,-0.22578583657741547,2.6187214851379395,-0.6795353293418884,-0.40884676575660706,2.6085236072540283,-0.6305785775184631,-0.41467052698135376,2.5980350971221924,-0.4785730838775635,-0.42963021993637085,2.56571364402771,-0.3303065896034241,-0.20081055164337158,2.504887342453003,-0.37723055481910706,-0.178755521774292,2.2413249015808105,-0.3866153359413147,-0.1743445098400116,2.188612461090088,-0.40538492798805237,-0.165522500872612,2.0831873416900635,-0.44758063554763794,-0.13325423002243042,2.1481523513793945,-0.7287115454673767,-0.40501272678375244,2.618901252746582,-0.8807170391082764,-0.39005303382873535,2.6512227058410645,-0.9054588675498962,-0.1158236563205719,2.6984171867370605,-0.9336175322532654,0.15040495991706848,2.720392942428589,-0.9392492771148682,0.20365068316459656,2.724788188934326,-0.9505127668380737,0.3101421296596527,2.7335784435272217,-0.881803572177887,0.2644718587398529,2.718233585357666,-0.5221126079559326,0.13132421672344208,2.622046709060669,-0.5669301748275757,0.5598528385162354,2.7467522621154785,-0.6018479466438293,0.9306826591491699,2.889007091522217,-0.6286779046058655,1.0642482042312622,2.8136188983917236,-0.7184852361679077,0.1495801955461502,2.6566545963287354,-0.7398889064788818,0.5974394679069519,2.6439716815948486,-0.751926839351654,0.9949899315834045,2.671884536743164,-0.7761387228965759,1.1019835472106934,2.561389684677124,-0.6931159496307373,-0.5406250953674316,2.5199451446533203,-0.6968389749526978,-0.5880514979362488,2.512593984603882,-0.669462263584137,-0.6285476088523865,2.539344072341919,-0.6117189526557922,-0.624735951423645,2.630504608154297,-0.7270164489746094,-0.6244531273841858,2.542076826095581,-0.7747890949249268,-0.6131348013877869,2.638247013092041,-0.6045438647270203,1.0097707509994507,2.961554765701294,-0.7478688359260559,1.0918421745300293,2.718020439147949
-0.6243508458137512,0.14414146542549133,2.6371288299560547,-0.6413266062736511,-0.039181679487228394,2.6256253719329834,-0.6594020128250122,-0.22241011261940002,2.6142892837524414,-0.6774779558181763,-0.4056440591812134,2.6029529571533203,-0.6280072927474976,-0.4110354781150818,2.5949020385742188,-0.475177526473999,-0.4245881140232086,2.570269823074341,-0.3232312798500061,-0.19510650634765625,2.535447597503662,-0.36603325605392456,-0.17382195591926575,2.273015260696411,-0.3745936453342438,-0.16956505179405212,2.2205288410186768,-0.3917144536972046,-0.16105122864246368,2.115556001663208,-0.4348806142807007,-0.12933564186096191,2.179396390914917,-0.7271451354026794,-0.4022441506385803,2.6108806133270264,-0.879974901676178,-0.3886915147304535,2.6355128288269043,-0.9118856191635132,-0.11667361855506897,2.6796715259552,-0.945193350315094,0.1469549536705017,2.7030444145202637,-0.9518548846244812,0.19968067109584808,2.707719087600708,-0.9651779532432556,0.30513209104537964,2.7170681953430176,-0.8955532908439636,0.2610456645488739,2.7046749591827393,-0.525402307510376,0.13577966392040253,2.624366521835327,-0.5716801285743713,0.5649458765983582,2.7447221279144287,-0.6087445616722107,0.9348326921463013,2.8878140449523926,-0.631313681602478,1.0689891576766968,2.812387704849243,-0.7232993841171265,0.15250326693058014,2.6498911380767822,-0.7407931089401245,0.6001538634300232,2.6392314434051514,-0.7513854503631592,0.9973018765449524,2.6679813861846924,-0.7695721983909607,1.1047313213348389,2.5569651126861572,-0.6826943159103394,-0.5393408536911011,2.5157570838928223,-0.6850765347480774,-0.5870424509048462,2.508975028991699,-0.6588123440742493,-0.6266686916351318,2.538271427154541,-0.6073585152626038,-0.6203010678291321,2.6332507133483887,-0.7166061997413635,-0.6236064434051514,2.5370335578918457,-0.7711078524589539,-0.6116247177124023,2.6297435760498047,-0.613576352596283,1.0134094953536987,2.96065354347229,-0.7488539814949036,1.0938746929168701,2.7145700454711914
-0.6297131776809692,0.14713358879089355,2.638915538787842,-0.6446835994720459,-0.03632932901382446,2.626636505126953,-0.660536527633667,-0.21972616016864777,2.61447811126709,-0.6763899326324463,-0.4031284749507904,2.6023192405700684,-0.6265487670898438,-0.40806353092193604,2.5965607166290283,-0.4733584523200989,-0.42014747858047485,2.579094648361206,-0.3204735815525055,-0.19087474048137665,2.566664934158325,-0.3571183681488037,-0.17069272696971893,2.3047425746917725,-0.36444732546806335,-0.16665633022785187,2.2523581981658936,-0.37910524010658264,-0.15858352184295654,2.1475892066955566,-0.42383015155792236,-0.12736698985099792,2.209972620010376,-0.7264034152030945,-0.40018680691719055,2.607945680618286,-0.8795937299728394,-0.38810285925865173,2.6254117488861084,-0.9185354113578796,-0.11791187524795532,2.6650936603546143,-0.9572510719299316,0.14332589507102966,2.6897785663604736,-0.9649941921234131,0.19557344913482666,2.6947154998779297,-0.980480432510376,0.30006855726242065,2.704589605331421,-0.9100207090377808,0.25757670402526855,2.6947734355926514,-0.5302326679229736,0.1395857334136963,2.630404233932495,-0.5771717429161072,0.5695395469665527,2.7464401721954346,-0.6160228848457336,0.9390180110931396,2.889331817626953,-0.6345609426498413,1.073534607887268,2.8136746883392334,-0.7291936874389648,0.15468144416809082,2.6474268436431885,-0.7431672811508179,0.602208137512207,2.640183448791504,-0.7524878978729248,0.9990103244781494,2.670231580734253,-0.7650643587112427,1.1069551706314087,2.559091567993164,-0.6737577319145203,-0.5388455390930176,2.5174167156219482,-0.6749228239059448,-0.5868211388587952,2.511425018310547,-0.6499122977256775,-0.6255252361297607,2.543215274810791,-0.6047274470329285,-0.616461455821991,2.6414225101470947,-0.70769202709198,-0.6234925389289856,2.538174629211426,-0.7684366703033447,-0.6107021570205688,2.627140760421753,-0.6227939128875732,1.0173386335372925,2.962181329727173,-0.7514026165008545,1.0952961444854736,2.717294216156006
-0.6352916359901428,0.14900872111320496,2.638612985610962,-0.6481471657752991,-0.03462494909763336,2.6262521743774414,-0.6616987586021423,-0.21821622550487518,2.6140058040618896,-0.675250768661499,-0.40181300044059753,2.601759195327759,-0.6251628994941711,-0.40627357363700867,2.598098039627075,-0.47208672761917114,-0.4168410003185272,2.5871286392211914,-0.322794109582901,-0.18662840127944946,2.59226131439209,-0.3529067039489746,-0.1670764535665512,2.330839157104492,-0.35892921686172485,-0.16316606104373932,2.278554677963257,-0.37097424268722534,-0.15534527599811554,2.173985719680786,-0.41768041253089905,-0.12525328993797302,2.23488712310791,-0.7254858613014221,-0.3993479013442993,2.6052870750427246,-0.8785620331764221,-0.38878047466278076,2.6162564754486084,-0.9236337542533875,-0.11994832754135132,2.6480419635772705,-0.9674546718597412,0.13932043313980103,2.670179843902588,-0.9762188792228699,0.19117417931556702,2.674607515335083,-0.9937472343444824,0.2948817014694214,2.683462619781494,-0.9226268529891968,0.2537876069545746,2.6764540672302246,-0.535475492477417,0.14233379065990448,2.633965492248535,-0.5817359089851379,0.57307368516922,2.746535062789917,-0.621336817741394,0.9423907995223999,2.8891427516937256,-0.6359707117080688,1.077239990234375,2.8133645057678223,-0.7351077795028687,0.15568365156650543,2.6432604789733887,-0.746971070766449,0.6031161546707153,2.6397705078125,-0.7559012770652771,0.9995555877685547,2.672271490097046,-0.7636646032333374,1.1082839965820312,2.5615527629852295,-0.6649027466773987,-0.5396230220794678,2.5201992988586426,-0.6648650765419006,-0.5878422260284424,2.5152573585510254,-0.6412057876586914,-0.6254444718360901,2.549530506134033,-0.6024044156074524,-0.6133359670639038,2.6503753662109375,-0.6987065672874451,-0.624594509601593,2.5407989025115967,-0.765323281288147,-0.6109277009963989,2.6256356239318848,-0.6296591758728027,1.020546793937683,2.9619381427764893,-0.7562902569770813,1.095459222793579,2.7200114727020264
-0.6362949013710022,0.14997783303260803,2.6340298652648926,-0.6487321257591248,-0.0337754487991333,2.6228225231170654,-0.6617137789726257,-0.21749892830848694,2.6117448806762695,-0.6746958494186401,-0.4012279510498047,2.6006667613983154,-0.6244957447052002,-0.4056839346885681,2.5990395545959473,-0.4720921814441681,-0.41616612672805786,2.5942888259887695,-0.3291035294532776,-0.18425452709197998,2.6129837036132812,-0.3494090437889099,-0.16435730457305908,2.351940393447876,-0.3534701466560364,-0.1603778600692749,2.299731731414795,-0.3615923523902893,-0.15241897106170654,2.195314407348633,-0.411113977432251,-0.12389685213565826,2.2541685104370117,-0.7250370383262634,-0.3987687826156616,2.6021738052368164,-0.8774405717849731,-0.3882865905761719,2.606924533843994,-0.9246177077293396,-0.11996868252754211,2.6258461475372314,-0.9700828194618225,0.13829970359802246,2.639340877532959,-0.979175865650177,0.18995338678359985,2.6420397758483887,-0.9973618984222412,0.29326075315475464,2.647437572479248,-0.9262129664421082,0.2525690197944641,2.6440162658691406,-0.536354124546051,0.1432686299085617,2.633124351501465,-0.5773948431015015,0.5753283500671387,2.742114305496216,-0.6139935255050659,0.9452325105667114,2.8836939334869385,-0.6234905123710632,1.0803332328796387,2.807633876800537,-0.7362356781959534,0.15668703615665436,2.6349353790283203,-0.7426897287368774,0.6041188836097717,2.6335766315460205,-0.7481622695922852,1.0003427267074585,2.668074369430542,-0.7504879236221313,1.1097354888916016,2.5578231811523438,-0.658071756362915,-0.5413907766342163,2.5237233638763428,-0.6572943925857544,-0.5898118615150452,2.5201642513275146,-0.6354163885116577,-0.6262511014938354,2.55694842338562,-0.6029573082923889,-0.6108888983726501,2.6597797870635986,-0.6923760175704956,-0.6262624859809875,2.5446627140045166,-0.7643428444862366,-0.6109211444854736,2.6249701976776123,-0.6230273842811584,1.0235003232955933,2.95624041557312,-0.7492112517356873,1.095953106880188,2.7163240909576416
-0.6375826001167297,0.15006178617477417,2.6288812160491943,-0.6493157148361206,-0.03383040428161621,2.619091510772705,-0.6614865064620972,-0.21770232915878296,2.6094565391540527,-0.6736577153205872,-0.40157973766326904,2.5998213291168213,-0.6234180331230164,-0.40591907501220703,2.599963426589966,-0.47204065322875977,-0.41596969962120056,2.6005489826202393,-0.33941349387168884,-0.18041206896305084,2.629220485687256,-0.34828808903694153,-0.1585109531879425,2.3689019680023193,-0.3500629961490631,-0.1541307270526886,2.316838264465332,-0.35361284017562866,-0.1453702747821808,2.2127108573913574,-0.4065949320793152,-0.11945782601833344,2.2691898345947266,-0.7240296602249146,-0.3992390036582947,2.599574327468872,-0.8754070401191711,-0.38918837904930115,2.5989887714385986,-0.9233317971229553,-0.12163400650024414,2.6031458377838135,-0.9693967700004578,0.13565626740455627,2.6051175594329834,-0.9786097407341003,0.18711432814598083,2.6055119037628174,-0.9970357418060303,0.29003044962882996,2.6063005924224854,-0.9260737299919128,0.2496228963136673,2.606553554534912,-0.5376255512237549,0.14356383681297302,2.6311399936676025,-0.5740858912467957,0.5763508677482605,2.7385857105255127,-0.6081079840660095,0.9463326930999756,2.880436658859253,-0.6132761240005493,1.0817906856536865,2.804642915725708,-0.7375396490097046,0.15655973553657532,2.626622438430786,-0.7404241561889648,0.603961706161499,2.6279022693634033,-0.7438890933990479,0.9998544454574585,2.665621280670166,-0.7418662905693054,1.1101654767990112,2.5563158988952637,-0.6505158543586731,-0.5436833500862122,2.5278432369232178,-0.6488455533981323,-0.5922282338142395,2.525689125061035,-0.6286408305168152,-0.6273548007011414,2.564749240875244,-0.602496862411499,-0.6086789965629578,2.668972969055176,-0.6848428845405579,-0.6285954713821411,2.549129009246826,-0.7617361545562744,-0.6121941208839417,2.6247153282165527,-0.6177259683609009,1.0245072841644287,2.9529848098754883,-0.7457183599472046,1.0950483083724976,2.7146294116973877
-0.6380228400230408,0.1494244635105133,2.6209797859191895,-0.6487376093864441,-0.034608393907547,2.6127727031707764,-0.6596854329109192,-0.2186349779367447,2.604733943939209,-0.6706335544586182,-0.4026670753955841,2.5966949462890625,-0.6205231547355652,-0.4068206250667572,2.6005160808563232,-0.47305792570114136,-0.41608959436416626,2.6118760108947754,-0.3684490919113159,-0.17314653098583221,2.6601362228393555,-0.3498813509941101,-0.13860350847244263,2.404594898223877,-0.34616780281066895,-0.13169489800930023,2.3534865379333496,-0.3387407064437866,-0.11787768453359604,2.251270055770874,-0.39938080310821533,-0.100115105509758,2.301577091217041,-0.7208629846572876,-0.40051373839378357,2.5927865505218506,-0.8683282136917114,-0.3912447690963745,2.5814266204833984,-0.9147769808769226,-0.1271304488182068,2.5619451999664307,-0.9595167636871338,0.12688660621643066,2.5442540645599365,-0.968464732170105,0.17769001424312592,2.5407159328460693,-0.9863606691360474,0.2792968451976776,2.533639430999756,-0.9164726138114929,0.2394978404045105,2.5410702228546143,-0.5383859872817993,0.14322064816951752,2.6300113201141357,-0.5660403370857239,0.5767790079116821,2.736773729324341,-0.5954662561416626,0.9473859071731567,2.8779003620147705,-0.5914937257766724,1.0830845832824707,2.802500009536743,-0.7376596927642822,0.1556282788515091,2.611948251724243,-0.7326262593269348,0.6028859615325928,2.620373010635376,-0.7315841317176819,0.9981318712234497,2.6640944480895996,-0.7200703024864197,1.1099720001220703,2.556976079940796,-0.6340129375457764,-0.5466876029968262,2.533576250076294,-0.6305707097053528,-0.5953344702720642,2.5335302352905273,-0.6143831014633179,-0.6284528970718384,2.576287031173706,-0.602288544178009,-0.6052079796791077,2.6824963092803955,-0.6682332754135132,-0.6322418451309204,2.553689479827881,-0.7548640966415405,-0.615943431854248,2.618469715118408,-0.6065990924835205,1.025688648223877,2.950076103210449,-0.7350746989250183,1.0926004648208618,2.714374303817749
-0.6406092047691345,0.14838555455207825,2.6162960529327393,-0.6497309803962708,-0.03576178848743439,2.6086981296539307,-0.6590408086776733,-0.219906285405159,2.6012606620788574,-0.668350875377655,-0.4040563106536865,2.593823194503784,-0.6184020042419434,-0.4078216552734375,2.5996456146240234,-0.4731259346008301,-0.41585442423820496,2.616680860519409,-0.38912779092788696,-0.1669771522283554,2.667163848876953,-0.3548702299594879,-0.12651273608207703,2.4154982566833496,-0.34801870584487915,-0.11841985583305359,2.3651652336120605,-0.334315687417984,-0.10223408788442612,2.2644989490509033,-0.39920011162757874,-0.08980723470449448,2.3102316856384277,-0.7184010148048401,-0.402292400598526,2.5879197120666504,-0.8636770844459534,-0.39425963163375854,2.5708844661712646,-0.9068464040756226,-0.13217544555664062,2.5393824577331543,-0.9482740163803101,0.11975619196891785,2.5083868503570557,-0.9565595388412476,0.1701425313949585,2.502187728881836,-0.9731305837631226,0.2709152102470398,2.4897894859313965,-0.9043346643447876,0.2312028706073761,2.50187087059021,-0.5413116812705994,0.1429421305656433,2.6290125846862793,-0.5682792067527771,0.5760371685028076,2.73772931098938,-0.5984335541725159,0.9468761682510376,2.878039598464966,-0.590548038482666,1.0825413465499878,2.802901268005371,-0.7399067282676697,0.15382897853851318,2.603579521179199,-0.7352598309516907,0.6009749174118042,2.616101026535034,-0.7357828617095947,0.9959176182746887,2.6623380184173584,-0.7202686667442322,1.1084250211715698,2.5564401149749756,-0.6233375668525696,-0.5477561950683594,2.5348613262176514,-0.6185482740402222,-0.5963640213012695,2.535573959350586,-0.6044750213623047,-0.6286922693252563,2.5797812938690186,-0.600521981716156,-0.6041565537452698,2.6864988803863525,-0.656562089920044,-0.6342102289199829,2.553464651107788,-0.7481020092964172,-0.6197907328605652,2.6119349002838135,-0.6111134886741638,1.025267481803894,2.9498558044433594,-0.7411286234855652,1.0900627374649048,2.7130496501922607
-0.6428519487380981,0.1472262144088745,2.613150119781494,-0.6504502296447754,-0.036999091506004333,2.6057605743408203,-0.6582054495811462,-0.22122351825237274,2.598512649536133,-0.6659609079360962,-0.4054534435272217,2.591264486312866,-0.6162357330322266,-0.4088529944419861,2.5989346504211426,-0.4733324944972992,-0.4157397150993347,2.62107253074646,-0.4092310070991516,-0.16293227672576904,2.6731035709381104,-0.36198028922080994,-0.11918655037879944,2.4256253242492676,-0.3525301516056061,-0.11043740808963776,2.376129627227783,-0.33362987637519836,-0.0929391160607338,2.2771382331848145,-0.401603639125824,-0.08515100181102753,2.3183834552764893,-0.7157703638076782,-0.40405625104904175,2.583515167236328,-0.8586735725402832,-0.3971695303916931,2.5613772869110107,-0.8970566987991333,-0.13711264729499817,2.521066188812256,-0.9333598613739014,0.11239884793758392,2.478428602218628,-0.940620481967926,0.16230115294456482,2.4699010848999023,-0.9551417827606201,0.2621057629585266,2.452846050262451,-0.8878653049468994,0.2222910076379776,2.4693055152893066,-0.54400235414505,0.14250117540359497,2.6293060779571533,-0.5709116458892822,0.5753284692764282,2.73903226852417,-0.6020649671554565,0.9466975331306458,2.877671718597412,-0.590648889541626,1.082126259803772,2.802572011947632,-0.7417015433311462,0.15195125341415405,2.596994161605835,-0.7380518913269043,0.5990154147148132,2.611950159072876,-0.7404247522354126,0.9938748478889465,2.65871262550354,-0.7213411331176758,1.1065431833267212,2.553579807281494,-0.6136136651039124,-0.5483208894729614,2.53562331199646,-0.6076310873031616,-0.5968764424324036,2.53680419921875,-0.5955053567886353,-0.628808319568634,2.5819969177246094,-0.5988565683364868,-0.6039345860481262,2.6888606548309326,-0.6457808017730713,-0.6357213854789734,2.552448034286499,-0.7413038015365601,-0.623521625995636,2.6051390171051025,-0.6162547469139099,1.0253443717956543,2.948918104171753,-0.7475769519805908,1.0879385471343994,2.7093443870544434
-0.6440051794052124,0.14573398232460022,2.6111247539520264,-0.6499117016792297,-0.0385555773973465,2.6036970615386963,-0.655960202217102,-0.2228456437587738,2.5963973999023438,-0.6620088815689087,-0.40714123845100403,2.589097499847412,-0.6125643253326416,-0.41014254093170166,2.598548412322998,-0.4722168445587158,-0.415815144777298,2.6254689693450928,-0.43213802576065063,-0.15961012244224548,2.67680025100708,-0.37197327613830566,-0.1153668761253357,2.433833599090576,-0.3599403202533722,-0.1065182238817215,2.385240316390991,-0.33587443828582764,-0.0888209268450737,2.2880537509918213,-0.4064945876598358,-0.08602289855480194,2.3242599964141846,-0.711519181728363,-0.4061429500579834,2.5795674324035645,-0.8518666625022888,-0.4004703462123871,2.5526468753814697,-0.8848399519920349,-0.14231297373771667,2.5062813758850098,-0.9149551391601562,0.1045224517583847,2.453599452972412,-0.9209781885147095,0.15388953685760498,2.4430630207061768,-0.9330242276191711,0.25262370705604553,2.421990156173706,-0.8675684928894043,0.21265274286270142,2.4425768852233887,-0.545699954032898,0.14179910719394684,2.6305806636810303,-0.5728244185447693,0.5745868682861328,2.740386962890625,-0.6049951314926147,0.9467715620994568,2.8765709400177,-0.5902575850486755,1.0817844867706299,2.801305055618286,-0.7423104047775269,0.1496688574552536,2.5916688442230225,-0.740115761756897,0.5966926217079163,2.6078968048095703,-0.7448225021362305,0.9914501309394836,2.655297040939331,-0.7225012183189392,1.1043580770492554,2.551065683364868,-0.6035748720169067,-0.5488299131393433,2.5357279777526855,-0.5966194272041321,-0.5973381400108337,2.5370407104492188,-0.5862754583358765,-0.6292960047721863,2.582777976989746,-0.5959848761558533,-0.6050091981887817,2.689584255218506,-0.6347932815551758,-0.637127697467804,2.550448179244995,-0.7334520220756531,-0.6271989345550537,2.597982883453369,-0.620631217956543,1.0258288383483887,2.947054147720337,-0.7538318634033203,1.0853999853134155,2.705840826034546
-0.6451261639595032,0.14492958784103394,2.6093969345092773,-0.6493377089500427,-0.03940333425998688,2.6018548011779785,-0.653654932975769,-0.22373872995376587,2.5944342613220215,-0.6579722762107849,-0.4080796539783478,2.5870134830474854,-0.6088679432868958,-0.41068392992019653,2.598198890686035,-0.4712337255477905,-0.41517338156700134,2.629647970199585,-0.456604540348053,-0.1570843756198883,2.678291082382202,-0.38409632444381714,-0.11147558689117432,2.4403152465820312,-0.3695946931838989,-0.10235382616519928,2.3927199840545654,-0.3405914008617401,-0.0841103121638298,2.297529697418213,-0.4131667912006378,-0.08683639019727707,2.3286561965942383,-0.7071235179901123,-0.407478928565979,2.5757477283477783,-0.8447577357292175,-0.4029894769191742,2.5442986488342285,-0.87249356508255,-0.14633885025978088,2.493788719177246,-0.8961982131004333,0.09796567261219025,2.4327681064605713,-0.9009391665458679,0.1468265801668167,2.4205639362335205,-0.9104210138320923,0.24454839527606964,2.396155595779419,-0.8468783497810364,0.20445393025875092,2.420614719390869,-0.5474771857261658,0.1417691707611084,2.6321113109588623,-0.5762342810630798,0.574630856513977,2.741201639175415,-0.6104878783226013,0.9478301405906677,2.874055862426758,-0.5927239656448364,1.0822856426239014,2.798447608947754,-0.7427751421928406,0.14809000492095947,2.5866825580596924,-0.7418180108070374,0.5950987339019775,2.603389263153076,-0.7488359808921814,0.9897270202636719,2.6515607833862305,-0.7233262658119202,1.1029328107833862,2.5483903884887695,-0.5942447185516357,-0.5484108924865723,2.535414218902588,-0.5864357948303223,-0.596863329410553,2.5366978645324707,-0.5777226090431213,-0.6290615797042847,2.582710027694702,-0.5931136012077332,-0.605836808681488,2.6892521381378174,-0.6245170831680298,-0.6375246644020081,2.5479328632354736,-0.7256979942321777,-0.6298155188560486,2.590717315673828,-0.6278270483016968,1.0274114608764648,2.9435434341430664,-0.7596785426139832,1.0835344791412354,2.702008008956909
-0.6467393636703491,0.14416643977165222,2.609602689743042,-0.6494356393814087,-0.04019710421562195,2.602001667022705,-0.652156412601471,-0.2245655059814453,2.5945281982421875,-0.6548773050308228,-0.4089394211769104,2.587054491043091,-0.6061946749687195,-0.41118741035461426,2.6000237464904785,-0.4713745713233948,-0.41463702917099,2.636042356491089,-0.4804213047027588,-0.15711647272109985,2.683701992034912,-0.3950966000556946,-0.10527651757001877,2.4523544311523438,-0.3780316710472107,-0.09490852802991867,2.4060850143432617,-0.34390178322792053,-0.07417254149913788,2.3135459423065186,-0.4178089499473572,-0.08273249119520187,2.3392562866210938,-0.7035894393920898,-0.40869536995887756,2.5740036964416504,-0.8384095430374146,-0.40524575114250183,2.53798508644104,-0.8602164387702942,-0.14958658814430237,2.4847590923309326,-0.8765280842781067,0.09257479012012482,2.41707444190979,-0.8797904253005981,0.14100706577301025,2.4035375118255615,-0.886315107345581,0.23787161707878113,2.3764636516571045,-0.824922502040863,0.197441965341568,2.40462327003479,-0.549905002117157,0.14167411625385284,2.635704755783081,-0.579693615436554,0.5747325420379639,2.7436671257019043,-0.6153838038444519,0.949084997177124,2.872804880142212,-0.594254732131958,1.0828667879104614,2.7968790531158447,-0.7435737252235413,0.1466587632894516,2.583500623703003,-0.7435808777809143,0.5936784148216248,2.599508047103882,-0.7529215812683105,0.988209068775177,2.6479687690734863,-0.7240695357322693,1.1016051769256592,2.5459020137786865,-0.5863645672798157,-0.5478273034095764,2.5371510982513428,-0.577789306640625,-0.5962064266204834,2.5383574962615967,-0.5706665515899658,-0.6287442445755005,2.5844807624816895,-0.5914042592048645,-0.6068087220191956,2.6905126571655273,-0.6156936883926392,-0.6376488208770752,2.547445297241211,-0.7189812660217285,-0.632038414478302,2.5855789184570312,-0.6343235373497009,1.0292751789093018,2.94115948677063,-0.7656525373458862,1.0819206237792969,2.6981446743011475
-0.648549497127533,0.14368286728858948,2.609480142593384,-0.6497573256492615,-0.04070310294628143,2.6018412113189697,-0.6509311199188232,-0.22509503364562988,2.594341993331909,-0.6521049737930298,-0.40949249267578125,2.5868425369262695,-0.6039198040962219,-0.4114035367965698,2.6016082763671875,-0.47212594747543335,-0.4138893187046051,2.6421005725860596,-0.502967894077301,-0.15874451398849487,2.6886045932769775,-0.40634608268737793,-0.09825491905212402,2.4648373126983643,-0.3870217204093933,-0.08615700155496597,2.42008376121521,-0.3483729958534241,-0.06196116283535957,2.3305768966674805,-0.422773152589798,-0.07627303898334503,2.3509504795074463,-0.7003028392791748,-0.4095856547355652,2.571995496749878,-0.8320966958999634,-0.4070998728275299,2.531503200531006,-0.8477948904037476,-0.15191149711608887,2.478163003921509,-0.8565247058868408,0.088899165391922,2.4074485301971436,-0.8582706451416016,0.13706129789352417,2.393305540084839,-0.8617625832557678,0.23338556289672852,2.3650197982788086,-0.8026667833328247,0.192330002784729,2.3962836265563965,-0.5526800155639648,0.1418306976556778,2.639029026031494,-0.5839417576789856,0.5751487612724304,2.745450735092163,-0.6213650107383728,0.9506602883338928,2.8706250190734863,-0.5968404412269592,1.0837289094924927,2.7944791316986084,-0.7444189786911011,0.14553503692150116,2.5799312591552734,-0.7452643513679504,0.5925396680831909,2.595855474472046,-0.7570538520812988,0.9868423938751221,2.6454977989196777,-0.7248198390007019,1.10068941116333,2.5449655055999756,-0.5789729952812195,-0.5466029047966003,2.538309097290039,-0.5695891380310059,-0.5948635935783386,2.5393149852752686,-0.5638952851295471,-0.627871572971344,2.585340976715088,-0.5896285772323608,-0.6076309084892273,2.6906752586364746,-0.6071259379386902,-0.6370921730995178,2.546248197555542,-0.712115466594696,-0.6337559223175049,2.5799126625061035,-0.6420142650604248,1.0314745903015137,2.9377317428588867,-0.7717283368110657,1.0803276300430298,2.6955559253692627
-0.6523312926292419,0.14215007424354553,2.619140148162842,-0.6521170139312744,-0.04224017262458801,2.611429452896118,-0.6517578959465027,-0.22663544118404388,2.6038451194763184,-0.651398777961731,-0.4110362231731415,2.5962605476379395,-0.603827953338623,-0.4126332104206085,2.6129353046417236,-0.47527384757995605,-0.41424089670181274,2.658109664916992,-0.5273909568786621,-0.16408008337020874,2.7080459594726562,-0.4168684780597687,-0.08680865913629532,2.497119903564453,-0.3947639763355255,-0.07135437428951263,2.454934597015381,-0.3505549728870392,-0.040445804595947266,2.3705642223358154,-0.424911230802536,-0.06095119193196297,2.3835198879241943,-0.6989656686782837,-0.41144344210624695,2.5795035362243652,-0.8275197744369507,-0.4098357558250427,2.5343291759490967,-0.8381546139717102,-0.15476778149604797,2.4831676483154297,-0.8403295278549194,0.0854162871837616,2.412578821182251,-0.8407645225524902,0.1334531009197235,2.398461103439331,-0.8416345119476318,0.22952672839164734,2.370225667953491,-0.7847977876663208,0.18779852986335754,2.404071092605591,-0.5576417446136475,0.14087164402008057,2.6523430347442627,-0.5888372659683228,0.5752427577972412,2.754232168197632,-0.6260650753974915,0.9532896876335144,2.871472120285034,-0.5972766876220703,1.0846835374832153,2.7939505577087402,-0.7470208406448364,0.1434285044670105,2.585937261581421,-0.748493492603302,0.5904214382171631,2.6010372638702393,-0.7623524069786072,0.9847079515457153,2.649993896484375,-0.7263809442520142,1.098512887954712,2.550710439682007,-0.5737583637237549,-0.5461780428886414,2.5490005016326904,-0.5635574460029602,-0.594298243522644,2.5497326850891113,-0.5592617988586426,-0.6278967261314392,2.5955114364624023,-0.5898889899253845,-0.609665036201477,2.6999471187591553,-0.6006094813346863,-0.6372869610786438,2.5544357299804688,-0.7070407867431641,-0.6362707614898682,2.583566188812256,-0.6480704545974731,1.0355074405670166,2.9363927841186523,-0.7789625525474548,1.0782017707824707,2.6994073390960693
-0.6551173329353333,0.14070752263069153,2.6216323375701904,-0.653760552406311,-0.0436873733997345,2.6137490272521973,-0.6521733999252319,-0.22808809578418732,2.6060471534729004,-0.6505861878395081,-0.41249436140060425,2.5983450412750244,-0.6037182807922363,-0.41387131810188293,2.616933822631836,-0.47874176502227783,-0.4148710072040558,2.6666226387023926,-0.5502289533615112,-0.17031700909137726,2.7169382572174072,-0.4308145046234131,-0.0768064558506012,2.518554449081421,-0.406931608915329,-0.058104343712329865,2.4788777828216553,-0.35916581749916077,-0.0207001194357872,2.399524211883545,-0.43234148621559143,-0.04697248339653015,2.405961513519287,-0.6974368691444397,-0.41312167048454285,2.5796725749969482,-0.8224133849143982,-0.41212198138237,2.5299837589263916,-0.8286020755767822,-0.15661177039146423,2.483886241912842,-0.8253269195556641,0.0841955691576004,2.417846441268921,-0.8246718645095825,0.13235703110694885,2.4046385288238525,-0.8233618140220642,0.22867996990680695,2.378222703933716,-0.7686533331871033,0.18588563799858093,2.4137468338012695,-0.5618094205856323,0.13981474936008453,2.658573627471924,-0.5924259424209595,0.5746200680732727,2.758625030517578,-0.6288922429084778,0.9542855024337769,2.870659351348877,-0.5955824255943298,1.0844755172729492,2.792940855026245,-0.7484252452850342,0.14160029590129852,2.584691047668457,-0.7497985363006592,0.5885369777679443,2.6004719734191895,-0.7654732465744019,0.9825645685195923,2.6507105827331543,-0.7255118489265442,1.0968126058578491,2.5535013675689697,-0.5685463547706604,-0.5454990863800049,2.5523629188537598,-0.5575150847434998,-0.5934492945671082,2.552783489227295,-0.5545747876167297,-0.6277189254760742,2.598184108734131,-0.5899748802185059,-0.6117306351661682,2.7014949321746826,-0.593957781791687,-0.6371560096740723,2.55521559715271,-0.7015600204467773,-0.6384692192077637,2.5797510147094727,-0.6521509289741516,1.037443995475769,2.933910369873047,-0.7840186357498169,1.0758243799209595,2.699859857559204
-0.6579564809799194,0.13879072666168213,2.6291701793670654,-0.655495822429657,-0.045596957206726074,2.621000289916992,-0.6528260111808777,-0.22998805344104767,2.612974166870117,-0.6501561403274536,-0.414384663105011,2.604947805404663,-0.6040634512901306,-0.4156119227409363,2.625404119491577,-0.4829363524913788,-0.4162037968635559,2.679292917251587,-0.5710130929946899,-0.17793458700180054,2.7302863597869873,-0.44464176893234253,-0.06600435078144073,2.547072172164917,-0.4193674921989441,-0.043618302792310715,2.5104293823242188,-0.3688189685344696,0.0011537931859493256,2.4371438026428223,-0.4400295317173004,-0.0302523672580719,2.436591386795044,-0.696219801902771,-0.4151616096496582,2.584404230117798,-0.8173469305038452,-0.4145697355270386,2.530515432357788,-0.8204323649406433,-0.1583460569381714,2.492175340652466,-0.8135659694671631,0.083924800157547,2.434528112411499,-0.8121926784515381,0.1323789656162262,2.4229986667633057,-0.8094460964202881,0.2292873114347458,2.399939775466919,-0.7565890550613403,0.18519702553749084,2.4362685680389404,-0.5661602020263672,0.13821889460086823,2.6697237491607666,-0.5960942506790161,0.5739071369171143,2.7660202980041504,-0.6314056515693665,0.955639123916626,2.87115478515625,-0.5935362577438354,1.0842031240463257,2.7928273677825928,-0.7497527599334717,0.13936255872249603,2.5886166095733643,-0.7516214847564697,0.5862767696380615,2.604661703109741,-0.7687413692474365,0.9803991913795471,2.65358829498291,-0.7248052358627319,1.094427227973938,2.5578534603118896,-0.5642939209938049,-0.5453248620033264,2.5598621368408203,-0.5525510907173157,-0.5931221842765808,2.559849262237549,-0.5508982539176941,-0.6282057762145996,2.604710578918457,-0.5906427502632141,-0.6146837472915649,2.7068207263946533,-0.588397741317749,-0.637406587600708,2.5600171089172363,-0.696891188621521,-0.6407527923583984,2.5801892280578613,-0.6557992696762085,1.04002845287323,2.9323086738586426,-0.7890933752059937,1.0737639665603638,2.7018086910247803
-0.6621605157852173,0.1356784701347351,2.6479947566986084,-0.6586875915527344,-0.0486871600151062,2.639496088027954,-0.655007004737854,-0.23305535316467285,2.6311421394348145,-0.6513262987136841,-0.4174290895462036,2.6227879524230957,-0.6061141490936279,-0.4185434579849243,2.645134687423706,-0.48897892236709595,-0.4188348650932312,2.7031736373901367,-0.591270387172699,-0.18667545914649963,2.753671646118164,-0.4595637917518616,-0.05564497411251068,2.588299512863159,-0.4332224726676941,-0.02943887747824192,2.555225133895874,-0.38053983449935913,0.0229733157902956,2.4890763759613037,-0.4490193724632263,-0.012843169271945953,2.480976104736328,-0.6964983940124512,-0.41831859946250916,2.6003503799438477,-0.8136336207389832,-0.41802719235420227,2.542311429977417,-0.814979612827301,-0.16109073162078857,2.512421131134033,-0.8060329556465149,0.08273433148860931,2.4641218185424805,-0.8042436242103577,0.13149935007095337,2.4544620513916016,-0.8006649613380432,0.22902938723564148,2.4351422786712646,-0.7494274973869324,0.18370601534843445,2.471998691558838,-0.5720525979995728,0.1353403776884079,2.6921510696411133,-0.6011353731155396,0.5718700289726257,2.7858052253723145,-0.6355583071708679,0.9550814628601074,2.8864388465881348,-0.5932039022445679,1.082543969154358,2.80846905708313,-0.7522684335708618,0.13601656258106232,2.6038384437561035,-0.7551063299179077,0.5831351280212402,2.619713544845581,-0.7730656862258911,0.977836012840271,2.6650094985961914,-0.7249749302864075,1.0910800695419312,2.5702311992645264,-0.5620836615562439,-0.546637773513794,2.578911542892456,-0.5497533082962036,-0.5943180322647095,2.5785555839538574,-0.549443244934082,-0.6301788687705994,2.6228744983673096,-0.5933862924575806,-0.6188938021659851,2.723602771759033,-0.5850523710250854,-0.6390417218208313,2.5765469074249268,-0.69427889585495,-0.6440051794052124,2.5923407077789307,-0.6611507534980774,1.0403311252593994,2.9459733963012695,-0.7950823903083801,1.0716549158096313,2.711700916290283
-0.6613686680793762,0.1328277587890625,2.65014910697937,-0.6570445895195007,-0.051529765129089355,2.6415724754333496,-0.6524596214294434,-0.23589318990707397,2.6332623958587646,-0.6478745341300964,-0.4202621281147003,2.6249520778656006,-0.6037346720695496,-0.42126917839050293,2.6493606567382812,-0.4911267161369324,-0.42128226161003113,2.7117815017700195,-0.6029074192047119,-0.19316694140434265,2.757697343826294,-0.4685971140861511,-0.04960991442203522,2.6061573028564453,-0.44173505902290344,-0.02089850977063179,2.5758492946624756,-0.3880109488964081,0.036524299532175064,2.515233278274536,-0.45369264483451843,-0.002346821129322052,2.5015108585357666,-0.6919645071029663,-0.42125892639160156,2.6004531383514404,-0.8045724630355835,-0.42124584317207336,2.538032293319702,-0.8039579391479492,-0.16397276520729065,2.516819477081299,-0.7923406362533569,0.08083580434322357,2.4774997234344482,-0.7900171875953674,0.12979751825332642,2.4696357250213623,-0.7853702306747437,0.2277209460735321,2.4539077281951904,-0.7361246347427368,0.1810876429080963,2.4915051460266113,-0.5733582377433777,0.13265103101730347,2.698319673538208,-0.6024231910705566,0.5691643953323364,2.7931907176971436,-0.6379181146621704,0.9521654844284058,2.895085334777832,-0.5912442207336426,1.0798587799072266,2.8198416233062744,-0.7493790984153748,0.13300448656082153,2.6019785404205322,-0.7533620595932007,0.5802186131477356,2.621288537979126,-0.773402988910675,0.9748376607894897,2.6682605743408203,-0.7210134863853455,1.088733434677124,2.5764522552490234,-0.5553335547447205,-0.5479393005371094,2.583404541015625,-0.5424773693084717,-0.5954867005348206,2.58296537399292,-0.543764054775238,-0.6319586634635925,2.626775026321411,-0.5923091173171997,-0.6225246787071228,2.725578784942627,-0.5771644711494446,-0.6405462026596069,2.578770399093628,-0.6869436502456665,-0.6468560695648193,2.5895659923553467,-0.6653077006340027,1.037268042564392,2.954131603240967,-0.7975464463233948,1.0684120655059814,2.7145206928253174
-0.6581134796142578,0.12982651591300964,2.647085428237915,-0.6529022455215454,-0.054529428482055664,2.6386990547180176,-0.6474422216415405,-0.23889215290546417,2.6306252479553223,-0.6419820189476013,-0.4232603907585144,2.622551202774048,-0.5991275906562805,-0.4241613447666168,2.6491622924804688,-0.4912230968475342,-0.42390695214271545,2.7163245677948,-0.6075108051300049,-0.19790062308311462,2.7571940422058105,-0.4702141284942627,-0.04604905843734741,2.6180431842803955,-0.4427548050880432,-0.01567874476313591,2.5902130603790283,-0.38783612847328186,0.045061882585287094,2.534552812576294,-0.4511152505874634,0.0046364739537239075,2.5160675048828125,-0.6847770810127258,-0.42436328530311584,2.5958521366119385,-0.7926815748214722,-0.4246176779270172,2.5286898612976074,-0.7906231880187988,-0.16750934720039368,2.5159201622009277,-0.7762690782546997,0.07762090861797333,2.4846580028533936,-0.7733982801437378,0.1266469657421112,2.478405475616455,-0.7676566243171692,0.22469906508922577,2.4659006595611572,-0.7207096815109253,0.17688050866127014,2.50449538230896,-0.5726550817489624,0.1298527866601944,2.699610948562622,-0.6031031608581543,0.5663294792175293,2.7954020500183105,-0.6414074897766113,0.9488946199417114,2.8987815380096436,-0.5905123353004456,1.07700514793396,2.8268771171569824,-0.7435718774795532,0.1298002451658249,2.594559907913208,-0.7493063807487488,0.5769951939582825,2.6190288066864014,-0.7731448411941528,0.9710169434547424,2.6708860397338867,-0.7165448665618896,1.0865100622177124,2.5835325717926025,-0.5467393398284912,-0.5498077869415283,2.583505630493164,-0.5335512757301331,-0.5972812175750732,2.5829923152923584,-0.5366016030311584,-0.6343956589698792,2.6261966228485107,-0.5897100567817688,-0.626668393611908,2.722820281982422,-0.5677163004875183,-0.6425026655197144,2.5765745639801025,-0.6778683662414551,-0.6496381759643555,2.582224130630493,-0.6711406707763672,1.0337128639221191,2.957209587097168,-0.7999576330184937,1.0638598203659058,2.717289686203003
-0.6525455117225647,0.12500905990600586,2.631516695022583,-0.6453505158424377,-0.05928443372249603,2.6244406700134277,-0.6377822160720825,-0.2435813695192337,2.6178605556488037,-0.630213737487793,-0.4278838038444519,2.6112802028656006,-0.5911328792572021,-0.4284217953681946,2.643162488937378,-0.4947754740715027,-0.427277535200119,2.721942186355591,-0.6125155687332153,-0.20098382234573364,2.7430906295776367,-0.47196924686431885,-0.04012042284011841,2.6208386421203613,-0.4438599944114685,-0.007947742938995361,2.596388339996338,-0.38764145970344543,0.05639761686325073,2.547487497329712,-0.44603991508483887,0.01308923214673996,2.522463321685791,-0.6692122220993042,-0.42934900522232056,2.5793263912200928,-0.7655696272850037,-0.4304932653903961,2.50054669380188,-0.7646870613098145,-0.17463615536689758,2.5079751014709473,-0.7400527000427246,0.06941093504428864,2.4877262115478516,-0.7351258397102356,0.11822035163640976,2.4836764335632324,-0.7252721190452576,0.2158391773700714,2.475576877593994,-0.6856544017791748,0.1657503992319107,2.518399238586426,-0.5746259093284607,0.12563110888004303,2.694545030593872,-0.5999513864517212,0.5614722371101379,2.796523094177246,-0.6363604068756104,0.9433911442756653,2.904346466064453,-0.5727684497833252,1.0710139274597168,2.841996192932129,-0.7304651141166687,0.12438701093196869,2.568488359451294,-0.7366893291473389,0.5708575248718262,2.6087844371795654,-0.771384060382843,0.961417555809021,2.6800076961517334,-0.7052336931228638,1.082177758216858,2.607480525970459,-0.5308026075363159,-0.5529188513755798,2.578458547592163,-0.5173453092575073,-0.6003008484840393,2.577939033508301,-0.5244794487953186,-0.6386301517486572,2.619548797607422,-0.5870246291160583,-0.6338348984718323,2.710509777069092,-0.5504100918769836,-0.6454172730445862,2.5668649673461914,-0.6604948043823242,-0.6530650854110718,2.561239004135132,-0.6696940660476685,1.0281565189361572,2.961071014404297,-0.8049991130828857,1.0513508319854736,2.7279245853424072
-0.6477847695350647,0.12382644414901733,2.6146278381347656,-0.6398173570632935,-0.060389578342437744,2.608497142791748,-0.631350040435791,-0.2446049153804779,2.603055477142334,-0.6228824853897095,-0.4288257956504822,2.597613573074341,-0.5867164731025696,-0.42920514941215515,2.6327385902404785,-0.49832239747047424,-0.42768359184265137,2.7187700271606445,-0.6075034737586975,-0.19731846451759338,2.7314937114715576,-0.4606754779815674,-0.03663274645805359,2.618105173110962,-0.43130987882614136,-0.00449560210108757,2.5954275131225586,-0.3725786805152893,0.05977868661284447,2.550072193145752,-0.4298183023929596,0.017238572239875793,2.5219130516052246,-0.6589564085006714,-0.43044865131378174,2.562429428100586,-0.7473504543304443,-0.4319702088832855,2.47639799118042,-0.7477341294288635,-0.17730867862701416,2.4936563968658447,-0.7149873375892639,0.06545108556747437,2.4784696102142334,-0.708437979221344,0.11400303989648819,2.4754321575164795,-0.6953392624855042,0.21110695600509644,2.469357490539551,-0.6612433791160583,0.1597333699464798,2.5149338245391846,-0.575789213180542,0.12462250888347626,2.6842734813690186,-0.5996556878089905,0.5594072937965393,2.7916250228881836,-0.6365301609039307,0.9403294324874878,2.903238296508789,-0.5653069019317627,1.0675266981124878,2.848619222640991,-0.7197803258895874,0.12303037941455841,2.5449821949005127,-0.7269556522369385,0.5684435367584229,2.596822500228882,-0.7710443735122681,0.9556049108505249,2.6809725761413574,-0.6997150778770447,1.0796663761138916,2.6196861267089844,-0.5225824117660522,-0.5540541410446167,2.568760633468628,-0.5094563364982605,-0.6015110015869141,2.568253993988037,-0.5193637609481812,-0.6404478549957275,2.608687400817871,-0.5872451663017273,-0.6366497874259949,2.6957380771636963,-0.5420942306518555,-0.646155834197998,2.5544443130493164,-0.6516481041908264,-0.6528223156929016,2.5420491695404053,-0.6725627779960632,1.0249043703079224,2.958649158477783,-0.8095170259475708,1.0433049201965332,2.7294514179229736
-0.6428859233856201,0.1236342191696167,2.5987565517425537,-0.6342560052871704,-0.06044597923755646,2.5936925411224365,-0.6250981688499451,-0.24452152848243713,2.589454174041748,-0.6159400343894958,-0.42860257625579834,2.5852158069610596,-0.5829460024833679,-0.4288410544395447,2.6232869625091553,-0.5029107928276062,-0.4269900918006897,2.7158334255218506,-0.6061019897460938,-0.19439420104026794,2.722438097000122,-0.45457524061203003,-0.030542120337486267,2.621955156326294,-0.4242698848247528,0.0022282972931861877,2.601858615875244,-0.36365920305252075,0.0677691325545311,2.5616655349731445,-0.4185791611671448,0.025569066405296326,2.5292670726776123,-0.6488345861434937,-0.43036484718322754,2.5470986366271973,-0.7288697957992554,-0.4322158098220825,2.454552173614502,-0.7286414504051208,-0.17899885773658752,2.4805140495300293,-0.6859471797943115,0.06183047592639923,2.471398115158081,-0.6774083375930786,0.10999634861946106,2.4695749282836914,-0.6603306531906128,0.20632809400558472,2.465928554534912,-0.6324078440666199,0.15343236923217773,2.5135631561279297,-0.5773566961288452,0.1246243342757225,2.6744396686553955,-0.602393388748169,0.5585954189300537,2.7851552963256836,-0.6412868499755859,0.9390469193458557,2.8979790210723877,-0.5633968114852905,1.065418004989624,2.8509819507598877,-0.708415150642395,0.1226441040635109,2.523073434829712,-0.7177664041519165,0.5667582154273987,2.5854501724243164,-0.7727134227752686,0.950183093547821,2.6800620555877686,-0.6974104642868042,1.0769717693328857,2.63006854057312,-0.5152983665466309,-0.5544338226318359,2.5610392093658447,-0.5026282072067261,-0.6019893288612366,2.5607357025146484,-0.5153952836990356,-0.6412942409515381,2.5999507904052734,-0.588477373123169,-0.6378636360168457,2.682621955871582,-0.5347541570663452,-0.6460973024368286,2.5443623065948486,-0.6433275938034058,-0.6514723896980286,2.5251216888427734,-0.6802147030830383,1.0237404108047485,2.9512526988983154,-0.8161300420761108,1.0357284545898438,2.7282638549804688
-0.6375588774681091,0.12499105930328369,2.5833871364593506,-0.6284304857254028,-0.05891065299510956,2.579573631286621,-0.6187536716461182,-0.24280241131782532,2.5767643451690674,-0.6090765595436096,-0.4266996383666992,2.5739548206329346,-0.5794818997383118,-0.42676663398742676,2.6146631240844727,-0.5080527067184448,-0.4245121479034424,2.713127613067627,-0.6063929200172424,-0.19020040333271027,2.717623233795166,-0.45437514781951904,-0.017655029892921448,2.63492751121521,-0.42397159337997437,0.016854047775268555,2.6183884143829346,-0.363164484500885,0.08587220311164856,2.585310220718384,-0.4143741726875305,0.04367257282137871,2.547555446624756,-0.6385660171508789,-0.4286314845085144,2.5332159996032715,-0.7099952101707458,-0.4308859705924988,2.434751510620117,-0.7072681784629822,-0.1792297661304474,2.4701733589172363,-0.6518979072570801,0.058788999915122986,2.469142436981201,-0.6408238410949707,0.1063927561044693,2.4689362049102783,-0.618675708770752,0.20160026848316193,2.4685239791870117,-0.5978859663009644,0.14679497480392456,2.5174405574798584,-0.5789596438407898,0.12621839344501495,2.6644692420959473,-0.6061833500862122,0.5594484210014343,2.777745246887207,-0.64841628074646,0.9393227696418762,2.891467571258545,-0.5648978352546692,1.0648889541625977,2.852628231048584,-0.6961581110954285,0.12376373261213303,2.502305030822754,-0.7087650895118713,0.5662809610366821,2.5749711990356445,-0.7760472297668457,0.9454540014266968,2.6785171031951904,-0.6980686783790588,1.074643850326538,2.6400461196899414,-0.5087975263595581,-0.5535759925842285,2.554860830307007,-0.4967496991157532,-0.6012664437294006,2.5548787117004395,-0.5124302506446838,-0.6407273411750793,2.5928146839141846,-0.5904314517974854,-0.6370654106140137,2.670766830444336,-0.5283377170562744,-0.6447673439979553,2.536115884780884,-0.6355025768280029,-0.6485120058059692,2.510119915008545,-0.690333366394043,1.024092197418213,2.942321538925171,-0.8244674801826477,1.028781771659851,2.725856065750122
-0.6320700645446777,0.1265983283519745,2.567936897277832,-0.622695803642273,-0.057097017765045166,2.565648317337036,-0.6127883195877075,-0.24077533185482025,2.5645437240600586,-0.6028805375099182,-0.42445915937423706,2.563439130783081,-0.5767589211463928,-0.4243095815181732,2.6063880920410156,-0.5138748288154602,-0.4215407967567444,2.710010051727295,-0.6070941090583801,-0.18526241183280945,2.7092103958129883,-0.46166348457336426,-0.0043944865465164185,2.633136749267578,-0.43257737159729004,0.03177909925580025,2.617922067642212,-0.3744051158428192,0.10412627458572388,2.5874927043914795,-0.4225928783416748,0.06023075431585312,2.5478312969207764,-0.6288944482803345,-0.42660510540008545,2.5204780101776123,-0.6917785406112671,-0.4293738901615143,2.416856050491333,-0.6844393610954285,-0.17982222139835358,2.463632583618164,-0.6130732297897339,0.05354084074497223,2.4735841751098633,-0.598800003528595,0.10021345317363739,2.475574493408203,-0.5702535510063171,0.1935586780309677,2.479555130004883,-0.557755172252655,0.13651953637599945,2.5286693572998047,-0.5805522203445435,0.12816020846366882,2.653597116470337,-0.610216498374939,0.5607386827468872,2.7689740657806396,-0.6564431190490723,0.9399732351303101,2.883467435836792,-0.5683815479278564,1.064767599105835,2.85299015045166,-0.683587908744812,0.12503644824028015,2.482276678085327,-0.7005394697189331,0.5656911134719849,2.565054178237915,-0.7809537649154663,0.9402531981468201,2.6759653091430664,-0.7016257047653198,1.0714995861053467,2.6487843990325928,-0.5035359859466553,-0.5526421070098877,2.5497593879699707,-0.49221065640449524,-0.6004775762557983,2.5502429008483887,-0.5107221007347107,-0.6398547291755676,2.5869195461273193,-0.5931968688964844,-0.6354026794433594,2.6599819660186768,-0.5232123136520386,-0.6433935165405273,2.5293734073638916,-0.6285858750343323,-0.645429253578186,2.496934413909912,-0.701205849647522,1.0247865915298462,2.931790828704834,-0.8342012166976929,1.0213584899902344,2.7219960689544678
-0.6267127990722656,0.12853115797042847,2.552117347717285,-0.6173573136329651,-0.05498360097408295,2.551551342010498,-0.6075050830841064,-0.23847144842147827,2.5523619651794434,-0.5976525545120239,-0.4219647943973541,2.5531725883483887,-0.5749426484107971,-0.4215475916862488,2.5979578495025635,-0.5203094482421875,-0.4181370437145233,2.705941677093506,-0.6053344011306763,-0.1791004091501236,2.6949968338012695,-0.4654350280761719,0.006451785564422607,2.6200242042541504,-0.4374551475048065,0.04356222599744797,2.605029582977295,-0.3814953863620758,0.11778310686349869,2.575040578842163,-0.4272737205028534,0.07181762158870697,2.534907579421997,-0.6202554106712341,-0.42437630891799927,2.5083961486816406,-0.6748886108398438,-0.42778685688972473,2.4004123210906982,-0.6607088446617126,-0.18084275722503662,2.457902193069458,-0.5700584650039673,0.04494360089302063,2.478527307510376,-0.5519284009933472,0.09010086953639984,2.482652425765991,-0.5156682729721069,0.18041542172431946,2.4909024238586426,-0.5121160745620728,0.12173552811145782,2.5395150184631348,-0.5821128487586975,0.1305292397737503,2.6414778232574463,-0.6141322255134583,0.5623612999916077,2.759366273880005,-0.6646031737327576,0.9407590627670288,2.8751254081726074,-0.5730785131454468,1.0648648738861084,2.8530197143554688,-0.6713127493858337,0.12653307616710663,2.462756872177124,-0.6935514807701111,0.5650652050971985,2.555476188659668,-0.7868919968605042,0.9349063038825989,2.672255516052246,-0.7073003649711609,1.0677915811538696,2.6556923389434814,-0.49971866607666016,-0.5515540838241577,2.544931650161743,-0.4891752004623413,-0.5995258092880249,2.5459728240966797,-0.510320782661438,-0.6386215090751648,2.581448554992676,-0.5966736078262329,-0.6329764723777771,2.6496779918670654,-0.5195721983909607,-0.6419163942337036,2.5233190059661865,-0.6228858828544617,-0.6423119306564331,2.4849774837493896,-0.7119350433349609,1.025523066520691,2.9210803508758545,-0.8445360660552979,1.013891577720642,2.716702938079834
-0.6227712035179138,0.1305662989616394,2.537454843521118,-0.6134412288665771,-0.052819401025772095,2.5387229919433594,-0.6036505699157715,-0.2361641377210617,2.5415191650390625,-0.5938596129417419,-0.41951435804367065,2.5443153381347656,-0.5741389393806458,-0.4187571108341217,2.5904531478881836,-0.5266902446746826,-0.4145263731479645,2.701725721359253,-0.5987182855606079,-0.17237581312656403,2.6781699657440186,-0.45857375860214233,0.011984363198280334,2.601400136947632,-0.4305448532104492,0.048856399953365326,2.5860462188720703,-0.374487042427063,0.12260047346353531,2.5553383827209473,-0.4191662669181824,0.07540808618068695,2.515512704849243,-0.6134738326072693,-0.4222643971443176,2.4982080459594727,-0.6609225273132324,-0.42649513483047485,2.3869354724884033,-0.6363310217857361,-0.18283939361572266,2.453320264816284,-0.5220882296562195,0.030722185969352722,2.482693672180176,-0.49923965334892273,0.0734345018863678,2.4885683059692383,-0.4535425305366516,0.15885913372039795,2.5003175735473633,-0.45969855785369873,0.09983137249946594,2.548142910003662,-0.5841836929321289,0.13316580653190613,2.6294798851013184,-0.6180932521820068,0.5642256736755371,2.7501134872436523,-0.6726080775260925,0.9416652917861938,2.8675408363342285,-0.5788018703460693,1.0652276277542114,2.852910041809082,-0.6613587141036987,0.12796679139137268,2.445429801940918,-0.6885759234428406,0.5644456744194031,2.5467231273651123,-0.7926197052001953,0.9302294254302979,2.667548894882202,-0.7133246660232544,1.0641486644744873,2.6598527431488037,-0.49641942977905273,-0.5496248006820679,2.540163040161133,-0.4861987829208374,-0.5976431369781494,2.541658639907837,-0.5089958310127258,-0.6365863680839539,2.5762479305267334,-0.5980225801467896,-0.6304126381874084,2.640859365463257,-0.5158711671829224,-0.6398701667785645,2.5178022384643555,-0.6175026893615723,-0.639716625213623,2.4752635955810547,-0.7220484018325806,1.026291012763977,2.911560297012329,-0.8537326455116272,1.0075175762176514,2.7103896141052246
-0.6203530430793762,0.1322736144065857,2.525059938430786,-0.6113728880882263,-0.05106176435947418,2.5281972885131836,-0.6020165085792542,-0.23434503376483917,2.532892942428589,-0.5926598906517029,-0.4176337718963623,2.5375888347625732,-0.5755220651626587,-0.41655054688453674,2.5847272872924805,-0.5343112349510193,-0.4115356206893921,2.6983561515808105,-0.5888758301734924,-0.16702640056610107,2.659639596939087,-0.4415407180786133,0.009176939725875854,2.578044891357422,-0.41207370162010193,0.044417604804039,2.5617258548736572,-0.3531396687030792,0.1148989349603653,2.529088020324707,-0.3984212875366211,0.06742392480373383,2.4904305934906006,-0.6096959710121155,-0.42070913314819336,2.4905011653900146,-0.6509068012237549,-0.425724059343338,2.3768723011016846,-0.6123942136764526,-0.18594321608543396,2.4495561122894287,-0.47171831130981445,0.009902626276016235,2.4851598739624023,-0.4435831308364868,0.049071796238422394,2.4922807216644287,-0.38731276988983154,0.1274101436138153,2.5065221786499023,-0.40363919734954834,0.06989139318466187,2.5536787509918213,-0.5869024395942688,0.13551947474479675,2.6189918518066406,-0.6224884390830994,0.5659642219543457,2.7417986392974854,-0.680848240852356,0.9425671696662903,2.8604466915130615,-0.5856115221977234,1.0656814575195312,2.8521957397460938,-0.6538036465644836,0.12902775406837463,2.4311280250549316,-0.685512125492096,0.5637927055358887,2.5388526916503906,-0.7982221841812134,0.926435112953186,2.6617348194122314,-0.7194612622261047,1.060940146446228,2.6611504554748535,-0.4952954649925232,-0.5478510856628418,2.5364837646484375,-0.4851756989955902,-0.5958736538887024,2.5383853912353516,-0.5089706182479858,-0.6347013711929321,2.572422742843628,-0.5997508764266968,-0.6282668709754944,2.634509325027466,-0.514218270778656,-0.6381278038024902,2.513820171356201,-0.614619255065918,-0.6379751563072205,2.468468189239502,-0.7320470809936523,1.0270633697509766,2.9027464389801025,-0.8620458841323853,1.0024808645248413,2.702890396118164
-0.619423508644104,0.13322025537490845,2.5174150466918945,-0.6111414432525635,-0.05010995268821716,2.5221903324127197,-0.6025952100753784,-0.23338502645492554,2.5284016132354736,-0.5940487384796143,-0.41666555404663086,2.5346131324768066,-0.5791651010513306,-0.4153478145599365,2.5825045108795166,-0.5433982014656067,-0.4097701907157898,2.697871446609497,-0.5753378868103027,-0.16476427018642426,2.6419320106506348,-0.4132564663887024,-0.005817875266075134,2.553607940673828,-0.3808401823043823,0.02597140148282051,2.535943031311035,-0.3160076141357422,0.0895499587059021,2.5006134510040283,-0.3639315068721771,0.04330010712146759,2.4637978076934814,-0.6088395118713379,-0.4199753701686859,2.4867889881134033,-0.6446064114570618,-0.42555299401283264,2.371422052383423,-0.5868588089942932,-0.1909143179655075,2.447495698928833,-0.41767796874046326,-0.02005772292613983,2.4865005016326904,-0.3838418126106262,0.014113593846559525,2.4943015575408936,-0.31616947054862976,0.08245623111724854,2.5099034309387207,-0.3429570198059082,0.02882380783557892,2.556777000427246,-0.590376079082489,0.1370152235031128,2.612732172012329,-0.6271477341651917,0.5673068761825562,2.736198902130127,-0.6890342235565186,0.9434854388237,2.8547942638397217,-0.5928846001625061,1.0661864280700684,2.8517937660217285,-0.648470938205719,0.1294252872467041,2.42209792137146,-0.6840632557868958,0.5631603002548218,2.533247470855713,-0.803922176361084,0.9237611293792725,2.6557466983795166,-0.7257974147796631,1.0586037635803223,2.6605701446533203,-0.4964539408683777,-0.5467093586921692,2.5358035564422607,-0.4862879514694214,-0.5947063565254211,2.53806734085083,-0.5106498599052429,-0.6334556341171265,2.571791410446167,-0.6025906205177307,-0.6269645690917969,2.6321396827697754,-0.5147905349731445,-0.6371001601219177,2.513113498687744,-0.6143224835395813,-0.6372907757759094,2.4658851623535156,-0.7417129278182983,1.0279779434204102,2.8953261375427246,-0.8699167370796204,0.9990138411521912,2.694972038269043
-0.6183344721794128,0.13316208124160767,2.512995958328247,-0.6111108064651489,-0.050179556012153625,2.518589735031128,-0.6037456393241882,-0.23347526788711548,2.525377035140991,-0.5963802933692932,-0.41677647829055786,2.5321645736694336,-0.5834451913833618,-0.4154617190361023,2.580615758895874,-0.552372932434082,-0.40989333391189575,2.6972761154174805,-0.5560146570205688,-0.16733428835868835,2.6245062351226807,-0.3736114501953125,-0.0354989618062973,2.5314853191375732,-0.3371308147907257,-0.009131895378232002,2.51288104057312,-0.26416951417922974,0.04360223561525345,2.475672721862793,-0.3162744343280792,0.0008365251123905182,2.4403982162475586,-0.6092352867126465,-0.42008349299430847,2.4837870597839355,-0.6403075456619263,-0.425651878118515,2.367126703262329,-0.5579876899719238,-0.19888290762901306,2.4442169666290283,-0.3611181378364563,-0.06126934289932251,2.484333038330078,-0.32174423336982727,-0.0337466299533844,2.492356300354004,-0.24299640953540802,0.021298792213201523,2.5084028244018555,-0.27987468242645264,-0.025828320533037186,2.55538272857666,-0.5929860472679138,0.13709990680217743,2.6093270778656006,-0.6302805542945862,0.5676884055137634,2.7320029735565186,-0.6936519145965576,0.9442464113235474,2.8489303588867188,-0.596444845199585,1.0661938190460205,2.8498783111572266,-0.6436828970909119,0.1292242556810379,2.4166648387908936,-0.6831091046333313,0.5626398921012878,2.5282139778137207,-0.809007465839386,0.9222209453582764,2.647942543029785,-0.731605052947998,1.057335615158081,2.656554698944092,-0.49807584285736084,-0.5462673902511597,2.5345723628997803,-0.4876672327518463,-0.5942052602767944,2.536979913711548,-0.5122073888778687,-0.6330766677856445,2.5704329013824463,-0.6048898100852966,-0.627078115940094,2.6296873092651367,-0.5156337022781372,-0.6367696523666382,2.511712074279785,-0.6145976781845093,-0.6375415325164795,2.463311195373535,-0.7471780776977539,1.0291166305541992,2.887590169906616,-0.8767744302749634,0.9970430731773376,2.684981346130371
-0.6182050108909607,0.132297545671463,2.5170350074768066,-0.612208902835846,-0.05108761787414551,2.522836685180664,-0.6061684489250183,-0.23443880677223206,2.5295891761779785,-0.6001278162002563,-0.41779547929763794,2.536341905593872,-0.5889451503753662,-0.41662541031837463,2.5852324962615967,-0.5620867013931274,-0.41140657663345337,2.7029151916503906,-0.5359762907028198,-0.1752261221408844,2.61458683013916,-0.33444780111312866,-0.076642245054245,2.5192768573760986,-0.29414209723472595,-0.056925468146800995,2.5002148151397705,-0.21353070437908173,-0.017491914331912994,2.4620909690856934,-0.27014291286468506,-0.0552985742688179,2.427962303161621,-0.6112448573112488,-0.42095842957496643,2.4875245094299316,-0.6381033062934875,-0.4261772632598877,2.3698418140411377,-0.5312319397926331,-0.20973166823387146,2.4472672939300537,-0.313196063041687,-0.1086990237236023,2.488123655319214,-0.2695888876914978,-0.0884924978017807,2.4962949752807617,-0.18237453699111938,-0.048079438507556915,2.5126376152038574,-0.22753261029720306,-0.087302565574646,2.5597686767578125,-0.596096932888031,0.13609296083450317,2.614154815673828,-0.6335055828094482,0.5672448873519897,2.7353873252868652,-0.6969282627105713,0.9446729421615601,2.8499374389648438,-0.5985349416732788,1.0656695365905762,2.8540568351745605,-0.6403130888938904,0.12850213050842285,2.419915199279785,-0.6831103563308716,0.5623769164085388,2.5290472507476807,-0.8132235407829285,0.9222745299339294,2.6436784267425537,-0.7361863851547241,1.057489275932312,2.6546621322631836,-0.5009260177612305,-0.5465858578681946,2.539508581161499,-0.49019667506217957,-0.5944503545761108,2.541977643966675,-0.5147407054901123,-0.6335160732269287,2.5752017498016357,-0.6079608798027039,-0.6282132863998413,2.633676052093506,-0.5176453590393066,-0.6371979117393494,2.516451358795166,-0.6161906123161316,-0.6386451721191406,2.4672164916992188,-0.7508669495582581,1.030150055885315,2.8867475986480713,-0.8822736740112305,0.9971688389778137,2.678227424621582
-0.6165093779563904,0.13088566064834595,2.5195226669311523,-0.6120266914367676,-0.05256450176239014,2.5251052379608154,-0.6075796484947205,-0.23599085211753845,2.531447172164917,-0.6031324863433838,-0.4194226861000061,2.5377891063690186,-0.5934574007987976,-0.41848498582839966,2.5870096683502197,-0.5702055096626282,-0.41382408142089844,2.7055130004882812,-0.5145507454872131,-0.18899838626384735,2.6016287803649902,-0.2985265851020813,-0.12870848178863525,2.5053303241729736,-0.255321741104126,-0.11665049940347672,2.4860706329345703,-0.16891205310821533,-0.09253453463315964,2.4475512504577637,-0.22988760471343994,-0.12432065606117249,2.414595127105713,-0.6127592921257019,-0.4223540723323822,2.488637685775757,-0.6360111832618713,-0.4270149767398834,2.3701343536376953,-0.5078466534614563,-0.2224847674369812,2.4487297534942627,-0.27643465995788574,-0.15717053413391113,2.4906489849090576,-0.23015226423740387,-0.14410768449306488,2.499032735824585,-0.13758745789527893,-0.11798198521137238,2.5158004760742188,-0.1887665092945099,-0.14928480982780457,2.5628678798675537,-0.5970815420150757,0.13433358073234558,2.61722469329834,-0.6334906220436096,0.5660340189933777,2.737672805786133,-0.6965899467468262,0.9441837072372437,2.850735664367676,-0.597163736820221,1.0643056631088257,2.857724189758301,-0.6359372138977051,0.1274377405643463,2.421820640563965,-0.6822511553764343,0.5621821880340576,2.5269439220428467,-0.8150771856307983,0.923230767250061,2.635401725769043,-0.7381364107131958,1.0584871768951416,2.6476283073425293,-0.5028142333030701,-0.5473304986953735,2.541550874710083,-0.4916752576828003,-0.5950968861579895,2.544110059738159,-0.5160402655601501,-0.6343544721603394,2.577240228652954,-0.6095967888832092,-0.629833459854126,2.635242223739624,-0.5186170935630798,-0.6381036639213562,2.5184783935546875,-0.6168978214263916,-0.6404561400413513,2.468750476837158,-0.7507651448249817,1.0301929712295532,2.886093854904175,-0.8849994540214539,0.9984948039054871,2.6674787998199463
-0.6139415502548218,0.13024479150772095,2.5235726833343506,-0.6108397841453552,-0.05329802632331848,2.5274038314819336,-0.607843816280365,-0.2368295043706894,2.5318191051483154,-0.60484778881073,-0.42036646604537964,2.5362346172332764,-0.5966202616691589,-0.42003968358039856,2.58573055267334,-0.5768094658851624,-0.41684484481811523,2.7050890922546387,-0.4960954189300537,-0.20456930994987488,2.590489625930786,-0.2714379131793976,-0.18077653646469116,2.4967360496520996,-0.22650641202926636,-0.17601798474788666,2.477985382080078,-0.1366434097290039,-0.16650088131427765,2.440484046936035,-0.20090582966804504,-0.19171975553035736,2.4077203273773193,-0.6130427718162537,-0.4226880967617035,2.486786365509033,-0.6328535676002502,-0.4258829355239868,2.3674278259277344,-0.4873376190662384,-0.23463217914104462,2.450836181640625,-0.24909600615501404,-0.20199432969093323,2.4955859184265137,-0.20144768059253693,-0.1954667568206787,2.5045359134674072,-0.1061510294675827,-0.18241161108016968,2.5224359035491943,-0.16170422732830048,-0.20703428983688354,2.568767786026001,-0.5970403552055359,0.13258004188537598,2.6217641830444336,-0.6328361630439758,0.5638900995254517,2.7458112239837646,-0.6968593001365662,0.9416360855102539,2.8614180088043213,-0.596850574016571,1.0612268447875977,2.8723771572113037,-0.6308427453041077,0.12790954113006592,2.4253811836242676,-0.6816125512123108,0.5633714199066162,2.527815341949463,-0.816281259059906,0.925783634185791,2.631148338317871,-0.7391671538352966,1.0610283613204956,2.6447887420654297,-0.5029370784759521,-0.5470307469367981,2.5390853881835938,-0.491206556558609,-0.5946780443191528,2.5411670207977295,-0.5152392983436584,-0.6346107125282288,2.5737271308898926,-0.609137773513794,-0.6319253444671631,2.631286859512329,-0.517470121383667,-0.637729287147522,2.5149149894714355,-0.6154584884643555,-0.6407613158226013,2.4646522998809814,-0.7515366077423096,1.027687907218933,2.8963005542755127,-0.8868755102157593,1.0015060901641846,2.661045789718628
-0.6093930006027222,0.12995564937591553,2.5259737968444824,-0.6074343323707581,-0.05363580584526062,2.5277764797210693,-0.6056392192840576,-0.2372262328863144,2.5298378467559814,-0.6038441061973572,-0.4208221435546875,2.5318992137908936,-0.5970295667648315,-0.4211953282356262,2.5816097259521484,-0.5805694460868835,-0.41968464851379395,2.7018284797668457,-0.4820616543292999,-0.21913713216781616,2.579131841659546,-0.25424066185951233,-0.2234414666891098,2.4888296127319336,-0.20867645740509033,-0.22430233657360077,2.470769166946411,-0.11754805594682693,-0.2260240614414215,2.434648275375366,-0.18369638919830322,-0.246210515499115,2.401780843734741,-0.6106390357017517,-0.4224444031715393,2.482211112976074,-0.6270991563796997,-0.4239550828933716,2.361992359161377,-0.4682621359825134,-0.24582481384277344,2.45153546333313,-0.2279558628797531,-0.2415606826543808,2.4995994567871094,-0.1798945963382721,-0.2407078593969345,2.5092122554779053,-0.08377207815647125,-0.23900221288204193,2.528437852859497,-0.14250120520591736,-0.2579613924026489,2.57376766204834,-0.5949761867523193,0.1310775727033615,2.624570846557617,-0.63071209192276,0.5632515549659729,2.747356414794922,-0.6969324350357056,0.9415963292121887,2.861225128173828,-0.5968053340911865,1.0610051155090332,2.875072479248047,-0.623809814453125,0.12883372604846954,2.4273767471313477,-0.6795005202293396,0.5650174617767334,2.5262200832366943,-0.8146374225616455,0.9293476343154907,2.6236753463745117,-0.7369773387908936,1.0643662214279175,2.638321876525879,-0.5000354051589966,-0.5458986163139343,2.533579111099243,-0.4875866770744324,-0.5933727622032166,2.5350310802459717,-0.5112149119377136,-0.6341447234153748,2.566810369491577,-0.6055107712745667,-0.6337705254554749,2.6237199306488037,-0.512992799282074,-0.6364107131958008,2.507960081100464,-0.6105480790138245,-0.6401907801628113,2.456977367401123,-0.7523815631866455,1.0279083251953125,2.8945655822753906,-0.8855697512626648,1.0057848691940308,2.651278257369995
-0.6003602147102356,0.129145085811615,2.5264899730682373,-0.5996931791305542,-0.054438233375549316,2.525075912475586,-0.5991923809051514,-0.23802229762077332,2.5236899852752686,-0.5986915826797485,-0.42161184549331665,2.522304058074951,-0.5953771471977234,-0.42297834157943726,2.5723469257354736,-0.5871902108192444,-0.42389005422592163,2.6960785388946533,-0.45600181818008423,-0.2464088797569275,2.5639123916625977,-0.22618186473846436,-0.29263901710510254,2.4849774837493896,-0.18021787703037262,-0.30188503861427307,2.4691905975341797,-0.08828989416360855,-0.32037708163261414,2.4376165866851807,-0.1560577005147934,-0.33282601833343506,2.40262770652771,-0.6020005345344543,-0.4222407937049866,2.4722461700439453,-0.6101874709129333,-0.4213290810585022,2.3485145568847656,-0.4278428554534912,-0.27212828397750854,2.4517977237701416,-0.1920069009065628,-0.31460773944854736,2.5131335258483887,-0.14483970403671265,-0.3231036365032196,2.5254006385803223,-0.050505317747592926,-0.3400954306125641,2.5499348640441895,-0.11480794101953506,-0.3482728600502014,2.592005968093872,-0.5923691391944885,0.12840916216373444,2.6258039474487305,-0.6264093518257141,0.563315212726593,2.741957187652588,-0.699229896068573,0.9433902502059937,2.848080635070801,-0.5997044444084167,1.0627305507659912,2.868290662765503,-0.6083512902259827,0.12988100945949554,2.427175998687744,-0.6710054874420166,0.5674567222595215,2.518803358078003,-0.8072792887687683,0.9351381063461304,2.604020357131958,-0.7287119030952454,1.069453239440918,2.6225264072418213,-0.49192309379577637,-0.5431342720985413,2.522563934326172,-0.47821977734565735,-0.5900342464447021,2.5229341983795166,-0.5011688470840454,-0.6321373581886292,2.55293345451355,-0.5960525870323181,-0.6360113620758057,2.607661247253418,-0.5017446279525757,-0.6327685713768005,2.494304895401001,-0.5976840257644653,-0.637799859046936,2.441547155380249,-0.756678581237793,1.030301809310913,2.876718521118164,-0.8788930177688599,1.0129268169403076,2.6262574195861816
-0.5975773334503174,0.1255229413509369,2.5383543968200684,-0.5975456237792969,-0.05804064869880676,2.535278081893921,-0.5976318120956421,-0.2416035681962967,2.532163619995117,-0.5977180004119873,-0.42517197132110596,2.5290489196777344,-0.5953735113143921,-0.42702072858810425,2.5791311264038086,-0.5895153880119324,-0.42914706468582153,2.704288959503174,-0.45192521810531616,-0.2565656006336212,2.569955348968506,-0.22217395901679993,-0.3078903257846832,2.4905552864074707,-0.17622371017932892,-0.3181552588939667,2.474675178527832,-0.0843232050538063,-0.33868515491485596,2.442915201187134,-0.15268206596374512,-0.3501119315624237,2.407975673675537,-0.6000633835792542,-0.4253184199333191,2.478933095932007,-0.6059215068817139,-0.4231920838356018,2.3537752628326416,-0.41197603940963745,-0.28465813398361206,2.453547239303589,-0.1766389012336731,-0.33623331785202026,2.5142159461975098,-0.12957146763801575,-0.3465483486652374,2.5263497829437256,-0.03543660789728165,-0.36717841029167175,2.550617218017578,-0.09998603165149689,-0.3719756603240967,2.593449831008911,-0.5911224484443665,0.12385809421539307,2.637763261795044,-0.6198749542236328,0.5614139437675476,2.745823383331299,-0.6936571002006531,0.9435131549835205,2.844358205795288,-0.5941455364227295,1.062934160232544,2.864652395248413,-0.6040322184562683,0.1271877884864807,2.4389455318450928,-0.6641983389854431,0.5663094520568848,2.5256121158599854,-0.7966043949127197,0.9368348121643066,2.6051876544952393,-0.7163965106010437,1.0702450275421143,2.6237399578094482,-0.48988109827041626,-0.5452253222465515,2.527270555496216,-0.4756987690925598,-0.5918630361557007,2.5269038677215576,-0.4980740547180176,-0.6345652341842651,2.556232452392578,-0.5925785899162292,-0.6402953863143921,2.6109397411346436,-0.49875810742378235,-0.6343132853507996,2.497739553451538,-0.5945167541503906,-0.6395814418792725,2.4452102184295654,-0.7514216899871826,1.0310724973678589,2.87043833732605,-0.867475688457489,1.0158731937408447,2.6255288124084473
-0.5937250256538391,0.12171509861946106,2.5461013317108154,-0.5944429039955139,-0.061832040548324585,2.542221784591675,-0.5952620506286621,-0.24538114666938782,2.5384562015533447,-0.5960811972618103,-0.4289357364177704,2.5346906185150146,-0.594687819480896,-0.43096792697906494,2.584800958633423,-0.5911543965339661,-0.4335832893848419,2.711517333984375,-0.4402105212211609,-0.2685282230377197,2.5775370597839355,-0.2086208015680313,-0.32889583706855774,2.5028953552246094,-0.16230285167694092,-0.34096935391426086,2.487967014312744,-0.06966695934534073,-0.3651164174079895,2.4581103324890137,-0.13822664320468903,-0.3745802640914917,2.421448230743408,-0.5974835753440857,-0.42889857292175293,2.484539270401001,-0.6010169982910156,-0.42628321051597595,2.357822895050049,-0.3955764174461365,-0.2972530126571655,2.453339099884033,-0.15979664027690887,-0.3555309474468231,2.5154762268066406,-0.11264067888259888,-0.3671865463256836,2.5279035568237305,-0.01832876354455948,-0.39049771428108215,2.5527584552764893,-0.08341830223798752,-0.3917209804058075,2.5963010787963867,-0.5887824892997742,0.11959310621023178,2.645582437515259,-0.6132384538650513,0.5590311288833618,2.7473695278167725,-0.6883439421653748,0.9425061941146851,2.8397936820983887,-0.5890440940856934,1.0621027946472168,2.8604018688201904,-0.598667562007904,0.12383709102869034,2.446620225906372,-0.6567758321762085,0.5637950897216797,2.531028985977173,-0.7877084016799927,0.9356088638305664,2.607496738433838,-0.7068047523498535,1.0685359239578247,2.6268231868743896,-0.48802822828292847,-0.5482615828514099,2.5326223373413086,-0.47369590401649475,-0.5947263240814209,2.5319693088531494,-0.49603092670440674,-0.6376464366912842,2.560742139816284,-0.5906201601028442,-0.6441693305969238,2.6146786212921143,-0.4963516294956207,-0.6369253993034363,2.502392053604126,-0.5915287733078003,-0.6421263813972473,2.4493536949157715,-0.7464790344238281,1.0304656028747559,2.86373233795166,-0.8583204746246338,1.015237808227539,2.6265437602996826
-0.591529905796051,0.11712226271629333,2.555326461791992,-0.5928812026977539,-0.06643959879875183,2.551619291305542,-0.5943026542663574,-0.2500057816505432,2.5481603145599365,-0.5957241654396057,-0.4335774779319763,2.544701337814331,-0.59523606300354,-0.4355239272117615,2.5948362350463867,-0.5939668416976929,-0.4379529654979706,2.7232248783111572,-0.429321825504303,-0.2793269753456116,2.5916683673858643,-0.1947697252035141,-0.34608355164527893,2.5219762325286865,-0.14785930514335632,-0.3594348728656769,2.508037805557251,-0.05403846502304077,-0.3861375153064728,2.48016095161438,-0.12266397476196289,-0.39400336146354675,2.4413397312164307,-0.5962276458740234,-0.4336261749267578,2.4945287704467773,-0.5974968671798706,-0.4311971366405487,2.366140127182007,-0.3803466558456421,-0.3108234405517578,2.4552087783813477,-0.1423991322517395,-0.3731815218925476,2.517019271850586,-0.0948096290230751,-0.38565313816070557,2.529381275177002,0.0003693774342536926,-0.4105963706970215,2.554105520248413,-0.06486882269382477,-0.408679723739624,2.5990359783172607,-0.5879887938499451,0.11508593708276749,2.654862642288208,-0.60776686668396,0.5562341809272766,2.7505149841308594,-0.682756781578064,0.9412264823913574,2.8369033336639404,-0.5832834839820862,1.0607209205627441,2.8575246334075928,-0.595071017742157,0.11915858834981918,2.4557902812957764,-0.6505603194236755,0.5597613453865051,2.539111614227295,-0.7806301116943359,0.9323701858520508,2.613609790802002,-0.6992974281311035,1.0649280548095703,2.633920192718506,-0.48782745003700256,-0.5525125861167908,2.542757987976074,-0.47348812222480774,-0.5988481044769287,2.541983127593994,-0.49590864777565,-0.6418111324310303,2.5703518390655518,-0.5905886888504028,-0.648639440536499,2.6235439777374268,-0.495871365070343,-0.6408262848854065,2.512148380279541,-0.5904830098152161,-0.6458489894866943,2.458634376525879,-0.7409111857414246,1.0297257900238037,2.85882568359375,-0.851097583770752,1.0123871564865112,2.6316723823547363
-0.5889973640441895,0.11486276984214783,2.5588254928588867,-0.5908224582672119,-0.06870900094509125,2.5552151203155518,-0.5927030444145203,-0.2522872984409332,2.5519859790802,-0.5945836901664734,-0.4358711242675781,2.5487568378448486,-0.5950595140457153,-0.4377462565898895,2.598897933959961,-0.5962682962417603,-0.44002431631088257,2.729114532470703,-0.4184103012084961,-0.28780484199523926,2.600285291671753,-0.18036307394504547,-0.3596132695674896,2.535543441772461,-0.1327536255121231,-0.3739749491214752,2.522595167160034,-0.03753473609685898,-0.4026983082294464,2.4966983795166016,-0.1061907410621643,-0.40943455696105957,2.4556620121002197,-0.5941283106803894,-0.4359912574291229,2.4985806941986084,-0.5929195284843445,-0.4337131977081299,2.368364095687866,-0.3655400574207306,-0.32183343172073364,2.4531147480010986,-0.125243678689003,-0.38680100440979004,2.5167644023895264,-0.07718440145254135,-0.3997945189476013,2.529494285583496,0.018934153020381927,-0.4257815480232239,2.5549540519714355,-0.04685153067111969,-0.42106035351753235,2.600703001022339,-0.5869631767272949,0.11288415640592575,2.6583986282348633,-0.6023628115653992,0.5550762414932251,2.7502944469451904,-0.6766102910041809,0.9411767721176147,2.832570791244507,-0.5768072605133057,1.060313105583191,2.853846311569214,-0.591031551361084,0.1168413832783699,2.45925235748291,-0.6448632478713989,0.5573827028274536,2.5443482398986816,-0.7754717469215393,0.9298036098480225,2.61918044090271,-0.6942355632781982,1.0621380805969238,2.6414291858673096,-0.48695752024650574,-0.5545307397842407,2.546886682510376,-0.47265616059303284,-0.6007527709007263,2.545952558517456,-0.49522244930267334,-0.6437650322914124,2.573859930038452,-0.590034544467926,-0.6508527994155884,2.626241445541382,-0.49479010701179504,-0.6424579620361328,2.5158047676086426,-0.5888095498085022,-0.6471493244171143,2.461751699447632,-0.7346271276473999,1.0301648378372192,2.8529043197631836,-0.8460866212844849,1.0098323822021484,2.6367082595825195
-0.5872669816017151,0.11264097690582275,2.5641932487487793,-0.5894240140914917,-0.07094375789165497,2.560717821121216,-0.5916248559951782,-0.25453615188598633,2.5577049255371094,-0.5938257575035095,-0.4381340742111206,2.554692029953003,-0.5953169465065002,-0.43993693590164185,2.6048195362091064,-0.5992181301116943,-0.44206035137176514,2.737065315246582,-0.4081170856952667,-0.29645147919654846,2.6113245487213135,-0.16602008044719696,-0.37245994806289673,2.551353931427002,-0.11760067939758301,-0.3876616358757019,2.5393598079681396,-0.020761877298355103,-0.41806501150131226,2.515371561050415,-0.08950106799602509,-0.42395126819610596,2.4720635414123535,-0.5923585295677185,-0.4383266568183899,2.5045316219329834,-0.5884573459625244,-0.4362032413482666,2.372285842895508,-0.351499080657959,-0.33301788568496704,2.454357862472534,-0.10834428668022156,-0.4000967741012573,2.520395040512085,-0.05971333011984825,-0.41351255774497986,2.533602476119995,0.03754858300089836,-0.44034409523010254,2.5600173473358154,-0.029005303978919983,-0.43319612741470337,2.6064372062683105,-0.5869091749191284,0.11075151711702347,2.6637825965881348,-0.5984031558036804,0.5535609722137451,2.754065752029419,-0.671644926071167,0.9405092000961304,2.8339345455169678,-0.5714378952980042,1.0591373443603516,2.85652756690979,-0.5876247882843018,0.11453043669462204,2.464603900909424,-0.6400907039642334,0.5549604296684265,2.5519659519195557,-0.7718305587768555,0.9270366430282593,2.6273064613342285,-0.6908963322639465,1.0592219829559326,2.6518263816833496,-0.48669877648353577,-0.5567231774330139,2.5530056953430176,-0.47252169251441956,-0.6028565168380737,2.5518927574157715,-0.49537649750709534,-0.6459013819694519,2.5792365074157715,-0.5904452800750732,-0.6531174182891846,2.6305792331695557,-0.4944145977497101,-0.6442091464996338,2.521338939666748,-0.5877199172973633,-0.6483227014541626,2.4665355682373047,-0.7294611930847168,1.0299491882324219,2.8530263900756836,-0.8427219390869141,1.0070003271102905,2.644246816635132
-0.5890985727310181,0.10986658930778503,2.568222761154175,-0.5913212895393372,-0.07373471558094025,2.564967393875122,-0.5935444831848145,-0.2573438882827759,2.562192916870117,-0.5957677364349365,-0.44095855951309204,2.559418201446533,-0.598164975643158,-0.4426848292350769,2.6095170974731445,-0.6045621633529663,-0.4446384310722351,2.7439236640930176,-0.4015263617038727,-0.30267101526260376,2.6238396167755127,-0.15353454649448395,-0.3774966895580292,2.569239616394043,-0.10393618047237396,-0.3924618363380432,2.558319568634033,-0.004739455878734589,-0.4223921000957489,2.5364794731140137,-0.07322531938552856,-0.42852330207824707,2.4905242919921875,-0.5933945775032043,-0.4412280321121216,2.509289264678955,-0.586997389793396,-0.4392744302749634,2.374882698059082,-0.3434138894081116,-0.3411322236061096,2.4575486183166504,-0.09606784582138062,-0.40427279472351074,2.5276427268981934,-0.046598635613918304,-0.4169009029865265,2.541661500930786,0.05233978480100632,-0.44215714931488037,2.5696990489959717,-0.015608921647071838,-0.4346814751625061,2.6162490844726562,-0.5901859998703003,0.1081140786409378,2.66780424118042,-0.5964204668998718,0.5515666604042053,2.7564351558685303,-0.6662716269493103,0.9397977590560913,2.833977699279785,-0.5649646520614624,1.0573861598968506,2.8575620651245117,-0.5880111455917358,0.11161909997463226,2.4686412811279297,-0.6381609439849854,0.5521215200424194,2.558012008666992,-0.7691403031349182,0.9245643019676208,2.6338157653808594,-0.687861979007721,1.0562471151351929,2.6602697372436523,-0.48856183886528015,-0.5588743686676025,2.557636260986328,-0.47427281737327576,-0.604825496673584,2.5562660694122314,-0.49714934825897217,-0.6480410099029541,2.582998037338257,-0.5923399329185486,-0.6559435129165649,2.6333699226379395,-0.4957304894924164,-0.6458789110183716,2.525286912918091,-0.5883197784423828,-0.6498173475265503,2.4698545932769775,-0.7233242988586426,1.0300120115280151,2.851963758468628,-0.8398928642272949,1.0048176050186157,2.650265693664551
-0.5918415784835815,0.10740256309509277,2.571021795272827,-0.593899667263031,-0.07621777057647705,2.56826114654541,-0.5959259867668152,-0.2598455250263214,2.566021680831909,-0.5979523658752441,-0.4434787631034851,2.563782215118408,-0.6010721921920776,-0.4450531601905823,2.6138486862182617,-0.6095519661903381,-0.4466254413127899,2.750443458557129,-0.3979284465312958,-0.3050942122936249,2.635571002960205,-0.14312884211540222,-0.372297078371048,2.5837368965148926,-0.09216891974210739,-0.38573765754699707,2.5733699798583984,0.00975092500448227,-0.41261881589889526,2.5526363849639893,-0.058666497468948364,-0.42039743065834045,2.5046985149383545,-0.594854474067688,-0.44390028715133667,2.5136914253234863,-0.5863747000694275,-0.44232800602912903,2.377096652984619,-0.338919997215271,-0.3452582359313965,2.462857484817505,-0.08683297038078308,-0.39882180094718933,2.53841495513916,-0.03641556203365326,-0.4095345139503479,2.5535264015197754,0.06441925466060638,-0.43095993995666504,2.583749294281006,-0.005376972258090973,-0.42499470710754395,2.629927158355713,-0.5940628051757812,0.1059306189417839,2.6705849170684814,-0.5947718620300293,0.5498968958854675,2.7578349113464355,-0.6609792709350586,0.9393202066421509,2.8334622383117676,-0.5585326552391052,1.0558568239212036,2.857778787612915,-0.5896203517913818,0.10887450724840164,2.471458673477173,-0.6368746757507324,0.5495462417602539,2.5625336170196533,-0.7665049433708191,0.9225531220436096,2.638791799545288,-0.6847010850906372,1.053671956062317,2.666780710220337,-0.4904254376888275,-0.5605180263519287,2.5620360374450684,-0.47593259811401367,-0.6062645316123962,2.560533285140991,-0.4986688494682312,-0.6496037840843201,2.5868682861328125,-0.5938295722007751,-0.6582053899765015,2.636552333831787,-0.49695488810539246,-0.6471706628799438,2.529332160949707,-0.5889734029769897,-0.6513116359710693,2.4735333919525146,-0.7171972990036011,1.0302823781967163,2.8505659103393555,-0.8369829654693604,1.0031824111938477,2.654881477355957
-0.5947533249855042,0.10528993606567383,2.5755860805511475,-0.5965192317962646,-0.07834717631340027,2.5730600357055664,-0.5982457995414734,-0.26199203729629517,2.5711441040039062,-0.5999724268913269,-0.4456424117088318,2.569227933883667,-0.6037296652793884,-0.4471272826194763,2.6192562580108643,-0.6141370534896851,-0.44847917556762695,2.758206844329834,-0.39457160234451294,-0.30644798278808594,2.6492629051208496,-0.1330200433731079,-0.3643791675567627,2.5999579429626465,-0.08070972561836243,-0.375965416431427,2.590096950531006,0.023910902440547943,-0.3991378843784332,2.5703749656677246,-0.044353678822517395,-0.4087240695953369,2.5204789638519287,-0.5962339043617249,-0.44615358114242554,2.519178867340088,-0.5858265161514282,-0.4448016881942749,2.380228281021118,-0.3358670771121979,-0.34754207730293274,2.471395492553711,-0.07968220114707947,-0.3896481692790985,2.5538127422332764,-0.028445225208997726,-0.3980693817138672,2.570296287536621,0.07402873039245605,-0.41491180658340454,2.6032631397247314,0.002110682427883148,-0.4112963378429413,2.648609161376953,-0.5979775190353394,0.1039518341422081,2.6751203536987305,-0.5944020748138428,0.5479435324668884,2.764387607574463,-0.6579337120056152,0.9379785656929016,2.8411905765533447,-0.5545936822891235,1.0536209344863892,2.8669230937957764,-0.591529130935669,0.10662803798913956,2.4760518074035645,-0.6361076235771179,0.5477410554885864,2.5684754848480225,-0.7647840976715088,0.9214508533477783,2.644932508468628,-0.6825430989265442,1.052182674407959,2.674260139465332,-0.49200427532196045,-0.5616944432258606,2.567335844039917,-0.47726088762283325,-0.6072197556495667,2.5656471252441406,-0.4997926950454712,-0.6507316827774048,2.591557264328003,-0.5948787331581116,-0.660178005695343,2.6406054496765137,-0.4978262782096863,-0.6479670405387878,2.534198045730591,-0.5893071889877319,-0.6523449420928955,2.4780876636505127,-0.7135576009750366,1.0294427871704102,2.8582141399383545,-0.835089921951294,1.002443552017212,2.660642147064209
-0.5958257913589478,0.10325592756271362,2.5782382488250732,-0.5969421863555908,-0.08040271699428558,2.5756630897521973,-0.597995936870575,-0.2640685439109802,2.5736312866210938,-0.5990497469902039,-0.4477398693561554,2.571599245071411,-0.6034916043281555,-0.44926559925079346,2.621574878692627,-0.6160240173339844,-0.4507559835910797,2.7627902030944824,-0.3939417004585266,-0.305630087852478,2.657397747039795,-0.1288405954837799,-0.3557577133178711,2.60689640045166,-0.07582037150859833,-0.3657832443714142,2.5967960357666016,0.03022007644176483,-0.38583430647850037,2.5765955448150635,-0.03822986036539078,-0.3962692320346832,2.526008367538452,-0.5946193337440491,-0.4482104778289795,2.521601676940918,-0.5820869207382202,-0.44672009348869324,2.3803863525390625,-0.3334287106990814,-0.3449538052082062,2.476835250854492,-0.07461291551589966,-0.37040790915489197,2.564631938934326,-0.022849760949611664,-0.3754987418651581,2.582191228866577,0.08067654818296432,-0.3856803774833679,2.617309808731079,0.007314205169677734,-0.38652732968330383,2.6617014408111572,-0.6001911759376526,0.10188748687505722,2.6777257919311523,-0.5931726098060608,0.5461632013320923,2.7667884826660156,-0.653538167476654,0.9371337890625,2.8426806926727295,-0.5492309331893921,1.0517898797988892,2.869492530822754,-0.5914604067802429,0.10462436825037003,2.478750705718994,-0.6336790323257446,0.5459772348403931,2.572492837905884,-0.7594292163848877,0.9208952188491821,2.6492063999176025,-0.6761249899864197,1.0507546663284302,2.6798956394195557,-0.4905487596988678,-0.5625470876693726,2.5691580772399902,-0.47549766302108765,-0.607787013053894,2.5671322345733643,-0.49773260951042175,-0.6515552401542664,2.5924606323242188,-0.5926388502120972,-0.6621402502059937,2.6408257484436035,-0.4955389201641083,-0.648267388343811,2.535331964492798,-0.586423397064209,-0.6528245210647583,2.478961229324341,-0.7084290981292725,1.0292385816574097,2.8590407371520996,-0.8291140198707581,1.0025813579559326,2.664547920227051
-0.5985183715820312,0.10282161831855774,2.5828068256378174,-0.5991015434265137,-0.0808706283569336,2.580591917037964,-0.5996032357215881,-0.2645692825317383,2.5789637565612793,-0.6001049280166626,-0.4482734203338623,2.5773355960845947,-0.6052082180976868,-0.44970035552978516,2.627258062362671,-0.6198474168777466,-0.45093056559562683,2.770566940307617,-0.39714816212654114,-0.3024330735206604,2.6675355434417725,-0.13030380010604858,-0.34671252965927124,2.6137843132019043,-0.07693492621183395,-0.35556840896606445,2.603034019470215,0.029802821576595306,-0.37328019738197327,2.581533670425415,-0.039125822484493256,-0.3836791217327118,2.530900239944458,-0.5950071215629578,-0.4488431215286255,2.527395248413086,-0.580367922782898,-0.4476129114627838,2.3840863704681396,-0.333685040473938,-0.34026601910591125,2.4835152626037598,-0.07357528805732727,-0.34823018312454224,2.574812889099121,-0.02155333384871483,-0.3498230278491974,2.5930724143981934,0.08249057829380035,-0.3530086874961853,2.629591464996338,0.008479759097099304,-0.3583511710166931,2.6733739376068115,-0.6040114760398865,0.10164010524749756,2.6822385787963867,-0.5925763249397278,0.545971155166626,2.7708828449249268,-0.647725522518158,0.9379495978355408,2.8458333015441895,-0.5419342517852783,1.0510566234588623,2.8735225200653076,-0.593025267124176,0.10400313138961792,2.483375072479248,-0.6325847506523132,0.5457890033721924,2.576535701751709,-0.7536008954048157,0.9225529432296753,2.6521005630493164,-0.6686946153640747,1.0512197017669678,2.6835243701934814,-0.49168598651885986,-0.5625590085983276,2.574558734893799,-0.4765894114971161,-0.607637882232666,2.5723416805267334,-0.4987409710884094,-0.6514557003974915,2.597327709197998,-0.5934774279594421,-0.6624292731285095,2.645294189453125,-0.4964318573474884,-0.6478813886642456,2.540377140045166,-0.5869349837303162,-0.6523021459579468,2.483933925628662,-0.7013723254203796,1.0309067964553833,2.8615870475769043,-0.8222417235374451,1.0052520036697388,2.6668143272399902
-0.5977962017059326,0.10441136360168457,2.5883288383483887,-0.597733736038208,-0.07929611206054688,2.5863776206970215,-0.597622811794281,-0.2630090117454529,2.5850350856781006,-0.597511887550354,-0.4467274248600006,2.5836925506591797,-0.6041421294212341,-0.4480934143066406,2.6334402561187744,-0.6236657500267029,-0.4491756856441498,2.7799363136291504,-0.4044818878173828,-0.29232701659202576,2.6794731616973877,-0.13534775376319885,-0.324446439743042,2.6244354248046875,-0.0815209299325943,-0.3308703303337097,2.6134278774261475,0.026132725179195404,-0.3437180817127228,2.5914127826690674,-0.04259546101093292,-0.3561097979545593,2.5405335426330566,-0.5908803939819336,-0.44735825061798096,2.533930540084839,-0.5713567733764648,-0.4462759792804718,2.387434482574463,-0.32775235176086426,-0.332842081785202,2.4900286197662354,-0.06885018944740295,-0.31598615646362305,2.585838556289673,-0.017069756984710693,-0.31261497735977173,2.6050004959106445,0.08649110794067383,-0.3058726191520691,2.643324375152588,0.012290656566619873,-0.31714847683906555,2.6861376762390137,-0.6059721112251282,0.10335448384284973,2.687574863433838,-0.5896010398864746,0.5488443374633789,2.7709896564483643,-0.6393497586250305,0.9429469108581543,2.8397395610809326,-0.5321323871612549,1.054518461227417,2.8687267303466797,-0.5896202921867371,0.10546824336051941,2.4890828132629395,-0.630702018737793,0.5478475093841553,2.5801877975463867,-0.74818354845047,0.9266728162765503,2.652353048324585,-0.6621672511100769,1.054268479347229,2.6855883598327637,-0.4945404529571533,-0.5631507635116577,2.5818064212799072,-0.4811617136001587,-0.6080806255340576,2.579200267791748,-0.5052101016044617,-0.6509338617324829,2.6024227142333984,-0.6002998352050781,-0.6592602133750916,2.6469271183013916,-0.501218318939209,-0.6464955806732178,2.5463974475860596,-0.5889897346496582,-0.6466851234436035,2.488189458847046,-0.6916717886924744,1.0371239185333252,2.8529937267303467,-0.8160161375999451,1.010416030883789,2.665329694747925
-0.5996635556221008,0.10659584403038025,2.5880484580993652,-0.5985069870948792,-0.07711383700370789,2.5864903926849365,-0.597273588180542,-0.2608271539211273,2.5855374336242676,-0.5960401296615601,-0.4445459842681885,2.5845844745635986,-0.602822482585907,-0.4458479583263397,2.6343138217926025,-0.623001217842102,-0.4467502534389496,2.7821366786956787,-0.4116346538066864,-0.28237366676330566,2.6764109134674072,-0.14219319820404053,-0.30840256810188293,2.618575096130371,-0.08830490708351135,-0.3136083483695984,2.6070079803466797,0.019471682608127594,-0.3240199089050293,2.583873748779297,-0.04955528676509857,-0.3388969600200653,2.533951997756958,-0.5892443656921387,-0.4452407956123352,2.5348446369171143,-0.5690656304359436,-0.44433850049972534,2.387021780014038,-0.3269907832145691,-0.3265027701854706,2.488943099975586,-0.06835103034973145,-0.30099600553512573,2.584211587905884,-0.016623079776763916,-0.29589465260505676,2.6032652854919434,0.08683282136917114,-0.2856919467449188,2.6413726806640625,0.013061948120594025,-0.29922282695770264,2.6844191551208496,-0.6080451607704163,0.10570146888494492,2.6872782707214355,-0.5894945859909058,0.5523229241371155,2.764617919921875,-0.6371095180511475,0.9477181434631348,2.8278627395629883,-0.5292789936065674,1.0590834617614746,2.8555667400360107,-0.5912819504737854,0.10749021917581558,2.488818645477295,-0.6335397958755493,0.5502517819404602,2.578108549118042,-0.7498499155044556,0.9298240542411804,2.6488282680511475,-0.6634155511856079,1.0572811365127563,2.681706190109253,-0.49562835693359375,-0.5622240900993347,2.5827860832214355,-0.4830995202064514,-0.6071633696556091,2.5800952911376953,-0.5079048275947571,-0.6494619846343994,2.6029369831085205,-0.6028962135314941,-0.6562150120735168,2.6467409133911133,-0.5035791397094727,-0.6449193358421326,2.5472121238708496,-0.5906400084495544,-0.6433442234992981,2.488854169845581,-0.6889246702194214,1.042394757270813,2.839709758758545,-0.8174314498901367,1.0138624906539917,2.661442279815674
-0.6016457676887512,0.10734820365905762,2.587740898132324,-0.5993840098381042,-0.07635433971881866,2.5863914489746094,-0.5970389246940613,-0.26005902886390686,2.585583209991455,-0.5946937799453735,-0.4437692165374756,2.584774971008301,-0.6014987230300903,-0.4450734257698059,2.6345014572143555,-0.6218962073326111,-0.4459885060787201,2.7832884788513184,-0.4177948236465454,-0.2759782373905182,2.672114610671997,-0.14837393164634705,-0.2972732484340668,2.6119184494018555,-0.09448975324630737,-0.30153223872184753,2.599879264831543,0.01327861100435257,-0.31005024909973145,2.575800895690918,-0.05592997372150421,-0.32727524638175964,2.5268523693084717,-0.5878632664680481,-0.4444617033004761,2.5350394248962402,-0.5674657821655273,-0.4435466229915619,2.3862524032592773,-0.3271099925041199,-0.32189345359802246,2.487987995147705,-0.06884971261024475,-0.29105454683303833,2.5829367637634277,-0.017197657376527786,-0.28488677740097046,2.601926565170288,0.08610644936561584,-0.27255120873451233,2.639906167984009,0.012675218284130096,-0.28765690326690674,2.683058500289917,-0.6099642515182495,0.1065167635679245,2.686976432800293,-0.589207112789154,0.5542271733283997,2.7576711177825928,-0.6357630491256714,0.9507259130477905,2.814999580383301,-0.5276069045066833,1.062232494354248,2.840980052947998,-0.5933272838592529,0.10817964375019073,2.4885053634643555,-0.6360055804252625,0.5514668226242065,2.5753860473632812,-0.7523120641708374,0.9314906597137451,2.64408802986145,-0.6658512949943542,1.0591444969177246,2.676266670227051,-0.49547529220581055,-0.5617581605911255,2.583059072494507,-0.4833128750324249,-0.6066330671310425,2.5804150104522705,-0.5083271861076355,-0.6485856175422668,2.603224754333496,-0.6030215620994568,-0.654594361782074,2.64691424369812,-0.5040023922920227,-0.6441410779953003,2.54768705368042,-0.5907679200172424,-0.6420015692710876,2.4895575046539307,-0.6873337626457214,1.04572331905365,2.825448989868164,-0.819901168346405,1.0156140327453613,2.6562623977661133
-0.6049953699111938,0.10822635889053345,2.586970329284668,-0.6020501255989075,-0.07546994090080261,2.5857439041137695,-0.5990284085273743,-0.2591678500175476,2.5850672721862793,-0.5960065722465515,-0.4428712725639343,2.584390640258789,-0.6028600335121155,-0.44416576623916626,2.6341116428375244,-0.6235119104385376,-0.44505608081817627,2.783590793609619,-0.4247131645679474,-0.2712031602859497,2.66872501373291,-0.15546852350234985,-0.28994783759117126,2.6067686080932617,-0.10161960124969482,-0.2936967611312866,2.594377279281616,0.006078250706195831,-0.3011946380138397,2.569594621658325,-0.06328025460243225,-0.3197782337665558,2.5213425159454346,-0.5891202688217163,-0.4435734152793884,2.5346622467041016,-0.5684683918952942,-0.4426831007003784,2.385183095932007,-0.32879549264907837,-0.31931358575820923,2.486557722091675,-0.07039594650268555,-0.2876245379447937,2.5809404850006104,-0.01871604099869728,-0.28128671646118164,2.5998170375823975,0.08464376628398895,-0.2686111032962799,2.6375701427459717,0.011372655630111694,-0.2841014564037323,2.6808786392211914,-0.6132340431213379,0.10743174701929092,2.6862118244171143,-0.5893006324768066,0.5560284852981567,2.750271797180176,-0.6328675746917725,0.953702449798584,2.8018083572387695,-0.5238499641418457,1.0647884607315063,2.82602858543396,-0.5967566967010498,0.10902097076177597,2.4877288341522217,-0.6394523978233337,0.5528219938278198,2.5721874237060547,-0.756786584854126,0.9329606294631958,2.6387157440185547,-0.6706596612930298,1.0610380172729492,2.670178174972534,-0.4970960021018982,-0.5606898665428162,2.5828022956848145,-0.48500192165374756,-0.6054874062538147,2.580289125442505,-0.5099249482154846,-0.6472481489181519,2.6032776832580566,-0.6042873859405518,-0.6530129909515381,2.647183656692505,-0.5057755708694458,-0.6430172324180603,2.54783034324646,-0.5925308465957642,-0.6410253047943115,2.4900827407836914,-0.6837290525436401,1.049231767654419,2.8109138011932373,-0.8246069550514221,1.0169810056686401,2.650404453277588
-0.608182430267334,0.10870581865310669,2.5856378078460693,-0.6049062013626099,-0.07498642802238464,2.58451509475708,-0.6015848517417908,-0.25868064165115356,2.5840303897857666,-0.5982634425163269,-0.4423803687095642,2.583545684814453,-0.6052263379096985,-0.443636029958725,2.6332526206970215,-0.6262825727462769,-0.44441232085227966,2.783189058303833,-0.4311034083366394,-0.26892590522766113,2.664597988128662,-0.16198420524597168,-0.2861570119857788,2.60155987739563,-0.1081603616476059,-0.28960323333740234,2.5889523029327393,-0.0005126819014549255,-0.2964956760406494,2.563737154006958,-0.0699421614408493,-0.3164016306400299,2.5161049365997314,-0.5912644267082214,-0.4431212842464447,2.5338335037231445,-0.5702081918716431,-0.44234499335289,2.383897066116333,-0.3309454321861267,-0.3173259496688843,2.4842851161956787,-0.07196208834648132,-0.2871045172214508,2.577613115310669,-0.020165417343378067,-0.28106021881103516,2.596278667449951,0.08342792093753815,-0.26897165179252625,2.6336097717285156,0.01025041937828064,-0.28410157561302185,2.677217721939087,-0.6164889335632324,0.10795113444328308,2.6848714351654053,-0.5911557674407959,0.5569946765899658,2.7455079555511475,-0.6341586112976074,0.95516037940979,2.7939600944519043,-0.5249708294868469,1.0662868022918701,2.8173201084136963,-0.5998759269714355,0.1094605028629303,2.4864041805267334,-0.6430770754814148,0.5535515546798706,2.5693225860595703,-0.7625738382339478,0.9333409070968628,2.634232997894287,-0.6771806478500366,1.0620068311691284,2.665375232696533,-0.4989490509033203,-0.5596486330032349,2.582573175430298,-0.4866752326488495,-0.6043590307235718,2.5803170204162598,-0.5113714337348938,-0.6460464000701904,2.6035470962524414,-0.6055718064308167,-0.6519558429718018,2.6475157737731934,-0.5072886943817139,-0.6421291828155518,2.5481319427490234,-0.5940039753913879,-0.6408569812774658,2.490506172180176,-0.6848888397216797,1.050840139389038,2.802324056625366,-0.830870509147644,1.017048716545105,2.645488977432251
-0.6095964312553406,0.10914236307144165,2.584226369857788,-0.6062785387039185,-0.07454632222652435,2.5829386711120605,-0.6029568910598755,-0.2582385540008545,2.58237624168396,-0.599635124206543,-0.44193631410598755,2.5818138122558594,-0.6065832376480103,-0.44321274757385254,2.6315219402313232,-0.6276382207870483,-0.4440534710884094,2.781771421432495,-0.43471506237983704,-0.2689809501171112,2.658911943435669,-0.16584977507591248,-0.2856602668762207,2.5945825576782227,-0.11207671463489532,-0.2889961302280426,2.581716775894165,-0.004530593752861023,-0.2956678569316864,2.5559849739074707,-0.07411541789770126,-0.31682729721069336,2.5091166496276855,-0.5926508903503418,-0.44265642762184143,2.532099723815918,-0.5715959072113037,-0.44181570410728455,2.381850242614746,-0.333063542842865,-0.3144910931587219,2.4811222553253174,-0.07328331470489502,-0.2871931791305542,2.5731770992279053,-0.021327268332242966,-0.28173360228538513,2.591588020324707,0.08258482813835144,-0.270814448595047,2.6284098625183105,0.009473346173763275,-0.2852678596973419,2.6723670959472656,-0.6177112460136414,0.10830006003379822,2.6834704875946045,-0.5927821397781372,0.5574414730072021,2.743823289871216,-0.6362136602401733,0.9556037187576294,2.7921929359436035,-0.5271102786064148,1.0669023990631104,2.8152103424072266,-0.6014816164970398,0.10998466610908508,2.4849822521209717,-0.6451690196990967,0.5542862415313721,2.5667099952697754,-0.7658802270889282,0.9338910579681396,2.630647659301758,-0.6808766722679138,1.0629504919052124,2.661287546157837,-0.49977371096611023,-0.5586370229721069,2.58135724067688,-0.487280935049057,-0.6032732725143433,2.5793442726135254,-0.511709451675415,-0.644926905632019,2.602851390838623,-0.6057522892951965,-0.6510558128356934,2.646998643875122,-0.5077456831932068,-0.6413183212280273,2.547435998916626,-0.5945216417312622,-0.640831470489502,2.489987850189209,-0.6870586276054382,1.0512248277664185,2.8006436824798584,-0.8344517946243286,1.0174061059951782,2.641746997833252
-0.6111389398574829,0.1087852418422699,2.5821924209594727,-0.608028769493103,-0.0749066174030304,2.5807993412017822,-0.6049565672874451,-0.25860336422920227,2.5801897048950195,-0.6018842458724976,-0.4423055946826935,2.579580068588257,-0.6085381507873535,-0.4435805678367615,2.629328489303589,-0.6287205219268799,-0.44441765546798706,2.7798569202423096,-0.4368509352207184,-0.27117469906806946,2.6527302265167236,-0.16856181621551514,-0.28790995478630066,2.585885763168335,-0.11490398645401001,-0.29125699400901794,2.572516918182373,-0.007588334381580353,-0.2979511022567749,2.545779228210449,-0.07758725434541702,-0.3199734091758728,2.4999122619628906,-0.5951970219612122,-0.4430272579193115,2.52982497215271,-0.5750146508216858,-0.44219017028808594,2.3792965412139893,-0.33760765194892883,-0.3119446039199829,2.477593421936035,-0.07682716846466064,-0.289680540561676,2.568286180496216,-0.02467106655240059,-0.2852277159690857,2.5864248275756836,0.07964113354682922,-0.2763220965862274,2.62270188331604,0.006527997553348541,-0.2897092401981354,2.6670169830322266,-0.618514358997345,0.10790727287530899,2.6814887523651123,-0.596132218837738,0.556989312171936,2.7435014247894287,-0.6427686810493469,0.954577624797821,2.7938082218170166,-0.5344854593276978,1.066776156425476,2.8164029121398926,-0.6037635207176208,0.1096632108092308,2.482896089553833,-0.6479227542877197,0.5542020201683044,2.5632476806640625,-0.7700380086898804,0.933506965637207,2.6264760494232178,-0.6854491233825684,1.0630991458892822,2.656054735183716,-0.5011878609657288,-0.5582411885261536,2.5796959400177,-0.48837703466415405,-0.6027900576591492,2.578017234802246,-0.5123873949050903,-0.6444053649902344,2.6019904613494873,-0.6061656475067139,-0.6508378982543945,2.646599292755127,-0.5086953639984131,-0.6412540674209595,2.5465409755706787,-0.595704972743988,-0.641909122467041,2.489492177963257,-0.6944085955619812,1.0497075319290161,2.8030455112457275,-0.838939368724823,1.016744613647461,2.63769268989563
-0.6125598549842834,0.10818159580230713,2.5809576511383057,-0.6099123358726501,-0.07551907002925873,2.579726219177246,-0.6073359847068787,-0.25922447443008423,2.5793445110321045,-0.6047595739364624,-0.44293540716171265,2.578962802886963,-0.6107712388038635,-0.4441218376159668,2.6287951469421387,-0.6290120482444763,-0.44469115138053894,2.7796525955200195,-0.4380881190299988,-0.27389147877693176,2.6478044986724854,-0.17235851287841797,-0.2915666997432709,2.571506977081299,-0.11921259015798569,-0.29510173201560974,2.5562474727630615,-0.012920744717121124,-0.30217182636260986,2.525728464126587,-0.08461388945579529,-0.3233497738838196,2.48211669921875,-0.5987198948860168,-0.4437456727027893,2.5291261672973633,-0.580479085445404,-0.44317635893821716,2.3782687187194824,-0.34460270404815674,-0.30933648347854614,2.4755189418792725,-0.08287596702575684,-0.2936858534812927,2.564962387084961,-0.030530616641044617,-0.2905557155609131,2.5828511714935303,0.07416008412837982,-0.2842954695224762,2.61862850189209,0.0009644031524658203,-0.29611653089523315,2.6632721424102783,-0.6186310648918152,0.10742785036563873,2.6803393363952637,-0.5994561910629272,0.5562300086021423,2.7455031871795654,-0.649480938911438,0.9529426097869873,2.7994625568389893,-0.5420538187026978,1.0660858154296875,2.8214685916900635,-0.6064886450767517,0.10893534123897552,2.4815759658813477,-0.6510123610496521,0.553634762763977,2.5609323978424072,-0.7749861478805542,0.9323428869247437,2.6242220401763916,-0.6909441947937012,1.0626277923583984,2.6523120403289795,-0.5033023357391357,-0.5582044124603271,2.579359292984009,-0.4902140200138092,-0.6026845574378967,2.5780422687530518,-0.5137139558792114,-0.6441889405250549,2.602703332901001,-0.6070087552070618,-0.6507407426834106,2.648296594619751,-0.5105826258659363,-0.6416237354278564,2.547189474105835,-0.5981366634368896,-0.6434725522994995,2.491007089614868,-0.7019649147987366,1.0474658012390137,2.8101136684417725,-0.8443247079849243,1.0151506662368774,2.635955333709717
-0.6135172843933105,0.10855522751808167,2.5796613693237305,-0.6113925576210022,-0.07515527307987213,2.5789120197296143,-0.6093554496765137,-0.25886815786361694,2.5791430473327637,-0.6073182821273804,-0.4425865411758423,2.579374074935913,-0.6123533844947815,-0.4435780644416809,2.629318952560425,-0.6276291608810425,-0.4435572922229767,2.780508041381836,-0.44152337312698364,-0.27446168661117554,2.6398963928222656,-0.1795046031475067,-0.2905423045158386,2.551431655883789,-0.1271008551120758,-0.29375842213630676,2.533738613128662,-0.022293344140052795,-0.30019065737724304,2.4983527660369873,-0.09577922523021698,-0.321924090385437,2.458138942718506,-0.6022610068321228,-0.44359177350997925,2.5294318199157715,-0.5869852304458618,-0.44361254572868347,2.3782427310943604,-0.35343027114868164,-0.3032759726047516,2.4718270301818848,-0.09019142389297485,-0.29301926493644714,2.557492256164551,-0.037543654441833496,-0.2909679114818573,2.574625253677368,0.06775188446044922,-0.286865234375,2.608891487121582,-0.005007639527320862,-0.2973296642303467,2.654566526412964,-0.6176860332489014,0.10810121148824692,2.67914080619812,-0.6021199226379395,0.5563299059867859,2.749115228652954,-0.6553983092308044,0.9518369436264038,2.8086020946502686,-0.5487987995147705,1.0659064054489136,2.829866409301758,-0.6093485355377197,0.10900924354791641,2.480181932449341,-0.6538609862327576,0.5537326335906982,2.5594749450683594,-0.7797877192497253,0.9315698146820068,2.624163866043091,-0.6963258981704712,1.0626039505004883,2.6504628658294678,-0.5054543018341064,-0.5574530363082886,2.5797653198242188,-0.49222299456596375,-0.6018908023834229,2.5788519382476807,-0.5151763558387756,-0.6431281566619873,2.604434013366699,-0.6077083945274353,-0.6493856310844421,2.65154767036438,-0.5129159688949585,-0.6413128972053528,2.5488600730895996,-0.6013039946556091,-0.6442424058914185,2.4940876960754395,-0.7086909413337708,1.045649528503418,2.821342945098877,-0.8495838642120361,1.013837456703186,2.636960506439209
-0.6148471236228943,0.10935881733894348,2.577610492706299,-0.6132969260215759,-0.07435895502567291,2.5776619911193848,-0.6118325591087341,-0.2580735683441162,2.5788559913635254,-0.6103681325912476,-0.44179368019104004,2.580049991607666,-0.61416095495224,-0.4424970746040344,2.6301095485687256,-0.6256698369979858,-0.44160377979278564,2.7816715240478516,-0.4488697350025177,-0.27370429039001465,2.6290955543518066,-0.1917632818222046,-0.2867344915866852,2.5280356407165527,-0.14034199714660645,-0.2893405258655548,2.5078237056732178,-0.03749941289424896,-0.29455259442329407,2.467399835586548,-0.11235251277685165,-0.31835106015205383,2.431403398513794,-0.6065593957901001,-0.443087100982666,2.530003547668457,-0.5950505137443542,-0.4439803957939148,2.378441572189331,-0.3656722605228424,-0.29408353567123413,2.465874195098877,-0.10094234347343445,-0.2876354157924652,2.5456433296203613,-0.04799635708332062,-0.28634577989578247,2.5615971088409424,0.05789561569690704,-0.2837665379047394,2.5935049057006836,-0.013881079852581024,-0.2930700480937958,2.6406922340393066,-0.6166518926620483,0.10937153548002243,2.6771609783172607,-0.6044142246246338,0.5566834211349487,2.753429889678955,-0.6607906222343445,0.9506296515464783,2.820038080215454,-0.5550275444984436,1.0656238794326782,2.840503215789795,-0.6130423545837402,0.10934609919786453,2.478060007095337,-0.6564498543739319,0.5539977550506592,2.5584051609039307,-0.7838791608810425,0.9308451414108276,2.625906467437744,-0.7008855938911438,1.0625413656234741,2.650329351425171,-0.5084034204483032,-0.5564914345741272,2.580287456512451,-0.49513888359069824,-0.6009075045585632,2.579832077026367,-0.517519474029541,-0.6417323350906372,2.606516122817993,-0.6090599894523621,-0.6473168134689331,2.6555240154266357,-0.5163589715957642,-0.6408157348632812,2.550907611846924,-0.6057718396186829,-0.6447197794914246,2.497966766357422,-0.7148370742797852,1.0436136722564697,2.835419178009033,-0.8540201187133789,1.0125621557235718,2.640265941619873
-0.6163961291313171,0.10900300741195679,2.5686028003692627,-0.6155110001564026,-0.07471822202205658,2.5698721408843994,-0.6146988868713379,-0.25842708349227905,2.572378158569336,-0.6138867735862732,-0.44214141368865967,2.5748844146728516,-0.6153585314750671,-0.44246187806129456,2.625070571899414,-0.6197715997695923,-0.4404352903366089,2.7750604152679443,-0.47547125816345215,-0.2699396014213562,2.601949453353882,-0.2308046668767929,-0.27048537135124207,2.4837467670440674,-0.18187135457992554,-0.2705945372581482,2.460106134414673,-0.0840047150850296,-0.27081283926963806,2.412825107574463,-0.15790662169456482,-0.30190005898475647,2.38492751121521,-0.6124061346054077,-0.44381770491600037,2.5247254371643066,-0.6079930663108826,-0.44584429264068604,2.3747355937957764,-0.39939481019973755,-0.27031058073043823,2.449122667312622,-0.13560551404953003,-0.2777020335197449,2.513887643814087,-0.08284765481948853,-0.2791803181171417,2.5268406867980957,0.02266807109117508,-0.2821368873119354,2.5527467727661133,-0.04573294520378113,-0.28868165612220764,2.602592945098877,-0.6137092113494873,0.10970356315374374,2.668128252029419,-0.6093600392341614,0.554881751537323,2.757333755493164,-0.6737276911735535,0.9449998140335083,2.8383073806762695,-0.5703890919685364,1.0624241828918457,2.8576385974884033,-0.619083046913147,0.10830245167016983,2.4690773487091064,-0.6633082628250122,0.5522380471229553,2.553490161895752,-0.7921327948570251,0.9272991418838501,2.628493070602417,-0.7096930146217346,1.059920310974121,2.649855375289917,-0.5109179019927979,-0.5558096766471863,2.575277090072632,-0.49725180864334106,-0.6000745296478271,2.5756537914276123,-0.5184355974197388,-0.6403138637542725,2.6040799617767334,-0.608393669128418,-0.6453422904014587,2.655863046646118,-0.5189060568809509,-0.6409320831298828,2.548491954803467,-0.6097266674041748,-0.6470940113067627,2.498363494873047,-0.7296297550201416,1.0358977317810059,2.8588547706604004,-0.8625542521476746,1.0081124305725098,2.6463732719421387
-0.6180911660194397,0.10952118039131165,2.5672435760498047,-0.6177976727485657,-0.07418595254421234,2.570230484008789,-0.617540717124939,-0.25786876678466797,2.574458599090576,-0.6172837018966675,-0.44155704975128174,2.5786869525909424,-0.6163868308067322,-0.4413990080356598,2.6288883686065674,-0.613730788230896,-0.43796926736831665,2.777723789215088,-0.494579553604126,-0.2640140652656555,2.5940122604370117,-0.2600748538970947,-0.25408345460891724,2.4628024101257324,-0.21317391097545624,-0.25209733843803406,2.4365603923797607,-0.11937202513217926,-0.2481250911951065,2.3840763568878174,-0.1920545995235443,-0.2838078737258911,2.361690044403076,-0.6181777715682983,-0.44371160864830017,2.528531312942505,-0.6208338141441345,-0.4471413493156433,2.3796958923339844,-0.4271867275238037,-0.25366318225860596,2.436918258666992,-0.1624191701412201,-0.26349103450775146,2.4828386306762695,-0.10946565866470337,-0.2654566168785095,2.492022752761841,-0.003558635711669922,-0.26938775181770325,2.5103909969329834,-0.06773479282855988,-0.2748567759990692,2.5643231868743896,-0.6109089255332947,0.11114706099033356,2.6665332317352295,-0.6084854602813721,0.5550739765167236,2.76188588142395,-0.6756887435913086,0.9428530931472778,2.8513853549957275,-0.5735653638839722,1.0617735385894775,2.867842674255371,-0.6252734065055847,0.10789529979228973,2.46795392036438,-0.6679729223251343,0.5515795946121216,2.5544989109039307,-0.7939715385437012,0.9263662695884705,2.6354825496673584,-0.7109103202819824,1.0591683387756348,2.65299129486084,-0.5142052173614502,-0.5550059676170349,2.577078104019165,-0.5004546642303467,-0.5992165207862854,2.577683687210083,-0.5204485058784485,-0.6389727592468262,2.6075613498687744,-0.6083089113235474,-0.6432349681854248,2.662790060043335,-0.5230368971824646,-0.6405377388000488,2.552079439163208,-0.6156427264213562,-0.6476691961288452,2.50559139251709,-0.7321309447288513,1.0324726104736328,2.875732660293579,-0.8636581301689148,1.0070278644561768,2.6566407680511475
-0.6194383502006531,0.1102571189403534,2.564760446548462,-0.6197085976600647,-0.07342071831226349,2.5694117546081543,-0.6199824213981628,-0.25706055760383606,2.575377941131592,-0.6202563047409058,-0.44070592522621155,2.5813441276550293,-0.6170795559883118,-0.4400818347930908,2.63145112991333,-0.6077433228492737,-0.43531689047813416,2.7785472869873047,-0.5097706317901611,-0.2585809528827667,2.5899462699890137,-0.2838064432144165,-0.23929083347320557,2.4513518810272217,-0.23861360549926758,-0.23543280363082886,2.423633098602295,-0.14822793006896973,-0.22771675884723663,2.3681952953338623,-0.21890291571617126,-0.2670537829399109,2.3494298458099365,-0.6234359741210938,-0.4433259963989258,2.5313022136688232,-0.6327722072601318,-0.44809094071388245,2.3842060565948486,-0.4570375084877014,-0.2380421757698059,2.4216411113739014,-0.19261810183525085,-0.24420931935310364,2.4478073120117188,-0.1397342085838318,-0.24544274806976318,2.453040599822998,-0.033966436982154846,-0.24790960550308228,2.4635069370269775,-0.09324142336845398,-0.2525910437107086,2.5214643478393555,-0.6079953908920288,0.11274402588605881,2.6636295318603516,-0.6060165762901306,0.5556779503822327,2.763619899749756,-0.6749663352966309,0.9414422512054443,2.86031174659729,-0.5739607810974121,1.0616954565048218,2.873800754547119,-0.6308813095092773,0.10777021199464798,2.4658913612365723,-0.6719294786453247,0.551245927810669,2.554417133331299,-0.7949045300483704,0.9258211851119995,2.6409504413604736,-0.7113922238349915,1.0587899684906006,2.654730796813965,-0.5175402164459229,-0.5543485283851624,2.5775234699249268,-0.5038523077964783,-0.5985567569732666,2.5782947540283203,-0.5227214694023132,-0.6377757787704468,2.609544038772583,-0.6083338856697083,-0.6409688591957092,2.6681923866271973,-0.5274722576141357,-0.6402112245559692,2.5542590618133545,-0.621794581413269,-0.6478692293167114,2.5115513801574707,-0.7316181063652039,1.029945969581604,2.8880460262298584,-0.8637336492538452,1.0063565969467163,2.665201425552368
-0.6191021800041199,0.10994401574134827,2.5595223903656006,-0.6196828484535217,-0.07369847595691681,2.5655760765075684,-0.6202319860458374,-0.25729113817214966,2.5729899406433105,-0.6207811236381531,-0.44088929891586304,2.580404043197632,-0.6153008937835693,-0.4398898482322693,2.630307197570801,-0.599389910697937,-0.43409454822540283,2.774995803833008,-0.519804060459137,-0.25466418266296387,2.5852606296539307,-0.30137819051742554,-0.2272121012210846,2.442283868789673,-0.25769302248954773,-0.22172167897224426,2.4136884212493896,-0.17032267153263092,-0.2107408493757248,2.3564977645874023,-0.2388363778591156,-0.25273996591567993,2.3401527404785156,-0.6262673735618591,-0.4438842535018921,2.5305817127227783,-0.6421783566474915,-0.44967955350875854,2.3858931064605713,-0.48879343271255493,-0.22445431351661682,2.4024832248687744,-0.2263430655002594,-0.2231532484292984,2.407378673553467,-0.17385298013687134,-0.22289302945137024,2.408357858657837,-0.06887282431125641,-0.2223726063966751,2.410315990447998,-0.12251661717891693,-0.22647826373577118,2.4722087383270264,-0.603359043598175,0.11313310265541077,2.657776355743408,-0.6016425490379333,0.5552498698234558,2.761435031890869,-0.6722767949104309,0.93903648853302,2.864654064178467,-0.5726253986358643,1.0607349872589111,2.874985933303833,-0.6348453164100647,0.10675492882728577,2.461268424987793,-0.6743377447128296,0.5499376654624939,2.5520687103271484,-0.7938628196716309,0.9243026375770569,2.6442651748657227,-0.7100147008895874,1.0574040412902832,2.6543233394622803,-0.5184383392333984,-0.5547195672988892,2.574080228805542,-0.504782497882843,-0.5989280343055725,2.574902057647705,-0.5224558115005493,-0.6376930475234985,2.6073765754699707,-0.6056978106498718,-0.6399708390235901,2.6693522930145264,-0.5293664336204529,-0.6408501863479614,2.5523667335510254,-0.6252778768539429,-0.6489161252975464,2.513490676879883,-0.7290387153625488,1.0263992547988892,2.8956165313720703,-0.8616539239883423,1.0047237873077393,2.671644687652588
-0.6166732907295227,0.10960492491722107,2.5499961376190186,-0.6173267960548401,-0.07400199770927429,2.557056188583374,-0.6179150342941284,-0.25754863023757935,2.565544605255127,-0.6185033321380615,-0.4411007761955261,2.574033260345459,-0.6106627583503723,-0.43983256816864014,2.6236143112182617,-0.5882797241210938,-0.43336719274520874,2.764967918395996,-0.5259868502616882,-0.25169509649276733,2.576188087463379,-0.31449633836746216,-0.21721935272216797,2.43080997467041,-0.27219823002815247,-0.21032419800758362,2.4017343521118164,-0.18760201334953308,-0.1965339034795761,2.343583106994629,-0.2538605034351349,-0.24059145152568817,2.328989267349243,-0.6263502240180969,-0.44436395168304443,2.5245444774627686,-0.6487332582473755,-0.45082932710647583,2.383190870285034,-0.5215911269187927,-0.21347348392009735,2.3787107467651367,-0.2633654773235321,-0.20307984948158264,2.362490653991699,-0.21172034740447998,-0.2010011225938797,2.3592467308044434,-0.10843008011579514,-0.19684366881847382,2.3527586460113525,-0.15614213049411774,-0.1998586356639862,2.4180173873901367,-0.5965191721916199,0.11327946931123734,2.6474220752716064,-0.5958618521690369,0.5544039607048035,2.755324125289917,-0.6686528921127319,0.9357779026031494,2.8658041954040527,-0.5708069801330566,1.059159278869629,2.8730947971343994,-0.6368274092674255,0.1059303805232048,2.4525701999664307,-0.6751903891563416,0.5484600067138672,2.5470685958862305,-0.7916795015335083,0.9220576286315918,2.6460916996002197,-0.7079315185546875,1.0554430484771729,2.6527655124664307,-0.5167025923728943,-0.555202066898346,2.564840793609619,-0.5031047463417053,-0.5994254350662231,2.5655767917633057,-0.5195467472076416,-0.6378144025802612,2.599119186401367,-0.6002682447433472,-0.6392772793769836,2.6643519401550293,-0.5286328792572021,-0.6415179371833801,2.544466018676758,-0.6260123252868652,-0.6497706174850464,2.5095009803771973,-0.7255318760871887,1.0217753648757935,2.900200605392456,-0.8584251999855042,1.0021283626556396,2.676874876022339
-0.6139640212059021,0.1099640429019928,2.5394649505615234,-0.6145225763320923,-0.07360798120498657,2.547407865524292,-0.6149753928184509,-0.2571108937263489,2.556818962097168,-0.6154282689094543,-0.4406192898750305,2.566230297088623,-0.6051300168037415,-0.4391252398490906,2.615353584289551,-0.5763803720474243,-0.4321719706058502,2.7523159980773926,-0.5346850752830505,-0.24879825115203857,2.5648193359375,-0.33511707186698914,-0.20355689525604248,2.4120941162109375,-0.29520347714424133,-0.1945086270570755,2.381549119949341,-0.21537627279758453,-0.17641207575798035,2.3204591274261475,-0.2789824604988098,-0.2231418937444687,2.308882236480713,-0.625731348991394,-0.4441078305244446,2.51720929145813,-0.6544809937477112,-0.45106109976768494,2.380246639251709,-0.5552143454551697,-0.20612560212612152,2.354320764541626,-0.3031688928604126,-0.1882782131433487,2.3175275325775146,-0.25275981426239014,-0.18470872938632965,2.310168981552124,-0.15194162726402283,-0.17756977677345276,2.2954516410827637,-0.19371066987514496,-0.1782265305519104,2.363409996032715,-0.5892084836959839,0.11405734717845917,2.6358067989349365,-0.5901464819908142,0.5540046691894531,2.7484426498413086,-0.6653767228126526,0.9324902892112732,2.866955041885376,-0.5698128938674927,1.0577911138534546,2.8712058067321777,-0.6387195587158203,0.10587073862552643,2.4431231021881104,-0.6756166219711304,0.547666072845459,2.541595697402954,-0.788785994052887,0.9203355312347412,2.647738456726074,-0.705380916595459,1.0540671348571777,2.650944232940674,-0.5145227313041687,-0.5552562475204468,2.554318904876709,-0.5010828375816345,-0.5995270013809204,2.5550076961517334,-0.5163522362709045,-0.637477695941925,2.5895843505859375,-0.5944629907608032,-0.6378810405731201,2.657930850982666,-0.5275834798812866,-0.6417308449745178,2.5353734493255615,-0.6262847781181335,-0.6499316096305847,2.504333257675171,-0.7223080992698669,1.0168852806091309,2.9050421714782715,-0.8543108105659485,0.9999815225601196,2.6820507049560547
-0.6116356253623962,0.11060658097267151,2.5299646854400635,-0.6121054887771606,-0.07291345298290253,2.5386719703674316,-0.6124271750450134,-0.25635826587677,2.5488479137420654,-0.612748920917511,-0.43980854749679565,2.5590240955352783,-0.6000417470932007,-0.4381380081176758,2.6075692176818848,-0.5654485821723938,-0.4308772087097168,2.7395570278167725,-0.5444619655609131,-0.24754197895526886,2.5535709857940674,-0.3593233823776245,-0.19113445281982422,2.392306327819824,-0.3222956657409668,-0.1798529475927353,2.360053300857544,-0.24824023246765137,-0.15728993713855743,2.2955474853515625,-0.3088039755821228,-0.20688265562057495,2.287379503250122,-0.6254595518112183,-0.4434729814529419,2.510589361190796,-0.6600527167320251,-0.4507337808609009,2.378601551055908,-0.5918418169021606,-0.20208774507045746,2.332066535949707,-0.3479398190975189,-0.17448639869689941,2.2753713130950928,-0.2991594076156616,-0.1689661294221878,2.2640323638916016,-0.20159859955310822,-0.1579255908727646,2.24135422706604,-0.23759719729423523,-0.15598110854625702,2.311314582824707,-0.5824096202850342,0.11504219472408295,2.625028371810913,-0.5850932002067566,0.5538896322250366,2.7419209480285645,-0.662085235118866,0.9296039342880249,2.86793851852417,-0.5688714981079102,1.0567359924316406,2.8691587448120117,-0.6408616304397583,0.10617096722126007,2.434900999069214,-0.6759301424026489,0.5474568009376526,2.5363659858703613,-0.7855737209320068,0.9194084405899048,2.6486141681671143,-0.7026745080947876,1.053499460220337,2.6482253074645996,-0.5131033062934875,-0.5552506446838379,2.544515609741211,-0.4999362826347351,-0.5996054410934448,2.5451431274414062,-0.5141602754592896,-0.6371164917945862,2.5806353092193604,-0.5896843671798706,-0.6363236904144287,2.6518301963806152,-0.5274229049682617,-0.6418135762214661,2.526920795440674,-0.6272618770599365,-0.6496322154998779,2.4996392726898193,-0.7188205122947693,1.0124647617340088,2.9095375537872314,-0.8497546911239624,0.9986953139305115,2.68615984916687
-0.6100142598152161,0.11236926913261414,2.5220062732696533,-0.6103578209877014,-0.07109592854976654,2.531187057495117,-0.6105490326881409,-0.2544894218444824,2.5417068004608154,-0.6107402443885803,-0.43788841366767883,2.5522267818450928,-0.5956652760505676,-0.43615925312042236,2.600078582763672,-0.5556532144546509,-0.4289247989654541,2.726925849914551,-0.5528614521026611,-0.2464594691991806,2.5438928604125977,-0.3834543228149414,-0.17938163876533508,2.374882698059082,-0.34957289695739746,-0.16596607863903046,2.341080665588379,-0.28181004524230957,-0.13913494348526,2.2734766006469727,-0.3391832709312439,-0.1911974549293518,2.2683932781219482,-0.6258173584938049,-0.4416109323501587,2.5044896602630615,-0.6658294200897217,-0.44884538650512695,2.3776423931121826,-0.6308798789978027,-0.2008921205997467,2.3136098384857178,-0.3969368636608124,-0.1625738888978958,2.239010810852051,-0.3501482605934143,-0.15491023659706116,2.224091053009033,-0.25657105445861816,-0.13958294689655304,2.194251537322998,-0.28745898604393005,-0.13498395681381226,2.2653346061706543,-0.5763930082321167,0.11698927730321884,2.6155896186828613,-0.5809288620948792,0.5550749897956848,2.735529661178589,-0.6583205461502075,0.9286923408508301,2.8676018714904785,-0.5672765374183655,1.0574058294296265,2.865421772003174,-0.6436355113983154,0.10774926096200943,2.4284229278564453,-0.6766403317451477,0.5488114356994629,2.5318644046783447,-0.782727062702179,0.9202775955200195,2.649256706237793,-0.70053631067276,1.0547711849212646,2.6451261043548584,-0.5126321315765381,-0.5542818307876587,2.5349557399749756,-0.4998109042644501,-0.5987439751625061,2.535444974899292,-0.513019323348999,-0.6358688473701477,2.5717339515686035,-0.5858583450317383,-0.6339037418365479,2.645665168762207,-0.5282971858978271,-0.6408592462539673,2.5185790061950684,-0.6291457414627075,-0.648043155670166,2.4950594902038574,-0.7144657373428345,1.0103269815444946,2.9123525619506836,-0.8454862236976624,0.9992684125900269,2.6897642612457275
-0.6089141964912415,0.11538329720497131,2.5170795917510986,-0.6090888381004333,-0.06802703440189362,2.5264182090759277,-0.6091538667678833,-0.2513788938522339,2.5368435382843018,-0.6092188954353333,-0.4347362220287323,2.547269344329834,-0.5918896198272705,-0.43306559324264526,2.5943398475646973,-0.5468961596488953,-0.42614102363586426,2.7164032459259033,-0.558258593082428,-0.2438131868839264,2.5382955074310303,-0.4043304920196533,-0.16805386543273926,2.3629372119903564,-0.3735448718070984,-0.1529020071029663,2.3278656005859375,-0.3119736313819885,-0.12259828299283981,2.2577223777770996,-0.3668304681777954,-0.1760573536157608,2.2551145553588867,-0.6265488862991333,-0.43839970231056213,2.500312089920044,-0.6715423464775085,-0.44532427191734314,2.378248691558838,-0.6701454520225525,-0.20246300101280212,2.3000736236572266,-0.446341872215271,-0.15411792695522308,2.2119908332824707,-0.40158116817474365,-0.1444489061832428,2.1943743228912354,-0.3120597302913666,-0.12511087954044342,2.1591413021087646,-0.33943796157836914,-0.11763396114110947,2.2303342819213867,-0.5711678862571716,0.12003076076507568,2.6090612411499023,-0.5778285264968872,0.557752788066864,2.7306840419769287,-0.654699444770813,0.9300814270973206,2.866966724395752,-0.5656516551971436,1.0601229667663574,2.861130714416504,-0.6466605067253113,0.11073583364486694,2.425097942352295,-0.6776965856552124,0.5519894361495972,2.528872013092041,-0.7804949283599854,0.9233664274215698,2.6497950553894043,-0.6992077231407166,1.0582823753356934,2.6417667865753174,-0.5130634307861328,-0.5521774888038635,2.526235818862915,-0.5006874203681946,-0.5967783331871033,2.526273488998413,-0.5128107070922852,-0.6337357759475708,2.563124418258667,-0.5826125144958496,-0.6309435963630676,2.6399335861206055,-0.5302650928497314,-0.6386234164237976,2.510622024536133,-0.6320664882659912,-0.6447920203208923,2.4911763668060303,-0.7100057005882263,1.0108437538146973,2.914339542388916,-0.8418567776679993,1.0021867752075195,2.6927788257598877
-0.6088899374008179,0.11928972601890564,2.5151281356811523,-0.6088185906410217,-0.06407400965690613,2.524226665496826,-0.6087046265602112,-0.24739684164524078,2.5341150760650635,-0.6085906624794006,-0.4307251572608948,2.54400372505188,-0.5892000794410706,-0.42921769618988037,2.5902514457702637,-0.5398067831993103,-0.4228397309780121,2.7079243659973145,-0.5619217157363892,-0.23986026644706726,2.5357983112335205,-0.4215136170387268,-0.15629222989082336,2.356628656387329,-0.39343199133872986,-0.13957862555980682,2.3207948207855225,-0.33726873993873596,-0.10615140944719315,2.24912691116333,-0.38999277353286743,-0.16053837537765503,2.248077869415283,-0.6279799938201904,-0.4342252016067505,2.497863531112671,-0.6773732900619507,-0.4406031668186188,2.38019061088562,-0.707597553730011,-0.20552748441696167,2.2940289974212646,-0.4920092821121216,-0.14708158373832703,2.1996593475341797,-0.44889163970947266,-0.13539239764213562,2.1807854175567627,-0.3626563251018524,-0.1120140329003334,2.1430375576019287,-0.3889142870903015,-0.10263612121343613,2.213474988937378,-0.5674034953117371,0.12378869950771332,2.605471134185791,-0.5760596990585327,0.5614783763885498,2.727586507797241,-0.6511377096176147,0.9334614276885986,2.866147994995117,-0.5636916160583496,1.0644124746322632,2.8564453125,-0.6503763794898987,0.11479075253009796,2.4247851371765137,-0.6791983842849731,0.5566502213478088,2.527200222015381,-0.7786667943000793,0.9284897446632385,2.649873971939087,-0.6982354521751404,1.0636816024780273,2.637911796569824,-0.5144778490066528,-0.5492222905158997,2.5194764137268066,-0.5025740265846252,-0.5939697027206421,2.519075393676758,-0.5137239098548889,-0.6308126449584961,2.556378126144409,-0.5806421041488647,-0.6272836327552795,2.63573956489563,-0.5331600308418274,-0.6355183720588684,2.5045347213745117,-0.635711133480072,-0.6406165361404419,2.4888501167297363,-0.7053124308586121,1.0138053894042969,2.915569543838501,-0.8386333584785461,1.007372260093689,2.6947526931762695
-0.6094892621040344,0.12512296438217163,2.516444683074951,-0.6091903448104858,-0.05794772505760193,2.5246658325195312,-0.608989953994751,-0.24100042879581451,2.533281087875366,-0.6087895631790161,-0.42405861616134644,2.5418965816497803,-0.5857973098754883,-0.422937273979187,2.586372137069702,-0.5282818675041199,-0.41764339804649353,2.697516679763794,-0.5600066781044006,-0.23058795928955078,2.5367541313171387,-0.4370923936367035,-0.14174604415893555,2.3518905639648438,-0.4125095307826996,-0.1239776611328125,2.314917802810669,-0.3633438050746918,-0.0884408950805664,2.2409725189208984,-0.41589272022247314,-0.14151568710803986,2.2423832416534424,-0.6317795515060425,-0.4271695911884308,2.497514486312866,-0.6892949938774109,-0.43246346712112427,2.3863699436187744,-0.7740031480789185,-0.21574777364730835,2.2986221313476562,-0.5658422708511353,-0.1469726264476776,2.203152894973755,-0.5242100954055786,-0.13321760296821594,2.1840591430664062,-0.44094574451446533,-0.10570754110813141,2.14587140083313,-0.468370258808136,-0.09391399472951889,2.214348554611206,-0.5614386796951294,0.12910513579845428,2.6033740043640137,-0.5743963122367859,0.5680897831916809,2.7215065956115723,-0.6485816240310669,0.9405404329299927,2.8600666522979736,-0.5649963617324829,1.0733354091644287,2.842721700668335,-0.6575398445129395,0.12114079296588898,2.4295153617858887,-0.6829000115394592,0.5653643012046814,2.523606061935425,-0.7775177955627441,0.939271092414856,2.6446969509124756,-0.6993672847747803,1.0749138593673706,2.624316453933716,-0.5169668793678284,-0.5441234707832336,2.5126731395721436,-0.5054873824119568,-0.5891796350479126,2.5118603706359863,-0.5149083733558655,-0.6258668899536133,2.550110101699829,-0.5774692296981812,-0.621231734752655,2.6334495544433594,-0.5373791456222534,-0.6306746602058411,2.499257802963257,-0.6411363482475281,-0.6348537802696228,2.489368200302124,-0.7011718153953552,1.0204256772994995,2.9120349884033203,-0.8351072072982788,1.0186924934387207,2.6918540000915527
-0.6114095449447632,0.12769213318824768,2.5235722064971924,-0.6112152338027954,-0.05522795021533966,2.5307178497314453,-0.6111937761306763,-0.2381410300731659,2.5380430221557617,-0.6111723184585571,-0.42105957865715027,2.5453684329986572,-0.5864508152008057,-0.4203108847141266,2.588852882385254,-0.5249394178390503,-0.41597461700439453,2.6969516277313232,-0.5545507073402405,-0.22565414011478424,2.5416224002838135,-0.43506646156311035,-0.13823316991329193,2.3553757667541504,-0.4111696183681488,-0.12074897438287735,2.3181264400482178,-0.3633759021759033,-0.08578058332204819,2.2436277866363525,-0.4175633192062378,-0.13661225140094757,2.2457919120788574,-0.6358935832977295,-0.4237963557243347,2.5019633769989014,-0.6974049806594849,-0.4281325936317444,2.393864631652832,-0.8012948632240295,-0.21936587989330292,2.3111045360565186,-0.5947749018669128,-0.14832213521003723,2.216716766357422,-0.5534709095954895,-0.1341133862733841,2.1978392601013184,-0.4708629250526428,-0.10569588840007782,2.1600842475891113,-0.4987543821334839,-0.09381041675806046,2.2279489040374756,-0.5602819919586182,0.13107122480869293,2.6086819171905518,-0.574177622795105,0.5713287591934204,2.722537040710449,-0.6467238068580627,0.9451514482498169,2.858682632446289,-0.564644455909729,1.0783264636993408,2.83705997467041,-0.6625370979309082,0.12431303411722183,2.438462495803833,-0.6857644319534302,0.5703908205032349,2.5248215198516846,-0.7785071730613708,0.9460405111312866,2.642414093017578,-0.7017005085945129,1.0817170143127441,2.6172590255737305,-0.5202741622924805,-0.5416956543922424,2.513657331466675,-0.5089417099952698,-0.5869029760360718,2.5125014781951904,-0.5175625085830688,-0.6237031817436218,2.551022529602051,-0.5781870484352112,-0.6189597845077515,2.6360998153686523,-0.5413561463356018,-0.6283788084983826,2.5006062984466553,-0.6456023454666138,-0.6322073340415955,2.4932541847229004,-0.6982656717300415,1.0253673791885376,2.9112720489501953,-0.8350236415863037,1.0260316133499146,2.6899967193603516
-0.6134358644485474,0.1290941834449768,2.530733346939087,-0.6134243607521057,-0.05368834733963013,2.536752223968506,-0.6137068867683411,-0.23647266626358032,2.5427093505859375,-0.6139894127845764,-0.41926246881484985,2.5486667156219482,-0.5877932906150818,-0.41891026496887207,2.5912270545959473,-0.522871732711792,-0.4155758321285248,2.696617841720581,-0.5502640604972839,-0.22250986099243164,2.545854091644287,-0.4326228201389313,-0.13695427775382996,2.3587398529052734,-0.40909457206726074,-0.11984315514564514,2.321316957473755,-0.3620380759239197,-0.08562091737985611,2.2464711666107178,-0.41770440340042114,-0.1343647986650467,2.249224901199341,-0.6401885747909546,-0.4216013550758362,2.5061709880828857,-0.7051101326942444,-0.42493578791618347,2.400780200958252,-0.8247160911560059,-0.2232489138841629,2.324810743331909,-0.6201652884483337,-0.14947247505187988,2.2305397987365723,-0.5792551040649414,-0.1347171813249588,2.2116856575012207,-0.4974347949028015,-0.10520660132169724,2.1739773750305176,-0.5252780318260193,-0.09382987767457962,2.241635322570801,-0.5597181916236877,0.13184523582458496,2.6141765117645264,-0.5744805932044983,0.5733258724212646,2.7237579822540283,-0.6468984484672546,0.9480675458908081,2.857860565185547,-0.566511869430542,1.0817431211471558,2.8328232765197754,-0.667153537273407,0.12634313106536865,2.4472901821136475,-0.6884567737579346,0.573970377445221,2.526707887649536,-0.779893159866333,0.9510000944137573,2.641369104385376,-0.7044298052787781,1.0866918563842773,2.612196683883667,-0.5232961177825928,-0.5400549173355103,2.514901876449585,-0.5118811726570129,-0.5853696465492249,2.5134682655334473,-0.5196766257286072,-0.622324526309967,2.5522305965423584,-0.5787325501441956,-0.6177505254745483,2.6387720108032227,-0.5445532202720642,-0.6270070672035217,2.5021629333496094,-0.6492161750793457,-0.6310176253318787,2.4969141483306885,-0.6978332996368408,1.0284229516983032,2.91090726852417,-0.8355264067649841,1.031446099281311,2.6893136501312256
-0.6141091585159302,0.12928897142410278,2.5385775566101074,-0.6144627332687378,-0.053392842411994934,2.5436363220214844,-0.6152421832084656,-0.23608072102069855,2.5484213829040527,-0.6160216331481934,-0.4187740683555603,2.5532066822052,-0.5884776711463928,-0.4187939167022705,2.5948667526245117,-0.520396888256073,-0.4163893461227417,2.697758197784424,-0.5461919903755188,-0.2204442322254181,2.551741600036621,-0.43048322200775146,-0.1359575092792511,2.363861560821533,-0.40734148025512695,-0.11906015872955322,2.3262856006622314,-0.36105796694755554,-0.08526546508073807,2.251133680343628,-0.4179689288139343,-0.1321575939655304,2.2544240951538086,-0.643574059009552,-0.42073988914489746,2.511598825454712,-0.7116548418998718,-0.42314445972442627,2.4087073802948,-0.844316840171814,-0.22775688767433167,2.3408455848693848,-0.642300009727478,-0.15111763775348663,2.245236873626709,-0.6018966436386108,-0.13578978180885315,2.2261152267456055,-0.5210899114608765,-0.10513408482074738,2.1878716945648193,-0.5482714772224426,-0.09457434713840485,2.2556817531585693,-0.558022141456604,0.13144581019878387,2.6203863620758057,-0.5749024748802185,0.574043333530426,2.72585391998291,-0.6475640535354614,0.9497333765029907,2.857651472091675,-0.5691184401512146,1.0839269161224365,2.829070806503296,-0.6701961755752563,0.1271321326494217,2.456768751144409,-0.6905444264411926,0.5761627554893494,2.529283285140991,-0.7816083431243896,0.9543200731277466,2.6410765647888184,-0.7077801823616028,1.0901226997375488,2.608128786087036,-0.526212215423584,-0.5401787757873535,2.517246723175049,-0.514956533908844,-0.5856644511222839,2.5154917240142822,-0.522096574306488,-0.6227718591690063,2.554457426071167,-0.579494297504425,-0.6181356906890869,2.642474889755249,-0.5481009483337402,-0.627289354801178,2.50476336479187,-0.6531735062599182,-0.6309351325035095,2.5016746520996094,-0.6979331374168396,1.0302321910858154,2.9111108779907227,-0.8365723490715027,1.0351049900054932,2.689323663711548
-0.6137807965278625,0.1285996437072754,2.5464401245117188,-0.6145676374435425,-0.05403643846511841,2.550389528274536,-0.6158703565597534,-0.23667755722999573,2.5539512634277344,-0.6171730756759644,-0.4193241596221924,2.5575132369995117,-0.5883674621582031,-0.41972750425338745,2.598284959793091,-0.517297625541687,-0.41827407479286194,2.698805570602417,-0.5424748659133911,-0.21896907687187195,2.558520793914795,-0.42904847860336304,-0.13388565182685852,2.370366334915161,-0.40636318922042847,-0.11686896532773972,2.332735538482666,-0.3609926402568817,-0.0828355997800827,2.2574737071990967,-0.41881486773490906,-0.12823373079299927,2.2610886096954346,-0.6459928750991821,-0.4209059476852417,2.516780138015747,-0.7170627117156982,-0.4223593771457672,2.416259527206421,-0.8611992001533508,-0.23313233256340027,2.3574888706207275,-0.6623787879943848,-0.1529417783021927,2.2597813606262207,-0.6226147413253784,-0.13690367341041565,2.2402398586273193,-0.543086588382721,-0.10482744872570038,2.2011568546295166,-0.5692340135574341,-0.09539575129747391,2.2693097591400146,-0.5554642677307129,0.13008227944374084,2.626620054244995,-0.5742664933204651,0.5733418464660645,2.7296974658966064,-0.6466870307922363,0.9496350288391113,2.8603718280792236,-0.5700724124908447,1.0842697620391846,2.82873272895813,-0.6720973253250122,0.12711700797080994,2.4662601947784424,-0.6919904351234436,0.5773913860321045,2.531947135925293,-0.7834409475326538,0.9563571810722351,2.641211986541748,-0.7115277647972107,1.0923583507537842,2.6047494411468506,-0.5286539196968079,-0.5414106249809265,2.5188355445861816,-0.5176636576652527,-0.5870799422264099,2.51662015914917,-0.5241114497184753,-0.6244223713874817,2.5556998252868652,-0.579559862613678,-0.6198393106460571,2.6453170776367188,-0.5513779520988464,-0.6285959482192993,2.5064706802368164,-0.6568149328231812,-0.6316643953323364,2.5058345794677734,-0.6963654160499573,1.0301878452301025,2.9144763946533203,-0.8378955125808716,1.0373454093933105,2.6897876262664795
-0.61329585313797,0.127057284116745,2.554460048675537,-0.6145895719528198,-0.05556325614452362,2.5573809146881104,-0.6164844632148743,-0.2381855845451355,2.5598244667053223,-0.6183794140815735,-0.4208133816719055,2.562268018722534,-0.5883951783180237,-0.4215834438800812,2.6021647453308105,-0.5145159363746643,-0.42103561758995056,2.7004010677337646,-0.5395504236221313,-0.21808597445487976,2.566636323928833,-0.4281828701496124,-0.13125964999198914,2.378854274749756,-0.40590935945510864,-0.11389438062906265,2.3412978649139404,-0.3613623380661011,-0.07916384935379028,2.2661850452423096,-0.4198732078075409,-0.12333249300718307,2.2698569297790527,-0.6483842134475708,-0.4220282733440399,2.522397994995117,-0.7222634553909302,-0.42257609963417053,2.424161672592163,-0.8763245940208435,-0.2393248975276947,2.3752493858337402,-0.6822158098220825,-0.15491896867752075,2.273263931274414,-0.6433940529823303,-0.1380377858877182,2.252866744995117,-0.5657505393028259,-0.1042754128575325,2.2120726108551025,-0.5900734663009644,-0.09605701267719269,2.2808382511138916,-0.5529051423072815,0.12788623571395874,2.633039712905884,-0.5732733607292175,0.5715935230255127,2.7345547676086426,-0.6450104117393494,0.9483964443206787,2.8645551204681396,-0.5700663328170776,1.0833580493927002,2.83016300201416,-0.6736865639686584,0.12622833251953125,2.4758803844451904,-0.693290114402771,0.5775498151779175,2.535217761993408,-0.7850845456123352,0.9572041630744934,2.6422834396362305,-0.7150721549987793,1.093345046043396,2.6025595664978027,-0.5310515761375427,-0.5435476303100586,2.521256923675537,-0.5202781558036804,-0.5893860459327698,2.5187127590179443,-0.5259932279586792,-0.6268671154975891,2.5579845905303955,-0.5794821381568909,-0.6221814155578613,2.649120330810547,-0.5544877648353577,-0.6308598518371582,2.509258270263672,-0.6602165699005127,-0.6334940791130066,2.5110626220703125,-0.6939041614532471,1.0290101766586304,2.9193525314331055,-0.8390201330184937,1.0383752584457397,2.691213369369507
-0.6129255890846252,0.12476804852485657,2.562389850616455,-0.614752471446991,-0.05785147845745087,2.56437087059021,-0.6172651648521423,-0.24046817421913147,2.565781354904175,-0.6197779178619385,-0.4230903387069702,2.5671918392181396,-0.5887058973312378,-0.42420899868011475,2.6062357425689697,-0.5122339725494385,-0.42451944947242737,2.702266216278076,-0.5371988415718079,-0.21760480105876923,2.576072931289673,-0.42778006196022034,-0.127936452627182,2.3893370628356934,-0.40589630603790283,-0.1100027859210968,2.351989984512329,-0.3621287941932678,-0.07413545250892639,2.2772955894470215,-0.421199232339859,-0.11720661073923111,2.2807822227478027,-0.6508772373199463,-0.42395657300949097,2.528163433074951,-0.7273491621017456,-0.42364612221717834,2.4321329593658447,-0.8892933130264282,-0.24567334353923798,2.393904447555542,-0.7006998062133789,-0.1563589870929718,2.287421464920044,-0.6629810929298401,-0.13849611580371857,2.266124963760376,-0.5875437259674072,-0.1027703732252121,2.223531723022461,-0.6096883416175842,-0.09612048417329788,2.2929723262786865,-0.5506321787834167,0.1249806210398674,2.639427661895752,-0.5723175406455994,0.5690232515335083,2.739832878112793,-0.6428460478782654,0.9464415311813354,2.8690993785858154,-0.5693392157554626,1.0815644264221191,2.83211088180542,-0.6752189993858337,0.12455547600984573,2.485352039337158,-0.6946045756340027,0.5767268538475037,2.539116621017456,-0.7863373756408691,0.957059383392334,2.6442878246307373,-0.7180526256561279,1.0932273864746094,2.601567029953003,-0.5333988666534424,-0.5461055636405945,2.5235416889190674,-0.5227065086364746,-0.592065691947937,2.520594358444214,-0.5274741649627686,-0.6297475099563599,2.5599989891052246,-0.5787739753723145,-0.6252546906471252,2.6527109146118164,-0.5572714805603027,-0.6335933208465576,2.511871576309204,-0.6631996631622314,-0.6361512541770935,2.516350269317627,-0.6908578276634216,1.0272066593170166,2.9245176315307617,-0.839676558971405,1.0384474992752075,2.693585157394409
-0.6128858923912048,0.12251034379005432,2.5700900554656982,-0.6152932047843933,-0.06010757386684418,2.571347236633301,-0.6184529662132263,-0.24271725118160248,2.571979284286499,-0.6216127872467041,-0.4253323972225189,2.5726115703582764,-0.5895676016807556,-0.42674720287323,2.6108503341674805,-0.5107773542404175,-0.4277852475643158,2.704810380935669,-0.5345692038536072,-0.2167346030473709,2.5870370864868164,-0.4269029498100281,-0.12413303554058075,2.4016664028167725,-0.40536969900131226,-0.10561272501945496,2.3645923137664795,-0.3623031973838806,-0.06857209652662277,2.2904438972473145,-0.4220825433731079,-0.11025766283273697,2.293731927871704,-0.653692364692688,-0.4259023666381836,2.534379482269287,-0.7324826121330261,-0.4248643219470978,2.4404194355010986,-0.8997510671615601,-0.2508953809738159,2.4133081436157227,-0.7167326211929321,-0.1570046842098236,2.302772283554077,-0.6801289319992065,-0.13822653889656067,2.280665159225464,-0.6069215536117554,-0.10067026317119598,2.2364509105682373,-0.6267008781433105,-0.09580042213201523,2.306501626968384,-0.5488934516906738,0.12218721210956573,2.6456897258758545,-0.5715005397796631,0.5664694905281067,2.7453830242156982,-0.6404058933258057,0.9445489048957825,2.8739309310913086,-0.5680965781211853,1.079696774482727,2.8345680236816406,-0.6768783330917358,0.12283347547054291,2.494490385055542,-0.6957427263259888,0.5756844878196716,2.543548345565796,-0.7870694398880005,0.9565963745117188,2.647385597229004,-0.7203112244606018,1.0927329063415527,2.6020734310150146,-0.5359480977058411,-0.5485137701034546,2.5266973972320557,-0.5252465605735779,-0.5945716500282288,2.5234546661376953,-0.5290254950523376,-0.6323772668838501,2.563034772872925,-0.5782018899917603,-0.6279970407485962,2.6571907997131348,-0.5600456595420837,-0.6362395286560059,2.5155205726623535,-0.6660922765731812,-0.6389399766921997,2.5225670337677,-0.6874774098396301,1.0255260467529297,2.929901123046875,-0.839764416217804,1.038188099861145,2.6971020698547363
-0.6125379800796509,0.12074992060661316,2.5768773555755615,-0.6155387759208679,-0.061852455139160156,2.5774691104888916,-0.6193517446517944,-0.24444063007831573,2.577393054962158,-0.6231647729873657,-0.42703425884246826,2.577316999435425,-0.5902990698814392,-0.42872893810272217,2.614837646484375,-0.5095644593238831,-0.43045327067375183,2.7069499492645264,-0.5313258171081543,-0.21543173491954803,2.5981945991516113,-0.42491501569747925,-0.11959459632635117,2.414860486984253,-0.40363284945487976,-0.10042716562747955,2.3781936168670654,-0.3610685467720032,-0.062092311680316925,2.3048601150512695,-0.42154452204704285,-0.10229388624429703,2.3077824115753174,-0.6560719609260559,-0.4273241460323334,2.539795398712158,-0.7368065714836121,-0.4255998134613037,2.447683095932007,-0.9069292545318604,-0.25434744358062744,2.4313607215881348,-0.7288101315498352,-0.15683040022850037,2.3178555965423584,-0.6931862831115723,-0.13732698559761047,2.295154571533203,-0.6219386458396912,-0.09832017123699188,2.2497525215148926,-0.639460563659668,-0.0952882170677185,2.320221185684204,-0.5471084117889404,0.11991558223962784,2.6512131690979004,-0.5706371665000916,0.5642755627632141,2.7507271766662598,-0.6379695534706116,0.9429134130477905,2.878696918487549,-0.5666783452033997,1.0780373811721802,2.837329864501953,-0.6779675483703613,0.12158425897359848,2.5025415420532227,-0.6964982151985168,0.5748921632766724,2.548159599304199,-0.7874424457550049,0.956150233745575,2.651348352432251,-0.7220385074615479,1.0922857522964478,2.6040027141571045,-0.5381162166595459,-0.5502333641052246,2.529104471206665,-0.5273727774620056,-0.596370279788971,2.5255165100097656,-0.5301824808120728,-0.6343520283699036,2.5651869773864746,-0.5773282647132874,-0.6302536129951477,2.6606664657592773,-0.5623403191566467,-0.6381917595863342,2.5182712078094482,-0.6684420704841614,-0.6411328315734863,2.5277388095855713,-0.6841773986816406,1.0240846872329712,2.9351425170898438,-0.839558482170105,1.0378577709197998,2.701526403427124
-0.6105193495750427,0.12012746930122375,2.586510419845581,-0.6144553422927856,-0.06242375075817108,2.5863237380981445,-0.6193081736564636,-0.24495086073875427,2.5854365825653076,-0.6241611838340759,-0.4274834394454956,2.5845494270324707,-0.5895346999168396,-0.4295710623264313,2.620417833328247,-0.5045619010925293,-0.43225783109664917,2.708383321762085,-0.5242984294891357,-0.2113720029592514,2.6168055534362793,-0.4207257032394409,-0.11185209453105927,2.4362728595733643,-0.4000111520290375,-0.09194811433553696,2.4001662731170654,-0.358582079410553,-0.05214015021920204,2.327953338623047,-0.4202040433883667,-0.08939474076032639,2.331026315689087,-0.6588403582572937,-0.42737969756126404,2.548671245574951,-0.743813157081604,-0.42469292879104614,2.4607057571411133,-0.9159818291664124,-0.25762706995010376,2.464381217956543,-0.7444902658462524,-0.1585448682308197,2.3460726737976074,-0.7101919651031494,-0.13872842490673065,2.322411060333252,-0.6415953040122986,-0.09909553825855255,2.275087594985962,-0.6551403403282166,-0.09856157004833221,2.3458750247955322,-0.5419198274612427,0.11857536435127258,2.657905340194702,-0.5690324306488037,0.5625526905059814,2.758527994155884,-0.6342165470123291,0.9417315721511841,2.8862035274505615,-0.5658726692199707,1.0771113634109497,2.8408026695251465,-0.6791188716888428,0.12167957425117493,2.51511549949646,-0.698441743850708,0.5754779577255249,2.555975914001465,-0.7882683277130127,0.957055926322937,2.6592040061950684,-0.726072371006012,1.0932598114013672,2.607823371887207,-0.5417901873588562,-0.5511122941970825,2.530758857727051,-0.5313675403594971,-0.597463071346283,2.5262229442596436,-0.5322691798210144,-0.6359409093856812,2.56585431098938,-0.5746020078659058,-0.6324723958969116,2.664118528366089,-0.5669772028923035,-0.6392998695373535,2.5204250812530518,-0.6729414463043213,-0.6419894695281982,2.535402297973633,-0.6787258386611938,1.0229978561401367,2.9438955783843994,-0.8389425277709961,1.0388473272323608,2.710740089416504
-0.6087626814842224,0.12183317542076111,2.5892221927642822,-0.6131437420845032,-0.06069070100784302,2.588310718536377,-0.6184326410293579,-0.24318599700927734,2.5867342948913574,-0.623721718788147,-0.425686776638031,2.585157871246338,-0.5886304974555969,-0.42800211906433105,2.620551824569702,-0.5025467276573181,-0.43124642968177795,2.7073283195495605,-0.5212551951408386,-0.20741765201091766,2.6254138946533203,-0.4165819585323334,-0.10498134791851044,2.44822096824646,-0.3956473171710968,-0.08449408411979675,2.4127824306488037,-0.35377803444862366,-0.04351956024765968,2.341905355453491,-0.4158182442188263,-0.07963577657938004,2.3440263271331787,-0.6588703989982605,-0.4253549575805664,2.5497467517852783,-0.7449541687965393,-0.4221106469631195,2.46297025680542,-0.9129362106323242,-0.25237512588500977,2.4744250774383545,-0.7418004870414734,-0.15553873777389526,2.3553357124328613,-0.7075733542442322,-0.13617146015167236,2.3315179347991943,-0.639119029045105,-0.09743690490722656,2.2838821411132812,-0.651246190071106,-0.09810204803943634,2.354665994644165,-0.5394164323806763,0.119815893471241,2.6598708629608154,-0.5677540302276611,0.5632773637771606,2.7626965045928955,-0.631034791469574,0.9428586363792419,2.8903143405914307,-0.5630146265029907,1.0780729055404663,2.8438687324523926,-0.6781089305877686,0.12385045737028122,2.518573522567749,-0.6971493363380432,0.5776465535163879,2.5602967739105225,-0.7855691313743591,0.9593179225921631,2.664612293243408,-0.7237976789474487,1.0955064296722412,2.6126139163970947,-0.5428565740585327,-0.549306333065033,2.528230667114258,-0.5327478647232056,-0.5957422852516174,2.522923707962036,-0.5331292748451233,-0.6347804069519043,2.562166452407837,-0.5737125277519226,-0.632307231426239,2.6614255905151367,-0.5687533617019653,-0.6374029517173767,2.5172572135925293,-0.6746474504470825,-0.6397377252578735,2.5341832637786865,-0.674801766872406,1.024314284324646,2.9483354091644287,-0.835632860660553,1.0411455631256104,2.716716766357422
-0.6065073013305664,0.12455612421035767,2.591763973236084,-0.6112614274024963,-0.05794450640678406,2.590197801589966,-0.6169565916061401,-0.24041111767292023,2.5879533290863037,-0.6226519346237183,-0.42288318276405334,2.5857088565826416,-0.5871642231941223,-0.4254138171672821,2.6206865310668945,-0.5001013278961182,-0.42918622493743896,2.706453800201416,-0.5185108780860901,-0.2029954046010971,2.632908582687378,-0.41291433572769165,-0.09776130318641663,2.458576202392578,-0.3917950391769409,-0.07671448588371277,2.4237096309661865,-0.34955641627311707,-0.03462084382772446,2.3539767265319824,-0.411895215511322,-0.06994231045246124,2.3552589416503906,-0.6582015156745911,-0.42233580350875854,2.550706624984741,-0.7452644109725952,-0.4185633957386017,2.464939594268799,-0.9082750082015991,-0.24530337750911713,2.4827897548675537,-0.7355165481567383,-0.15060654282569885,2.3653008937835693,-0.7009648680686951,-0.13166718184947968,2.3418030738830566,-0.6318614482879639,-0.09378844499588013,2.2948076725006104,-0.6434868574142456,-0.09601837396621704,2.3654847145080566,-0.5365663170814514,0.12213313579559326,2.6617989540100098,-0.5664982795715332,0.565156102180481,2.7663817405700684,-0.6286174654960632,0.9451009035110474,2.8937008380889893,-0.5609755516052246,1.0802199840545654,2.846345901489258,-0.6764482855796814,0.12697911262512207,2.521728992462158,-0.6958544254302979,0.5807632803916931,2.564228057861328,-0.7833436131477356,0.9625439643859863,2.6691856384277344,-0.7219876050949097,1.098729133605957,2.616610527038574,-0.5440567135810852,-0.5469350218772888,2.525848150253296,-0.5345306992530823,-0.5934953689575195,2.5198450088500977,-0.5345980525016785,-0.6330217719078064,2.5587356090545654,-0.5733598470687866,-0.6312009692192078,2.658935308456421,-0.5711442232131958,-0.6347827315330505,2.5144009590148926,-0.6769073605537415,-0.6361902952194214,2.533320188522339,-0.6718711853027344,1.0267094373703003,2.95192551612854,-0.8329586982727051,1.044409155845642,2.721696615219116
-0.6052598357200623,0.12685620784759521,2.59381365776062,-0.6102801561355591,-0.0556301474571228,2.5916049480438232,-0.6162636876106262,-0.23807768523693085,2.58870005607605,-0.6222473978996277,-0.42053067684173584,2.5857951641082764,-0.5864185094833374,-0.42324966192245483,2.6204090118408203,-0.49853724241256714,-0.427482932806015,2.7052717208862305,-0.5171288847923279,-0.19925740361213684,2.639038562774658,-0.4103965163230896,-0.09119942784309387,2.4673867225646973,-0.38905003666877747,-0.0695878341794014,2.433056354522705,-0.3463571071624756,-0.02636464312672615,2.3643956184387207,-0.40892350673675537,-0.061185456812381744,2.3647801876068115,-0.6581413149833679,-0.4197947680950165,2.551149845123291,-0.7460225820541382,-0.4155614972114563,2.466287136077881,-0.903835654258728,-0.2385781705379486,2.4906036853790283,-0.7287079095840454,-0.14381305873394012,2.3771023750305176,-0.6936823725700378,-0.12486003339290619,2.3544020652770996,-0.6236312389373779,-0.08695398271083832,2.3090016841888428,-0.6353756785392761,-0.09171150624752045,2.3794758319854736,-0.5347240567207336,0.12407568097114563,2.663222074508667,-0.5657000541687012,0.5668154954910278,2.768986463546753,-0.6265605092048645,0.9471948742866516,2.8958051204681396,-0.5592606067657471,1.0821714401245117,2.8474879264831543,-0.6757956147193909,0.1296367347240448,2.5244052410125732,-0.6951175332069397,0.5834516286849976,2.5673341751098633,-0.780938982963562,0.9656730890274048,2.672295331954956,-0.7197614312171936,1.1016490459442139,2.6189067363739014,-0.5464402437210083,-0.5454157590866089,2.5233511924743652,-0.5376816987991333,-0.5921413898468018,2.5167839527130127,-0.5375844240188599,-0.6320570111274719,2.555422306060791,-0.5744926333427429,-0.6305128931999207,2.6565351486206055,-0.5750485062599182,-0.6329335570335388,2.5116939544677734,-0.6806408762931824,-0.6329964995384216,2.5326380729675293,-0.6692806482315063,1.0289957523345947,2.95418381690979,-0.8299386501312256,1.0477548837661743,2.725078582763672
-0.6047514081001282,0.12850648164749146,2.596022844314575,-0.6099379658699036,-0.05394664406776428,2.5931828022003174,-0.6161255836486816,-0.23635560274124146,2.5896058082580566,-0.6223134398460388,-0.4187700152397156,2.586028814315796,-0.586219072341919,-0.4216601252555847,2.6203439235687256,-0.497699111700058,-0.42631253600120544,2.704469680786133,-0.5157955884933472,-0.1961693912744522,2.6451237201690674,-0.40810924768447876,-0.08551850914955139,2.475745439529419,-0.3865719735622406,-0.06338833272457123,2.4418697357177734,-0.3434974253177643,-0.0191279798746109,2.3741183280944824,-0.4064037799835205,-0.053326234221458435,2.3738088607788086,-0.6584749817848206,-0.41786250472068787,2.5516748428344727,-0.7469949126243591,-0.41321009397506714,2.4675490856170654,-0.8989935517311096,-0.2322119027376175,2.4983932971954346,-0.7221232652664185,-0.13544395565986633,2.3893895149230957,-0.6867492198944092,-0.11609036475419998,2.367588758468628,-0.6160010695457458,-0.07738318294286728,2.3239872455596924,-0.6278570294380188,-0.08523049205541611,2.3941633701324463,-0.5337170362472534,0.12541517615318298,2.6648950576782227,-0.5651160478591919,0.5681238174438477,2.7709054946899414,-0.6246485114097595,0.9490966200828552,2.8967275619506836,-0.5575374960899353,1.0838285684585571,2.847411870956421,-0.6757857799530029,0.13159778714179993,2.5271506309509277,-0.6945870518684387,0.5855105519294739,2.5698676109313965,-0.7783644199371338,0.9684435129165649,2.6740756034851074,-0.7171259522438049,1.1040351390838623,2.6197304725646973,-0.5490885376930237,-0.5443371534347534,2.5212929248809814,-0.541036069393158,-0.5911924242973328,2.5142264366149902,-0.5407990217208862,-0.631456196308136,2.5526247024536133,-0.5760155916213989,-0.6301953196525574,2.654517650604248,-0.5790671110153198,-0.6315246224403381,2.5094711780548096,-0.684441864490509,-0.6303892731666565,2.5322492122650146,-0.6668630242347717,1.0311769247055054,2.9551069736480713,-0.8267030119895935,1.0508906841278076,2.726926565170288
-0.6046251654624939,0.13006624579429626,2.5974977016448975,-0.6098474860191345,-0.0523398220539093,2.593952178955078,-0.6160877346992493,-0.23469789326190948,2.58966064453125,-0.6223282217979431,-0.4170614182949066,2.5853688716888428,-0.586054801940918,-0.4200979471206665,2.6194684505462646,-0.49709227681159973,-0.4251099228858948,2.703078508377075,-0.5150147676467896,-0.19364985823631287,2.6496012210845947,-0.40615415573120117,-0.08075426518917084,2.4826371669769287,-0.384382039308548,-0.05817514657974243,2.449244260787964,-0.3408378064632416,-0.013016905635595322,2.3824586868286133,-0.40393415093421936,-0.04676596075296402,2.3813552856445312,-0.6586694121360779,-0.41600698232650757,2.551222801208496,-0.7476319074630737,-0.4109950065612793,2.4676127433776855,-0.8932998180389404,-0.2263014018535614,2.505347728729248,-0.7158834934234619,-0.12433049827814102,2.4023993015289307,-0.6804002523422241,-0.10393631458282471,2.381809711456299,-0.6094337105751038,-0.06314794719219208,2.340630292892456,-0.6214123368263245,-0.07500724494457245,2.4101803302764893,-0.5331729054450989,0.12669067084789276,2.6659135818481445,-0.5645878314971924,0.5694141387939453,2.7720518112182617,-0.622685968875885,0.9509661793708801,2.8969149589538574,-0.5556343197822571,1.0854191780090332,2.846714496612549,-0.6760774254798889,0.13344182074069977,2.5290818214416504,-0.694905698299408,0.587456226348877,2.5711846351623535,-0.7769471406936646,0.9711560606956482,2.6741011142730713,-0.7157592177391052,1.106330394744873,2.6186254024505615,-0.5513349175453186,-0.5431975722312927,2.5187413692474365,-0.5438950061798096,-0.5901586413383484,2.5112664699554443,-0.543558657169342,-0.6307163238525391,2.5494654178619385,-0.5773517489433289,-0.6296989917755127,2.651998519897461,-0.5824890732765198,-0.6300935745239258,2.506805181503296,-0.6876546740531921,-0.6279345750808716,2.5311279296875,-0.6644025444984436,1.0333325862884521,2.9552695751190186,-0.8246902227401733,1.0539978742599487,2.726898431777954
-0.6042768359184265,0.1314704716205597,2.598463773727417,-0.6095302700996399,-0.05085894465446472,2.594177722930908,-0.6158360242843628,-0.23313529789447784,2.5891237258911133,-0.62214195728302,-0.4154171347618103,2.5840694904327393,-0.5857861042022705,-0.4186093509197235,2.6180429458618164,-0.49658748507499695,-0.42400598526000977,2.7013847827911377,-0.5150304436683655,-0.1917726844549179,2.652308940887451,-0.40500426292419434,-0.07708907872438431,2.487546682357788,-0.3829990327358246,-0.05415235459804535,2.454594135284424,-0.3389885425567627,-0.00827891007065773,2.3886892795562744,-0.40210962295532227,-0.04184681177139282,2.3867852687835693,-0.6585663557052612,-0.41420605778694153,2.5500411987304688,-0.7477649450302124,-0.4088094234466553,2.4666993618011475,-0.8873883485794067,-0.22129879891872406,2.5117099285125732,-0.7124999165534973,-0.1094365268945694,2.4152445793151855,-0.6775222420692444,-0.08706407248973846,2.395951509475708,-0.6075668334960938,-0.0423191636800766,2.357365369796753,-0.6189930438995361,-0.05899098888039589,2.42596697807312,-0.5325251817703247,0.12780259549617767,2.6665475368499756,-0.5640004873275757,0.570538341999054,2.7727532386779785,-0.6209748983383179,0.9525766372680664,2.8967361450195312,-0.5539198517799377,1.0867832899093628,2.845851182937622,-0.6760284900665283,0.1351383477449417,2.5303800106048584,-0.6959271430969238,0.5891954898834229,2.5718698501586914,-0.7771682739257812,0.9734807014465332,2.6733384132385254,-0.7162486910820007,1.1083502769470215,2.616804361343384,-0.5528680682182312,-0.542068362236023,2.5161352157592773,-0.5459174513816833,-0.5891227722167969,2.50838565826416,-0.5455642342567444,-0.6298919916152954,2.5464630126953125,-0.5783625841140747,-0.6289961338043213,2.6494643688201904,-0.5849619507789612,-0.6287419199943542,2.5041441917419434,-0.689989447593689,-0.6257375478744507,2.5295610427856445,-0.6623180508613586,1.0351872444152832,2.9550254344940186,-0.8245551586151123,1.0566192865371704,2.726006031036377
-0.6038122177124023,0.13283953070640564,2.599259376525879,-0.6090785264968872,-0.04942396283149719,2.5944223403930664,-0.6153724789619446,-0.23163406550884247,2.5888566970825195,-0.6216666102409363,-0.4138496518135071,2.5832908153533936,-0.5852728486061096,-0.41713467240333557,2.6171939373016357,-0.4959133565425873,-0.4227639436721802,2.7004339694976807,-0.5145993232727051,-0.18987064063549042,2.6548349857330322,-0.4037141799926758,-0.07404086738824844,2.4914934635162354,-0.38153713941574097,-0.05087491124868393,2.45882511138916,-0.3371830880641937,-0.004542998969554901,2.3934884071350098,-0.40040621161460876,-0.03786845505237579,2.3910882472991943,-0.6581287980079651,-0.4125450551509857,2.5493273735046387,-0.747488260269165,-0.4069157838821411,2.4660873413085938,-0.8822904825210571,-0.21754930913448334,2.5174334049224854,-0.7151705026626587,-0.09112721681594849,2.4253416061401367,-0.6817464828491211,-0.06584279984235764,2.406923294067383,-0.6148985028266907,-0.015273962169885635,2.370086669921875,-0.6241512894630432,-0.036686595529317856,2.4376838207244873,-0.531816840171814,0.1289595663547516,2.6670730113983154,-0.5635196566581726,0.5715999603271484,2.77370548248291,-0.6198123097419739,0.9538650512695312,2.897366523742676,-0.5528457164764404,1.0879640579223633,2.8460586071014404,-0.6758075952529907,0.1367194950580597,2.5314457416534424,-0.6973280310630798,0.5907325744628906,2.5728585720062256,-0.777941882610321,0.975541353225708,2.6729140281677246,-0.7173002362251282,1.1101288795471191,2.6153955459594727,-0.5538218021392822,-0.5413328409194946,2.514932155609131,-0.5473009347915649,-0.5885202288627625,2.507185935974121,-0.5470021963119507,-0.6292994022369385,2.545370578765869,-0.5790897607803345,-0.6279993057250977,2.648754358291626,-0.5867525339126587,-0.6278824210166931,2.5032763481140137,-0.6917157769203186,-0.6239845156669617,2.5294876098632812,-0.660898745059967,1.0365869998931885,2.9556894302368164,-0.8250270485877991,1.0589483976364136,2.7254385948181152
-0.6032979488372803,0.1339242160320282,2.598982334136963,-0.6084892749786377,-0.048299431800842285,2.593865394592285,-0.6146872639656067,-0.23047129809856415,2.5880699157714844,-0.6208854913711548,-0.41264861822128296,2.5822744369506836,-0.5844858884811401,-0.4159570336341858,2.6161551475524902,-0.49500006437301636,-0.4216514229774475,2.699449062347412,-0.5135101079940796,-0.18789581954479218,2.656829357147217,-0.40161219239234924,-0.0712037980556488,2.4944183826446533,-0.37923261523246765,-0.04786539450287819,2.4619362354278564,-0.3344734311103821,-0.0011885873973369598,2.3969719409942627,-0.3979354202747345,-0.0342092290520668,2.3941924571990967,-0.6573523879051208,-0.41132020950317383,2.548330545425415,-0.7468382120132446,-0.4056258201599121,2.465036630630493,-0.8765267729759216,-0.21390996873378754,2.5218403339385986,-0.7227585911750793,-0.06909370422363281,2.4329636096954346,-0.6920049786567688,-0.04013045132160187,2.4151883125305176,-0.6304976940155029,0.017796054482460022,2.3796374797821045,-0.635776162147522,-0.008352287113666534,2.4460747241973877,-0.5311289429664612,0.1299692988395691,2.6666059494018555,-0.5637502670288086,0.5724865198135376,2.7735705375671387,-0.620419442653656,0.9547088146209717,2.89725923538208,-0.5538509488105774,1.0889227390289307,2.8457093238830566,-0.6754669547080994,0.1378791332244873,2.5313587188720703,-0.698588490486145,0.5917094349861145,2.574144124984741,-0.7781406044960022,0.9769681096076965,2.67339825630188,-0.7175233364105225,1.1112892627716064,2.61521315574646,-0.5539844036102295,-0.5410153865814209,2.514106035232544,-0.5477579236030579,-0.5883421301841736,2.506540060043335,-0.5475142598152161,-0.6290022134780884,2.5449681282043457,-0.5791628956794739,-0.6270357966423035,2.6486380100250244,-0.5875062942504883,-0.62755286693573,2.502990245819092,-0.6924735903739929,-0.6229293346405029,2.529700994491577,-0.6614986658096313,1.0373783111572266,2.955672025680542,-0.8248637318611145,1.060613989830017,2.7258780002593994
-0.6040827631950378,0.13498800992965698,2.600303888320923,-0.6089173555374146,-0.04721584916114807,2.594811201095581,-0.6146460771560669,-0.2293742448091507,2.5887043476104736,-0.6203749775886536,-0.41153809428215027,2.582597494125366,-0.5840312838554382,-0.41481083631515503,2.6165339946746826,-0.4943530857563019,-0.4204387664794922,2.7002828121185303,-0.5168785452842712,-0.18276958167552948,2.6749682426452637,-0.4079100489616394,-0.03894129395484924,2.531002998352051,-0.3861163556575775,-0.010175636038184166,2.5022099018096924,-0.34252893924713135,0.04735568165779114,2.4446237087249756,-0.4040295481681824,0.010796230286359787,2.4355759620666504,-0.656781017780304,-0.41024523973464966,2.5485944747924805,-0.7464592456817627,-0.4046173095703125,2.464845657348633,-0.8712304830551147,-0.208833709359169,2.5259668827056885,-0.7360925674438477,-0.04287593066692352,2.4394657611846924,-0.7090649604797363,-0.009684376418590546,2.422165632247925,-0.6550098061561584,0.05669873207807541,2.3875651359558105,-0.654482364654541,0.026084765791893005,2.4528589248657227,-0.5318567752838135,0.1310349553823471,2.667863607406616,-0.5641196370124817,0.5735703706741333,2.7749345302581787,-0.619473934173584,0.9562765955924988,2.89776873588562,-0.5526093244552612,1.0901740789413452,2.8457632064819336,-0.6763087511062622,0.13894106447696686,2.5327441692352295,-0.6996253728866577,0.592746913433075,2.5758628845214844,-0.7768728137016296,0.9790006875991821,2.6731114387512207,-0.715674638748169,1.1126656532287598,2.6140143871307373,-0.5538471937179565,-0.540469765663147,2.5146524906158447,-0.5477462410926819,-0.5878979563713074,2.507228136062622,-0.5475261807441711,-0.6284772157669067,2.545844793319702,-0.5790005922317505,-0.6260710954666138,2.649702548980713,-0.587649941444397,-0.6270709037780762,2.503889322280884,-0.6926846504211426,-0.6220866441726685,2.5308289527893066,-0.6602135896682739,1.0392128229141235,2.9560487270355225,-0.8230213522911072,1.0631968975067139,2.725226640701294
-0.6055383682250977,0.13736549019813538,2.6036362648010254,-0.6100630760192871,-0.044827044010162354,2.5985729694366455,-0.6153516173362732,-0.22698599100112915,2.5930614471435547,-0.6206402778625488,-0.4091504216194153,2.5875496864318848,-0.5839874744415283,-0.41222310066223145,2.6211583614349365,-0.4904192090034485,-0.4175358712673187,2.7069644927978516,-0.514283299446106,-0.17050373554229736,2.722407102584839,-0.43340644240379333,0.035114586353302,2.63103985786438,-0.41723108291625977,0.076238252222538,2.6127665042877197,-0.38488033413887024,0.15848559141159058,2.5762195587158203,-0.4423011839389801,0.11586970090866089,2.5546250343322754,-0.6573506593704224,-0.4080575704574585,2.5538811683654785,-0.7509189248085022,-0.4027447998523712,2.4680750370025635,-0.8620741367340088,-0.19164714217185974,2.5381829738616943,-0.7841122150421143,0.023517444729804993,2.4689435958862305,-0.7685198187828064,0.0665503591299057,2.4550957679748535,-0.7373350858688354,0.1526162028312683,2.4274001121520996,-0.7189571261405945,0.11213445663452148,2.4874255657196045,-0.5324653387069702,0.13369907438755035,2.670264720916748,-0.5627957582473755,0.5756745338439941,2.7803120613098145,-0.6163403391838074,0.957602858543396,2.9064226150512695,-0.5501934289932251,1.091841459274292,2.854343891143799,-0.6786113977432251,0.1410319060087204,2.5370078086853027,-0.7033901214599609,0.5944742560386658,2.583361864089966,-0.7759639620780945,0.9820736646652222,2.678964614868164,-0.7146737575531006,1.1148102283477783,2.617873430252075,-0.5556579232215881,-0.539527177810669,2.519627332687378,-0.5499023795127869,-0.5872141122817993,2.5125582218170166,-0.5492751002311707,-0.6275410056114197,2.5516979694366455,-0.5791765451431274,-0.6239265203475952,2.6563546657562256,-0.590187668800354,-0.6263328790664673,2.510237216949463,-0.695095419883728,-0.6205034255981445,2.5388827323913574,-0.6562374830245972,1.0401661396026611,2.9658191204071045,-0.820585310459137,1.0670279264450073,2.7311959266662598
-0.6078506708145142,0.1391860544681549,2.606869697570801,-0.6120470762252808,-0.04302749037742615,2.603081226348877,-0.6168703436851501,-0.22521889209747314,2.5989856719970703,-0.6216937899589539,-0.4074157476425171,2.5948901176452637,-0.5851345658302307,-0.4101332426071167,2.6286237239837646,-0.490131676197052,-0.41461876034736633,2.7162792682647705,-0.5136159062385559,-0.1667826920747757,2.7586262226104736,-0.455255389213562,0.0646115392446518,2.71382212638855,-0.44358327984809875,0.11089038848876953,2.7048614025115967,-0.42023909091949463,0.203448086977005,2.6869397163391113,-0.47406861186027527,0.1600315123796463,2.6557698249816895,-0.6583054065704346,-0.40667852759361267,2.5611116886138916,-0.7533082962036133,-0.40219300985336304,2.4734561443328857,-0.8573006987571716,-0.18279929459095,2.5428786277770996,-0.8087446093559265,0.046818479895591736,2.4806320667266846,-0.7990334033966064,0.09274203330278397,2.4681828022003174,-0.7796109914779663,0.18458914756774902,2.443284273147583,-0.7514865398406982,0.142631396651268,2.4998769760131836,-0.5347983241081238,0.13611751794815063,2.6735363006591797,-0.5640261173248291,0.5778736472129822,2.7847189903259277,-0.6177871227264404,0.9589998722076416,2.9131174087524414,-0.5517932772636414,1.0935953855514526,2.8617804050445557,-0.6809030175209045,0.14225459098815918,2.540203094482422,-0.706089437007904,0.5954790115356445,2.5883448123931885,-0.7772544026374817,0.983392596244812,2.68369722366333,-0.7155899405479431,1.1158684492111206,2.622425079345703,-0.5566331148147583,-0.5390478372573853,2.528733968734741,-0.5508998036384583,-0.58692866563797,2.5223286151885986,-0.5503383278846741,-0.6267802119255066,2.562110662460327,-0.580385684967041,-0.6216593980789185,2.666887044906616,-0.5912951827049255,-0.6261205673217773,2.520519733428955,-0.6964300870895386,-0.6197905540466309,2.5490455627441406,-0.6577053666114807,1.0411767959594727,2.973029136657715,-0.8215308785438538,1.0685385465621948,2.735905408859253
-0.6103029847145081,0.1406589150428772,2.609523057937622,-0.6141016483306885,-0.04157201945781708,2.607112169265747,-0.6184403896331787,-0.2237878441810608,2.6044816970825195,-0.6227792501449585,-0.40600913763046265,2.601851224899292,-0.5862417817115784,-0.40835776925086975,2.6356301307678223,-0.4896649718284607,-0.41194596886634827,2.724895715713501,-0.5093687176704407,-0.1640232503414154,2.785494089126587,-0.461523175239563,0.0769982784986496,2.771282196044922,-0.45195406675338745,0.12520259618759155,2.768439769744873,-0.4328158497810364,0.22161121666431427,2.7627549171447754,-0.4856940805912018,0.17966432869434357,2.725914716720581,-0.6593639254570007,-0.40564098954200745,2.5680437088012695,-0.7559407353401184,-0.40205278992652893,2.478778123855591,-0.854398250579834,-0.17574632167816162,2.5467309951782227,-0.8266729116439819,0.06228154897689819,2.4905474185943604,-0.8211278319358826,0.10988712310791016,2.4793107509613037,-0.8100376725196838,0.20509827136993408,2.4568371772766113,-0.7745598554611206,0.16267240047454834,2.5102622509002686,-0.5371713042259216,0.13825340569019318,2.676116704940796,-0.5666491389274597,0.5799621939659119,2.787231922149658,-0.6217093467712402,0.9604340195655823,2.916884422302246,-0.5563937425613403,1.0954434871673584,2.8658173084259033,-0.6834346652030945,0.14306442439556122,2.5429294109344482,-0.7077236771583557,0.596208393573761,2.5918452739715576,-0.777669370174408,0.9842057228088379,2.687584161758423,-0.7157829403877258,1.1165457963943481,2.626283884048462,-0.5580159425735474,-0.5391190052032471,2.537308692932129,-0.5524125695228577,-0.5872334241867065,2.5315635204315186,-0.5519016981124878,-0.6266218423843384,2.572019577026367,-0.5818559527397156,-0.6199025511741638,2.6770424842834473,-0.5930319428443909,-0.6264386177062988,2.5303707122802734,-0.6983915567398071,-0.6193833947181702,2.559037685394287,-0.6618345975875854,1.0422548055648804,2.9771242141723633,-0.8216134309768677,1.0694248676300049,2.7399306297302246
-0.6130714416503906,0.1423031985759735,2.6116511821746826,-0.6164601445198059,-0.03994889557361603,2.610525131225586,-0.620334804058075,-0.22219018638134003,2.609227418899536,-0.6242095828056335,-0.40443694591522217,2.6079297065734863,-0.5876129269599915,-0.4064461588859558,2.6416666507720947,-0.4894295334815979,-0.40917789936065674,2.732145071029663,-0.5051359534263611,-0.16077576577663422,2.8041622638702393,-0.463940292596817,0.08480651676654816,2.812162160873413,-0.45570117235183716,0.13392296433448792,2.8137621879577637,-0.43922290205955505,0.23215587437152863,2.8169620037078857,-0.4914906620979309,0.19171234965324402,2.7758450508117676,-0.6608483791351318,-0.4044085144996643,2.574178457260132,-0.7590317726135254,-0.4016767740249634,2.4837000370025635,-0.852982223033905,-0.16937251389026642,2.5496153831481934,-0.8390089869499207,0.07422347366809845,2.499242067337036,-0.8362143635749817,0.12294267117977142,2.4891674518585205,-0.830625057220459,0.22038106620311737,2.4690182209014893,-0.7900984883308411,0.17761030793190002,2.5198752880096436,-0.5397562980651855,0.14052972197532654,2.6780529022216797,-0.5691286325454712,0.5821619033813477,2.7891247272491455,-0.6248417496681213,0.9621055126190186,2.9197890758514404,-0.5601198673248291,1.097393274307251,2.8688011169433594,-0.6863865852355957,0.14407667517662048,2.5452494621276855,-0.7090343832969666,0.5972238779067993,2.5940685272216797,-0.7778993844985962,0.9851858019828796,2.6903879642486572,-0.7159303426742554,1.1174362897872925,2.6290600299835205,-0.5601601004600525,-0.5392186641693115,2.5446979999542236,-0.554791271686554,-0.5876080393791199,2.5395753383636475,-0.5542628765106201,-0.6265742182731628,2.580718755722046,-0.5837715864181519,-0.6182284355163574,2.686162233352661,-0.5957463383674622,-0.6267732977867126,2.539123296737671,-0.701308012008667,-0.6187925338745117,2.5683083534240723,-0.6649867296218872,1.0436574220657349,2.980339765548706,-0.8215107321739197,1.0704230070114136,2.7429370880126953
-0.6160696148872375,0.14389771223068237,2.613304853439331,-0.6190121173858643,-0.03838337957859039,2.6134700775146484,-0.6224296689033508,-0.22065626084804535,2.6134743690490723,-0.6258472800254822,-0.40293461084365845,2.613478660583496,-0.5891069173812866,-0.40461355447769165,2.6470844745635986,-0.48931965231895447,-0.4064823389053345,2.738312005996704,-0.5009829998016357,-0.15642094612121582,2.814940929412842,-0.4643937647342682,0.09169179201126099,2.836601972579956,-0.45707592368125916,0.1413143426179886,2.8409342765808105,-0.4424402117729187,0.2405594438314438,2.8495986461639404,-0.49435514211654663,0.20096248388290405,2.80576229095459,-0.6626248359680176,-0.4032367467880249,2.5798730850219727,-0.7624120712280273,-0.4013679623603821,2.488645553588867,-0.85332190990448,-0.16427837312221527,2.552384614944458,-0.8503330945968628,0.08357472717761993,2.5084776878356934,-0.8497353196144104,0.13314534723758698,2.4996962547302246,-0.8485397696495056,0.23228660225868225,2.482133626937866,-0.8041995763778687,0.18923358619213104,2.5307657718658447,-0.5424568057060242,0.14276935160160065,2.6793861389160156,-0.5725753903388977,0.5843565464019775,2.789818286895752,-0.6291294693946838,0.9640210866928101,2.920518398284912,-0.5652512907981873,1.0994973182678223,2.8691301345825195,-0.6896824240684509,0.1450260728597641,2.5472235679626465,-0.7100772261619568,0.5982288122177124,2.5951085090637207,-0.7779133915901184,0.9860694408416748,2.692081928253174,-0.716019332408905,1.11824369430542,2.630648612976074,-0.5629628896713257,-0.5397111177444458,2.5513739585876465,-0.5579510927200317,-0.5884382724761963,2.5468811988830566,-0.5573554039001465,-0.6269994974136353,2.588773727416992,-0.5860768556594849,-0.616890013217926,2.6948282718658447,-0.599379301071167,-0.627500057220459,2.5473248958587646,-0.7051446437835693,-0.6183083653450012,2.5773892402648926,-0.6692735552787781,1.0454171895980835,2.9812145233154297,-0.8211567997932434,1.0712915658950806,2.7448842525482178
-0.6188759803771973,0.1452091932296753,2.6138393878936768,-0.6212969422340393,-0.03710243105888367,2.6150124073028564,-0.6242069005966187,-0.21940794587135315,2.6160085201263428,-0.6271169185638428,-0.4017189145088196,2.617004632949829,-0.590185284614563,-0.4031168520450592,2.650424003601074,-0.4889157712459564,-0.4042328894138336,2.7420082092285156,-0.4969208836555481,-0.15201109647750854,2.818479299545288,-0.46377867460250854,0.09768682718276978,2.8473727703094482,-0.4571502208709717,0.14762641489505768,2.853151559829712,-0.44389334321022034,0.2475055754184723,2.86470890045166,-0.4955710172653198,0.20811840891838074,2.8194096088409424,-0.6640802025794983,-0.40230250358581543,2.5835962295532227,-0.7653496861457825,-0.401186466217041,2.4920120239257812,-0.8553264141082764,-0.1609962284564972,2.5531723499298096,-0.8620453476905823,0.08984172344207764,2.5168755054473877,-0.8633891344070435,0.1400093138217926,2.5096161365509033,-0.8660767078399658,0.24034449458122253,2.4950973987579346,-0.8191497921943665,0.19714301824569702,2.5420594215393066,-0.5448727607727051,0.14464890956878662,2.679492235183716,-0.5762362480163574,0.586066722869873,2.7893049716949463,-0.6342727541923523,0.9651563167572021,2.9203901290893555,-0.5715979337692261,1.1009676456451416,2.8686516284942627,-0.6928791999816895,0.14576947689056396,2.5481865406036377,-0.710796058177948,0.5990035533905029,2.594554901123047,-0.7776447534561157,0.9866660833358765,2.6920716762542725,-0.7159433364868164,1.1187405586242676,2.6304357051849365,-0.5653354525566101,-0.5402684211730957,2.5555498600006104,-0.5606316924095154,-0.5893208384513855,2.5515449047088623,-0.5598529577255249,-0.6276006102561951,2.5940823554992676,-0.5876230001449585,-0.6160568594932556,2.700826644897461,-0.6024954915046692,-0.6283223628997803,2.552840232849121,-0.7084435224533081,-0.618101954460144,2.5839743614196777,-0.6745098829269409,1.0462490320205688,2.9813313484191895,-0.8204947710037231,1.0718621015548706,2.7451226711273193
-0.6218869090080261,0.14563089609146118,2.614917278289795,-0.6240344643592834,-0.036709874868392944,2.617064952850342,-0.6266712546348572,-0.2190461903810501,2.6190364360809326,-0.6293081641197205,-0.4013879895210266,2.6210079193115234,-0.5921640396118164,-0.4025573134422302,2.6542139053344727,-0.48962342739105225,-0.4030497670173645,2.7458178997039795,-0.49390825629234314,-0.14792996644973755,2.816329002380371,-0.4617065191268921,0.10303846001625061,2.8440306186676025,-0.45526617765426636,0.153232142329216,2.8495709896087646,-0.4423854649066925,0.253619521856308,2.8606514930725098,-0.49417567253112793,0.21362009644508362,2.8154711723327637,-0.6664809584617615,-0.4022004008293152,2.5878233909606934,-0.7690215706825256,-0.4017079472541809,2.4962193965911865,-0.8592135310173035,-0.15966549515724182,2.5541603565216064,-0.8744618892669678,0.09269121289253235,2.5246129035949707,-0.8775115609169006,0.1431625485420227,2.5187034606933594,-0.8836109042167664,0.2441052347421646,2.5068845748901367,-0.8349472880363464,0.20106762647628784,2.552743673324585,-0.5474448204040527,0.14552165567874908,2.6800830364227295,-0.5794726610183716,0.5866755843162537,2.789402723312378,-0.6386300921440125,0.9650425910949707,2.9211721420288086,-0.5770677924156189,1.101142406463623,2.869204521179199,-0.6963289976119995,0.14574013650417328,2.5497515201568604,-0.7120383381843567,0.5990155339241028,2.5932023525238037,-0.7783250212669373,0.9865587949752808,2.6903653144836426,-0.7170198559761047,1.1184381246566772,2.6282105445861816,-0.5679219961166382,-0.5412231683731079,2.560107469558716,-0.5632948279380798,-0.5905384421348572,2.5565123558044434,-0.5622285604476929,-0.6285871267318726,2.5995943546295166,-0.5892651081085205,-0.615942656993866,2.7069196701049805,-0.6053877472877502,-0.6296418309211731,2.5585126876831055,-0.7115494012832642,-0.6189309358596802,2.590521812438965,-0.6788699626922607,1.0457983016967773,2.9824178218841553,-0.8208556771278381,1.0717800855636597,2.743471145629883
-0.6248022317886353,0.14534839987754822,2.6167633533477783,-0.6268583536148071,-0.037009209394454956,2.6195428371429443,-0.6294320225715637,-0.21936346590518951,2.622102737426758,-0.6320057511329651,-0.4017232060432434,2.6246626377105713,-0.5946224331855774,-0.40277963876724243,2.6576130390167236,-0.4908371567726135,-0.40296122431755066,2.749018669128418,-0.48850715160369873,-0.1460488736629486,2.8151919841766357,-0.4531435966491699,0.10517606139183044,2.8419017791748047,-0.4460708796977997,0.15542104840278625,2.8472437858581543,-0.4319254457950592,0.2559110224246979,2.8579277992248535,-0.4844743311405182,0.21627718210220337,2.8129899501800537,-0.6694170236587524,-0.40264877676963806,2.591740131378174,-0.7732023000717163,-0.40246719121932983,2.5003345012664795,-0.8649052381515503,-0.1597796231508255,2.555846929550171,-0.8892008662223816,0.09317754209041595,2.533478260040283,-0.8940600156784058,0.14376898109912872,2.5290045738220215,-0.9037782549858093,0.24495184421539307,2.520057201385498,-0.8535361886024475,0.20228511095046997,2.5648555755615234,-0.5498654842376709,0.14548832178115845,2.68137526512146,-0.5822173357009888,0.5865684747695923,2.7892568111419678,-0.6423676609992981,0.9643827676773071,2.921093702316284,-0.5818557739257812,1.1006405353546143,2.8687210083007812,-0.6997389793395996,0.145208477973938,2.5521514415740967,-0.7137001752853394,0.5985568165779114,2.591102123260498,-0.7797760963439941,0.9861840605735779,2.686609983444214,-0.7190422415733337,1.1176986694335938,2.623474597930908,-0.5703477263450623,-0.542189359664917,2.5638535022735596,-0.5655716061592102,-0.5916890501976013,2.5604658126831055,-0.5641040205955505,-0.629654049873352,2.603890895843506,-0.5905874967575073,-0.6165004968643188,2.7117178440093994,-0.6076822280883789,-0.6310564875602722,2.562943935394287,-0.7140589952468872,-0.6204739809036255,2.595700979232788,-0.6825883984565735,1.0449016094207764,2.982496976852417,-0.8220460414886475,1.0715548992156982,2.7394909858703613
-0.6279562711715698,0.14460968971252441,2.618804931640625,-0.6300768852233887,-0.03776144981384277,2.6218719482421875,-0.6327565312385559,-0.22012974321842194,2.6246585845947266,-0.6354362964630127,-0.40250349044799805,2.6274454593658447,-0.5977814197540283,-0.4035494327545166,2.660093307495117,-0.4927649199962616,-0.40370234847068787,2.751068353652954,-0.48184067010879517,-0.14601188898086548,2.8142964839935303,-0.4400574564933777,0.10461026430130005,2.839669942855835,-0.43170082569122314,0.15473470091819763,2.8447446823120117,-0.4149875342845917,0.2549835741519928,2.8548941612243652,-0.4689119756221771,0.2164357602596283,2.8105111122131348,-0.6731202602386475,-0.4034397602081299,2.594827890396118,-0.7781367301940918,-0.4032868444919586,2.5038528442382812,-0.8715516328811646,-0.16057980060577393,2.5575973987579346,-0.9044959545135498,0.09216442704200745,2.5422303676605225,-0.9110848307609558,0.1427132785320282,2.539156913757324,-0.9242625832557678,0.2438109815120697,2.533010244369507,-0.8725890517234802,0.20161090791225433,2.5767438411712646,-0.5524439215660095,0.14480727910995483,2.682765245437622,-0.5848057866096497,0.5860141515731812,2.7883169651031494,-0.645743727684021,0.9634938836097717,2.9195961952209473,-0.5862534046173096,1.099780559539795,2.866575002670288,-0.7034686207771301,0.144412100315094,2.554844617843628,-0.7158836722373962,0.5978280305862427,2.5881879329681396,-0.7817442417144775,0.9857322573661804,2.6810925006866455,-0.7217031717300415,1.1167142391204834,2.616569757461548,-0.5729493498802185,-0.5429980754852295,2.5662126541137695,-0.56783527135849,-0.5926133394241333,2.562819242477417,-0.5658707022666931,-0.6306529641151428,2.6063880920410156,-0.5919506549835205,-0.6175748109817505,2.714667797088623,-0.6097847819328308,-0.632386326789856,2.5655517578125,-0.7163739204406738,-0.6224860548973083,2.5989649295806885,-0.6858865022659302,1.0438915491104126,2.981029510498047,-0.8237114548683167,1.0713729858398438,2.7335681915283203
-0.6327118873596191,0.14286014437675476,2.623335838317871,-0.634910523891449,-0.039545297622680664,2.6263508796691895,-0.6377803683280945,-0.22194747626781464,2.6289751529693604,-0.6406503319740295,-0.40435510873794556,2.6315994262695312,-0.6024409532546997,-0.4054875373840332,2.6636083126068115,-0.4952559769153595,-0.405883252620697,2.7533230781555176,-0.46239548921585083,-0.1517612636089325,2.8231632709503174,-0.4036734700202942,0.09430788457393646,2.858029842376709,-0.3919290602207184,0.14352171123027802,2.8650031089782715,-0.3684402406215668,0.24194937944412231,2.8789498805999756,-0.4258616864681244,0.20895087718963623,2.8344664573669434,-0.6788908839225769,-0.40520524978637695,2.599619150161743,-0.7860758304595947,-0.40480953454971313,2.509904384613037,-0.877663254737854,-0.16042855381965637,2.559149980545044,-0.9249811768531799,0.09051671624183655,2.557935953140259,-0.934444785118103,0.14070576429367065,2.5576932430267334,-0.9533719420433044,0.24108386039733887,2.5572075843811035,-0.8988671898841858,0.19958436489105225,2.5980963706970215,-0.5560346245765686,0.1429712474346161,2.685971736907959,-0.5885308980941772,0.5852832794189453,2.784270763397217,-0.649434506893158,0.9640504717826843,2.910266876220703,-0.5913729071617126,1.0995919704437256,2.8543894290924072,-0.7093891501426697,0.14274904131889343,2.560699939727783,-0.7192748188972473,0.5963908433914185,2.5823798179626465,-0.7853450775146484,0.9849368333816528,2.670217990875244,-0.7269763946533203,1.1150047779083252,2.6028356552124023,-0.5774981379508972,-0.5449286103248596,2.5688059329986572,-0.5721213221549988,-0.5947662591934204,2.565070629119873,-0.5696629881858826,-0.633254885673523,2.608640193939209,-0.5952415466308594,-0.6208713054656982,2.717752456665039,-0.6140737533569336,-0.6349897980690002,2.567859649658203,-0.7210720777511597,-0.6257869005203247,2.6022074222564697,-0.6890895962715149,1.0451257228851318,2.970891237258911,-0.8268247246742249,1.0710961818695068,2.7219581604003906
-0.6346491575241089,0.1413789689540863,2.6255195140838623,-0.637138307094574,-0.04105377197265625,2.627941608428955,-0.6404908895492554,-0.22347907721996307,2.6298248767852783,-0.6438435316085815,-0.40590983629226685,2.6317083835601807,-0.6053283214569092,-0.40728282928466797,2.663348436355591,-0.4970453381538391,-0.408355176448822,2.7522318363189697,-0.4491100311279297,-0.15855486690998077,2.82869029045105,-0.3745450973510742,0.08267223834991455,2.8670482635498047,-0.35963210463523865,0.13091766834259033,2.8747198581695557,-0.3298061192035675,0.2274085134267807,2.8900630474090576,-0.390087753534317,0.19893653690814972,2.8462324142456055,-0.6823952198028564,-0.40651965141296387,2.600088596343994,-0.7906782031059265,-0.4054473042488098,2.5112051963806152,-0.8805017471313477,-0.1599668711423874,2.5582687854766846,-0.9299542903900146,0.09057991206645966,2.559868335723877,-0.9398447871208191,0.14068926870822906,2.5601882934570312,-0.959625780582428,0.2409079670906067,2.5608279705047607,-0.9048365354537964,0.19940003752708435,2.6013357639312744,-0.5573147535324097,0.14114515483379364,2.6873838901519775,-0.5900183320045471,0.5844395160675049,2.780210256576538,-0.6500471830368042,0.9649314880371094,2.900804042816162,-0.5924142003059387,1.0995529890060425,2.842487096786499,-0.7119835615158081,0.14161278307437897,2.563655138015747,-0.7223336696624756,0.5953611135482788,2.5778493881225586,-0.7898485064506531,0.9842997193336487,2.662045478820801,-0.733006477355957,1.1139100790023804,2.592651605606079,-0.5804403424263,-0.5456713438034058,2.566568613052368,-0.5749495625495911,-0.5955304503440857,2.5620858669281006,-0.5722639560699463,-0.6347146034240723,2.605165481567383,-0.5975845456123352,-0.6239548921585083,2.714728832244873,-0.6168790459632874,-0.6359647512435913,2.564422130584717,-0.7239938974380493,-0.6274968981742859,2.5992891788482666,-0.6892678141593933,1.0468883514404297,2.9604408740997314,-0.8313007950782776,1.0707424879074097,2.7132420539855957
-0.6346069574356079,0.14044108986854553,2.627046823501587,-0.6374409794807434,-0.0420207679271698,2.628925085067749,-0.641385555267334,-0.22446787357330322,2.6301076412200928,-0.6453301906585693,-0.4069204330444336,2.6312901973724365,-0.6064519882202148,-0.40855085849761963,2.662482976913452,-0.4970088005065918,-0.41034838557243347,2.750225067138672,-0.433381587266922,-0.16485004127025604,2.829108953475952,-0.34055495262145996,0.07052895426750183,2.8637304306030273,-0.32198962569236755,0.11760475486516953,2.870654821395874,-0.28485897183418274,0.21175634860992432,2.8845033645629883,-0.34835711121559143,0.18752901256084442,2.8427138328552246,-0.6842513084411621,-0.4072730541229248,2.6001100540161133,-0.7936944961547852,-0.40547552704811096,2.5123679637908936,-0.8801198601722717,-0.15850159525871277,2.5579209327697754,-0.9288222193717957,0.09217149019241333,2.561047077178955,-0.9385626912117004,0.1423061192035675,2.5616722106933594,-0.95804363489151,0.24257536232471466,2.562922716140747,-0.9032735824584961,0.20068109035491943,2.603053331375122,-0.5565308928489685,0.1398560255765915,2.6880152225494385,-0.5915825366973877,0.5837950110435486,2.7762134075164795,-0.6522911787033081,0.9655940532684326,2.89188551902771,-0.5958257913589478,1.099595069885254,2.831157684326172,-0.7126830220222473,0.14102615416049957,2.5660784244537354,-0.7254067659378052,0.5947273969650269,2.575169324874878,-0.7946048974990845,0.9838790893554688,2.6564626693725586,-0.7395987510681152,1.113173246383667,2.5851194858551025,-0.5826632976531982,-0.5460110902786255,2.5636658668518066,-0.5772911310195923,-0.5958581566810608,2.5584566593170166,-0.5743054747581482,-0.6356631517410278,2.601015329360962,-0.598701536655426,-0.6263421177864075,2.7110238075256348,-0.6193060874938965,-0.6362897753715515,2.5606024265289307,-0.7262033224105835,-0.628117561340332,2.5965206623077393,-0.69134920835495,1.048193335533142,2.950685501098633,-0.8360063433647156,1.0704982280731201,2.707341432571411
-0.6329920291900635,0.1392175555229187,2.6288414001464844,-0.6364308595657349,-0.043265119194984436,2.630134105682373,-0.6412620544433594,-0.2257203459739685,2.630556106567383,-0.6460934281349182,-0.4081810414791107,2.6309781074523926,-0.6068071722984314,-0.41014260053634644,2.6616477966308594,-0.49617308378219604,-0.41287243366241455,2.747952461242676,-0.4162643551826477,-0.1725137084722519,2.8273415565490723,-0.3031649887561798,0.054792895913124084,2.853510618209839,-0.28054511547088623,0.10025422275066376,2.8587443828582764,-0.23530536890029907,0.1911768615245819,2.8692121505737305,-0.3019945025444031,0.1715359389781952,2.8301620483398438,-0.6854321360588074,-0.408202588558197,2.600313186645508,-0.7960662245750427,-0.4054727554321289,2.5140085220336914,-0.8777338862419128,-0.15693624317646027,2.5589568614959717,-0.9239082336425781,0.09404848515987396,2.5633366107940674,-0.9331430792808533,0.1442454308271408,2.5642125606536865,-0.9516128301620483,0.2446393221616745,2.565964460372925,-0.8968684077262878,0.20211203396320343,2.605367422103882,-0.554097056388855,0.13815546035766602,2.688786745071411,-0.5934804081916809,0.5825009346008301,2.772489070892334,-0.6565724015235901,0.965243935585022,2.883361339569092,-0.6019712090492249,1.0988545417785645,2.8202054500579834,-0.711887001991272,0.1402796506881714,2.5688960552215576,-0.7286233901977539,0.5938146114349365,2.573991537094116,-0.7999575138092041,0.9830919504165649,2.652350425720215,-0.7470859289169312,1.1120853424072266,2.578953981399536,-0.5853458046913147,-0.546710193157196,2.560469627380371,-0.5803841948509216,-0.5965167284011841,2.5544750690460205,-0.5770466327667236,-0.6369483470916748,2.5964202880859375,-0.599778950214386,-0.629040539264679,2.706906795501709,-0.6226382255554199,-0.6367048025131226,2.55666184425354,-0.7289551496505737,-0.628350555896759,2.5942575931549072,-0.6958034634590149,1.048288106918335,2.941370725631714,-0.8413594365119934,1.0698533058166504,2.7029354572296143
-0.6302247643470764,0.13775941729545593,2.630627155303955,-0.6345330476760864,-0.04473945498466492,2.631269931793213,-0.6404892802238464,-0.2271927297115326,2.630892753601074,-0.6464456915855408,-0.4096514582633972,2.6305155754089355,-0.606683075428009,-0.4120042324066162,2.660550832748413,-0.49468329548835754,-0.41583529114723206,2.745088815689087,-0.39814430475234985,-0.18162085115909576,2.8226850032806396,-0.26416975259780884,0.03465628623962402,2.835968017578125,-0.23737484216690063,0.07791171222925186,2.8386247158050537,-0.18378502130508423,0.16442257165908813,2.843937873840332,-0.2534484565258026,0.1497444361448288,2.8083579540252686,-0.6862730383872986,-0.40928179025650024,2.600476026535034,-0.7982728481292725,-0.4054507315158844,2.5159380435943604,-0.8741820454597473,-0.1560206562280655,2.5630526542663574,-0.9171968698501587,0.09493444859981537,2.571577310562134,-0.9257998466491699,0.14512547850608826,2.573282241821289,-0.9430058002471924,0.24550752341747284,2.5766921043395996,-0.8882688879966736,0.20187944173812866,2.6145713329315186,-0.5503970384597778,0.1360817700624466,2.689358949661255,-0.5954048037528992,0.5805379152297974,2.7690258026123047,-0.6623276472091675,0.9636502861976624,2.87600040435791,-0.6102665066719055,1.0971674919128418,2.8106236457824707,-0.710052490234375,0.13943706452846527,2.5718953609466553,-0.7318227291107178,0.5926872491836548,2.5739216804504395,-0.8054077625274658,0.9820294380187988,2.649388313293457,-0.7549125552177429,1.1106873750686646,2.5738322734832764,-0.588640034198761,-0.547976553440094,2.5570902824401855,-0.5843490362167358,-0.5977683067321777,2.550386667251587,-0.5806195139884949,-0.6387633681297302,2.5917694568634033,-0.6010545492172241,-0.6319846510887146,2.702808380126953,-0.6270036697387695,-0.6375319361686707,2.5529327392578125,-0.7324762940406799,-0.6284955739974976,2.59277081489563,-0.7019889950752258,1.0468486547470093,2.933450937271118,-0.8467678427696228,1.0689241886138916,2.6997292041778564
-0.626650869846344,0.13621315360069275,2.632615566253662,-0.63212651014328,-0.04629547894001007,2.6327173709869385,-0.6394805908203125,-0.22873525321483612,2.6316945552825928,-0.6468349099159241,-0.4111804962158203,2.630671739578247,-0.6065002083778381,-0.4139634370803833,2.6599154472351074,-0.49286729097366333,-0.419005423784256,2.7422356605529785,-0.3787766993045807,-0.19229696691036224,2.8145153522491455,-0.2230837345123291,0.007955402135848999,2.8079824447631836,-0.1919451355934143,0.04800587520003319,2.806675910949707,-0.1296679526567459,0.12810681760311127,2.804062604904175,-0.20210446417331696,0.119113489985466,2.773144245147705,-0.6872496008872986,-0.4103805124759674,2.601417303085327,-0.8008825182914734,-0.4053385257720947,2.519097089767456,-0.870917558670044,-0.155952587723732,2.5694899559020996,-0.9111820459365845,0.09417904913425446,2.583522081375122,-0.9192349314689636,0.14420537650585175,2.5863285064697266,-0.9353407025337219,0.24425804615020752,2.5919413566589355,-0.8804078698158264,0.19961866736412048,2.6276285648345947,-0.5457229018211365,0.13381704688072205,2.689847946166992,-0.5969350337982178,0.5781480073928833,2.7658841609954834,-0.6686466932296753,0.9610653519630432,2.8701248168945312,-0.6197566390037537,1.094746708869934,2.802739381790161,-0.7075788378715515,0.13860926032066345,2.575383186340332,-0.7347817420959473,0.5914821624755859,2.5748343467712402,-0.8104243874549866,0.9808939695358276,2.6474363803863525,-0.7625460028648376,1.1091254949569702,2.5695512294769287,-0.5928120017051697,-0.5496589541435242,2.5545167922973633,-0.589362382888794,-0.5994656085968018,2.5472710132598877,-0.585086464881897,-0.6408945918083191,2.588207483291626,-0.6024984121322632,-0.6348376274108887,2.6998589038848877,-0.6324830651283264,-0.6387073397636414,2.550607919692993,-0.7367887496948242,-0.628640353679657,2.5933268070220947,-0.7088472843170166,1.0441440343856812,2.9273335933685303,-0.8515980243682861,1.0679540634155273,2.697598695755005
-0.6225863695144653,0.1344815492630005,2.633481502532959,-0.6294314861297607,-0.04803411662578583,2.63318133354187,-0.6383349895477295,-0.23045536875724792,2.631722927093506,-0.6472387909889221,-0.41288208961486816,2.6302645206451416,-0.6061989068984985,-0.41610458493232727,2.6584889888763428,-0.49065637588500977,-0.4223785996437073,2.737879753112793,-0.35769763588905334,-0.20438078045845032,2.7982826232910156,-0.18051722645759583,-0.02878488600254059,2.7604870796203613,-0.14508113265037537,0.006334293633699417,2.7529280185699463,-0.07420895993709564,0.07657265663146973,2.737809896469116,-0.1491142064332962,0.07439173758029938,2.713371992111206,-0.6883754730224609,-0.4116423428058624,2.6020243167877197,-0.8039180040359497,-0.4053683280944824,2.5226335525512695,-0.8669697642326355,-0.1566506326198578,2.5775294303894043,-0.9038785099983215,0.09204599261283875,2.5985779762268066,-0.9112602472305298,0.14178532361984253,2.602787733078003,-0.9260237812995911,0.2412639856338501,2.6112072467803955,-0.870822012424469,0.19549575448036194,2.643929958343506,-0.5403124690055847,0.13130494952201843,2.688779354095459,-0.597961962223053,0.5751438140869141,2.762605905532837,-0.6749213337898254,0.9571678638458252,2.866123914718628,-0.6298818588256836,1.0913376808166504,2.7971057891845703,-0.704860270023346,0.13765814900398254,2.578183650970459,-0.7373127341270447,0.5901058912277222,2.5760505199432373,-0.8143850564956665,0.9795643091201782,2.6464996337890625,-0.7694019079208374,1.107347846031189,2.5662407875061035,-0.5972986817359924,-0.5516495108604431,2.5516438484191895,-0.5946741104125977,-0.6014851927757263,2.5440266132354736,-0.5895809531211853,-0.6432175636291504,2.584615468978882,-0.6033483147621155,-0.6375774145126343,2.6968727111816406,-0.6381590366363525,-0.640262246131897,2.5485422611236572,-0.7409862875938416,-0.6292039155960083,2.594665288925171,-0.7155876159667969,1.0397859811782837,2.923635959625244,-0.8550702333450317,1.0667892694473267,2.6967356204986572
-0.6182901859283447,0.13174420595169067,2.634626626968384,-0.6266764998435974,-0.050774797797203064,2.634312868118286,-0.6372405290603638,-0.23317529261112213,2.632871627807617,-0.647804856300354,-0.41558122634887695,2.631430149078369,-0.6059696078300476,-0.41921231150627136,2.6584441661834717,-0.48839905858039856,-0.42662084102630615,2.7342796325683594,-0.33714547753334045,-0.21818453073501587,2.7757174968719482,-0.1444784253835678,-0.07753624022006989,2.698227643966675,-0.10594501346349716,-0.04940658062696457,2.682729721069336,-0.028878189623355865,0.006852738559246063,2.651733636856079,-0.10516729950904846,0.012570008635520935,2.634791851043701,-0.6897549629211426,-0.4139327108860016,2.604400873184204,-0.8073254823684692,-0.4065241813659668,2.5285654067993164,-0.8631962537765503,-0.15856590867042542,2.58717942237854,-0.8966304063796997,0.08849537372589111,2.614567279815674,-0.9033172130584717,0.13790762424468994,2.6200449466705322,-0.9166908860206604,0.2367321401834488,2.63100004196167,-0.8611325621604919,0.19004954397678375,2.6605591773986816,-0.534510612487793,0.12780359387397766,2.687629461288452,-0.5983905792236328,0.5708284378051758,2.760836124420166,-0.6807193756103516,0.9512468576431274,2.8659114837646484,-0.640042245388031,1.0862252712249756,2.7958178520202637,-0.7020697593688965,0.1356848180294037,2.5816237926483154,-0.7391064167022705,0.5877119302749634,2.5783421993255615,-0.816828727722168,0.9773001074790955,2.6470253467559814,-0.7748883962631226,1.1045446395874023,2.564340829849243,-0.6013942360877991,-0.5544828772544861,2.5506179332733154,-0.5993605852127075,-0.604345977306366,2.5427253246307373,-0.5932109355926514,-0.6463069915771484,2.583001136779785,-0.6032374501228333,-0.6410152912139893,2.695765972137451,-0.6429727077484131,-0.6428807973861694,2.5485339164733887,-0.7442290782928467,-0.6313077211380005,2.5981085300445557,-0.721721351146698,1.0330601930618286,2.9243011474609375,-0.8567162752151489,1.064747929573059,2.697481155395508
-0.6107812523841858,0.12753826379776,2.6347169876098633,-0.6214504241943359,-0.05502012372016907,2.634624481201172,-0.6344578266143799,-0.23742344975471497,2.633509635925293,-0.6474656462669373,-0.4198322296142578,2.632394790649414,-0.6038858890533447,-0.42408353090286255,2.6564815044403076,-0.4817303419113159,-0.4332066774368286,2.723904609680176,-0.2976084351539612,-0.2501612603664398,2.710446357727051,-0.10553056001663208,-0.2109881043434143,2.555333137512207,-0.06711498647928238,-0.20315347611904144,2.52431058883667,0.009716160595417023,-0.18748420476913452,2.4622652530670166,-0.06408409774303436,-0.16233521699905396,2.4578006267547607,-0.691186785697937,-0.4175634980201721,2.6082961559295654,-0.8133423328399658,-0.40844035148620605,2.5408730506896973,-0.8568662405014038,-0.15936245024204254,2.6013171672821045,-0.8853142857551575,0.08640266954898834,2.6370770931243896,-0.8910039067268372,0.1355556845664978,2.6442291736602783,-0.9023831486701965,0.23386172950267792,2.6585330963134766,-0.8454232811927795,0.18611466884613037,2.6825053691864014,-0.5236667394638062,0.12242302298545837,2.682126998901367,-0.6010130643844604,0.5630544424057007,2.7564382553100586,-0.6949198246002197,0.9387673139572144,2.8683249950408936,-0.6645325422286987,1.075744390487671,2.796947717666626,-0.6978957653045654,0.13265350461006165,2.5873069763183594,-0.7426533102989197,0.5838874578475952,2.580571174621582,-0.8204045295715332,0.9740656018257141,2.645479440689087,-0.7853407859802246,1.099806308746338,2.5574984550476074,-0.6073912978172302,-0.5586869120597839,2.547889232635498,-0.6061696410179138,-0.6085638999938965,2.5396385192871094,-0.597507655620575,-0.6507931351661682,2.5792417526245117,-0.5997945666313171,-0.6460078358650208,2.692551374435425,-0.6495306491851807,-0.646938681602478,2.5482380390167236,-0.7471930980682373,-0.6350870132446289,2.6047074794769287,-0.7363511919975281,1.0183459520339966,2.929413080215454,-0.8580095171928406,1.0622113943099976,2.6964426040649414
-0.6046394109725952,0.12627747654914856,2.6315438747406006,-0.6168274879455566,-0.05624063313007355,2.6318674087524414,-0.6313885450363159,-0.2385842502117157,2.631314277648926,-0.6459500193595886,-0.4209333062171936,2.63076114654541,-0.6011617183685303,-0.42557305097579956,2.652473211288452,-0.4756867289543152,-0.43577709794044495,2.7132012844085693,-0.28168049454689026,-0.2713705599308014,2.659444570541382,-0.11143065989017487,-0.2924000322818756,2.4776928424835205,-0.0773806944489479,-0.2966059148311615,2.44134259223938,-0.009280763566493988,-0.30501770973205566,2.3686418533325195,-0.07931654900312424,-0.2705151438713074,2.3677783012390137,-0.6908965706825256,-0.41827547550201416,2.6090428829193115,-0.8163715600967407,-0.4080714285373688,2.5483148097991943,-0.8529847860336304,-0.15780311822891235,2.6081724166870117,-0.8774217367172241,0.08814737200737,2.645214080810547,-0.8823091387748718,0.13733747601509094,2.6526224613189697,-0.8920839428901672,0.23571768403053284,2.6674389839172363,-0.8342059850692749,0.18756303191184998,2.6881141662597656,-0.5152422189712524,0.12038390338420868,2.6744956970214844,-0.5976512432098389,0.5591827630996704,2.7539000511169434,-0.6951634883880615,0.9312722682952881,2.874408721923828,-0.6712464690208435,1.0697064399719238,2.803398847579956,-0.694036602973938,0.13217104971408844,2.588592052459717,-0.7412471175193787,0.583149254322052,2.583063840866089,-0.816425085067749,0.9737437963485718,2.648376703262329,-0.785923957824707,1.0987682342529297,2.5577290058135986,-0.6107223033905029,-0.5601081848144531,2.5445358753204346,-0.6101139783859253,-0.6100167632102966,2.5363106727600098,-0.5996288061141968,-0.652238667011261,2.5755062103271484,-0.5961796641349792,-0.6472855806350708,2.688814878463745,-0.653150200843811,-0.6482176780700684,2.547149658203125,-0.7478235960006714,-0.6358928680419922,2.608471393585205,-0.7356399297714233,1.009157419204712,2.9382481575012207,-0.8516514301300049,1.0622671842575073,2.7003636360168457
-0.5999258160591125,0.12663203477859497,2.626803159713745,-0.6133545637130737,-0.055821001529693604,2.6275174617767334,-0.6291764378547668,-0.23808348178863525,2.627495288848877,-0.6449987888336182,-0.42035144567489624,2.6274731159210205,-0.599124550819397,-0.42533397674560547,2.646716356277466,-0.4706173539161682,-0.43649595975875854,2.700521469116211,-0.27492040395736694,-0.2895236015319824,2.6130013465881348,-0.12947213649749756,-0.35300758481025696,2.4199321269989014,-0.1003824770450592,-0.36570438742637634,2.3813183307647705,-0.04220316559076309,-0.3910979926586151,2.304090738296509,-0.10894760489463806,-0.3505990505218506,2.3051955699920654,-0.6910449862480164,-0.4173498749732971,2.608229875564575,-0.8195521831512451,-0.40618789196014404,2.55442476272583,-0.8504348397254944,-0.15482944250106812,2.612931966781616,-0.8713144659996033,0.09147173166275024,2.6498219966888428,-0.8754903674125671,0.14073196053504944,2.6572000980377197,-0.8838422298431396,0.23925243318080902,2.6719560623168945,-0.8251586556434631,0.19086584448814392,2.689596176147461,-0.5084626078605652,0.1200503557920456,2.665138006210327,-0.5941506028175354,0.557029128074646,2.750748872756958,-0.6928715109825134,0.9259047508239746,2.879790782928467,-0.6747901439666748,1.065497875213623,2.8093421459198,-0.6913890242576599,0.13321371376514435,2.588468313217163,-0.7400690913200378,0.5840351581573486,2.5849533081054688,-0.8120942115783691,0.9750035405158997,2.651458501815796,-0.786169171333313,1.0994560718536377,2.558637857437134,-0.6145942807197571,-0.560075581073761,2.540222406387329,-0.6145741939544678,-0.6100349426269531,2.53220534324646,-0.6022995114326477,-0.6521332859992981,2.5710349082946777,-0.5931968688964844,-0.6466903686523438,2.684037208557129,-0.657164990901947,-0.6480337381362915,2.5453507900238037,-0.7486490607261658,-0.6350749135017395,2.611265182495117,-0.7318055629730225,1.0023322105407715,2.9462876319885254,-0.8447442650794983,1.0638421773910522,2.7045669555664062
-0.5952582955360413,0.1275109052658081,2.62200927734375,-0.6097425222396851,-0.05486416816711426,2.6230146884918213,-0.6266751885414124,-0.23703059554100037,2.623394012451172,-0.6436083912849426,-0.41920244693756104,2.6237733364105225,-0.5967844128608704,-0.4245186448097229,2.640474557876587,-0.46559229493141174,-0.4366159737110138,2.68717098236084,-0.2734144330024719,-0.3050299286842346,2.571023464202881,-0.15002453327178955,-0.39615583419799805,2.373291015625,-0.12534655630588531,-0.4143810272216797,2.333744525909424,-0.07599059492349625,-0.4508313834667206,2.2546515464782715,-0.1405477523803711,-0.40681928396224976,2.2574284076690674,-0.6906163692474365,-0.41586631536483765,2.6070761680603027,-0.8218084573745728,-0.40376898646354675,2.56037974357605,-0.8483506441116333,-0.1511782705783844,2.617220640182495,-0.8663775324821472,0.09590213000774384,2.6526236534118652,-0.869982898235321,0.14531821012496948,2.6597042083740234,-0.8771936297416687,0.24415037035942078,2.67386531829834,-0.8176944851875305,0.19566543400287628,2.688746929168701,-0.501951277256012,0.12028533965349197,2.6555428504943848,-0.589203417301178,0.5555164813995361,2.748155117034912,-0.686714768409729,0.9220575094223022,2.8845419883728027,-0.6737199425697327,1.0623981952667236,2.814462661743164,-0.6885653138160706,0.13473647832870483,2.5884757041931152,-0.7386776804924011,0.5854041576385498,2.586613655090332,-0.8076038360595703,0.9768153429031372,2.6537599563598633,-0.7864879965782166,1.100584864616394,2.55883526802063,-0.6183974742889404,-0.5595773458480835,2.5358428955078125,-0.6190971732139587,-0.6095845103263855,2.5280873775482178,-0.6052254438400269,-0.651589572429657,2.566497802734375,-0.5906036496162415,-0.6456687450408936,2.6789205074310303,-0.6612583994865417,-0.6472361087799072,2.5434823036193848,-0.7493636012077332,-0.6333339214324951,2.6137099266052246,-0.7235502004623413,0.9974576234817505,2.953364133834839,-0.837617814540863,1.0660291910171509,2.7077834606170654
-0.5916566848754883,0.12797924876213074,2.6195690631866455,-0.6071578860282898,-0.0543239563703537,2.6207327842712402,-0.6251275539398193,-0.23640306293964386,2.6213603019714355,-0.6430977582931519,-0.4184876084327698,2.621987819671631,-0.5955234169960022,-0.42413264513015747,2.6363000869750977,-0.46215587854385376,-0.43715694546699524,2.676330804824829,-0.2739485502243042,-0.319990336894989,2.538825035095215,-0.16652926802635193,-0.4312951862812042,2.3413517475128174,-0.1450454145669937,-0.4535561501979828,2.3018569946289062,-0.10207770764827728,-0.4980780780315399,2.222867727279663,-0.16510213911533356,-0.4516170620918274,2.226125478744507,-0.6908674240112305,-0.4148216247558594,2.607682228088379,-0.8242349624633789,-0.4017973244190216,2.5676515102386475,-0.8475247025489807,-0.14782223105430603,2.6225342750549316,-0.8633505702018738,0.10034395754337311,2.6554951667785645,-0.8665157556533813,0.1499772071838379,2.6620874404907227,-0.8728461265563965,0.24924369156360626,2.67527174949646,-0.8126121163368225,0.20070770382881165,2.687819242477417,-0.49688875675201416,0.12010641396045685,2.648592710494995,-0.5839075446128845,0.5541101098060608,2.7468478679656982,-0.6783069968223572,0.9197922945022583,2.8875720500946045,-0.6692851185798645,1.0602672100067139,2.817164659500122,-0.6864246129989624,0.13585208356380463,2.590545415878296,-0.7375282645225525,0.5863749980926514,2.5887913703918457,-0.8033953905105591,0.9784440994262695,2.6549832820892334,-0.786797046661377,1.1012017726898193,2.557891368865967,-0.6225565075874329,-0.5594005584716797,2.5336456298828125,-0.6239304542541504,-0.6094397902488708,2.526130199432373,-0.6087627410888672,-0.6514043807983398,2.5641090869903564,-0.5894235968589783,-0.6451587677001953,2.6758205890655518,-0.6656846404075623,-0.6467350125312805,2.5434255599975586,-0.7507022619247437,-0.6319289207458496,2.617217540740967,-0.712780773639679,0.994861364364624,2.957949161529541,-0.8308839201927185,1.0682145357131958,2.709411144256592
-0.5887348651885986,0.12703391909599304,2.6174824237823486,-0.6051274538040161,-0.055202141404151917,2.6186413764953613,-0.6240047812461853,-0.23719990253448486,2.619356393814087,-0.6428827047348022,-0.41920310258865356,2.6200714111328125,-0.5946881771087646,-0.4251548647880554,2.631995677947998,-0.4595014452934265,-0.4390457570552826,2.6653614044189453,-0.28007885813713074,-0.3338176906108856,2.5070371627807617,-0.19048243761062622,-0.4584249258041382,2.307983875274658,-0.17256315052509308,-0.4833463728427887,2.2681732177734375,-0.136724591255188,-0.5331892371177673,2.188551902770996,-0.1985132098197937,-0.48504728078842163,2.194080352783203,-0.6912823915481567,-0.4152294993400574,2.6081550121307373,-0.8264691233634949,-0.4013386070728302,2.57478928565979,-0.8476370573043823,-0.1462266743183136,2.627720832824707,-0.8623930215835571,0.10280689597129822,2.658400774002075,-0.865344226360321,0.15261361002922058,2.664536714553833,-0.8712466359138489,0.2522270381450653,2.6768085956573486,-0.8102436661720276,0.2038472592830658,2.6870110034942627,-0.4927573800086975,0.11855663359165192,2.6420366764068604,-0.5786044001579285,0.5515525341033936,2.7453620433807373,-0.6688342094421387,0.9173650145530701,2.888312816619873,-0.6633186936378479,1.0575603246688843,2.817038059234619,-0.6847123503684998,0.13551120460033417,2.592928171157837,-0.7365319132804871,0.5858892202377319,2.5905473232269287,-0.7993002533912659,0.9787179827690125,2.6548962593078613,-0.7872054576873779,1.1002558469772339,2.555661678314209,-0.6263854503631592,-0.5603205561637878,2.531165838241577,-0.6282775402069092,-0.6103674173355103,2.5237677097320557,-0.6118602752685547,-0.6523690819740295,2.56119441986084,-0.5882301926612854,-0.6460981965065002,2.6720921993255615,-0.6695173978805542,-0.6474546194076538,2.5426950454711914,-0.7515920996665955,-0.6321738362312317,2.6196770668029785,-0.7007492780685425,0.992570698261261,2.959721326828003,-0.8242546319961548,1.069148302078247,2.7094240188598633
-0.5861579179763794,0.12523379921913147,2.615057945251465,-0.6032354235649109,-0.05694606900215149,2.6162285804748535,-0.6228775978088379,-0.23886924982070923,2.6170380115509033,-0.6425203680992126,-0.4207978844642639,2.617847442626953,-0.5938182473182678,-0.42701423168182373,2.6273326873779297,-0.4571179151535034,-0.44165557622909546,2.653885841369629,-0.28923892974853516,-0.34573137760162354,2.477313756942749,-0.21616700291633606,-0.4774789810180664,2.2755887508392334,-0.201552614569664,-0.5038285255432129,2.235243797302246,-0.17232383787631989,-0.5565275549888611,2.1545538902282715,-0.23315772414207458,-0.5074411034584045,2.163306713104248,-0.6914359331130981,-0.4165588617324829,2.6083710193634033,-0.8281362652778625,-0.4019175171852112,2.581817865371704,-0.847579300403595,-0.1459435224533081,2.6334104537963867,-0.8616377115249634,0.10377711057662964,2.662252902984619,-0.8644493818283081,0.15372124314308167,2.6680214405059814,-0.8700727224349976,0.25360947847366333,2.679558515548706,-0.808378279209137,0.20542648434638977,2.6872425079345703,-0.4891723096370697,0.11627092957496643,2.635066509246826,-0.5735410451889038,0.5482399463653564,2.743525505065918,-0.6594170331954956,0.9144057035446167,2.888098955154419,-0.6574561595916748,1.0542106628417969,2.8159210681915283,-0.6831435561180115,0.1341966688632965,2.5950493812561035,-0.7356057167053223,0.5844388008117676,2.5921413898468018,-0.7953763604164124,0.9779759645462036,2.654667615890503,-0.7879391312599182,1.0983079671859741,2.5535547733306885,-0.629616379737854,-0.5618839263916016,2.5283093452453613,-0.6318862438201904,-0.6119201183319092,2.520955801010132,-0.6141875386238098,-0.6539806723594666,2.5577237606048584,-0.5864661931991577,-0.6478360295295715,2.6676738262176514,-0.6724762320518494,-0.648932933807373,2.541369676589966,-0.7516174912452698,-0.6335341334342957,2.6213369369506836,-0.6886959671974182,0.9898592829704285,2.9603493213653564,-0.817779004573822,1.0690443515777588,2.709213972091675
-0.5853814482688904,0.12272146344184875,2.615165948867798,-0.6031826734542847,-0.05939635634422302,2.616450309753418,-0.6235960721969604,-0.2412416636943817,2.6174495220184326,-0.644010066986084,-0.42309242486953735,2.6184489727020264,-0.5949440598487854,-0.4295617341995239,2.6256179809570312,-0.45715105533599854,-0.4449196457862854,2.645690679550171,-0.3021838068962097,-0.35428282618522644,2.454674482345581,-0.24377264082431793,-0.48715102672576904,2.2485992908477783,-0.23209041357040405,-0.513724684715271,2.2073843479156494,-0.2087259441614151,-0.5668720006942749,2.1249542236328125,-0.26872488856315613,-0.5175125002861023,2.1377828121185303,-0.6932979822158813,-0.41859954595565796,2.611290454864502,-0.8310909867286682,-0.4032416343688965,2.5912177562713623,-0.8485853672027588,-0.14647817611694336,2.641052484512329,-0.8615667223930359,0.10392051935195923,2.666835069656372,-0.8641629815101624,0.15400025248527527,2.6719915866851807,-0.8693554997444153,0.25415974855422974,2.682304620742798,-0.8072420358657837,0.20606985688209534,2.68778920173645,-0.4876468777656555,0.11327888071537018,2.6308419704437256,-0.5698108673095703,0.5447311997413635,2.742823839187622,-0.6509957313537598,0.912086009979248,2.8869903087615967,-0.6522573232650757,1.051151156425476,2.8134119510650635,-0.6831160187721252,0.13216404616832733,2.59948992729187,-0.734779953956604,0.5824477672576904,2.5953197479248047,-0.790611743927002,0.9769560098648071,2.65507435798645,-0.7872833609580994,1.0958858728408813,2.5521223545074463,-0.6339948773384094,-0.5641258955001831,2.5285537242889404,-0.6365057826042175,-0.6141456365585327,2.5212719440460205,-0.6176565289497375,-0.6562013626098633,2.5574405193328857,-0.586451530456543,-0.6500780582427979,2.6664185523986816,-0.6764184236526489,-0.6511432528495789,2.5429584980010986,-0.7529436349868774,-0.6357468366622925,2.6253859996795654,-0.6776368618011475,0.988182544708252,2.9595718383789062,-0.8103318214416504,1.0688154697418213,2.7093098163604736
-0.5910307168960571,0.11979925632476807,2.6134986877441406,-0.6081507802009583,-0.06238892674446106,2.6149322986602783,-0.6280040740966797,-0.24430011212825775,2.616293430328369,-0.6478579640388489,-0.4262167513370514,2.61765456199646,-0.5983151793479919,-0.43260645866394043,2.62001633644104,-0.4590701460838318,-0.4477538764476776,2.626619338989258,-0.33109891414642334,-0.3605974316596985,2.4142282009124756,-0.29074689745903015,-0.479396790266037,2.1948440074920654,-0.28267648816108704,-0.5031566619873047,2.1509671211242676,-0.2665356993675232,-0.5506764054298401,2.063213348388672,-0.3263978362083435,-0.5041406750679016,2.085230588912964,-0.6976165175437927,-0.4218042492866516,2.615307569503784,-0.8368615508079529,-0.40665683150291443,2.6087045669555664,-0.8553627133369446,-0.14814123511314392,2.6524107456207275,-0.8714154958724976,0.10351979732513428,2.6691439151763916,-0.8746260404586792,0.15385200083255768,2.6724905967712402,-0.8810471296310425,0.2545164227485657,2.6791839599609375,-0.8174592852592468,0.20773103833198547,2.6804163455963135,-0.49222755432128906,0.11056675016880035,2.620098829269409,-0.5782835483551025,0.5393959879875183,2.7393100261688232,-0.657807469367981,0.9088732004165649,2.8791027069091797,-0.6685469746589661,1.045615315437317,2.8019721508026123,-0.6898338794708252,0.12903176248073578,2.606898546218872,-0.746330738067627,0.5787791609764099,2.600055456161499,-0.800035834312439,0.9750787019729614,2.649470090866089,-0.8069972991943359,1.0899523496627808,2.5421459674835205,-0.6404884457588196,-0.5672286152839661,2.5285277366638184,-0.6426778435707092,-0.6171554923057556,2.521707773208618,-0.621540904045105,-0.6585737466812134,2.557016611099243,-0.5851121544837952,-0.6513305306434631,2.6638851165771484,-0.6808176636695862,-0.654403567314148,2.5455172061920166,-0.7530630230903625,-0.6395149230957031,2.6313037872314453,-0.6807355880737305,0.9864515662193298,2.9514105319976807,-0.815617024898529,1.0688873529434204,2.701716423034668
-0.5933588743209839,0.11723682284355164,2.612602710723877,-0.6106786131858826,-0.06493368744850159,2.61384916305542,-0.630772054195404,-0.24681872129440308,2.615159273147583,-0.6508660912513733,-0.4287092089653015,2.616469383239746,-0.6012791991233826,-0.43518921732902527,2.6162729263305664,-0.46184855699539185,-0.4505966901779175,2.615701675415039,-0.34732910990715027,-0.35270655155181885,2.399867057800293,-0.31097960472106934,-0.44572895765304565,2.1673150062561035,-0.3037096858024597,-0.4643334448337555,2.12080454826355,-0.28916987776756287,-0.5015423893928528,2.0277838706970215,-0.3496664762496948,-0.45959800481796265,2.056638479232788,-0.700671374797821,-0.42420610785484314,2.616680145263672,-0.8401020169258118,-0.4087986350059509,2.617251396179199,-0.8600041270256042,-0.14965379238128662,2.658839702606201,-0.8787522315979004,0.10238698124885559,2.6722121238708496,-0.8825018405914307,0.15279513597488403,2.674886703491211,-0.8900010585784912,0.2536114454269409,2.6802356243133545,-0.8256869912147522,0.20763619244098663,2.678921937942505,-0.4943566918373108,0.10783614963293076,2.614339590072632,-0.5795664191246033,0.5358489751815796,2.737316370010376,-0.6564478278160095,0.9071294069290161,2.873965263366699,-0.6717172265052795,1.0424084663391113,2.794987916946411,-0.692361056804657,0.1266375035047531,2.610865831375122,-0.7482428550720215,0.5765265226364136,2.6033782958984375,-0.7986469268798828,0.973952054977417,2.6474826335906982,-0.810460090637207,1.086742877960205,2.538351058959961,-0.6442471146583557,-0.5696515440940857,2.52797794342041,-0.6461732387542725,-0.6194928884506226,2.521413803100586,-0.6240288019180298,-0.6604948043823242,2.5563416481018066,-0.5855335593223572,-0.6525549292564392,2.662123680114746,-0.6834115982055664,-0.6568505764007568,2.546095609664917,-0.7537848353385925,-0.6422295570373535,2.6330933570861816,-0.6769851446151733,0.9857965707778931,2.94584059715271,-0.8115105628967285,1.0688302516937256,2.698561191558838
-0.5938959717750549,0.11599695682525635,2.6100685596466064,-0.6114048361778259,-0.06614980101585388,2.6110260486602783,-0.6317412853240967,-0.24800139665603638,2.6121809482574463,-0.6520783305168152,-0.4298584461212158,2.6133358478546143,-0.6025733947753906,-0.4364120364189148,2.6106908321380615,-0.4632933735847473,-0.45203498005867004,2.603247880935669,-0.3610134720802307,-0.3455657362937927,2.384817600250244,-0.3279057443141937,-0.41462230682373047,2.1431570053100586,-0.3212842047214508,-0.4284336268901825,2.09482479095459,-0.30804112553596497,-0.45605623722076416,1.9981606006622314,-0.36906227469444275,-0.41893908381462097,2.0323801040649414,-0.7018043398857117,-0.4252814054489136,2.6159934997558594,-0.841084361076355,-0.4096584618091583,2.623436450958252,-0.8629758954048157,-0.15014445781707764,2.664447784423828,-0.8849994540214539,0.10208830237388611,2.677029848098755,-0.8894041776657104,0.1525348573923111,2.679546356201172,-0.8982136249542236,0.2534279525279999,2.6845791339874268,-0.8332280516624451,0.2083536684513092,2.680405378341675,-0.4949250817298889,0.10646789520978928,2.6071207523345947,-0.5794508457183838,0.5332840085029602,2.735008478164673,-0.6544912457466125,0.9053559303283691,2.870793581008911,-0.6743881702423096,1.0396299362182617,2.7910640239715576,-0.692866861820221,0.12552601099014282,2.613016366958618,-0.7489514350891113,0.5755101442337036,2.606640577316284,-0.7973118424415588,0.9736456871032715,2.6473286151885986,-0.8141338229179382,1.084896445274353,2.537226438522339,-0.6470814347267151,-0.5706160068511963,2.5254082679748535,-0.6489543318748474,-0.6203319430351257,2.5190656185150146,-0.6258479356765747,-0.6610062718391418,2.5534508228302,-0.5848971009254456,-0.652600109577179,2.6578965187072754,-0.6852983832359314,-0.6576501727104187,2.5446996688842773,-0.753339946269989,-0.6430912017822266,2.6331019401550293,-0.6728724241256714,0.9846219420433044,2.942631721496582,-0.8078246712684631,1.0692739486694336,2.69759202003479
-0.5942457914352417,0.11555445194244385,2.6071391105651855,-0.6119068264961243,-0.06656768918037415,2.607616662979126,-0.6324050426483154,-0.2483912706375122,2.6084089279174805,-0.6529039144515991,-0.4302203059196472,2.609201192855835,-0.6035796999931335,-0.43680307269096375,2.6042864322662354,-0.46469423174858093,-0.45252081751823425,2.5904667377471924,-0.37217313051223755,-0.3387500047683716,2.370760917663574,-0.34173253178596497,-0.38629573583602905,2.1231255531311035,-0.3356444239616394,-0.39580488204956055,2.0735983848571777,-0.3234681785106659,-0.41482317447662354,1.9745441675186157,-0.384791761636734,-0.38211050629615784,2.012826442718506,-0.7024508714675903,-0.42561376094818115,2.6141245365142822,-0.8413363695144653,-0.40989601612091064,2.627944231033325,-0.8651148080825806,-0.15020984411239624,2.6700422763824463,-0.8901638388633728,0.10214737057685852,2.68414568901062,-0.8951736688613892,0.15261882543563843,2.6869664192199707,-0.9051932692527771,0.25356173515319824,2.692607879638672,-0.8397054672241211,0.20933812856674194,2.685406446456909,-0.495493620634079,0.10595910996198654,2.599897623062134,-0.5787422060966492,0.531622052192688,2.7327847480773926,-0.6519045829772949,0.9040670394897461,2.8688812255859375,-0.6760532855987549,1.0376307964324951,2.789052724838257,-0.692997932434082,0.12514980137348175,2.6143805980682373,-0.748882532119751,0.5752997398376465,2.609886407852173,-0.7953877449035645,0.9740047454833984,2.6481196880340576,-0.8168107271194458,1.084057331085205,2.53755521774292,-0.6499362587928772,-0.5707603693008423,2.521883726119995,-0.6518776416778564,-0.6203317046165466,2.515758991241455,-0.6279014348983765,-0.6607277989387512,2.549543857574463,-0.5844330787658691,-0.6519684791564941,2.6525278091430664,-0.6873637437820435,-0.6575093269348145,2.5423424243927,-0.7529095411300659,-0.6428493857383728,2.632124423980713,-0.6682424545288086,0.9836941361427307,2.9408562183380127,-0.8037484884262085,1.07022225856781,2.697718858718872
-0.5960806012153625,0.1151493489742279,2.6107544898986816,-0.6140393614768982,-0.0669388622045517,2.610987663269043,-0.6347494721412659,-0.24873384833335876,2.611585855484009,-0.6554601788520813,-0.430534303188324,2.6121842861175537,-0.6063504219055176,-0.4371516704559326,2.605501174926758,-0.46801677346229553,-0.4529724717140198,2.586710214614868,-0.38222968578338623,-0.32882270216941833,2.3697900772094727,-0.352280855178833,-0.3558661639690399,2.1189303398132324,-0.34629109501838684,-0.3612748682498932,2.068758487701416,-0.3343115448951721,-0.37209224700927734,1.968414545059204,-0.39616888761520386,-0.34400466084480286,2.009471893310547,-0.7047950029373169,-0.4258928596973419,2.6188735961914062,-0.8431286811828613,-0.41007205843925476,2.637664556503296,-0.8688874840736389,-0.15044748783111572,2.679598569869995,-0.8966317176818848,0.10165780782699585,2.6948325634002686,-0.902180552482605,0.15207886695861816,2.6978793144226074,-0.9132782816886902,0.2529209852218628,2.703972816467285,-0.8474993109703064,0.20951834321022034,2.6944708824157715,-0.4976259171962738,0.1054256483912468,2.600259304046631,-0.5783498883247375,0.5310511589050293,2.7351560592651367,-0.6489523649215698,0.9046685695648193,2.869649648666382,-0.6760768890380859,1.0373390913009644,2.789219856262207,-0.6945352554321289,0.12487304955720901,2.6212496757507324,-0.7489477396011353,0.5752980709075928,2.6160435676574707,-0.7931776642799377,0.9747753739356995,2.649580240249634,-0.8179171681404114,1.083196759223938,2.538050413131714,-0.6544188857078552,-0.5711122155189514,2.5257320404052734,-0.6565780639648438,-0.6205736398696899,2.5198962688446045,-0.6321405172348022,-0.6607567071914673,2.5533361434936523,-0.5868859887123108,-0.6516366004943848,2.655184507369995,-0.6915573477745056,-0.6574426889419556,2.547231674194336,-0.7552337646484375,-0.6422468423843384,2.6378884315490723,-0.663444995880127,0.9849842190742493,2.9412906169891357,-0.7996744513511658,1.071794033050537,2.6979358196258545
-0.5973379611968994,0.1151445209980011,2.613290548324585,-0.6155467629432678,-0.06691589951515198,2.613147020339966,-0.6364535093307495,-0.2486860752105713,2.6134376525878906,-0.657360851764679,-0.43046170473098755,2.6137282848358154,-0.6084704995155334,-0.43709880113601685,2.6056156158447266,-0.47070837020874023,-0.45298030972480774,2.5828044414520264,-0.38960814476013184,-0.322245717048645,2.3679304122924805,-0.3604680597782135,-0.33762916922569275,2.1159682273864746,-0.35464003682136536,-0.34070587158203125,2.0655758380889893,-0.34298399090766907,-0.34685924649238586,1.964790940284729,-0.4051366150379181,-0.32175859808921814,2.007324695587158,-0.706478476524353,-0.42580023407936096,2.6218440532684326,-0.8442406058311462,-0.40991872549057007,2.644655227661133,-0.8730452656745911,-0.15078848600387573,2.687800168991089,-0.9039927124977112,0.10067641735076904,2.70725154876709,-0.9101821780204773,0.15096940100193024,2.71114182472229,-0.9225611686706543,0.2515553832054138,2.7189223766326904,-0.8564444780349731,0.20925681293010712,2.7070260047912598,-0.499197393655777,0.10533931106328964,2.6001908779144287,-0.577049195766449,0.5310661792755127,2.7367055416107178,-0.644973635673523,0.9056177735328674,2.8701815605163574,-0.6743573546409607,1.0376626253128052,2.789463996887207,-0.6954785585403442,0.12494973093271255,2.626390218734741,-0.7482622861862183,0.5756428837776184,2.6209065914154053,-0.7904542684555054,0.9756872653961182,2.6509525775909424,-0.8178018927574158,1.0829112529754639,2.5388379096984863,-0.6581123471260071,-0.5710421800613403,2.527984142303467,-0.6605125665664673,-0.6204067468643188,2.522378921508789,-0.6357365846633911,-0.6604555249214172,2.555506706237793,-0.5889703035354614,-0.6511287093162537,2.65637469291687,-0.6950979232788086,-0.6569815874099731,2.5503313541412354,-0.7571607828140259,-0.6412858963012695,2.6417109966278076,-0.6578205227851868,0.9864533543586731,2.9415793418884277,-0.7954024076461792,1.0732940435409546,2.6983394622802734
-0.5979053974151611,0.11594188213348389,2.6160147190093994,-0.6161726117134094,-0.06610821187496185,2.615291118621826,-0.637037456035614,-0.24788017570972443,2.6150338649749756,-0.6579028964042664,-0.42965757846832275,2.614776611328125,-0.6091952323913574,-0.4362363815307617,2.605593204498291,-0.4719027876853943,-0.4519590437412262,2.5797717571258545,-0.394114226102829,-0.3137667179107666,2.368316173553467,-0.3662492334842682,-0.3227016031742096,2.115858793258667,-0.36067622900009155,-0.3244885802268982,2.0653672218322754,-0.3495302200317383,-0.3280625343322754,1.9643841981887817,-0.41185900568962097,-0.30506205558776855,2.0078606605529785,-0.7068373560905457,-0.42505449056625366,2.623957395553589,-0.8441298007965088,-0.4093318283557892,2.6497788429260254,-0.8765361905097961,-0.15085840225219727,2.694533348083496,-0.9107635617256165,0.09973803162574768,2.719452142715454,-0.9176090359687805,0.1498573124408722,2.724435806274414,-0.9312999844551086,0.2500958740711212,2.734403371810913,-0.8648191094398499,0.20902347564697266,2.7203521728515625,-0.50003582239151,0.10618133842945099,2.6009583473205566,-0.5747840404510498,0.5321141481399536,2.7387266159057617,-0.6399481296539307,0.907496452331543,2.871377468109131,-0.6708783507347107,1.039103627204895,2.7904889583587646,-0.6957749724388123,0.12570242583751678,2.631071090698242,-0.7468113899230957,0.5766476988792419,2.625614643096924,-0.7871494293212891,0.9771173000335693,2.653026819229126,-0.816373884677887,1.0834758281707764,2.5405373573303223,-0.6600944399833679,-0.570214033126831,2.5295603275299072,-0.6626980900764465,-0.6195012331008911,2.524122476577759,-0.6376762986183167,-0.6594669818878174,2.5569937229156494,-0.5897391438484192,-0.650031328201294,2.657087802886963,-0.6969845294952393,-0.6558427214622498,2.5525410175323486,-0.7577792406082153,-0.6397624015808105,2.6444716453552246,-0.6513594388961792,0.9887548089027405,2.9425573348999023,-0.7908539772033691,1.0751543045043945,2.699660539627075
-0.5984637141227722,0.11697691679000854,2.620565176010132,-0.616696834564209,-0.06507222354412079,2.6192734241485596,-0.6374281644821167,-0.24685655534267426,2.6184515953063965,-0.6581601500511169,-0.4286463260650635,2.6176297664642334,-0.6095704436302185,-0.43514394760131836,2.6077888011932373,-0.47256672382354736,-0.45064324140548706,2.580118179321289,-0.3959818482398987,-0.304359495639801,2.373678684234619,-0.3709855079650879,-0.3137292265892029,2.1209006309509277,-0.3659862279891968,-0.3156031668186188,2.070344924926758,-0.35598769783973694,-0.31935104727745056,1.969233751296997,-0.41797807812690735,-0.2966811954975128,2.013382911682129,-0.7069751620292664,-0.424124538898468,2.6274616718292236,-0.8439788818359375,-0.4086252450942993,2.655132293701172,-0.8795865774154663,-0.1507047414779663,2.700854539871216,-0.916372537612915,0.09900027513504028,2.7309131622314453,-0.9237297177314758,0.1489412784576416,2.736924886703491,-0.9384440779685974,0.24882328510284424,2.748948335647583,-0.871675968170166,0.2087985873222351,2.733266592025757,-0.5007707476615906,0.10730777680873871,2.604318380355835,-0.5722256302833557,0.5338324904441833,2.742088794708252,-0.6345202326774597,0.9102011322975159,2.873387098312378,-0.6661354303359985,1.041433572769165,2.792137861251831,-0.6961566805839539,0.12664605677127838,2.6368119716644287,-0.7451602220535278,0.5778341889381409,2.6306679248809814,-0.7836402654647827,0.9786875247955322,2.655348539352417,-0.8138219118118286,1.0842634439468384,2.542363166809082,-0.6613975763320923,-0.569312334060669,2.5329997539520264,-0.6641868352890015,-0.6185515522956848,2.5277516841888428,-0.6390751004219055,-0.6584377288818359,2.5605335235595703,-0.5904341340065002,-0.6488280892372131,2.660125494003296,-0.6983338594436646,-0.6546517610549927,2.5565075874328613,-0.7583339810371399,-0.6381012797355652,2.64871883392334,-0.6447466611862183,0.9919131994247437,2.9442362785339355,-0.786406397819519,1.0771132707595825,2.701237201690674
-0.5990510582923889,0.11897048354148865,2.625955104827881,-0.6171123385429382,-0.06308683753013611,2.623770236968994,-0.6375448107719421,-0.24489803612232208,2.6220221519470215,-0.6579778790473938,-0.4267146587371826,2.620274066925049,-0.6094104647636414,-0.433076947927475,2.6102373600006104,-0.47245293855667114,-0.4481973648071289,2.5820255279541016,-0.39374279975891113,-0.2925894260406494,2.3833203315734863,-0.3729066550731659,-0.3084869682788849,2.1304705142974854,-0.36873942613601685,-0.31166648864746094,2.0799005031585693,-0.36040496826171875,-0.31802549958229065,1.9787606000900269,-0.4214959740638733,-0.29373735189437866,2.023312568664551,-0.7067673802375793,-0.42232853174209595,2.630291700363159,-0.8437249064445496,-0.407208114862442,2.658503532409668,-0.8818503022193909,-0.1498485803604126,2.705465078353882,-0.9203314185142517,0.09891419112682343,2.740907669067383,-0.9280276298522949,0.14866673946380615,2.7479960918426514,-0.9434200525283813,0.2481718510389328,2.7621731758117676,-0.8764246702194214,0.2089756429195404,2.745375156402588,-0.5013930797576904,0.10948121547698975,2.609370231628418,-0.5695261359214783,0.5368901491165161,2.7461111545562744,-0.6289143562316895,0.9142593145370483,2.875901937484741,-0.6602792143821716,1.0452666282653809,2.794187307357788,-0.6967090368270874,0.12845975160598755,2.6425399780273438,-0.7434111833572388,0.5798847675323486,2.635263681411743,-0.7799805998802185,0.9810680747032166,2.6575071811676025,-0.8100709915161133,1.0860589742660522,2.5439488887786865,-0.661724328994751,-0.56732577085495,2.5357255935668945,-0.6646670699119568,-0.6165341734886169,2.5304958820343018,-0.6396566033363342,-0.6564687490463257,2.5632483959198,-0.5909122228622437,-0.6469850540161133,2.6627426147460938,-0.6988792419433594,-0.6525055766105652,2.559281587600708,-0.7587097883224487,-0.6357559561729431,2.651503086090088,-0.6382554769515991,0.9963799118995667,2.946403741836548,-0.7821402549743652,1.079798936843872,2.7027745246887207
-0.599655270576477,0.12323367595672607,2.6325995922088623,-0.6168208718299866,-0.05888555943965912,2.6288399696350098,-0.6362035870552063,-0.24079039692878723,2.6255009174346924,-0.6555868983268738,-0.4227007031440735,2.622161626815796,-0.6070485711097717,-0.42868173122406006,2.61175537109375,-0.4701492488384247,-0.4427322447299957,2.582519292831421,-0.3800959289073944,-0.26811695098876953,2.4057679176330566,-0.3840442895889282,-0.3301561772823334,2.15937876701355,-0.384833961725235,-0.34256401658058167,2.1101009845733643,-0.3864133059978485,-0.36737972497940063,2.011545181274414,-0.4415787160396576,-0.3312523365020752,2.0557472705841064,-0.7043358683586121,-0.4186967611312866,2.6325318813323975,-0.8412351608276367,-0.40464624762535095,2.6617679595947266,-0.8820520639419556,-0.14840316772460938,2.7119140625,-0.9216741323471069,0.09828929603099823,2.758228302001953,-0.9295985698699951,0.1476277858018875,2.767491102218628,-0.9454473853111267,0.24630478024482727,2.7860167026519775,-0.8784118890762329,0.2083059847354889,2.766922950744629,-0.5020536184310913,0.11439119279384613,2.615309000015259,-0.5628433227539062,0.543213963508606,2.7510838508605957,-0.6154881119728088,0.9215720891952515,2.8809077739715576,-0.6462613940238953,1.0528268814086914,2.7993650436401367,-0.6972569227218628,0.13207615911960602,2.649890184402466,-0.7418327927589417,0.5836787819862366,2.6405484676361084,-0.7755049467086792,0.9849764108657837,2.6651852130889893,-0.8058785200119019,1.0907585620880127,2.5524392127990723,-0.6599090695381165,-0.5635850429534912,2.5381720066070557,-0.6628386974334717,-0.6128036975860596,2.5331454277038574,-0.6374998688697815,-0.6525824666023254,2.5658113956451416,-0.5879054069519043,-0.6426884531974792,2.6648151874542236,-0.6967458724975586,-0.6487026810646057,2.562352418899536,-0.7557691335678101,-0.6316957473754883,2.6550145149230957,-0.622778594493866,1.0039398670196533,2.9513633251190186,-0.7766044735908508,1.0834815502166748,2.710979461669922
-0.5989333391189575,0.12730944156646729,2.6334962844848633,-0.6151714324951172,-0.054867833852767944,2.6285324096679688,-0.6335256099700928,-0.2368541806936264,2.623953342437744,-0.6518803238868713,-0.4188459813594818,2.6193740367889404,-0.6030869483947754,-0.42453208565711975,2.61004900932312,-0.465473473072052,-0.4377524256706238,2.5838732719421387,-0.3608526289463043,-0.255877822637558,2.4231979846954346,-0.3719787001609802,-0.3381188213825226,2.183022975921631,-0.3742039203643799,-0.3545670211315155,2.1349880695343018,-0.3786543607711792,-0.38746342062950134,2.0389180183410645,-0.4312591254711151,-0.3450774848461151,2.080611228942871,-0.7008732557296753,-0.4151378870010376,2.6286492347717285,-0.8384867310523987,-0.40191754698753357,2.65482497215271,-0.879642903804779,-0.1459766924381256,2.706214427947998,-0.9189941883087158,0.09989720582962036,2.7568986415863037,-0.9268644452095032,0.14907199144363403,2.767035484313965,-0.9426049590110779,0.24742156267166138,2.787309169769287,-0.875381588935852,0.20947596430778503,2.76878023147583,-0.5009568929672241,0.11899420619010925,2.6181650161743164,-0.5589728951454163,0.5482920408248901,2.7536168098449707,-0.609004557132721,0.9262655973434448,2.8855483531951904,-0.6370214223861694,1.0584824085235596,2.804575204849243,-0.6969097852706909,0.13562467694282532,2.64882755279541,-0.74048912525177,0.5873184204101562,2.639700174331665,-0.7730349898338318,0.9883006811141968,2.670149087905884,-0.8008524179458618,1.095999836921692,2.5585694313049316,-0.6549593210220337,-0.5599508285522461,2.5357422828674316,-0.6577411890029907,-0.6091820597648621,2.5308191776275635,-0.6327216625213623,-0.6488192081451416,2.56388783454895,-0.5843226313591003,-0.6385631561279297,2.663428783416748,-0.6919218897819519,-0.6450572609901428,2.559720039367676,-0.7520565986633301,-0.6279042959213257,2.6516201496124268,-0.6163427829742432,1.008184552192688,2.9565165042877197,-0.7746111750602722,1.086061716079712,2.717491865158081
-0.5998042821884155,0.13010960817337036,2.6373658180236816,-0.615139365196228,-0.052124425768852234,2.6312801837921143,-0.6324601769447327,-0.23419010639190674,2.6254897117614746,-0.6497815251350403,-0.4162612557411194,2.619699239730835,-0.6007102727890015,-0.4216763973236084,2.611754894256592,-0.46232354640960693,-0.43413347005844116,2.589482545852661,-0.3420107662677765,-0.2451852709054947,2.449281692504883,-0.3539409339427948,-0.3292428255081177,2.209789752960205,-0.35632696747779846,-0.346054345369339,2.161891460418701,-0.3610990345478058,-0.37967735528945923,2.0660946369171143,-0.4121023714542389,-0.33432871103286743,2.1066365242004395,-0.6990410685539246,-0.41282498836517334,2.627580404281616,-0.8374277949333191,-0.4003679156303406,2.649852752685547,-0.8791782259941101,-0.1444757580757141,2.7009310722351074,-0.9189646244049072,0.1011304259300232,2.7524971961975098,-0.9269219040870667,0.15025165677070618,2.762810468673706,-0.9428364634513855,0.24849413335323334,2.7834370136260986,-0.8752837777137756,0.21043440699577332,2.7664198875427246,-0.5014281868934631,0.12225905060768127,2.62455415725708,-0.5578082799911499,0.5522097945213318,2.7585184574127197,-0.6065655946731567,0.9304467439651489,2.8900911808013916,-0.6314775347709656,1.0630826950073242,2.808809280395508,-0.6981803774833679,0.13796016573905945,2.650177478790283,-0.740985631942749,0.589666485786438,2.6396002769470215,-0.7731619477272034,0.990359902381897,2.673677444458008,-0.7979532480239868,1.09935462474823,2.5626585483551025,-0.6506114602088928,-0.557184100151062,2.535735845565796,-0.6530799269676208,-0.6064119935035706,2.5306570529937744,-0.6285361647605896,-0.6460080742835999,2.5641207695007324,-0.5821322202682495,-0.6357583999633789,2.664597272872925,-0.6876551508903503,-0.6424956917762756,2.558809995651245,-0.7496359944343567,-0.6258066296577454,2.649550199508667,-0.6145140528678894,1.012313723564148,2.961042642593384,-0.775623619556427,1.0875928401947021,2.7220427989959717
-0.5993411540985107,0.13263201713562012,2.638845682144165,-0.6144727468490601,-0.04964570701122284,2.6328771114349365,-0.6314119100570679,-0.23177123069763184,2.6271233558654785,-0.6483516097068787,-0.413902223110199,2.6213693618774414,-0.5990110635757446,-0.4192972779273987,2.6152496337890625,-0.45987194776535034,-0.43169695138931274,2.5981125831604004,-0.32386788725852966,-0.23795880377292633,2.4806549549102783,-0.3360575735569,-0.31806549429893494,2.239835262298584,-0.33849552273750305,-0.3340868353843689,2.191671371459961,-0.3433713912963867,-0.3661295175552368,2.095343589782715,-0.39256513118743896,-0.31862708926200867,2.1356489658355713,-0.6978762745857239,-0.41048669815063477,2.6274263858795166,-0.8370153903961182,-0.3980870246887207,2.6445634365081787,-0.8784410953521729,-0.14154434204101562,2.6924967765808105,-0.9180353283882141,0.1047496646642685,2.740780830383301,-0.9259541630744934,0.15400847792625427,2.7504377365112305,-0.941791832447052,0.25252610445022583,2.7697513103485107,-0.8739919066429138,0.21380861103534698,2.755427837371826,-0.5005882382392883,0.12474450469017029,2.6293671131134033,-0.554286539554596,0.5564882755279541,2.7583200931549072,-0.6009799838066101,0.9359817504882812,2.8867833614349365,-0.621559739112854,1.068565011024475,2.80426287651062,-0.6980940699577332,0.14051952958106995,2.6483242511749268,-0.7379094958305359,0.5922831296920776,2.632852077484131,-0.7683579325675964,0.992985188961029,2.667623519897461,-0.788807213306427,1.1025944948196411,2.5563619136810303,-0.646084725856781,-0.5550671219825745,2.5378499031066895,-0.6482399702072144,-0.6043156981468201,2.532844066619873,-0.6246503591537476,-0.6437351703643799,2.567187786102295,-0.5814919471740723,-0.6330462694168091,2.6690518856048584,-0.683579683303833,-0.6404249668121338,2.5599935054779053,-0.7484583258628845,-0.6236673593521118,2.648667812347412,-0.6096845269203186,1.0182851552963257,2.957111358642578,-0.7716909646987915,1.0900161266326904,2.716301202774048
-0.599678099155426,0.13548442721366882,2.6397392749786377,-0.6142289638519287,-0.04685965180397034,2.633683681488037,-0.630448579788208,-0.22906793653964996,2.627781867980957,-0.6466687321662903,-0.41128167510032654,2.621879816055298,-0.5971092581748962,-0.416556179523468,2.6176743507385254,-0.4573661684989929,-0.42861518263816833,2.6059274673461914,-0.3087760806083679,-0.23120053112506866,2.512335777282715,-0.3191402554512024,-0.3043059706687927,2.2692465782165527,-0.32121309638023376,-0.3189270496368408,2.2206287384033203,-0.3253587782382965,-0.3481692373752594,2.1233930587768555,-0.37334755063056946,-0.2996840178966522,2.163961172103882,-0.6964044570922852,-0.4079875946044922,2.626021146774292,-0.8361475467681885,-0.39592859148979187,2.637768030166626,-0.8774466514587402,-0.13873976469039917,2.6820313930511475,-0.9171168804168701,0.10846294462680817,2.7251734733581543,-0.9250509142875671,0.1579034924507141,2.73380184173584,-0.9409189820289612,0.256784588098526,2.75105881690979,-0.872905433177948,0.2174294888973236,2.7398855686187744,-0.500633955001831,0.12778054177761078,2.6337246894836426,-0.5528802275657654,0.5608731508255005,2.7582671642303467,-0.5986679196357727,0.9409987926483154,2.8848495483398438,-0.6151567697525024,1.0736716985702515,2.8016340732574463,-0.698722243309021,0.14318831264972687,2.645753860473633,-0.7354251146316528,0.5949896574020386,2.6273651123046875,-0.7644782066345215,0.9954988956451416,2.6642887592315674,-0.7804291844367981,1.1060785055160522,2.5533089637756348,-0.6407567858695984,-0.5525482296943665,2.5387160778045654,-0.6425033211708069,-0.6018125414848328,2.533712863922119,-0.6199779510498047,-0.6410729289054871,2.5689406394958496,-0.5805486440658569,-0.6300409436225891,2.6722676753997803,-0.6786254048347473,-0.638048529624939,2.559634208679199,-0.7467164397239685,-0.6214718818664551,2.6458992958068848,-0.6084342002868652,1.0234830379486084,2.954782247543335,-0.7688455581665039,1.092142105102539,2.713589906692505
-0.6013810038566589,0.1374179720878601,2.6441197395324707,-0.6150145530700684,-0.045008301734924316,2.6376662254333496,-0.630155622959137,-0.22731728851795197,2.6312592029571533,-0.6452971696853638,-0.40963172912597656,2.624851942062378,-0.5955604910850525,-0.41470158100128174,2.6231532096862793,-0.45534849166870117,-0.4261818528175354,2.6184699535369873,-0.29693156480789185,-0.22454294562339783,2.555943489074707,-0.3004239499568939,-0.2873308062553406,2.310070514678955,-0.30112242698669434,-0.29988837242126465,2.2608959674835205,-0.30251938104629517,-0.3250035047531128,2.1625466346740723,-0.35049697756767273,-0.2768111526966095,2.203312635421753,-0.6951983571052551,-0.40654343366622925,2.626481056213379,-0.8354103565216064,-0.3950631618499756,2.631164312362671,-0.8767495155334473,-0.13735666871070862,2.6704347133636475,-0.916545569896698,0.1107976883649826,2.7057013511657715,-0.9245047569274902,0.16042855381965637,2.712754726409912,-0.9404231905937195,0.2596902847290039,2.7268614768981934,-0.8723183274269104,0.21966856718063354,2.7200636863708496,-0.5021303296089172,0.13004957139492035,2.642733573913574,-0.5538093447685242,0.5648002028465271,2.761096477508545,-0.599809467792511,0.9457582831382751,2.884685754776001,-0.6112391948699951,1.0783259868621826,2.800546646118164,-0.7006316781044006,0.14478637278079987,2.645505905151367,-0.7337228655815125,0.5965791940689087,2.623668909072876,-0.7619596123695374,0.996924102306366,2.661695718765259,-0.7721089720726013,1.1082267761230469,2.5508222579956055,-0.6348210573196411,-0.55069500207901,2.541813611984253,-0.6360992193222046,-0.5999536514282227,2.536646842956543,-0.6150717735290527,-0.6391773223876953,2.5728230476379395,-0.5805965662002563,-0.6281698942184448,2.6779017448425293,-0.6732268333435059,-0.6364046931266785,2.5607759952545166,-0.7453692555427551,-0.6203142404556274,2.6437690258026123,-0.6113329529762268,1.0285550355911255,2.9539284706115723,-0.7679887413978577,1.0932714939117432,2.711329221725464
-0.6044391989707947,0.1387033462524414,2.647935628890991,-0.6167888641357422,-0.04383435845375061,2.6412172317504883,-0.630456268787384,-0.22627773880958557,2.6344878673553467,-0.6441240906715393,-0.40872660279273987,2.627758502960205,-0.594330370426178,-0.4134921431541443,2.6287600994110107,-0.4540102183818817,-0.4241117537021637,2.6316819190979004,-0.29194220900535583,-0.21887099742889404,2.5993926525115967,-0.2885507643222809,-0.2717607915401459,2.3516321182250977,-0.28787246346473694,-0.2823387384414673,2.302079916000366,-0.28651589155197144,-0.3034946620464325,2.2029757499694824,-0.3350936770439148,-0.2564217448234558,2.244081497192383,-0.6940664052963257,-0.40594398975372314,2.626683473587036,-0.8343865871429443,-0.39532437920570374,2.6237616539001465,-0.8755212426185608,-0.1372869908809662,2.6577768325805664,-0.9148475527763367,0.11161443591117859,2.684152603149414,-0.9227128028869629,0.16139471530914307,2.6894278526306152,-0.9384433031082153,0.260955274105072,2.6999781131744385,-0.8705503344535828,0.2203114926815033,2.697985887527466,-0.5051968097686768,0.13185569643974304,2.6515591144561768,-0.5560885071754456,0.5681548118591309,2.7638158798217773,-0.6024453639984131,0.9495584964752197,2.8854339122772217,-0.6084840893745422,1.0822117328643799,2.800971031188965,-0.7036815881729126,0.14555099606513977,2.6443121433258057,-0.7324107885360718,0.5973726511001587,2.6202237606048584,-0.7598097324371338,0.9974453449249268,2.6602210998535156,-0.7636145949363708,1.109693169593811,2.5499792098999023,-0.6284865736961365,-0.5497251749038696,2.545445442199707,-0.6291334629058838,-0.598990797996521,2.540257453918457,-0.6096231937408447,-0.6380382180213928,2.577454090118408,-0.5804693698883057,-0.6267333626747131,2.684093475341797,-0.6671276688575745,-0.6357133984565735,2.562547206878662,-0.7433986663818359,-0.6201462745666504,2.641857385635376,-0.6158847212791443,1.032475233078003,2.954127550125122,-0.767674446105957,1.0933870077133179,2.710300922393799
-0.6096926927566528,0.13853585720062256,2.6530230045318604,-0.6205003261566162,-0.044150471687316895,2.64619779586792,-0.6323815584182739,-0.22676752507686615,2.639302968978882,-0.6442631483078003,-0.40939003229141235,2.6324081420898438,-0.5945764780044556,-0.4137747883796692,2.6364870071411133,-0.4546644687652588,-0.4233146607875824,2.6480636596679688,-0.29586416482925415,-0.21379725635051727,2.6487135887145996,-0.2832922041416168,-0.2556231617927551,2.399728298187256,-0.28077781200408936,-0.26398834586143494,2.349931240081787,-0.2757490277290344,-0.28071871399879456,2.2503371238708496,-0.3261224925518036,-0.23605310916900635,2.2916197776794434,-0.6940789222717285,-0.4069902300834656,2.628253936767578,-0.8339909315109253,-0.39745035767555237,2.6166772842407227,-0.8751964569091797,-0.13931092619895935,2.6446354389190674,-0.9138005971908569,0.10996204614639282,2.6611850261688232,-0.9215214252471924,0.15981663763523102,2.6644949913024902,-0.9369630813598633,0.2595258355140686,2.671114921569824,-0.8695963025093079,0.218458890914917,2.6745758056640625,-0.5107693672180176,0.13233371078968048,2.6623880863189697,-0.5600709915161133,0.5702813863754272,2.7679390907287598,-0.6066392660140991,0.952122688293457,2.887505531311035,-0.6064295768737793,1.0848349332809448,2.8030471801757812,-0.7086160182952881,0.14473800361156464,2.643657922744751,-0.7320093512535095,0.5965759754180908,2.6178696155548096,-0.7585931420326233,0.9963300228118896,2.659792900085449,-0.7551081776618958,1.1094948053359985,2.5505802631378174,-0.6222104430198669,-0.5503640174865723,2.551555633544922,-0.6220014095306396,-0.5996412038803101,2.5464730262756348,-0.6042987108230591,-0.6383874416351318,2.5848639011383057,-0.581645667552948,-0.6265363097190857,2.693005084991455,-0.6608371734619141,-0.636740505695343,2.5665712356567383,-0.7418379187583923,-0.6218699812889099,2.641176223754883,-0.6222319006919861,1.0351656675338745,2.9555137157440186,-0.7686160802841187,1.0918598175048828,2.7101714611053467
-0.6155881285667419,0.13908997178077698,2.6530277729034424,-0.6245397925376892,-0.04375821352005005,2.6461689472198486,-0.6343142986297607,-0.22656241059303284,2.639260768890381,-0.6440891027450562,-0.4093720614910126,2.632352352142334,-0.594663143157959,-0.413274884223938,2.639293909072876,-0.45565587282180786,-0.4214484989643097,2.658900737762451,-0.30800679326057434,-0.2059773951768875,2.6841001510620117,-0.2886168360710144,-0.24092790484428406,2.4349610805511475,-0.28473883867263794,-0.2479180097579956,2.3851332664489746,-0.276982843875885,-0.2618982195854187,2.285477638244629,-0.32982537150382996,-0.2203429788351059,2.326645612716675,-0.6936212778091431,-0.4074561595916748,2.625335931777954,-0.8326285481452942,-0.3992825448513031,2.605729103088379,-0.8741275072097778,-0.14115026593208313,2.628281593322754,-0.9119160175323486,0.10819195210933685,2.6365432739257812,-0.9194737076759338,0.15806040167808533,2.638195514678955,-0.934589147567749,0.2577973008155823,2.641500234603882,-0.8679372668266296,0.21655210852622986,2.6498868465423584,-0.5172455906867981,0.13372495770454407,2.6677021980285645,-0.56437748670578,0.5724279284477234,2.7697532176971436,-0.6110034584999084,0.953673779964447,2.890289068222046,-0.605013370513916,1.0869569778442383,2.80714750289917,-0.7139306664466858,0.1444549858570099,2.6383533477783203,-0.7317817211151123,0.5963320732116699,2.61417555809021,-0.7575192451477051,0.9953844547271729,2.6605005264282227,-0.7471699118614197,1.1100059747695923,2.5534136295318604,-0.6152328848838806,-0.550428032875061,2.5538406372070312,-0.6140018105506897,-0.5997201800346375,2.549091100692749,-0.5980353355407715,-0.6379845142364502,2.5887017250061035,-0.5819934010505676,-0.6252073645591736,2.6979074478149414,-0.653407633304596,-0.6372854709625244,2.567094087600708,-0.738881528377533,-0.6232267618179321,2.636686325073242,-0.6285421252250671,1.0363279581069946,2.958181619644165,-0.7695481777191162,1.090194821357727,2.7116377353668213
-0.6257202625274658,0.1397116482257843,2.650050401687622,-0.6318811178207397,-0.04339757561683655,2.6436781883239746,-0.6386731863021851,-0.2264825850725174,2.637251853942871,-0.6454654932022095,-0.4095730781555176,2.6308252811431885,-0.596781849861145,-0.4127761721611023,2.642204523086548,-0.460662305355072,-0.4189452826976776,2.6740944385528564,-0.3500271439552307,-0.18786770105361938,2.7261509895324707,-0.31313571333885193,-0.2221369594335556,2.479868173599243,-0.30575743317604065,-0.2289908081293106,2.4306116104125977,-0.2910008728504181,-0.24269850552082062,2.3320984840393066,-0.3506948947906494,-0.20816390216350555,2.369666814804077,-0.6942229270935059,-0.40836000442504883,2.6193761825561523,-0.8303424715995789,-0.4021908938884735,2.5874862670898438,-0.8727532625198364,-0.1444559097290039,2.5984792709350586,-0.9091140627861023,0.10418058931827545,2.5915300846099854,-0.9163862466812134,0.1539078950881958,2.5901403427124023,-0.9309305548667908,0.2533625066280365,2.5873606204986572,-0.865894079208374,0.2125014066696167,2.603732109069824,-0.5288801789283752,0.1356533318758011,2.6730399131774902,-0.5694928765296936,0.5752162337303162,2.7708473205566406,-0.6140686869621277,0.9556671380996704,2.892486333847046,-0.5983069539070129,1.0894205570220947,2.811899185180664,-0.7225603461265564,0.14376996457576752,2.627060890197754,-0.7310664057731628,0.5954675078392029,2.608945846557617,-0.7555492520332336,0.9928232431411743,2.6640357971191406,-0.7343888282775879,1.109938144683838,2.5617175102233887,-0.6039245128631592,-0.5498175621032715,2.5567235946655273,-0.6006002426147461,-0.5990489721298218,2.5524513721466064,-0.5876741409301758,-0.6366398930549622,2.593766212463379,-0.5836765766143799,-0.6230112314224243,2.7039523124694824,-0.6404405236244202,-0.6378316879272461,2.566441297531128,-0.7331814765930176,-0.6263880729675293,2.6265316009521484,-0.6341812014579773,1.0378996133804321,2.959895133972168,-0.7707636952400208,1.086236834526062,2.716505289077759
-0.633001983165741,0.1384788453578949,2.6466808319091797,-0.6374291181564331,-0.044723376631736755,2.6403183937072754,-0.6424314975738525,-0.22790834307670593,2.633885622024536,-0.6474339962005615,-0.41109877824783325,2.6274526119232178,-0.5993692874908447,-0.4138966202735901,2.641343593597412,-0.46545660495758057,-0.41891518235206604,2.6801204681396484,-0.3849368691444397,-0.17686425149440765,2.7342281341552734,-0.3310256004333496,-0.21282024681568146,2.492008686065674,-0.32024335861206055,-0.22001144289970398,2.4435648918151855,-0.29867884516716003,-0.23439383506774902,2.34667706489563,-0.3635985553264618,-0.20578941702842712,2.3798928260803223,-0.6955531239509583,-0.41029202938079834,2.6134917736053467,-0.8294658064842224,-0.4052734673023224,2.5747148990631104,-0.8737276196479797,-0.148310124874115,2.577946186065674,-0.9102967977523804,0.09921053051948547,2.561643600463867,-0.9176106452941895,0.14871466159820557,2.558382987976074,-0.9322383403778076,0.24772292375564575,2.5518620014190674,-0.8682129383087158,0.20776450634002686,2.5728416442871094,-0.5373836755752563,0.13520292937755585,2.6744749546051025,-0.5772185921669006,0.5746712684631348,2.7715721130371094,-0.6233786940574646,0.9543371200561523,2.89414644241333,-0.6026687026023865,1.088452935218811,2.8155176639556885,-0.7286202907562256,0.14175476133823395,2.618886709213257,-0.7344980835914612,0.5933623909950256,2.606114387512207,-0.760424017906189,0.9897547960281372,2.665294647216797,-0.7336268424987793,1.1080782413482666,2.56589674949646,-0.597377598285675,-0.549788773059845,2.5557470321655273,-0.5924763679504395,-0.5988892912864685,2.551518678665161,-0.5813291072845459,-0.6363556385040283,2.5934557914733887,-0.585008978843689,-0.6232386231422424,2.7037086486816406,-0.6321144700050354,-0.638775110244751,2.562682867050171,-0.7289009094238281,-0.6300936937332153,2.616518974304199,-0.6456687450408936,1.0361871719360352,2.961214065551758,-0.7779983878135681,1.082444429397583,2.718153953552246
-0.6391683220863342,0.13724738359451294,2.645110607147217,-0.6422603726387024,-0.04599739611148834,2.6386830806732178,-0.6458576321601868,-0.22922982275485992,2.632167100906372,-0.6494550108909607,-0.41246774792671204,2.6256508827209473,-0.6020647287368774,-0.41496825218200684,2.641756534576416,-0.47054237127304077,-0.4191426932811737,2.6865341663360596,-0.41558149456977844,-0.1712513417005539,2.7427117824554443,-0.3453897535800934,-0.20496496558189392,2.505095958709717,-0.3313513994216919,-0.2117076963186264,2.4575726985931396,-0.3032746911048889,-0.22519314289093018,2.3625264167785645,-0.3720276951789856,-0.20213191211223602,2.391571521759033,-0.6968844532966614,-0.4119587540626526,2.6094744205474854,-0.828406810760498,-0.4077843129634857,2.564696788787842,-0.872667670249939,-0.15156492590904236,2.5602993965148926,-0.9074933528900146,0.09472088515758514,2.5347025394439697,-0.9144585132598877,0.1439780443906784,2.529583215713501,-0.928388774394989,0.24249237775802612,2.5193445682525635,-0.8657639026641846,0.203195258975029,2.5445690155029297,-0.5448571443557739,0.1345323771238327,2.6771442890167236,-0.5841538906097412,0.5740895867347717,2.772867202758789,-0.6320250630378723,0.9532891511917114,2.89548921585083,-0.6069884300231934,1.087550163269043,2.818560838699341,-0.7334794998168945,0.13996239006519318,2.61307692527771,-0.7378091812133789,0.5914129614830017,2.6035256385803223,-0.7656761407852173,0.987122118473053,2.6648263931274414,-0.7341749668121338,1.106158971786499,2.5678277015686035,-0.5917468667030334,-0.5493351817131042,2.5562515258789062,-0.5853777527809143,-0.5982645750045776,2.5520288944244385,-0.5758350491523743,-0.6357591152191162,2.594330310821533,-0.5864463448524475,-0.6235687136650085,2.704233407974243,-0.6246044039726257,-0.6391918063163757,2.560546636581421,-0.7246261835098267,-0.6332947015762329,2.608513116836548,-0.6563276648521423,1.0349353551864624,2.962006092071533,-0.7854655385017395,1.0793461799621582,2.71759295463562
-0.6441805958747864,0.13624340295791626,2.644211769104004,-0.6461590528488159,-0.04700702428817749,2.6374804973602295,-0.6485827565193176,-0.23024797439575195,2.6306369304656982,-0.6510065197944641,-0.41349440813064575,2.623793363571167,-0.6043457984924316,-0.4157864451408386,2.641932725906372,-0.47531676292419434,-0.41936972737312317,2.692181348800659,-0.439518004655838,-0.17034263908863068,2.755519390106201,-0.3540584146976471,-0.19298303127288818,2.522251605987549,-0.33696648478507996,-0.19751110672950745,2.475598096847534,-0.30278265476226807,-0.20656725764274597,2.382291078567505,-0.3742780089378357,-0.18882286548614502,2.4077305793762207,-0.6976936459541321,-0.41319406032562256,2.6055796146392822,-0.8267226815223694,-0.409610778093338,2.555330991744995,-0.8696746826171875,-0.15401044487953186,2.543870449066162,-0.9012754559516907,0.091032013297081,2.5094411373138428,-0.9075956344604492,0.14004050195217133,2.5025553703308105,-0.9202359318733215,0.23805749416351318,2.488783597946167,-0.8592992424964905,0.19922742247581482,2.5179824829101562,-0.5512780547142029,0.13391976058483124,2.680163621902466,-0.5900076031684875,0.5738464593887329,2.773621082305908,-0.6391209363937378,0.9533941745758057,2.8941810131073,-0.6098871827125549,1.087331771850586,2.8182923793792725,-0.7370831370353699,0.13856704533100128,2.608259916305542,-0.7406631112098694,0.5899024605751038,2.600961446762085,-0.7709183096885681,0.9851061105728149,2.6634271144866943,-0.7352863550186157,1.1046674251556396,2.568619728088379,-0.5864894986152649,-0.5483558773994446,2.5565154552459717,-0.5787887573242188,-0.5970855951309204,2.5522334575653076,-0.5707300901412964,-0.6347673535346985,2.5946731567382812,-0.5876230597496033,-0.6238879561424255,2.7039201259613037,-0.6174812316894531,-0.6389532089233398,2.5582313537597656,-0.7200846076011658,-0.6357479691505432,2.600667953491211,-0.6652365922927856,1.035264253616333,2.9596638679504395,-0.7928807139396667,1.0769869089126587,2.7158515453338623
-0.6494184732437134,0.13516733050346375,2.647329807281494,-0.6503484845161438,-0.04808935523033142,2.640476942062378,-0.6516115069389343,-0.23133909702301025,2.6334927082061768,-0.6528745889663696,-0.4145943522453308,2.6265082359313965,-0.6071381568908691,-0.41668373346328735,2.6468896865844727,-0.48104119300842285,-0.41969814896583557,2.7031779289245605,-0.46738407015800476,-0.17431066930294037,2.7842462062835693,-0.3575051724910736,-0.17257048189640045,2.5609874725341797,-0.3355293869972229,-0.17222245037555695,2.5163357257843018,-0.2915778160095215,-0.17152637243270874,2.427032232284546,-0.3661773204803467,-0.1604188084602356,2.445873975753784,-0.6986247301101685,-0.41449669003486633,2.606051206588745,-0.8247216939926147,-0.4114822745323181,2.5497629642486572,-0.8659253120422363,-0.15668141841888428,2.5309906005859375,-0.8933774828910828,0.08676598966121674,2.4873945713043213,-0.8988679051399231,0.13545547425746918,2.478675365447998,-0.9098487496376038,0.23283442854881287,2.4612369537353516,-0.8510274887084961,0.19459354877471924,2.494720935821533,-0.5582718253135681,0.13320085406303406,2.6875479221343994,-0.5952939391136169,0.5741313695907593,2.7763776779174805,-0.6443893909454346,0.9552249908447266,2.8916618824005127,-0.6100978255271912,1.0880844593048096,2.816065788269043,-0.7405651211738586,0.13713380694389343,2.607111692428589,-0.743077278137207,0.5883796811103821,2.5999062061309814,-0.7758197784423828,0.9834017753601074,2.661701202392578,-0.735728919506073,1.103090763092041,2.568913459777832,-0.5817222595214844,-0.5475842952728271,2.5622615814208984,-0.5727701187133789,-0.5961121916770935,2.5581204891204834,-0.5664352774620056,-0.6339510083198547,2.600712776184082,-0.5899392366409302,-0.6242691278457642,2.7088449001312256,-0.610867977142334,-0.6388061046600342,2.561554193496704,-0.7158318161964417,-0.6380252838134766,2.597895383834839,-0.6721850633621216,1.037969708442688,2.9552886486053467,-0.8000975847244263,1.0751794576644897,2.713228702545166
-0.6533821821212769,0.13446614146232605,2.6481266021728516,-0.6531363725662231,-0.04879130423069,2.641094923019409,-0.6530667543411255,-0.23204578459262848,2.6339826583862305,-0.6529971361160278,-0.4153057634830475,2.6268703937530518,-0.6083065271377563,-0.41716352105140686,2.6494762897491455,-0.48548948764801025,-0.41953209042549133,2.711707830429077,-0.4965948462486267,-0.18059472739696503,2.808992624282837,-0.36474287509918213,-0.14996227622032166,2.6008460521698,-0.33837246894836426,-0.14383578300476074,2.5592167377471924,-0.2856316864490509,-0.13158279657363892,2.4759581089019775,-0.3622797429561615,-0.12767966091632843,2.4872148036956787,-0.6976869702339172,-0.41543978452682495,2.60418701171875,-0.8205040097236633,-0.4130712151527405,2.5419554710388184,-0.8598652482032776,-0.15896406769752502,2.51831316947937,-0.8828824162483215,0.0831051617860794,2.468104362487793,-0.8874858617782593,0.13151900470256805,2.4580626487731934,-0.8966927528381348,0.22834670543670654,2.437978982925415,-0.8401233553886414,0.19051095843315125,2.4751977920532227,-0.5642174482345581,0.13287962973117828,2.6925907135009766,-0.5985404253005981,0.5747117400169373,2.777643918991089,-0.6469653248786926,0.9570358991622925,2.8888838291168213,-0.6074544787406921,1.0889617204666138,2.814249038696289,-0.7425469160079956,0.13605265319347382,2.6036624908447266,-0.7439282536506653,0.5872647166252136,2.5978751182556152,-0.7793555855751038,0.9818824529647827,2.6604273319244385,-0.7349160313606262,1.1020787954330444,2.570350408554077,-0.5756963491439819,-0.5464953780174255,2.566037893295288,-0.5655753016471863,-0.5948228240013123,2.562140703201294,-0.5609449148178101,-0.6328277587890625,2.6048190593719482,-0.590775191783905,-0.6243278980255127,2.7115020751953125,-0.6029737591743469,-0.6382692456245422,2.5631473064422607,-0.7098568677902222,-0.6397454142570496,2.5934321880340576,-0.676277220249176,1.0405019521713257,2.9508421421051025,-0.8059778809547424,1.0733562707901,2.7113037109375
-0.6559522151947021,0.13443896174430847,2.6471941471099854,-0.6544153094291687,-0.04881256818771362,2.639965772628784,-0.6529238224029541,-0.23206423223018646,2.6327314376831055,-0.6514322757720947,-0.415321409702301,2.6254968643188477,-0.6078804731369019,-0.4169415235519409,2.6502468585968018,-0.4886077344417572,-0.41865137219429016,2.7181484699249268,-0.5258588194847107,-0.18717482686042786,2.82525372505188,-0.3754236698150635,-0.12892387807369232,2.6370937824249268,-0.3453366458415985,-0.11727368831634521,2.599461793899536,-0.2851625978946686,-0.093973308801651,2.524197816848755,-0.36249223351478577,-0.09698663651943207,2.526732921600342,-0.6949679255485535,-0.4156930446624756,2.60066819190979,-0.8142406940460205,-0.41398319602012634,2.532766580581665,-0.8522018194198608,-0.16037434339523315,2.506649971008301,-0.8708095550537109,0.0806775689125061,2.452099323272705,-0.874531090259552,0.12888795137405396,2.4411892890930176,-0.8819742202758789,0.22530871629714966,2.4193689823150635,-0.8277943134307861,0.18770548701286316,2.4599387645721436,-0.5689375400543213,0.13325326144695282,2.6957552433013916,-0.6003870368003845,0.5755839943885803,2.7789461612701416,-0.6482583284378052,0.9584484696388245,2.888333797454834,-0.6037679314613342,1.089819073677063,2.8155953884124756,-0.742966890335083,0.13562466204166412,2.598633050918579,-0.743476390838623,0.5867961645126343,2.595411777496338,-0.7819417119026184,0.9807707667350769,2.659809112548828,-0.7334510087966919,1.1017611026763916,2.5729846954345703,-0.5688983798027039,-0.5449929237365723,2.5681662559509277,-0.5577998161315918,-0.5931547284126282,2.5645806789398193,-0.5547910332679749,-0.6313313841819763,2.6072888374328613,-0.5903116464614868,-0.623884916305542,2.712352752685547,-0.594508707523346,-0.6372185945510864,2.5634264945983887,-0.7028450965881348,-0.6405653953552246,2.588076114654541,-0.679045557975769,1.0422797203063965,2.949042558670044,-0.8109270334243774,1.0717655420303345,2.7102162837982178
-0.657344400882721,0.1343904435634613,2.644716501235962,-0.6546099185943604,-0.048863500356674194,2.637686014175415,-0.6518232822418213,-0.23211975395679474,2.630737066268921,-0.6490365266799927,-0.4153814911842346,2.6237878799438477,-0.6066266298294067,-0.41674578189849854,2.650466203689575,-0.4909000098705292,-0.41775134205818176,2.723393678665161,-0.5530779957771301,-0.19199450314044952,2.8302438259124756,-0.39139050245285034,-0.11224841326475143,2.660688877105713,-0.35905301570892334,-0.0962991937994957,2.6267778873443604,-0.29437804222106934,-0.06440076231956482,2.5589559078216553,-0.37091949582099915,-0.0739896297454834,2.5537054538726807,-0.6914162039756775,-0.4160090386867523,2.597034215927124,-0.8071427941322327,-0.4150034785270691,2.524106740951538,-0.8444893956184387,-0.16178762912750244,2.496974229812622,-0.859194815158844,0.07850202918052673,2.439565658569336,-0.8621358871459961,0.12655995786190033,2.428083896636963,-0.8680180311203003,0.22267583012580872,2.405120372772217,-0.8161907196044922,0.18525856733322144,2.448617458343506,-0.5724701881408691,0.13365298509597778,2.6969499588012695,-0.6015728116035461,0.5761590600013733,2.7798025608062744,-0.6494407057762146,0.9590405225753784,2.8889760971069336,-0.6006512641906738,1.0901869535446167,2.8186662197113037,-0.7422186136245728,0.13512790203094482,2.5924830436706543,-0.7423369288444519,0.586263120174408,2.5928022861480713,-0.7842339277267456,0.9793503284454346,2.6601486206054688,-0.7323371767997742,1.1014165878295898,2.5769031047821045,-0.5624366998672485,-0.5440993905067444,2.570068597793579,-0.5506054759025574,-0.5921576023101807,2.5669548511505127,-0.5490293502807617,-0.6303645372390747,2.6097705364227295,-0.5892766714096069,-0.6234372854232788,2.7132413387298584,-0.5867239236831665,-0.6366891264915466,2.5641582012176514,-0.6960779428482056,-0.6413570642471313,2.5840070247650146,-0.6816598176956177,1.0429521799087524,2.9488039016723633,-0.8154985308647156,1.0696905851364136,2.710345983505249
-0.6579201221466064,0.1338687539100647,2.641868829727173,-0.6543189287185669,-0.049403294920921326,2.6356074810028076,-0.6506158113479614,-0.23267889022827148,2.6295113563537598,-0.6469125747680664,-0.4159599542617798,2.623414993286133,-0.6055775284767151,-0.4170646071434021,2.6517438888549805,-0.4931846559047699,-0.4173600375652313,2.7288992404937744,-0.5755021572113037,-0.19404862821102142,2.8262321949005127,-0.4089932441711426,-0.10097062587738037,2.6689395904541016,-0.3756914734840393,-0.08235502243041992,2.6374809741973877,-0.3090879023075104,-0.04512382298707962,2.574563980102539,-0.38398027420043945,-0.06067190691828728,2.563810348510742,-0.6882074475288391,-0.4168474078178406,2.595020055770874,-0.8006002902984619,-0.41655197739601135,2.51786470413208,-0.8376010060310364,-0.1635616421699524,2.4905757904052734,-0.8486832976341248,0.07621027529239655,2.4312775135040283,-0.8508997559547424,0.1241646558046341,2.4194178581237793,-0.8553326725959778,0.22007343173027039,2.3956985473632812,-0.8056775331497192,0.1827278584241867,2.441589117050171,-0.5750852227210999,0.1336027979850769,2.6972954273223877,-0.6027387976646423,0.5760950446128845,2.7806382179260254,-0.6514614820480347,0.9586286544799805,2.8906030654907227,-0.5991998910903931,1.0898234844207764,2.82293963432312,-0.740755021572113,0.1341347098350525,2.586442232131958,-0.7411094307899475,0.5852391123771667,2.590294599533081,-0.7868017554283142,0.9773553013801575,2.6606881618499756,-0.7321957945823669,1.1005562543869019,2.5809295177459717,-0.5572775602340698,-0.5442718863487244,2.573340892791748,-0.5449352264404297,-0.5922873616218567,2.570847749710083,-0.5446029305458069,-0.6303588151931763,2.6138856410980225,-0.5886831283569336,-0.6233801245689392,2.7158968448638916,-0.5805961489677429,-0.6371719837188721,2.5669147968292236,-0.6906639337539673,-0.642684280872345,2.5828123092651367,-0.6851229071617126,1.0424082279205322,2.949812412261963,-0.8202345371246338,1.0669937133789062,2.7107388973236084
-0.6583050489425659,0.13175460696220398,2.6312763690948486,-0.6535244584083557,-0.05154058337211609,2.6265501976013184,-0.648600697517395,-0.23483876883983612,2.6220948696136475,-0.6436767578125,-0.4181424379348755,2.6176393032073975,-0.6041960120201111,-0.4188297986984253,2.6485140323638916,-0.4977877736091614,-0.4179970324039459,2.73184871673584,-0.5976487994194031,-0.1870986819267273,2.7850019931793213,-0.43266183137893677,-0.09060420095920563,2.6281838417053223,-0.39966443181037903,-0.0713053047657013,2.596820116043091,-0.33366963267326355,-0.03270750865340233,2.534092903137207,-0.40528303384780884,-0.05844312161207199,2.5208683013916016,-0.6831039786338806,-0.4194473624229431,2.586716413497925,-0.7895122170448303,-0.4202801287174225,2.5033817291259766,-0.8278390169143677,-0.1670566201210022,2.4805681705474854,-0.8334445953369141,0.07303522527217865,2.4218459129333496,-0.8345656991004944,0.12105359882116318,2.4101014137268066,-0.836807906627655,0.21709033846855164,2.3866124153137207,-0.7906738519668579,0.17924514412879944,2.4356539249420166,-0.5790338516235352,0.1322639286518097,2.691706657409668,-0.6080551743507385,0.573489785194397,2.7805182933807373,-0.6614553332328796,0.9538174867630005,2.895488977432251,-0.6048574447631836,1.086077332496643,2.8337340354919434,-0.7375762462615967,0.13124528527259827,2.5708460807800293,-0.7420997023582458,0.5820010900497437,2.585294485092163,-0.7954168319702148,0.97187340259552,2.6619489192962646,-0.7371235489845276,1.0973187685012817,2.588634490966797,-0.5476154088973999,-0.544538140296936,2.5731987953186035,-0.533942461013794,-0.5923899412155151,2.5714504718780518,-0.5354927778244019,-0.6306819915771484,2.614511489868164,-0.5864164233207703,-0.6250208020210266,2.7137691974639893,-0.568292498588562,-0.6382500529289246,2.5651371479034424,-0.6793489456176758,-0.6464636921882629,2.5738754272460938,-0.6981213688850403,1.0365067720413208,2.954397439956665,-0.8326203227043152,1.0600156784057617,2.7119386196136475
-0.6543145775794983,0.13024067878723145,2.6240148544311523,-0.6495320796966553,-0.053079426288604736,2.620088815689087,-0.644697904586792,-0.23640316724777222,2.6164023876190186,-0.6398636102676392,-0.41973239183425903,2.612715721130371,-0.6009049415588379,-0.42033660411834717,2.6442508697509766,-0.4963138699531555,-0.41928333044052124,2.729022979736328,-0.5842593312263489,-0.17825986444950104,2.745373249053955,-0.42172324657440186,-0.10410293191671371,2.574521064758301,-0.38921603560447693,-0.08927154541015625,2.5403506755828857,-0.3242016136646271,-0.05960877239704132,2.4720098972320557,-0.3962860703468323,-0.0859871506690979,2.463517427444458,-0.6787697672843933,-0.4211207628250122,2.5811405181884766,-0.7833608388900757,-0.42217403650283813,2.496368408203125,-0.8242965936660767,-0.1688540279865265,2.4806430339813232,-0.8299622535705566,0.07245643436908722,2.4273059368133545,-0.8310953974723816,0.12071852385997772,2.4166386127471924,-0.8333616256713867,0.21724271774291992,2.395303726196289,-0.7880263328552246,0.17850783467292786,2.4443795680999756,-0.5761489868164062,0.13095512986183167,2.68587327003479,-0.6092596054077148,0.5711331367492676,2.7782750129699707,-0.6666306853294373,0.9501545429229736,2.8955583572387695,-0.6096554398536682,1.0832242965698242,2.8359460830688477,-0.7324801683425903,0.12952622771263123,2.5621564388275146,-0.7414379715919495,0.5800034999847412,2.581676721572876,-0.7986414432525635,0.9688751697540283,2.6604843139648438,-0.7398824691772461,1.0952743291854858,2.589224338531494,-0.5421971678733826,-0.5453965663909912,2.5689053535461426,-0.5281732678413391,-0.5932109951972961,2.567065715789795,-0.5301363468170166,-0.6318343281745911,2.6099140644073486,-0.5826717019081116,-0.6271184682846069,2.708543300628662,-0.5621715784072876,-0.6393070816993713,2.5599327087402344,-0.6734381914138794,-0.6482913494110107,2.566929578781128,-0.7047461271286011,1.032138466835022,2.9545235633850098,-0.8372955918312073,1.056365966796875,2.7105069160461426
-0.6505187749862671,0.12864863872528076,2.6188061237335205,-0.6458697319030762,-0.05469813942909241,2.6156439781188965,-0.641247034072876,-0.2380490005016327,2.6126861572265625,-0.6366241574287415,-0.4214053750038147,2.6097283363342285,-0.5981385707855225,-0.42195045948028564,2.641843557357788,-0.4952399730682373,-0.420742928981781,2.727809190750122,-0.5705697536468506,-0.17532002925872803,2.714961290359497,-0.4109329283237457,-0.12005048245191574,2.534548759460449,-0.3790055513381958,-0.10899657011032104,2.4984662532806396,-0.31515082716941833,-0.08688875287771225,2.4263012409210205,-0.3878316879272461,-0.11257389187812805,2.4218409061431885,-0.6750595569610596,-0.42285311222076416,2.577580690383911,-0.7779581546783447,-0.4240606427192688,2.491615056991577,-0.8205043077468872,-0.17073601484298706,2.4822075366973877,-0.8253586888313293,0.07158011198043823,2.433765172958374,-0.8263295888900757,0.12004333734512329,2.424076795578003,-0.8282713294029236,0.2169697880744934,2.4046998023986816,-0.7838813662528992,0.17726406455039978,2.453843593597412,-0.5734061002731323,0.12951445579528809,2.6819748878479004,-0.6103071570396423,0.568958044052124,2.776545763015747,-0.6708625555038452,0.9473412036895752,2.89437198638916,-0.6133653521537781,1.0808426141738892,2.8362185955047607,-0.7276314496994019,0.12778282165527344,2.5556373596191406,-0.740795373916626,0.5780243873596191,2.5785560607910156,-0.8013976216316223,0.9662798643112183,2.657984495162964,-0.7421690225601196,1.093292474746704,2.588198184967041,-0.5378921031951904,-0.5466488599777222,2.56640625,-0.523697555065155,-0.5944661498069763,2.5644371509552,-0.5261678695678711,-0.633432149887085,2.6070356369018555,-0.5801747441291809,-0.6295287013053894,2.7050461769104004,-0.5575032830238342,-0.6406527757644653,2.5564961433410645,-0.668958306312561,-0.6499871611595154,2.5618512630462646,-0.7102134227752686,1.0289684534072876,2.9530317783355713,-0.8413412570953369,1.0533608198165894,2.7077226638793945
-0.6472970247268677,0.12769463658332825,2.6143364906311035,-0.6428955793380737,-0.05567695200443268,2.611816644668579,-0.6385497450828552,-0.239052414894104,2.6094908714294434,-0.6342037916183472,-0.42243337631225586,2.6071650981903076,-0.5961692929267883,-0.4229434132575989,2.639817714691162,-0.4949429929256439,-0.42164772748947144,2.7268080711364746,-0.5690709948539734,-0.17671990394592285,2.703360080718994,-0.4144274592399597,-0.11659912765026093,2.520266056060791,-0.38349875807762146,-0.10457497090101242,2.483647346496582,-0.32164135575294495,-0.08052666485309601,2.410409688949585,-0.3934267461299896,-0.10872836410999298,2.4072084426879883,-0.6721910238265991,-0.42391645908355713,2.5744872093200684,-0.7734173536300659,-0.42521214485168457,2.487496852874756,-0.8162845969200134,-0.17186805605888367,2.4838132858276367,-0.8193066120147705,0.07125397026538849,2.439823865890503,-0.819911003112793,0.1198783814907074,2.431025981903076,-0.8211197853088379,0.21712720394134521,2.4134302139282227,-0.7777314782142639,0.1763281673192978,2.462538480758667,-0.5712360739707947,0.12863491475582123,2.678767442703247,-0.6111958026885986,0.5675305724143982,2.774994134902954,-0.6739705801010132,0.9456892013549805,2.892613172531128,-0.6156721711158752,1.0793801546096802,2.835632562637329,-0.7233579754829407,0.12675435841083527,2.54990553855896,-0.7390722632408142,0.5768288969993591,2.575822591781616,-0.8018565773963928,0.9646918773651123,2.655818462371826,-0.7417323589324951,1.0921372175216675,2.58754301071167,-0.5347896218299866,-0.5474379658699036,2.564164161682129,-0.5205503702163696,-0.5952794551849365,2.5620100498199463,-0.523594081401825,-0.634613037109375,2.6043009757995605,-0.5789713859558105,-0.6314786076545715,2.70168399810791,-0.5542681813240051,-0.6414438486099243,2.5532424449920654,-0.6658813953399658,-0.65083247423172,2.5570180416107178,-0.7143282890319824,1.027178406715393,2.950813055038452,-0.8428260684013367,1.0514976978302002,2.705242156982422
-0.6443259119987488,0.12692588567733765,2.610509157180786,-0.640253484249115,-0.056463226675987244,2.608445882797241,-0.6363005638122559,-0.23985660076141357,2.606532096862793,-0.6323475241661072,-0.42325544357299805,2.6046180725097656,-0.5947686433792114,-0.4237889051437378,2.6377956867218018,-0.49522101879119873,-0.4225611984729767,2.725761651992798,-0.570439875125885,-0.17842347919940948,2.698438882827759,-0.41861945390701294,-0.1050611063838005,2.5178945064544678,-0.38825535774230957,-0.09038863331079483,2.481785535812378,-0.32752716541290283,-0.06104368343949318,2.4095678329467773,-0.3978462815284729,-0.09255211055278778,2.4052371978759766,-0.6698833703994751,-0.4247152805328369,2.5714199542999268,-0.7694309949874878,-0.425942987203598,2.4834539890289307,-0.811262845993042,-0.17245858907699585,2.4852936267852783,-0.8111419081687927,0.07137155532836914,2.4456121921539307,-0.8111177086830139,0.12013758718967438,2.437675952911377,-0.8110693097114563,0.21766965091228485,2.4218032360076904,-0.7688837647438049,0.17557114362716675,2.4708380699157715,-0.5693570375442505,0.12785160541534424,2.676203727722168,-0.611750602722168,0.5664376020431519,2.7732322216033936,-0.6759838461875916,0.9447940587997437,2.8897032737731934,-0.6165957450866699,1.0784207582473755,2.83361554145813,-0.7192947864532471,0.12600016593933105,2.5448145866394043,-0.7366922497749329,0.5759404897689819,2.5734591484069824,-0.8017986416816711,0.963230550289154,2.6547770500183105,-0.7407702803611755,1.0912635326385498,2.5883545875549316,-0.5326370596885681,-0.5482056140899658,2.5616886615753174,-0.5184745192527771,-0.5960951447486877,2.5592801570892334,-0.5221293568611145,-0.6358240246772766,2.601208209991455,-0.5787252187728882,-0.6334179639816284,2.6980020999908447,-0.5522149205207825,-0.6421299576759338,2.5496835708618164,-0.6639676094055176,-0.6512847542762756,2.552015781402588,-0.7171909213066101,1.026370644569397,2.9472227096557617,-0.8438435792922974,1.0496495962142944,2.704023838043213
-0.6417896151542664,0.1269705593585968,2.6072661876678467,-0.6380959153175354,-0.05643250048160553,2.605536460876465,-0.6346186995506287,-0.23984043300151825,2.603874921798706,-0.6311413645744324,-0.4232538342475891,2.602213144302368,-0.5940404534339905,-0.4238530397415161,2.6359241008758545,-0.49617964029312134,-0.4228039085865021,2.724912405014038,-0.57292640209198,-0.1790548712015152,2.698394775390625,-0.4230026602745056,-0.08815360814332962,2.5243635177612305,-0.3930179178714752,-0.06997335702180862,2.4895572662353516,-0.33304843306541443,-0.033612851053476334,2.4199447631835938,-0.4015384614467621,-0.0684734433889389,2.4128670692443848,-0.6682044267654419,-0.42464813590049744,2.568484306335449,-0.766065239906311,-0.4256972670555115,2.4794960021972656,-0.8064036965370178,-0.1720525026321411,2.486128568649292,-0.8026154637336731,0.07230325043201447,2.4500322341918945,-0.8018578290939331,0.1211744025349617,2.442812919616699,-0.8003425598144531,0.21891671419143677,2.4283742904663086,-0.7594397068023682,0.17557746171951294,2.47741436958313,-0.5679944157600403,0.12782488763332367,2.6742665767669678,-0.6119871139526367,0.5662216544151306,2.771653413772583,-0.6769049167633057,0.944976806640625,2.886580467224121,-0.6161154508590698,1.078345775604248,2.8313422203063965,-0.7155848145484924,0.12611623108386993,2.5402657985687256,-0.7340512871742249,0.5758895874023438,2.5714778900146484,-0.8018209934234619,0.9623336791992188,2.6548221111297607,-0.7399465441703796,1.091107964515686,2.5906143188476562,-0.5314575433731079,-0.5483832359313965,2.5592727661132812,-0.5174775719642639,-0.5963509678840637,2.5566022396087646,-0.5217829942703247,-0.6364536881446838,2.598170042037964,-0.5794828534126282,-0.6346209645271301,2.6944191455841064,-0.5513439178466797,-0.6421769857406616,2.5462238788604736,-0.6632388830184937,-0.6508369445800781,2.547238349914551,-0.7188073396682739,1.0267722606658936,2.9433021545410156,-0.84503573179245,1.048223614692688,2.7040061950683594
-0.639144241809845,0.1270354688167572,2.6039113998413086,-0.6359282732009888,-0.05637514591217041,2.6023037433624268,-0.6330154538154602,-0.23979072272777557,2.600684881210327,-0.6301025748252869,-0.42321181297302246,2.5990660190582275,-0.5934743285179138,-0.42392921447753906,2.633286714553833,-0.4972001314163208,-0.42319467663764954,2.723294496536255,-0.5723640322685242,-0.17881137132644653,2.698742151260376,-0.42560726404190063,-0.0738435685634613,2.5300934314727783,-0.3962559103965759,-0.05285000801086426,2.496363639831543,-0.3375532031059265,-0.010862886905670166,2.4289040565490723,-0.4046972990036011,-0.04777992144227028,2.4198360443115234,-0.6666991710662842,-0.4244878888130188,2.5648279190063477,-0.7629733681678772,-0.4252224266529083,2.474820137023926,-0.8019999861717224,-0.17157012224197388,2.4854538440704346,-0.7947549223899841,0.07305559515953064,2.45222806930542,-0.7933059334754944,0.12198074162006378,2.445582866668701,-0.7904078960418701,0.21983101963996887,2.4322924613952637,-0.7507349848747253,0.17545336484909058,2.4813854694366455,-0.5664924383163452,0.12771138548851013,2.672135353088379,-0.6106840372085571,0.5660419464111328,2.769824743270874,-0.6757715940475464,0.9450083374977112,2.884021043777466,-0.6134659051895142,1.0781514644622803,2.82991886138916,-0.7117960453033447,0.12635955214500427,2.5356874465942383,-0.7313360571861267,0.5759567022323608,2.569009780883789,-0.8022475838661194,0.9613845944404602,2.654505968093872,-0.7397896647453308,1.0909810066223145,2.592539072036743,-0.5305191278457642,-0.5485048890113831,2.5558793544769287,-0.5167250037193298,-0.5965480804443359,2.552896022796631,-0.5216106176376343,-0.6370406150817871,2.5940823554992676,-0.5802515149116516,-0.6358185410499573,2.6898717880249023,-0.5507287979125977,-0.6421526670455933,2.5417704582214355,-0.6627530455589294,-0.6503027677536011,2.541654348373413,-0.7182360291481018,1.026949405670166,2.9401204586029053,-0.8467040657997131,1.0466617345809937,2.703660249710083
-0.6368939876556396,0.1272139549255371,2.602046251296997,-0.6341549754142761,-0.05619615316390991,2.600383758544922,-0.6317949891090393,-0.239610493183136,2.5986099243164062,-0.6294349431991577,-0.4230303168296814,2.5968360900878906,-0.5933002829551697,-0.4238983392715454,2.631570816040039,-0.4985874891281128,-0.42356076836586,2.7226722240448,-0.5723735690116882,-0.17841045558452606,2.7041735649108887,-0.42677903175354004,-0.05649053305387497,2.546527147293091,-0.39766010642051697,-0.03210654854774475,2.514997959136963,-0.3394222855567932,0.016661420464515686,2.451939344406128,-0.4048401713371277,-0.02201145887374878,2.438894033432007,-0.6655439734458923,-0.4241558313369751,2.562081813812256,-0.7602567672729492,-0.4244934022426605,2.470980405807495,-0.7979363799095154,-0.17098402976989746,2.48507022857666,-0.7868625521659851,0.07363022863864899,2.454153060913086,-0.7846477627754211,0.12255308032035828,2.447969675064087,-0.780218243598938,0.22039878368377686,2.435602903366089,-0.741973876953125,0.17509333789348602,2.484898328781128,-0.565391480922699,0.12765257060527802,2.6714560985565186,-0.6084636449813843,0.5661223530769348,2.769064426422119,-0.6728881597518921,0.9454224109649658,2.882556200027466,-0.6088069677352905,1.078195571899414,2.8296217918395996,-0.7083964943885803,0.1267753392457962,2.5326364040374756,-0.7285273671150208,0.5762951374053955,2.5667684078216553,-0.8024626970291138,0.9608748555183411,2.6535520553588867,-0.739450216293335,1.0911253690719604,2.593540668487549,-0.5299661159515381,-0.5484402775764465,2.5532047748565674,-0.5163490176200867,-0.5965527296066284,2.5498571395874023,-0.5217640399932861,-0.6374619007110596,2.590630054473877,-0.5812504291534424,-0.6369231343269348,2.686011791229248,-0.5504875779151917,-0.6419283747673035,2.537985324859619,-0.6626337170600891,-0.6495780944824219,2.536851167678833,-0.7157233953475952,1.0275980234146118,2.9380316734313965,-0.8481119871139526,1.0456511974334717,2.702483654022217
-0.6336143612861633,0.1278248131275177,2.597525119781494,-0.6315381526947021,-0.05554604530334473,2.5963666439056396,-0.6298950910568237,-0.23891988396644592,2.5950050354003906,-0.6282519698143005,-0.42229920625686646,2.5936434268951416,-0.5938358306884766,-0.4232579469680786,2.6300599575042725,-0.5040437579154968,-0.42315924167633057,2.7251150608062744,-0.5702424645423889,-0.17579948902130127,2.7172584533691406,-0.43472445011138916,-0.016768530011177063,2.586784601211548,-0.4076208472251892,0.015037663280963898,2.560689926147461,-0.3534136414527893,0.07865004986524582,2.508500337600708,-0.4140210747718811,0.036366626620292664,2.487025499343872,-0.6626502871513367,-0.4233335852622986,2.5572118759155273,-0.7524423599243164,-0.42343229055404663,2.4621567726135254,-0.7915642261505127,-0.1712106168270111,2.484168767929077,-0.7695035934448242,0.07245023548603058,2.455496311187744,-0.7650914788246155,0.1211824119091034,2.4497618675231934,-0.756267249584198,0.21864676475524902,2.4382927417755127,-0.7228254079818726,0.17182639241218567,2.489398717880249,-0.565833330154419,0.12813134491443634,2.6704769134521484,-0.6051231026649475,0.5669289231300354,2.768336057662964,-0.6692298650741577,0.9462300539016724,2.8820910453796387,-0.6005377173423767,1.0784273147583008,2.8336610794067383,-0.7013953924179077,0.12751828134059906,2.52457332611084,-0.7212771773338318,0.5768516063690186,2.5615549087524414,-0.8044007420539856,0.9583851099014282,2.6534345149993896,-0.7398402690887451,1.0907518863677979,2.6000380516052246,-0.5276644229888916,-0.5476414561271667,2.550549030303955,-0.5140042304992676,-0.595867931842804,2.546851634979248,-0.5204755663871765,-0.6374466419219971,2.587029457092285,-0.5824092626571655,-0.6381170153617859,2.6812310218811035,-0.5480157732963562,-0.6411435604095459,2.5335001945495605,-0.6604398488998413,-0.6485915184020996,2.529564142227173,-0.7134961485862732,1.0285979509353638,2.936152696609497,-0.8536287546157837,1.041440725326538,2.701859951019287
-0.6304165124893188,0.12916231155395508,2.595353364944458,-0.6291301250457764,-0.05417719483375549,2.5944902896881104,-0.6282939910888672,-0.23751822113990784,2.593419313430786,-0.627457857131958,-0.4208647608757019,2.592348337173462,-0.5938735604286194,-0.4219251275062561,2.6295158863067627,-0.5064154863357544,-0.42209187150001526,2.7263336181640625,-0.5659191608428955,-0.17299646139144897,2.7260427474975586,-0.43996530771255493,0.0038822293281555176,2.609893798828125,-0.4147745370864868,0.0392579659819603,2.5866639614105225,-0.3643929958343506,0.11000943928956985,2.5402042865753174,-0.42281681299209595,0.06663870811462402,2.5152204036712646,-0.661033034324646,-0.42179709672927856,2.555169105529785,-0.748491108417511,-0.4216303527355194,2.4583513736724854,-0.7867723703384399,-0.16978719830513,2.4847874641418457,-0.7558518052101135,0.0729241669178009,2.4569284915924072,-0.7496677041053772,0.12146644294261932,2.4513566493988037,-0.7372995018959045,0.21855098009109497,2.440213203430176,-0.7069491744041443,0.17068609595298767,2.4922358989715576,-0.5644626617431641,0.1292741298675537,2.6699092388153076,-0.6004562377929688,0.568240225315094,2.7683486938476562,-0.6641402840614319,0.9472189545631409,2.883455276489258,-0.5932901501655579,1.079207420349121,2.8376171588897705,-0.6963703632354736,0.12905049324035645,2.5207974910736084,-0.7135295271873474,0.578315019607544,2.560091733932495,-0.8004624843597412,0.9579811096191406,2.6561458110809326,-0.7350565791130066,1.0914487838745117,2.606645345687866,-0.5272891521453857,-0.5468065142631531,2.549077033996582,-0.5138837695121765,-0.595169186592102,2.545219659805298,-0.5207942724227905,-0.6369470357894897,2.5852420330047607,-0.5832411646842957,-0.6376610398292542,2.6793036460876465,-0.5481583476066589,-0.6402451992034912,2.531496047973633,-0.6607728004455566,-0.6470057964324951,2.5270237922668457,-0.7089850306510925,1.0295490026474,2.937103509902954,-0.8512421250343323,1.040047287940979,2.7046639919281006
-0.6268471479415894,0.13042345643043518,2.591420888900757,-0.626228392124176,-0.05286116898059845,2.591026544570923,-0.6260210275650024,-0.23614634573459625,2.5904905796051025,-0.6258136630058289,-0.4194370210170746,2.5899546146392822,-0.5930900573730469,-0.42050689458847046,2.6278603076934814,-0.5079818367958069,-0.420698881149292,2.726457118988037,-0.5641692876815796,-0.17094311118125916,2.730088710784912,-0.4518377482891083,0.02260914444923401,2.6275112628936768,-0.4293714463710785,0.06131959334015846,2.6069958209991455,-0.3844388425350189,0.13874049484729767,2.565964937210083,-0.43978533148765564,0.09334012120962143,2.5378503799438477,-0.6585350036621094,-0.4203592538833618,2.5520431995391846,-0.7436432242393494,-0.4201672673225403,2.453446388244629,-0.7801908850669861,-0.16864782571792603,2.4842748641967773,-0.7396584153175354,0.07272396981716156,2.457822322845459,-0.7315519452095032,0.1209983229637146,2.4525318145751953,-0.715338945388794,0.21754702925682068,2.441950798034668,-0.6882670521736145,0.16856689751148224,2.494704008102417,-0.5627560615539551,0.13047605752944946,2.6675281524658203,-0.5971453785896301,0.5692235827445984,2.767606735229492,-0.6606429219245911,0.9479047656059265,2.8838605880737305,-0.5878548622131348,1.0796804428100586,2.8404855728149414,-0.6909382343292236,0.1303708553314209,2.5153136253356934,-0.7059321403503418,0.5793914794921875,2.5583648681640625,-0.7964947819709778,0.9570593237876892,2.6589224338531494,-0.7302930951118469,1.0915775299072266,2.6134636402130127,-0.5262241363525391,-0.5462369918823242,2.5470144748687744,-0.5131508111953735,-0.5947580933570862,2.543147563934326,-0.5206366777420044,-0.6366055011749268,2.5831046104431152,-0.5837432742118835,-0.6370022296905518,2.6769049167633057,-0.5477317571640015,-0.6396034359931946,2.5291168689727783,-0.6605126857757568,-0.6454962491989136,2.5239388942718506,-0.7060714960098267,1.030206561088562,2.93707013130188,-0.848749577999115,1.0381091833114624,2.707594633102417
-0.6229130029678345,0.13076317310333252,2.586616039276123,-0.6229820251464844,-0.052462056279182434,2.5869853496551514,-0.6234368681907654,-0.23568683862686157,2.5872859954833984,-0.6238917112350464,-0.41891711950302124,2.5875866413116455,-0.5920331478118896,-0.4199286103248596,2.62620210647583,-0.5092704892158508,-0.4199695289134979,2.726505994796753,-0.5617511868476868,-0.169414222240448,2.7252542972564697,-0.45824986696243286,0.0304146409034729,2.6255269050598145,-0.4375495910644531,0.07038041204214096,2.605581521987915,-0.39614906907081604,0.15031194686889648,2.565690517425537,-0.4497986137866974,0.10320238023996353,2.5371253490448,-0.6557552814483643,-0.41989707946777344,2.5489742755889893,-0.7385179400444031,-0.41985616087913513,2.4486703872680664,-0.7725354433059692,-0.1685638725757599,2.4837236404418945,-0.7213992476463318,0.07093019783496857,2.4588775634765625,-0.7111719846725464,0.11882901191711426,2.4539084434509277,-0.6907175183296204,0.21462664008140564,2.443969964981079,-0.6671819686889648,0.16454295814037323,2.4973671436309814,-0.5606842637062073,0.1308961659669876,2.664202928543091,-0.5948019027709961,0.569158136844635,2.7666656970977783,-0.6584452986717224,0.9475001692771912,2.8840689659118652,-0.5839601755142212,1.0791138410568237,2.8430964946746826,-0.6851417422294617,0.13063018023967743,2.5090291500091553,-0.6989396810531616,0.579269528388977,2.5566577911376953,-0.7933070659637451,0.9548255205154419,2.661677837371826,-0.7265059351921082,1.0903584957122803,2.620236396789551,-0.5248003005981445,-0.5464680790901184,2.5450801849365234,-0.5120267271995544,-0.5951211452484131,2.5412211418151855,-0.5200837850570679,-0.6370185017585754,2.581098794937134,-0.583891749382019,-0.6371201872825623,2.6745593547821045,-0.5468572974205017,-0.639746367931366,2.526869773864746,-0.6597499847412109,-0.6448490619659424,2.5209100246429443,-0.7044881582260132,1.029742956161499,2.936861038208008,-0.8470299243927002,1.0348331928253174,2.710498332977295
-0.6192951202392578,0.13102054595947266,2.5805046558380127,-0.619966983795166,-0.05213242769241333,2.5818817615509033,-0.6209729909896851,-0.23528359830379486,2.583296537399292,-0.6219790577888489,-0.4184402525424957,2.5847113132476807,-0.5909731388092041,-0.4193025231361389,2.623995542526245,-0.510517954826355,-0.41895732283592224,2.725893259048462,-0.5592765212059021,-0.16796541213989258,2.7147393226623535,-0.4597702920436859,0.03208090364933014,2.611602306365967,-0.4398690462112427,0.07209016382694244,2.590974807739258,-0.4000665545463562,0.15210869908332825,2.549720048904419,-0.4528665542602539,0.10356198996305466,2.522047519683838,-0.6529958844184875,-0.41956865787506104,2.545442581176758,-0.7334510684013367,-0.4199138581752777,2.443544864654541,-0.7634255290031433,-0.16878166794776917,2.4826972484588623,-0.7004013061523438,0.06796331703662872,2.4595229625701904,-0.6877964735031128,0.11531231552362442,2.454888105392456,-0.6625868082046509,0.2100103199481964,2.4456183910369873,-0.6427874565124512,0.15885388851165771,2.499483108520508,-0.5588182210922241,0.13139203190803528,2.6594173908233643,-0.5940952897071838,0.5690546035766602,2.7643051147460938,-0.6595993041992188,0.9466300010681152,2.88333797454834,-0.584137499332428,1.0784674882888794,2.844862461090088,-0.6797720193862915,0.13064906001091003,2.501591920852661,-0.6928669214248657,0.5787495970726013,2.554778814315796,-0.7905566096305847,0.9521733522415161,2.6644792556762695,-0.7232350707054138,1.0886114835739136,2.626950263977051,-0.5233442783355713,-0.5467473268508911,2.5429630279541016,-0.5108550786972046,-0.5955193042755127,2.5392112731933594,-0.5194976329803467,-0.6373793482780457,2.579066038131714,-0.5840578079223633,-0.6370292901992798,2.672104835510254,-0.5458948016166687,-0.6399490237236023,2.524597644805908,-0.658849835395813,-0.6443101167678833,2.517777681350708,-0.7065879106521606,1.0285426378250122,2.9358408451080322,-0.8455603718757629,1.0311685800552368,2.7135555744171143
-0.6176723837852478,0.13132405281066895,2.5730926990509033,-0.6187218427658081,-0.05171002447605133,2.575687885284424,-0.6199530959129333,-0.23473945260047913,2.5785207748413086,-0.6211844086647034,-0.41777437925338745,2.5813539028167725,-0.5910489559173584,-0.4183540940284729,2.621279001235962,-0.5129389762878418,-0.41727879643440247,2.724700927734375,-0.5612934231758118,-0.16657307744026184,2.707949638366699,-0.4706745743751526,0.03945918381214142,2.6085939407348633,-0.4525507986545563,0.08066563308238983,2.5887227058410645,-0.41630327701568604,0.16307854652404785,2.548980474472046,-0.46641987562179565,0.11244578659534454,2.520124912261963,-0.651333212852478,-0.41918402910232544,2.541459321975708,-0.7294431924819946,-0.4202593266963959,2.438037395477295,-0.7541797161102295,-0.1693032681941986,2.4814109802246094,-0.6772990822792053,0.06342105567455292,2.459930419921875,-0.6619229316711426,0.10996592044830322,2.455634355545044,-0.6311706900596619,0.20305564999580383,2.447042226791382,-0.6156390905380249,0.1509155035018921,2.5013389587402344,-0.558870792388916,0.13212281465530396,2.6532042026519775,-0.5947036743164062,0.5691160559654236,2.7610700130462646,-0.6616812944412231,0.9457957744598389,2.882389783859253,-0.5852818489074707,1.0778591632843018,2.8464882373809814,-0.6764739751815796,0.13052529096603394,2.492981195449829,-0.6879788041114807,0.5779422521591187,2.552712917327881,-0.787375807762146,0.9495038986206055,2.667405128479004,-0.719156801700592,1.0865380764007568,2.633725166320801,-0.5228183269500732,-0.546843945980072,2.5409536361694336,-0.5105560421943665,-0.5957251787185669,2.537489891052246,-0.5198004245758057,-0.6374167203903198,2.5774359703063965,-0.5852499008178711,-0.6363759636878967,2.669926881790161,-0.5457236766815186,-0.6400414705276489,2.5227038860321045,-0.6586991548538208,-0.6438127756118774,2.514853000640869,-0.7094736099243164,1.0273345708847046,2.9347968101501465,-0.8432478308677673,1.027679681777954,2.716862440109253
-0.6155793070793152,0.131192147731781,2.563591241836548,-0.61701899766922,-0.05166596174240112,2.5676746368408203,-0.6185056567192078,-0.23451238870620728,2.572237253189087,-0.6199923157691956,-0.41736429929733276,2.5767998695373535,-0.5907396674156189,-0.4175851345062256,2.61733078956604,-0.5149698257446289,-0.41558390855789185,2.722219944000244,-0.5626100301742554,-0.16550007462501526,2.697197914123535,-0.48040246963500977,0.044117942452430725,2.5981879234313965,-0.4639609456062317,0.08604153990745544,2.578385829925537,-0.4310779273509979,0.16988873481750488,2.5387818813323975,-0.47876203060150146,0.1171209067106247,2.5096845626831055,-0.6492611765861511,-0.419130802154541,2.536318778991699,-0.7250310182571411,-0.42113202810287476,2.431429624557495,-0.7434644103050232,-0.1705634891986847,2.4795258045196533,-0.650246262550354,0.05622853338718414,2.4601216316223145,-0.6316026449203491,0.10158693790435791,2.4562408924102783,-0.5943154096603394,0.19230374693870544,2.448479175567627,-0.5838680267333984,0.1393345296382904,2.503159999847412,-0.5584459900856018,0.1325562447309494,2.6448192596435547,-0.5938451290130615,0.5686070919036865,2.7572720050811768,-0.6611343622207642,0.94423907995224,2.882127285003662,-0.5835562348365784,1.076425552368164,2.8490545749664307,-0.6727126240730286,0.1298280507326126,2.482363224029541,-0.6834485530853271,0.5763420462608337,2.5498104095458984,-0.7844703197479248,0.945902943611145,2.6699578762054443,-0.7154214382171631,1.083503007888794,2.6402268409729004,-0.5216937065124512,-0.5471159219741821,2.538174629211426,-0.5096037983894348,-0.5960870981216431,2.5350940227508545,-0.5195038318634033,-0.637555718421936,2.5751500129699707,-0.5860528945922852,-0.6357678174972534,2.6668992042541504,-0.5448068380355835,-0.6403400897979736,2.520108938217163,-0.6577447652816772,-0.6436569094657898,2.5109493732452393,-0.7094234824180603,1.0253875255584717,2.934769868850708,-0.8411605358123779,1.0232232809066772,2.7199175357818604
-0.6122637987136841,0.12986359000205994,2.5538198947906494,-0.6140609979629517,-0.05280447006225586,2.559361696243286,-0.6158216595649719,-0.23545190691947937,2.565556764602661,-0.617582380771637,-0.4181048274040222,2.5717520713806152,-0.5892515778541565,-0.41797661781311035,2.6128838062286377,-0.5159406065940857,-0.4150773584842682,2.719196319580078,-0.5628060102462769,-0.16621080040931702,2.6832053661346436,-0.4842858612537384,0.04318557679653168,2.580843210220337,-0.46858182549476624,0.0850648581981659,2.560370683670044,-0.4371737539768219,0.16882342100143433,2.519425868988037,-0.4829277992248535,0.11417362093925476,2.4907236099243164,-0.6459323167800903,-0.42021822929382324,2.5306878089904785,-0.7192432880401611,-0.4231174886226654,2.424375295639038,-0.730492115020752,-0.17329011857509613,2.4780972003936768,-0.6191011071205139,0.045396581292152405,2.4620206356048584,-0.5968229174613953,0.08913392573595047,2.4588053226470947,-0.552266538143158,0.1766086220741272,2.4523746967315674,-0.5476775765419006,0.12298092246055603,2.507209539413452,-0.5568848848342896,0.1318165510892868,2.636151075363159,-0.5916976928710938,0.5668690204620361,2.7537524700164795,-0.6585403680801392,0.9416598677635193,2.8821897506713867,-0.5795165300369263,1.0737950801849365,2.8519582748413086,-0.6676427125930786,0.12791062891483307,2.4714887142181396,-0.6792781352996826,0.5734958052635193,2.546529769897461,-0.7821112275123596,0.9413574934005737,2.671170949935913,-0.712304949760437,1.0794286727905273,2.6450588703155518,-0.5190717577934265,-0.5481743812561035,2.5347299575805664,-0.5070474147796631,-0.5971817374229431,2.531935691833496,-0.5175454020500183,-0.6385223865509033,2.57197642326355,-0.5852562785148621,-0.6363445520401001,2.6628706455230713,-0.5421531796455383,-0.6414039134979248,2.516622304916382,-0.654978334903717,-0.6445088386535645,2.5060338973999023,-0.7071625590324402,1.0225450992584229,2.935079336166382,-0.8396576642990112,1.0179543495178223,2.721421957015991
-0.6071118116378784,0.12670236825942993,2.550114393234253,-0.6094056367874146,-0.0556267648935318,2.557109832763672,-0.6115439534187317,-0.23792237043380737,2.564974546432495,-0.6136823296546936,-0.4202234148979187,2.5728394985198975,-0.5877959728240967,-0.4196810722351074,2.615457773208618,-0.5211713314056396,-0.41573724150657654,2.724987268447876,-0.5665615797042847,-0.17013348639011383,2.6704156398773193,-0.4846270680427551,0.03415645658969879,2.56095814704895,-0.4682401716709137,0.07501444220542908,2.5390665531158447,-0.43546637892723083,0.15673041343688965,2.495283603668213,-0.47864198684692383,0.09980128705501556,2.467127561569214,-0.6395919919013977,-0.4227471351623535,2.530306339263916,-0.7062166333198547,-0.4266909658908844,2.420776844024658,-0.7071234583854675,-0.1803768277168274,2.489246368408203,-0.5592577457427979,0.015819460153579712,2.480799674987793,-0.5296846032142639,0.05505871772766113,2.4791102409362793,-0.47053831815719604,0.13353723287582397,2.475731611251831,-0.47779762744903564,0.07974721491336823,2.530061721801758,-0.5565043687820435,0.1293296366930008,2.6351852416992188,-0.587840735912323,0.5653093457221985,2.755422353744507,-0.6507738828659058,0.94233238697052,2.8830037117004395,-0.5665512681007385,1.0727567672729492,2.857321262359619,-0.6577192544937134,0.12407509982585907,2.465043544769287,-0.6740647554397583,0.5679174065589905,2.5558953285217285,-0.7783343195915222,0.9347732663154602,2.6860053539276123,-0.7053960561752319,1.0729098320007324,2.666983127593994,-0.5147491693496704,-0.5503017902374268,2.536546468734741,-0.5028234124183655,-0.5993462800979614,2.5334692001342773,-0.5143601894378662,-0.6411170363426208,2.5728209018707275,-0.5841202735900879,-0.6397081017494202,2.662250518798828,-0.5377463698387146,-0.6432929635047913,2.5168700218200684,-0.6503810882568359,-0.6458733081817627,2.503722667694092,-0.6998258233070374,1.0245319604873657,2.934091567993164,-0.8374035954475403,1.0110130310058594,2.7357161045074463
-0.6036903858184814,0.12400352954864502,2.547455310821533,-0.6066253185272217,-0.05821846425533295,2.555558204650879,-0.6093661189079285,-0.24039417505264282,2.5647025108337402,-0.61210697889328,-0.42257535457611084,2.5738470554351807,-0.5877994894981384,-0.42174944281578064,2.6173646450042725,-0.525424599647522,-0.4170924723148346,2.7288384437561035,-0.5645959377288818,-0.1757308691740036,2.655752658843994,-0.4647044539451599,0.011001452803611755,2.53177547454834,-0.4447261691093445,0.04834791645407677,2.5069799423217773,-0.40476956963539124,0.12304084002971649,2.4573891162872314,-0.45036450028419495,0.06656043976545334,2.432725429534912,-0.6364442706108093,-0.42538130283355713,2.530428886413574,-0.6988191604614258,-0.4300382733345032,2.418955087661743,-0.6874461770057678,-0.18510395288467407,2.4897305965423584,-0.5158429145812988,-0.01007533073425293,2.4781155586242676,-0.48152226209640503,0.024930395185947418,2.475792646408081,-0.41288095712661743,0.09494184702634811,2.471146583557129,-0.42707112431526184,0.0437111034989357,2.5263850688934326,-0.556010365486145,0.12708769738674164,2.6340842247009277,-0.5851359367370605,0.5631734132766724,2.756293535232544,-0.6460789442062378,0.9409034252166748,2.8841028213500977,-0.5590639114379883,1.0702725648880005,2.8615589141845703,-0.6513704061508179,0.1209193617105484,2.4608263969421387,-0.6733382940292358,0.5638852119445801,2.5570178031921387,-0.7788326740264893,0.9311146140098572,2.6864116191864014,-0.704420804977417,1.0690068006515503,2.670137882232666,-0.5123098492622375,-0.5525214672088623,2.5392518043518066,-0.5002545714378357,-0.6015610694885254,2.5363547801971436,-0.5124467611312866,-0.6433910131454468,2.5754716396331787,-0.5838435292243958,-0.6421511173248291,2.663646697998047,-0.5348161458969116,-0.6455590724945068,2.5190863609313965,-0.6472234725952148,-0.6482939720153809,2.5038883686065674,-0.6953982710838318,1.0236904621124268,2.934220552444458,-0.8388014435768127,1.0075603723526,2.7349674701690674
-0.5994038581848145,0.12118729948997498,2.544687032699585,-0.6034038066864014,-0.06093163788318634,2.554255485534668,-0.6071960926055908,-0.2429899275302887,2.5649919509887695,-0.6109884977340698,-0.4250536859035492,2.57572865486145,-0.5883406400680542,-0.4239007234573364,2.620121717453003,-0.5303746461868286,-0.41842249035835266,2.7334909439086914,-0.5568933486938477,-0.1829707771539688,2.640425205230713,-0.43132543563842773,-0.02372846007347107,2.503357172012329,-0.40621185302734375,0.008120004087686539,2.4759435653686523,-0.3559846878051758,0.07181693613529205,2.421116352081299,-0.4061051607131958,0.018016282469034195,2.4001176357269287,-0.63367760181427,-0.4281854033470154,2.5314524173736572,-0.6916435956954956,-0.43366363644599915,2.4180831909179688,-0.6627181172370911,-0.19019709527492523,2.4865620136260986,-0.4682357907295227,-0.0426204651594162,2.468931198120117,-0.42933931946754456,-0.013105139136314392,2.465404987335205,-0.35154637694358826,0.04592551290988922,2.458352565765381,-0.37262892723083496,-0.0006979182362556458,2.5151796340942383,-0.5547627806663513,0.12483817338943481,2.632835626602173,-0.5829178094863892,0.5609338283538818,2.7563374042510986,-0.6447268128395081,0.9386314153671265,2.88466215133667,-0.5558953881263733,1.0674649477005005,2.865696430206299,-0.6440449357032776,0.11753642559051514,2.456538438796997,-0.6709809899330139,0.5600502490997314,2.554929494857788,-0.7795902490615845,0.9273972511291504,2.6822214126586914,-0.7043411135673523,1.065244436264038,2.6686367988586426,-0.5102874040603638,-0.5551506876945496,2.5442423820495605,-0.49811822175979614,-0.6042079925537109,2.54194712638855,-0.5111422538757324,-0.6457977890968323,2.581075429916382,-0.5845102667808533,-0.6440436244010925,2.6676480770111084,-0.5322509407997131,-0.6483732461929321,2.5242059230804443,-0.6443182826042175,-0.6513407826423645,2.5065176486968994,-0.6949403285980225,1.0215860605239868,2.9337589740753174,-0.8408764004707336,1.0038971900939941,2.729180335998535
-0.5955338478088379,0.1188129186630249,2.5427916049957275,-0.6007403135299683,-0.06319029629230499,2.5534965991973877,-0.6057554483413696,-0.24512287974357605,2.5654239654541016,-0.6107707023620605,-0.42706090211868286,2.5773515701293945,-0.5898123979568481,-0.42566898465156555,2.622553586959839,-0.536285936832428,-0.419596791267395,2.7376818656921387,-0.5449275374412537,-0.19121456146240234,2.626849412918091,-0.3912431001663208,-0.06758993119001389,2.482809066772461,-0.36050620675086975,-0.042865004390478134,2.454000949859619,-0.29903241991996765,0.0065848492085933685,2.3963847160339355,-0.3548612594604492,-0.04203370586037636,2.3779139518737793,-0.6317835450172424,-0.4304302930831909,2.5322792530059814,-0.6853100061416626,-0.43650248646736145,2.4171509742736816,-0.6334977149963379,-0.19608798623085022,2.480659246444702,-0.419014573097229,-0.08152926713228226,2.4577929973602295,-0.3761179447174072,-0.058617524802684784,2.4532196521759033,-0.29032468795776367,-0.012794040143489838,2.44407320022583,-0.31813979148864746,-0.0531882643699646,2.502523422241211,-0.5539960265159607,0.1228950172662735,2.632396697998047,-0.5822861194610596,0.5589377880096436,2.7565581798553467,-0.6455841064453125,0.9366310834884644,2.884554147720337,-0.555239737033844,1.0649363994598389,2.869077205657959,-0.6370716691017151,0.1147308200597763,2.453186511993408,-0.6696184277534485,0.5568711161613464,2.5521936416625977,-0.7821452617645264,0.9242672920227051,2.676288604736328,-0.7064582109451294,1.062150001525879,2.665165662765503,-0.5087645053863525,-0.5570077300071716,2.5494000911712646,-0.4963364899158478,-0.6060422658920288,2.547807216644287,-0.5101442933082581,-0.6473790407180786,2.58695912361145,-0.5856334567070007,-0.6452367305755615,2.6717214584350586,-0.5298515558242798,-0.6505107283592224,2.5295987129211426,-0.6414705514907837,-0.65410977602005,2.5092005729675293,-0.6967982053756714,1.0197603702545166,2.9323785305023193,-0.8448832035064697,1.0007717609405518,2.7213611602783203
-0.5916255116462708,0.11697915196418762,2.5401158332824707,-0.5982564091682434,-0.06495238840579987,2.551013231277466,-0.6047208309173584,-0.2468130737543106,2.5631258487701416,-0.6111854314804077,-0.4286791980266571,2.5752387046813965,-0.5920078158378601,-0.4272923171520233,2.621220588684082,-0.5431092381477356,-0.42124709486961365,2.738081932067871,-0.528303861618042,-0.20091696083545685,2.61331844329834,-0.34953099489212036,-0.11723041534423828,2.4700913429260254,-0.313776433467865,-0.10049310326576233,2.441445827484131,-0.24226728081703186,-0.06701847910881042,2.384155035018921,-0.3037446141242981,-0.10834275931119919,2.366328001022339,-0.6304332613945007,-0.4320427477359772,2.529388666152954,-0.6793318390846252,-0.43808797001838684,2.412527322769165,-0.5969933867454529,-0.20524366199970245,2.470271587371826,-0.3658878207206726,-0.1314949244260788,2.4452016353607178,-0.31966671347618103,-0.11674517393112183,2.440187692642212,-0.22722448408603668,-0.08724567294120789,2.430159568786621,-0.26189735531806946,-0.11962120980024338,2.4897799491882324,-0.5533701777458191,0.12103863805532455,2.631166458129883,-0.5813741683959961,0.5569926500320435,2.7559592723846436,-0.6463608741760254,0.9345829486846924,2.883608818054199,-0.5545089244842529,1.0622636079788208,2.8721022605895996,-0.6298808455467224,0.11291966587305069,2.4490652084350586,-0.6678591966629028,0.5547056198120117,2.5480411052703857,-0.784727156162262,0.92204350233078,2.6684439182281494,-0.708707332611084,1.059965968132019,2.660081624984741,-0.5073508024215698,-0.5578742027282715,2.5506105422973633,-0.4944802224636078,-0.6068146824836731,2.549525499343872,-0.5090637803077698,-0.6481564044952393,2.588400363922119,-0.5869671106338501,-0.646393895149231,2.6709773540496826,-0.5271008014678955,-0.6516161561012268,2.5305042266845703,-0.6380720138549805,-0.656196653842926,2.5069377422332764,-0.6986404657363892,1.0178861618041992,2.9299941062927246,-0.8490231037139893,0.9985153079032898,2.7113656997680664
-0.5870393514633179,0.11620640754699707,2.5342471599578857,-0.5948003530502319,-0.06573715806007385,2.544009208679199,-0.602425217628479,-0.24762548506259918,2.5548484325408936,-0.6100503206253052,-0.42951926589012146,2.565688133239746,-0.5927752256393433,-0.4284520149230957,2.612423896789551,-0.5487780570983887,-0.423228919506073,2.7310192584991455,-0.5157727003097534,-0.2089865654706955,2.6001639366149902,-0.3232713043689728,-0.1513364315032959,2.462704658508301,-0.28477102518081665,-0.13980640470981598,2.4352128505706787,-0.2077704668045044,-0.11674635112285614,2.3802292346954346,-0.2721095085144043,-0.1526373326778412,2.361318826675415,-0.6274082660675049,-0.432563453912735,2.5190699100494385,-0.6714054346084595,-0.4377865493297577,2.4004745483398438,-0.554969310760498,-0.21950557827949524,2.4544029235839844,-0.3140808045864105,-0.1925743967294693,2.431537628173828,-0.265903115272522,-0.18718816339969635,2.426964521408081,-0.16954770684242249,-0.17641569674015045,2.417818307876587,-0.21052142977714539,-0.19930262863636017,2.4776735305786133,-0.5523218512535095,0.11968708038330078,2.6267201900482178,-0.578944206237793,0.555739164352417,2.7517454624176025,-0.6449445486068726,0.9335275292396545,2.8784961700439453,-0.5513074398040771,1.0602566003799438,2.871314764022827,-0.6217568516731262,0.11272573471069336,2.4417741298675537,-0.6641900539398193,0.5543723106384277,2.539902448654175,-0.7847256660461426,0.922077476978302,2.6557037830352783,-0.7080624103546143,1.0598222017288208,2.65032958984375,-0.5036877393722534,-0.5569839477539062,2.543519973754883,-0.4900982975959778,-0.6057049036026001,2.5424928665161133,-0.5053423643112183,-0.6475319862365723,2.580542802810669,-0.5858734846115112,-0.6475143432617188,2.6604983806610107,-0.5214232206344604,-0.6507852077484131,2.522092342376709,-0.6314359307289124,-0.6567317843437195,2.4948890209198,-0.698157012462616,1.0172139406204224,2.923140287399292,-0.8504586219787598,0.9987309575080872,2.6960954666137695
-0.582760214805603,0.11531725525856018,2.5295228958129883,-0.591248631477356,-0.06667956709861755,2.537362813949585,-0.5996379852294922,-0.24864070117473602,2.5460875034332275,-0.6080275774002075,-0.43060728907585144,2.554812431335449,-0.5926799774169922,-0.43003493547439575,2.6022226810455322,-0.5536059141159058,-0.4260719120502472,2.7224485874176025,-0.5077890753746033,-0.21578146517276764,2.589749574661255,-0.30759555101394653,-0.1715872436761856,2.4590723514556885,-0.2675568461418152,-0.16274839639663696,2.432936906814575,-0.1874794363975525,-0.14507070183753967,2.3806660175323486,-0.252760112285614,-0.17794007062911987,2.3600046634674072,-0.623466432094574,-0.43315738439559937,2.5074968338012695,-0.6625405550003052,-0.4371204078197479,2.387270927429199,-0.5189592838287354,-0.2366066873073578,2.443028450012207,-0.27670183777809143,-0.24954518675804138,2.4271838665008545,-0.22825035452842712,-0.2521328926086426,2.4240150451660156,-0.13134737312793732,-0.25730830430984497,2.417677164077759,-0.17709042131900787,-0.27212804555892944,2.4764716625213623,-0.5515835285186768,0.11790119856595993,2.6232635974884033,-0.5755310654640198,0.5545074939727783,2.7472026348114014,-0.641758143901825,0.9330383539199829,2.871845245361328,-0.5462355017662048,1.058557391166687,2.868757963180542,-0.6139369010925293,0.11273331195116043,2.4357821941375732,-0.6593682169914246,0.5545364022254944,2.5322470664978027,-0.782951831817627,0.9228569269180298,2.643037796020508,-0.7055779099464417,1.0603218078613281,2.6406266689300537,-0.4990677535533905,-0.5558261871337891,2.534492254257202,-0.48465695977211,-0.6042253971099854,2.5333142280578613,-0.5003403425216675,-0.6466987133026123,2.5703158378601074,-0.5831674337387085,-0.6489906907081604,2.647599697113037,-0.5145258903503418,-0.6494897603988647,2.5114498138427734,-0.6233597993850708,-0.6568986773490906,2.4808125495910645,-0.6956747174263,1.0173755884170532,2.914421796798706,-0.8499376773834229,0.9998087882995605,2.680771827697754
-0.5797393918037415,0.11253359913825989,2.529306650161743,-0.5890995264053345,-0.06945139169692993,2.5362935066223145,-0.598379373550415,-0.25140470266342163,2.544156551361084,-0.6076595187187195,-0.43336349725723267,2.5520198345184326,-0.594043493270874,-0.43297961354255676,2.599956750869751,-0.5593747496604919,-0.4294973909854889,2.7214536666870117,-0.49163201451301575,-0.231013223528862,2.5804874897003174,-0.2837643027305603,-0.21844807267189026,2.4552993774414062,-0.24219076335430145,-0.21593503654003143,2.4302618503570557,-0.15904368460178375,-0.21090897917747498,2.3801865577697754,-0.22701479494571686,-0.23724021017551422,2.359001874923706,-0.6213764548301697,-0.43572503328323364,2.5041680335998535,-0.6560451984405518,-0.4392072558403015,2.3826711177825928,-0.49336960911750793,-0.2546858787536621,2.440506935119629,-0.2540363669395447,-0.2959398329257965,2.432981014251709,-0.2061697244644165,-0.30419063568115234,2.431475877761841,-0.11043642461299896,-0.3206922113895416,2.4284656047821045,-0.15939897298812866,-0.3289978504180908,2.485875129699707,-0.5517059564590454,0.11472823470830917,2.6240272521972656,-0.5726529955863953,0.5519887208938599,2.746796131134033,-0.6398447751998901,0.9310803413391113,2.869675874710083,-0.5430867671966553,1.0557582378387451,2.8702304363250732,-0.6077728271484375,0.1103389635682106,2.4345860481262207,-0.6544581055641174,0.5526558756828308,2.5288407802581787,-0.7809558510780334,0.9214757680892944,2.635118007659912,-0.7032113075256348,1.0588176250457764,2.635223865509033,-0.4969579577445984,-0.5571669340133667,2.535705089569092,-0.4820147752761841,-0.6053054332733154,2.535167932510376,-0.49837854504585266,-0.6477411389350891,2.5717227458953857,-0.5834447741508484,-0.6506975889205933,2.6461524963378906,-0.5106024742126465,-0.6508756875991821,2.5125648975372314,-0.6180793642997742,-0.6595788598060608,2.478538751602173,-0.6944947242736816,1.0158848762512207,2.9104509353637695,-0.8490366339683533,0.9986351132392883,2.67050838470459
-0.5752516388893127,0.10834145545959473,2.529688596725464,-0.585873544216156,-0.07357367873191833,2.536450147628784,-0.596420168876648,-0.25545448064804077,2.5441839694976807,-0.6069670915603638,-0.43734070658683777,2.5519180297851562,-0.5965230464935303,-0.4368681013584137,2.6006412506103516,-0.569948673248291,-0.43317079544067383,2.723832368850708,-0.4483851194381714,-0.26255857944488525,2.578814744949341,-0.22711575031280518,-0.3063676357269287,2.4832143783569336,-0.18286187946796417,-0.31512945890426636,2.464094400405884,-0.09435413777828217,-0.33265307545661926,2.425854206085205,-0.16384446620941162,-0.34668105840682983,2.3970072269439697,-0.6175257563591003,-0.4397902190685272,2.5032787322998047,-0.6441001296043396,-0.4434875249862671,2.3800876140594482,-0.4450896382331848,-0.29594773054122925,2.4396119117736816,-0.2130785584449768,-0.3733196556568146,2.4538681507110596,-0.1666763424873352,-0.38879403471946716,2.456719398498535,-0.073871910572052,-0.41974279284477234,2.4624218940734863,-0.1279681921005249,-0.41685301065444946,2.5164873600006104,-0.553007185459137,0.11061877757310867,2.6259021759033203,-0.5696824193000793,0.549599826335907,2.7459022998809814,-0.6383464932441711,0.9305457472801208,2.8643219470977783,-0.5396537780761719,1.0538595914840698,2.870783567428589,-0.5974960923194885,0.10606413334608078,2.4334750175476074,-0.643882691860199,0.5492608547210693,2.527322769165039,-0.7709299325942993,0.9201517105102539,2.628103494644165,-0.6911537051200867,1.0565239191055298,2.6332690715789795,-0.49577444791793823,-0.5596573352813721,2.543070077896118,-0.48066580295562744,-0.6073141694068909,2.5440025329589844,-0.49843138456344604,-0.648966372013092,2.580056667327881,-0.5863537788391113,-0.6513445973396301,2.6496596336364746,-0.5076147317886353,-0.6530353426933289,2.520899534225464,-0.6123732328414917,-0.6628732681274414,2.4820477962493896,-0.6941320896148682,1.0164231061935425,2.901641368865967,-0.8398710489273071,0.9983245730400085,2.659975290298462
-0.571345865726471,0.10720115900039673,2.529799461364746,-0.5821266770362854,-0.07470376789569855,2.5365281105041504,-0.5928616523742676,-0.25656893849372864,2.544320583343506,-0.6035969853401184,-0.4384395480155945,2.5521132946014404,-0.5945202112197876,-0.437869668006897,2.6011080741882324,-0.5714259147644043,-0.43393024802207947,2.7248642444610596,-0.4273916780948639,-0.27961331605911255,2.5796101093292236,-0.20498839020729065,-0.34241607785224915,2.494185209274292,-0.16050773859024048,-0.354976624250412,2.477100133895874,-0.07154642045497894,-0.38009771704673767,2.442930221557617,-0.14105021953582764,-0.38997554779052734,2.4113638401031494,-0.6127904057502747,-0.44098615646362305,2.5032031536102295,-0.635884702205658,-0.44492557644844055,2.3794469833374023,-0.423592746257782,-0.3140026330947876,2.438180446624756,-0.1909385621547699,-0.3905342221260071,2.4650087356567383,-0.144407719373703,-0.40584054589271545,2.470374345779419,-0.05134604126214981,-0.4364531934261322,2.4811055660247803,-0.10773032158613205,-0.4309532642364502,2.533214807510376,-0.5515004396438599,0.10960275679826736,2.6265223026275635,-0.568442165851593,0.5493142008781433,2.7450644969940186,-0.6380265951156616,0.931159257888794,2.861036539077759,-0.5388371348381042,1.054100751876831,2.869501829147339,-0.591191291809082,0.10479956120252609,2.4330766201019287,-0.6361342668533325,0.5478613972663879,2.5298328399658203,-0.761472225189209,0.9195488691329956,2.6310057640075684,-0.6803386807441711,1.0551180839538574,2.6389529705047607,-0.493437796831131,-0.5608267784118652,2.5464510917663574,-0.4786779284477234,-0.608328104019165,2.548055410385132,-0.49727874994277954,-0.6493957042694092,2.583921432495117,-0.5861300230026245,-0.6507366895675659,2.6514930725097656,-0.5052928328514099,-0.653878927230835,2.5249106884002686,-0.6088365912437439,-0.663439154624939,2.4842958450317383,-0.6942845582962036,1.0174604654312134,2.896872043609619,-0.8302960395812988,0.9982549548149109,2.662081003189087
-0.5705441236495972,0.10424134135246277,2.533055543899536,-0.5813944935798645,-0.07764938473701477,2.53996205329895,-0.5922152996063232,-0.2595040202140808,2.547802209854126,-0.6030364632606506,-0.4413641095161438,2.555642604827881,-0.5954223871231079,-0.440687894821167,2.6048836708068848,-0.5760340094566345,-0.43648192286491394,2.7292022705078125,-0.4144502282142639,-0.2940739393234253,2.5876147747039795,-0.18934977054595947,-0.3654772639274597,2.5124118328094482,-0.14432968199253082,-0.37975794076919556,2.497371196746826,-0.054289497435092926,-0.40831926465034485,2.467289924621582,-0.12304218858480453,-0.41651782393455505,2.4326367378234863,-0.6107680797576904,-0.4440169334411621,2.506486654281616,-0.6301564574241638,-0.44822290539741516,2.3821682929992676,-0.40743741393089294,-0.3318910598754883,2.4396092891693115,-0.17211167514324188,-0.40087026357650757,2.4754955768585205,-0.1250465214252472,-0.4146661162376404,2.482672929763794,-0.03091622143983841,-0.4422577917575836,2.4970273971557617,-0.08901743590831757,-0.4359552264213562,2.547816276550293,-0.553290069103241,0.10690297186374664,2.6302592754364014,-0.5706673860549927,0.5484941601753235,2.743412733078003,-0.6400741338729858,0.9326549768447876,2.8531150817871094,-0.540001630783081,1.055004358291626,2.8627023696899414,-0.5877981781959534,0.1015797108411789,2.435851812362671,-0.631100058555603,0.5451692938804626,2.53312349319458,-0.7529792785644531,0.9189991354942322,2.632260322570801,-0.6698336005210876,1.0533872842788696,2.642380714416504,-0.49397364258766174,-0.5637052059173584,2.5524282455444336,-0.47956588864326477,-0.6110370755195618,2.5544209480285645,-0.49897345900535583,-0.6517148017883301,2.5898349285125732,-0.5886722803115845,-0.6524328589439392,2.6553359031677246,-0.505827009677887,-0.6562783718109131,2.5309886932373047,-0.6080906987190247,-0.6653629541397095,2.48860502243042,-0.6965672373771667,1.0199254751205444,2.886486768722534,-0.8213208913803101,0.9988130331039429,2.6619324684143066
-0.5719884037971497,0.09996765851974487,2.5391428470611572,-0.5828601121902466,-0.08192041516304016,2.5460643768310547,-0.5936896800994873,-0.2637770175933838,2.5538277626037598,-0.6045195460319519,-0.44563907384872437,2.561591386795044,-0.5985185503959656,-0.4448785185813904,2.611053466796875,-0.5831942558288574,-0.44045600295066833,2.7360270023345947,-0.4107123613357544,-0.30436354875564575,2.5990467071533203,-0.18605069816112518,-0.38012179732322693,2.5231175422668457,-0.1411183625459671,-0.39527344703674316,2.507931709289551,-0.05125369876623154,-0.42557674646377563,2.477560043334961,-0.12024219334125519,-0.4309583604335785,2.4420547485351562,-0.6106383204460144,-0.44837623834609985,2.512213706970215,-0.6259626150131226,-0.4527987539768219,2.387240171432495,-0.39504116773605347,-0.3486705422401428,2.4407877922058105,-0.1566556692123413,-0.4098165035247803,2.4783504009246826,-0.10897856950759888,-0.4220457077026367,2.485862970352173,-0.013624370098114014,-0.4465040862560272,2.5008881092071533,-0.0720856711268425,-0.4404147267341614,2.551821231842041,-0.557668149471283,0.10282835364341736,2.6368095874786377,-0.5734578371047974,0.5465914011001587,2.7431981563568115,-0.63966304063797,0.9338443279266357,2.8451178073883057,-0.5378008484840393,1.0548136234283447,2.855733871459961,-0.5863086581230164,0.09710696339607239,2.4414761066436768,-0.628123939037323,0.5416102409362793,2.5371932983398438,-0.7455809712409973,0.9183279275894165,2.6321840286254883,-0.6601075530052185,1.0512607097625732,2.644240140914917,-0.496116578578949,-0.567466139793396,2.5601389408111572,-0.4818819761276245,-0.6145790815353394,2.5622146129608154,-0.5019720792770386,-0.6551766991615295,2.596853017807007,-0.5925583839416504,-0.6560665369033813,2.660120725631714,-0.5075626969337463,-0.6594514846801758,2.538161277770996,-0.6083984375,-0.6681784987449646,2.4938273429870605,-0.6956855058670044,1.022605538368225,2.8755524158477783,-0.8132244348526001,0.9995895624160767,2.6598289012908936
-0.5731875896453857,0.09576007723808289,2.5434470176696777,-0.583932101726532,-0.08616365492343903,2.550062417984009,-0.5946181416511536,-0.2680582106113434,2.557520627975464,-0.605304479598999,-0.4499582350254059,2.564979076385498,-0.601227343082428,-0.4491550326347351,2.614640712738037,-0.5907294750213623,-0.4446065425872803,2.7406117916107178,-0.40671035647392273,-0.3100462853908539,2.6141886711120605,-0.17562954127788544,-0.3808472454547882,2.547746181488037,-0.12941338121891022,-0.3950074315071106,2.5344576835632324,-0.03698105365037918,-0.42332780361175537,2.507880687713623,-0.10448767244815826,-0.42938220500946045,2.468663454055786,-0.6094977855682373,-0.4527384042739868,2.5153985023498535,-0.619995653629303,-0.45728689432144165,2.389427423477173,-0.3824790418148041,-0.36254677176475525,2.4400482177734375,-0.14079433679580688,-0.41610586643218994,2.479362964630127,-0.09245739877223969,-0.4268176853656769,2.4872260093688965,0.004216484725475311,-0.44824132323265076,2.5029518604278564,-0.054782748222351074,-0.44232791662216187,2.5540976524353027,-0.5624510049819946,0.09869378060102463,2.6415629386901855,-0.575039267539978,0.5443019270896912,2.7420456409454346,-0.6354780793190002,0.9346905946731567,2.8365914821624756,-0.5310940742492676,1.053465723991394,2.8491690158843994,-0.5839241743087769,0.09282637387514114,2.44533109664917,-0.6253979206085205,0.5380336046218872,2.53963041305542,-0.7386999726295471,0.9174439907073975,2.6302144527435303,-0.651039719581604,1.0488231182098389,2.6449437141418457,-0.49707674980163574,-0.5707829594612122,2.565398693084717,-0.48282259702682495,-0.6176164746284485,2.567441701889038,-0.5035901665687561,-0.6583561897277832,2.600996971130371,-0.5953496098518372,-0.6600660085678101,2.661468744277954,-0.5075645446777344,-0.6621195077896118,2.5424556732177734,-0.6066103577613831,-0.6707286834716797,2.495601177215576,-0.6904190182685852,1.0252283811569214,2.8639142513275146,-0.805687427520752,1.0001211166381836,2.6554994583129883
-0.5748613476753235,0.09202954173088074,2.5463430881500244,-0.5853137969970703,-0.08997558057308197,2.552847385406494,-0.5956951975822449,-0.27195078134536743,2.560241937637329,-0.6060768961906433,-0.45393145084381104,2.567636728286743,-0.6040574908256531,-0.4530167579650879,2.617439031600952,-0.5987467169761658,-0.44814661145210266,2.7447474002838135,-0.4042467474937439,-0.3128800690174103,2.63047456741333,-0.16646192967891693,-0.3756445646286011,2.5714409351348877,-0.1189049631357193,-0.3881974518299103,2.559634208679199,-0.023791037499904633,-0.4133032560348511,2.5360207557678223,-0.08995567262172699,-0.42001205682754517,2.4933557510375977,-0.6082091927528381,-0.45682400465011597,2.5179145336151123,-0.6135199666023254,-0.4616941511631012,2.390606164932251,-0.37095749378204346,-0.37223803997039795,2.4390480518341064,-0.1250666379928589,-0.41486456990242004,2.480116844177246,-0.07588846981525421,-0.42338988184928894,2.488330602645874,0.022467873990535736,-0.44044047594070435,2.50475811958313,-0.03729841113090515,-0.4355124235153198,2.5562050342559814,-0.5679589509963989,0.09515131264925003,2.6447885036468506,-0.5757580995559692,0.5422272086143494,2.7400949001312256,-0.6283519268035889,0.9355043172836304,2.8279547691345215,-0.5210614800453186,1.0514626502990723,2.843060255050659,-0.581763744354248,0.08890777081251144,2.4478976726531982,-0.6233718395233154,0.5345913171768188,2.5409350395202637,-0.7328674793243408,0.9162873029708862,2.6273715496063232,-0.6433395147323608,1.046108603477478,2.6451733112335205,-0.49761295318603516,-0.5733194947242737,2.570035219192505,-0.48315730690956116,-0.619811475276947,2.572023868560791,-0.5044793486595154,-0.6608075499534607,2.604372501373291,-0.5974444150924683,-0.663764238357544,2.6617822647094727,-0.5066943764686584,-0.6639919877052307,2.546027421951294,-0.6037203669548035,-0.6727868318557739,2.496471881866455,-0.6816467046737671,1.0279439687728882,2.852206230163574,-0.7992086410522461,1.0002455711364746,2.650249719619751
-0.5767368674278259,0.08893698453903198,2.5487723350524902,-0.5866238474845886,-0.09319573640823364,2.5553359985351562,-0.5964430570602417,-0.275296151638031,2.5628318786621094,-0.6062625646591187,-0.45740199089050293,2.5703279972076416,-0.6062532663345337,-0.45634400844573975,2.620195150375366,-0.6060912013053894,-0.4510493874549866,2.749032974243164,-0.4039750099182129,-0.31367045640945435,2.6450114250183105,-0.15990936756134033,-0.36579424142837524,2.5908141136169434,-0.11109623312950134,-0.3762190043926239,2.57997465133667,-0.013469971716403961,-0.3970685303211212,2.558295726776123,-0.07867290079593658,-0.40502870082855225,2.5130088329315186,-0.6063786149024963,-0.4604392647743225,2.5205421447753906,-0.6065406799316406,-0.4657338857650757,2.3917043209075928,-0.3609541654586792,-0.3766263425350189,2.4395740032196045,-0.11085900664329529,-0.4046030044555664,2.4830708503723145,-0.060839977115392685,-0.4101983308792114,2.4917702674865723,0.03919808194041252,-0.42138898372650146,2.509169101715088,-0.021602869033813477,-0.41846007108688354,2.5607476234436035,-0.573562502861023,0.09231869131326675,2.6473917961120605,-0.5767897367477417,0.5406008958816528,2.7379631996154785,-0.6230725049972534,0.9361021518707275,2.8198606967926025,-0.5135992765426636,1.049676775932312,2.837754487991333,-0.5799112319946289,0.08555527776479721,2.45015287399292,-0.6219011545181274,0.5315016508102417,2.542560577392578,-0.7279419302940369,0.9150420427322388,2.625763177871704,-0.6368857026100159,1.043367862701416,2.646857976913452,-0.4976332485675812,-0.5753993391990662,2.5743486881256104,-0.48297885060310364,-0.6215546131134033,2.5762100219726562,-0.5047526359558105,-0.6628305315971375,2.607342481613159,-0.598702609539032,-0.6670548915863037,2.661862373352051,-0.5053550601005554,-0.665364682674408,2.5492467880249023,-0.6004095077514648,-0.6742349863052368,2.497258186340332,-0.6749911308288574,1.0300776958465576,2.8411953449249268,-0.7936409115791321,1.0001134872436523,2.64646577835083
-0.5785811543464661,0.08653515577316284,2.5517711639404297,-0.5876303911209106,-0.09576565027236938,2.558727502822876,-0.5966163277626038,-0.27803176641464233,2.566612958908081,-0.6056025624275208,-0.46030333638191223,2.5744986534118652,-0.607479453086853,-0.4590482711791992,2.624363899230957,-0.6122627854347229,-0.4531725347042084,2.754727363586426,-0.4075503945350647,-0.3127555847167969,2.6556034088134766,-0.159539133310318,-0.3550255298614502,2.6030402183532715,-0.10993687808513641,-0.36347952485084534,2.5925276279449463,-0.010732367634773254,-0.3803875148296356,2.571502447128296,-0.07549885660409927,-0.3900502026081085,2.525033950805664,-0.6038233041763306,-0.4635394811630249,2.524718999862671,-0.5990399718284607,-0.46941521763801575,2.394355535507202,-0.35363033413887024,-0.3759068250656128,2.444154739379883,-0.10130232572555542,-0.38499370217323303,2.4921884536743164,-0.050836723297834396,-0.3868110775947571,2.5017952919006348,0.05009448155760765,-0.3904458284378052,2.5210087299346924,-0.011964775621891022,-0.3904523253440857,2.571959972381592,-0.5788888931274414,0.09031480550765991,2.6504223346710205,-0.5777561664581299,0.5396990776062012,2.7361202239990234,-0.619490385055542,0.9369887113571167,2.8121824264526367,-0.5085752606391907,1.0487661361694336,2.8327252864837646,-0.5782734155654907,0.08275550603866577,2.453119993209839,-0.620705246925354,0.5290176868438721,2.544450521469116,-0.7236404418945312,0.9142078757286072,2.6244451999664307,-0.6313701868057251,1.041176676750183,2.6486005783081055,-0.4970650374889374,-0.5771566033363342,2.579575538635254,-0.4822944104671478,-0.6230059862136841,2.5812289714813232,-0.5044196844100952,-0.6645191311836243,2.611229658126831,-0.599022626876831,-0.6698114275932312,2.663297176361084,-0.5037158727645874,-0.6663768291473389,2.5534257888793945,-0.5970285534858704,-0.6750748157501221,2.4995198249816895,-0.6703734993934631,1.032159447669983,2.830688953399658,-0.7887089252471924,1.0002816915512085,2.6430583000183105
-0.5853000283241272,0.0866159200668335,2.556563138961792,-0.5930817723274231,-0.09595473110675812,2.5646488666534424,-0.6008231043815613,-0.2784759998321533,2.5738162994384766,-0.6085646748542786,-0.4610027074813843,2.58298397064209,-0.6140427589416504,-0.459272563457489,2.6326394081115723,-0.6287042498588562,-0.4519309401512146,2.7664296627044678,-0.4252573847770691,-0.30614373087882996,2.664879322052002,-0.17229604721069336,-0.33913061022758484,2.6161422729492188,-0.12170377373695374,-0.34572798013687134,2.6063947677612305,-0.020519234240055084,-0.35892271995544434,2.586899995803833,-0.08482547104358673,-0.37301474809646606,2.539470911026001,-0.60317063331604,-0.46471673250198364,2.533428192138672,-0.5885091423988342,-0.47205835580825806,2.3996379375457764,-0.3427909016609192,-0.3740059435367584,2.4540927410125732,-0.09010526537895203,-0.35143959522247314,2.5097131729125977,-0.039568137377500534,-0.34692633152008057,2.5208373069763184,0.06150611862540245,-0.337899774312973,2.5430853366851807,-0.0024053379893302917,-0.3427075147628784,2.5928409099578857,-0.5922715067863464,0.0912705585360527,2.654952049255371,-0.5778567790985107,0.5412631630897522,2.7367641925811768,-0.6131723523139954,0.940510630607605,2.806058168411255,-0.5007132887840271,1.0493296384811401,2.8333003520965576,-0.578328549861908,0.08196128159761429,2.458174228668213,-0.618291974067688,0.528276801109314,2.5509090423583984,-0.7167126536369324,0.9153379201889038,2.628009557723999,-0.6230812668800354,1.0397700071334839,2.659323215484619,-0.5011267066001892,-0.5773160457611084,2.591207504272461,-0.48657703399658203,-0.6229094862937927,2.5930182933807373,-0.5097572207450867,-0.6643882393836975,2.6215803623199463,-0.6057165861129761,-0.6699632406234741,2.66955828666687,-0.5068163275718689,-0.6657286286354065,2.564199924468994,-0.5973840355873108,-0.6737610101699829,2.5069799423217773,-0.6624305844306946,1.0373201370239258,2.820075511932373,-0.7807300090789795,1.0028809309005737,2.6432719230651855
-0.5929935574531555,0.08871829509735107,2.564941167831421,-0.5994768738746643,-0.09396784007549286,2.574213743209839,-0.6059101223945618,-0.27660441398620605,2.5844478607177734,-0.6123436093330383,-0.4592464566230774,2.594682216644287,-0.6194827556610107,-0.45722001791000366,2.644148349761963,-0.6388962268829346,-0.4489701986312866,2.7791712284088135,-0.4419098496437073,-0.29853957891464233,2.6691248416900635,-0.1879378855228424,-0.3275436460971832,2.617628812789917,-0.13714349269866943,-0.3333444595336914,2.6073296070098877,-0.03555469959974289,-0.34494608640670776,2.586731195449829,-0.10042385011911392,-0.3620551526546478,2.5405189990997314,-0.6052743196487427,-0.46325793862342834,2.5453271865844727,-0.5858608484268188,-0.4715077579021454,2.410304307937622,-0.3419821858406067,-0.3679882884025574,2.468184471130371,-0.09091454744338989,-0.33106163144111633,2.528153657913208,-0.04070102050900459,-0.32367628812789917,2.540147542953491,0.059726033359766006,-0.30890563130378723,2.5641353130340576,-0.005072973668575287,-0.3159564137458801,2.6129989624023438,-0.603060781955719,0.09405477344989777,2.663041114807129,-0.5817566514015198,0.5446926951408386,2.739901542663574,-0.6159989237785339,0.9451462030410767,2.802708387374878,-0.5035862326622009,1.0534310340881348,2.832263708114624,-0.582926332950592,0.08338181674480438,2.466841220855713,-0.6213164925575256,0.5302656292915344,2.5577094554901123,-0.7197151780128479,0.9181349873542786,2.630889654159546,-0.6263586282730103,1.042011022567749,2.665168046951294,-0.5057250261306763,-0.5757728815078735,2.6043365001678467,-0.4914170503616333,-0.6213363409042358,2.6062982082366943,-0.5151433348655701,-0.6626757979393005,2.6343955993652344,-0.611640989780426,-0.6679143905639648,2.6808273792266846,-0.5113543272018433,-0.6639494895935059,2.5771782398223877,-0.6009055972099304,-0.6715231537818909,2.5187113285064697,-0.6648839116096497,1.0425357818603516,2.8137922286987305,-0.7836335897445679,1.00613272190094,2.643857002258301
-0.6048603653907776,0.0913897156715393,2.573838472366333,-0.609857976436615,-0.09139962494373322,2.5836374759674072,-0.6147491931915283,-0.2741333246231079,2.594473123550415,-0.619640588760376,-0.45687252283096313,2.605309247970581,-0.6286849975585938,-0.4547119736671448,2.654480218887329,-0.6536251902580261,-0.44599011540412903,2.7903079986572266,-0.4714036285877228,-0.285472571849823,2.6678466796875,-0.21601051092147827,-0.30668503046035767,2.6157760620117188,-0.16493189334869385,-0.31092751026153564,2.6053619384765625,-0.0627746433019638,-0.319412499666214,2.58453369140625,-0.12732002139091492,-0.3419504165649414,2.539806604385376,-0.6106493473052979,-0.46101921796798706,2.55625581741333,-0.5857091546058655,-0.4697410762310028,2.4204280376434326,-0.3440433144569397,-0.3620099127292633,2.4833483695983887,-0.09524296224117279,-0.3152453303337097,2.5489108562469482,-0.04548289254307747,-0.3058924078941345,2.562023401260376,0.054037246853113174,-0.28718656301498413,2.5882484912872314,-0.011844821274280548,-0.295797735452652,2.6357874870300293,-0.6185497641563416,0.09699931740760803,2.671497106552124,-0.5878559947013855,0.5476003885269165,2.745988607406616,-0.6177006959915161,0.9492111206054688,2.8040804862976074,-0.5046640038490295,1.0558977127075195,2.837066173553467,-0.5911709666252136,0.08578011393547058,2.476179838180542,-0.6267169713973999,0.5329737663269043,2.567211389541626,-0.7242563366889954,0.921647310256958,2.6377487182617188,-0.6311199069023132,1.044562816619873,2.676020860671997,-0.5134293437004089,-0.5734464526176453,2.6169869899749756,-0.49921396374702454,-0.6189990043640137,2.619112014770508,-0.5235958099365234,-0.6603920459747314,2.6464896202087402,-0.6210769414901733,-0.6657123565673828,2.690641403198242,-0.5184956789016724,-0.6614634394645691,2.589407205581665,-0.6066265106201172,-0.6687480211257935,2.5289082527160645,-0.665327787399292,1.0475192070007324,2.8124492168426514,-0.7878149747848511,1.0102332830429077,2.6485037803649902
-0.6146966218948364,0.09443116188049316,2.576413869857788,-0.6182886362075806,-0.08842051029205322,2.5864412784576416,-0.6217824220657349,-0.2712092101573944,2.5975892543792725,-0.6252763271331787,-0.45400339365005493,2.6087374687194824,-0.6361588835716248,-0.4518161118030548,2.657545328140259,-0.666530191898346,-0.44292405247688293,2.7938272953033447,-0.4977465271949768,-0.27581435441970825,2.660280466079712,-0.24063652753829956,-0.2900305390357971,2.6119160652160645,-0.1892145276069641,-0.2928737699985504,2.602243185043335,-0.08637052774429321,-0.298560231924057,2.582897424697876,-0.1495637595653534,-0.3265855610370636,2.539066791534424,-0.6144316792488098,-0.458177387714386,2.5600509643554688,-0.5840603709220886,-0.46706944704055786,2.423768997192383,-0.34488552808761597,-0.35559308528900146,2.491715669631958,-0.09836006164550781,-0.3025966286659241,2.562872886657715,-0.04905496910214424,-0.29199734330177307,2.577104330062866,0.0495552159845829,-0.27079877257347107,2.605567216873169,-0.01740238070487976,-0.28030410408973694,2.6516785621643066,-0.6318966150283813,0.10009440779685974,2.673522472381592,-0.5927882790565491,0.5500391125679016,2.7487313747406006,-0.6186467409133911,0.9523375034332275,2.8046398162841797,-0.5052880048751831,1.0574159622192383,2.8416287899017334,-0.5974966287612915,0.08876791596412659,2.4793052673339844,-0.6308423280715942,0.5360380411148071,2.571357488632202,-0.7282425165176392,0.9252068996429443,2.6399085521698,-0.63572096824646,1.0473196506500244,2.682194709777832,-0.5192022323608398,-0.5704765915870667,2.622476577758789,-0.5049665570259094,-0.616018533706665,2.6246883869171143,-0.5299875140190125,-0.657623827457428,2.6511518955230713,-0.6285885572433472,-0.6633822321891785,2.692682981491089,-0.5233826041221619,-0.6583244204521179,2.5942184925079346,-0.6098746061325073,-0.6653671860694885,2.531371831893921,-0.6650524735450745,1.0514107942581177,2.810946226119995,-0.7915497422218323,1.0142256021499634,2.6486635208129883
-0.6244012117385864,0.09731951355934143,2.5776238441467285,-0.6269392371177673,-0.08554776012897491,2.5879740715026855,-0.629417896270752,-0.26834484934806824,2.599510908126831,-0.6318966150283813,-0.4511474072933197,2.6110482215881348,-0.6446240544319153,-0.4489200711250305,2.659410238265991,-0.680513322353363,-0.4398285150527954,2.7957513332366943,-0.5383164882659912,-0.2580980062484741,2.650179147720337,-0.2801275849342346,-0.24190200865268707,2.606618881225586,-0.22848980128765106,-0.23866280913352966,2.5979068279266357,-0.12521424889564514,-0.23218441009521484,2.5804827213287354,-0.18323412537574768,-0.27146556973457336,2.537966251373291,-0.6191961169242859,-0.455361545085907,2.5628113746643066,-0.5833068490028381,-0.4644531011581421,2.4264702796936035,-0.3459240794181824,-0.3508841097354889,2.498502492904663,-0.10111016035079956,-0.29488325119018555,2.5743401050567627,-0.05214737355709076,-0.28368309140205383,2.589507579803467,0.04577820003032684,-0.261282742023468,2.619842767715454,-0.0221271812915802,-0.27096015214920044,2.6646997928619385,-0.6451428532600403,0.10306445509195328,2.674039125442505,-0.5980238914489746,0.5522134304046631,2.75022554397583,-0.6205176115036011,0.9551548361778259,2.8037798404693604,-0.5072058439254761,1.058861255645752,2.844769239425659,-0.6036595702171326,0.09157457202672958,2.481208562850952,-0.6354260444641113,0.5388662815093994,2.5743768215179443,-0.7336297035217285,0.9283374547958374,2.640739679336548,-0.6422021389007568,1.0498937368392944,2.686997413635254,-0.5267374515533447,-0.5680045485496521,2.627863645553589,-0.5127185583114624,-0.6135939359664917,2.6302738189697266,-0.5388084650039673,-0.655302882194519,2.6554901599884033,-0.6388747692108154,-0.6610622406005859,2.693295955657959,-0.5301045775413513,-0.6556210517883301,2.5988473892211914,-0.6142137050628662,-0.6619635820388794,2.532808303833008,-0.66578608751297,1.05489981174469,2.8079681396484375,-0.7968401312828064,1.0176423788070679,2.6474413871765137
-0.6331923604011536,0.09973475337028503,2.577030897140503,-0.6348726153373718,-0.08312816917896271,2.587653636932373,-0.6365494132041931,-0.26591330766677856,2.599540948867798,-0.6382262706756592,-0.44870394468307495,2.6114284992218018,-0.6526672840118408,-0.4464554190635681,2.659306287765503,-0.6937475204467773,-0.4372274875640869,2.7954061031341553,-0.5902128219604492,-0.23880289494991302,2.6388397216796875,-0.33879733085632324,-0.1737271547317505,2.5997023582458496,-0.28851422667503357,-0.16071200370788574,2.591874837875366,-0.18794803321361542,-0.13468170166015625,2.5762197971343994,-0.2354947030544281,-0.18757829070091248,2.535313129425049,-0.6238034963607788,-0.45293915271759033,2.5636799335479736,-0.5827232599258423,-0.46216708421707153,2.4275801181793213,-0.3471827805042267,-0.3466655910015106,2.503638505935669,-0.10392074286937714,-0.2892005741596222,2.5842466354370117,-0.055268336087465286,-0.277707576751709,2.6003682613372803,0.042036477476358414,-0.25472158193588257,2.6326115131378174,-0.026854418218135834,-0.264229953289032,2.6761515140533447,-0.657227635383606,0.10551189631223679,2.6726789474487305,-0.6034805178642273,0.5535702705383301,2.7515482902526855,-0.6237568259239197,0.9568613767623901,2.8041293621063232,-0.5109075307846069,1.0594571828842163,2.8491475582122803,-0.6091570854187012,0.09395761042833328,2.4813828468322754,-0.6408884525299072,0.5410767197608948,2.5759506225585938,-0.742275059223175,0.9302248954772949,2.6400139331817627,-0.6528217792510986,1.051830530166626,2.689990520477295,-0.534146785736084,-0.5659198760986328,2.6317784786224365,-0.5203479528427124,-0.6115511059761047,2.6344525814056396,-0.547551691532135,-0.6533540487289429,2.6582717895507812,-0.6490916013717651,-0.6591099500656128,2.6918485164642334,-0.5365089178085327,-0.6533095836639404,2.6020498275756836,-0.6178036332130432,-0.6589838266372681,2.532552719116211,-0.6681320071220398,1.0570931434631348,2.806650400161743,-0.8058883547782898,1.019405722618103,2.644709587097168
-0.6402061581611633,0.10073849558830261,2.5796420574188232,-0.6414854526519775,-0.08211666345596313,2.5905327796936035,-0.6428174376487732,-0.26489967107772827,2.6025683879852295,-0.6441494822502136,-0.44768813252449036,2.6146042346954346,-0.6599897742271423,-0.44544699788093567,2.662039279937744,-0.7054119110107422,-0.43616783618927,2.79793381690979,-0.6251896619796753,-0.2322421818971634,2.634732723236084,-0.38259851932525635,-0.1379520744085312,2.598921060562134,-0.3340802788734436,-0.11909405142068863,2.5917587280273438,-0.2370438277721405,-0.0813780128955841,2.5774340629577637,-0.2765069007873535,-0.14135852456092834,2.537663459777832,-0.6283236742019653,-0.451915979385376,2.5673000812530518,-0.5829015374183655,-0.4611951410770416,2.431405544281006,-0.3493306040763855,-0.34313660860061646,2.5099081993103027,-0.10728374123573303,-0.28490760922431946,2.5938501358032227,-0.05887436866760254,-0.27326181530952454,2.6106386184692383,0.03794437646865845,-0.2499702125787735,2.6442153453826904,-0.03162407875061035,-0.25921809673309326,2.6867759227752686,-0.6668925881385803,0.1065797507762909,2.67458176612854,-0.6094688177108765,0.5540242195129395,2.754878282546997,-0.6299145817756653,0.9576178789138794,2.805689573287964,-0.5180327892303467,1.0600093603134155,2.853609323501587,-0.6135197281837463,0.09489724040031433,2.4847023487091064,-0.6467453241348267,0.5423711538314819,2.5775177478790283,-0.7535185813903809,0.9309715628623962,2.6364829540252686,-0.6667037010192871,1.0536433458328247,2.688566207885742,-0.5413380265235901,-0.5654151439666748,2.637949228286743,-0.5278134346008301,-0.6111060976982117,2.640803575515747,-0.5560246109962463,-0.6529627442359924,2.663290023803711,-0.6587371826171875,-0.6585667133331299,2.693028211593628,-0.5429055094718933,-0.6525627374649048,2.6075308322906494,-0.6215663552284241,-0.657433271408081,2.535043716430664,-0.6740237474441528,1.0580185651779175,2.8066532611846924,-0.8180479407310486,1.0196144580841064,2.6387767791748047
-0.6440750360488892,0.10175210237503052,2.578270196914673,-0.6451791524887085,-0.08111098408699036,2.589080333709717,-0.646425187587738,-0.2638966739177704,2.6011154651641846,-0.6476712822914124,-0.44668781757354736,2.6131508350372314,-0.6646338105201721,-0.44447219371795654,2.6601979732513428,-0.7135500907897949,-0.43521448969841003,2.7957370281219482,-0.6530101895332336,-0.22784572839736938,2.6283278465270996,-0.4210178256034851,-0.10907656699419022,2.594696521759033,-0.37461936473846436,-0.08532273769378662,2.58797025680542,-0.28182241320610046,-0.03781507536768913,2.5745177268981934,-0.3138177990913391,-0.10263006389141083,2.535590410232544,-0.6307222247123718,-0.4508901834487915,2.566234588623047,-0.581805944442749,-0.460147887468338,2.4306955337524414,-0.3506956994533539,-0.33941492438316345,2.512575387954712,-0.11000879108905792,-0.28167790174484253,2.600858211517334,-0.06187140941619873,-0.2701304852962494,2.6185147762298584,0.03440335392951965,-0.2470356822013855,2.6538279056549072,-0.03598485887050629,-0.25597333908081055,2.695127487182617,-0.6728578209877014,0.10750241577625275,2.6726014614105225,-0.6147606372833252,0.5544741749763489,2.755452871322632,-0.6377145051956177,0.9580575227737427,2.8058314323425293,-0.5272854566574097,1.0608291625976562,2.8563284873962402,-0.6152922511100769,0.09600178897380829,2.4839389324188232,-0.6515957117080688,0.5433265566825867,2.576707363128662,-0.765362024307251,0.9305223226547241,2.6322152614593506,-0.6816108822822571,1.0545389652252197,2.6861793994903564,-0.5460016131401062,-0.5647614598274231,2.6393346786499023,-0.5326831936836243,-0.6104893684387207,2.6423819065093994,-0.5617386102676392,-0.6524035334587097,2.663621425628662,-0.6654089689254761,-0.6579447388648987,2.689741373062134,-0.5466964244842529,-0.6517044901847839,2.608366012573242,-0.6227895617485046,-0.6559640765190125,2.533184766769409,-0.6821754574775696,1.0583281517028809,2.8057918548583984,-0.8312011957168579,1.0182486772537231,2.6327297687530518
-0.6437409520149231,0.09986338019371033,2.5799736976623535,-0.6448940634727478,-0.0830170065164566,2.590712070465088,-0.6462734341621399,-0.26582545042037964,2.6025888919830322,-0.6476528644561768,-0.4486393332481384,2.6144659519195557,-0.6651967167854309,-0.44646164774894714,2.6613051891326904,-0.7159804701805115,-0.43727821111679077,2.796760082244873,-0.6549124717712402,-0.2274557203054428,2.632528781890869,-0.42332249879837036,-0.10657092183828354,2.6035118103027344,-0.3770045042037964,-0.08239395916461945,2.5977084636688232,-0.28436851501464844,-0.03404004126787186,2.586101770401001,-0.31534314155578613,-0.09863835573196411,2.5459678173065186,-0.6301239728927612,-0.45280399918556213,2.567755937576294,-0.5793402194976807,-0.4619874358177185,2.4323010444641113,-0.3512112498283386,-0.3372921347618103,2.5167696475982666,-0.11190994083881378,-0.27911481261253357,2.608635425567627,-0.06404967606067657,-0.2674793601036072,2.6270086765289307,0.03167084604501724,-0.244208425283432,2.663754940032959,-0.03933490067720413,-0.25321200489997864,2.7040066719055176,-0.6734938621520996,0.1055724173784256,2.674006462097168,-0.6183807849884033,0.5530341267585754,2.7565410137176514,-0.6468902826309204,0.9565561413764954,2.8049099445343018,-0.5382614135742188,1.0609314441680908,2.8560750484466553,-0.6139880418777466,0.09415434300899506,2.485940933227539,-0.654364824295044,0.5418012738227844,2.575681447982788,-0.7757434844970703,0.9274252653121948,2.6261165142059326,-0.6949126124382019,1.0534284114837646,2.679985761642456,-0.5465108752250671,-0.5666768550872803,2.642113447189331,-0.5332071781158447,-0.6123741865158081,2.6451339721679688,-0.5626598596572876,-0.654449462890625,2.6653785705566406,-0.6668199300765991,-0.6603149175643921,2.6890413761138916,-0.5463603138923645,-0.6533295512199402,2.61053204536438,-0.6206379532814026,-0.6571416854858398,2.5336427688598633,-0.6926030516624451,1.0562716722488403,2.8039779663085938,-0.8431466817855835,1.0139656066894531,2.624971866607666
-0.6396000385284424,0.09605875611305237,2.58505916595459,-0.6409489512443542,-0.08694104850292206,2.595395803451538,-0.6425617933273315,-0.2698800563812256,2.6067230701446533,-0.6441746950149536,-0.45282459259033203,2.6180508136749268,-0.6614929437637329,-0.45076245069503784,2.6650073528289795,-0.7117873430252075,-0.44188210368156433,2.8012654781341553,-0.5817052721977234,-0.23731133341789246,2.674710512161255,-0.320834219455719,-0.2042974829673767,2.675654172897339,-0.2686600089073181,-0.19769471883773804,2.6758430004119873,-0.16431158781051636,-0.1844891756772995,2.676220417022705,-0.2118397057056427,-0.2263137847185135,2.623872756958008,-0.6268739700317383,-0.4568750262260437,2.5712172985076904,-0.5765795707702637,-0.4657553732395172,2.4349591732025146,-0.35862886905670166,-0.32910436391830444,2.5277531147003174,-0.12299266457557678,-0.27290835976600647,2.630037546157837,-0.07586542516946793,-0.2616691589355469,2.650494337081909,0.018389053642749786,-0.23919075727462769,2.691408157348633,-0.05411025881767273,-0.24919258058071136,2.728722095489502,-0.6685099601745605,0.10159952938556671,2.6793811321258545,-0.627435564994812,0.5515052080154419,2.7571327686309814,-0.6685917973518372,0.9543870687484741,2.8022429943084717,-0.5628165602684021,1.0627529621124268,2.8511297702789307,-0.6106901168823242,0.09051798284053802,2.490737199783325,-0.6579818725585938,0.539712131023407,2.5690677165985107,-0.7913535833358765,0.922735333442688,2.6084094047546387,-0.7142829895019531,1.0528669357299805,2.6578805446624756,-0.5419264435768127,-0.5690783858299255,2.6463725566864014,-0.5281150937080383,-0.6144483685493469,2.649690628051758,-0.5569602847099304,-0.6566031575202942,2.6701748371124268,-0.6607081890106201,-0.6635380387306213,2.6938538551330566,-0.5407481789588928,-0.6556677222251892,2.6154849529266357,-0.6147738695144653,-0.6608876585960388,2.5388991832733154,-0.7175689339637756,1.0525590181350708,2.8009841442108154,-0.8615010380744934,1.0070325136184692,2.6050329208374023
-0.633880078792572,0.09338778257369995,2.5873305797576904,-0.6358946561813354,-0.08968408405780792,2.5970237255096436,-0.6381881833076477,-0.27269935607910156,2.6076760292053223,-0.6404817700386047,-0.45572012662887573,2.61832857131958,-0.6555384993553162,-0.45375049114227295,2.666074752807617,-0.6992831230163574,-0.4451313614845276,2.8047397136688232,-0.5326858758926392,-0.2589592933654785,2.693384885787964,-0.27063801884651184,-0.28125056624412537,2.691309690475464,-0.21822844445705414,-0.28570881485939026,2.690894603729248,-0.11340929567813873,-0.29462531208992004,2.6900644302368164,-0.16883841156959534,-0.32051870226860046,2.6352176666259766,-0.6254500150680542,-0.45967888832092285,2.5706982612609863,-0.5817053914070129,-0.4682980179786682,2.4320333003997803,-0.3673359751701355,-0.32390350103378296,2.5215351581573486,-0.12931475043296814,-0.2710390090942383,2.6201331615448,-0.08171050250530243,-0.2604660987854004,2.63985276222229,0.013497993350028992,-0.239320307970047,2.6792919635772705,-0.05818204581737518,-0.2503161132335663,2.71791934967041,-0.6580436825752258,0.09871924668550491,2.6830012798309326,-0.6312524080276489,0.5504336357116699,2.756657600402832,-0.683449923992157,0.951941192150116,2.8029422760009766,-0.5789216756820679,1.06398344039917,2.845917224884033,-0.6097164750099182,0.08805631846189499,2.4916598796844482,-0.6590162515640259,0.5382396578788757,2.563028335571289,-0.7977836728096008,0.9195927381515503,2.6002931594848633,-0.7209819555282593,1.0522236824035645,2.643153429031372,-0.5363208651542664,-0.5706686973571777,2.6434624195098877,-0.5220593810081482,-0.6158196330070496,2.6467998027801514,-0.5495467782020569,-0.6577750444412231,2.669236183166504,-0.6518377065658569,-0.6650117039680481,2.6978907585144043,-0.5359823107719421,-0.657579779624939,2.613914728164673,-0.6134051084518433,-0.6644586324691772,2.5411460399627686,-0.7356918454170227,1.0484296083450317,2.8040454387664795,-0.869640052318573,1.0025001764297485,2.5984280109405518
-0.6281201839447021,0.09437665343284607,2.585228204727173,-0.6305698156356812,-0.08877204358577728,2.593446969985962,-0.6333481073379517,-0.2718667984008789,2.60269832611084,-0.6361264586448669,-0.45496702194213867,2.611949920654297,-0.6482041478157043,-0.45332592725753784,2.660550117492676,-0.683280885219574,-0.4456603229045868,2.8017289638519287,-0.5124353766441345,-0.2680496573448181,2.6832776069641113,-0.25320833921432495,-0.3029831647872925,2.656726837158203,-0.20136293768882751,-0.30996987223625183,2.651416778564453,-0.09767212718725204,-0.32394328713417053,2.640796422958374,-0.15900370478630066,-0.34499597549438477,2.590380907058716,-0.6240790486335754,-0.45859816670417786,2.5634500980377197,-0.5890023112297058,-0.4662637710571289,2.422271251678467,-0.3768577575683594,-0.3160685896873474,2.507127285003662,-0.13511376082897186,-0.26899656653404236,2.599148988723755,-0.08676496148109436,-0.25958216190338135,2.617553234100342,0.009932637214660645,-0.24075335264205933,2.6543619632720947,-0.060471221804618835,-0.2523930072784424,2.695035219192505,-0.6462029814720154,0.09897366911172867,2.6822781562805176,-0.6355931758880615,0.5511770248413086,2.7572779655456543,-0.7018773555755615,0.9498485326766968,2.809922933578491,-0.5996824502944946,1.0661141872406006,2.8469278812408447,-0.6100373864173889,0.08977963775396347,2.488178253173828,-0.6628054976463318,0.5398830771446228,2.5578041076660156,-0.8059773445129395,0.9191725850105286,2.599581003189087,-0.7291147708892822,1.0536326169967651,2.636234760284424,-0.5303503274917603,-0.569173276424408,2.6312379837036133,-0.5157631635665894,-0.6141683459281921,2.6339805126190186,-0.5415766835212708,-0.6559754610061646,2.658351421356201,-0.6416477560997009,-0.6633330583572388,2.693378448486328,-0.5315423607826233,-0.6561332941055298,2.6023881435394287,-0.6132171154022217,-0.6637802720069885,2.534815788269043,-0.7580370306968689,1.043983817100525,2.815136194229126,-0.8793221712112427,1.0007823705673218,2.6012887954711914
-0.6246320605278015,0.09617945551872253,2.584757089614868,-0.6278970241546631,-0.08703050017356873,2.591677665710449,-0.6314628720283508,-0.2701975405216217,2.5995240211486816,-0.6350288391113281,-0.4533700942993164,2.607370615005493,-0.6437762975692749,-0.452084481716156,2.6566953659057617,-0.669158935546875,-0.44545096158981323,2.8000152111053467,-0.5021846890449524,-0.27187973260879517,2.672024726867676,-0.2462732195854187,-0.30754876136779785,2.6271491050720215,-0.19509091973304749,-0.31468257308006287,2.6181740760803223,-0.09272633492946625,-0.3289501965045929,2.6002237796783447,-0.15738706290721893,-0.34937578439712524,2.554241180419922,-0.6263201236724854,-0.45664650201797485,2.558130979537964,-0.6009374856948853,-0.4632800221443176,2.414811134338379,-0.389454185962677,-0.30790603160858154,2.489125967025757,-0.1424865424633026,-0.26740431785583496,2.5675055980682373,-0.09309300780296326,-0.2593039870262146,2.583181619644165,0.005694054067134857,-0.2431032955646515,2.6145334243774414,-0.06217382848262787,-0.25478506088256836,2.658919334411621,-0.6359363794326782,0.1000867560505867,2.6828625202178955,-0.6365060210227966,0.552054226398468,2.7601561546325684,-0.7124332189559937,0.9479623436927795,2.8202784061431885,-0.6118877530097961,1.067502737045288,2.850847005844116,-0.6133277416229248,0.09227215498685837,2.486651659011841,-0.6677221059799194,0.5423782467842102,2.5551717281341553,-0.811464250087738,0.9207592010498047,2.6030142307281494,-0.733608067035675,1.0562995672225952,2.6330301761627197,-0.5284916758537292,-0.5674803256988525,2.6193833351135254,-0.5138298869132996,-0.6124095320701599,2.6211791038513184,-0.5378764867782593,-0.6540610790252686,2.6473374366760254,-0.6350748538970947,-0.6612035036087036,2.6892454624176025,-0.531808614730835,-0.6543362736701965,2.590909242630005,-0.6178825497627258,-0.6619833111763,2.5293655395507812,-0.7712574601173401,1.040084958076477,2.830129623413086,-0.8853303790092468,1.0017061233520508,2.6089563369750977
-0.6219363808631897,0.0972970724105835,2.5868377685546875,-0.6264467239379883,-0.08589623868465424,2.593950033187866,-0.6312068700790405,-0.2690480351448059,2.601917266845703,-0.6359671354293823,-0.4522053003311157,2.609884738922119,-0.6407061815261841,-0.45091044902801514,2.659759044647217,-0.6544124484062195,-0.4442504048347473,2.804670572280884,-0.49539172649383545,-0.27372682094573975,2.665114641189575,-0.2443331778049469,-0.30751702189445496,2.6010935306549072,-0.19412146508693695,-0.3142750561237335,2.588289260864258,-0.09369804710149765,-0.32779112458229065,2.562680721282959,-0.1612829566001892,-0.34865641593933105,2.5219357013702393,-0.6312798261642456,-0.4554908573627472,2.5600972175598145,-0.6175735592842102,-0.462150901556015,2.4151856899261475,-0.40527278184890747,-0.30047863721847534,2.466491222381592,-0.15193799138069153,-0.26483842730522156,2.5196151733398438,-0.10127103328704834,-0.25771039724349976,2.530240058898926,6.288290023803711e-05,-0.24345430731773376,2.5514895915985107,-0.06303156912326813,-0.25374284386634827,2.6022486686706543,-0.6252096891403198,0.1012096032500267,2.685539960861206,-0.6290481686592102,0.5534929633140564,2.7608296871185303,-0.7083182334899902,0.9480495452880859,2.8253254890441895,-0.6082125306129456,1.0698459148406982,2.8471782207489014,-0.6186630725860596,0.09338454157114029,2.488135576248169,-0.6713768839836121,0.5439800024032593,2.554682731628418,-0.8111138343811035,0.9229804873466492,2.609001636505127,-0.7312052249908447,1.0589040517807007,2.6307373046875,-0.529811680316925,-0.5670152902603149,2.614034652709961,-0.515421986579895,-0.6120087504386902,2.6150169372558594,-0.537513256072998,-0.653185248374939,2.6434412002563477,-0.6308438181877136,-0.6591215133666992,2.693310022354126,-0.5361716151237488,-0.6539934873580933,2.586764335632324,-0.6270426511764526,-0.661411464214325,2.5327258110046387,-0.7681101560592651,1.03896963596344,2.8395397663116455,-0.8843290209770203,1.0040061473846436,2.6198627948760986
-0.6172806620597839,0.10042136907577515,2.579479694366455,-0.6227039098739624,-0.08277919888496399,2.58601975440979,-0.6283392906188965,-0.2659417390823364,2.593393087387085,-0.6339748501777649,-0.4491097331047058,2.600766658782959,-0.6343522071838379,-0.44807904958724976,2.6508731842041016,-0.6353592872619629,-0.44219401478767395,2.796294927597046,-0.48638716340065,-0.27234047651290894,2.6488468647003174,-0.2419905811548233,-0.30410289764404297,2.5678884983062744,-0.19311127066612244,-0.3104553818702698,2.55169677734375,-0.09535263478755951,-0.3231603503227234,2.519313335418701,-0.16500282287597656,-0.3438219130039215,2.483400583267212,-0.633658766746521,-0.4521312713623047,2.5507402420043945,-0.632651686668396,-0.4580163061618805,2.40531849861145,-0.42299944162368774,-0.29009735584259033,2.430479049682617,-0.16664999723434448,-0.2593465745449066,2.4556217193603516,-0.11538010835647583,-0.2531964182853699,2.4606502056121826,-0.012840323150157928,-0.2408961057662964,2.4707071781158447,-0.06994707137346268,-0.24904146790504456,2.527630567550659,-0.6119319200515747,0.10378406941890717,2.6781115531921387,-0.6162165403366089,0.5560069680213928,2.753312110900879,-0.6961703300476074,0.9492474794387817,2.824281692504883,-0.5966043472290039,1.07269287109375,2.8374390602111816,-0.6226294040679932,0.09705866873264313,2.4808478355407715,-0.6735666394233704,0.5474069118499756,2.5499191284179688,-0.8081946969032288,0.9265755414962769,2.6145243644714355,-0.7267742156982422,1.062584638595581,2.628577709197998,-0.5284936428070068,-0.5643079876899719,2.5949339866638184,-0.5142916440963745,-0.6093326210975647,2.5945067405700684,-0.5338506698608398,-0.6504449248313904,2.6247427463531494,-0.6221627593040466,-0.6560792326927185,2.68292498588562,-0.5377248525619507,-0.6511306166648865,2.568223476409912,-0.6331396102905273,-0.6580220460891724,2.522787094116211,-0.7560102343559265,1.0391792058944702,2.843552350997925,-0.8802108764648438,1.0076286792755127,2.6313750743865967
-0.613646924495697,0.10323324799537659,2.5730652809143066,-0.6197425127029419,-0.07995997369289398,2.5787460803985596,-0.626009464263916,-0.2631206512451172,2.585232973098755,-0.6322765946388245,-0.44628679752349854,2.5917201042175293,-0.6282323002815247,-0.445654034614563,2.641666889190674,-0.6164263486862183,-0.4409409463405609,2.7861504554748535,-0.47972747683525085,-0.2705472409725189,2.6325154304504395,-0.24343058466911316,-0.29961588978767395,2.536275625228882,-0.19617119431495667,-0.3054296374320984,2.5170276165008545,-0.10165242850780487,-0.3170571029186249,2.4785315990448,-0.17267565429210663,-0.33760738372802734,2.4473955631256104,-0.6363890171051025,-0.44891029596328735,2.5418434143066406,-0.6481949687004089,-0.45362338423728943,2.397359848022461,-0.44728201627731323,-0.27769434452056885,2.394671678543091,-0.1920628547668457,-0.24961814284324646,2.3904035091400146,-0.14101901650428772,-0.24400290846824646,2.389549970626831,-0.03893134742975235,-0.23277242481708527,2.3878426551818848,-0.08891507983207703,-0.23865678906440735,2.450317144393921,-0.5996413230895996,0.10580012202262878,2.6708695888519287,-0.6035609841346741,0.5575453042984009,2.748375654220581,-0.6834245920181274,0.9490454196929932,2.8280715942382812,-0.5851263403892517,1.074049711227417,2.833238363265991,-0.6276525259017944,0.10066637396812439,2.4752609729766846,-0.6758329272270203,0.5505455732345581,2.5486340522766113,-0.8040132522583008,0.9297905564308167,2.6244301795959473,-0.7216050624847412,1.065727710723877,2.6311604976654053,-0.528128445148468,-0.5615379214286804,2.575275182723999,-0.5141435861587524,-0.6065529584884644,2.5731875896453857,-0.5309125781059265,-0.6478464007377625,2.6047606468200684,-0.6134307384490967,-0.6537936925888062,2.670769453048706,-0.5399895310401917,-0.6480743885040283,2.54887318611145,-0.6391487121582031,-0.6544396877288818,2.5124216079711914,-0.7428118586540222,1.0378773212432861,2.852914571762085,-0.8742094039916992,1.0108932256698608,2.6474521160125732
-0.6116796135902405,0.10345828533172607,2.569797992706299,-0.618385910987854,-0.07972487807273865,2.574613094329834,-0.6252411007881165,-0.2628846764564514,2.5800647735595703,-0.6320964694023132,-0.4460499882698059,2.5855166912078857,-0.6240017414093018,-0.44587868452072144,2.6349689960479736,-0.6006249189376831,-0.44252485036849976,2.777043581008911,-0.4760158360004425,-0.27000129222869873,2.621410369873047,-0.24867741763591766,-0.295474648475647,2.5121517181396484,-0.20320972800254822,-0.3005693256855011,2.490299940109253,-0.11227436363697052,-0.31075865030288696,2.446596384048462,-0.18401366472244263,-0.3307294249534607,2.4196279048919678,-0.640265703201294,-0.44821202754974365,2.536123514175415,-0.6636425256729126,-0.45156586170196533,2.3940489292144775,-0.4774881899356842,-0.2664615213871002,2.3696274757385254,-0.2268807291984558,-0.2398400753736496,2.3421263694763184,-0.1767592430114746,-0.23451578617095947,2.3366260528564453,-0.07651626318693161,-0.22386720776557922,2.3256256580352783,-0.12015604227781296,-0.22773075103759766,2.3916053771972656,-0.589823842048645,0.1051914319396019,2.6661715507507324,-0.5924360156059265,0.5567045211791992,2.7446744441986084,-0.6703417301177979,0.9470570087432861,2.8313241004943848,-0.5734308958053589,1.0731947422027588,2.829014539718628,-0.6335353851318359,0.10172513872385025,2.4734244346618652,-0.677904486656189,0.5513972640037537,2.5499749183654785,-0.7986307740211487,0.9311184287071228,2.634765625,-0.7156130075454712,1.0668230056762695,2.6345369815826416,-0.5294407606124878,-0.5605992078781128,2.559154748916626,-0.5155586004257202,-0.6054917573928833,2.5554020404815674,-0.52949458360672,-0.6471561789512634,2.5877676010131836,-0.6061182022094727,-0.6541443467140198,2.660299777984619,-0.5431967973709106,-0.646805465221405,2.532885789871216,-0.6449412107467651,-0.6531506776809692,2.5048012733459473,-0.7286139130592346,1.0351285934448242,2.8609771728515625,-0.8665454387664795,1.012457251548767,2.6631054878234863
-0.6109333634376526,0.10324802994728088,2.5657429695129395,-0.6181513667106628,-0.0799092948436737,2.5705690383911133,-0.6254768967628479,-0.26304370164871216,2.5760579109191895,-0.6328026652336121,-0.44618356227874756,2.5815467834472656,-0.6210857033729553,-0.446189820766449,2.6302669048309326,-0.5876739025115967,-0.44337907433509827,2.7686402797698975,-0.47812098264694214,-0.2695085108280182,2.6104671955108643,-0.259863942861557,-0.2899414896965027,2.491621971130371,-0.21621254086494446,-0.29402807354927063,2.467852830886841,-0.12890973687171936,-0.3022012710571289,2.4203147888183594,-0.20034930109977722,-0.3231199085712433,2.397350549697876,-0.6445992588996887,-0.4481678605079651,2.532886505126953,-0.6780110597610474,-0.4509786069393158,2.3945131301879883,-0.5128844976425171,-0.25685185194015503,2.3465592861175537,-0.2706291675567627,-0.23085501790046692,2.293508768081665,-0.22217810153961182,-0.22565564513206482,2.2828986644744873,-0.12527596950531006,-0.21525691449642181,2.261678457260132,-0.1613527089357376,-0.2165505588054657,2.330709934234619,-0.5821495056152344,0.10460475087165833,2.6602842807769775,-0.5833819508552551,0.5558260679244995,2.7401881217956543,-0.6594142317771912,0.944930911064148,2.8336336612701416,-0.5643772482872009,1.0721888542175293,2.8249447345733643,-0.6397172212600708,0.10189130902290344,2.4712016582489014,-0.6793033480644226,0.5515519380569458,2.550100803375244,-0.792737603187561,0.931738018989563,2.6423327922821045,-0.7096492648124695,1.0672204494476318,2.635777711868286,-0.5320296287536621,-0.5602168440818787,2.547621250152588,-0.518326461315155,-0.6050117015838623,2.5427544116973877,-0.5297870635986328,-0.6467761993408203,2.575868606567383,-0.6009677648544312,-0.654216468334198,2.6535747051239014,-0.5473447442054749,-0.6463111639022827,2.5221519470214844,-0.6507145762443542,-0.6528987884521484,2.5013773441314697,-0.7164373397827148,1.0322132110595703,2.86767840385437,-0.8582451343536377,1.013305902481079,2.6752617359161377
-0.6108383536338806,0.10536634922027588,2.5620901584625244,-0.6183013319969177,-0.07778620719909668,2.567040205001831,-0.6258279085159302,-0.26091888546943665,2.5725932121276855,-0.6333547234535217,-0.44405704736709595,2.57814621925354,-0.6151790618896484,-0.44438591599464417,2.6248440742492676,-0.5661351084709167,-0.4425918459892273,2.750486135482788,-0.5033873915672302,-0.2569628655910492,2.605166435241699,-0.31792062520980835,-0.23841489851474762,2.4627537727355957,-0.28082728385925293,-0.23470529913902283,2.4342713356018066,-0.2066405713558197,-0.22728611528873444,2.3773062229156494,-0.2736591696739197,-0.2537049949169159,2.363858699798584,-0.6516121625900269,-0.4457186758518219,2.5315089225769043,-0.7006561160087585,-0.44751274585723877,2.405866861343384,-0.5963422656059265,-0.2441772222518921,2.3205056190490723,-0.3833109140396118,-0.22117042541503906,2.225050449371338,-0.34070464968681335,-0.21656906604766846,2.2059593200683594,-0.25549209117889404,-0.20736634731292725,2.1677772998809814,-0.2763867974281311,-0.20172852277755737,2.237791061401367,-0.5698378086090088,0.10612619668245316,2.652017831802368,-0.5716545581817627,0.5550310015678406,2.743696451187134,-0.6492398977279663,0.9378979206085205,2.8588449954986572,-0.5608174204826355,1.0690675973892212,2.842398166656494,-0.6518388986587524,0.1046065017580986,2.4721624851226807,-0.6826165318489075,0.5547165870666504,2.5520212650299072,-0.7856454849243164,0.9349107146263123,2.655477523803711,-0.7049033641815186,1.0707491636276245,2.6375010013580322,-0.5381019711494446,-0.5588525533676147,2.5327820777893066,-0.5253448486328125,-0.6037508249282837,2.5265073776245117,-0.5329256653785706,-0.6453019976615906,2.560976505279541,-0.5941627025604248,-0.6519716382026672,2.646798849105835,-0.5568854212760925,-0.6449567079544067,2.509793519973755,-0.6620486378669739,-0.6509933471679688,2.5017805099487305,-0.7045758366584778,1.0217969417572021,2.902710199356079,-0.8469024896621704,1.0163626670837402,2.6959550380706787
-0.6121551394462585,0.1094452440738678,2.562878370285034,-0.6192328333854675,-0.07372668385505676,2.568286418914795,-0.6263882517814636,-0.2568805515766144,2.5741822719573975,-0.6335439085960388,-0.44003990292549133,2.580078363418579,-0.6124080419540405,-0.44040077924728394,2.6255180835723877,-0.5565819144248962,-0.4387280344963074,2.7452328205108643,-0.5215929746627808,-0.24255229532718658,2.6153855323791504,-0.35582616925239563,-0.19514897465705872,2.465132474899292,-0.3226728141307831,-0.18566830456256866,2.435081958770752,-0.2563660740852356,-0.16670697927474976,2.3749806880950928,-0.3200228810310364,-0.19746500253677368,2.3646655082702637,-0.654757559299469,-0.4416697323322296,2.534702777862549,-0.7105836868286133,-0.4433424770832062,2.4149880409240723,-0.6452290415763855,-0.238913893699646,2.312483310699463,-0.4491691291332245,-0.2144995629787445,2.1973047256469727,-0.4099571406841278,-0.20961669087409973,2.174268960952759,-0.33153316378593445,-0.19985096156597137,2.128197431564331,-0.3454315960407257,-0.1896134614944458,2.1975276470184326,-0.565772533416748,0.11022979021072388,2.6501522064208984,-0.5649253129959106,0.5577706098556519,2.748176336288452,-0.641426146030426,0.9371924996376038,2.874807119369507,-0.5560131072998047,1.070003628730774,2.8558928966522217,-0.658537745475769,0.10866069793701172,2.47560453414917,-0.6827200651168823,0.5595135688781738,2.5533804893493652,-0.7802431583404541,0.9400829076766968,2.6606414318084717,-0.7009069323539734,1.075930118560791,2.637333869934082,-0.5421755313873291,-0.5564870834350586,2.531353712081909,-0.5302996039390564,-0.6015883088111877,2.5249996185302734,-0.5365848541259766,-0.6426047682762146,2.560311794281006,-0.5933639407157898,-0.6474809646606445,2.6491940021514893,-0.5631285905838013,-0.6425699591636658,2.5104541778564453,-0.6685711741447449,-0.6473824381828308,2.5079305171966553,-0.6953974366188049,1.0193960666656494,2.9233222007751465,-0.8391962647438049,1.0216569900512695,2.7041642665863037
-0.6126176714897156,0.11496728658676147,2.562286615371704,-0.6191250085830688,-0.06823298335075378,2.5675971508026123,-0.6258084774017334,-0.2514178156852722,2.573214054107666,-0.632492184638977,-0.43460813164711,2.578831195831299,-0.608752965927124,-0.43511873483657837,2.6229665279388428,-0.5469781160354614,-0.4338587820529938,2.7375619411468506,-0.5319072604179382,-0.2303437739610672,2.624814510345459,-0.3842284679412842,-0.1636810004711151,2.469883441925049,-0.3546926975250244,-0.15034843981266022,2.438897132873535,-0.29562118649482727,-0.12368332594633102,2.376924753189087,-0.35720375180244446,-0.15611937642097473,2.3691446781158447,-0.6563040018081665,-0.43608856201171875,2.534756898880005,-0.7180788516998291,-0.43734851479530334,2.420161485671997,-0.6892539262771606,-0.23627659678459167,2.305720806121826,-0.5068339705467224,-0.20931802690029144,2.178234577178955,-0.4703499674797058,-0.20392630994319916,2.1527373790740967,-0.397381991147995,-0.19314289093017578,2.101742744445801,-0.40734973549842834,-0.1783064901828766,2.169459581375122,-0.5615217089653015,0.11560477316379547,2.646890878677368,-0.5592323541641235,0.5618009567260742,2.7507736682891846,-0.6338279843330383,0.9381588697433472,2.887256622314453,-0.551150918006897,1.0723578929901123,2.8661537170410156,-0.6637136340141296,0.11432980000972748,2.47768235206604,-0.6845900416374207,0.5654934644699097,2.554516077041626,-0.7773826122283936,0.9462320804595947,2.6652636528015137,-0.699808657169342,1.082192063331604,2.6372034549713135,-0.5453803539276123,-0.5529448390007019,2.5272839069366455,-0.5345015525817871,-0.5982657670974731,2.5209453105926514,-0.5396730303764343,-0.6387251615524292,2.5570154190063477,-0.5921145081520081,-0.6416551470756531,2.6485238075256348,-0.5685752630233765,-0.6388818025588989,2.5085318088531494,-0.6740042567253113,-0.6420989036560059,2.5111536979675293,-0.686252236366272,1.01887845993042,2.9397852420806885,-0.83417147397995,1.0278249979019165,2.7115328311920166
-0.6142669320106506,0.12057650089263916,2.562997817993164,-0.6200249791145325,-0.06266200542449951,2.5679662227630615,-0.6260999441146851,-0.24588851630687714,2.5729992389678955,-0.632175087928772,-0.4291205406188965,2.5780322551727295,-0.6060946583747864,-0.4298073649406433,2.6208245754241943,-0.5388073921203613,-0.4290114641189575,2.731017827987671,-0.5306102633476257,-0.22082102298736572,2.6325936317443848,-0.3920076787471771,-0.1462179571390152,2.476659059524536,-0.3642871677875519,-0.13129734992980957,2.445472240447998,-0.308846116065979,-0.10145612061023712,2.3830983638763428,-0.3701559007167816,-0.13290788233280182,2.3765203952789307,-0.6583216190338135,-0.43042516708374023,2.535294771194458,-0.7256089448928833,-0.431221067905426,2.4251015186309814,-0.7313084602355957,-0.23581962287425995,2.30310320854187,-0.5587064027786255,-0.20564883947372437,2.1674928665161133,-0.5241860151290894,-0.19961468875408173,2.1403708457946777,-0.4551451802253723,-0.18754637241363525,2.0861268043518066,-0.4634752571582794,-0.16852380335330963,2.152157783508301,-0.5589517951011658,0.1210593655705452,2.644911766052246,-0.5567041039466858,0.566456139087677,2.752096652984619,-0.6283804178237915,0.9410822987556458,2.894723892211914,-0.5482138395309448,1.0762782096862793,2.8705649375915527,-0.6695820689201355,0.12009363621473312,2.481083869934082,-0.6881666779518127,0.5716223120689392,2.5562398433685303,-0.7755808234214783,0.9531501531600952,2.668578624725342,-0.6996117234230042,1.088913917541504,2.635636568069458,-0.5494428873062134,-0.5494820475578308,2.5242414474487305,-0.5396117568016052,-0.5950327515602112,2.5180132389068604,-0.5438470244407654,-0.6349399089813232,2.5547730922698975,-0.5922011733055115,-0.6358686685562134,2.6484875679016113,-0.5748515129089355,-0.6351870894432068,2.5076403617858887,-0.6800471544265747,-0.6365689635276794,2.514944553375244,-0.6789947152137756,1.0208923816680908,2.950319290161133,-0.8300418853759766,1.0350714921951294,2.717005729675293
-0.6147552728652954,0.1255042850971222,2.564450740814209,-0.6195964217185974,-0.05778449773788452,2.568607807159424,-0.6249161958694458,-0.2410636693239212,2.572601079940796,-0.6302360892295837,-0.4243483245372772,2.576594591140747,-0.6020148396492004,-0.42526257038116455,2.6180028915405273,-0.5295071005821228,-0.4250527024269104,2.7242271900177,-0.5239090323448181,-0.21177780628204346,2.6410958766937256,-0.3900768756866455,-0.1315019726753235,2.485797166824341,-0.36331045627593994,-0.11544680595397949,2.454737424850464,-0.3097775876522064,-0.0833364725112915,2.39261794090271,-0.3715479373931885,-0.11296588182449341,2.386495590209961,-0.658515214920044,-0.4254261255264282,2.535229444503784,-0.7310229539871216,-0.4256359934806824,2.4290051460266113,-0.7695053815841675,-0.23848281800746918,2.302826166152954,-0.6028621196746826,-0.2045329213142395,2.163003444671631,-0.5695334672927856,-0.19774293899536133,2.1350388526916504,-0.5028761625289917,-0.18416297435760498,2.0791096687316895,-0.5117291808128357,-0.16141870617866516,2.143415927886963,-0.5556278824806213,0.1257392168045044,2.643667221069336,-0.5545633435249329,0.5705692768096924,2.753117322921753,-0.6227576732635498,0.9443844556808472,2.899481773376465,-0.5449185967445374,1.080275535583496,2.8718981742858887,-0.6738826632499695,0.12526935338974,2.485234260559082,-0.6917320489883423,0.5771821737289429,2.5581066608428955,-0.7738731503486633,0.9599452018737793,2.6701605319976807,-0.6995742917060852,1.0953079462051392,2.6321771144866943,-0.5523613691329956,-0.5469852685928345,2.5207905769348145,-0.5437352657318115,-0.5927914977073669,2.5147011280059814,-0.5471990704536438,-0.6321816444396973,2.5520832538604736,-0.5914907455444336,-0.6310523152351379,2.647766590118408,-0.5801913142204285,-0.632311999797821,2.506328821182251,-0.6849687695503235,-0.6314216256141663,2.5181291103363037,-0.6714354753494263,1.0236924886703491,2.9574644565582275,-0.826019823551178,1.0424119234085083,2.720172882080078
-0.6147575974464417,0.12960931658744812,2.567875623703003,-0.6188495755195618,-0.0537211149930954,2.5710012912750244,-0.6236201524734497,-0.2370416671037674,2.5737178325653076,-0.628390908241272,-0.4203677177429199,2.576434373855591,-0.5983219146728516,-0.42155343294143677,2.6165151596069336,-0.5211665630340576,-0.42203912138938904,2.719233512878418,-0.5158158540725708,-0.20365065336227417,2.6526732444763184,-0.3836669325828552,-0.11779168993234634,2.4997589588165283,-0.3572371304035187,-0.10061989724636078,2.4691760540008545,-0.30437755584716797,-0.06627631187438965,2.408010482788086,-0.3668680787086487,-0.09384123980998993,2.4015939235687256,-0.6585116982460022,-0.4211745262145996,2.5363833904266357,-0.7356670498847961,-0.42068883776664734,2.4336650371551514,-0.801663875579834,-0.24267606437206268,2.306746482849121,-0.6377502679824829,-0.2054257094860077,2.1654574871063232,-0.6049675345420837,-0.19797563552856445,2.137199640274048,-0.5394021272659302,-0.18307550251483917,2.080683946609497,-0.5498663187026978,-0.15760184824466705,2.143514394760132,-0.5523436069488525,0.1295233517885208,2.644543170928955,-0.5534839034080505,0.5740774869918823,2.754990816116333,-0.6183958649635315,0.9479451179504395,2.9026381969451904,-0.5427375435829163,1.0842700004577637,2.8714234828948975,-0.6771715879440308,0.12969528138637543,2.491208076477051,-0.6954328417778015,0.5821067094802856,2.5606250762939453,-0.7730211615562439,0.9664770364761353,2.6703054904937744,-0.7004427313804626,1.1012440919876099,2.627256393432617,-0.5558061599731445,-0.5455334186553955,2.51896071434021,-0.5485440492630005,-0.5916203260421753,2.513063430786133,-0.5514473915100098,-0.6305258870124817,2.5510287284851074,-0.5918059349060059,-0.6272759437561035,2.648435592651367,-0.5862722992897034,-0.6303313970565796,2.5066239833831787,-0.6904765367507935,-0.626724898815155,2.5226223468780518,-0.6652526259422302,1.0271260738372803,2.962258815765381,-0.8230767250061035,1.049678087234497,2.72121524810791
-0.6145827770233154,0.13225829601287842,2.572524070739746,-0.6181977391242981,-0.05109816789627075,2.574714422225952,-0.6226522922515869,-0.2344420999288559,2.576333522796631,-0.6271070241928101,-0.4177915155887604,2.5779526233673096,-0.5954520106315613,-0.41921472549438477,2.616785764694214,-0.5142399072647095,-0.4203089475631714,2.7163147926330566,-0.5075794458389282,-0.198070228099823,2.6645877361297607,-0.37530869245529175,-0.10815190523862839,2.5142617225646973,-0.34885454177856445,-0.09016823768615723,2.484196424484253,-0.29594624042510986,-0.0542009063065052,2.4240660667419434,-0.3592469096183777,-0.07966835796833038,2.417233943939209,-0.6588104367256165,-0.4183610677719116,2.539137125015259,-0.7400225400924683,-0.417266845703125,2.439608097076416,-0.8284382224082947,-0.24820086359977722,2.3142707347869873,-0.6644682288169861,-0.20851266384124756,2.17385196685791,-0.6316742300987244,-0.20057502388954163,2.145768165588379,-0.5660862326622009,-0.18469974398612976,2.0896005630493164,-0.5787613391876221,-0.1572931855916977,2.151167392730713,-0.5493627190589905,0.1318601369857788,2.6468358039855957,-0.5532728433609009,0.5764182806015015,2.7571187019348145,-0.6152129173278809,0.9510632157325745,2.904020309448242,-0.5415866374969482,1.0875763893127441,2.869033098220825,-0.6798028349876404,0.13265645503997803,2.4982123374938965,-0.699143648147583,0.5856484770774841,2.563279151916504,-0.773177981376648,0.9717272520065308,2.6692864894866943,-0.7024142742156982,1.105802297592163,2.6213581562042236,-0.5600652098655701,-0.5455024242401123,2.519075870513916,-0.5542125105857849,-0.5918551683425903,2.513446569442749,-0.5565503835678101,-0.6302745938301086,2.551994562149048,-0.5928360819816589,-0.6249001026153564,2.6509745121002197,-0.5931644439697266,-0.6296770572662354,2.5090065002441406,-0.6965759992599487,-0.6232069730758667,2.529175281524658,-0.6604017019271851,1.0304404497146606,2.9646499156951904,-0.821444034576416,1.0557284355163574,2.7205984592437744
-0.6144542694091797,0.13439247012138367,2.578209638595581,-0.6177605986595154,-0.048979148268699646,2.5795791149139404,-0.622056245803833,-0.23233415186405182,2.5802547931671143,-0.6263520121574402,-0.4156946539878845,2.580930471420288,-0.5932088494300842,-0.41732969880104065,2.6184933185577393,-0.5081691145896912,-0.4189670979976654,2.7147960662841797,-0.49934589862823486,-0.19411449134349823,2.6763877868652344,-0.36715567111968994,-0.10137061029672623,2.527711868286133,-0.340717613697052,-0.08282183110713959,2.497976779937744,-0.2878415286540985,-0.04572427645325661,2.4385063648223877,-0.35198086500167847,-0.06902597844600677,2.431755781173706,-0.6595419049263,-0.4160524904727936,2.543375015258789,-0.7445816397666931,-0.4144150912761688,2.4470722675323486,-0.8510966897010803,-0.2531234622001648,2.3256173133850098,-0.6869198083877563,-0.21182826161384583,2.1858999729156494,-0.6540844440460205,-0.2035692185163498,2.157956600189209,-0.5884137153625488,-0.18705113232135773,2.102069616317749,-0.6026898622512817,-0.1584220826625824,2.162724018096924,-0.5465959906578064,0.13370612263679504,2.6501405239105225,-0.5541731119155884,0.5782828330993652,2.760129451751709,-0.6138420104980469,0.9538635611534119,2.905557632446289,-0.5425076484680176,1.0905615091323853,2.8667619228363037,-0.682312548160553,0.1350788176059723,2.5062787532806396,-0.7039189338684082,0.5886780023574829,2.5661487579345703,-0.7752212285995483,0.9766064286231995,2.6671347618103027,-0.7066068053245544,1.1098610162734985,2.6140754222869873,-0.564664363861084,-0.5455042123794556,2.5205576419830322,-0.5600560307502747,-0.5920563340187073,2.5151829719543457,-0.5615314245223999,-0.6300516128540039,2.5542376041412354,-0.5933526754379272,-0.6228910088539124,2.654698133468628,-0.5999913811683655,-0.6290808916091919,2.512852907180786,-0.7023225426673889,-0.620140552520752,2.5374414920806885,-0.6575097441673279,1.0334911346435547,2.966965675354004,-0.821860134601593,1.061497688293457,2.7184832096099854
-0.6164618134498596,0.1354074478149414,2.5851361751556396,-0.6196594834327698,-0.0479767769575119,2.585841417312622,-0.6238959431648254,-0.23134130239486694,2.585825204849243,-0.6281325221061707,-0.4147112965583801,2.5858089923858643,-0.5936775207519531,-0.41650763154029846,2.6221671104431152,-0.5051724314689636,-0.41856077313423157,2.71549916267395,-0.4939337968826294,-0.1919233202934265,2.6889965534210205,-0.3617343306541443,-0.09707710146903992,2.54140567779541,-0.3352944254875183,-0.07810785621404648,2.511887550354004,-0.28241464495658875,-0.0401693657040596,2.4528512954711914,-0.3473465144634247,-0.06143413484096527,2.4464163780212402,-0.6626336574554443,-0.4149079918861389,2.549450397491455,-0.7511387467384338,-0.4128548502922058,2.45611834526062,-0.8722360730171204,-0.2576006054878235,2.3402528762817383,-0.7085869312286377,-0.21398654580116272,2.2003517150878906,-0.6758571267127991,-0.20526373386383057,2.1723713874816895,-0.610397458076477,-0.18781810998916626,2.116410970687866,-0.6255834698677063,-0.15874901413917542,2.176694631576538,-0.5462918281555176,0.1344519704580307,2.654838800430298,-0.5569135546684265,0.5792064070701599,2.7638509273529053,-0.6143096685409546,0.9560371041297913,2.906940221786499,-0.5450587272644043,1.0927023887634277,2.8644328117370605,-0.6866317987442017,0.1363629251718521,2.5154335498809814,-0.7101327180862427,0.5905706286430359,2.569711208343506,-0.7783505916595459,0.9805919528007507,2.664579391479492,-0.7116000652313232,1.1126668453216553,2.6064369678497314,-0.5704005360603333,-0.5459059476852417,2.5243630409240723,-0.5665796399116516,-0.5925799608230591,2.5192670822143555,-0.5670300722122192,-0.6302061676979065,2.5587332248687744,-0.5948975682258606,-0.6217073202133179,2.6603031158447266,-0.6070491075515747,-0.6291248798370361,2.518824338912964,-0.7082847952842712,-0.6186437606811523,2.5472280979156494,-0.6565253734588623,1.0360922813415527,2.9688057899475098,-0.8233400583267212,1.0665740966796875,2.715583086013794
-0.6251927018165588,0.1377168595790863,2.599191665649414,-0.6274325251579285,-0.04575416445732117,2.5987253189086914,-0.630778968334198,-0.2292051762342453,2.597548484802246,-0.6341255307197571,-0.41266167163848877,2.596371650695801,-0.596665620803833,-0.4145558476448059,2.6296498775482178,-0.499368816614151,-0.41688501834869385,2.716060161590576,-0.49289771914482117,-0.18542633950710297,2.7364330291748047,-0.3807782232761383,-0.02951212227344513,2.6220922470092773,-0.3583543300628662,0.0016707219183444977,2.599224090576172,-0.313506543636322,0.06403641402721405,2.553487777709961,-0.37684953212738037,0.037028245627880096,2.541924238204956,-0.6716217398643494,-0.4127614498138428,2.5630805492401123,-0.768918514251709,-0.41043227910995483,2.476670265197754,-0.9202990531921387,-0.2564118802547455,2.390695333480835,-0.746244490146637,-0.20542791485786438,2.2600834369659424,-0.7114335894584656,-0.1952311247587204,2.2339611053466797,-0.6418117880821228,-0.17483752965927124,2.1817164421081543,-0.6602163910865784,-0.14881262183189392,2.2438409328460693,-0.5495831966400146,0.13663147389888763,2.663069725036621,-0.5629316568374634,0.5817152857780457,2.770327568054199,-0.6114323735237122,0.9619660377502441,2.907479763031006,-0.5468183159828186,1.097778081893921,2.855928421020508,-0.700802206993103,0.13880224525928497,2.535313606262207,-0.7205973863601685,0.5944705605506897,2.5772242546081543,-0.7767831087112427,0.9892066121101379,2.659566879272461,-0.7136165499687195,1.1176226139068604,2.59030818939209,-0.5846869945526123,-0.5456497669219971,2.5310888290405273,-0.5821805596351624,-0.5924993753433228,2.5261526107788086,-0.579564094543457,-0.6298049688339233,2.565948009490967,-0.5976013541221619,-0.6198543310165405,2.6697440147399902,-0.6232070922851562,-0.6283439993858337,2.529921293258667,-0.7212563753128052,-0.6157150268554688,2.5676681995391846,-0.6491373181343079,1.0434455871582031,2.970381021499634,-0.8165671825408936,1.0779799222946167,2.7101006507873535
-0.6346762180328369,0.13723385334014893,2.6148746013641357,-0.6362987756729126,-0.04630903899669647,2.6146302223205566,-0.6389179229736328,-0.22983847558498383,2.6137444972991943,-0.6415371894836426,-0.4133734107017517,2.612858772277832,-0.603248655796051,-0.4150736331939697,2.6452183723449707,-0.5029522180557251,-0.4169140160083771,2.7299654483795166,-0.49865344166755676,-0.1878533512353897,2.783095121383667,-0.4043927490711212,0.007263749837875366,2.718430757522583,-0.38554060459136963,0.0462871715426445,2.705497980117798,-0.34783631563186646,0.12433401495218277,2.6796321868896484,-0.4080298840999603,0.09398984909057617,2.6584906578063965,-0.679854154586792,-0.4136679768562317,2.58048939704895,-0.7801506519317627,-0.41182759404182434,2.4957423210144043,-0.9355085492134094,-0.24667176604270935,2.433312177658081,-0.7550775408744812,-0.19954107701778412,2.305403709411621,-0.7189913392066956,-0.19011494517326355,2.2798218727111816,-0.6468189358711243,-0.17126266658306122,2.228658437728882,-0.6638363003730774,-0.14803506433963776,2.2931711673736572,-0.5576238036155701,0.13646984100341797,2.677077293395996,-0.5718789100646973,0.5828258395195007,2.7785253524780273,-0.6169103384017944,0.9662235975265503,2.907714366912842,-0.5534921884536743,1.100691318511963,2.851433038711548,-0.7117286324501038,0.13799786567687988,2.5526719093322754,-0.7270652651786804,0.5944650173187256,2.5863037109375,-0.7774593234062195,0.991378128528595,2.6613500118255615,-0.7147209048271179,1.117612600326538,2.587867021560669,-0.5952379703521729,-0.5472692251205444,2.546729803085327,-0.5932197570800781,-0.5942170023918152,2.5420188903808594,-0.5894798040390015,-0.6313223838806152,2.5819923877716064,-0.6038684248924255,-0.6205635070800781,2.6863930225372314,-0.6343788504600525,-0.6297860145568848,2.5474462509155273,-0.7310823202133179,-0.6162105202674866,2.588512420654297,-0.6530601978302002,1.0492002964019775,2.9695377349853516,-0.815170168876648,1.0816043615341187,2.710859775543213
-0.6411651968955994,0.13972362875938416,2.6178371906280518,-0.6424161791801453,-0.04386672377586365,2.6177942752838135,-0.6445242166519165,-0.22744864225387573,2.6173298358917236,-0.6466323137283325,-0.41103607416152954,2.616865396499634,-0.6075637340545654,-0.4125620424747467,2.6483070850372314,-0.5042532682418823,-0.41395866870880127,2.7314319610595703,-0.4983789026737213,-0.18578128516674042,2.798858642578125,-0.4190295338630676,0.025397762656211853,2.76039719581604,-0.40315964818000793,0.06763356924057007,2.7527048587799072,-0.37141990661621094,0.1521051824092865,2.7373201847076416,-0.43076974153518677,0.12040387094020844,2.713150978088379,-0.6857238411903381,-0.41150543093681335,2.585418462753296,-0.7890343070030212,-0.4101088047027588,2.502293586730957,-0.9416502714157104,-0.2309587597846985,2.4668054580688477,-0.7574366331100464,-0.19060233235359192,2.337156295776367,-0.7205939292907715,-0.18253104388713837,2.3112263679504395,-0.6469084620475769,-0.16638846695423126,2.259366750717163,-0.6607206463813782,-0.14664289355278015,2.326678514480591,-0.562771201133728,0.13917531073093414,2.6784088611602783,-0.5779711604118347,0.585375189781189,2.779752016067505,-0.621601939201355,0.9691171646118164,2.9079902172088623,-0.5600589513778687,1.1035082340240479,2.8496248722076416,-0.7195591926574707,0.14027194678783417,2.557265520095825,-0.7312296628952026,0.5967710614204407,2.5899477005004883,-0.7780078649520874,0.9938530325889587,2.665738582611084,-0.7163132429122925,1.119687557220459,2.590808868408203,-0.6037102937698364,-0.5461759567260742,2.5504212379455566,-0.6022492051124573,-0.5932554006576538,2.546107292175293,-0.5974343419075012,-0.6300583481788635,2.5863595008850098,-0.608129620552063,-0.6181414723396301,2.691242218017578,-0.6435573101043701,-0.6284621953964233,2.5533182621002197,-0.7388113737106323,-0.6136189699172974,2.597625494003296,-0.6566598415374756,1.052234172821045,2.970191478729248,-0.814165472984314,1.0842688083648682,2.7159788608551025
-0.6449175477027893,0.1411248743534088,2.618610382080078,-0.645881712436676,-0.042501047253608704,2.618680477142334,-0.6477009654045105,-0.2261202335357666,2.618367910385132,-0.6495202779769897,-0.40974491834640503,2.6180553436279297,-0.6098137497901917,-0.4111884832382202,2.6487066745758057,-0.5038262605667114,-0.41237783432006836,2.7305076122283936,-0.4947878122329712,-0.1827222853899002,2.8023879528045654,-0.41879507899284363,0.03377293050289154,2.7712416648864746,-0.40359652042388916,0.07707197219133377,2.765012502670288,-0.3731994330883026,0.16367006301879883,2.752553939819336,-0.4333353638648987,0.13173440098762512,2.728127956390381,-0.6892465353012085,-0.41029709577560425,2.587400436401367,-0.7952340245246887,-0.4091077446937561,2.5055994987487793,-0.9452926516532898,-0.22137561440467834,2.490459680557251,-0.7603604197502136,-0.18398985266685486,2.3562302589416504,-0.7233739495277405,-0.1765127032995224,2.3293843269348145,-0.649401068687439,-0.1615583896636963,2.2756924629211426,-0.660328209400177,-0.14476518332958221,2.345201015472412,-0.5654675960540771,0.14073030650615692,2.6778557300567627,-0.5823809504508972,0.5864900350570679,2.7801895141601562,-0.6259416937828064,0.9699921607971191,2.908750295639038,-0.5662649869918823,1.1046305894851685,2.8491697311401367,-0.7243674993515015,0.1415194422006607,2.5593650341033936,-0.733954131603241,0.597874104976654,2.5926597118377686,-0.7791547775268555,0.9945090413093567,2.6709980964660645,-0.7186816930770874,1.120603084564209,2.5956194400787354,-0.6097131371498108,-0.5459049940109253,2.55122709274292,-0.6087346076965332,-0.5930933356285095,2.5472352504730225,-0.6028707027435303,-0.6296737194061279,2.5876574516296387,-0.6100671291351318,-0.6168535351753235,2.692885160446167,-0.6501001715660095,-0.6279814839363098,2.5560765266418457,-0.7438839673995972,-0.6120588779449463,2.6034064292907715,-0.6603541970252991,1.05294668674469,2.971464157104492,-0.8143793344497681,1.0846893787384033,2.7222371101379395
-0.6451528072357178,0.1429690420627594,2.616286516189575,-0.6458971500396729,-0.04066315293312073,2.6159989833831787,-0.6475889682769775,-0.22428792715072632,2.6152894496917725,-0.649280846118927,-0.40791821479797363,2.614579916000366,-0.6090734004974365,-0.4094025790691376,2.644571542739868,-0.5008566975593567,-0.41071152687072754,2.725285053253174,-0.4879944622516632,-0.17771251499652863,2.7943010330200195,-0.4116725027561188,0.040934205055236816,2.76086163520813,-0.3964081108570099,0.08466354757547379,2.754173755645752,-0.3658793270587921,0.17212224006652832,2.740797996520996,-0.4271480143070221,0.13984808325767517,2.7173867225646973,-0.6895066499710083,-0.40842968225479126,2.584580421447754,-0.7977233529090881,-0.4071207344532013,2.5038669109344482,-0.9446344971656799,-0.21312591433525085,2.5044214725494385,-0.7633063197135925,-0.17592817544937134,2.3612921237945557,-0.727040708065033,-0.16848862171173096,2.3326661586761475,-0.654509425163269,-0.1536095291376114,2.27541446685791,-0.6616057753562927,-0.13908132910728455,2.34670352935791,-0.564896821975708,0.14255258440971375,2.6744914054870605,-0.5846831798553467,0.5876681208610535,2.7785050868988037,-0.6295259594917297,0.9705859422683716,2.907989263534546,-0.5717067718505859,1.1057029962539673,2.847787380218506,-0.7254087924957275,0.14338549971580505,2.55808162689209,-0.7351620197296143,0.5994466543197632,2.5934557914733887,-0.7803447842597961,0.9953736066818237,2.674717426300049,-0.7211785912513733,1.1220347881317139,2.5993497371673584,-0.6126201748847961,-0.5449488759040833,2.5471725463867188,-0.6122121214866638,-0.5922326445579529,2.5433578491210938,-0.6055728197097778,-0.6287564635276794,2.583824634552002,-0.6097210049629211,-0.6154088973999023,2.689314603805542,-0.6537168025970459,-0.6267266869544983,2.5535144805908203,-0.746129035949707,-0.6096577644348145,2.603435516357422,-0.6637465953826904,1.0531861782073975,2.9712178707122803,-0.8151277899742126,1.085128903388977,2.7269272804260254
-0.6439414620399475,0.14415961503982544,2.6158149242401123,-0.6446056962013245,-0.039479270577430725,2.614783763885498,-0.6463983654975891,-0.2231064885854721,2.613180637359619,-0.6481910943984985,-0.406739205121994,2.6115775108337402,-0.6076112389564514,-0.4083908200263977,2.641058921813965,-0.49760356545448303,-0.4101625084877014,2.7209839820861816,-0.4822692573070526,-0.17352944612503052,2.785222053527832,-0.4055979251861572,0.04646207392215729,2.7461252212524414,-0.3902636468410492,0.09046037495136261,2.7383058071136475,-0.3595951199531555,0.17845699191093445,2.7226669788360596,-0.4219343960285187,0.14556442201137543,2.7007970809936523,-0.6887903809547424,-0.4070834517478943,2.5820789337158203,-0.7987980246543884,-0.4053117632865906,2.5021538734436035,-0.941020131111145,-0.20549331605434418,2.516378402709961,-0.7644011378288269,-0.16308407485485077,2.365346908569336,-0.7290773391723633,-0.15460222959518433,2.3351407051086426,-0.658429741859436,-0.13763853907585144,2.2747280597686768,-0.6619700193405151,-0.12653565406799316,2.347601890563965,-0.5631362795829773,0.1435445249080658,2.673297643661499,-0.5864228010177612,0.5884313583374023,2.776993751525879,-0.6332031488418579,0.9713749289512634,2.905348777770996,-0.5769117474555969,1.1066638231277466,2.8442108631134033,-0.7247466444969177,0.14477470517158508,2.5583322048187256,-0.7364110946655273,0.6005924940109253,2.594574451446533,-0.7827761769294739,0.9960602521896362,2.6768221855163574,-0.7248609662055969,1.1230828762054443,2.601186752319336,-0.6146726608276367,-0.5444228649139404,2.5432615280151367,-0.6149150133132935,-0.5917867422103882,2.5394439697265625,-0.6077646613121033,-0.6284488439559937,2.5798227787017822,-0.6093176007270813,-0.6150333285331726,2.6855525970458984,-0.6566500663757324,-0.6258420944213867,2.550584077835083,-0.7478261590003967,-0.6076474189758301,2.6027095317840576,-0.6675603985786438,1.0539264678955078,2.968513011932373,-0.8175362348556519,1.0855419635772705,2.729449987411499
-0.6421091556549072,0.14548715949058533,2.6159324645996094,-0.6427524089813232,-0.038150325417518616,2.61378812789917,-0.6446585655212402,-0.2217695564031601,2.610943555831909,-0.646564781665802,-0.4053943157196045,2.6080987453460693,-0.605709969997406,-0.4072672724723816,2.637188196182251,-0.49430274963378906,-0.40965303778648376,2.716534376144409,-0.47873178124427795,-0.16951771080493927,2.7749409675598145,-0.4026661515235901,0.05139558017253876,2.729071855545044,-0.38745301961898804,0.09557823836803436,2.719897985458374,-0.35702675580978394,0.18394355475902557,2.701550245285034,-0.42001405358314514,0.15006165206432343,2.681109666824341,-0.6874403357505798,-0.405517041683197,2.5789785385131836,-0.7988475561141968,-0.40313127636909485,2.4996323585510254,-0.9356907606124878,-0.19857576489448547,2.5270137786865234,-0.7648779153823853,-0.14282138645648956,2.370786190032959,-0.7307153344154358,-0.1316705048084259,2.339540719985962,-0.6623901724815369,-0.10936875641345978,2.2770497798919678,-0.6627930402755737,-0.10368043184280396,2.3512163162231445,-0.5609025955200195,0.14453785121440887,2.672867774963379,-0.5875281095504761,0.5894481539726257,2.7751219272613525,-0.6361786127090454,0.9728001356124878,2.9012057781219482,-0.5810836553573608,1.1080193519592285,2.838942050933838,-0.7233157157897949,0.14643646776676178,2.55899715423584,-0.7374348640441895,0.6020902395248413,2.5949177742004395,-0.7851321697235107,0.9974480271339417,2.676403522491455,-0.7282739281654358,1.1245073080062866,2.6001176834106445,-0.6158819198608398,-0.5435841083526611,2.53877854347229,-0.6167484521865845,-0.5910256505012512,2.53487229347229,-0.609251856803894,-0.6279217600822449,2.575119972229004,-0.6086574792861938,-0.6146794557571411,2.681089162826538,-0.6587406396865845,-0.6246825456619263,2.546757459640503,-0.7488758563995361,-0.6055017113685608,2.600728988647461,-0.670760452747345,1.0555109977722168,2.9639883041381836,-0.8199840188026428,1.0868808031082153,2.728994131088257
-0.6412678360939026,0.14577776193618774,2.618330955505371,-0.6419022679328918,-0.03784613311290741,2.6148698329925537,-0.6438934206962585,-0.22144322097301483,2.6105968952178955,-0.64588463306427,-0.4050458073616028,2.606323719024658,-0.6047656536102295,-0.40715813636779785,2.6350250244140625,-0.4921075105667114,-0.41021105647087097,2.7137041091918945,-0.47730034589767456,-0.1676434427499771,2.7691597938537598,-0.4026360809803009,0.055126264691352844,2.7217788696289062,-0.3877032399177551,0.09968020021915436,2.7123026847839355,-0.3578375279903412,0.18878808617591858,2.693350315093994,-0.42092305421829224,0.1540115773677826,2.6729164123535156,-0.687025249004364,-0.404928982257843,2.577576160430908,-0.7996833920478821,-0.4018760621547699,2.498897075653076,-0.9306414723396301,-0.19442488253116608,2.5430290699005127,-0.7662013173103333,-0.11352905631065369,2.3885579109191895,-0.733313262462616,-0.09734988957643509,2.357663631439209,-0.6675372123718262,-0.06499156355857849,2.295875072479248,-0.665472149848938,-0.06843975186347961,2.37064528465271,-0.5596475005149841,0.14443372189998627,2.6746761798858643,-0.5889301896095276,0.5895819664001465,2.7743961811065674,-0.6388753652572632,0.9736572504043579,2.89725661277771,-0.5847902894020081,1.1085400581359863,2.83354115486145,-0.722888171672821,0.14712180197238922,2.561985731124878,-0.7389403581619263,0.6027196645736694,2.5956220626831055,-0.7872649431228638,0.9984176754951477,2.6743040084838867,-0.7312889695167542,1.1249964237213135,2.5966978073120117,-0.6175636053085327,-0.5435441732406616,2.535857677459717,-0.6189199686050415,-0.5910631418228149,2.531794548034668,-0.6110414862632751,-0.6282477974891663,2.571864604949951,-0.6085001826286316,-0.6153659820556641,2.678079128265381,-0.6610873341560364,-0.6244634389877319,2.5443127155303955,-0.7502967119216919,-0.604643702507019,2.60001540184021,-0.6735521554946899,1.0567214488983154,2.9594485759735107,-0.8220317959785461,1.0881240367889404,2.726400136947632
-0.6439406275749207,0.14468297362327576,2.644561529159546,-0.6445013284683228,-0.03889009356498718,2.6382272243499756,-0.6465482711791992,-0.22241955995559692,2.6309988498687744,-0.6485952734947205,-0.405954509973526,2.623770236968994,-0.6064082384109497,-0.4084908366203308,2.6508536338806152,-0.4897528290748596,-0.41274508833885193,2.7258336544036865,-0.47238868474960327,-0.1688728630542755,2.789238929748535,-0.40662461519241333,0.06367175281047821,2.7651450634002686,-0.3934718072414398,0.11018067598342896,2.760326385498047,-0.3671661615371704,0.20319852232933044,2.7506887912750244,-0.4297899007797241,0.16769716143608093,2.726717710494995,-0.6908046007156372,-0.40541303157806396,2.5966081619262695,-0.8074600100517273,-0.40115877985954285,2.5216281414031982,-0.9230354428291321,-0.19467206299304962,2.6099510192871094,-0.7910686135292053,-0.041010379791259766,2.4759538173675537,-0.7646752595901489,-0.010278042405843735,2.4491543769836426,-0.7118885517120361,0.05118663236498833,2.3955554962158203,-0.698982298374176,0.024105072021484375,2.465245485305786,-0.5603134632110596,0.14258664846420288,2.6979129314422607,-0.5930154323577881,0.5895318388938904,2.7877285480499268,-0.6450035572052002,0.975593626499176,2.9030861854553223,-0.5948808789253235,1.1096713542938232,2.8346638679504395,-0.7275677919387817,0.14677929878234863,2.591210126876831,-0.7459421753883362,0.6028133630752563,2.615532398223877,-0.793145477771759,1.0002882480621338,2.685098648071289,-0.7404299378395081,1.1248704195022583,2.6022067070007324,-0.6257941126823425,-0.5457282066345215,2.550593137741089,-0.6280989050865173,-0.5936349630355835,2.546327590942383,-0.6186744570732117,-0.6315097808837891,2.5861213207244873,-0.610467255115509,-0.6191679239273071,2.6931092739105225,-0.6704657673835754,-0.6267761588096619,2.5609421730041504,-0.7572091817855835,-0.6057559847831726,2.6217684745788574,-0.6790404915809631,1.0595883131027222,2.964346170425415,-0.8264517784118652,1.0912524461746216,2.7359180450439453
-0.6449978947639465,0.1435648500919342,2.657546281814575,-0.6458330750465393,-0.039938703179359436,2.648838996887207,-0.6482700705528259,-0.22337943315505981,2.639162540435791,-0.6507071256637573,-0.4068256616592407,2.629485845565796,-0.6082355976104736,-0.4097931683063507,2.6560912132263184,-0.490339457988739,-0.4152616262435913,2.730067729949951,-0.47164684534072876,-0.1720999777317047,2.801792621612549,-0.41007575392723083,0.06433457136154175,2.794452667236328,-0.3977615237236023,0.11162148416042328,2.7929847240448,-0.3731330931186676,0.20619529485702515,2.790048837661743,-0.4354577958583832,0.171057790517807,2.7633612155914307,-0.6932051777839661,-0.40585196018218994,2.6027753353118896,-0.8111013174057007,-0.40038350224494934,2.528799057006836,-0.916724681854248,-0.19557008147239685,2.6361145973205566,-0.8078980445861816,-0.009975776076316833,2.5201072692871094,-0.7861326932907104,0.02714308723807335,2.49690580368042,-0.7426020503044128,0.10138081014156342,2.450502872467041,-0.7220320701599121,0.0648186057806015,2.5143096446990967,-0.5607512593269348,0.14069652557373047,2.709913969039917,-0.5960395336151123,0.5887431502342224,2.7929694652557373,-0.6511713266372681,0.9754794836044312,2.9045214653015137,-0.6028984785079956,1.1093066930770874,2.834308385848999,-0.7292445302009583,0.14643317461013794,2.6051785945892334,-0.7513309121131897,0.6025729179382324,2.623563289642334,-0.8000466823577881,1.000975251197815,2.686418056488037,-0.7489854693412781,1.1243137121200562,2.600684404373169,-0.6299034953117371,-0.5463179349899292,2.5538501739501953,-0.6326366662979126,-0.5943334102630615,2.548964262008667,-0.6228967308998108,-0.6329551339149475,2.588268756866455,-0.6130505800247192,-0.6220607757568359,2.6957039833068848,-0.6752060651779175,-0.6274873614311218,2.5637967586517334,-0.7612603306770325,-0.6065686941146851,2.6263670921325684,-0.6856395602226257,1.0597825050354004,2.9651098251342773,-0.8333056569099426,1.0926631689071655,2.735947608947754
-0.6438921689987183,0.14279350638389587,2.6634371280670166,-0.6450945138931274,-0.040621086955070496,2.652587413787842,-0.6480032205581665,-0.2239537090063095,2.6407227516174316,-0.6509120464324951,-0.40729182958602905,2.6288578510284424,-0.6080980896949768,-0.41065555810928345,2.654874801635742,-0.4887997806072235,-0.41724979877471924,2.727522373199463,-0.4694327116012573,-0.17584587633609772,2.8094165325164795,-0.4121112823486328,0.06299556791782379,2.8192033767700195,-0.40064698457717896,0.11076386272907257,2.8211607933044434,-0.37771841883659363,0.20630043745040894,2.825075626373291,-0.43985459208488464,0.17180553078651428,2.7959747314453125,-0.6937575936317444,-0.40592074394226074,2.6027119159698486,-0.8130559325218201,-0.39932650327682495,2.530064344406128,-0.9072778820991516,-0.19510500133037567,2.6516101360321045,-0.8224706053733826,0.01208651065826416,2.550090789794922,-0.8055091500282288,0.053524814546108246,2.5297868251800537,-0.7715862393379211,0.13640141487121582,2.4891791343688965,-0.7425361275672913,0.09421893954277039,2.5464015007019043,-0.5589064359664917,0.13921023905277252,2.7145943641662598,-0.597171425819397,0.5878847241401672,2.792670488357544,-0.6556107997894287,0.974733829498291,2.9020543098449707,-0.609599232673645,1.1085925102233887,2.8304150104522705,-0.7288779020309448,0.14637677371501923,2.6122798919677734,-0.7551102042198181,0.6024425029754639,2.625873565673828,-0.8053706884384155,1.0015490055084229,2.682619094848633,-0.7562811374664307,1.123694658279419,2.5940864086151123,-0.6322306990623474,-0.5461581349372864,2.5505151748657227,-0.6353827714920044,-0.5942211151123047,2.5449180603027344,-0.6252481341362,-0.6336332559585571,2.5835797786712646,-0.6135668158531189,-0.6244434714317322,2.6913294792175293,-0.6780678033828735,-0.6274198293685913,2.5599710941314697,-0.7632224559783936,-0.6068388819694519,2.6244378089904785,-0.6904277801513672,1.0590639114379883,2.962395429611206,-0.8384873867034912,1.0938692092895508,2.7310452461242676
-0.6416571140289307,0.14207270741462708,2.6648199558258057,-0.6433025598526001,-0.04125294089317322,2.652305841445923,-0.646710991859436,-0.2244836688041687,2.6387972831726074,-0.6501195430755615,-0.4077198803424835,2.625288248062134,-0.6068829894065857,-0.4113892614841461,2.6505653858184814,-0.48596861958503723,-0.4188629388809204,2.7214298248291016,-0.46645069122314453,-0.17904308438301086,2.811224937438965,-0.4124327301979065,0.06097210943698883,2.832587242126465,-0.40162914991378784,0.10897514224052429,2.836859703063965,-0.38002195954322815,0.20498120784759521,2.845404624938965,-0.4422896206378937,0.17086642980575562,2.8152265548706055,-0.6933931112289429,-0.40604209899902344,2.5998642444610596,-0.814307451248169,-0.39856839179992676,2.5289998054504395,-0.897131085395813,-0.19407260417938232,2.6604509353637695,-0.8337264657020569,0.028339743614196777,2.5738821029663086,-0.8210455179214478,0.0728222131729126,2.5565683841705322,-0.7956836819648743,0.16178715229034424,2.5219409465789795,-0.7591078281402588,0.11608252674341202,2.5721912384033203,-0.5557750463485718,0.13791349530220032,2.7144582271575928,-0.5971113443374634,0.5866900682449341,2.7900612354278564,-0.6587069034576416,0.9729652404785156,2.899582862854004,-0.6153844594955444,1.1072241067886353,2.8270580768585205,-0.7275391817092896,0.14623191952705383,2.6151816844940186,-0.7572988271713257,0.6021255254745483,2.62519907951355,-0.8085231781005859,1.0017359256744385,2.6770172119140625,-0.7616283893585205,1.1227909326553345,2.5858652591705322,-0.6335740685462952,-0.5456874966621399,2.544191837310791,-0.6370744109153748,-0.5937452912330627,2.5378670692443848,-0.6263741850852966,-0.6339148283004761,2.5757713317871094,-0.6125682592391968,-0.6265116930007935,2.68365216255188,-0.679721474647522,-0.6270625591278076,2.553229808807373,-0.763718843460083,-0.6070969700813293,2.619784355163574,-0.6936795711517334,1.0569707155227661,2.9602649211883545,-0.8412295579910278,1.0945876836776733,2.7246739864349365
-0.6387637257575989,0.14115506410598755,2.6643128395080566,-0.6408573985099792,-0.04209206998348236,2.6505520343780518,-0.6447304487228394,-0.22523662447929382,2.6358437538146973,-0.648603618144989,-0.4083866477012634,2.6211349964141846,-0.6048886179924011,-0.4122740626335144,2.645550489425659,-0.48223066329956055,-0.4203849732875824,2.714247465133667,-0.46106764674186707,-0.18296371400356293,2.811864137649536,-0.4075778126716614,0.05698800086975098,2.8419036865234375,-0.3968798518180847,0.10497834533452988,2.8479115962982178,-0.3754839301109314,0.20095902681350708,2.8599274158477783,-0.4383530616760254,0.16765417158603668,2.829512357711792,-0.6923606991767883,-0.40648984909057617,2.596560001373291,-0.8150186538696289,-0.3983789384365082,2.527863025665283,-0.8878458738327026,-0.19296462833881378,2.665147066116333,-0.8419763445854187,0.03976559638977051,2.5939221382141113,-0.832802414894104,0.08631163835525513,2.579677104949951,-0.8144546151161194,0.17940372228622437,2.551187038421631,-0.7719132304191589,0.13162529468536377,2.594710350036621,-0.5518893003463745,0.13656644523143768,2.712200403213501,-0.5962635278701782,0.5851296782493591,2.7871787548065186,-0.6606552004814148,0.9704579710960388,2.898324728012085,-0.6202521324157715,1.1053217649459839,2.8252601623535156,-0.7256381511688232,0.14574368298053741,2.6164252758026123,-0.7581430077552795,0.6014692783355713,2.6240012645721436,-0.809613049030304,1.0015169382095337,2.6718590259552,-0.7649749517440796,1.1215540170669556,2.5782768726348877,-0.6341079473495483,-0.5452196598052979,2.5372884273529053,-0.6378746032714844,-0.5932286977767944,2.5302252769470215,-0.626474142074585,-0.6341146230697632,2.5672762393951416,-0.610369086265564,-0.6285451650619507,2.675114870071411,-0.6803441047668457,-0.6267497539520264,2.5459437370300293,-0.7630006074905396,-0.6076780557632446,2.614673376083374,-0.6955868005752563,1.0539461374282837,2.959728240966797,-0.8416491150856018,1.0948537588119507,2.719005584716797
-0.6358717083930969,0.14041921496391296,2.6627988815307617,-0.6385611295700073,-0.04277054965496063,2.648249864578247,-0.6430371999740601,-0.22585353255271912,2.6328229904174805,-0.6475133895874023,-0.40894198417663574,2.6173956394195557,-0.6032777428627014,-0.4130008816719055,2.64083194732666,-0.4788293242454529,-0.421615868806839,2.7069647312164307,-0.4535803496837616,-0.18679945170879364,2.8106136322021484,-0.3970852494239807,0.05235809087753296,2.84397292137146,-0.385786235332489,0.10018959641456604,2.850644826889038,-0.3631881773471832,0.1958526074886322,2.8639886379241943,-0.4273192584514618,0.1636427640914917,2.8347957134246826,-0.6917977333068848,-0.40687304735183716,2.5937917232513428,-0.8162461519241333,-0.3982580602169037,2.5276589393615723,-0.8808990716934204,-0.1909034699201584,2.6667394638061523,-0.8478477001190186,0.04823468625545502,2.6099817752838135,-0.8412374258041382,0.0960623174905777,2.59863018989563,-0.8280168771743774,0.19171757996082306,2.5759270191192627,-0.7813069224357605,0.14279194176197052,2.6137020587921143,-0.5479353666305542,0.1354813426733017,2.7087173461914062,-0.5954033136367798,0.5835136771202087,2.7848050594329834,-0.6624619364738464,0.9674089550971985,2.8991992473602295,-0.6252486705780029,1.10313081741333,2.826049327850342,-0.7238080501556396,0.14535708725452423,2.616880416870117,-0.7582172155380249,0.600941002368927,2.622783899307251,-0.8100036978721619,1.0011299848556519,2.6688859462738037,-0.7679229974746704,1.120619773864746,2.5734524726867676,-0.6347600817680359,-0.544670581817627,2.531179666519165,-0.6386867165565491,-0.5926212072372437,2.5234832763671875,-0.6265264749526978,-0.6340894103050232,2.5597264766693115,-0.6081935167312622,-0.6300987005233765,2.6673951148986816,-0.6808775067329407,-0.6264070272445679,2.5395922660827637,-0.7621881365776062,-0.6083319187164307,2.610348701477051,-0.6972192525863647,1.050133466720581,2.9617137908935547,-0.8412927389144897,1.0946964025497437,2.716064453125
-0.63341224193573,0.139142245054245,2.6606695652008057,-0.6370314955711365,-0.04404778778553009,2.6461122035980225,-0.6424518823623657,-0.22712884843349457,2.6307647228240967,-0.6478723883628845,-0.4102153778076172,2.6154167652130127,-0.6030497550964355,-0.41441279649734497,2.6376945972442627,-0.4768114984035492,-0.42342615127563477,2.7006311416625977,-0.4438355267047882,-0.18956077098846436,2.804370641708374,-0.3790208101272583,0.04864312708377838,2.8284547328948975,-0.3660578727722168,0.09628390520811081,2.8332715034484863,-0.3401319980621338,0.19156545400619507,2.842905044555664,-0.40648630261421204,0.16051867604255676,2.8176512718200684,-0.6927540302276611,-0.4080079197883606,2.5929722785949707,-0.8189922571182251,-0.3989945650100708,2.5300357341766357,-0.8771594166755676,-0.1882903128862381,2.6670124530792236,-0.8530579209327698,0.05453738570213318,2.62256121635437,-0.8482376337051392,0.1031029224395752,2.613671064376831,-0.8385969996452332,0.20023399591445923,2.595890522003174,-0.7891478538513184,0.15075725317001343,2.629227876663208,-0.5443121194839478,0.1339147686958313,2.7043001651763916,-0.5948879718780518,0.5812615752220154,2.782374382019043,-0.6645545363426208,0.9633206129074097,2.901259422302246,-0.6309282779693604,1.100087285041809,2.8283212184906006,-0.7225123643875122,0.1443697214126587,2.6170389652252197,-0.7583851218223572,0.5998461842536926,2.622236490249634,-0.8105679750442505,0.9999463558197021,2.6686370372772217,-0.7714658379554749,1.1193445920944214,2.571833610534668,-0.6369031071662903,-0.5453513860702515,2.527873992919922,-0.6409463286399841,-0.5932742357254028,2.5199055671691895,-0.6279100775718689,-0.635016679763794,2.5555715560913086,-0.6071361899375916,-0.6318014860153198,2.662881374359131,-0.6827419400215149,-0.6272562742233276,2.5367214679718018,-0.7624931335449219,-0.6098136901855469,2.60947322845459,-0.6989854574203491,1.0450847148895264,2.965200424194336,-0.8409963250160217,1.0935137271881104,2.716371774673462
-0.6305181980133057,0.13809213042259216,2.65628719329834,-0.6352530121803284,-0.04509188234806061,2.641818046569824,-0.6418537497520447,-0.22815945744514465,2.626624345779419,-0.6484546661376953,-0.41123253107070923,2.6114301681518555,-0.603030264377594,-0.4156157672405243,2.6324241161346436,-0.4750521183013916,-0.42515453696250916,2.6917574405670166,-0.42982593178749084,-0.19061623513698578,2.7894415855407715,-0.3503541052341461,0.04444874823093414,2.7889466285705566,-0.33445975184440613,0.09146174788475037,2.7888476848602295,-0.30267101526260376,0.1854877471923828,2.788649559020996,-0.37217044830322266,0.15655860304832458,2.7701478004455566,-0.6939508318901062,-0.40883904695510864,2.590271234512329,-0.8219289779663086,-0.3993002772331238,2.530937910079956,-0.8761981725692749,-0.18468058109283447,2.6635615825653076,-0.8595218658447266,0.06056039035320282,2.6296451091766357,-0.8561866283416748,0.10960859060287476,2.622861862182617,-0.8495160937309265,0.20770499110221863,2.60929536819458,-0.7980310320854187,0.1581457555294037,2.6393377780914307,-0.5402427911758423,0.13250917196273804,2.697427988052368,-0.5944284200668335,0.5787817239761353,2.779111862182617,-0.6669254302978516,0.958403468132019,2.9039463996887207,-0.6371906995773315,1.0964540243148804,2.83174467086792,-0.720793604850769,0.1436750888824463,2.6151463985443115,-0.7582727074623108,0.5990089774131775,2.620967388153076,-0.8112404346466064,0.9987301826477051,2.669644832611084,-0.7754483819007874,1.118524193763733,2.572056293487549,-0.6388670206069946,-0.5456299185752869,2.522552967071533,-0.6428907513618469,-0.5935108661651611,2.5142831802368164,-0.6289001107215881,-0.6354907751083374,2.549316644668579,-0.6057760715484619,-0.6330537796020508,2.6561825275421143,-0.684173583984375,-0.6278098225593567,2.5317392349243164,-0.7623842358589172,-0.6112911105155945,2.606379747390747,-0.7010026574134827,1.0389271974563599,2.969625234603882,-0.8408270478248596,1.0920392274856567,2.718400239944458
-0.6277021169662476,0.13682463765144348,2.652834892272949,-0.6338871717453003,-0.04634392261505127,2.6386303901672363,-0.6420701742172241,-0.22937777638435364,2.6237175464630127,-0.650253415107727,-0.41241711378097534,2.608804225921631,-0.6042565703392029,-0.41707777976989746,2.628453493118286,-0.4745658040046692,-0.42740413546562195,2.684030532836914,-0.4125291407108307,-0.1929389387369156,2.771841049194336,-0.31455397605895996,0.03192397952079773,2.7350823879241943,-0.2949589490890503,0.0768965631723404,2.7277307510375977,-0.25576889514923096,0.16684173047542572,2.713027238845825,-0.3286382853984833,0.1423112452030182,2.7034332752227783,-0.6963391900062561,-0.40974587202072144,2.5889928340911865,-0.8260299563407898,-0.39941951632499695,2.5334157943725586,-0.8790087699890137,-0.18054451048374176,2.659193992614746,-0.8696898221969604,0.06593510508537292,2.633220911026001,-0.8678260445594788,0.11523102968931198,2.628026247024536,-0.8640984892845154,0.2138228714466095,2.6176369190216064,-0.8109173774719238,0.16483289003372192,2.645484685897827,-0.5363274812698364,0.1307457536458969,2.6914355754852295,-0.5944119691848755,0.5759594440460205,2.7761363983154297,-0.6698762774467468,0.9531546235084534,2.906435012817383,-0.6440834999084473,1.0923465490341187,2.8349156379699707,-0.7190767526626587,0.14290352165699005,2.614234209060669,-0.7575876116752625,0.5981459617614746,2.6201083660125732,-0.8109984397888184,0.9975177049636841,2.671081781387329,-0.7784098982810974,1.1176728010177612,2.572819709777832,-0.6417827010154724,-0.5460684895515442,2.5186920166015625,-0.6457286477088928,-0.593904972076416,2.510127544403076,-0.6308161020278931,-0.6360827088356018,2.544539451599121,-0.6055428385734558,-0.6343558430671692,2.650933027267456,-0.6864740252494812,-0.6285563111305237,2.528144598007202,-0.7632402181625366,-0.6130311489105225,2.6044812202453613,-0.703628659248352,1.0324890613555908,2.973707675933838,-0.839664876461029,1.0905898809432983,2.7208268642425537
-0.6227717995643616,0.13636186718940735,2.650721788406372,-0.6316489577293396,-0.046774134039878845,2.636706590652466,-0.6426729559898376,-0.22974354028701782,2.622054100036621,-0.6536972522735596,-0.41271841526031494,2.6074013710021973,-0.6066402196884155,-0.4179074466228485,2.6242527961730957,-0.47424444556236267,-0.4296942353248596,2.671828031539917,-0.37080055475234985,-0.20139607787132263,2.72684383392334,-0.25377368927001953,-0.06166556477546692,2.5605316162109375,-0.23036831617355347,-0.033719465136528015,2.527269124984741,-0.18355756998062134,0.02217273786664009,2.4607441425323486,-0.25811320543289185,0.020713962614536285,2.4802682399749756,-0.7008741497993469,-0.4095180928707123,2.590390682220459,-0.8332699537277222,-0.39773130416870117,2.5428154468536377,-0.8864500522613525,-0.17166835069656372,2.651970624923706,-0.8962692618370056,0.0748128592967987,2.6464695930480957,-0.8982331156730652,0.12410910427570343,2.645369291305542,-0.9021608233451843,0.22270157933235168,2.6431689262390137,-0.8450239896774292,0.17607960104942322,2.6656107902526855,-0.5293612480163574,0.12928447127342224,2.6840362548828125,-0.5964740514755249,0.5722984075546265,2.7720870971679688,-0.6783313751220703,0.9448680877685547,2.9108188152313232,-0.6608502864837646,1.085616946220398,2.8400421142578125,-0.7161823511123657,0.14343926310539246,2.6174073219299316,-0.7576241493225098,0.598180890083313,2.620734453201294,-0.8122578263282776,0.9968485236167908,2.6739749908447266,-0.7865027785301208,1.1170567274093628,2.573915719985962,-0.6478926539421082,-0.5445882678031921,2.514070510864258,-0.6518864035606384,-0.5923324823379517,2.5046348571777344,-0.6353867650032043,-0.6351869106292725,2.5375967025756836,-0.6060092449188232,-0.635524332523346,2.643117666244507,-0.6917631030082703,-0.6276827454566956,2.5234875679016113,-0.7657421827316284,-0.614262580871582,2.6031417846679688,-0.7114441394805908,1.022141695022583,2.9806549549102783,-0.8390540480613708,1.0896682739257812,2.7250750064849854
-0.618381679058075,0.1372484564781189,2.646590232849121,-0.6291642785072327,-0.045875802636146545,2.633423328399658,-0.6422522068023682,-0.2288060188293457,2.619662046432495,-0.6553404927253723,-0.411741703748703,2.605900287628174,-0.6077531576156616,-0.4172937273979187,2.6210873126983643,-0.4740227460861206,-0.43008312582969666,2.6639115810394287,-0.3423823118209839,-0.21162109076976776,2.6868040561676025,-0.2410542070865631,-0.1519508957862854,2.4704627990722656,-0.22078858315944672,-0.1400168538093567,2.427194595336914,-0.18025733530521393,-0.11614877730607986,2.340658187866211,-0.24897904694080353,-0.09739302098751068,2.3696956634521484,-0.7030701041221619,-0.40817803144454956,2.590564012527466,-0.8368005156517029,-0.3953886330127716,2.5477397441864014,-0.8910417556762695,-0.16576799750328064,2.647294759750366,-0.9082134962081909,0.07986429333686829,2.64614200592041,-0.9116478562355042,0.1289907544851303,2.645911455154419,-0.9185165762901306,0.22724366188049316,2.6454503536224365,-0.8599542379379272,0.1820693016052246,2.6666011810302734,-0.5239615440368652,0.1295129507780075,2.6768524646759033,-0.5948763489723206,0.5712755918502808,2.7669565677642822,-0.678834855556488,0.9414347410202026,2.9101955890655518,-0.6656173467636108,1.0827938318252563,2.8398962020874023,-0.7128018140792847,0.14498396217823029,2.616328001022339,-0.7546182870864868,0.5994571447372437,2.6190435886383057,-0.8089519739151001,0.9975369572639465,2.675297737121582,-0.7868232131004333,1.1181018352508545,2.5749309062957764,-0.6511146426200867,-0.5430132746696472,2.5113816261291504,-0.6552069783210754,-0.5907379984855652,2.5016534328460693,-0.6379681825637817,-0.6338486671447754,2.533989191055298,-0.6064984798431396,-0.6349276304244995,2.6390089988708496,-0.694678008556366,-0.626344621181488,2.521031618118286,-0.7671763896942139,-0.6136660575866699,2.6022961139678955,-0.7112268805503845,1.0177013874053955,2.981374979019165,-0.8344394564628601,1.0900418758392334,2.7275047302246094
-0.6138530373573303,0.13806039094924927,2.6435203552246094,-0.6262378692626953,-0.045027852058410645,2.63112735748291,-0.6410804390907288,-0.2278931438922882,2.6181554794311523,-0.6559234857559204,-0.4107638895511627,2.6051833629608154,-0.6078867316246033,-0.41663143038749695,2.6187617778778076,-0.4729697108268738,-0.43029695749282837,2.6570322513580322,-0.3190964460372925,-0.2259504497051239,2.6562764644622803,-0.2408961057662964,-0.22413864731788635,2.423081636428833,-0.2252560406923294,-0.22377628087997437,2.3764426708221436,-0.19397591054439545,-0.22305156290531158,2.2831647396087646,-0.255244642496109,-0.18911105394363403,2.3147690296173096,-0.704121470451355,-0.40688395500183105,2.591463804244995,-0.8390384912490845,-0.39321842789649963,2.5531933307647705,-0.8930557370185852,-0.16135308146476746,2.6467649936676025,-0.9157136082649231,0.08353188633918762,2.6508100032806396,-0.9202451705932617,0.13250887393951416,2.6516189575195312,-0.9293083548545837,0.23046286404132843,2.6532368659973145,-0.8694683313369751,0.1862717568874359,2.672497510910034,-0.5185731053352356,0.1297627091407776,2.670889139175415,-0.5921124815940857,0.5706602931022644,2.7618050575256348,-0.6766346096992493,0.939727783203125,2.90686297416687,-0.6669654846191406,1.0810822248458862,2.836181402206421,-0.709132969379425,0.14635807275772095,2.6161515712738037,-0.7513697147369385,0.6005364656448364,2.617708206176758,-0.8054258227348328,0.998001754283905,2.6768336296081543,-0.7867938876152039,1.1188946962356567,2.5762939453125,-0.6541937589645386,-0.5414044857025146,2.509438991546631,-0.6586250066757202,-0.5890882015228271,2.49941349029541,-0.6407206058502197,-0.632540225982666,2.5310230255126953,-0.6067882776260376,-0.6345402598381042,2.635376453399658,-0.6977564692497253,-0.624803900718689,2.5194363594055176,-0.7683899402618408,-0.6126205325126648,2.602548122406006,-0.7080317139625549,1.015632152557373,2.978776216506958,-0.8296551704406738,1.0901925563812256,2.730055332183838
-0.609971821308136,0.1373462975025177,2.6392862796783447,-0.6239667534828186,-0.04567781090736389,2.627640724182129,-0.6405564546585083,-0.22845017910003662,2.6154611110687256,-0.6571466326713562,-0.4112280011177063,2.603281021118164,-0.6087010502815247,-0.4174225926399231,2.6151578426361084,-0.4726303517818451,-0.43200451135635376,2.6486401557922363,-0.30146893858909607,-0.24285006523132324,2.630258083343506,-0.24727699160575867,-0.28083840012550354,2.393406629562378,-0.2364386022090912,-0.28843605518341064,2.346036434173584,-0.21476182341575623,-0.30363139510154724,2.251295804977417,-0.2685220539569855,-0.25873059034347534,2.282862424850464,-0.7057725191116333,-0.4070200026035309,2.5912718772888184,-0.8418432474136353,-0.3924380838871002,2.5577895641326904,-0.8940203189849854,-0.15869666635990143,2.6475448608398438,-0.9202291369438171,0.08563752472400665,2.657156467437744,-0.9254708886146545,0.13450436294078827,2.65907883644104,-0.9359543919563293,0.2322380393743515,2.662923574447632,-0.874993085861206,0.18861055374145508,2.679748058319092,-0.5138958096504211,0.1284523606300354,2.663606643676758,-0.5884589552879333,0.5686624050140381,2.75606632232666,-0.6717171669006348,0.9374306201934814,2.902147054672241,-0.6650229096412659,1.0785572528839111,2.8308145999908447,-0.7060478329658508,0.146240234375,2.6149659156799316,-0.7487645149230957,0.6001878976821899,2.6154234409332275,-0.8021588325500488,0.997198224067688,2.6770129203796387,-0.787108302116394,1.1182949542999268,2.576221466064453,-0.6584410667419434,-0.541206955909729,2.50650691986084,-0.6633167266845703,-0.5888197422027588,2.496242046356201,-0.6447359919548035,-0.632593035697937,2.527055025100708,-0.6080440282821655,-0.6355034112930298,2.6305031776428223,-0.7020559310913086,-0.6245635747909546,2.5170373916625977,-0.7704505920410156,-0.6127532720565796,2.6021194458007812,-0.7017013430595398,1.0133111476898193,2.9746181964874268,-0.8249738216400146,1.0891693830490112,2.731139898300171
-0.6071208715438843,0.13649415969848633,2.6366376876831055,-0.6228640675544739,-0.04642869532108307,2.6256022453308105,-0.6413946747779846,-0.22905826568603516,2.6140494346618652,-0.6599258184432983,-0.411693274974823,2.602496385574341,-0.6111618280410767,-0.4182959496974945,2.612741470336914,-0.4741823971271515,-0.4340224862098694,2.641637086868286,-0.2890133559703827,-0.25958260893821716,2.6152966022491455,-0.2585124373435974,-0.3241939842700958,2.37998628616333,-0.25241225957870483,-0.3371162712574005,2.3329241275787354,-0.24021188914775848,-0.3629608154296875,2.238800048828125,-0.28642967343330383,-0.30990272760391235,2.269641637802124,-0.7088912129402161,-0.4070756733417511,2.592125654220581,-0.8458706140518188,-0.3913491368293762,2.563230037689209,-0.8953746557235718,-0.15596520900726318,2.650146245956421,-0.923588216304779,0.08788315951824188,2.664904832839966,-0.9292309284210205,0.13665282726287842,2.667856454849243,-0.9405163526535034,0.2341921627521515,2.673759937286377,-0.8786854147911072,0.1908814013004303,2.6880271434783936,-0.5104061961174011,0.1268775314092636,2.6580684185028076,-0.5851754546165466,0.5667508244514465,2.751446485519409,-0.6663644313812256,0.9362320899963379,2.89663028717041,-0.6620517373085022,1.0767840147018433,2.8240702152252197,-0.7038355469703674,0.14611078798770905,2.6152069568634033,-0.7475725412368774,0.5998536944389343,2.613529920578003,-0.8005688190460205,0.9966632127761841,2.6761395931243896,-0.7890092730522156,1.117638349533081,2.5747995376586914,-0.6645532250404358,-0.5410745143890381,2.5049898624420166,-0.6699796915054321,-0.5886001586914062,2.494567632675171,-0.6508415341377258,-0.6326757669448853,2.52461314201355,-0.6114271879196167,-0.6364402770996094,2.6270430088043213,-0.7083669900894165,-0.6242562532424927,2.5161712169647217,-0.7744159698486328,-0.6125850081443787,2.6031243801116943,-0.6948649883270264,1.0125418901443481,2.9692115783691406,-0.8220874071121216,1.0886080265045166,2.7307896614074707
-0.6037344932556152,0.13620525598526,2.6307313442230225,-0.621254026889801,-0.046588435769081116,2.620039701461792,-0.6418130397796631,-0.229037806391716,2.60888934135437,-0.6623727083206177,-0.41149264574050903,2.597738742828369,-0.6133097410202026,-0.41854026913642883,2.6061034202575684,-0.47548094391822815,-0.43551453948020935,2.629718542098999,-0.2802455425262451,-0.27401262521743774,2.5947747230529785,-0.2755841612815857,-0.35806357860565186,2.36369252204895,-0.2746518850326538,-0.3748737573623657,2.3174760341644287,-0.27278733253479004,-0.40849411487579346,2.225043296813965,-0.31159496307373047,-0.3493911921977997,2.255112648010254,-0.7116591334342957,-0.4064280688762665,2.5892527103424072,-0.8494879007339478,-0.38945379853248596,2.5656375885009766,-0.8942406177520752,-0.15284444391727448,2.651858329772949,-0.922189474105835,0.09059710800647736,2.6728408336639404,-0.9277792572975159,0.13928541541099548,2.677037239074707,-0.9389588236808777,0.23666203022003174,2.6854302883148193,-0.8765673041343689,0.19318687915802002,2.696410655975342,-0.5063953995704651,0.1258200705051422,2.6487841606140137,-0.5818239450454712,0.5649562478065491,2.7450509071350098,-0.6609856486320496,0.9349792003631592,2.8899714946746826,-0.6595340371131897,1.0750460624694824,2.8163681030273438,-0.7010735869407654,0.1465904414653778,2.6126785278320312,-0.7477549314498901,0.6000323295593262,2.6097395420074463,-0.8014671802520752,0.9964903593063354,2.6739389896392822,-0.7944152355194092,1.1174571514129639,2.572176456451416,-0.6706424355506897,-0.5403939485549927,2.4997870922088623,-0.6766529083251953,-0.5878458023071289,2.4893054962158203,-0.6568853855133057,-0.6321833729743958,2.5185680389404297,-0.6144664883613586,-0.6366708278656006,2.619783639907837,-0.7145968675613403,-0.6233949661254883,2.5118751525878906,-0.777982234954834,-0.6117703318595886,2.600820541381836,-0.6878567337989807,1.0116312503814697,2.962812900543213,-0.8217219114303589,1.0883207321166992,2.729259729385376
-0.5993766784667969,0.13618069887161255,2.621779441833496,-0.6185861229896545,-0.04646831750869751,2.6112160682678223,-0.6410998702049255,-0.2287188619375229,2.6003012657165527,-0.6636142730712891,-0.4109748601913452,2.589386224746704,-0.6142749190330505,-0.4184439182281494,2.59548020362854,-0.47565340995788574,-0.4366008937358856,2.6127257347106934,-0.2748306393623352,-0.2849506735801697,2.5660524368286133,-0.29182320833206177,-0.38183507323265076,2.3404674530029297,-0.2952217161655426,-0.4012119472026825,2.2953503131866455,-0.3020187318325043,-0.43996569514274597,2.2051162719726562,-0.3352053761482239,-0.3770480751991272,2.2342894077301025,-0.7131983041763306,-0.40548670291900635,2.5831735134124756,-0.8518198132514954,-0.38732972741127014,2.5659279823303223,-0.891099214553833,-0.14961929619312286,2.6522810459136963,-0.9179607629776001,0.09347927570343018,2.679584503173828,-0.9233330488204956,0.14209899306297302,2.6850452423095703,-0.9340776801109314,0.23933842778205872,2.6959667205810547,-0.8712016344070435,0.19566379487514496,2.703049898147583,-0.5014258027076721,0.12507681548595428,2.635651111602783,-0.5786184668540955,0.5626049637794495,2.737457752227783,-0.6563769578933716,0.9323394894599915,2.8837502002716064,-0.6588769555091858,1.0721192359924316,2.809666156768799,-0.6973275542259216,0.1472845822572708,2.607907772064209,-0.7486990094184875,0.6001731157302856,2.6052324771881104,-0.8036465644836426,0.9962433576583862,2.670506238937378,-0.8022735714912415,1.1169102191925049,2.5681796073913574,-0.6757388114929199,-0.5395987033843994,2.491346836090088,-0.6823005080223083,-0.5870153307914734,2.4809305667877197,-0.6617264747619629,-0.631542980670929,2.5093884468078613,-0.6158984303474426,-0.6365159153938293,2.609139919281006,-0.7196215987205505,-0.6224969029426575,2.5046801567077637,-0.7799345850944519,-0.6108854413032532,2.5957999229431152,-0.6814631223678589,1.0089911222457886,2.9572091102600098,-0.8224201202392578,1.08804452419281,2.7263729572296143
-0.5988526940345764,0.1373504102230072,2.6104483604431152,-0.6180955767631531,-0.04531972110271454,2.6001079082489014,-0.6409060955047607,-0.22756828367710114,2.5895848274230957,-0.6637172698974609,-0.4098222851753235,2.579061508178711,-0.6140926480293274,-0.4172269105911255,2.5822527408599854,-0.47462475299835205,-0.4352087676525116,2.591359853744507,-0.2732480764389038,-0.28955644369125366,2.5286309719085693,-0.30737540125846863,-0.3963058590888977,2.309119939804077,-0.31420087814331055,-0.41765573620796204,2.2652177810668945,-0.327851802110672,-0.4603554904460907,2.1774134635925293,-0.3575765788555145,-0.3951992988586426,2.2056946754455566,-0.7135899066925049,-0.4043985605239868,2.5757558345794678,-0.8530578017234802,-0.3864167034626007,2.5666487216949463,-0.8891323804855347,-0.14768579602241516,2.652719736099243,-0.917219877243042,0.09496906399726868,2.6855058670043945,-0.9228373765945435,0.14350003004074097,2.692063093185425,-0.9340723752975464,0.24056197702884674,2.7051775455474854,-0.8702710270881653,0.19753271341323853,2.707746982574463,-0.5002526640892029,0.1264878511428833,2.618853807449341,-0.5841467976570129,0.5606756806373596,2.7289927005767822,-0.6642619967460632,0.9286632537841797,2.8782100677490234,-0.6735618710517883,1.0681476593017578,2.8041648864746094,-0.69745272397995,0.1482129693031311,2.6020429134368896,-0.7588351964950562,0.5997869968414307,2.6010754108428955,-0.8186353445053101,0.994937539100647,2.6672496795654297,-0.82562655210495,1.1149249076843262,2.564394235610962,-0.6795168519020081,-0.5386618971824646,2.4817001819610596,-0.6862625479698181,-0.5861489176750183,2.4716148376464844,-0.6641378402709961,-0.6305501461029053,2.4991471767425537,-0.6137703657150269,-0.635166585445404,2.5967631340026855,-0.7222689390182495,-0.6218509674072266,2.4970688819885254,-0.7784751057624817,-0.6105189919471741,2.590874671936035,-0.6878671050071716,1.0048309564590454,2.9526309967041016,-0.8362383246421814,1.0866585969924927,2.72359299659729
-0.5974608659744263,0.13824158906936646,2.5980138778686523,-0.6171671748161316,-0.04439954459667206,2.588115692138672,-0.6406660676002502,-0.22659380733966827,2.578259229660034,-0.6641656756401062,-0.40879350900650024,2.5684025287628174,-0.6144418120384216,-0.4162122309207916,2.5683279037475586,-0.47450101375579834,-0.43425819277763367,2.5682685375213623,-0.2743781805038452,-0.29620206356048584,2.4856605529785156,-0.3226197361946106,-0.4116671085357666,2.272824764251709,-0.3322680592536926,-0.43476012349128723,2.230257511138916,-0.3515646755695343,-0.4809461236000061,2.145123243331909,-0.37858957052230835,-0.4139654338359833,2.1721935272216797,-0.7141450047492981,-0.40335509181022644,2.5683701038360596,-0.8540858030319214,-0.3853091299533844,2.568429470062256,-0.8873828053474426,-0.1451503187417984,2.6529738903045654,-0.9166440963745117,0.09724916517734528,2.689645290374756,-0.9224963784217834,0.14572906494140625,2.696979522705078,-0.9342008829116821,0.2426888644695282,2.7116479873657227,-0.8696616888046265,0.20050036907196045,2.7095556259155273,-0.4985090494155884,0.12744556367397308,2.6002182960510254,-0.5891050696372986,0.5574004054069519,2.720827341079712,-0.6717612743377686,0.9231582880020142,2.87389874458313,-0.6886124610900879,1.0622155666351318,2.8004448413848877,-0.6964126825332642,0.14903761446475983,2.5958094596862793,-0.7671992778778076,0.5991504788398743,2.597541093826294,-0.8309518098831177,0.9935064315795898,2.664330005645752,-0.8468950986862183,1.1123842000961304,2.5612268447875977,-0.684234619140625,-0.5382567048072815,2.4725711345672607,-0.6912249326705933,-0.5858469605445862,2.463071823120117,-0.6674542427062988,-0.6300031542778015,2.4896512031555176,-0.6120855808258057,-0.6338520646095276,2.584599256515503,-0.7256840467453003,-0.6216248273849487,2.4905271530151367,-0.7770698666572571,-0.6101136207580566,2.587080717086792,-0.6936962604522705,0.998725175857544,2.9494071006774902,-0.8468882441520691,1.0853325128555298,2.7209606170654297
-0.5971371531486511,0.1366121470928192,2.57947039604187,-0.6179627180099487,-0.04590390622615814,2.5710864067077637,-0.6427233815193176,-0.22795185446739197,2.563239812850952,-0.6674847602844238,-0.41000527143478394,2.5553929805755615,-0.6182513236999512,-0.4174169898033142,2.548570156097412,-0.4773993492126465,-0.43574070930480957,2.5292255878448486,-0.28532475233078003,-0.31630492210388184,2.404411554336548,-0.30857521295547485,-0.4225371778011322,2.1810834407806396,-0.31322529911994934,-0.44378364086151123,2.136417865753174,-0.3225254714488983,-0.4862765371799469,2.047086715698242,-0.3555029630661011,-0.42187607288360596,2.0751421451568604,-0.7169873714447021,-0.4045722186565399,2.5621304512023926,-0.8578393459320068,-0.38624849915504456,2.581475019454956,-0.888870358467102,-0.1404411792755127,2.6546318531036377,-0.9214621186256409,0.10279881954193115,2.6930160522460938,-0.9279804825782776,0.15144681930541992,2.700692892074585,-0.9410171508789062,0.24874281883239746,2.7160465717315674,-0.8755702376365662,0.2085060477256775,2.705103874206543,-0.49868422746658325,0.1258685141801834,2.568800687789917,-0.6002256870269775,0.5470370650291443,2.7118661403656006,-0.687892496585846,0.9095226526260376,2.8712146282196045,-0.7201017141342163,1.046836018562317,2.7991745471954346,-0.695590078830719,0.14735578000545502,2.5901401042938232,-0.7832290530204773,0.5950717329978943,2.5957250595092773,-0.8537011742591858,0.9890584945678711,2.6611568927764893,-0.887762188911438,1.1044371128082275,2.5581531524658203,-0.6951830387115479,-0.5412784814834595,2.464383840560913,-0.7023818492889404,-0.5890621542930603,2.4564504623413086,-0.6754254102706909,-0.6323602199554443,2.481189012527466,-0.6107675433158875,-0.6337572336196899,2.5699775218963623,-0.7333149313926697,-0.624738872051239,2.48781418800354,-0.7747879028320312,-0.6121634244918823,2.5887489318847656,-0.7063783407211304,0.9845800399780273,2.9483442306518555,-0.8658382296562195,1.0819278955459595,2.717302083969116
-0.5942184329032898,0.1342008411884308,2.5686721801757812,-0.6167304515838623,-0.048126861453056335,2.5617311000823975,-0.6431200504302979,-0.22996461391448975,2.5556507110595703,-0.6695104837417603,-0.4118078351020813,2.549570083618164,-0.6211339235305786,-0.4194645881652832,2.538382053375244,-0.4815083146095276,-0.43865466117858887,2.5062811374664307,-0.3024349808692932,-0.32639437913894653,2.355954170227051,-0.29708683490753174,-0.4109116792678833,2.1213884353637695,-0.29601719975471497,-0.42781513929367065,2.0744752883911133,-0.2938779294490814,-0.46162205934524536,1.9806489944458008,-0.334617555141449,-0.4028506875038147,2.0115721225738525,-0.7181738615036011,-0.4061274528503418,2.560692071914673,-0.8577994704246521,-0.38693737983703613,2.5927929878234863,-0.8863106966018677,-0.1375328153371811,2.6580026149749756,-0.9188609719276428,0.10724291205406189,2.6929054260253906,-0.9253710508346558,0.15619805455207825,2.6998860836029053,-0.9383911490440369,0.25410833954811096,2.7138471603393555,-0.8734374046325684,0.2142334133386612,2.697690725326538,-0.49708080291748047,0.12293346971273422,2.549596071243286,-0.5979698896408081,0.5395168662071228,2.7069380283355713,-0.6838351488113403,0.9010487794876099,2.870168685913086,-0.7245029211044312,1.0370903015136719,2.799748659133911,-0.6913560628890991,0.14546820521354675,2.5877482891082764,-0.7834584712982178,0.5925711393356323,2.5973851680755615,-0.853376567363739,0.9870976209640503,2.6620590686798096,-0.8977403044700623,1.1002849340438843,2.5603699684143066,-0.7027053833007812,-0.5441816449165344,2.4623000621795654,-0.7102391719818115,-0.5920425057411194,2.455458164215088,-0.6815651059150696,-0.6349189281463623,2.478860855102539,-0.6111958622932434,-0.6350254416465759,2.5630924701690674,-0.7388670444488525,-0.6273801326751709,2.4892215728759766,-0.773551344871521,-0.6136654615402222,2.5924482345581055,-0.6989009976387024,0.976212203502655,2.948052167892456,-0.8618946671485901,1.0808773040771484,2.7175133228302
-0.5922179818153381,0.1305629312992096,2.559518337249756,-0.6163510680198669,-0.0515817254781723,2.5543200969696045,-0.644206702709198,-0.2332235425710678,2.5502679347991943,-0.6720631718635559,-0.4148707985877991,2.546215772628784,-0.6248224377632141,-0.4227887988090515,2.5310895442962646,-0.4871794283390045,-0.4429183900356293,2.4872219562530518,-0.32459700107574463,-0.3364323079586029,2.31321382522583,-0.29956263303756714,-0.3998464047908783,2.071824073791504,-0.29455575346946716,-0.41252923011779785,2.0235462188720703,-0.2845419943332672,-0.43789488077163696,1.926990270614624,-0.3318365216255188,-0.385053426027298,1.9603326320648193,-0.7196066379547119,-0.4089270830154419,2.56129789352417,-0.8572496175765991,-0.38879749178886414,2.605165481567383,-0.8837889432907104,-0.13578757643699646,2.662895679473877,-0.9161028265953064,0.11100044846534729,2.6940178871154785,-0.9225655794143677,0.16035805642604828,2.700242280960083,-0.935491144657135,0.25907325744628906,2.712691068649292,-0.8714126944541931,0.21911370754241943,2.691765308380127,-0.49694931507110596,0.11870279163122177,2.532804250717163,-0.5927525758743286,0.5319097638130188,2.7028000354766846,-0.6739206910133362,0.8928675651550293,2.870467185974121,-0.7215189933776855,1.028031349182129,2.80245041847229,-0.6874866485595703,0.14242307841777802,2.5862324237823486,-0.78021240234375,0.5896382331848145,2.6009747982025146,-0.847436785697937,0.9850499629974365,2.6651740074157715,-0.9003608822822571,1.0965462923049927,2.565531015396118,-0.710106611251831,-0.5479841828346252,2.4625096321105957,-0.7179021239280701,-0.5958635210990906,2.4566051959991455,-0.687775194644928,-0.6383941173553467,2.4785943031311035,-0.6124961972236633,-0.6375330686569214,2.5582692623138428,-0.7442860007286072,-0.6308886408805847,2.492342233657837,-0.7726102471351624,-0.6162675619125366,2.597221851348877,-0.6851106286048889,0.9681321978569031,2.949028491973877,-0.8522035479545593,1.0796884298324585,2.719788074493408
-0.59052973985672,0.12847495079040527,2.551213502883911,-0.616078794002533,-0.053501397371292114,2.54758358001709,-0.6452199816703796,-0.23495963215827942,2.545342445373535,-0.6743620038032532,-0.41642332077026367,2.5431013107299805,-0.628413200378418,-0.4245848059654236,2.524529457092285,-0.49313294887542725,-0.4456375241279602,2.4700746536254883,-0.348001092672348,-0.34471195936203003,2.2754461765289307,-0.31180909276008606,-0.38970038294792175,2.029315710067749,-0.3045707046985626,-0.3986980617046356,1.9800896644592285,-0.29009389877319336,-0.41669341921806335,1.881637454032898,-0.34230220317840576,-0.3693106770515442,1.9172347784042358,-0.7206276059150696,-0.41023409366607666,2.5616488456726074,-0.8559078574180603,-0.38918137550354004,2.6161036491394043,-0.8799582719802856,-0.13241639733314514,2.667316198348999,-0.9107533097267151,0.11691085994243622,2.6956288814544678,-0.916912317276001,0.16677631437778473,2.70129132270813,-0.9292303323745728,0.26650720834732056,2.712616443634033,-0.8664247393608093,0.22587336599826813,2.6872715950012207,-0.49745166301727295,0.11607347428798676,2.51780104637146,-0.5857127904891968,0.5266135931015015,2.698806047439575,-0.6607217192649841,0.8872137069702148,2.870715618133545,-0.7139043211936951,1.0217900276184082,2.805480718612671,-0.683607816696167,0.1408764272928238,2.5846259593963623,-0.774543046951294,0.5885651111602783,2.6046688556671143,-0.8384699821472168,0.9850170612335205,2.667525053024292,-0.8984911441802979,1.0949747562408447,2.5700490474700928,-0.7166226506233215,-0.5498952865600586,2.4625916481018066,-0.724639356136322,-0.59773850440979,2.4574387073516846,-0.6933485865592957,-0.6400146484375,2.477994441986084,-0.6139851212501526,-0.6385444402694702,2.553316831588745,-0.7489427924156189,-0.6325005888938904,2.4947195053100586,-0.7715020775794983,-0.6172546148300171,2.6007044315338135,-0.6679971218109131,0.962554931640625,2.949763774871826,-0.8397719264030457,1.0805151462554932,2.7209692001342773
-0.5898457765579224,0.12797442078590393,2.545212507247925,-0.6164188981056213,-0.05387242138385773,2.542698621749878,-0.6463878750801086,-0.23520542681217194,2.541738510131836,-0.6763577461242676,-0.4165438413619995,2.540778398513794,-0.6317151188850403,-0.4248206615447998,2.5193004608154297,-0.4988837242126465,-0.44643673300743103,2.455641508102417,-0.3723241984844208,-0.35005462169647217,2.2433102130889893,-0.3325992226600647,-0.38010865449905396,1.993111252784729,-0.324654221534729,-0.38611945509910583,1.9430714845657349,-0.30876424908638,-0.398141086101532,1.842991828918457,-0.36447685956954956,-0.3557436168193817,1.881076693534851,-0.7213260531425476,-0.41023799777030945,2.562246084213257,-0.8541574478149414,-0.3886219263076782,2.6259050369262695,-0.8753088712692261,-0.1280766725540161,2.671294689178467,-0.9034626483917236,0.12412190437316895,2.6974496841430664,-0.9090933799743652,0.17456161975860596,2.7026805877685547,-0.9203549027442932,0.27544105052948,2.7131426334381104,-0.8590876460075378,0.23370444774627686,2.683880567550659,-0.49902915954589844,0.11524362117052078,2.5061402320861816,-0.5780057311058044,0.5241951942443848,2.6953725814819336,-0.6456637978553772,0.8850041627883911,2.870307683944702,-0.7031484842300415,1.019150972366333,2.807713508605957,-0.6806623935699463,0.14070522785186768,2.584284782409668,-0.7676762342453003,0.5891755819320679,2.6085848808288574,-0.8279557228088379,0.9868392944335938,2.6685268878936768,-0.8936212062835693,1.0952633619308472,2.5728704929351807,-0.7221372127532959,-0.5500352382659912,2.4628491401672363,-0.7303310036659241,-0.5978124737739563,2.4582202434539795,-0.6981375217437744,-0.6399314999580383,2.4773778915405273,-0.6154942512512207,-0.6381924152374268,2.548779249191284,-0.7527978420257568,-0.6324219703674316,2.496624231338501,-0.770365297794342,-0.6169154047966003,2.6033108234405518,-0.6490549445152283,0.9605582356452942,2.94948410987854,-0.8261603713035583,1.0832525491714478,2.720392942428589
-0.5905566215515137,0.12903732061386108,2.5416784286499023,-0.6176629662513733,-0.05273376405239105,2.5393974781036377,-0.6479082107543945,-0.2340221107006073,2.5387299060821533,-0.6781543493270874,-0.4153158664703369,2.538062334060669,-0.6346842646598816,-0.42349326610565186,2.5142662525177,-0.5039111971855164,-0.4450482130050659,2.442960023880005,-0.395801305770874,-0.3500085771083832,2.2168545722961426,-0.35906392335891724,-0.366115927696228,1.962267279624939,-0.35171645879745483,-0.36933740973472595,1.9113497734069824,-0.33702149987220764,-0.3757803440093994,1.8095148801803589,-0.39467447996139526,-0.3378322124481201,1.8509761095046997,-0.7219532132148743,-0.4091089367866516,2.5618510246276855,-0.8527262806892395,-0.38755398988723755,2.633157253265381,-0.8715170621871948,-0.12328583002090454,2.673816442489624,-0.8971078395843506,0.1319914162158966,2.6983602046966553,-0.9022259712219238,0.1830468773841858,2.7032690048217773,-0.9124622941017151,0.28515779972076416,2.7130866050720215,-0.8526104688644409,0.24224653840065002,2.6805388927459717,-0.5017651915550232,0.11634239554405212,2.498166561126709,-0.5706948637962341,0.5246958136558533,2.6928248405456543,-0.6305586695671082,0.8863474726676941,2.8690998554229736,-0.6910465359687805,1.0201879739761353,2.8086116313934326,-0.6793480515480042,0.14173224568367004,2.5851902961730957,-0.7604312896728516,0.5912916660308838,2.6119771003723145,-0.8167297840118408,0.9903312921524048,2.6671700477600098,-0.8863843679428101,1.0972427129745483,2.572570562362671,-0.7264176607131958,-0.548431396484375,2.461560010910034,-0.7346675992012024,-0.5961307287216187,2.4570870399475098,-0.7017648816108704,-0.6381723284721375,2.474884033203125,-0.6167037487030029,-0.636489748954773,2.5430963039398193,-0.7556066513061523,-0.6308505535125732,2.4961113929748535,-0.7692553400993347,-0.6157448291778564,2.603240728378296,-0.630350649356842,0.962284505367279,2.9480209350585938,-0.8122777342796326,1.0877074003219604,2.7171008586883545
-0.5921915173530579,0.1301622986793518,2.5415244102478027,-0.6196339726448059,-0.0515512079000473,2.5387122631073,-0.650005578994751,-0.2328159064054489,2.537503480911255,-0.6803781390190125,-0.4140860438346863,2.53629469871521,-0.6378089785575867,-0.42206183075904846,2.5108578205108643,-0.5082712173461914,-0.4432523548603058,2.433772087097168,-0.4138018786907196,-0.34661218523979187,2.1991658210754395,-0.38326072692871094,-0.3519574701786041,1.9406851530075073,-0.3771525025367737,-0.35302653908729553,1.888988971710205,-0.36493605375289917,-0.35516464710235596,1.7855967283248901,-0.42293286323547363,-0.3199694752693176,1.830456256866455,-0.7232773900032043,-0.40808042883872986,2.561718463897705,-0.8528151512145996,-0.38688990473747253,2.6388039588928223,-0.8681838512420654,-0.11909249424934387,2.67557692527771,-0.889792263507843,0.139287531375885,2.6989524364471436,-0.8941139578819275,0.1909635365009308,2.703627586364746,-0.9027573466300964,0.29431554675102234,2.712977886199951,-0.8442952036857605,0.24991095066070557,2.677976131439209,-0.504917562007904,0.11770264804363251,2.494966745376587,-0.5643479228019714,0.5266051888465881,2.691732168197632,-0.6168783903121948,0.8898159265518188,2.8672592639923096,-0.6790627837181091,1.0234127044677734,2.8079092502593994,-0.6794654726982117,0.1426219493150711,2.5880820751190186,-0.7538236379623413,0.5933895707130432,2.6150872707366943,-0.8063328862190247,0.9938061237335205,2.664083242416382,-0.8783360123634338,1.0992538928985596,2.5695648193359375,-0.7297497987747192,-0.5466266870498657,2.4600443840026855,-0.7378876209259033,-0.594250500202179,2.455411195755005,-0.7044627666473389,-0.6362118124961853,2.4721052646636963,-0.6180034279823303,-0.634667158126831,2.538252353668213,-0.7577471137046814,-0.6292933821678162,2.4945807456970215,-0.7689758539199829,-0.6150649785995483,2.601933002471924,-0.6136603951454163,0.9663539528846741,2.945551633834839,-0.7998349666595459,1.092129111289978,2.711921453475952
-0.594144880771637,0.1310097575187683,2.5453054904937744,-0.6218729615211487,-0.050643518567085266,2.541473627090454,-0.6523364186286926,-0.2318839579820633,2.5391674041748047,-0.682800829410553,-0.4131298363208771,2.5368611812591553,-0.6407831907272339,-0.4208691716194153,2.5104517936706543,-0.5115867853164673,-0.4415561556816101,2.429605007171631,-0.4253966808319092,-0.3393133580684662,2.191631555557251,-0.4041847884654999,-0.33872896432876587,1.9300177097320557,-0.39994239807128906,-0.33861207962036133,1.8776949644088745,-0.3914576470851898,-0.33837834000587463,1.7730494737625122,-0.44821467995643616,-0.3039565980434418,1.821191430091858,-0.7251495122909546,-0.40736040472984314,2.5632452964782715,-0.8543459177017212,-0.3866734206676483,2.644092082977295,-0.8652921915054321,-0.1159391701221466,2.6772098541259766,-0.8818519115447998,0.14509880542755127,2.6990504264831543,-0.8851638436317444,0.19730639457702637,2.703418493270874,-0.8917877078056335,0.30172157287597656,2.7121546268463135,-0.8345977067947388,0.25561466813087463,2.675722360610962,-0.5077561140060425,0.11884108930826187,2.49704647064209,-0.5590746998786926,0.5293394327163696,2.692798137664795,-0.6053262948989868,0.8947503566741943,2.8655288219451904,-0.6680502891540527,1.02809739112854,2.80617356300354,-0.6805336475372314,0.14317841827869415,2.593564510345459,-0.7483120560646057,0.595123827457428,2.6183152198791504,-0.7973109483718872,0.9968056678771973,2.6601598262786865,-0.8701815009117126,1.1008594036102295,2.564758062362671,-0.7324748039245605,-0.5448843240737915,2.4599530696868896,-0.7405286431312561,-0.5924121141433716,2.454960346221924,-0.7069031000137329,-0.6343803405761719,2.4709360599517822,-0.6199780106544495,-0.6332352161407471,2.536207437515259,-0.7599172592163086,-0.6278117299079895,2.493924140930176,-0.7701848745346069,-0.6146240830421448,2.6013407707214355,-0.5998354554176331,0.9721050262451172,2.9428908824920654,-0.7893537282943726,1.0960149765014648,2.7059085369110107
-0.5962713956832886,0.1319291591644287,2.555363655090332,-0.6243259906768799,-0.04964005947113037,2.5496718883514404,-0.6549277305603027,-0.23083721101284027,2.5454342365264893,-0.6855303645133972,-0.41203975677490234,2.541196346282959,-0.6441746354103088,-0.41939330101013184,2.5136489868164062,-0.5163659453392029,-0.4389970302581787,2.428926467895508,-0.4252336621284485,-0.30818867683410645,2.2069005966186523,-0.46029722690582275,-0.337039589881897,1.9480317831039429,-0.46730995178222656,-0.3428097665309906,1.896257996559143,-0.4813353717327118,-0.35435011982917786,1.792710542678833,-0.524042010307312,-0.3098390996456146,1.8469010591506958,-0.727218747138977,-0.4066557288169861,2.568697690963745,-0.855027437210083,-0.3870519995689392,2.6534202098846436,-0.8609025478363037,-0.11495456099510193,2.678715467453003,-0.8690844774246216,0.14694520831108093,2.699122667312622,-0.8707208633422852,0.19932515919208527,2.7032041549682617,-0.8739936351776123,0.3040850758552551,2.711367130279541,-0.8193860650062561,0.25600725412368774,2.673311233520508,-0.5109249353408813,0.12031746655702591,2.505108594894409,-0.551696240901947,0.5347151160240173,2.6948812007904053,-0.5903832316398621,0.9048930406570435,2.8589682579040527,-0.6540468335151672,1.0370187759399414,2.7979655265808105,-0.6816178560256958,0.14354084432125092,2.605618715286255,-0.7407559752464294,0.5969876050949097,2.6226484775543213,-0.7843723297119141,1.0002758502960205,2.6528000831604004,-0.8580535054206848,1.1021314859390259,2.555701732635498,-0.7355789542198181,-0.5422543883323669,2.462435245513916,-0.7436583042144775,-0.589617133140564,2.456681966781616,-0.7100056409835815,-0.6317934989929199,2.471728801727295,-0.6228551268577576,-0.6317777633666992,2.5364344120025635,-0.7628117203712463,-0.6256223320960999,2.4950814247131348,-0.7724723219871521,-0.6142928004264832,2.602600574493408,-0.5820577144622803,0.9842438101768494,2.9339981079101562,-0.7743507027626038,1.1007534265518188,2.695216655731201
-0.597602128982544,0.1310632824897766,2.570193290710449,-0.6255612969398499,-0.05048340559005737,2.5630085468292236,-0.6559802293777466,-0.23168101906776428,2.5571227073669434,-0.6864000558853149,-0.41288405656814575,2.551236629486084,-0.6442907452583313,-0.4201083779335022,2.5248117446899414,-0.5140182375907898,-0.43933621048927307,2.4434800148010254,-0.3981405794620514,-0.2826346158981323,2.2516286373138428,-0.45763927698135376,-0.30373242497444153,1.9963595867156982,-0.46953901648521423,-0.30795198678970337,1.9453058242797852,-0.4933384954929352,-0.31639111042022705,1.8431981801986694,-0.5273381471633911,-0.26945430040359497,1.901419758796692,-0.7288399934768677,-0.40762919187545776,2.5775973796844482,-0.8591125011444092,-0.3884013593196869,2.6589291095733643,-0.8618293404579163,-0.11588427424430847,2.6816673278808594,-0.8652894496917725,0.14625364542007446,2.7021431922912598,-0.8659814596176147,0.19868123531341553,2.706238269805908,-0.8673654794692993,0.30353641510009766,2.714428663253784,-0.8127821683883667,0.25437280535697937,2.6776537895202637,-0.5109054446220398,0.1196095198392868,2.5222349166870117,-0.5508449673652649,0.5383344292640686,2.7022881507873535,-0.5888862609863281,0.9124244451522827,2.857264995574951,-0.6501486301422119,1.0437031984329224,2.792168140411377,-0.6842988133430481,0.14251704514026642,2.6181516647338867,-0.7382364273071289,0.5967857837677002,2.626842737197876,-0.7770968079566956,1.000921607017517,2.6507680416107178,-0.846759557723999,1.1024823188781738,2.5504820346832275,-0.7346916794776917,-0.54221510887146,2.470158576965332,-0.7428349256515503,-0.589464545249939,2.4638428688049316,-0.7098932266235352,-0.6318960785865784,2.479599952697754,-0.6247931122779846,-0.6327851414680481,2.546865463256836,-0.7633154392242432,-0.6255996227264404,2.501375436782837,-0.776155948638916,-0.614945113658905,2.608562469482422,-0.5811458826065063,0.9933615326881409,2.9306228160858154,-0.7668293714523315,1.1017799377441406,2.692171812057495
-0.5993480682373047,0.1302098035812378,2.583172082901001,-0.626909077167511,-0.05137075483798981,2.5747878551483154,-0.656814455986023,-0.23262950778007507,2.5675535202026367,-0.6867207288742065,-0.4138936996459961,2.560318946838379,-0.6437618732452393,-0.42099425196647644,2.535250186920166,-0.5108661651611328,-0.4398415684700012,2.4581122398376465,-0.3745400309562683,-0.26832133531570435,2.294384002685547,-0.4463043510913849,-0.2769792079925537,2.0415167808532715,-0.4606572091579437,-0.2787107825279236,1.9909433126449585,-0.4893629252910614,-0.28217393159866333,1.8897963762283325,-0.5182916522026062,-0.2357761561870575,1.9511239528656006,-0.730004608631134,-0.40876325964927673,2.5853090286254883,-0.8629003763198853,-0.38991594314575195,2.662446975708008,-0.8649753332138062,-0.11725905537605286,2.6840081214904785,-0.8664359450340271,0.1448386013507843,2.705679178237915,-0.8667280673980713,0.1972581297159195,2.7100133895874023,-0.8673123121261597,0.3020972013473511,2.718681812286377,-0.8121262192726135,0.2525486350059509,2.6833245754241943,-0.511192262172699,0.11892107874155045,2.5378670692443848,-0.5512579679489136,0.5410264730453491,2.70953631401062,-0.588994562625885,0.9178446531295776,2.857577323913574,-0.6474237442016602,1.04861319065094,2.789029836654663,-0.6875038743019104,0.14149853587150574,2.628477096557617,-0.736850917339325,0.5962610244750977,2.6305956840515137,-0.7711280584335327,1.0009170770645142,2.6508629322052,-0.8363690376281738,1.1026906967163086,2.5479118824005127,-0.7317944169044495,-0.5428653359413147,2.477010726928711,-0.739657998085022,-0.5900692939758301,2.4702117443084717,-0.7073280215263367,-0.6325234174728394,2.487035036087036,-0.624884843826294,-0.6336315870285034,2.5574417114257812,-0.7615140080451965,-0.6263408660888672,2.5067808628082275,-0.7784117460250854,-0.6161141991615295,2.6133878231048584,-0.5820969939231873,0.9998611807823181,2.9297735691070557,-0.7608067989349365,1.1018779277801514,2.6919357776641846
-0.6022695899009705,0.12905707955360413,2.5991692543029785,-0.6292563080787659,-0.05259940028190613,2.589707612991333,-0.6584893465042114,-0.23395781219005585,2.5812554359436035,-0.6877232789993286,-0.4153216481208801,2.572803020477295,-0.6438257694244385,-0.42231830954551697,2.549360990524292,-0.5080488920211792,-0.44084370136260986,2.4772567749023438,-0.35635167360305786,-0.26121002435684204,2.337501049041748,-0.4370293915271759,-0.26585566997528076,2.087226390838623,-0.4531649351119995,-0.26678478717803955,2.0371713638305664,-0.48543602228164673,-0.2686430513858795,1.9370615482330322,-0.511313796043396,-0.22235283255577087,1.9998178482055664,-0.7319385409355164,-0.4102962017059326,2.5961532592773438,-0.8677153587341309,-0.3917708098888397,2.668257474899292,-0.8702573180198669,-0.11913889646530151,2.690106153488159,-0.8712337613105774,0.14277583360671997,2.71393084526062,-0.8714290261268616,0.19515877962112427,2.718695878982544,-0.8718196153640747,0.29992467164993286,2.7282257080078125,-0.8156124353408813,0.2503848075866699,2.6945011615753174,-0.5125322937965393,0.11792320758104324,2.556981086730957,-0.5537552237510681,0.5425100922584534,2.7218949794769287,-0.5917603969573975,0.921012282371521,2.8652889728546143,-0.6468387246131897,1.0516841411590576,2.793910026550293,-0.6920068860054016,0.1401909440755844,2.641357421875,-0.737446665763855,0.5952657461166382,2.637878894805908,-0.7677021622657776,1.0002670288085938,2.65600848197937,-0.8281006813049316,1.1024906635284424,2.5506234169006348,-0.7285662293434143,-0.544293224811554,2.487457275390625,-0.7359524965286255,-0.5914968848228455,2.4802656173706055,-0.7042737007141113,-0.6338452696800232,2.4984655380249023,-0.6250892281532288,-0.6347597241401672,2.5724592208862305,-0.7592881321907043,-0.6278728246688843,2.515768051147461,-0.7809633612632751,-0.6178378462791443,2.6214823722839355,-0.5860693454742432,1.0036224126815796,2.936879873275757,-0.7576544880867004,1.101192831993103,2.6971800327301025
-0.6054903864860535,0.12914344668388367,2.6121113300323486,-0.6317822933197021,-0.05259792506694794,2.6013753414154053,-0.6601443886756897,-0.2340741604566574,2.5914547443389893,-0.6885073184967041,-0.41555583477020264,2.581533670425415,-0.6435249447822571,-0.4224315285682678,2.560173988342285,-0.5044187307357788,-0.4405822455883026,2.494511127471924,-0.3372806906700134,-0.25574061274528503,2.3815295696258545,-0.4204156994819641,-0.2539588212966919,2.131922721862793,-0.4370427131652832,-0.2536024749279022,2.0820014476776123,-0.470296710729599,-0.2528897523880005,1.9821586608886719,-0.4948217272758484,-0.2074580043554306,2.0461130142211914,-0.7337980270385742,-0.41065263748168945,2.60278582572937,-0.8729042410850525,-0.39250192046165466,2.6684486865997314,-0.877731442451477,-0.11993992328643799,2.691965103149414,-0.8808752298355103,0.1418617069721222,2.7178144454956055,-0.8815039992332458,0.19422203302383423,2.7229843139648438,-0.882761538028717,0.2989426851272583,2.7333240509033203,-0.8247972726821899,0.24986228346824646,2.7019081115722656,-0.5139262080192566,0.11815259605646133,2.5739309787750244,-0.5566889047622681,0.5451413989067078,2.732004165649414,-0.5951808094978333,0.9251082539558411,2.8712387084960938,-0.6458750367164612,1.055916666984558,2.796950340270996,-0.6970545649528503,0.1401343047618866,2.650291681289673,-0.7385973334312439,0.5954694747924805,2.641385316848755,-0.7651370167732239,1.0007643699645996,2.657949686050415,-0.8196806907653809,1.1035338640213013,2.549954652786255,-0.7238967418670654,-0.5445611476898193,2.4938783645629883,-0.7306400537490845,-0.5917807221412659,2.4862220287323,-0.699823796749115,-0.6340010762214661,2.5060982704162598,-0.6248941421508789,-0.6346591711044312,2.584378242492676,-0.7557373046875,-0.6283210515975952,2.520312786102295,-0.7833157777786255,-0.6185658574104309,2.6246533393859863,-0.5911133885383606,1.0081610679626465,2.942413091659546,-0.75580233335495,1.1016061305999756,2.699469566345215
-0.6080102920532227,0.1293312907218933,2.6230416297912598,-0.6333283185958862,-0.05253404378890991,2.610780954360962,-0.6605820655822754,-0.23416152596473694,2.599161386489868,-0.6878366470336914,-0.4157944917678833,2.587541341781616,-0.6416661739349365,-0.4225354790687561,2.568779230117798,-0.49904000759124756,-0.4402533769607544,2.5112006664276123,-0.31771379709243774,-0.2523171901702881,2.429466724395752,-0.3966178297996521,-0.24162834882736206,2.178687334060669,-0.41239863634109497,-0.2394905835390091,2.1285314559936523,-0.4439602494239807,-0.23521503806114197,2.028219699859619,-0.46901512145996094,-0.1915159374475479,2.093177556991577,-0.73430335521698,-0.41102755069732666,2.6061770915985107,-0.876929521560669,-0.39330965280532837,2.6637556552886963,-0.8848775029182434,-0.12099933624267578,2.689514636993408,-0.8916701078414917,0.1406480073928833,2.7164394855499268,-0.8930286169052124,0.19297747313976288,2.7218244075775146,-0.8957456350326538,0.2976364195346832,2.7325942516326904,-0.8356307148933411,0.24917970597743988,2.7043979167938232,-0.5144472718238831,0.1185411885380745,2.589888572692871,-0.5594231486320496,0.5479094982147217,2.7405478954315186,-0.5989487171173096,0.929114818572998,2.8758914470672607,-0.6442106366157532,1.0601824522018433,2.7986562252044678,-0.7015733122825623,0.14012140035629272,2.6561946868896484,-0.7397526502609253,0.5955915451049805,2.643254280090332,-0.7634850144386292,1.0009971857070923,2.6600077152252197,-0.8111215233802795,1.1046414375305176,2.5496389865875244,-0.7160844206809998,-0.5448439121246338,2.497401237487793,-0.721922755241394,-0.5920923948287964,2.489206552505493,-0.6922410130500793,-0.6341297030448914,2.511091947555542,-0.6229187250137329,-0.6344204545021057,2.594376802444458,-0.7490455508232117,-0.6288991570472717,2.52140474319458,-0.7838649153709412,-0.6196006536483765,2.623596668243408,-0.597036600112915,1.0124940872192383,2.9467508792877197,-0.7555169463157654,1.1015843152999878,2.7023818492889404
-0.6128464937210083,0.12851345539093018,2.6426193714141846,-0.6371768712997437,-0.0535588413476944,2.6291298866271973,-0.6632283926010132,-0.235423743724823,2.616063356399536,-0.6892806887626648,-0.41729408502578735,2.602996587753296,-0.6418911814689636,-0.4239760637283325,2.5874054431915283,-0.49586838483810425,-0.4414677023887634,2.5397255420684814,-0.3031962215900421,-0.252966970205307,2.4933152198791504,-0.37368422746658325,-0.23041009902954102,2.2409508228302,-0.3877818286418915,-0.22589872777462006,2.1904778480529785,-0.41597703099250793,-0.21687598526477814,2.0895321369171143,-0.44272544980049133,-0.17582586407661438,2.1554861068725586,-0.7369533777236938,-0.41258883476257324,2.61844539642334,-0.8829761743545532,-0.39509719610214233,2.6661252975463867,-0.8951690196990967,-0.12316015362739563,2.692781925201416,-0.9064372181892395,0.13819298148155212,2.719850540161133,-0.908690869808197,0.1904636025428772,2.725264310836792,-0.9131981134414673,0.29500484466552734,2.7360918521881104,-0.8508209586143494,0.247260183095932,2.712007522583008,-0.5172731280326843,0.11774201691150665,2.615623712539673,-0.5644548535346985,0.5508934855461121,2.754096746444702,-0.6053025126457214,0.9346137046813965,2.8815436363220215,-0.6440261006355286,1.065162181854248,2.800037145614624,-0.7084198594093323,0.1392848938703537,2.6696150302886963,-0.7434062361717224,0.5948667526245117,2.6540539264678955,-0.7651923894882202,1.0002533197402954,2.672481060028076,-0.8047503232955933,1.1050848960876465,2.5600922107696533,-0.7092162370681763,-0.5466959476470947,2.5111961364746094,-0.7140365242958069,-0.5939940810203552,2.5026731491088867,-0.6859330534934998,-0.6357678174972534,2.526991128921509,-0.6235951781272888,-0.6353992223739624,2.615605592727661,-0.7434136867523193,-0.6309304237365723,2.5326547622680664,-0.7864570617675781,-0.6216931343078613,2.63165283203125,-0.6060104966163635,1.019004225730896,2.9511947631835938,-0.7592684626579285,1.1004383563995361,2.7160863876342773
-0.618257999420166,0.12849178910255432,2.65287446975708,-0.6411221623420715,-0.05389779806137085,2.6383373737335205,-0.6654015779495239,-0.2361256629228592,2.6240689754486084,-0.6896817684173584,-0.41835901141166687,2.609800338745117,-0.6412081718444824,-0.4248823821544647,2.597679376602173,-0.49251097440719604,-0.4418094754219055,2.560835838317871,-0.2948072552680969,-0.25366324186325073,2.5475709438323975,-0.3570387363433838,-0.22555959224700928,2.29386568069458,-0.3694850206375122,-0.21993885934352875,2.2431247234344482,-0.39437761902809143,-0.2086973935365677,2.1416425704956055,-0.4235841631889343,-0.1694789081811905,2.2075674533843994,-0.738419234752655,-0.4138162434101105,2.6217658519744873,-0.8871164321899414,-0.3968891501426697,2.658609390258789,-0.9030811190605164,-0.1254402995109558,2.6854865550994873,-0.9181053638458252,0.13544830679893494,2.7126963138580322,-0.921110212802887,0.18762601912021637,2.7181382179260254,-0.9271199107170105,0.29198145866394043,2.7290220260620117,-0.8628799319267273,0.2448098361492157,2.709393262863159,-0.5209628343582153,0.1179143562912941,2.632556915283203,-0.5697328448295593,0.5538288950920105,2.7609481811523438,-0.6113462448120117,0.9385363459587097,2.8846936225891113,-0.6427507996559143,1.0694102048873901,2.800699234008789,-0.7155531644821167,0.13906922936439514,2.673192024230957,-0.746351957321167,0.5947490930557251,2.6561145782470703,-0.7659883499145508,0.99998939037323,2.6770689487457275,-0.7967198491096497,1.1062020063400269,2.563298463821411,-0.6990264654159546,-0.5484195351600647,2.5172736644744873,-0.7023032307624817,-0.5958177447319031,2.508603096008301,-0.6759297847747803,-0.6370348930358887,2.535642623901367,-0.6220797300338745,-0.6353137493133545,2.629629135131836,-0.7337499260902405,-0.6330919861793518,2.5359396934509277,-0.7859035730361938,-0.624142050743103,2.6304707527160645,-0.6147491931915283,1.0231475830078125,2.9539401531219482,-0.7622900009155273,1.0996652841567993,2.7219772338867188
-0.6236053705215454,0.13020703196525574,2.657785177230835,-0.6446592807769775,-0.052496373653411865,2.6423332691192627,-0.6668572425842285,-0.23507779836654663,2.6270415782928467,-0.689055860042572,-0.41766470670700073,2.6117494106292725,-0.6397503614425659,-0.4239564538002014,2.603193521499634,-0.4894167482852936,-0.4400753676891327,2.5774223804473877,-0.2927507162094116,-0.2517956495285034,2.593682289123535,-0.3444026708602905,-0.22466601431369781,2.3379971981048584,-0.35473304986953735,-0.21924008429050446,2.286860227584839,-0.3753938376903534,-0.20838822424411774,2.1845862865448,-0.408170610666275,-0.1699410229921341,2.249086618423462,-0.7386026382446289,-0.4133574366569519,2.6201393604278564,-0.8889362812042236,-0.39723852276802063,2.6459105014801025,-0.9081693887710571,-0.12648919224739075,2.6726696491241455,-0.9263620376586914,0.13367915153503418,2.7002429962158203,-0.9300005435943604,0.1857128143310547,2.7057576179504395,-0.937277615070343,0.2897801399230957,2.7167868614196777,-0.8716682195663452,0.24309980869293213,2.701648712158203,-0.5250366926193237,0.11999373137950897,2.6442432403564453,-0.5750612020492554,0.5576351284980774,2.7649459838867188,-0.6176823377609253,0.941972553730011,2.8885953426361084,-0.6417415142059326,1.0737817287445068,2.803844451904297,-0.7221740484237671,0.1404203325510025,2.6713271141052246,-0.7484047412872314,0.5960691571235657,2.6540753841400146,-0.7661269307136536,1.0009417533874512,2.67826509475708,-0.7879073619842529,1.1085927486419678,2.563931941986084,-0.6871715188026428,-0.5485779047012329,2.5199673175811768,-0.6887495517730713,-0.5960950255393982,2.5114657878875732,-0.6643396019935608,-0.6366034746170044,2.541281223297119,-0.6197523474693298,-0.6331570148468018,2.6399576663970947,-0.7219871282577515,-0.6337487697601318,2.5360260009765625,-0.7830869555473328,-0.625068724155426,2.6250674724578857,-0.6238696575164795,1.0261486768722534,2.958062171936035,-0.7647742033004761,1.100015640258789,2.7244393825531006
-0.6261070966720581,0.1353505551815033,2.6559762954711914,-0.6453777551651001,-0.04764547944068909,2.639833688735962,-0.6654974818229675,-0.23055434226989746,2.623739242553711,-0.6856178045272827,-0.41346871852874756,2.6076440811157227,-0.6356037855148315,-0.4197467863559723,2.604949474334717,-0.4859903156757355,-0.4355192482471466,2.5971667766571045,-0.30425113439559937,-0.24310395121574402,2.6546711921691895,-0.3420274555683136,-0.2287219613790512,2.3973946571350098,-0.3495827317237854,-0.2258455604314804,2.3459393978118896,-0.3646932542324066,-0.2200927585363388,2.2430288791656494,-0.40342748165130615,-0.18196435272693634,2.3035731315612793,-0.73585045337677,-0.40917864441871643,2.610164165496826,-0.8854639530181885,-0.3934061825275421,2.6179468631744385,-0.9078429937362671,-0.12483775615692139,2.6449596881866455,-0.9292154908180237,0.13305678963661194,2.6742618083953857,-0.933489978313446,0.1846356987953186,2.680122137069702,-0.9420389533042908,0.28779351711273193,2.691843032836914,-0.8755324482917786,0.24161821603775024,2.6838152408599854,-0.5265673995018005,0.12508365511894226,2.653535842895508,-0.5691676139831543,0.5651062726974487,2.7628328800201416,-0.6069506406784058,0.9468792676925659,2.8919763565063477,-0.617169201374054,1.0811660289764404,2.8092072010040283,-0.7256467938423157,0.14561745524406433,2.658416748046875,-0.739142894744873,0.6005802154541016,2.6440210342407227,-0.7499390840530396,1.003902554512024,2.6767427921295166,-0.7560260891914368,1.1144592761993408,2.5639233589172363,-0.6683344841003418,-0.5467821359634399,2.520430326461792,-0.668019711971283,-0.594612717628479,2.51301646232605,-0.6477847099304199,-0.6340747475624084,2.5472609996795654,-0.6184328198432922,-0.6275205612182617,2.651585817337036,-0.7041530609130859,-0.6322917938232422,2.533364772796631,-0.7781432867050171,-0.6224688291549683,2.612213611602783,-0.6161388158798218,1.0293747186660767,2.962613821029663,-0.7515088319778442,1.101491093635559,2.7252564430236816
-0.63016676902771,0.13962331414222717,2.648179054260254,-0.6472095847129822,-0.043611347675323486,2.6316187381744385,-0.6649523377418518,-0.2267809957265854,2.615074396133423,-0.6826956272125244,-0.409956157207489,2.598529577255249,-0.632553219795227,-0.41587474942207336,2.5990684032440186,-0.4840146005153656,-0.43043088912963867,2.6009273529052734,-0.31836920976638794,-0.22723370790481567,2.6644556522369385,-0.3422701060771942,-0.23267558217048645,2.4062447547912598,-0.347050279378891,-0.23376396298408508,2.354602575302124,-0.35661062598228455,-0.23594070971012115,2.2513182163238525,-0.40055519342422485,-0.1962881088256836,2.3066577911376953,-0.7330308556556702,-0.4060283899307251,2.597810983657837,-0.881569504737854,-0.3914722800254822,2.595952033996582,-0.9084225296974182,-0.12440505623817444,2.622734785079956,-0.9343196749687195,0.13197007775306702,2.652313470840454,-0.9394990801811218,0.18324510753154755,2.658229112625122,-0.9498579502105713,0.2857951521873474,2.670060634613037,-0.8827519416809082,0.2405553013086319,2.666053533554077,-0.5305662751197815,0.13003520667552948,2.651765823364258,-0.5724942088127136,0.570096492767334,2.7588021755218506,-0.6120122671127319,0.9489800930023193,2.8942174911499023,-0.6160330772399902,1.085014820098877,2.814187526702881,-0.7297672629356384,0.14921142160892487,2.64459228515625,-0.7408130168914795,0.6037969589233398,2.6346611976623535,-0.7523277401924133,1.0060001611709595,2.674053907394409,-0.7511447072029114,1.1184821128845215,2.5632712841033936,-0.6567288041114807,-0.5443543195724487,2.514846086502075,-0.6551984548568726,-0.5923309326171875,2.508178949356079,-0.637234091758728,-0.6310787796974182,2.544551134109497,-0.616382896900177,-0.6226758360862732,2.650906801223755,-0.6923959851264954,-0.6302818059921265,2.5261545181274414,-0.7726749777793884,-0.6204177141189575,2.598783254623413,-0.6238446831703186,1.029929757118225,2.9660325050354004,-0.7565603256225586,1.1025738716125488,2.7241122722625732
-0.6342616677284241,0.14294299483299255,2.6444454193115234,-0.6493052244186401,-0.04049012064933777,2.6277875900268555,-0.6649290919303894,-0.2238730788230896,2.611111640930176,-0.6805534362792969,-0.40726152062416077,2.594435214996338,-0.6305068135261536,-0.412880539894104,2.598207712173462,-0.4836787283420563,-0.42641890048980713,2.609522581100464,-0.3366079330444336,-0.2137361317873001,2.681135892868042,-0.3454328775405884,-0.2346479892730713,2.424142360687256,-0.34719786047935486,-0.2388303577899933,2.372743606567383,-0.3507278263568878,-0.24719510972499847,2.2699460983276367,-0.39970141649246216,-0.20754167437553406,2.3202009201049805,-0.7307698130607605,-0.40363574028015137,2.5904812812805176,-0.8775979280471802,-0.39009737968444824,2.5791664123535156,-0.9084470868110657,-0.12447807192802429,2.6012327671051025,-0.9384163618087769,0.13055521249771118,2.6261470317840576,-0.9444102048873901,0.18156187236309052,2.6311299800872803,-0.9563979506492615,0.283575177192688,2.6410956382751465,-0.8891117572784424,0.23920938372612,2.641862392425537,-0.5349955558776855,0.13392668962478638,2.6540849208831787,-0.5757775902748108,0.5744662284851074,2.757625102996826,-0.6174122095108032,0.9514932036399841,2.8963520526885986,-0.615300714969635,1.0885822772979736,2.81838321685791,-0.7335277795791626,0.15195930004119873,2.634805917739868,-0.7428573369979858,0.6061789989471436,2.627307415008545,-0.7560082077980042,1.0074968338012695,2.6708850860595703,-0.7478727698326111,1.121218204498291,2.5618975162506104,-0.6466565728187561,-0.5425336956977844,2.5146141052246094,-0.644081175327301,-0.5906381011009216,2.5086915493011475,-0.628533124923706,-0.6287892460823059,2.5468943119049072,-0.6160456538200378,-0.6188532710075378,2.654590606689453,-0.6821943521499634,-0.6288742423057556,2.5242505073547363,-0.7680858373641968,-0.6190941333770752,2.590433359146118,-0.6319942474365234,1.0314724445343018,2.9685840606689453,-0.7631036639213562,1.1033623218536377,2.721740245819092
-0.6381810903549194,0.14499914646148682,2.6439895629882812,-0.6512881517410278,-0.038570716977119446,2.627065658569336,-0.6648496389389038,-0.222102090716362,2.6100823879241943,-0.6784115433692932,-0.4056389629840851,2.5930986404418945,-0.6287234425544739,-0.41099682450294495,2.6003918647766113,-0.48435890674591064,-0.4236469566822052,2.6218185424804688,-0.3612655997276306,-0.20730453729629517,2.718127965927124,-0.34857434034347534,-0.22605949640274048,2.4625017642974854,-0.34603607654571533,-0.22981049120426178,2.411376476287842,-0.3409595787525177,-0.23731248080730438,2.309126138687134,-0.3958837687969208,-0.20155192911624908,2.355301856994629,-0.7282470464706421,-0.4022759199142456,2.585620641708374,-0.8726115822792053,-0.38962578773498535,2.5641939640045166,-0.9064916968345642,-0.12534624338150024,2.579684257507324,-0.939613401889801,0.12846338748931885,2.5981545448303223,-0.9462377429008484,0.17922531068325043,2.601848602294922,-0.9594864249229431,0.2807491421699524,2.609236717224121,-0.8924815058708191,0.23715293407440186,2.6153523921966553,-0.5397405028343201,0.13646972179412842,2.6602671146392822,-0.5787158012390137,0.5780242681503296,2.758502960205078,-0.6227681636810303,0.9543523788452148,2.8974721431732178,-0.6138988733291626,1.091847538948059,2.8209543228149414,-0.7366216778755188,0.15352857112884521,2.6277120113372803,-0.7446775436401367,0.6074357628822327,2.6211392879486084,-0.760344386100769,1.0081076622009277,2.6668834686279297,-0.7448557019233704,1.1225804090499878,2.5596702098846436,-0.6364006996154785,-0.541313648223877,2.517303466796875,-0.6327587366104126,-0.5895155072212219,2.512007236480713,-0.6198859214782715,-0.6272503137588501,2.5517454147338867,-0.6163269877433777,-0.6163327097892761,2.6602189540863037,-0.671617865562439,-0.6281941533088684,2.52476167678833,-0.7629009485244751,-0.6190069913864136,2.5837647914886475,-0.6404086947441101,1.0339633226394653,2.969301223754883,-0.7707295417785645,1.103507399559021,2.717869281768799
-0.6411846280097961,0.14713990688323975,2.6399660110473633,-0.6522682905197144,-0.03655855357646942,2.6227879524230957,-0.6636583805084229,-0.2202356457710266,2.6055819988250732,-0.675048828125,-0.40391823649406433,2.5883755683898926,-0.6258677244186401,-0.4089488983154297,2.598731279373169,-0.48446518182754517,-0.42052823305130005,2.628736734390259,-0.38809576630592346,-0.1994667947292328,2.739800214767456,-0.3557911515235901,-0.2189943641424179,2.4873178005218506,-0.34933021664619446,-0.2228998839855194,2.436821222305298,-0.3364083766937256,-0.23071090877056122,2.3358283042907715,-0.39662349224090576,-0.1988293081521988,2.3772833347320557,-0.7243537306785583,-0.4008839726448059,2.5778326988220215,-0.8657562732696533,-0.38930463790893555,2.5478272438049316,-0.9014305472373962,-0.12648466229438782,2.5597987174987793,-0.9365496039390564,0.12591251730918884,2.5751147270202637,-0.9435734152793884,0.17639195919036865,2.5781779289245605,-0.9576210379600525,0.27735084295272827,2.5843043327331543,-0.8912660479545593,0.23431658744812012,2.5945940017700195,-0.5438076853752136,0.13920459151268005,2.6619949340820312,-0.5807624459266663,0.581250786781311,2.7575275897979736,-0.6270539164543152,0.9565219283103943,2.8979296684265137,-0.6123635172843933,1.0945580005645752,2.8235013484954834,-0.7385615706443787,0.15507522225379944,2.6179370880126953,-0.7458246946334839,0.6087585687637329,2.6139745712280273,-0.7643253207206726,1.0085904598236084,2.6637368202209473,-0.7426409125328064,1.124333381652832,2.559129476547241,-0.625639021396637,-0.5397016406059265,2.5166397094726562,-0.6209157705307007,-0.5879751443862915,2.5119645595550537,-0.6103559136390686,-0.625336766242981,2.552884340286255,-0.6147528290748596,-0.6136569380760193,2.6614742279052734,-0.6601029634475708,-0.6272335052490234,2.522210121154785,-0.755702793598175,-0.6190310120582581,2.57456374168396,-0.6473811864852905,1.0356003046035767,2.9695398807525635,-0.7777203321456909,1.1032867431640625,2.715193271636963
-0.6443575024604797,0.14927828311920166,2.635894536972046,-0.653645932674408,-0.034527406096458435,2.618513584136963,-0.6631335616111755,-0.21832208335399628,2.601123809814453,-0.672621488571167,-0.40212225914001465,2.583733558654785,-0.6240987181663513,-0.4068887233734131,2.5969579219818115,-0.4862270951271057,-0.41758260130882263,2.6347620487213135,-0.4179202914237976,-0.1931796818971634,2.756178379058838,-0.36443352699279785,-0.21134372055530548,2.5085690021514893,-0.35373616218566895,-0.21497653424739838,2.4590470790863037,-0.3323414623737335,-0.22224214673042297,2.3600034713745117,-0.3974688947200775,-0.19473186135292053,2.3960161209106445,-0.7212473154067993,-0.3993535041809082,2.5703201293945312,-0.8591189384460449,-0.38865962624549866,2.5325160026550293,-0.894523561000824,-0.12705481052398682,2.541106700897217,-0.9295728802680969,0.12420368194580078,2.5530149936676025,-0.9365827441215515,0.17445537447929382,2.555396556854248,-0.9506024718284607,0.2749587893486023,2.560159921646118,-0.885409951210022,0.23203541338443756,2.574401617050171,-0.5483000874519348,0.14183072745800018,2.6633200645446777,-0.583020031452179,0.5844426155090332,2.7562968730926514,-0.6312689781188965,0.9593507051467896,2.896611452102661,-0.6109895706176758,1.0975611209869385,2.823955535888672,-0.7404149174690247,0.15672583878040314,2.608469009399414,-0.7462901473045349,0.6102900505065918,2.6077585220336914,-0.7670026421546936,1.0094034671783447,2.661160469055176,-0.7392871975898743,1.1262943744659424,2.559373378753662,-0.6160739660263062,-0.5378684997558594,2.5164589881896973,-0.6102786064147949,-0.5862053632736206,2.5124645233154297,-0.602029025554657,-0.6232345104217529,2.5543932914733887,-0.6142577528953552,-0.6109347343444824,2.662580966949463,-0.6495761871337891,-0.6261123418807983,2.5202343463897705,-0.748974621295929,-0.6190885305404663,2.5657975673675537,-0.6541117429733276,1.0382499694824219,2.9676015377044678,-0.7831453084945679,1.1034775972366333,2.712890148162842
-0.6489970684051514,0.1501317024230957,2.6371967792510986,-0.656669020652771,-0.03374761343002319,2.61960506439209,-0.664473831653595,-0.21761596202850342,2.601957082748413,-0.6722788214683533,-0.40148982405662537,2.584308624267578,-0.6247024536132812,-0.40609055757522583,2.6006765365600586,-0.4909764528274536,-0.416204571723938,2.646911144256592,-0.45371606945991516,-0.19607916474342346,2.7865076065063477,-0.37326812744140625,-0.1979859620332718,2.5464563369750977,-0.35717853903770447,-0.19836732745170593,2.498445987701416,-0.3249993622303009,-0.19913004338741302,2.402425527572632,-0.39518654346466064,-0.17798984050750732,2.4321413040161133,-0.7199400663375854,-0.3988875150680542,2.5677490234375,-0.8536660671234131,-0.38877350091934204,2.521514415740967,-0.8860815167427063,-0.12753978371620178,2.527587413787842,-0.9184983372688293,0.12337887287139893,2.53702712059021,-0.9249817132949829,0.17356260120868683,2.5389151573181152,-0.93794846534729,0.27393007278442383,2.5426909923553467,-0.874546229839325,0.23033905029296875,2.561025619506836,-0.5547990798950195,0.1430063098669052,2.670595169067383,-0.5861718654632568,0.5869138836860657,2.758254051208496,-0.635520875453949,0.9632879495620728,2.894096851348877,-0.6086071133613586,1.1007392406463623,2.8221869468688965,-0.7431950569152832,0.1572570949792862,2.6037983894348145,-0.7467459440231323,0.6108092665672302,2.6040544509887695,-0.7692902684211731,1.009643316268921,2.6585445404052734,-0.7347254753112793,1.127021312713623,2.559469223022461,-0.6084709167480469,-0.5369128584861755,2.5218167304992676,-0.6016117334365845,-0.5853137969970703,2.518439769744873,-0.5959711074829102,-0.6222199201583862,2.561143398284912,-0.6166297197341919,-0.6098099946975708,2.668384075164795,-0.6408798098564148,-0.6259486675262451,2.523369073867798,-0.7438711524009705,-0.6203747391700745,2.561357259750366,-0.6609417796134949,1.0429288148880005,2.9633476734161377,-0.788326621055603,1.1034619808197021,2.709733009338379
-0.6531163454055786,0.14997291564941406,2.634441375732422,-0.6592891812324524,-0.03395092487335205,2.616743326187134,-0.6654871106147766,-0.21787391602993011,2.599045515060425,-0.6716852188110352,-0.4018024206161499,2.5813469886779785,-0.6252005696296692,-0.40623489022254944,2.6006362438201904,-0.4959802031517029,-0.4157710671424866,2.6544857025146484,-0.4914306700229645,-0.1996738165616989,2.8040175437927246,-0.3864254057407379,-0.18401286005973816,2.5746803283691406,-0.36542436480522156,-0.18088066577911377,2.528812885284424,-0.32342225313186646,-0.174616277217865,2.4370779991149902,-0.3977414667606354,-0.16054624319076538,2.459707736968994,-0.7182372212409973,-0.3993690013885498,2.5618655681610107,-0.8474575877189636,-0.38983282446861267,2.5080161094665527,-0.8741049766540527,-0.1284012496471405,2.512699604034424,-0.9010034799575806,0.12276852130889893,2.5202603340148926,-0.9063831567764282,0.1730024814605713,2.5217723846435547,-0.9171425700187683,0.273470401763916,2.524796724319458,-0.8561267852783203,0.22848497331142426,2.546860456466675,-0.5610328912734985,0.1431337147951126,2.6733994483947754,-0.5885387659072876,0.587926983833313,2.7577598094940186,-0.6382789611816406,0.9654333591461182,2.8902533054351807,-0.6049384474754333,1.1022064685821533,2.819763422012329,-0.7451997995376587,0.15681211650371552,2.5954833030700684,-0.7462080121040344,0.6103567481040955,2.5987308025360107,-0.7705483436584473,1.0086344480514526,2.6563682556152344,-0.729594886302948,1.1269735097885132,2.5609428882598877,-0.6008337736129761,-0.5366142392158508,2.5239081382751465,-0.5928586721420288,-0.5850520730018616,2.5211782455444336,-0.5896949172019958,-0.621902346611023,2.5644357204437256,-0.6184677481651306,-0.6096436381340027,2.6701931953430176,-0.6317835450172424,-0.6265165209770203,2.523348808288574,-0.7377188205718994,-0.6227171421051025,2.5537800788879395,-0.6659725308418274,1.0456777811050415,2.957914352416992,-0.7923129200935364,1.10194730758667,2.7073891162872314
-0.6560779213905334,0.1494220495223999,2.6269285678863525,-0.6606776714324951,-0.034545958042144775,2.60966157913208,-0.6651726365089417,-0.2185293287038803,2.592531204223633,-0.6696677803993225,-0.40251824259757996,2.5754003524780273,-0.6243115067481995,-0.40666890144348145,2.5972394943237305,-0.4997778832912445,-0.41531530022621155,2.657426118850708,-0.5283076167106628,-0.19680887460708618,2.8002922534942627,-0.40298372507095337,-0.1645801067352295,2.5834474563598633,-0.37791895866394043,-0.1581343561410904,2.5400784015655518,-0.32778942584991455,-0.1452428549528122,2.453340530395508,-0.40506821870803833,-0.13991928100585938,2.4682819843292236,-0.7150728702545166,-0.4003673195838928,2.553375005722046,-0.8396064639091492,-0.3917209208011627,2.4931883811950684,-0.8594349026679993,-0.1298639476299286,2.4959206581115723,-0.8792188167572021,0.12184634804725647,2.500032424926758,-0.8831756114959717,0.172188401222229,2.500854730606079,-0.8910892009735107,0.2728725075721741,2.5024993419647217,-0.832761824131012,0.22637104988098145,2.5281732082366943,-0.5661558508872986,0.14306126534938812,2.6707441806793213,-0.5900646448135376,0.5879142880439758,2.755807638168335,-0.640002965927124,0.9654223918914795,2.888183832168579,-0.6010358929634094,1.1020170450210571,2.8202924728393555,-0.7459999918937683,0.15578283369541168,2.583112955093384,-0.7447651624679565,0.6092252731323242,2.5926036834716797,-0.7711375951766968,1.006414771080017,2.6564366817474365,-0.7246923446655273,1.1263835430145264,2.565683603286743,-0.5925543904304504,-0.5367372632026672,2.523364305496216,-0.5835329294204712,-0.5851955413818359,2.5214385986328125,-0.582580029964447,-0.6219058036804199,2.5651659965515137,-0.6186059713363647,-0.6096428632736206,2.6690657138824463,-0.6219046711921692,-0.6274827122688293,2.5212748050689697,-0.7300256490707397,-0.6254441738128662,2.5447075366973877,-0.6696380972862244,1.0457268953323364,2.954939842224121,-0.79541015625,1.0988216400146484,2.70796537399292
-0.6548869013786316,0.14574438333511353,2.6159307956695557,-0.65742027759552,-0.037773072719573975,2.600148916244507,-0.6598466634750366,-0.22130973637104034,2.5845746994018555,-0.662273108959198,-0.40485191345214844,2.569000005722046,-0.619625449180603,-0.4086669385433197,2.5954737663269043,-0.5055438280105591,-0.416201651096344,2.666494607925415,-0.5798110365867615,-0.1879177689552307,2.770052194595337,-0.42334073781967163,-0.1277582049369812,2.582717180252075,-0.3920466899871826,-0.1157262921333313,2.545250177383423,-0.3294585645198822,-0.0916624665260315,2.470316171646118,-0.40737080574035645,-0.10151469707489014,2.469545602798462,-0.7049471735954285,-0.40303170680999756,2.5423572063446045,-0.8190287947654724,-0.39549699425697327,2.4713363647460938,-0.8283646702766418,-0.1342281997203827,2.4735212326049805,-0.8347123861312866,0.11707204580307007,2.4714272022247314,-0.8359819054603577,0.16733209788799286,2.47100830078125,-0.8385210037231445,0.26785218715667725,2.470170736312866,-0.7861594557762146,0.21914978325366974,2.502641201019287,-0.5700846314430237,0.1400430053472519,2.6686158180236816,-0.5922735333442688,0.5841572284698486,2.75709867477417,-0.6455328464508057,0.9616093635559082,2.8879053592681885,-0.5969462990760803,1.0976694822311401,2.825490713119507,-0.7396891713142395,0.15144576132297516,2.5632457733154297,-0.7423059940338135,0.6042971014976501,2.585104465484619,-0.7802428007125854,0.9983643293380737,2.6605288982391357,-0.7260926961898804,1.1220829486846924,2.5797202587127686,-0.5763301849365234,-0.5374143123626709,2.5255444049835205,-0.5659692287445068,-0.5858002305030823,2.524528980255127,-0.5691051483154297,-0.622825026512146,2.5681381225585938,-0.6170814037322998,-0.6118990182876587,2.6676578521728516,-0.603188157081604,-0.6291110515594482,2.519907236099243,-0.7136499881744385,-0.6297093629837036,2.531003475189209,-0.6794814467430115,1.042073369026184,2.952312469482422,-0.8109384179115295,1.0884804725646973,2.71260666847229
-0.6509050130844116,0.14229163527488708,2.612574338912964,-0.6528500914573669,-0.04102259874343872,2.5982677936553955,-0.6548241376876831,-0.2243478000164032,2.584106206893921,-0.656798243522644,-0.407678484916687,2.569944143295288,-0.6156073212623596,-0.41132986545562744,2.598494529724121,-0.5067493319511414,-0.4183448553085327,2.674130439758301,-0.593300461769104,-0.18362334370613098,2.7469193935394287,-0.4230576753616333,-0.1173587292432785,2.575488567352295,-0.38900911808013916,-0.10410580784082413,2.5412023067474365,-0.3209120035171509,-0.07759995758533478,2.472630023956299,-0.39714759588241577,-0.09314260631799698,2.4641366004943848,-0.6980106234550476,-0.4060196876525879,2.5412397384643555,-0.8068686127662659,-0.3990046977996826,2.465603828430176,-0.809158444404602,-0.13847970962524414,2.4678380489349365,-0.8054817914962769,0.11193972826004028,2.4616169929504395,-0.8047464489936829,0.1620236188173294,2.4603726863861084,-0.8032757639884949,0.26219141483306885,2.4578843116760254,-0.7548086643218994,0.21224360167980194,2.493685722351074,-0.5688957571983337,0.1369953602552414,2.6692872047424316,-0.5934569835662842,0.5806590914726257,2.759166717529297,-0.6494033336639404,0.9587504863739014,2.886847496032715,-0.596781313419342,1.0942600965499878,2.826582670211792,-0.7329142689704895,0.14758791029453278,2.555861473083496,-0.7403506636619568,0.600124180316925,2.581836700439453,-0.7865047454833984,0.9925813674926758,2.6607837677001953,-0.7298333048820496,1.1180278062820435,2.5845255851745605,-0.5675886273384094,-0.5393605828285217,2.5297040939331055,-0.5567132234573364,-0.5877041816711426,2.5289130210876465,-0.5614698529243469,-0.6250448226928711,2.5722038745880127,-0.6140735149383545,-0.6151034235954285,2.669628858566284,-0.5933144092559814,-0.6313932538032532,2.522381544113159,-0.7042996883392334,-0.6330907344818115,2.528465509414673,-0.685592770576477,1.0396111011505127,2.949496030807495,-0.8207799196243286,1.0815849304199219,2.7125189304351807
-0.6463209390640259,0.13936415314674377,2.6054763793945312,-0.6477018594741821,-0.043775007128715515,2.592836856842041,-0.6491358280181885,-0.22692763805389404,2.580399990081787,-0.6505698561668396,-0.4100857377052307,2.567962884902954,-0.6107996106147766,-0.41346102952957153,2.5983569622039795,-0.5070185661315918,-0.4196702241897583,2.6778318881988525,-0.5948061943054199,-0.17812561988830566,2.7141122817993164,-0.4172177314758301,-0.12507353723049164,2.546983242034912,-0.3817000389099121,-0.11446312069892883,2.5135574340820312,-0.31066465377807617,-0.09324228763580322,2.4467058181762695,-0.38565966486930847,-0.11153358221054077,2.4357454776763916,-0.690355658531189,-0.40870118141174316,2.537433385848999,-0.7941367030143738,-0.4024919867515564,2.457958459854126,-0.7901191711425781,-0.1429925262928009,2.4612176418304443,-0.7767775654792786,0.10605446994304657,2.4521665573120117,-0.7741092443466187,0.15586386620998383,2.4503562450408936,-0.7687726020812988,0.25548267364501953,2.4467358589172363,-0.7241960167884827,0.2044796645641327,2.4853439331054688,-0.5670921206474304,0.13460460305213928,2.6657838821411133,-0.5950385332107544,0.5776617527008057,2.757598400115967,-0.6552274227142334,0.9554378986358643,2.8842520713806152,-0.599551796913147,1.0909907817840576,2.8269073963165283,-0.7255497574806213,0.14412370324134827,2.545168876647949,-0.7364239692687988,0.5962225794792175,2.5767738819122314,-0.7893544435501099,0.9868694543838501,2.6602730751037598,-0.7302349209785461,1.114050030708313,2.58890962600708,-0.5585132837295532,-0.541030764579773,2.531212568283081,-0.5471622347831726,-0.5893206000328064,2.530818462371826,-0.5533322095870972,-0.6267952919006348,2.573890447616577,-0.6099816560745239,-0.617447018623352,2.6692099571228027,-0.5831042528152466,-0.6333763003349304,2.5227630138397217,-0.6943356394767761,-0.6360931992530823,2.524348258972168,-0.6938489675521851,1.0361789464950562,2.945584774017334,-0.8267044425010681,1.0746915340423584,2.7118940353393555
-0.6415421962738037,0.1367599368095398,2.59804368019104,-0.6423290967941284,-0.04628126323223114,2.587294340133667,-0.6431400179862976,-0.22933879494667053,2.5768284797668457,-0.6439509391784668,-0.41240185499191284,2.566362142562866,-0.6055729389190674,-0.4154038429260254,2.5984387397766113,-0.5067106485366821,-0.42057380080223083,2.6812055110931396,-0.5924713611602783,-0.17661476135253906,2.6856791973114014,-0.4108363389968872,-0.13948503136634827,2.5199246406555176,-0.374509334564209,-0.13205908238887787,2.486773729324341,-0.30185532569885254,-0.11720719188451767,2.4204719066619873,-0.37610292434692383,-0.13715019822120667,2.4092652797698975,-0.682337760925293,-0.41138947010040283,2.5341718196868896,-0.7812000513076782,-0.4062195122241974,2.4514050483703613,-0.7714593410491943,-0.14782246947288513,2.456601142883301,-0.7485179901123047,0.09956280887126923,2.445708990097046,-0.7439297437667847,0.1490398645401001,2.443530559539795,-0.7347531914710999,0.24799397587776184,2.439173698425293,-0.6940869092941284,0.19603005051612854,2.4801862239837646,-0.5651366114616394,0.13269421458244324,2.66168212890625,-0.5967950224876404,0.575120210647583,2.755511999130249,-0.6619804501533508,0.9521242380142212,2.8821072578430176,-0.6038328409194946,1.0880169868469238,2.828077793121338,-0.717947781085968,0.14082565903663635,2.53440523147583,-0.7313862442970276,0.592442512512207,2.5719377994537354,-0.7902347445487976,0.9812651872634888,2.660036563873291,-0.7287455201148987,1.110032558441162,2.5936648845672607,-0.5491858720779419,-0.5424211621284485,2.5328526496887207,-0.5373323559761047,-0.5906264781951904,2.53279709815979,-0.5447538495063782,-0.6282848715782166,2.5755624771118164,-0.6051027178764343,-0.6197168231010437,2.6687493324279785,-0.57252037525177,-0.6350522637367249,2.5232961177825928,-0.6837746500968933,-0.6388909816741943,2.5206615924835205,-0.7030914425849915,1.0324946641921997,2.9423155784606934,-0.8303472995758057,1.0679502487182617,2.71152663230896
-0.6371941566467285,0.13415303826332092,2.5910284519195557,-0.6373776197433472,-0.04887400567531586,2.582573890686035,-0.6375241279602051,-0.2319187968969345,2.574511766433716,-0.637670636177063,-0.4149690568447113,2.5664494037628174,-0.6006373763084412,-0.41747555136680603,2.6000547409057617,-0.5064027309417725,-0.42132216691970825,2.685676336288452,-0.5889414548873901,-0.1780713051557541,2.664475679397583,-0.4051823019981384,-0.15496543049812317,2.4997947216033936,-0.3684304654598236,-0.15034425258636475,2.4668586254119873,-0.29492682218551636,-0.1411018967628479,2.4009861946105957,-0.3686898648738861,-0.16208100318908691,2.3903281688690186,-0.6747055649757385,-0.41445213556289673,2.5327563285827637,-0.7689402103424072,-0.4106055200099945,2.4471347332000732,-0.7542884945869446,-0.15338587760925293,2.4546494483947754,-0.721958577632904,0.092020183801651,2.4423303604125977,-0.7154926061630249,0.1411013901233673,2.439866542816162,-0.7025606632232666,0.23926381766796112,2.434938907623291,-0.6658048033714294,0.18653160333633423,2.4781017303466797,-0.5635862946510315,0.13099849224090576,2.657721519470215,-0.5984405279159546,0.5728410482406616,2.753492593765259,-0.6683746576309204,0.9489377737045288,2.8804540634155273,-0.6080814003944397,1.0852315425872803,2.8298213481903076,-0.7108020186424255,0.13730758428573608,2.5243353843688965,-0.7260724306106567,0.5884085893630981,2.5677690505981445,-0.7900395393371582,0.975455105304718,2.660299777984619,-0.7263433933258057,1.1056102514266968,2.598839282989502,-0.5403972864151001,-0.5439445972442627,2.5359480381011963,-0.5280298590660095,-0.5920377969741821,2.536208152770996,-0.5365086197853088,-0.6298811435699463,2.578639268875122,-0.6001175045967102,-0.6221592426300049,2.669755220413208,-0.5624076724052429,-0.6368290781974792,2.525423049926758,-0.6734980344772339,-0.6418449878692627,2.5189754962921143,-0.711783766746521,1.0288721323013306,2.93965220451355,-0.8325939774513245,1.06108558177948,2.71163010597229
-0.6334455013275146,0.1330689787864685,2.584239959716797,-0.6325486898422241,-0.04995475709438324,2.5777454376220703,-0.6315163969993591,-0.23299401998519897,2.5717263221740723,-0.6304841041564941,-0.41603875160217285,2.565706968307495,-0.594756543636322,-0.41798388957977295,2.600701332092285,-0.5047973990440369,-0.42037728428840637,2.688910722732544,-0.5955567359924316,-0.18056201934814453,2.665724277496338,-0.4135163426399231,-0.12123067677021027,2.508796215057373,-0.37710827589035034,-0.10936440527439117,2.4774105548858643,-0.30429211258888245,-0.08563186973333359,2.4146392345428467,-0.37450677156448364,-0.11471333354711533,2.4002997875213623,-0.6662003993988037,-0.41608309745788574,2.530647039413452,-0.7561595439910889,-0.4136897027492523,2.4424376487731934,-0.7381085753440857,-0.1570563018321991,2.452422857284546,-0.6973236203193665,0.08674359321594238,2.4388744831085205,-0.6891666054725647,0.13550357520580292,2.4361648559570312,-0.672852635383606,0.2330235242843628,2.4307456016540527,-0.6396653652191162,0.17970478534698486,2.4758803844451904,-0.5626220703125,0.1309489607810974,2.6537652015686035,-0.5993865728378296,0.5722767114639282,2.7514820098876953,-0.6723031401634216,0.9479079246520996,2.8783257007598877,-0.6096115112304688,1.0842726230621338,2.8308236598968506,-0.7042689323425293,0.1351889967918396,2.5147147178649902,-0.7206854224205017,0.5857110023498535,2.5640177726745605,-0.7880527377128601,0.9714293479919434,2.6598715782165527,-0.721958339214325,1.1024563312530518,2.60290265083313,-0.5312155485153198,-0.5439095497131348,2.5369460582733154,-0.5184060335159302,-0.5918918251991272,2.537215232849121,-0.5276534557342529,-0.6301077008247375,2.5791568756103516,-0.5937368869781494,-0.6236020922660828,2.6686043739318848,-0.552065372467041,-0.6369273662567139,2.525219202041626,-0.6629039645195007,-0.6429245471954346,2.5157816410064697,-0.7175058722496033,1.0276634693145752,2.936440944671631,-0.832539975643158,1.0563265085220337,2.710812568664551
