x0,y0,z0,x1,y1,z1,x2,y2,z2,x3,y3,z3,x4,y4,z4,x5,y5,z5,x6,y6,z6,x7,y7,z7,x8,y8,z8,x9,y9,z9,x10,y10,z10,x11,y11,z11,x12,y12,z12,x13,y13,z13,x14,y14,z14,x15,y15,z15,x16,y16,z16,x17,y17,z17,x18,y18,z18,x19,y19,z19,x20,y20,z20,x21,y21,z21,x22,y22,z22,x23,y23,z23,x24,y24,z24,x25,y25,z25,x26,y26,z26,x27,y27,z27,x28,y28,z28,x29,y29,z29,x30,y30,z30,x31,y31,z31,x32,y32,z32,x33,y33,z33
-0.289537638425827,0.507895827293396,2.868356943130493,-0.22035416960716248,0.3815189301967621,2.92940616607666,-0.15291854739189148,0.2546907067298889,2.991466999053955,-0.08548091351985931,0.12785868346691132,3.0535295009613037,-0.056702882051467896,0.1266457736492157,3.0219244956970215,0.03519909828901291,0.12495192140340805,2.9186015129089355,-0.10937043279409409,0.3217766582965851,2.8565430641174316,-0.3019963800907135,0.42033645510673523,2.747534990310669,-0.34052157402038574,0.4400484263896942,2.7257332801818848,-0.4175719618797302,0.4794723391532898,2.6821300983428955,-0.4103902578353882,0.4519849717617035,2.7522881031036377,-0.11352597177028656,0.1276930868625641,3.0858092308044434,-0.20542794466018677,0.12938693165779114,3.1891322135925293,-0.3727501630783081,0.3177034854888916,3.1947662830352783,-0.5804026126861572,0.4348611831665039,3.151684284210205,-0.621933102607727,0.45829272270202637,3.1430678367614746,-0.7049940824508667,0.5051558017730713,3.1258349418640137,-0.6412513256072998,0.5029373168945312,3.0850770473480225,-0.2310049831867218,0.5095446109771729,2.80543851852417,-0.5642330646514893,0.5970112085342407,2.611793279647827,-0.49497151374816895,0.9336347579956055,2.6845717430114746,-0.5654963254928589,1.0467826128005981,2.6522648334503174,-0.34807029366493225,0.5062470436096191,2.9312753677368164,-0.7273678779602051,0.5670596361160278,2.8384041786193848,-0.6998643279075623,0.9138413071632385,2.887346029281616,-0.7945961356163025,1.0121852159500122,2.8741447925567627,-0.13771432638168335,-0.048528432846069336,3.04036283493042,-0.1348751187324524,-0.10299902409315109,3.0516929626464844,-0.08162034302949905,-0.13890600204467773,3.0574615001678467,0.037823110818862915,-0.10405970364809036,3.069056749343872,-0.12340399622917175,-0.13037553429603577,3.108943223953247,-0.08056389540433884,-0.07989003509283066,3.214921474456787,-0.4483760595321655,1.0081267356872559,2.719600200653076,-0.659119188785553,0.9966539144515991,2.908060312271118
-0.2883789837360382,0.5065769553184509,2.867821455001831,-0.21975475549697876,0.38055697083473206,2.9302284717559814,-0.15276360511779785,0.2540862560272217,2.993492364883423,-0.08577045053243637,0.12761175632476807,3.056758165359497,-0.05689455568790436,0.12609641253948212,3.025254964828491,0.03533557802438736,0.12341798096895218,2.922236442565918,-0.10740839689970016,0.3209918141365051,2.8583168983459473,-0.29925423860549927,0.4193197786808014,2.7477126121520996,-0.3376234173774719,0.4389853775501251,2.7255916595458984,-0.41436174511909485,0.4783165752887726,2.681349992752075,-0.40751996636390686,0.4515112638473511,2.7518086433410645,-0.11391820013523102,0.12775243818759918,3.0889487266540527,-0.20614832639694214,0.13043087720870972,3.191967248916626,-0.3756706118583679,0.3167925477027893,3.197305679321289,-0.5839257836341858,0.43327653408050537,3.1552605628967285,-0.6255767941474915,0.45657333731651306,3.1468515396118164,-0.7088788747787476,0.503166913986206,3.130033493041992,-0.6452962160110474,0.5012362003326416,3.089005708694458,-0.22976373136043549,0.5073676109313965,2.8049633502960205,-0.5638405680656433,0.5924721956253052,2.6117403507232666,-0.4883856177330017,0.9282037615776062,2.6824264526367188,-0.5571719408035278,1.0423822402954102,2.6500062942504883,-0.34699422121047974,0.5057862997055054,2.9306795597076416,-0.7247021794319153,0.5631011724472046,2.8295016288757324,-0.6972219347953796,0.9110449552536011,2.869321346282959,-0.7914829850196838,1.0091629028320312,2.851797580718994,-0.1378232091665268,-0.048948198556900024,3.045222759246826,-0.1349172443151474,-0.10331249237060547,3.0570433139801025,-0.08161824941635132,-0.13910944759845734,3.0630998611450195,0.03779853880405426,-0.10403016954660416,3.0742974281311035,-0.123377226293087,-0.13015849888324738,3.114532470703125,-0.08051857352256775,-0.07866916805505753,3.2200231552124023,-0.4403052031993866,1.0020548105239868,2.7167952060699463,-0.6566414833068848,0.994320273399353,2.8884358406066895
-0.2893703877925873,0.5068029165267944,2.8674912452697754,-0.2204481065273285,0.3808251619338989,2.929658889770508,-0.1532227098941803,0.25440266728401184,2.992774724960327,-0.08599530160427094,0.12797638773918152,3.0558924674987793,-0.05722083896398544,0.12645061314105988,3.024296522140503,0.03469537943601608,0.12373694777488708,2.920959949493408,-0.10954213887453079,0.3197060227394104,2.855194568634033,-0.3014789819717407,0.4165874719619751,2.7433266639709473,-0.3398663401603699,0.4359637498855591,2.7209529876708984,-0.41664108633995056,0.47471633553504944,2.67620587348938,-0.40997815132141113,0.44817402958869934,2.7468044757843018,-0.11403908580541611,0.1281280666589737,3.088174343109131,-0.20595529675483704,0.13084173202514648,3.1915109157562256,-0.37754958868026733,0.3153064548969269,3.1993582248687744,-0.5862786769866943,0.4325011372566223,3.161439895629883,-0.6280245184898376,0.4559400677680969,3.1538562774658203,-0.7115161418914795,0.5028179287910461,3.1386890411376953,-0.6484741568565369,0.5012947916984558,3.0967791080474854,-0.23090854287147522,0.507698118686676,2.8044915199279785,-0.5652989149093628,0.5940110683441162,2.6123533248901367,-0.49192169308662415,0.9301358461380005,2.683349847793579,-0.5614866018295288,1.0439062118530273,2.6511592864990234,-0.34783223271369934,0.5059077143669128,2.9304909706115723,-0.7255686521530151,0.5606152415275574,2.827991247177124,-0.7054233551025391,0.9092377424240112,2.866215705871582,-0.8015947341918945,1.0053114891052246,2.847774028778076,-0.13840188086032867,-0.0485302209854126,3.0449180603027344,-0.13554291427135468,-0.10287994891405106,3.056837797164917,-0.08227799832820892,-0.13875985145568848,3.0627572536468506,0.037251994013786316,-0.10386231541633606,3.0734145641326904,-0.12382183969020844,-0.12963223457336426,3.114339828491211,-0.08045554906129837,-0.07800078392028809,3.2195653915405273,-0.44427430629730225,1.0042539834976196,2.717745542526245,-0.6666511297225952,0.9934206604957581,2.8851044178009033
-0.28520455956459045,0.5040931105613708,2.8532555103302,-0.21719881892204285,0.3788551092147827,2.91812801361084,-0.15107829868793488,0.2531992495059967,2.9841315746307373,-0.08495579659938812,0.12753961980342865,3.0501370429992676,-0.05585916340351105,0.1253497302532196,3.018838405609131,0.03706667572259903,0.1204766109585762,2.916470527648926,-0.1069490984082222,0.31650251150131226,2.850189685821533,-0.29862841963768005,0.41443321108818054,2.738685131072998,-0.33696427941322327,0.4340193569660187,2.716384172439575,-0.4136359989643097,0.47319164872169495,2.6717822551727295,-0.4069436192512512,0.44669944047927856,2.7424137592315674,-0.11333376169204712,0.12836375832557678,3.082153081893921,-0.2062596082687378,0.13323688507080078,3.184520959854126,-0.3801741302013397,0.3154391646385193,3.1952877044677734,-0.5892390012741089,0.43366625905036926,3.1624410152435303,-0.6310519576072693,0.4573116898536682,3.155871629714966,-0.7146779298782349,0.5046025514602661,3.142732858657837,-0.6523447036743164,0.5034729242324829,3.099736213684082,-0.22621211409568787,0.5037477016448975,2.7907469272613525,-0.5656256675720215,0.5889319181442261,2.607414722442627,-0.48756349086761475,0.9242986440658569,2.6763267517089844,-0.5570336580276489,1.0386039018630981,2.6461024284362793,-0.34419700503349304,0.5044385194778442,2.915764093399048,-0.7225159406661987,0.5564108490943909,2.8145599365234375,-0.7019513845443726,0.9053410291671753,2.8482980728149414,-0.7981308102607727,1.0012067556381226,2.8292040824890137,-0.1399763971567154,-0.048204243183135986,3.0397253036499023,-0.13805294036865234,-0.10252121090888977,3.0519778728485107,-0.08539710938930511,-0.13917821645736694,3.0585505962371826,0.034562304615974426,-0.10605516284704208,3.070017099380493,-0.12722493708133698,-0.1291150003671646,3.1097280979156494,-0.08394989371299744,-0.07754269987344742,3.2150204181671143,-0.43838605284690857,0.9979857802391052,2.7093722820281982,-0.6630367040634155,0.9896958470344543,2.8659088611602783
-0.2825317084789276,0.5002050399780273,2.8397278785705566,-0.2152346968650818,0.3761254549026489,2.9078216552734375,-0.14984512329101562,0.2516579031944275,2.9770562648773193,-0.08445359021425247,0.1271866112947464,3.046292781829834,-0.05489795655012131,0.124466672539711,3.0154168605804443,0.039442114531993866,0.11786449700593948,2.9144468307495117,-0.10411923378705978,0.3145827353000641,2.8491687774658203,-0.29554036259651184,0.41406697034835815,2.738560914993286,-0.3338245749473572,0.433963805437088,2.7164392471313477,-0.41039302945137024,0.4737575054168701,2.67219614982605,-0.4036916494369507,0.4468602240085602,2.7426795959472656,-0.11329849809408188,0.12855370342731476,3.0779216289520264,-0.20763856172561646,0.13515588641166687,3.178891658782959,-0.3834031820297241,0.3153945207595825,3.1926748752593994,-0.5921206474304199,0.43549686670303345,3.164644479751587,-0.633864164352417,0.45951732993125916,3.1590383052825928,-0.7173511385917664,0.507558286190033,3.1478261947631836,-0.6555459499359131,0.5068774819374084,3.1040549278259277,-0.2226661592721939,0.49883487820625305,2.7780661582946777,-0.5657291412353516,0.5820726752281189,2.601454973220825,-0.4824678897857666,0.9167185425758362,2.6661899089813232,-0.5512914657592773,1.031497597694397,2.6368043422698975,-0.3423972427845001,0.501575231552124,2.9013895988464355,-0.7203915119171143,0.552313506603241,2.799614429473877,-0.6947722434997559,0.900890588760376,2.8304126262664795,-0.789498507976532,0.9978957772254944,2.8106303215026855,-0.13885632157325745,-0.04878832399845123,3.036597728729248,-0.13691382110118866,-0.10300561785697937,3.049278497695923,-0.08423033356666565,-0.13945800065994263,3.0567052364349365,0.03549961745738983,-0.10590006411075592,3.0692410469055176,-0.12664759159088135,-0.1291344165802002,3.107342004776001,-0.08468261361122131,-0.07664988934993744,3.212712049484253,-0.43177294731140137,0.9900075197219849,2.697563409805298,-0.6546570658683777,0.9847478866577148,2.8472728729248047
-0.28357672691345215,0.49939873814582825,2.840390682220459,-0.21602462232112885,0.37569519877433777,2.9089787006378174,-0.15042981505393982,0.2516228258609772,2.9787893295288086,-0.0848330482840538,0.12754672765731812,3.0486021041870117,-0.055147022008895874,0.12485530972480774,3.0178382396698,0.03959681838750839,0.11833928525447845,2.9172353744506836,-0.1022661104798317,0.31632673740386963,2.851813316345215,-0.29162946343421936,0.41946446895599365,2.740863800048828,-0.329502135515213,0.4400920271873474,2.7186739444732666,-0.4052474796772003,0.48134711384773254,2.6742942333221436,-0.39938995242118835,0.4536701738834381,2.744572877883911,-0.11380612850189209,0.12888960540294647,3.080124855041504,-0.20854997634887695,0.13540562987327576,3.18072772026062,-0.38493019342422485,0.3150235116481781,3.19594669342041,-0.5929269790649414,0.4370347857475281,3.1703298091888428,-0.6345263719558716,0.46143704652786255,3.1652064323425293,-0.7177250981330872,0.5102415680885315,3.1549596786499023,-0.6560819745063782,0.509687066078186,3.1109228134155273,-0.22351709008216858,0.4981061518192291,2.77890682220459,-0.5669348239898682,0.5848751664161682,2.6049249172210693,-0.4865899682044983,0.9198883771896362,2.670956611633301,-0.5565744638442993,1.0341284275054932,2.6423840522766113,-0.3436363637447357,0.5006913542747498,2.901874542236328,-0.7228353023529053,0.5543730854988098,2.8066864013671875,-0.6927958726882935,0.9022411704063416,2.8403725624084473,-0.7867151498794556,1.0004547834396362,2.823101758956909,-0.13966955244541168,-0.04812593758106232,3.0369908809661865,-0.13786286115646362,-0.10246945917606354,3.049072265625,-0.08528470993041992,-0.13912492990493774,3.0560853481292725,0.03450047969818115,-0.10601922124624252,3.068960189819336,-0.12765508890151978,-0.12925280630588531,3.106827974319458,-0.08554890751838684,-0.0780482143163681,3.212730646133423,-0.43648016452789307,0.9934794306755066,2.702491283416748,-0.6514763236045837,0.9854593276977539,2.85735821723938
-0.28524166345596313,0.4994870126247406,2.844130516052246,-0.2173341065645218,0.3757675290107727,2.9123427867889404,-0.15128755569458008,0.2516644597053528,2.9816763401031494,-0.08523903042078018,0.1275576651096344,3.0510120391845703,-0.055599361658096313,0.1250351518392563,3.020188331604004,0.0389869287610054,0.1190652996301651,2.919400453567505,-0.10231181234121323,0.3174132704734802,2.8538172245025635,-0.29133138060569763,0.42090320587158203,2.7425923347473145,-0.32913529872894287,0.4416011869907379,2.7203474044799805,-0.40474313497543335,0.4829971492290497,2.6758575439453125,-0.3990321159362793,0.45532459020614624,2.746152639389038,-0.11416083574295044,0.12873128056526184,3.0825893878936768,-0.20874711871147156,0.13470113277435303,3.183377265930176,-0.383268803358078,0.3163111209869385,3.196354389190674,-0.5902624130249023,0.4394022822380066,3.167862892150879,-0.6316611170768738,0.4640205204486847,3.1621646881103516,-0.7144585847854614,0.5132569670677185,3.1507680416107178,-0.6524032950401306,0.512000560760498,3.1073241233825684,-0.22532102465629578,0.49839356541633606,2.782494306564331,-0.5671111345291138,0.5862017273902893,2.606003761291504,-0.4875357449054718,0.921337366104126,2.672018527984619,-0.557368814945221,1.0354522466659546,2.6427001953125,-0.3451623022556305,0.5005804896354675,2.905766725540161,-0.7242119908332825,0.5563445687294006,2.8114731311798096,-0.6927332282066345,0.9039760231971741,2.8456428050994873,-0.7862796187400818,1.0025708675384521,2.8287148475646973,-0.1387099325656891,-0.04838959872722626,3.0380260944366455,-0.1364109218120575,-0.10281269252300262,3.049588203430176,-0.08352164924144745,-0.13909822702407837,3.0560076236724854,0.03602468967437744,-0.10515977442264557,3.0686187744140625,-0.12571360170841217,-0.13004150986671448,3.107027530670166,-0.08351917564868927,-0.07949908077716827,3.213175058364868,-0.4377329349517822,0.9950109720230103,2.70379638671875,-0.6510581970214844,0.9869882464408875,2.862675428390503
-0.2867402136325836,0.5004146695137024,2.8484339714050293,-0.2185237854719162,0.3763912320137024,2.9158029556274414,-0.1520475596189499,0.2519642114639282,2.9841601848602295,-0.0855693370103836,0.1275334656238556,3.0525193214416504,-0.05607175827026367,0.12520082294940948,3.021541118621826,0.038042694330215454,0.11985030770301819,2.9202771186828613,-0.10498131811618805,0.3163489103317261,2.8528544902801514,-0.29451319575309753,0.4176067113876343,2.7404327392578125,-0.33241957426071167,0.4378582835197449,2.7179484367370605,-0.40823233127593994,0.4783613979816437,2.6729795932769775,-0.4025113880634308,0.4511507451534271,2.743457317352295,-0.11434437334537506,0.12851369380950928,3.084240674972534,-0.2084588259458542,0.13386420905590057,3.185504674911499,-0.381955623626709,0.316639244556427,3.195777177810669,-0.5889522433280945,0.43888142704963684,3.1637868881225586,-0.6303515434265137,0.46332985162734985,3.157388925552368,-0.7131502032279968,0.5122267007827759,3.144592761993408,-0.6507028341293335,0.5105267763137817,3.10172438621521,-0.22714197635650635,0.49953708052635193,2.786470413208008,-0.5661106705665588,0.5852091312408447,2.6036832332611084,-0.485632061958313,0.9203236103057861,2.6685266494750977,-0.554337739944458,1.034608006477356,2.6373250484466553,-0.3463384509086609,0.5012922286987305,2.910397529602051,-0.7244693040847778,0.5578337907791138,2.813079833984375,-0.6934696435928345,0.9055161476135254,2.8468315601348877,-0.7869245409965515,1.004014015197754,2.828962802886963,-0.13761374354362488,-0.04886259138584137,3.0398387908935547,-0.13479751348495483,-0.10326094925403595,3.0514020919799805,-0.08157241344451904,-0.13909611105918884,3.0575685501098633,0.03774309158325195,-0.10414475202560425,3.0695807933807373,-0.12358682602643967,-0.1303824782371521,3.1087939739227295,-0.08129775524139404,-0.07945609092712402,3.214719533920288,-0.43590396642684937,0.9939336180686951,2.7005417346954346,-0.6519848108291626,0.988577663898468,2.8640384674072266
-0.2868983745574951,0.5002044439315796,2.8477671146392822,-0.21852615475654602,0.37628278136253357,2.9152345657348633,-0.1519317626953125,0.2519620954990387,2.9837381839752197,-0.0853353813290596,0.12763768434524536,3.052243947982788,-0.055775851011276245,0.12535180151462555,3.0213100910186768,0.038519494235515594,0.1201513484120369,2.9202051162719727,-0.10562228411436081,0.3158535659313202,2.8528239727020264,-0.29617545008659363,0.4151434302330017,2.740360736846924,-0.334286093711853,0.435001403093338,2.7178680896759033,-0.41050735116004944,0.4747173488140106,2.6728827953338623,-0.4044440984725952,0.44780731201171875,2.7434492111206055,-0.1141710877418518,0.12857234477996826,3.0839223861694336,-0.20846644043922424,0.13377279043197632,3.1850273609161377,-0.3827422261238098,0.3158973455429077,3.193690776824951,-0.5894598960876465,0.43849390745162964,3.1612119674682617,-0.6308034062385559,0.463013231754303,3.1547162532806396,-0.7134904861450195,0.5120518803596497,3.1417245864868164,-0.6510148644447327,0.5100998282432556,3.098905086517334,-0.22720083594322205,0.49945303797721863,2.785888910293579,-0.5644364953041077,0.5896183252334595,2.602200508117676,-0.4803323745727539,0.9228067994117737,2.6718742847442627,-0.5474928617477417,1.038287878036499,2.641835927963257,-0.3465959131717682,0.5009558200836182,2.9096453189849854,-0.7244619727134705,0.5559985637664795,2.810717821121216,-0.7032402157783508,0.9044609069824219,2.843369960784912,-0.7992308139801025,1.0002743005752563,2.8245460987091064,-0.13871173560619354,-0.04834167659282684,3.0392963886260986,-0.13635817170143127,-0.10276657342910767,3.05083966255188,-0.08343454450368881,-0.139019176363945,3.0571634769439697,0.03611014783382416,-0.1050054281949997,3.0695900917053223,-0.12554971873760223,-0.1300041824579239,3.1082544326782227,-0.08321622014045715,-0.07946296036243439,3.2143473625183105,-0.4299108386039734,0.99537593126297,2.7051117420196533,-0.664169430732727,0.9886772036552429,2.8605284690856934
-0.28687381744384766,0.5001717805862427,2.8489644527435303,-0.21841558814048767,0.3763877749443054,2.916612148284912,-0.15174433588981628,0.25219687819480896,2.985291004180908,-0.08507109433412552,0.12800225615501404,3.053972005844116,-0.055479295551776886,0.12572136521339417,3.0230660438537598,0.03891550749540329,0.12053500860929489,2.9220521450042725,-0.10492632538080215,0.3165779113769531,2.855015993118286,-0.29592931270599365,0.4148683249950409,2.7424349784851074,-0.3341298997402191,0.4345264136791229,2.719918727874756,-0.41053110361099243,0.4738425612449646,2.6748862266540527,-0.4043027460575104,0.4471840560436249,2.7455344200134277,-0.11393823474645615,0.12893328070640564,3.0856242179870605,-0.20833304524421692,0.13411962985992432,3.186638116836548,-0.38380786776542664,0.3151145577430725,3.1947948932647705,-0.5905056595802307,0.4379417896270752,3.163060188293457,-0.631845235824585,0.4625072479248047,3.1567132472991943,-0.7145243287086487,0.5116381645202637,3.144019365310669,-0.6521859169006348,0.5096558332443237,3.1010007858276367,-0.22716762125492096,0.49937906861305237,2.787092447280884,-0.5636465549468994,0.5912325978279114,2.602977752685547,-0.47197622060775757,0.9216203689575195,2.676100492477417,-0.536456286907196,1.0388963222503662,2.6472580432891846,-0.34658002853393555,0.5009645223617554,2.9108364582061768,-0.7250664234161377,0.5514945387840271,2.812103748321533,-0.705062985420227,0.9002642631530762,2.8415300846099854,-0.8014375567436218,0.9955339431762695,2.822065830230713,-0.13957294821739197,-0.04748155176639557,3.039294719696045,-0.13760921359062195,-0.10201925039291382,3.0503485202789307,-0.08494679629802704,-0.13867546617984772,3.0564751625061035,0.03477922081947327,-0.10557238757610321,3.0695085525512695,-0.12712931632995605,-0.12984509766101837,3.1075363159179688,-0.08473792672157288,-0.08055299520492554,3.214181900024414,-0.41992610692977905,0.9926576018333435,2.7100889682769775,-0.6662703156471252,0.9847642779350281,2.8578269481658936
-0.2871071994304657,0.5011581778526306,2.852499485015869,-0.2186162769794464,0.377126544713974,2.919673204421997,-0.15188178420066833,0.2526743412017822,2.9878299236297607,-0.08514530211687088,0.128218412399292,3.0559885501861572,-0.05555155128240585,0.12608207762241364,3.025071859359741,0.03885035961866379,0.12136699259281158,2.924030065536499,-0.10328312963247299,0.31923192739486694,2.8585622310638428,-0.29491671919822693,0.41556864976882935,2.7452785968780518,-0.3332434296607971,0.4348360002040863,2.7226219177246094,-0.4098968505859375,0.47337067127227783,2.6773085594177246,-0.4035659432411194,0.44704073667526245,2.74808406829834,-0.11401370912790298,0.12900207936763763,3.087646007537842,-0.20841562747955322,0.13371716439723969,3.188687801361084,-0.3845006823539734,0.3141881823539734,3.19661021232605,-0.5909212827682495,0.4376997947692871,3.1654205322265625,-0.6322054266929626,0.4624021053314209,3.159182548522949,-0.7147736549377441,0.5118067264556885,3.1467068195343018,-0.6524690389633179,0.5097793936729431,3.10361909866333,-0.22746768593788147,0.5005443692207336,2.7905571460723877,-0.5636129379272461,0.5883046388626099,2.603896379470825,-0.4721900224685669,0.9189314842224121,2.6761581897735596,-0.536485493183136,1.0361080169677734,2.6465423107147217,-0.3467467129230499,0.5017719864845276,2.9144418239593506,-0.725165843963623,0.5515119433403015,2.815131187438965,-0.7019094228744507,0.9000232219696045,2.845014810562134,-0.7973701357841492,0.9962128400802612,2.825620174407959,-0.14129255712032318,-0.04650843143463135,3.038825750350952,-0.1399492472410202,-0.10118900239467621,3.04923152923584,-0.08770164847373962,-0.13844257593154907,3.055266857147217,0.032250404357910156,-0.10670777410268784,3.0695013999938965,-0.13013902306556702,-0.12980309128761292,3.1061441898345947,-0.08798885345458984,-0.08222927898168564,3.213653802871704,-0.42028388381004333,0.9900816082954407,2.7101173400878906,-0.662337064743042,0.9841304421424866,2.861440896987915
-0.28793495893478394,0.5025249123573303,2.8554840087890625,-0.21938303112983704,0.37804433703422546,2.9217824935913086,-0.15253473818302155,0.25313282012939453,2.9890036582946777,-0.08568444103002548,0.12821757793426514,3.056226968765259,-0.05617912858724594,0.12624678015708923,3.0252110958099365,0.03794074058532715,0.12207413464784622,2.9238598346710205,-0.10477374494075775,0.31922346353530884,2.8572065830230713,-0.2966271638870239,0.41300809383392334,2.742008686065674,-0.33499786257743835,0.43176501989364624,2.7189691066741943,-0.4117392301559448,0.46927887201309204,2.6728899478912354,-0.4056519865989685,0.44335779547691345,2.7438626289367676,-0.11446317285299301,0.1288307011127472,3.0879733562469482,-0.2085830420255661,0.1330033540725708,3.1893246173858643,-0.38483691215515137,0.31340426206588745,3.197572708129883,-0.5910569429397583,0.43758514523506165,3.167137861251831,-0.6323009729385376,0.46242132782936096,3.161050796508789,-0.7147889733314514,0.5120936632156372,3.148876905441284,-0.6525624394416809,0.5100128650665283,3.105637788772583,-0.22848102450370789,0.502178430557251,2.79335880279541,-0.564283013343811,0.584709882736206,2.6037869453430176,-0.47681719064712524,0.9168933629989624,2.6736257076263428,-0.5421419739723206,1.0331029891967773,2.6425418853759766,-0.34738889336586,0.5028713941574097,2.917609214782715,-0.7253167033195496,0.5540693998336792,2.817303419113159,-0.6982637047767639,0.9020880460739136,2.8493151664733887,-0.7925893664360046,0.9994404315948486,2.830251693725586,-0.14352555572986603,-0.04574090242385864,3.0370402336120605,-0.14284192025661469,-0.10052245855331421,3.046962261199951,-0.091040700674057,-0.1383792757987976,3.0530784130096436,0.029117390513420105,-0.1080462634563446,3.068556547164917,-0.13379399478435516,-0.12974601984024048,3.1036899089813232,-0.09201695024967194,-0.08358540385961533,3.2119557857513428,-0.42588698863983154,0.9888846278190613,2.7072665691375732,-0.6578041315078735,0.9856435060501099,2.866340160369873
-0.28828996419906616,0.5030899047851562,2.856616258621216,-0.21949458122253418,0.3783717155456543,2.9222211837768555,-0.1524433195590973,0.25322389602661133,2.9888064861297607,-0.08539006114006042,0.1280723214149475,3.055393695831299,-0.05592706799507141,0.1262606978416443,3.0243265628814697,0.03806840628385544,0.12260568141937256,2.9228036403656006,-0.10349080711603165,0.3214830756187439,2.8582470417022705,-0.2945196032524109,0.4189647436141968,2.744431734085083,-0.3327253758907318,0.4384610652923584,2.7216687202453613,-0.40913689136505127,0.47745373845100403,2.676142692565918,-0.40327927470207214,0.4504763185977936,2.7467916011810303,-0.11412426829338074,0.12852370738983154,3.087184429168701,-0.20811975002288818,0.13217872381210327,3.1887073516845703,-0.38443487882614136,0.31268787384033203,3.1980998516082764,-0.5903913974761963,0.4379439353942871,3.1690924167633057,-0.6315826773643494,0.46299514174461365,3.1632909774780273,-0.7139652967453003,0.5130975842475891,3.1516878604888916,-0.6518394351005554,0.5110582113265991,3.1082184314727783,-0.22889268398284912,0.5031450986862183,2.794435501098633,-0.5648605227470398,0.5856008529663086,2.605195999145508,-0.48610904812812805,0.9200313091278076,2.6745269298553467,-0.5542929172515869,1.0344563722610474,2.643017530441284,-0.3476872444152832,0.5030347108840942,2.918797016143799,-0.7254775762557983,0.5556252002716064,2.818828582763672,-0.701518177986145,0.903537392616272,2.853976249694824,-0.7966575026512146,1.000219464302063,2.835644245147705,-0.14414358139038086,-0.04555150866508484,3.0359749794006348,-0.14375567436218262,-0.10034671425819397,3.045832872390747,-0.0921599268913269,-0.1384846270084381,3.0519297122955322,0.028148144483566284,-0.10880858451128006,3.0675015449523926,-0.1348910927772522,-0.12968388199806213,3.102529764175415,-0.09292349219322205,-0.08387318253517151,3.2108685970306396,-0.4371306002140045,0.9933664202690125,2.7081403732299805,-0.6618186235427856,0.9872807264328003,2.871802806854248
-0.28761759400367737,0.5027040243148804,2.854621648788452,-0.21894869208335876,0.3780628442764282,2.9206013679504395,-0.15214763581752777,0.25300323963165283,2.9876973628997803,-0.0853445753455162,0.1279398798942566,3.054795265197754,-0.05580446124076843,0.1260165572166443,3.0237929821014404,0.03842812031507492,0.12199985235929489,2.922487735748291,-0.10230647772550583,0.32116714119911194,2.856818914413452,-0.2924731373786926,0.419338196516037,2.7420451641082764,-0.33050647377967834,0.4389724135398865,2.719090461730957,-0.4065731465816498,0.47824084758758545,2.6731808185577393,-0.40112751722335815,0.4513302743434906,2.743905782699585,-0.11415863037109375,0.1285039186477661,3.086526870727539,-0.2083912193775177,0.1325206160545349,3.1878321170806885,-0.384806752204895,0.31293565034866333,3.1985185146331787,-0.5909313559532166,0.43827322125434875,3.170642137527466,-0.632156252861023,0.46334072947502136,3.165066957473755,-0.7146061062812805,0.513475775718689,3.153916358947754,-0.6525844931602478,0.5116599798202515,3.110260009765625,-0.22799503803253174,0.5027501583099365,2.7926559448242188,-0.566428542137146,0.5864322185516357,2.6084394454956055,-0.49014586210250854,0.9212825298309326,2.67844820022583,-0.5598195791244507,1.0351728200912476,2.648308038711548,-0.347240149974823,0.5026578903198242,2.9165873527526855,-0.7263390421867371,0.5580705404281616,2.8233718872070312,-0.702321469783783,0.9055890440940857,2.8620893955230713,-0.797865092754364,1.002320647239685,2.8463327884674072,-0.145541250705719,-0.04532483220100403,3.0365424156188965,-0.1456628143787384,-0.10004416108131409,3.0468337535858154,-0.09441892802715302,-0.13857987523078918,3.0534095764160156,0.026094689965248108,-0.10982340574264526,3.0691628456115723,-0.13724493980407715,-0.12900876998901367,3.103793144226074,-0.09524567425251007,-0.08270521461963654,3.21191668510437,-0.4414937198162079,0.9949358701705933,2.7118310928344727,-0.6624677181243896,0.9891846776008606,2.8802473545074463
-0.28682252764701843,0.5020919442176819,2.8556292057037354,-0.2183278501033783,0.3775549829006195,2.922048568725586,-0.15179845690727234,0.2526061236858368,2.9896810054779053,-0.0852670818567276,0.12765350937843323,3.0573153495788574,-0.05562416464090347,0.12563647329807281,3.026407241821289,0.038931705057621,0.12131581455469131,2.9254112243652344,-0.10157089680433273,0.3195485472679138,2.856458902359009,-0.29106032848358154,0.4160569906234741,2.7391610145568848,-0.3289582133293152,0.4353586733341217,2.7157013416290283,-0.40475398302078247,0.47396203875541687,2.6687822341918945,-0.3997812569141388,0.4478861391544342,2.7398571968078613,-0.11418687552213669,0.12831245362758636,3.088958740234375,-0.20874273777008057,0.13263310492038727,3.1899547576904297,-0.38502979278564453,0.3132098317146301,3.2002766132354736,-0.591336727142334,0.4380616843700409,3.171494483947754,-0.6325981020927429,0.463032066822052,3.165738105773926,-0.7151208519935608,0.5129728317260742,3.1542253494262695,-0.65293288230896,0.5112433433532715,3.1107969284057617,-0.22687989473342896,0.5021730661392212,2.7939658164978027,-0.5666592121124268,0.5857157707214355,2.61222243309021,-0.489067018032074,0.9200888276100159,2.682981014251709,-0.5586725473403931,1.0342577695846558,2.6537833213806152,-0.3467651605606079,0.5020108222961426,2.917292594909668,-0.7272458672523499,0.5618432760238647,2.832944631576538,-0.7013359069824219,0.9084858298301697,2.877669334411621,-0.7968549728393555,1.0057653188705444,2.8656365871429443,-0.14714659750461578,-0.04517228901386261,3.040262460708618,-0.14784187078475952,-0.09981312602758408,3.0509884357452393,-0.09699447453022003,-0.13880929350852966,3.058016061782837,0.023775547742843628,-0.11112337559461594,3.073885679244995,-0.13986898958683014,-0.12841084599494934,3.108208656311035,-0.09770223498344421,-0.08166109025478363,3.2160983085632324,-0.44000110030174255,0.9934902191162109,2.7162997722625732,-0.6608595848083496,0.9916068315505981,2.8965885639190674
-0.28778716921806335,0.502005934715271,2.8534958362579346,-0.21977615356445312,0.3773629367351532,2.920246124267578,-0.15377523005008698,0.252303808927536,2.988224506378174,-0.08777232468128204,0.12724092602729797,3.0562047958374023,-0.05812086910009384,0.12502805888652802,3.025312900543213,0.03645207732915878,0.120077945291996,2.924384355545044,-0.10393167287111282,0.3180650770664215,2.8544294834136963,-0.2933853268623352,0.4138433337211609,2.736443519592285,-0.3312760591506958,0.43299898505210876,2.712846279144287,-0.407057523727417,0.4713102877140045,2.665651798248291,-0.40213558077812195,0.4456040561199188,2.736870527267456,-0.11670642346143723,0.12809452414512634,3.0878357887268066,-0.21127936244010925,0.13304464519023895,3.1887643337249756,-0.3872738480567932,0.31385767459869385,3.2002875804901123,-0.5939854383468628,0.43820470571517944,3.172091484069824,-0.6353277564048767,0.46307411789894104,3.166452169418335,-0.7180123925209045,0.5128129124641418,3.1551737785339355,-0.6559196710586548,0.5112776756286621,3.111593246459961,-0.22767199575901031,0.5018703937530518,2.791991949081421,-0.5678403377532959,0.5896367430686951,2.613085985183716,-0.48657089471817017,0.9225364327430725,2.68641996383667,-0.5552386045455933,1.0376248359680176,2.6587231159210205,-0.3479023277759552,0.5021414756774902,2.9149997234344482,-0.7293564081192017,0.5577365159988403,2.8323757648468018,-0.7012608051300049,0.9047449231147766,2.872382640838623,-0.7963537573814392,1.0023598670959473,2.859877109527588,-0.14881151914596558,-0.04599384963512421,3.040193796157837,-0.14921821653842926,-0.10058027505874634,3.0512235164642334,-0.09816354513168335,-0.13928410410881042,3.0583958625793457,0.022494569420814514,-0.11090503633022308,3.073944091796875,-0.14102311432361603,-0.1288219392299652,3.108592987060547,-0.098940908908844,-0.08126223087310791,3.2161693572998047,-0.43659183382987976,0.9951401948928833,2.7200968265533447,-0.6601979732513428,0.9878761172294617,2.8898868560791016
-0.28824642300605774,0.5026310086250305,2.8543148040771484,-0.2201853096485138,0.37785112857818604,2.9207873344421387,-0.15401384234428406,0.25265753269195557,2.9883804321289062,-0.08784039318561554,0.12746018171310425,3.0559756755828857,-0.058320850133895874,0.1252446323633194,3.0249531269073486,0.03581701219081879,0.12028855830430984,2.9236159324645996,-0.10600365698337555,0.318514883518219,2.8571290969848633,-0.296689510345459,0.4173426628112793,2.743621826171875,-0.33482667803764343,0.43710821866989136,2.7209203243255615,-0.41110101342201233,0.4766393303871155,2.6755175590515137,-0.405178964138031,0.4499581456184387,2.7463173866271973,-0.11664070188999176,0.1283150017261505,3.087733030319214,-0.21077856421470642,0.13327108323574066,3.189070224761963,-0.38673847913742065,0.31418538093566895,3.2007062435150146,-0.5938194990158081,0.4379984140396118,3.1724278926849365,-0.6352357268333435,0.4627610146999359,3.1667721271514893,-0.7180681228637695,0.5122862458229065,3.155460834503174,-0.6560214161872864,0.5107619166374207,3.1117866039276123,-0.2282436490058899,0.5025345683097839,2.7926971912384033,-0.5662263035774231,0.5952689051628113,2.612218141555786,-0.48161718249320984,0.9266678094863892,2.688408136367798,-0.5487720966339111,1.0427237749099731,2.661085605621338,-0.3482491970062256,0.5027274489402771,2.9159324169158936,-0.7296699285507202,0.5561470985412598,2.8318541049957275,-0.6981037855148315,0.9031108617782593,2.869384527206421,-0.7921831607818604,1.0015842914581299,2.856067419052124,-0.14691245555877686,-0.046415507793426514,3.03973650932312,-0.1465456187725067,-0.10104835033416748,3.0505082607269287,-0.09495999664068222,-0.13915406167507172,3.0569965839385986,0.025478705763816833,-0.10937654972076416,3.071500539779663,-0.1374451220035553,-0.1294514685869217,3.107654094696045,-0.09489580988883972,-0.08188585937023163,3.2150301933288574,-0.43102917075157166,0.9984487891197205,2.722912311553955,-0.6562219262123108,0.9859409332275391,2.886333703994751
-0.2877461910247803,0.5026555061340332,2.854008197784424,-0.21947020292282104,0.3779357671737671,2.920374631881714,-0.15300235152244568,0.2527998983860016,2.9877851009368896,-0.08653251081705093,0.12766027450561523,3.0551974773406982,-0.05708019435405731,0.12548713386058807,3.0241079330444336,0.03684249520301819,0.12066659331321716,2.9225499629974365,-0.10493770241737366,0.3201451897621155,2.8596391677856445,-0.2967910170555115,0.41975608468055725,2.748716115951538,-0.3351616859436035,0.43967825174331665,2.726531505584717,-0.4119030237197876,0.47952261567115784,2.682162284851074,-0.4052910804748535,0.4522775113582611,2.7527008056640625,-0.11526238918304443,0.12847331166267395,3.087019920349121,-0.20918507874011993,0.13329385221004486,3.188577890396118,-0.3851606547832489,0.3142802119255066,3.199875593185425,-0.5921128392219543,0.4384008049964905,3.171612501144409,-0.633503258228302,0.4632249176502228,3.1659598350524902,-0.7162841558456421,0.5128731727600098,3.1546545028686523,-0.6542737483978271,0.5111815929412842,3.110910177230835,-0.2278473675251007,0.5026030540466309,2.7922873497009277,-0.5652472376823425,0.5946641564369202,2.6104156970977783,-0.4788070023059845,0.925578773021698,2.6865851879119873,-0.5451775193214417,1.0420191287994385,2.6590123176574707,-0.34764501452445984,0.5027079582214355,2.91572904586792,-0.7284970283508301,0.5572071671485901,2.829864263534546,-0.6947303414344788,0.9038757085800171,2.868060827255249,-0.7880713939666748,1.0030053853988647,2.8544797897338867,-0.1436014175415039,-0.046692848205566406,3.037947177886963,-0.14244362711906433,-0.10138960182666779,3.048187494277954,-0.09034903347492218,-0.1388920247554779,3.0537521839141846,0.02980673313140869,-0.10777124762535095,3.0672316551208496,-0.13237501680850983,-0.13019979000091553,3.104931116104126,-0.08926689624786377,-0.08314324915409088,3.2122390270233154,-0.42787009477615356,0.9970701932907104,2.721165895462036,-0.6523610949516296,0.9863886833190918,2.8853201866149902
-0.2873106896877289,0.5033516883850098,2.8559134006500244,-0.21880048513412476,0.37850886583328247,2.921844244003296,-0.15205374360084534,0.25323933362960815,2.988767147064209,-0.08530501276254654,0.1279660314321518,3.055692195892334,-0.05591336637735367,0.1259109526872635,3.0245308876037598,0.03781513869762421,0.12147365510463715,2.922743320465088,-0.10412439703941345,0.32144683599472046,2.8615949153900146,-0.29730701446533203,0.4190927743911743,2.7511322498321533,-0.3359435498714447,0.43862196803092957,2.7290396690368652,-0.41321659088134766,0.47768035531044006,2.684854507446289,-0.40612083673477173,0.45058584213256836,2.7554197311401367,-0.11397116631269455,0.12865953147411346,3.087580680847168,-0.20769967138767242,0.1330968290567398,3.18936824798584,-0.38378438353538513,0.31414735317230225,3.198861598968506,-0.5902712941169739,0.4389062821865082,3.1696271896362305,-0.6315686702728271,0.46385806798934937,3.1637802124023438,-0.7141634225845337,0.5137616395950317,3.1520864963531494,-0.6520746350288391,0.5116257071495056,3.1084482669830322,-0.22761549055576324,0.5034083127975464,2.793990135192871,-0.5625234842300415,0.5961621999740601,2.6079535484313965,-0.476897656917572,0.9272929430007935,2.6840267181396484,-0.5428835153579712,1.0436536073684692,2.6552529335021973,-0.3470059037208557,0.5032950639724731,2.9178366661071777,-0.7267141938209534,0.5523042678833008,2.824049472808838,-0.6932405829429626,0.8994320631027222,2.8579351902008057,-0.7862128019332886,0.9984358549118042,2.841313123703003,-0.14230132102966309,-0.046172723174095154,3.0365233421325684,-0.14118251204490662,-0.10095685720443726,3.0462286472320557,-0.08911950886249542,-0.13850754499435425,3.0516164302825928,0.030962824821472168,-0.1075328141450882,3.065842866897583,-0.13132642209529877,-0.1303175985813141,3.102712631225586,-0.08862344920635223,-0.08432798087596893,3.210615396499634,-0.42636042833328247,0.9988829493522644,2.718975782394409,-0.6510919332504272,0.982140064239502,2.8747711181640625
-0.2873823642730713,0.5046757459640503,2.8575472831726074,-0.21875257790088654,0.37947338819503784,2.9226837158203125,-0.1518147885799408,0.253834068775177,2.9887332916259766,-0.08487498015165329,0.12819097936153412,3.0547847747802734,-0.05563059449195862,0.12624700367450714,3.0234756469726562,0.03763327747583389,0.12217427045106888,2.921210289001465,-0.10513047128915787,0.3211774230003357,2.8586630821228027,-0.29714319109916687,0.42021486163139343,2.747316598892212,-0.33554574847221375,0.440022349357605,2.7250473499298096,-0.4123508334159851,0.4796373248100281,2.680508613586426,-0.40589970350265503,0.4520512521266937,2.750958204269409,-0.11339183151721954,0.1287693828344345,3.0868117809295654,-0.20665571093559265,0.13284210860729218,3.189077138900757,-0.3829231262207031,0.31378889083862305,3.198240280151367,-0.5897436141967773,0.4380022883415222,3.1687164306640625,-0.631107747554779,0.46284496784210205,3.162811756134033,-0.7138359546661377,0.5125303268432617,3.1510021686553955,-0.6517729163169861,0.5103630423545837,3.107307195663452,-0.22812965512275696,0.5047175884246826,2.7951972484588623,-0.5627791881561279,0.5928428173065186,2.606482982635498,-0.4788033366203308,0.9251354932785034,2.679220199584961,-0.5451217293739319,1.0408995151519775,2.648862361907959,-0.3466350734233856,0.504633903503418,2.9198973178863525,-0.7251877784729004,0.5527939796447754,2.8211660385131836,-0.6933451294898987,0.9002110958099365,2.8535449504852295,-0.7864400744438171,0.9987912774085999,2.835205554962158,-0.14312325417995453,-0.045394167304039,3.0344181060791016,-0.1425004005432129,-0.10023021697998047,3.0438671112060547,-0.09077256917953491,-0.13821810483932495,3.0494065284729004,0.029455959796905518,-0.10826688259840012,3.0645458698272705,-0.13323941826820374,-0.12993577122688293,3.1002707481384277,-0.09086674451828003,-0.08480026572942734,3.2086613178253174,-0.42870524525642395,0.9973117113113403,2.713585138320923,-0.6516992449760437,0.9831567406654358,2.870450973510742
-0.2874646782875061,0.5057550072669983,2.860166311264038,-0.21880871057510376,0.3802669048309326,2.924734115600586,-0.15179923176765442,0.2543396055698395,2.990170478820801,-0.0847877487540245,0.1284085214138031,3.0556089878082275,-0.05563695728778839,0.12653963267803192,3.0242063999176025,0.03733868896961212,0.12271378934383392,2.921633243560791,-0.10617326200008392,0.32034701108932495,2.85648775100708,-0.2975013256072998,0.41981494426727295,2.7443385124206543,-0.3357669413089752,0.43970853090286255,2.7219085693359375,-0.41229814291000366,0.47949570417404175,2.677048921585083,-0.4061167240142822,0.4521753787994385,2.7476277351379395,-0.11321021616458893,0.12890870869159698,3.0877227783203125,-0.20618586242198944,0.13273455202579498,3.190295934677124,-0.38255220651626587,0.31362760066986084,3.1987295150756836,-0.5895088315010071,0.4374805986881256,3.1686103343963623,-0.6309001445770264,0.4622511863708496,3.1625864505767822,-0.7136827707290649,0.5117923617362976,3.150538921356201,-0.6516016125679016,0.5095105171203613,3.106873035430908,-0.22855406999588013,0.5057368278503418,2.797490358352661,-0.563127875328064,0.5882457494735718,2.606137275695801,-0.480466365814209,0.921549379825592,2.675650119781494,-0.5470192432403564,1.0367732048034668,2.643798589706421,-0.3463752865791321,0.5057731866836548,2.922842264175415,-0.7236603498458862,0.5553088784217834,2.8200533390045166,-0.6935528516769409,0.9028655290603638,2.852520704269409,-0.7868169546127319,1.0010634660720825,2.8330447673797607,-0.14339503645896912,-0.044831693172454834,3.0336692333221436,-0.14297661185264587,-0.09972716867923737,3.042722463607788,-0.09139423817396164,-0.1378934234380722,3.048269510269165,0.028812021017074585,-0.10839603841304779,3.0642831325531006,-0.13411065936088562,-0.1298608034849167,3.098950147628784,-0.092217817902565,-0.08563694357872009,3.2078781127929688,-0.4307282269001007,0.9942426681518555,2.7094380855560303,-0.6524289846420288,0.9859851002693176,2.869835138320923
-0.2888965904712677,0.5074180364608765,2.865579843521118,-0.22065836191177368,0.38128262758255005,2.9293158054351807,-0.15396025776863098,0.25469356775283813,2.9937784671783447,-0.08726014941930771,0.12810072302818298,3.0582430362701416,-0.05828982591629028,0.12623219192028046,3.026675224304199,0.0341157391667366,0.1224188506603241,2.923576831817627,-0.10870025306940079,0.319460391998291,2.85514760017395,-0.299408495426178,0.41738319396972656,2.7405846118927,-0.3375501334667206,0.43696776032447815,2.717672109603882,-0.4138334393501282,0.47613686323165894,2.671846866607666,-0.4080376625061035,0.4498043656349182,2.7428364753723145,-0.11550553143024445,0.1285933405160904,3.0905115604400635,-0.20791110396385193,0.13240668177604675,3.1936099529266357,-0.3840358257293701,0.3136020302772522,3.2008683681488037,-0.5913955569267273,0.43645036220550537,3.1693501472473145,-0.6328675150871277,0.46102002263069153,3.1630465984344482,-0.7158113718032837,0.5101593732833862,3.1504392623901367,-0.6536721587181091,0.5076768398284912,3.106860876083374,-0.23031586408615112,0.5072840452194214,2.802595853805542,-0.5627332925796509,0.5856151580810547,2.6058099269866943,-0.4757372736930847,0.917884349822998,2.6749753952026367,-0.5401313900947571,1.0339884757995605,2.64190936088562,-0.3474773168563843,0.5075520277023315,2.9285638332366943,-0.7242233753204346,0.5535553693771362,2.822225332260132,-0.6967498660087585,0.9016197919845581,2.8514041900634766,-0.7905170917510986,0.9989705085754395,2.8301749229431152,-0.14502160251140594,-0.045290619134902954,3.0355615615844727,-0.14428600668907166,-0.10022079944610596,3.044313907623291,-0.092496357858181,-0.13813787698745728,3.049483060836792,0.027583524584770203,-0.10810244083404541,3.0652575492858887,-0.1350775808095932,-0.13060517609119415,3.100337028503418,-0.09306326508522034,-0.08675980567932129,3.209343910217285,-0.4252738952636719,0.9899393916130066,2.709052562713623,-0.6563363075256348,0.9851910471916199,2.8682069778442383
-0.2889106273651123,0.5088529586791992,2.8695075511932373,-0.22076308727264404,0.382196307182312,2.932295799255371,-0.15414857864379883,0.2550956606864929,2.9958274364471436,-0.08753207325935364,0.1279912143945694,3.059360980987549,-0.05870366841554642,0.12620122730731964,3.0276596546173096,0.033247023820877075,0.12265048921108246,2.9241437911987305,-0.10884636640548706,0.31985342502593994,2.854597568511963,-0.29994168877601624,0.415910005569458,2.73905611038208,-0.33816075325012207,0.4351213276386261,2.7159478664398193,-0.41459888219833374,0.4735439717769623,2.6697311401367188,-0.4086672365665436,0.4480620324611664,2.7410268783569336,-0.1156364306807518,0.12839971482753754,3.0917532444000244,-0.2075871229171753,0.13195045292377472,3.1952691078186035,-0.3835131824016571,0.3134079873561859,3.2015445232391357,-0.5910829305648804,0.4356439709663391,3.168875217437744,-0.6325968503952026,0.46009117364883423,3.162341356277466,-0.7156247496604919,0.5089855790138245,3.149273633956909,-0.6533994674682617,0.5063472390174866,3.1058151721954346,-0.23053789138793945,0.5089415311813354,2.806330919265747,-0.5614838600158691,0.5890714526176453,2.6077120304107666,-0.4730108380317688,0.9200584292411804,2.681208848953247,-0.5364882946014404,1.0369198322296143,2.6489875316619873,-0.34728336334228516,0.508764386177063,2.9326841831207275,-0.7235029935836792,0.5542469620704651,2.824122428894043,-0.695976972579956,0.9022829532623291,2.854036569595337,-0.7895668745040894,0.9997392296791077,2.8324170112609863,-0.14493215084075928,-0.04533164203166962,3.036068916320801,-0.14400999248027802,-0.10027521103620529,3.0445199012756348,-0.09212517738342285,-0.13806340098381042,3.04921555519104,0.02789127826690674,-0.1078161895275116,3.0645182132720947,-0.13443724811077118,-0.13091585040092468,3.1003012657165527,-0.09199291467666626,-0.0875648558139801,3.2092607021331787,-0.42236068844795227,0.9914336204528809,2.7164483070373535,-0.6556050181388855,0.9858095645904541,2.8712146282196045
-0.2883615791797638,0.5093547105789185,2.870844841003418,-0.2200694978237152,0.3825172185897827,2.933109760284424,-0.1533391773700714,0.25523948669433594,2.9961647987365723,-0.08660686016082764,0.12795794010162354,3.0592217445373535,-0.05783061683177948,0.12626199424266815,3.0274674892425537,0.03395604342222214,0.12301784008741379,2.9237823486328125,-0.10780271142721176,0.32098937034606934,2.8556501865386963,-0.2998512387275696,0.4160129129886627,2.7407803535461426,-0.3382609486579895,0.4350176155567169,2.717806339263916,-0.41508036851882935,0.4730270206928253,2.671858549118042,-0.4087112843990326,0.44772109389305115,2.7431881427764893,-0.11465781927108765,0.12827052175998688,3.091661214828491,-0.20644447207450867,0.13151468336582184,3.1953463554382324,-0.38211822509765625,0.3132646083831787,3.2013440132141113,-0.5894005298614502,0.43600231409072876,3.168531656265259,-0.630856990814209,0.46054986119270325,3.1619691848754883,-0.7137699127197266,0.5096449255943298,3.1488442420959473,-0.651523768901825,0.5068418383598328,3.1054112911224365,-0.2301298975944519,0.5096303224563599,2.8075380325317383,-0.5614383220672607,0.5898604989051819,2.6095004081726074,-0.4743076264858246,0.9210883975028992,2.683649778366089,-0.5383118987083435,1.0377577543258667,2.6517281532287598,-0.3465932607650757,0.509079098701477,2.9341516494750977,-0.7227483987808228,0.5574562549591064,2.8265042304992676,-0.6938263177871704,0.9051227569580078,2.859570026397705,-0.787068247795105,1.003144383430481,2.8389551639556885,-0.14374837279319763,-0.04516987502574921,3.035257339477539,-0.1427350789308548,-0.1000971794128418,3.0434465408325195,-0.09083916991949081,-0.1377965807914734,3.0478737354278564,0.029045283794403076,-0.10747941583395004,3.0630910396575928,-0.1330309808254242,-0.13095012307167053,3.099015951156616,-0.090498186647892,-0.08808105438947678,3.207993984222412,-0.4239293038845062,0.9926078915596008,2.7190067768096924,-0.6531049609184265,0.9883376955986023,2.8774635791778564
-0.287686288356781,0.5087683200836182,2.871170997619629,-0.21918581426143646,0.38204115629196167,2.933438777923584,-0.15228815376758575,0.2548731565475464,2.99654483795166,-0.08538848161697388,0.12770134210586548,3.059652805328369,-0.056594379246234894,0.12604489922523499,3.02791166305542,0.03525823354721069,0.12292604893445969,2.92425537109375,-0.10630084574222565,0.3216792941093445,2.857947826385498,-0.29901716113090515,0.4166262149810791,2.7441048622131348,-0.33756041526794434,0.435615599155426,2.7213363647460938,-0.4146469533443451,0.4735943675041199,2.6757991313934326,-0.4079400599002838,0.4480997323989868,2.747035503387451,-0.11345548182725906,0.12797561287879944,3.0920798778533936,-0.20530809462070465,0.13109445571899414,3.1957361698150635,-0.380840003490448,0.31301218271255493,3.201481342315674,-0.5876254439353943,0.43665632605552673,3.1688218116760254,-0.6289825439453125,0.46138516068458557,3.16228985786438,-0.7116967439651489,0.5108428001403809,3.149225950241089,-0.649455189704895,0.5078433156013489,3.1057910919189453,-0.22954484820365906,0.5090476274490356,2.8077783584594727,-0.5617806911468506,0.5906999111175537,2.6118714809417725,-0.46989935636520386,0.9201251268386841,2.688314914703369,-0.5325937271118164,1.0378855466842651,2.657820224761963,-0.34582772850990295,0.5084890127182007,2.934563636779785,-0.7229325771331787,0.556045413017273,2.829885482788086,-0.6928150057792664,0.9036616086959839,2.8624842166900635,-0.7859703302383423,1.0019186735153198,2.842592716217041,-0.14227396249771118,-0.045231327414512634,3.0352494716644287,-0.14120902121067047,-0.10011665523052216,3.0432915687561035,-0.08933427929878235,-0.1377311646938324,3.0476460456848145,0.03037680685520172,-0.10736200213432312,3.0629851818084717,-0.13151255249977112,-0.13106493651866913,3.0987260341644287,-0.08912830054759979,-0.08847436308860779,3.207712173461914,-0.41837412118911743,0.9906800985336304,2.7239608764648438,-0.6517240405082703,0.9867812991142273,2.87998104095459
-0.2891767919063568,0.5096679329872131,2.872239112854004,-0.22099196910858154,0.38258975744247437,2.9341189861297607,-0.1543782502412796,0.2550719380378723,2.996800422668457,-0.08776254206895828,0.12755030393600464,3.059483766555786,-0.058958955109119415,0.12594911456108093,3.0277509689331055,0.032939374446868896,0.1230146512389183,2.9241175651550293,-0.10803356766700745,0.3222445547580719,2.857980966567993,-0.30054521560668945,0.4164029359817505,2.7431352138519287,-0.33904755115509033,0.43523460626602173,2.720165967941284,-0.4160522222518921,0.4728979468345642,2.674227714538574,-0.4096178412437439,0.4474073648452759,2.7454917430877686,-0.11584208160638809,0.1277654767036438,3.09189772605896,-0.2077404111623764,0.13069994747638702,3.195531129837036,-0.38262939453125,0.3132036328315735,3.20232892036438,-0.5890753269195557,0.4375861883163452,3.1703104972839355,-0.6303645372390747,0.4624626934528351,3.1639068126678467,-0.712942898273468,0.5122157335281372,3.151099443435669,-0.6507108211517334,0.5092653632164001,3.1076459884643555,-0.23098233342170715,0.5100516080856323,2.8089029788970947,-0.5629450082778931,0.5943807363510132,2.6136021614074707,-0.4713618755340576,0.9234280586242676,2.6921355724334717,-0.534141480922699,1.0413340330123901,2.6623356342315674,-0.34737125039100647,0.509284257888794,2.935575246810913,-0.7246629595756531,0.5574201345443726,2.8317151069641113,-0.6940708756446838,0.9049121141433716,2.8654866218566895,-0.7871527671813965,1.0033568143844604,2.8461084365844727,-0.14329485595226288,-0.045201048254966736,3.0338170528411865,-0.14188149571418762,-0.10000833123922348,3.041468620300293,-0.08988149464130402,-0.13721749186515808,3.045682191848755,0.029316172003746033,-0.10621801018714905,3.0614840984344482,-0.13213036954402924,-0.13119986653327942,3.0965893268585205,-0.09038896858692169,-0.0891680121421814,3.205720901489258,-0.4199076294898987,0.9938085079193115,2.7282466888427734,-0.6528462171554565,0.9879278540611267,2.8832032680511475
-0.288472056388855,0.5088585615158081,2.867790699005127,-0.22044184803962708,0.3820001482963562,2.930293560028076,-0.1540420651435852,0.25471141934394836,2.993668794631958,-0.08764029294252396,0.1274188905954361,3.0570459365844727,-0.05870511382818222,0.12572380900382996,3.025437355041504,0.03362414240837097,0.12248191237449646,2.9221906661987305,-0.10730823874473572,0.32218137383461,2.857332706451416,-0.2998925447463989,0.4172130227088928,2.7432971000671387,-0.338409423828125,0.43621933460235596,2.720489978790283,-0.41544315218925476,0.4742319881916046,2.6748757362365723,-0.40893447399139404,0.4483252167701721,2.745988130569458,-0.11585374921560287,0.12773042917251587,3.089343547821045,-0.20818300545215607,0.13097232580184937,3.1925902366638184,-0.3832523822784424,0.313239723443985,3.2014036178588867,-0.5893938541412354,0.4387323260307312,3.171719551086426,-0.630622148513794,0.4638308584690094,3.1657826900482178,-0.7130787372589111,0.5140278935432434,3.1539089679718018,-0.6510767936706543,0.5112878084182739,3.1101057529449463,-0.22996945679187775,0.5091724395751953,2.8047516345977783,-0.5644210577011108,0.5941714644432068,2.614039897918701,-0.4749043881893158,0.923955500125885,2.691866159439087,-0.539095401763916,1.0413181781768799,2.6629395484924316,-0.3469746708869934,0.5085446834564209,2.9308297634124756,-0.724820613861084,0.5595542192459106,2.8304097652435303,-0.6928089261054993,0.9066228866577148,2.8671011924743652,-0.7857084274291992,1.0055441856384277,2.849339485168457,-0.14203931391239166,-0.04517751932144165,3.031585454940796,-0.1403488665819168,-0.09981189668178558,3.039292573928833,-0.08830335736274719,-0.13663019239902496,3.0436384677886963,0.030361667275428772,-0.1050553023815155,3.0595691204071045,-0.13055738806724548,-0.13078847527503967,3.09431791305542,-0.08935805410146713,-0.08850374817848206,3.2031607627868652,-0.4236685037612915,0.994762659072876,2.727450370788574,-0.651171863079071,0.9893386960029602,2.8852522373199463
-0.2854157090187073,0.507150411605835,2.8567991256713867,-0.21777817606925964,0.38097354769706726,2.9212913513183594,-0.15194249153137207,0.25438231229782104,2.986827850341797,-0.08610484004020691,0.1277872920036316,3.052366256713867,-0.05681397765874863,0.1257622092962265,3.0210742950439453,0.03661816567182541,0.12144429981708527,2.918874979019165,-0.10511509329080582,0.32140007615089417,2.8565311431884766,-0.29798901081085205,0.4187535047531128,2.7449328899383545,-0.3365637958049774,0.438224196434021,2.7226133346557617,-0.41371336579322815,0.4771655797958374,2.677973985671997,-0.40688756108283997,0.4502826929092407,2.7486989498138428,-0.11468013375997543,0.12843646109104156,3.0843703746795654,-0.20811226963996887,0.1327543705701828,3.1865696907043457,-0.3840915560722351,0.3139469623565674,3.199136257171631,-0.590334415435791,0.44019055366516113,3.1734721660614014,-0.6315829753875732,0.4654392600059509,3.168339252471924,-0.7140800952911377,0.5159366726875305,3.158073663711548,-0.6524543762207031,0.5139126777648926,3.113694906234741,-0.22624963521957397,0.5069676637649536,2.7943899631500244,-0.5668867826461792,0.5917657017707825,2.6149868965148926,-0.47839730978012085,0.9222849607467651,2.6906144618988037,-0.5446691513061523,1.039005160331726,2.663961887359619,-0.3445817828178406,0.5073331594467163,2.919208288192749,-0.7236059308052063,0.5600846409797668,2.824509859085083,-0.6894594430923462,0.906710147857666,2.8629515171051025,-0.7821298241615295,1.0061531066894531,2.8471648693084717,-0.1384267956018448,-0.04521241784095764,3.028625011444092,-0.13626660406589508,-0.09959213435649872,3.036999225616455,-0.08402889966964722,-0.13573873043060303,3.042238712310791,0.03387540578842163,-0.10286220163106918,3.0587689876556396,-0.1266775131225586,-0.12971660494804382,3.0923469066619873,-0.08696234971284866,-0.08579946309328079,3.200742244720459,-0.42681020498275757,0.9935513138771057,2.724707841873169,-0.6471871137619019,0.9891043305397034,2.8810276985168457
-0.2851787507534027,0.5045372247695923,2.8556454181671143,-0.21717333793640137,0.3792249858379364,2.921461820602417,-0.15096592903137207,0.2534996271133423,2.9883155822753906,-0.08475654572248459,0.12777048349380493,3.055171251296997,-0.055225670337677,0.12573395669460297,3.0241005420684814,0.03896760195493698,0.12136424332857132,2.922600030899048,-0.10345832258462906,0.32060709595680237,2.85947847366333,-0.2956615090370178,0.4193289279937744,2.747884511947632,-0.33410215377807617,0.4390732944011688,2.7255656719207764,-0.41098344326019287,0.47856202721595764,2.6809282302856445,-0.40443775057792664,0.45132026076316833,2.7515485286712646,-0.11356779932975769,0.1284405142068863,3.0869686603546143,-0.20776107907295227,0.13281022012233734,3.188469171524048,-0.3839653730392456,0.31400150060653687,3.197899580001831,-0.5893495082855225,0.4411736726760864,3.1698663234710693,-0.6304263472557068,0.46660810708999634,3.164259672164917,-0.7125800251960754,0.5174769759178162,3.1530463695526123,-0.6505510807037354,0.5149893760681152,3.1092467308044434,-0.22562582790851593,0.5042506456375122,2.7935662269592285,-0.5637357234954834,0.5868617296218872,2.608576536178589,-0.47905880212783813,0.9195110201835632,2.678798198699951,-0.5459138751029968,1.0350910425186157,2.648930788040161,-0.3447316586971283,0.5048238039016724,2.917724609375,-0.7223031520843506,0.5617449283599854,2.819929838180542,-0.6893357038497925,0.9084655046463013,2.8580708503723145,-0.7820678949356079,1.0076488256454468,2.841223955154419,-0.13672246038913727,-0.04465547204017639,3.032088279724121,-0.13453300297260284,-0.09878646582365036,3.0406150817871094,-0.08247954398393631,-0.13472938537597656,3.045982837677002,0.034917816519737244,-0.10183706879615784,3.0623936653137207,-0.12498694658279419,-0.12859395146369934,3.0958478450775146,-0.08551984280347824,-0.08445337414741516,3.2036776542663574,-0.4285481572151184,0.9918674230575562,2.7121613025665283,-0.6474358439445496,0.990977942943573,2.8764002323150635
-0.28733307123184204,0.5049412250518799,2.8611276149749756,-0.21890047192573547,0.3794712424278259,2.9262096881866455,-0.1522587239742279,0.2535828948020935,2.9923341274261475,-0.08561498671770096,0.12769076228141785,3.0584604740142822,-0.05617128312587738,0.1258419156074524,3.0272934436798096,0.03773738443851471,0.12208093702793121,2.925489664077759,-0.10439114272594452,0.32053980231285095,2.8592782020568848,-0.2963055372238159,0.4165132939815521,2.7448134422302246,-0.3346884250640869,0.4357079863548279,2.7219204902648926,-0.4114541709423065,0.4740973711013794,2.6761345863342285,-0.40530040860176086,0.4478868842124939,2.7471811771392822,-0.1143343597650528,0.12817132472991943,3.090346336364746,-0.20824302732944489,0.1319323033094406,3.192150115966797,-0.38438743352890015,0.3133659362792969,3.197188138961792,-0.5900929570198059,0.43890154361724854,3.164472818374634,-0.6312340497970581,0.4640086591243744,3.1579296588897705,-0.7135162353515625,0.5142229199409485,3.144843578338623,-0.6509678363800049,0.5112755298614502,3.1018147468566895,-0.22799867391586304,0.5049745440483093,2.7988028526306152,-0.5610944032669067,0.5966487526893616,2.6090526580810547,-0.47833311557769775,0.9287686944007874,2.6838996410369873,-0.5447258353233337,1.0445245504379272,2.6536877155303955,-0.34666746854782104,0.5049079060554504,2.923452377319336,-0.7223307490348816,0.5587602853775024,2.816967248916626,-0.692244827747345,0.9059829711914062,2.8528342247009277,-0.7851676940917969,1.0044548511505127,2.8331165313720703,-0.14076043665409088,-0.04353293776512146,3.0352227687835693,-0.1393934190273285,-0.09768220782279968,3.043449640274048,-0.0879514217376709,-0.13449907302856445,3.047978162765503,0.0300724059343338,-0.10373090207576752,3.0630452632904053,-0.12967504560947418,-0.1278984248638153,3.0983569622039795,-0.08814455568790436,-0.08502902090549469,3.205784797668457,-0.42861512303352356,1.0008900165557861,2.718919277191162,-0.6512418985366821,0.9888998866081238,2.8713624477386475
-0.28871679306030273,0.5052565336227417,2.8637380599975586,-0.2199379801750183,0.3797735571861267,2.928431987762451,-0.15291854739189148,0.25383874773979187,2.9940872192382812,-0.08589710295200348,0.1279001533985138,3.059744358062744,-0.056559331715106964,0.12614497542381287,3.0284717082977295,0.03700144588947296,0.1226872056722641,2.9263343811035156,-0.10699905455112457,0.320179283618927,2.8612358570098877,-0.3009534478187561,0.41424301266670227,2.74861216545105,-0.33974432945251465,0.4330557584762573,2.7260873317718506,-0.41732609272003174,0.47068125009536743,2.6810379028320312,-0.4101486802101135,0.4448241591453552,2.752122163772583,-0.11450644582509995,0.12828657031059265,3.0917305946350098,-0.20806722342967987,0.13174434006214142,3.1938676834106445,-0.38427260518074036,0.313157320022583,3.198117971420288,-0.5902895927429199,0.43796437978744507,3.1644937992095947,-0.6314929723739624,0.4629257917404175,3.157768964767456,-0.7138997912406921,0.5128486156463623,3.1443192958831787,-0.6512889862060547,0.5098437070846558,3.1013782024383545,-0.22951917350292206,0.5055022239685059,2.801279067993164,-0.5627931952476501,0.5946283936500549,2.6106317043304443,-0.4811290204524994,0.9273866415023804,2.6838276386260986,-0.5478468537330627,1.0427781343460083,2.652946710586548,-0.3479144275188446,0.5050108432769775,2.926197052001953,-0.7236452102661133,0.5566645860671997,2.8188672065734863,-0.698574423789978,0.9043015241622925,2.8545708656311035,-0.792816162109375,1.001438021659851,2.834493637084961,-0.1414555311203003,-0.04312705993652344,3.0362277030944824,-0.14017261564731598,-0.09729377925395966,3.044304847717285,-0.08879803121089935,-0.13422170281410217,3.048572301864624,0.029319599270820618,-0.10373630374670029,3.063347101211548,-0.1303439438343048,-0.1276721954345703,3.099093437194824,-0.08839380741119385,-0.08517938107252121,3.2064895629882812,-0.43166834115982056,0.9998422265052795,2.718519926071167,-0.6588035821914673,0.9878016710281372,2.873164415359497
-0.2891457974910736,0.5049668550491333,2.8649539947509766,-0.22027266025543213,0.37952280044555664,2.9296231269836426,-0.15311723947525024,0.2536240220069885,2.995208740234375,-0.08595980703830719,0.12772145867347717,3.0607962608337402,-0.056681618094444275,0.125954270362854,3.029468536376953,0.036686837673187256,0.12245699018239975,2.927151918411255,-0.10741919279098511,0.3199279308319092,2.8621809482574463,-0.3014252781867981,0.4141545295715332,2.749760150909424,-0.34022650122642517,0.432999849319458,2.727276086807251,-0.4178289473056793,0.4706904888153076,2.682307720184326,-0.41060924530029297,0.4447820484638214,2.7533724308013916,-0.11450809240341187,0.1281202733516693,3.092836856842041,-0.2078765481710434,0.13161754608154297,3.1951534748077393,-0.3840799331665039,0.3130660653114319,3.1985244750976562,-0.5902956128120422,0.43732231855392456,3.1640143394470215,-0.6315387487411499,0.46217358112335205,3.1571123600006104,-0.7140250205993652,0.511876106262207,3.143308162689209,-0.6513638496398926,0.5087482333183289,3.1004436016082764,-0.23010052740573883,0.5051091909408569,2.8023464679718018,-0.5635420680046082,0.5911989808082581,2.6106033325195312,-0.48227185010910034,0.9245815277099609,2.6813488006591797,-0.5490875244140625,1.0396677255630493,2.6495561599731445,-0.3481910824775696,0.5048245191574097,2.9275615215301514,-0.723697304725647,0.5564888119697571,2.819459915161133,-0.700116753578186,0.904358446598053,2.8538742065429688,-0.7947099208831787,1.0010313987731934,2.8332247734069824,-0.1417996734380722,-0.04318305850028992,3.037184000015259,-0.1405932903289795,-0.0973537266254425,3.0452117919921875,-0.08927678316831589,-0.13436144590377808,3.0493991374969482,0.02889062464237213,-0.10407465696334839,3.06408953666687,-0.13076184689998627,-0.12779244780540466,3.0999596118927,-0.08865038305521011,-0.08546249568462372,3.2073440551757812,-0.43290987610816956,0.9973469376564026,2.7155282497406006,-0.6607255339622498,0.9880906343460083,2.8722288608551025
-0.28908124566078186,0.5044541954994202,2.865635395050049,-0.22014737129211426,0.3790345788002014,2.9302921295166016,-0.15292856097221375,0.25316321849823,2.995870351791382,-0.08570773154497147,0.1272881031036377,3.061450481414795,-0.05647502839565277,0.1254911571741104,3.030081272125244,0.036747418344020844,0.12189723551273346,2.9276282787323,-0.10682661086320877,0.31972968578338623,2.8625521659851074,-0.30043283104896545,0.41447457671165466,2.749863386154175,-0.33915406465530396,0.43342354893684387,2.727325677871704,-0.41659656167030334,0.4713215231895447,2.6822502613067627,-0.40955856442451477,0.445339560508728,2.7533085346221924,-0.11420983076095581,0.12771694362163544,3.0935325622558594,-0.20743227005004883,0.1313108652830124,3.1959855556488037,-0.3838421106338501,0.31257471442222595,3.1989941596984863,-0.5902248024940491,0.43652665615081787,3.1643412113189697,-0.631501317024231,0.4613170325756073,3.1574106216430664,-0.7140544056892395,0.5108978152275085,3.1435494422912598,-0.6514346599578857,0.5077065825462341,3.1006252765655518,-0.23017412424087524,0.504486083984375,2.8028934001922607,-0.5638981461524963,0.5877714157104492,2.6104135513305664,-0.4827362895011902,0.9215196967124939,2.679520845413208,-0.5495818257331848,1.036426305770874,2.64715313911438,-0.3479883670806885,0.5044223070144653,2.928377389907837,-0.7235354781150818,0.5568575859069824,2.8208060264587402,-0.6994755268096924,0.9047240614891052,2.8548800945281982,-0.7939768433570862,1.001495122909546,2.8342795372009277,-0.14174817502498627,-0.04355040192604065,3.037909746170044,-0.14058761298656464,-0.09771928191184998,3.0459365844726562,-0.08930674195289612,-0.1347774863243103,3.0500621795654297,0.028903022408485413,-0.10461315512657166,3.064608097076416,-0.13072159886360168,-0.128165602684021,3.1006698608398438,-0.08843906223773956,-0.08587948977947235,3.2079970836639404,-0.4334005117416382,0.9944669008255005,2.713345766067505,-0.6599550843238831,0.9884225130081177,2.873105049133301
-0.28901517391204834,0.504340648651123,2.866227865219116,-0.22002580761909485,0.3788661062717438,2.930724620819092,-0.15277011692523956,0.2529411315917969,2.9961676597595215,-0.08551241457462311,0.12701238691806793,3.061612606048584,-0.056329309940338135,0.12520769238471985,3.0301966667175293,0.036735087633132935,0.12158960103988647,2.9275925159454346,-0.10566353797912598,0.32030433416366577,2.8625664710998535,-0.29812031984329224,0.4172007143497467,2.749708652496338,-0.33661168813705444,0.43658000230789185,2.7271370887756348,-0.41359442472457886,0.47533854842185974,2.6819939613342285,-0.4070133566856384,0.4489223062992096,2.7529404163360596,-0.1139644980430603,0.12744837999343872,3.0937397480010986,-0.20702889561653137,0.1310664713382721,3.1963438987731934,-0.38357824087142944,0.31221234798431396,3.1994781494140625,-0.5901882648468018,0.4358506500720978,3.1649630069732666,-0.6315102577209473,0.4605783224105835,3.158060073852539,-0.7141542434692383,0.5100336670875549,3.144253969192505,-0.6515859365463257,0.5068768262863159,3.1012449264526367,-0.23024767637252808,0.5043322443962097,2.8033504486083984,-0.5641862154006958,0.5851675868034363,2.610208749771118,-0.48297327756881714,0.9190759658813477,2.6784558296203613,-0.5497775673866272,1.0339101552963257,2.645754814147949,-0.3477826714515686,0.5043490529060364,2.929105281829834,-0.7236497402191162,0.557685136795044,2.8231232166290283,-0.6983140110969543,0.9053958654403687,2.8578131198883057,-0.7925809621810913,1.0025156736373901,2.837799310684204,-0.1416884958744049,-0.0438036173582077,3.0382699966430664,-0.14054268598556519,-0.09796728938817978,3.0463240146636963,-0.08927588164806366,-0.13505035638809204,3.0503742694854736,0.028974071145057678,-0.10494370758533478,3.064683675765991,-0.13059185445308685,-0.12838837504386902,3.1010541915893555,-0.08808784186840057,-0.0860680565237999,3.2082765102386475,-0.4336341917514801,0.9921006560325623,2.7121052742004395,-0.6584464311599731,0.9889261722564697,2.8760476112365723
-0.28870248794555664,0.5041434168815613,2.8643367290496826,-0.21974053978919983,0.3787049651145935,2.9289517402648926,-0.15251612663269043,0.2528223991394043,2.9945268630981445,-0.08528970181941986,0.12693604826927185,3.0601038932800293,-0.056110017001628876,0.12508676946163177,3.028684616088867,0.036942608654499054,0.12132398039102554,2.9260683059692383,-0.10436632484197617,0.32101500034332275,2.861595630645752,-0.29618752002716064,0.41959065198898315,2.749077081680298,-0.33455175161361694,0.43930578231811523,2.7265734672546387,-0.41128021478652954,0.4787360429763794,2.681565999984741,-0.4048779308795929,0.45201376080513,2.7524194717407227,-0.11373872309923172,0.12741710245609283,3.092236042022705,-0.20679134130477905,0.13117989897727966,3.194852352142334,-0.3834853172302246,0.3121952414512634,3.1986119747161865,-0.5901508331298828,0.4360010027885437,3.1649303436279297,-0.6314839124679565,0.4607621431350708,3.158194065093994,-0.7141501307487488,0.510284423828125,3.144721269607544,-0.6517154574394226,0.5071585774421692,3.1015076637268066,-0.22995205223560333,0.5040440559387207,2.801440954208374,-0.5643491148948669,0.5825473666191101,2.608158588409424,-0.4828263819217682,0.916536808013916,2.675572395324707,-0.5495795607566833,1.0313421487808228,2.642685890197754,-0.34745293855667114,0.5042427778244019,2.927232503890991,-0.7237426042556763,0.5578646659851074,2.8229589462280273,-0.6968372464179993,0.9054378867149353,2.857722043991089,-0.7908036708831787,1.0029455423355103,2.83821964263916,-0.1414390355348587,-0.04397483170032501,3.0374090671539307,-0.1402658373117447,-0.09811023622751236,3.045644998550415,-0.08898241817951202,-0.1351628303527832,3.049757480621338,0.02927464246749878,-0.10497045516967773,3.06381893157959,-0.13023781776428223,-0.12834253907203674,3.1004650592803955,-0.08761564642190933,-0.08564628660678864,3.2074904441833496,-0.43340107798576355,0.9895981550216675,2.709005832672119,-0.6565466523170471,0.9887930750846863,2.8758106231689453
-0.28945401310920715,0.5040943622589111,2.8633785247802734,-0.22063064575195312,0.3785916566848755,2.928030014038086,-0.1535722315311432,0.25264719128608704,2.9936695098876953,-0.08651180565357208,0.12669895589351654,3.0593111515045166,-0.05734563618898392,0.1247832328081131,3.027880907058716,0.03566398471593857,0.12080708146095276,2.925231695175171,-0.1047416403889656,0.32107454538345337,2.8604822158813477,-0.2958976626396179,0.420165091753006,2.7472376823425293,-0.33412885665893555,0.43998318910598755,2.7245888710021973,-0.4105912744998932,0.47961941361427307,2.679291009902954,-0.40453851222991943,0.45283085107803345,2.750157594680786,-0.11494911462068558,0.12724576890468597,3.09145450592041,-0.20795872807502747,0.1312219202518463,3.194103717803955,-0.38452601432800293,0.31236448884010315,3.1990692615509033,-0.5912328958511353,0.4364478588104248,3.1665196418762207,-0.6325742602348328,0.4612645208835602,3.1600096225738525,-0.7152569890022278,0.5108978748321533,3.1469898223876953,-0.6529722809791565,0.5078650712966919,3.103541374206543,-0.23069268465042114,0.5039215683937073,2.800489902496338,-0.5654256343841553,0.5820862054824829,2.6077163219451904,-0.4812287390232086,0.9151958227157593,2.6760451793670654,-0.54717618227005,1.030603289604187,2.643690347671509,-0.34821534156799316,0.504267156124115,2.926267147064209,-0.7251713275909424,0.5568676590919495,2.8240182399749756,-0.697115957736969,0.9044022560119629,2.8579680919647217,-0.7909291982650757,1.0021207332611084,2.8388638496398926,-0.14230309426784515,-0.04436029493808746,3.0368685722351074,-0.14100876450538635,-0.09848165512084961,3.0451743602752686,-0.0896439254283905,-0.13541767001152039,3.0493083000183105,0.02855360507965088,-0.1049521192908287,3.0632688999176025,-0.13088726997375488,-0.12862038612365723,3.1000277996063232,-0.08830255270004272,-0.0856931284070015,3.2069740295410156,-0.4311806261539459,0.9877631664276123,2.709606409072876,-0.656493067741394,0.9876742959022522,2.87565279006958
-0.2895013988018036,0.5044919848442078,2.86309814453125,-0.2208290994167328,0.37883758544921875,2.9276251792907715,-0.15394023060798645,0.25274839997291565,2.9931695461273193,-0.08704935759305954,0.1266554296016693,3.0587158203125,-0.05790291726589203,0.1247066855430603,3.0272679328918457,0.03504505008459091,0.12062648683786392,2.9245641231536865,-0.10446324199438095,0.3215186893939972,2.859710931777954,-0.2954225540161133,0.42045319080352783,2.7459466457366943,-0.33361440896987915,0.4402400851249695,2.723193883895874,-0.4099981188774109,0.4798138737678528,2.6776881217956543,-0.4040614366531372,0.4531852602958679,2.7486329078674316,-0.11546877026557922,0.12723368406295776,3.0908761024475098,-0.20841673016548157,0.13131389021873474,3.193579912185669,-0.3849366307258606,0.3124942183494568,3.199951410293579,-0.5918486714363098,0.4365645945072174,3.1684908866882324,-0.6332311034202576,0.46137866377830505,3.162198781967163,-0.7159959077835083,0.5110068321228027,3.1496145725250244,-0.65382319688797,0.5082041025161743,3.1059772968292236,-0.2307211458683014,0.5043283104896545,2.8002231121063232,-0.565820038318634,0.5839259624481201,2.6087067127227783,-0.47921857237815857,0.9158962965011597,2.6794633865356445,-0.5444856882095337,1.031990885734558,2.648228406906128,-0.3482816517353058,0.504655659198761,2.9259731769561768,-0.7259346842765808,0.5560300350189209,2.8257510662078857,-0.6967201232910156,0.903511106967926,2.859127998352051,-0.7903764247894287,1.0014617443084717,2.8404858112335205,-0.14262938499450684,-0.04452180862426758,3.036900043487549,-0.14127668738365173,-0.09860114008188248,3.045408010482788,-0.08987988531589508,-0.135456845164299,3.0496973991394043,0.02825857698917389,-0.10480982065200806,3.0635814666748047,-0.13114160299301147,-0.1285172551870346,3.1003684997558594,-0.08864964544773102,-0.08514764904975891,3.2071497440338135,-0.42859572172164917,0.9878548979759216,2.7134604454040527,-0.6557631492614746,0.9866878986358643,2.876467704772949
-0.28870248794555664,0.5049251317977905,2.862236976623535,-0.22021645307540894,0.37907522916793823,2.9266011714935303,-0.15359029173851013,0.25280699133872986,2.992088556289673,-0.08696212619543076,0.12653496861457825,3.0575778484344482,-0.05783667415380478,0.12452174723148346,3.026111602783203,0.0350441113114357,0.1202366054058075,2.9233531951904297,-0.10393344610929489,0.3214467465877533,2.8582794666290283,-0.29499122500419617,0.419488787651062,2.7438743114471436,-0.3332027792930603,0.43909719586372375,2.7209932804107666,-0.4096258878707886,0.47831401228904724,2.6752312183380127,-0.4037182033061981,0.4519749879837036,2.7462921142578125,-0.11536341160535812,0.12717579305171967,3.0897560119628906,-0.2082442045211792,0.13146093487739563,3.192514419555664,-0.38480451703071594,0.31257718801498413,3.200145721435547,-0.5921062231063843,0.43624693155288696,3.169557571411133,-0.6335665583610535,0.4609808921813965,3.163439989089966,-0.7164872288703918,0.5104488134384155,3.151204824447632,-0.6544204950332642,0.5079067349433899,3.1073920726776123,-0.22997267544269562,0.5047030448913574,2.799312114715576,-0.5657700300216675,0.5868246555328369,2.610110282897949,-0.4774898886680603,0.9177370667457581,2.6836678981781006,-0.5424373149871826,1.0343881845474243,2.6538822650909424,-0.34743231534957886,0.5051472187042236,2.925161838531494,-0.7259166240692139,0.5566110610961914,2.8281967639923096,-0.694039523601532,0.9037348031997681,2.8627803325653076,-0.7871847152709961,1.0023961067199707,2.845381021499634,-0.14258326590061188,-0.04470522701740265,3.03688383102417,-0.14125756919384003,-0.09870938956737518,3.045750379562378,-0.08989497274160385,-0.1355445235967636,3.0503106117248535,0.028210267424583435,-0.10486378520727158,3.0640454292297363,-0.1311659812927246,-0.12825235724449158,3.1008965969085693,-0.088724285364151,-0.08420263975858688,3.2073724269866943,-0.42641404271125793,0.989157497882843,2.7181155681610107,-0.6523654460906982,0.9865555763244629,2.880107879638672
-0.28813695907592773,0.5051382184028625,2.861412525177002,-0.21973435580730438,0.3792445659637451,2.925800085067749,-0.1532384306192398,0.25293391942977905,2.9913578033447266,-0.08674050867557526,0.12661950290203094,3.056917428970337,-0.05762837827205658,0.12454630434513092,3.025439500808716,0.035207316279411316,0.1200685203075409,2.922647714614868,-0.10391935706138611,0.3208264112472534,2.8564343452453613,-0.2950458526611328,0.4171212911605835,2.740631103515625,-0.3332711458206177,0.4363802671432495,2.717470407485962,-0.4097217321395874,0.47489821910858154,2.6711490154266357,-0.40397801995277405,0.44898563623428345,2.7423858642578125,-0.11512988805770874,0.127319797873497,3.0891077518463135,-0.20796558260917664,0.13179758191108704,3.191899538040161,-0.38464707136154175,0.31277117133140564,3.2006406784057617,-0.5921821594238281,0.43632128834724426,3.1710262298583984,-0.6336891651153564,0.46103131771087646,3.1651034355163574,-0.7167031764984131,0.5104513764381409,3.1532576084136963,-0.654757022857666,0.5081071853637695,3.1092541217803955,-0.22939921915531158,0.5048723816871643,2.798492193222046,-0.565911591053009,0.5887286067008972,2.611344575881958,-0.4770214557647705,0.919206976890564,2.6860849857330322,-0.5420101284980774,1.0360504388809204,2.657165050506592,-0.3468747138977051,0.5054040551185608,2.924332857131958,-0.7260266542434692,0.5569014549255371,2.8300538063049316,-0.6915438771247864,0.9036969542503357,2.8653717041015625,-0.7841449975967407,1.0030324459075928,2.848947048187256,-0.14247189462184906,-0.044684037566185,3.037721872329712,-0.14120088517665863,-0.09858644008636475,3.047069787979126,-0.08989423513412476,-0.13540901243686676,3.0520002841949463,0.0281800776720047,-0.10472024977207184,3.0655510425567627,-0.13118374347686768,-0.12763090431690216,3.1024651527404785,-0.0888068825006485,-0.08268226683139801,3.2085349559783936,-0.4257284998893738,0.9904186129570007,2.7206385135650635,-0.6491825580596924,0.9861836433410645,2.8826191425323486
-0.28757405281066895,0.5053795576095581,2.861011505126953,-0.21923646330833435,0.37951570749282837,2.9255411624908447,-0.15281926095485687,0.2532348036766052,2.991250514984131,-0.08640006184577942,0.12695010006427765,3.05696177482605,-0.05727244168519974,0.12483622133731842,3.025498628616333,0.03561139851808548,0.12022668868303299,2.922755479812622,-0.10393743962049484,0.3203001022338867,2.8553285598754883,-0.2951720952987671,0.41519004106521606,2.7385265827178955,-0.3334190249443054,0.4341680407524109,2.7151660919189453,-0.4099128842353821,0.47212401032447815,2.668445348739624,-0.4042448103427887,0.4466090202331543,2.739835023880005,-0.11480581015348434,0.12769143283367157,3.089138984680176,-0.20768964290618896,0.1323009580373764,3.1918821334838867,-0.384423166513443,0.31321555376052856,3.201090097427368,-0.592020571231842,0.4367779791355133,3.171881914138794,-0.6335400342941284,0.4614904522895813,3.1660401821136475,-0.716579020023346,0.5109153985977173,3.1543569564819336,-0.6546705961227417,0.5086609125137329,3.110290050506592,-0.22877374291419983,0.5050747394561768,2.7981467247009277,-0.5660876035690308,0.5894866585731506,2.6127028465270996,-0.47758644819259644,0.9201077222824097,2.6872670650482178,-0.5429509878158569,1.0368285179138184,2.658703088760376,-0.34637436270713806,0.5056843757629395,2.9238762855529785,-0.7259615659713745,0.5575418472290039,2.831573486328125,-0.6899740695953369,0.904127836227417,2.86742901802063,-0.7822815775871277,1.0038477182388306,2.8517000675201416,-0.14247210323810577,-0.04431523382663727,3.0390589237213135,-0.14134402573108673,-0.09812379628419876,3.0488436222076416,-0.0901501476764679,-0.13501012325286865,3.054169178009033,0.02792777121067047,-0.10449466109275818,3.06769061088562,-0.13150234520435333,-0.126729816198349,3.1044728755950928,-0.08923682570457458,-0.08103379607200623,3.2102174758911133,-0.4262979030609131,0.9914078712463379,2.7216432094573975,-0.6472090482711792,0.9864165186882019,2.8846237659454346
-0.2872771620750427,0.5057490468025208,2.861085891723633,-0.218894362449646,0.3798724114894867,2.9255473613739014,-0.15246811509132385,0.2535843253135681,2.9912383556365967,-0.08603988587856293,0.1272924393415451,3.056931257247925,-0.05691560357809067,0.12518146634101868,3.0254642963409424,0.035957470536231995,0.12058142572641373,2.92270827293396,-0.10446120798587799,0.3195791244506836,2.853877544403076,-0.2957391142845154,0.41324496269226074,2.736140251159668,-0.33399468660354614,0.43197813630104065,2.712592840194702,-0.41050586104393005,0.4694444537162781,2.6654980182647705,-0.4049455225467682,0.44422951340675354,2.737006187438965,-0.11444219201803207,0.12803077697753906,3.0891122817993164,-0.20731526613235474,0.1326308250427246,3.191868305206299,-0.38401585817337036,0.31358033418655396,3.201319456100464,-0.5915789604187012,0.43727031350135803,3.1723203659057617,-0.6330915689468384,0.4620082974433899,3.166520595550537,-0.7161167860031128,0.5114842653274536,3.154921054840088,-0.6542185544967651,0.5092589259147644,3.110832452774048,-0.22844910621643066,0.5055259466171265,2.798243522644043,-0.5661807060241699,0.5899387001991272,2.6135711669921875,-0.4800913631916046,0.921388566493988,2.687256336212158,-0.5463792681694031,1.0375425815582275,2.658518075942993,-0.3461052179336548,0.505972146987915,2.9239282608032227,-0.726120114326477,0.558951735496521,2.834073305130005,-0.689690113067627,0.9052091836929321,2.872525215148926,-0.7820056080818176,1.005115032196045,2.858088731765747,-0.14259761571884155,-0.04386463761329651,3.0400495529174805,-0.14164882898330688,-0.09759803116321564,3.0501768589019775,-0.0905899703502655,-0.13459613919258118,3.055809259414673,0.027529984712600708,-0.10436501353979111,3.069298505783081,-0.13197532296180725,-0.1258697807788849,3.1059865951538086,-0.08972853422164917,-0.07964032143354416,3.211467742919922,-0.42929893732070923,0.9931538105010986,2.7213973999023438,-0.64677494764328,0.9873263835906982,2.8901546001434326
-0.28764694929122925,0.5062516331672668,2.8606693744659424,-0.21934208273887634,0.3802671432495117,2.9250059127807617,-0.1530078649520874,0.2538720369338989,2.9905872344970703,-0.08667165786027908,0.1274731457233429,3.0561704635620117,-0.05755861848592758,0.12535859644412994,3.0246927738189697,0.035279981791973114,0.12074887752532959,2.9219038486480713,-0.10588931292295456,0.31887465715408325,2.8520641326904297,-0.2971557378768921,0.412030965089798,2.7338850498199463,-0.335409015417099,0.43066221475601196,2.710249185562134,-0.4119156002998352,0.46792474389076233,2.662977457046509,-0.4064144194126129,0.44285228848457336,2.734543561935425,-0.11506370455026627,0.12821389734745026,3.0883610248565674,-0.20790231227874756,0.1328236162662506,3.191149950027466,-0.3843372166156769,0.31400641798973083,3.2013325691223145,-0.5918645262718201,0.43788397312164307,3.172801971435547,-0.6333699822425842,0.46265947818756104,3.167095899581909,-0.7163808941841125,0.512210488319397,3.155683755874634,-0.6545148491859436,0.5100635886192322,3.111541271209717,-0.22877441346645355,0.5060985684394836,2.797865867614746,-0.5662485957145691,0.5914775729179382,2.6131739616394043,-0.4822779595851898,0.9235357046127319,2.6865508556365967,-0.5492315888404846,1.039246678352356,2.6575748920440674,-0.34651947021484375,0.50640469789505,2.9234728813171387,-0.7268451452255249,0.5604243278503418,2.835587978363037,-0.690660834312439,0.90655118227005,2.8753976821899414,-0.7831534743309021,1.0064077377319336,2.861788511276245,-0.14367526769638062,-0.04352891445159912,3.039644956588745,-0.14288760721683502,-0.09722825884819031,3.0499014854431152,-0.09194943308830261,-0.13434654474258423,3.0556788444519043,0.026213645935058594,-0.10441838949918747,3.0692224502563477,-0.1333564817905426,-0.12538504600524902,3.1057779788970947,-0.0911063551902771,-0.07902748137712479,3.2111704349517822,-0.43196988105773926,0.9956514239311218,2.7206685543060303,-0.647768497467041,0.9886412620544434,2.8932039737701416
-0.2867828905582428,0.5063852071762085,2.858473300933838,-0.2187100350856781,0.38044121861457825,2.9231741428375244,-0.152647465467453,0.2540859878063202,2.9891445636749268,-0.08658292889595032,0.1277269721031189,3.055117130279541,-0.05741734802722931,0.1255054920911789,3.0236892700195312,0.03558832406997681,0.12055022269487381,2.92106294631958,-0.10631696879863739,0.31809186935424805,2.8510076999664307,-0.297640323638916,0.4121784567832947,2.7336316108703613,-0.335904985666275,0.43099576234817505,2.7101564407348633,-0.41243433952331543,0.4686304032802582,2.663206100463867,-0.40678295493125916,0.4434201121330261,2.7347164154052734,-0.11503046751022339,0.12857507169246674,3.087261915206909,-0.2080361396074295,0.13353033363819122,3.1898882389068604,-0.3844156265258789,0.3147106170654297,3.2013564109802246,-0.5921132564544678,0.43854600191116333,3.1737782955169678,-0.6336528062820435,0.4633130729198456,3.1682627201080322,-0.71673184633255,0.5128472447395325,3.157231569290161,-0.6549532413482666,0.5109350681304932,3.112948417663574,-0.2277594357728958,0.5060964822769165,2.795811891555786,-0.5664540529251099,0.5933336019515991,2.6142988204956055,-0.4794260263442993,0.9242078065872192,2.689344882965088,-0.5457648634910583,1.0406056642532349,2.6617777347564697,-0.3458063304424286,0.5066739320755005,2.9211347103118896,-0.7269243597984314,0.557941734790802,2.835157871246338,-0.6920437216758728,0.9044907093048096,2.872180461883545,-0.7850573062896729,1.0038281679153442,2.8584041595458984,-0.1442432552576065,-0.0429803729057312,3.0382893085479736,-0.14370852708816528,-0.09667889773845673,3.0484981536865234,-0.09295400977134705,-0.134006530046463,3.054379940032959,0.0252683162689209,-0.10459235310554504,3.068268299102783,-0.13444988429546356,-0.12491744756698608,3.1043624877929688,-0.0923033207654953,-0.07883995026350021,3.209885597229004,-0.4283037483692169,0.995699942111969,2.7235493659973145,-0.6494123339653015,0.9868945479393005,2.889113426208496
-0.2860041558742523,0.5061848759651184,2.855771064758301,-0.21807961165905,0.38044920563697815,2.9210667610168457,-0.15214097499847412,0.2542974054813385,2.987584114074707,-0.08620036393404007,0.12814182043075562,3.054103374481201,-0.056944236159324646,0.12584342062473297,3.0227596759796143,0.03634796291589737,0.12063669413328171,2.9204044342041016,-0.10546997934579849,0.3186599612236023,2.8515141010284424,-0.29701414704322815,0.41407427191734314,2.735563278198242,-0.3353229761123657,0.43315714597702026,2.7123730182647705,-0.41194063425064087,0.4713228642940521,2.6659927368164062,-0.4060041308403015,0.44582322239875793,2.737380027770996,-0.1147398054599762,0.12906904518604279,3.086169958114624,-0.2080320119857788,0.13427576422691345,3.1885251998901367,-0.384482204914093,0.31535929441452026,3.200587511062622,-0.5921326875686646,0.4394187331199646,3.173602819442749,-0.633662760257721,0.46423062682151794,3.168205976486206,-0.7167229652404785,0.5138543844223022,3.157412052154541,-0.6549842953681946,0.512047529220581,3.113064765930176,-0.22676795721054077,0.5057486891746521,2.7933101654052734,-0.5664445161819458,0.5925137400627136,2.6134145259857178,-0.47698816657066345,0.9227609038352966,2.688363790512085,-0.5427833199501038,1.0395909547805786,2.6613287925720215,-0.34524035453796387,0.5066210627555847,2.918231964111328,-0.7266608476638794,0.5549896955490112,2.831920862197876,-0.6947747468948364,0.9021432399749756,2.865842819213867,-0.7886410355567932,1.000546932220459,2.851179838180542,-0.14403916895389557,-0.042389363050460815,3.0362582206726074,-0.14359328150749207,-0.09613824635744095,3.0461833477020264,-0.09290145337581635,-0.13355889916419983,3.0519702434539795,0.025322064757347107,-0.10437159240245819,3.0662519931793213,-0.1344844102859497,-0.1246814876794815,3.1019127368927,-0.09249630570411682,-0.07921893894672394,3.207756280899048,-0.42523765563964844,0.993899941444397,2.722358465194702,-0.6528573036193848,0.9850598573684692,2.882037878036499
-0.28553783893585205,0.505814790725708,2.854135036468506,-0.2176472544670105,0.3802785277366638,2.9198780059814453,-0.15172448754310608,0.2543327510356903,2.9868292808532715,-0.08579975366592407,0.12838320434093475,3.0537824630737305,-0.0564534068107605,0.12605981528759003,3.0225205421447754,0.037123702466487885,0.12076913565397263,2.920428514480591,-0.10527045279741287,0.31872451305389404,2.852520704269409,-0.2970178723335266,0.4149242043495178,2.737549066543579,-0.335367351770401,0.4341641366481781,2.714554786682129,-0.4120663106441498,0.47264400124549866,2.6685662269592285,-0.40598180890083313,0.4467426538467407,2.739797592163086,-0.11442959308624268,0.12933768332004547,3.0857722759246826,-0.20800670981407166,0.13462835550308228,3.187864303588867,-0.38454800844192505,0.3155873417854309,3.2005488872528076,-0.5920511484146118,0.44003981351852417,3.174205780029297,-0.6335517764091492,0.46493029594421387,3.1689372062683105,-0.7165530323982239,0.5147112607955933,3.158400058746338,-0.6548302173614502,0.5130292773246765,3.114023208618164,-0.22612443566322327,0.5053232312202454,2.791842222213745,-0.5664015412330627,0.5925902128219604,2.6133370399475098,-0.4754197597503662,0.9222970008850098,2.6888136863708496,-0.5408876538276672,1.039441704750061,2.662357807159424,-0.34495124220848083,0.5063063502311707,2.9164278507232666,-0.7266523838043213,0.5522841215133667,2.8300657272338867,-0.69655841588974,0.899807333946228,2.8617351055145264,-0.7909450531005859,0.9976229667663574,2.8464999198913574,-0.1436835378408432,-0.04200476408004761,3.0347681045532227,-0.1432744562625885,-0.09581553936004639,3.04435133934021,-0.09260708093643188,-0.13329365849494934,3.0499725341796875,0.0256069153547287,-0.10424863547086716,3.064610242843628,-0.13425806164741516,-0.1247168555855751,3.099910259246826,-0.09240420162677765,-0.07994771748781204,3.2061007022857666,-0.4232698678970337,0.9931510090827942,2.7227911949157715,-0.6550648808479309,0.9830431938171387,2.8773701190948486
-0.28558066487312317,0.5053912401199341,2.8535022735595703,-0.21761251986026764,0.38004159927368164,2.919527053833008,-0.1515718698501587,0.2542821764945984,2.9867184162139893,-0.08552925288677216,0.1285189986228943,3.0539119243621826,-0.05613148212432861,0.12621159851551056,3.022696018218994,0.037608563899993896,0.12096931785345078,2.9207496643066406,-0.10630783438682556,0.31814658641815186,2.853762626647949,-0.2988510727882385,0.4142181873321533,2.7400035858154297,-0.3373597264289856,0.43343251943588257,2.717251777648926,-0.41437703371047974,0.4718611538410187,2.671748161315918,-0.4079058766365051,0.44568878412246704,2.7428488731384277,-0.11420921981334686,0.12945951521396637,3.085858106613159,-0.20794926583766937,0.13470178842544556,3.1878044605255127,-0.38451921939849854,0.3156220316886902,3.2008039951324463,-0.5917047262191772,0.44072985649108887,3.174997329711914,-0.633141815662384,0.46575140953063965,3.1698360443115234,-0.7160160541534424,0.5157945156097412,3.159513473510742,-0.6543094515800476,0.5141164064407349,3.115109920501709,-0.22609233856201172,0.5048739314079285,2.79128098487854,-0.5666567087173462,0.5913333296775818,2.6129403114318848,-0.47691333293914795,0.9216421842575073,2.6872398853302,-0.5428602695465088,1.0384384393692017,2.660443067550659,-0.3450689911842346,0.5059085488319397,2.9157235622406006,-0.7267383337020874,0.5513145327568054,2.828939437866211,-0.6966192126274109,0.8989181518554688,2.859644889831543,-0.7909812331199646,0.9967017769813538,2.844069004058838,-0.14344115555286407,-0.0417267382144928,3.0338172912597656,-0.14303722977638245,-0.0955958217382431,3.0430526733398438,-0.09237603843212128,-0.13311509788036346,3.048417091369629,0.025841206312179565,-0.104183629155159,3.063206434249878,-0.1340092569589615,-0.12485477328300476,3.098419189453125,-0.09211958944797516,-0.08077938854694366,3.20487904548645,-0.4250165820121765,0.9928130507469177,2.7209386825561523,-0.6551254987716675,0.9821915030479431,2.8750720024108887
-0.28554314374923706,0.5048288106918335,2.8526177406311035,-0.217487633228302,0.37961217761039734,2.9188106060028076,-0.1513524055480957,0.2539888024330139,2.98616886138916,-0.08521518856287003,0.12836167216300964,3.0535292625427246,-0.05579333007335663,0.12605665624141693,3.0223350524902344,0.03802160918712616,0.12081977725028992,2.920456886291504,-0.10732802748680115,0.31704509258270264,2.8537116050720215,-0.3003157079219818,0.4129692018032074,2.740551233291626,-0.338913232088089,0.4321540296077728,2.717919111251831,-0.41610831022262573,0.4705236554145813,2.672654867172241,-0.4094600975513458,0.44412750005722046,2.743661642074585,-0.11391821503639221,0.1293012648820877,3.0854556560516357,-0.207733154296875,0.13453814387321472,3.187333822250366,-0.3843398094177246,0.31542670726776123,3.2005717754364014,-0.5913637280464172,0.4409121870994568,3.175165891647339,-0.6327685117721558,0.4660092890262604,3.1700847148895264,-0.7155780792236328,0.5162034630775452,3.1599223613739014,-0.6538999676704407,0.5145246386528015,3.115471363067627,-0.2260582149028778,0.5042654871940613,2.790393352508545,-0.5668525695800781,0.589526355266571,2.6119186878204346,-0.47885483503341675,0.9207277297973633,2.6843011379241943,-0.5454297065734863,1.0370148420333862,2.656853675842285,-0.3450280725955963,0.5053921341896057,2.914842128753662,-0.7267684936523438,0.5516048073768616,2.8288068771362305,-0.6963710188865662,0.8991008996963501,2.860424757003784,-0.7906917333602905,0.9969889521598816,2.8452653884887695,-0.14318343997001648,-0.04175180196762085,3.032634735107422,-0.14277344942092896,-0.09566415101289749,3.0415849685668945,-0.09211423993110657,-0.13321593403816223,3.04666805267334,0.026121631264686584,-0.10438410192728043,3.0614144802093506,-0.13366049528121948,-0.12521323561668396,3.0967767238616943,-0.09159274399280548,-0.08170972764492035,3.2033891677856445,-0.4273306429386139,0.992365837097168,2.7175779342651367,-0.6547982692718506,0.9823035597801208,2.8760170936584473
-0.28540027141571045,0.5044974088668823,2.852957010269165,-0.2173132300376892,0.3793252408504486,2.9192025661468506,-0.15111997723579407,0.25375381112098694,2.9866018295288086,-0.08492475003004074,0.12817861139774323,3.0540030002593994,-0.055476605892181396,0.12590208649635315,3.022831439971924,0.038422636687755585,0.12075617909431458,2.921024799346924,-0.10774356871843338,0.31633424758911133,2.8541300296783447,-0.3007589280605316,0.4126339852809906,2.7413182258605957,-0.3393619954586029,0.4318939447402954,2.7187559604644775,-0.41656816005706787,0.47041383385658264,2.673631191253662,-0.40988871455192566,0.44384297728538513,2.744572401046753,-0.11365343630313873,0.1290903091430664,3.085907220840454,-0.20755267143249512,0.13423621654510498,3.187713861465454,-0.384225994348526,0.31509706377983093,3.200603485107422,-0.5911056995391846,0.4407932758331299,3.17498517036438,-0.6324816346168518,0.4659325182437897,3.1698615550994873,-0.7152335047721863,0.5162110328674316,3.159614324569702,-0.6535030603408813,0.5144830942153931,3.1152334213256836,-0.22587095201015472,0.5039688944816589,2.79077410697937,-0.5662021040916443,0.5890977382659912,2.6113598346710205,-0.4800078570842743,0.9209365844726562,2.6829798221588135,-0.5470560789108276,1.0368175506591797,2.6549758911132812,-0.34492960572242737,0.5050259232521057,2.91513991355896,-0.7264058589935303,0.5528461933135986,2.828822374343872,-0.6958121657371521,0.9002088308334351,2.8616721630096436,-0.7900425791740417,0.9982136487960815,2.8467135429382324,-0.1427774578332901,-0.04183875024318695,3.032216787338257,-0.14231730997562408,-0.09579349309206009,3.040863037109375,-0.09163053333759308,-0.13332968950271606,3.0456836223602295,0.026583820581436157,-0.10449366271495819,3.06046986579895,-0.13312672078609467,-0.12564080953598022,3.095872402191162,-0.09098870307207108,-0.08270855247974396,3.2026712894439697,-0.4289270341396332,0.9929225444793701,2.7161877155303955,-0.6542041301727295,0.983328104019165,2.877608299255371
-0.28533583879470825,0.504143238067627,2.853980541229248,-0.21721991896629333,0.3790116310119629,2.920276165008545,-0.15096800029277802,0.2534788250923157,2.9876928329467773,-0.08471409231424332,0.1279422640800476,3.0551114082336426,-0.0552237331867218,0.125715970993042,3.0239756107330322,0.03881167620420456,0.12073151767253876,2.922283411026001,-0.10752492398023605,0.3160601258277893,2.8550307750701904,-0.30029532313346863,0.4129350185394287,2.7422914505004883,-0.33884939551353455,0.43230998516082764,2.719743490219116,-0.41595757007598877,0.4710599482059479,2.674647808074951,-0.40934985876083374,0.4444049298763275,2.7455644607543945,-0.11348436772823334,0.12880414724349976,3.086980104446411,-0.2075197696685791,0.133788600564003,3.1886723041534424,-0.38412973284721375,0.3147744834423065,3.200655937194824,-0.5908442139625549,0.44055187702178955,3.1741132736206055,-0.6321871280670166,0.46570736169815063,3.16880464553833,-0.7148728966712952,0.5160183310508728,3.1581876277923584,-0.6529881954193115,0.514183521270752,3.1140260696411133,-0.22574926912784576,0.5036625862121582,2.7918505668640137,-0.5653366446495056,0.588253915309906,2.6107850074768066,-0.48073360323905945,0.9207198619842529,2.681377410888672,-0.5480947494506836,1.0362225770950317,2.6525766849517822,-0.34492242336273193,0.5046238899230957,2.9161105155944824,-0.7258518934249878,0.5546073913574219,2.8286209106445312,-0.6950083374977112,0.9018231630325317,2.8627448081970215,-0.7890726327896118,0.9999803304672241,2.8477466106414795,-0.14225810766220093,-0.042029768228530884,3.032382011413574,-0.14169563353061676,-0.09602464735507965,3.0407183170318604,-0.09094525873661041,-0.13348984718322754,3.0453011989593506,0.02720654010772705,-0.10452674329280853,3.0601980686187744,-0.13242708146572113,-0.12616491317749023,3.0955443382263184,-0.09032528102397919,-0.08377271890640259,3.2025537490844727,-0.4300788640975952,0.9930409789085388,2.714508533477783,-0.6533723473548889,0.9848427176475525,2.8791189193725586
-0.28520527482032776,0.5038289427757263,2.8547215461730957,-0.21707282960414886,0.3787136971950531,2.921032190322876,-0.1508103311061859,0.2531921863555908,2.9884605407714844,-0.08454585820436478,0.1276668906211853,3.0558910369873047,-0.055011674761772156,0.12548361718654633,3.0247933864593506,0.03916677087545395,0.12063775211572647,2.923222541809082,-0.10653825849294662,0.31638315320014954,2.855806589126587,-0.29849040508270264,0.41504189372062683,2.743215799331665,-0.3368808329105377,0.43477365374565125,2.7206976413726807,-0.4136616885662079,0.4742371439933777,2.675661325454712,-0.4073176383972168,0.4472905397415161,2.7464921474456787,-0.11335982382297516,0.12848587334156036,3.087721347808838,-0.20753827691078186,0.13333173096179962,3.1892921924591064,-0.3840104937553406,0.31451523303985596,3.200302839279175,-0.5905957221984863,0.4402763247489929,3.1726882457733154,-0.6319127678871155,0.46542853116989136,3.1671652793884277,-0.7145468592643738,0.5157329440116882,3.1561193466186523,-0.6524978876113892,0.5137786269187927,3.1121935844421387,-0.22555279731750488,0.5034170150756836,2.7926530838012695,-0.5643337965011597,0.5885124206542969,2.610320568084717,-0.48067229986190796,0.9211633801460266,2.681157350540161,-0.548133134841919,1.036525845527649,2.6520321369171143,-0.34485775232315063,0.504240870475769,2.916790008544922,-0.7252647876739502,0.5548568964004517,2.8274171352386475,-0.6943094730377197,0.9020640850067139,2.861515760421753,-0.7882178425788879,1.0002893209457397,2.845999002456665,-0.141723170876503,-0.04232339560985565,3.032600164413452,-0.1410476416349411,-0.09633602201938629,3.0407564640045166,-0.09022659063339233,-0.13370376825332642,3.0452165603637695,0.02784554660320282,-0.10454649478197098,3.060211420059204,-0.13171902298927307,-0.12663352489471436,3.0954742431640625,-0.08971631526947021,-0.08451411873102188,3.202608585357666,-0.43029817938804626,0.9935928583145142,2.714478015899658,-0.6526882648468018,0.985058069229126,2.878054141998291
-0.2854763865470886,0.5036827325820923,2.855593681335449,-0.21732088923454285,0.37858736515045166,2.9219202995300293,-0.15100328624248505,0.2530822157859802,2.9893271923065186,-0.08468369394540787,0.12757331132888794,3.0567359924316406,-0.05513355880975723,0.12542322278022766,3.025650978088379,0.03909704089164734,0.12068410217761993,2.924119234085083,-0.10623112320899963,0.3165143132209778,2.8561360836029053,-0.2973935604095459,0.41642847657203674,2.743307590484619,-0.3356260657310486,0.4364113211631775,2.7207419872283936,-0.41209104657173157,0.4763769805431366,2.6756105422973633,-0.4060591757297516,0.4492369592189789,2.7463948726654053,-0.1135130301117897,0.12835928797721863,3.0885539054870605,-0.20774362981319427,0.13309840857982635,3.1900856494903564,-0.3841031491756439,0.3144487738609314,3.200126886367798,-0.5906997323036194,0.4399363696575165,3.1713712215423584,-0.63201904296875,0.4650338888168335,3.1656200885772705,-0.7146576642990112,0.5152289271354675,3.1541178226470947,-0.6524565815925598,0.5131769180297852,3.1104116439819336,-0.22581389546394348,0.5032830238342285,2.793532371520996,-0.5638206601142883,0.5884711742401123,2.6098127365112305,-0.48046278953552246,0.9212422370910645,2.680440664291382,-0.5478188395500183,1.036551833152771,2.6508677005767822,-0.34513887763023376,0.504082441329956,2.9176549911499023,-0.7249668836593628,0.5549906492233276,2.826016664505005,-0.6935790777206421,0.9021915197372437,2.8597774505615234,-0.7872199416160583,1.000562071800232,2.843580961227417,-0.14145638048648834,-0.04248131811618805,3.033143997192383,-0.1406567245721817,-0.09649814665317535,3.0412039756774902,-0.08975761383771896,-0.13375020027160645,3.045602798461914,0.028227046132087708,-0.10435066372156143,3.0606584548950195,-0.13126462697982788,-0.12686553597450256,3.0958609580993652,-0.08937618136405945,-0.08484407514333725,3.203056812286377,-0.43022480607032776,0.9937294125556946,2.713840961456299,-0.6519028544425964,0.9851349592208862,2.876429796218872
-0.2859290540218353,0.5038227438926697,2.8567745685577393,-0.21772348880767822,0.3787272870540619,2.9230573177337646,-0.15130947530269623,0.2532164454460144,2.990366220474243,-0.08489347249269485,0.12770183384418488,3.0576770305633545,-0.05535080283880234,0.12558898329734802,3.026581048965454,0.03885477036237717,0.12097015231847763,2.9250152111053467,-0.10630529373884201,0.3170326352119446,2.8572916984558105,-0.2970814108848572,0.41850000619888306,2.745169162750244,-0.33523663878440857,0.43879348039627075,2.7227447032928467,-0.41154709458351135,0.47938042879104614,2.6778957843780518,-0.40554946660995483,0.4519459009170532,2.7485737800598145,-0.11371428519487381,0.12845051288604736,3.0895047187805176,-0.2079198658466339,0.13306933641433716,3.191070556640625,-0.3841632306575775,0.31460273265838623,3.200143814086914,-0.5908679366111755,0.4396531879901886,3.1701748371124268,-0.6322088837623596,0.4646632671356201,3.1641809940338135,-0.7148907780647278,0.5146834254264832,3.152193307876587,-0.6525374054908752,0.5125467777252197,3.108701705932617,-0.2263062447309494,0.5034254789352417,2.7946722507476807,-0.5636112093925476,0.5880687832832336,2.6094202995300293,-0.48031190037727356,0.921006441116333,2.6793220043182373,-0.5474886298179626,1.036263346672058,2.649144411087036,-0.34555187821388245,0.5042200088500977,2.918876886367798,-0.7246682643890381,0.5557544231414795,2.824683666229248,-0.6929068565368652,0.902927041053772,2.8583712577819824,-0.7862681150436401,1.001444697380066,2.8414740562438965,-0.1413102149963379,-0.042427822947502136,3.0339763164520264,-0.1404009759426117,-0.09644016623497009,3.0420002937316895,-0.08943375200033188,-0.13358581066131592,3.0463767051696777,0.02847278118133545,-0.10396002978086472,3.0614542961120605,-0.13095076382160187,-0.1268191635608673,3.096630096435547,-0.08915877342224121,-0.08478787541389465,3.203839063644409,-0.4301532208919525,0.9935666918754578,2.712681770324707,-0.6511993408203125,0.9858120679855347,2.8752329349517822
-0.286338210105896,0.503923773765564,2.8565969467163086,-0.2180548906326294,0.3788757920265198,2.92289137840271,-0.1515604555606842,0.25340571999549866,2.990198850631714,-0.08506403118371964,0.1279318928718567,3.0575084686279297,-0.05552920699119568,0.12582889199256897,3.0264041423797607,0.03865189105272293,0.1212410032749176,2.9248085021972656,-0.1069328561425209,0.3170478045940399,2.857200860977173,-0.2975251376628876,0.4195195436477661,2.7456493377685547,-0.33564358949661255,0.4400138854980469,2.723339080810547,-0.4118804931640625,0.4810025691986084,2.678718328475952,-0.4058948755264282,0.4532807171344757,2.7492902278900146,-0.11387613415718079,0.12867116928100586,3.0893445014953613,-0.2080572247505188,0.13325905799865723,3.1909401416778564,-0.384235680103302,0.3148971199989319,3.1995882987976074,-0.5911052227020264,0.4395488500595093,3.1689846515655518,-0.6324791312217712,0.4644792079925537,3.1628639698028564,-0.715226948261261,0.5143399238586426,3.150622606277466,-0.6528047323226929,0.5121829509735107,3.10722279548645,-0.22675511240959167,0.5035151839256287,2.7944555282592773,-0.563994824886322,0.5865921974182129,2.6083877086639404,-0.4822644889354706,0.9201678037643433,2.6770682334899902,-0.5498881340026855,1.0350056886672974,2.6463046073913574,-0.3459213078022003,0.5043323636054993,2.91873836517334,-0.7243032455444336,0.5566696524620056,2.8220865726470947,-0.691979706287384,0.9037493467330933,2.8561513423919678,-0.7850048542022705,1.0024845600128174,2.838693380355835,-0.1411403864622116,-0.04233476519584656,3.0341639518737793,-0.140119731426239,-0.09632246196269989,3.0422918796539307,-0.08908289670944214,-0.13335224986076355,3.0467207431793213,0.02875429391860962,-0.10346414148807526,3.0616941452026367,-0.1305892914533615,-0.1265718638896942,3.0969700813293457,-0.08884717524051666,-0.08425303548574448,3.2040674686431885,-0.4324798285961151,0.9930803775787354,2.7102162837982178,-0.6501967906951904,0.9865308403968811,2.8733255863189697
-0.2866115868091583,0.5040179491043091,2.8566291332244873,-0.2182956486940384,0.3789430558681488,2.9228453636169434,-0.15175975859165192,0.2534509301185608,2.990077018737793,-0.08522187173366547,0.12795504927635193,3.0573105812072754,-0.05571296066045761,0.12585347890853882,3.0261805057525635,0.03838524967432022,0.1212705448269844,2.924501657485962,-0.10780783742666245,0.31641095876693726,2.856224536895752,-0.29825881123542786,0.41895270347595215,2.7444632053375244,-0.3363490104675293,0.4394610524177551,2.7221109867095947,-0.4125294089317322,0.4804777503013611,2.6774065494537354,-0.4066392481327057,0.4527167081832886,2.747976064682007,-0.1140076145529747,0.1286926567554474,3.0891714096069336,-0.20810583233833313,0.1332755982875824,3.190850257873535,-0.3843337893486023,0.3148888349533081,3.1994705200195312,-0.5914807915687561,0.43904659152030945,3.168616771697998,-0.6329101920127869,0.46387815475463867,3.1624460220336914,-0.7157689929008484,0.5135412812232971,3.150104522705078,-0.6533287763595581,0.5114496350288391,3.1067192554473877,-0.22708512842655182,0.5036037564277649,2.7944328784942627,-0.5642302632331848,0.5865720510482788,2.6081552505493164,-0.4835112690925598,0.9204420447349548,2.676579236984253,-0.5514340400695801,1.03505539894104,2.6456449031829834,-0.346138060092926,0.5044321417808533,2.918825387954712,-0.7238627672195435,0.5573365092277527,2.8199565410614014,-0.6916882991790771,0.9044089317321777,2.8541929721832275,-0.7845898866653442,1.0031569004058838,2.8361713886260986,-0.1410900205373764,-0.04241754114627838,3.034411907196045,-0.13999022543430328,-0.09637872874736786,3.0426604747772217,-0.08890637755393982,-0.1333266794681549,3.0471224784851074,0.02889193594455719,-0.1032530665397644,3.061908721923828,-0.13036687672138214,-0.12648740410804749,3.0973916053771973,-0.08857947587966919,-0.08387510478496552,3.2043378353118896,-0.4339640140533447,0.9935275912284851,2.7096986770629883,-0.649996280670166,0.9871837496757507,2.871612310409546
-0.28680485486984253,0.5038776397705078,2.85725998878479,-0.21846045553684235,0.37879014015197754,2.923430919647217,-0.1518804132938385,0.25328510999679565,2.9906022548675537,-0.08529838174581528,0.12777630984783173,3.0577757358551025,-0.055806487798690796,0.12568163871765137,3.026627779006958,0.03823763132095337,0.1211211159825325,2.9248905181884766,-0.10824766755104065,0.3157728314399719,2.855829954147339,-0.2986198663711548,0.41810932755470276,2.7437360286712646,-0.33669430017471313,0.4385766386985779,2.7213172912597656,-0.41284316778182983,0.47951123118400574,2.6764795780181885,-0.4070011377334595,0.4518926739692688,2.7471108436584473,-0.11406660079956055,0.1285068690776825,3.089653730392456,-0.2081107199192047,0.13306738436222076,3.1913909912109375,-0.3844260275363922,0.3146156072616577,3.1997427940368652,-0.5917350649833679,0.4384257197380066,3.1685431003570557,-0.6331968903541565,0.4631877541542053,3.1623032093048096,-0.7161204814910889,0.5127118229866028,3.1498234272003174,-0.6536479592323303,0.5106357932090759,3.1064810752868652,-0.22732150554656982,0.5034537315368652,2.7950215339660645,-0.5642842054367065,0.5864217281341553,2.6084229946136475,-0.48407262563705444,0.9204931855201721,2.6764400005340576,-0.5521172881126404,1.0349704027175903,2.6452770233154297,-0.34628820419311523,0.5043015480041504,2.9194984436035156,-0.7234167456626892,0.5578612089157104,2.8187410831451416,-0.6917539834976196,0.9049664735794067,2.8530826568603516,-0.7846524119377136,1.0036215782165527,2.8345541954040527,-0.14108186960220337,-0.04264116287231445,3.035165548324585,-0.13995316624641418,-0.09658260643482208,3.0434987545013428,-0.08885545283555984,-0.13349395990371704,3.0480048656463623,0.028918787837028503,-0.10334175825119019,3.0627098083496094,-0.1303011029958725,-0.12659615278244019,3.098268747329712,-0.08851057291030884,-0.08379796147346497,3.2051239013671875,-0.4346538782119751,0.9936912655830383,2.7095000743865967,-0.6502335667610168,0.9877831935882568,2.870706081390381
-0.2874685525894165,0.5038396716117859,2.8584542274475098,-0.21899230778217316,0.37876373529434204,2.9245259761810303,-0.15223710238933563,0.2532680034637451,2.99155592918396,-0.08547990024089813,0.12776850163936615,3.0585880279541016,-0.056036561727523804,0.12569737434387207,3.0273900032043457,0.037852466106414795,0.12121247500181198,2.9254891872406006,-0.10907541215419769,0.31476953625679016,2.854304313659668,-0.29922425746917725,0.41583380103111267,2.740675687789917,-0.33725404739379883,0.43604665994644165,2.717949867248535,-0.4133135974407196,0.4764723777770996,2.6724984645843506,-0.4077152609825134,0.4493357539176941,2.743337631225586,-0.11419767141342163,0.1284756064414978,3.0905141830444336,-0.20808669924736023,0.1329605132341385,3.1924149990081787,-0.3844097852706909,0.3145522475242615,3.1997647285461426,-0.591909646987915,0.4377697706222534,3.1674654483795166,-0.6334096193313599,0.4624132812023163,3.1610054969787598,-0.7164095640182495,0.5117002725601196,3.148085832595825,-0.6538363695144653,0.5095283389091492,3.104891061782837,-0.22810250520706177,0.5034024119377136,2.79610013961792,-0.5641752481460571,0.5855408906936646,2.6075756549835205,-0.4836024343967438,0.9196568131446838,2.6748650074005127,-0.5512711405754089,1.0341627597808838,2.643022298812866,-0.34683459997177124,0.5042769312858582,2.9208083152770996,-0.7229502201080322,0.5587809085845947,2.816887855529785,-0.6918571591377258,0.9059170484542847,2.8512825965881348,-0.7846634387969971,1.0044838190078735,2.8318862915039062,-0.14140796661376953,-0.04261478781700134,3.036268472671509,-0.14031651616096497,-0.09653785824775696,3.0446784496307373,-0.08925176411867142,-0.1334785521030426,3.049201488494873,0.0285414457321167,-0.10340297222137451,3.063777208328247,-0.1306508183479309,-0.12647536396980286,3.099478006362915,-0.08875588327646255,-0.08356058597564697,3.2062270641326904,-0.4341886043548584,0.9928601384162903,2.707909107208252,-0.6505573987960815,0.9887735247612,2.8692128658294678
-0.2874336242675781,0.5041359066963196,2.858592987060547,-0.2188696265220642,0.37898579239845276,2.9244353771209717,-0.15207481384277344,0.25341132283210754,2.9912805557250977,-0.0852779969573021,0.12783309817314148,3.0581278800964355,-0.055878959596157074,0.12577204406261444,3.0268871784210205,0.037866272032260895,0.12132115662097931,2.924851417541504,-0.10837522894144058,0.31522509455680847,2.8531734943389893,-0.2979649007320404,0.4170207977294922,2.7392492294311523,-0.33588284254074097,0.4373799264431,2.7164642810821533,-0.4117187261581421,0.47809821367263794,2.6708946228027344,-0.4063178300857544,0.45098885893821716,2.7417619228363037,-0.11395103484392166,0.12852922081947327,3.090095043182373,-0.20769625902175903,0.1329801082611084,3.1921308040618896,-0.3834032118320465,0.31521350145339966,3.1985435485839844,-0.5907213687896729,0.4384751319885254,3.1652097702026367,-0.6321849822998047,0.463127464056015,3.158543109893799,-0.7151122689247131,0.5124320983886719,3.145209550857544,-0.6524671316146851,0.5099532008171082,3.1021316051483154,-0.2281540483236313,0.503763735294342,2.7961556911468506,-0.5639892816543579,0.5870111584663391,2.607706069946289,-0.4821452498435974,0.9204676151275635,2.6766862869262695,-0.5493494272232056,1.035391926765442,2.6453797817230225,-0.34671318531036377,0.5045080780982971,2.921030282974243,-0.7230058908462524,0.5575159788131714,2.816998243331909,-0.6927304863929749,0.9047929048538208,2.8506431579589844,-0.7857704758644104,1.003096580505371,2.8310463428497314,-0.1413453221321106,-0.04253244400024414,3.0361177921295166,-0.14027445018291473,-0.09644190967082977,3.0445945262908936,-0.0892290472984314,-0.1334066540002823,3.0490834712982178,0.028598695993423462,-0.1033887192606926,3.0634312629699707,-0.1305406540632248,-0.12631329894065857,3.0994136333465576,-0.0884508565068245,-0.08329087495803833,3.206033706665039,-0.43246251344680786,0.9933116436004639,2.7101151943206787,-0.651625394821167,0.9877839684486389,2.8683905601501465
-0.2875105142593384,0.5042246580123901,2.858962059020996,-0.21888133883476257,0.37902915477752686,2.9246532917022705,-0.15201666951179504,0.253407746553421,2.9913434982299805,-0.08514999598264694,0.12778258323669434,3.0580358505249023,-0.05580092966556549,0.12572526931762695,3.026747465133667,0.037781521677970886,0.12128721177577972,2.924560546875,-0.10821937024593353,0.31523728370666504,2.8524909019470215,-0.297547310590744,0.41724705696105957,2.738307237625122,-0.3354128897190094,0.4376490116119385,2.715470552444458,-0.41114407777786255,0.4784529209136963,2.66979718208313,-0.405852347612381,0.45138803124427795,2.740691900253296,-0.11377230286598206,0.12847450375556946,3.0900490283966064,-0.20735475420951843,0.1329125612974167,3.1922359466552734,-0.3826770782470703,0.31556206941604614,3.1975443363189697,-0.5899930000305176,0.43850862979888916,3.163001298904419,-0.631456196308136,0.4630979299545288,3.156092643737793,-0.714382529258728,0.5122765302658081,3.14227557182312,-0.6516456007957458,0.5095561742782593,3.099342107772827,-0.22835107147693634,0.5038331151008606,2.79641056060791,-0.5641359686851501,0.5877628326416016,2.608182430267334,-0.4810277223587036,0.9207825064659119,2.6777398586273193,-0.5478278994560242,1.0360102653503418,2.64669132232666,-0.3466699719429016,0.5046162009239197,2.921513557434082,-0.7231776714324951,0.5562949180603027,2.817605972290039,-0.6932675838470459,0.9036924839019775,2.85028076171875,-0.7864352464675903,1.0018360614776611,2.830498695373535,-0.14137358963489532,-0.042551010847091675,3.036266326904297,-0.14032062888145447,-0.09645199775695801,3.044778347015381,-0.08929342776536942,-0.1334453523159027,3.049185037612915,0.028577342629432678,-0.10349749028682709,3.0632615089416504,-0.1304911971092224,-0.12628942728042603,3.0995945930480957,-0.08814967423677444,-0.0832224190235138,3.2060885429382324,-0.43105822801589966,0.9933798313140869,2.711275100708008,-0.6522416472434998,0.986777126789093,2.8677663803100586
-0.2878313660621643,0.5043612718582153,2.859555244445801,-0.21911278367042542,0.379130482673645,2.925092935562134,-0.1521379053592682,0.25347083806991577,2.991607666015625,-0.08516103029251099,0.12780742347240448,3.058124303817749,-0.05586335062980652,0.12576614320278168,3.0267856121063232,0.03755003958940506,0.12138058990240097,2.924440622329712,-0.1085769310593605,0.3150506615638733,2.8518564701080322,-0.29786819219589233,0.4166710674762726,2.7372546195983887,-0.33572643995285034,0.43699514865875244,2.71433424949646,-0.41144293546676636,0.47764331102371216,2.6684935092926025,-0.4062157869338989,0.4506981670856476,2.739440679550171,-0.11373075842857361,0.1284828931093216,3.0901858806610107,-0.2071441411972046,0.1328684538602829,3.192530870437622,-0.3822307288646698,0.3157757520675659,3.1969199180603027,-0.5897833704948425,0.4379630386829376,3.1610920429229736,-0.6312938928604126,0.46240049600601196,3.153926372528076,-0.7143149375915527,0.5112754106521606,3.1395952701568604,-0.6514500975608826,0.5084768533706665,3.0968515872955322,-0.22876489162445068,0.5039915442466736,2.7969155311584473,-0.5644441246986389,0.5878528952598572,2.6084697246551514,-0.4805485010147095,0.9206758141517639,2.67802095413208,-0.547063410282135,1.0360618829727173,2.64694881439209,-0.34689784049987793,0.5047309994697571,2.9221949577331543,-0.7235887050628662,0.5552257895469666,2.818371295928955,-0.6952589154243469,0.9028047323226929,2.8505163192749023,-0.7888787388801575,1.0004916191101074,2.8306095600128174,-0.14150892198085785,-0.04249618947505951,3.036522626876831,-0.14046362042427063,-0.096392422914505,3.0450470447540283,-0.08944756537675858,-0.13340690732002258,3.0493552684783936,0.028460785746574402,-0.10351303964853287,3.0631721019744873,-0.13053250312805176,-0.1262177675962448,3.0998475551605225,-0.0879465639591217,-0.08314379304647446,3.206233501434326,-0.4304116368293762,0.993154764175415,2.711561918258667,-0.6546090245246887,0.9861021041870117,2.8678669929504395
-0.2883037328720093,0.5044093132019043,2.860386371612549,-0.21947842836380005,0.3791508078575134,2.925767421722412,-0.15238907933235168,0.2534588575363159,2.9921138286590576,-0.08529771119356155,0.12776315212249756,3.058462142944336,-0.056049324572086334,0.12573911249637604,3.0270750522613525,0.0372009202837944,0.1214098185300827,2.924578905105591,-0.10917960852384567,0.3145943880081177,2.851210594177246,-0.29849493503570557,0.415462851524353,2.735982656478882,-0.3363580107688904,0.4356365501880646,2.712937116622925,-0.41208416223526,0.47598394751548767,2.6668460369110107,-0.4069212079048157,0.4492582678794861,2.7378811836242676,-0.11381689459085464,0.12842105329036713,3.0905704498291016,-0.20706713199615479,0.13275034725666046,3.1930665969848633,-0.3820982575416565,0.3157287836074829,3.196732759475708,-0.5898352861404419,0.43734580278396606,3.1600329875946045,-0.6313827037811279,0.4616692066192627,3.152693033218384,-0.7144775390625,0.510316014289856,3.1380131244659424,-0.6515353918075562,0.5074591636657715,3.095386266708374,-0.22934569418430328,0.5040553212165833,2.7976443767547607,-0.5648645758628845,0.5873255133628845,2.6086528301239014,-0.4804717004299164,0.9201125502586365,2.6777703762054443,-0.5467671751976013,1.0355621576309204,2.6464669704437256,-0.34726178646087646,0.5047633051872253,2.923128366470337,-0.7242529392242432,0.5538092851638794,2.8197031021118164,-0.6976195573806763,0.9016236662864685,2.85072660446167,-0.7917512655258179,0.9987789988517761,2.830634832382202,-0.14172431826591492,-0.04250553250312805,3.0368688106536865,-0.14067476987838745,-0.09640440344810486,3.0453579425811768,-0.08966150134801865,-0.1334313005208969,3.0495431423187256,0.028274565935134888,-0.10357445478439331,3.063145637512207,-0.13064338266849518,-0.12626385688781738,3.1001176834106445,-0.08784075081348419,-0.08326669782400131,3.2064406871795654,-0.43024224042892456,0.9925583600997925,2.7112441062927246,-0.657364547252655,0.985176682472229,2.867764949798584
-0.2886434495449066,0.5045042634010315,2.861645460128784,-0.2197829782962799,0.3791940212249756,2.9268970489501953,-0.15264645218849182,0.2534475028514862,2.9930989742279053,-0.08550792187452316,0.12769721448421478,3.059303045272827,-0.056284770369529724,0.1256939023733139,3.0278899669647217,0.03688206523656845,0.1214325800538063,2.925313949584961,-0.10938896983861923,0.3144911229610443,2.85137939453125,-0.2987916171550751,0.4147990942001343,2.735795497894287,-0.3366721570491791,0.4348606765270233,2.7126786708831787,-0.4124332070350647,0.4749838709831238,2.666445016860962,-0.40723487734794617,0.44855359196662903,2.7375898361206055,-0.11400136351585388,0.12833379209041595,3.091435432434082,-0.20716819167137146,0.13259510695934296,3.1940114498138428,-0.38227611780166626,0.315518319606781,3.1970865726470947,-0.5901004672050476,0.4368228316307068,3.159817934036255,-0.6316653490066528,0.4610837399959564,3.1523642539978027,-0.7147951126098633,0.5096055269241333,3.1374568939208984,-0.6517982482910156,0.5067015290260315,3.0949110984802246,-0.2297753095626831,0.5041383504867554,2.798818826675415,-0.5649400949478149,0.5864359736442566,2.608781337738037,-0.4805057644844055,0.9193390607833862,2.6772751808166504,-0.5466643571853638,1.0347497463226318,2.645545721054077,-0.3475115895271301,0.5048701763153076,2.9244720935821533,-0.7245856523513794,0.5532956123352051,2.821066379547119,-0.6985390782356262,0.9012083411216736,2.851452589035034,-0.7928404211997986,0.9981656074523926,2.8312065601348877,-0.1418503373861313,-0.04255613684654236,3.0374467372894287,-0.14076656103134155,-0.09646634757518768,3.0458412170410156,-0.08973325788974762,-0.1334705501794815,3.049933671951294,0.02818801999092102,-0.10357407480478287,3.06352162361145,-0.13068880140781403,-0.12641370296478271,3.10054087638855,-0.08785267174243927,-0.08357968926429749,3.206908941268921,-0.43030810356140137,0.9918364882469177,2.7106828689575195,-0.658423125743866,0.9848601818084717,2.8683300018310547
-0.2886534035205841,0.5046545267105103,2.863210916519165,-0.21983394026756287,0.37926122546195984,2.928349018096924,-0.1527198851108551,0.253434419631958,2.9944238662719727,-0.08560382574796677,0.12760382890701294,3.0605006217956543,-0.05639095604419708,0.12561704218387604,3.02907657623291,0.036743856966495514,0.12141041457653046,2.926466226577759,-0.10906577855348587,0.3147420287132263,2.852308988571167,-0.298595666885376,0.4146061837673187,2.736534595489502,-0.3365016579627991,0.4345790147781372,2.7133796215057373,-0.4123136103153229,0.47452467679977417,2.667069911956787,-0.40703141689300537,0.4483961760997772,2.7383222579956055,-0.11408722400665283,0.1282230168581009,3.0926430225372314,-0.20722204446792603,0.13242964446544647,3.195253372192383,-0.3824741244316101,0.3152317404747009,3.1978931427001953,-0.5903034806251526,0.4364490509033203,3.1603238582611084,-0.631869375705719,0.46069252490997314,3.1528100967407227,-0.715001106262207,0.5091794729232788,3.137782335281372,-0.6519715785980225,0.5062353014945984,3.0952839851379395,-0.22984440624713898,0.5042652487754822,2.8003287315368652,-0.5645990371704102,0.5862365365028381,2.609434127807617,-0.4787598252296448,0.918685793876648,2.6783735752105713,-0.5443263053894043,1.0344268083572388,2.6466217041015625,-0.34746241569519043,0.5050438046455383,2.926093101501465,-0.7244561910629272,0.553715169429779,2.822519540786743,-0.6986714005470276,0.9016615748405457,2.8527183532714844,-0.7930302023887634,0.9985398650169373,2.8323678970336914,-0.14191146194934845,-0.042596235871315,3.03823184967041,-0.1408238261938095,-0.09652227908372879,3.0465023517608643,-0.08979019522666931,-0.13352681696414948,3.0505292415618896,0.028114736080169678,-0.10364773869514465,3.0642318725585938,-0.1307641863822937,-0.12659227848052979,3.1011335849761963,-0.08797823637723923,-0.08399989455938339,3.207610607147217,-0.4282912611961365,0.9909218549728394,2.711937427520752,-0.6586235165596008,0.9853509664535522,2.869568109512329
-0.28858745098114014,0.5047299861907959,2.8648061752319336,-0.2197849601507187,0.3792610168457031,2.9298181533813477,-0.1526825726032257,0.25336015224456787,2.995765447616577,-0.08557818084955215,0.12745553255081177,3.0617146492004395,-0.056374065577983856,0.1254892796278,3.0302810668945312,0.03673467040061951,0.12135013937950134,2.9276394844055176,-0.10842335224151611,0.31515955924987793,2.8534226417541504,-0.29803788661956787,0.4148258566856384,2.7375996112823486,-0.3359608054161072,0.43475911021232605,2.71443510055542,-0.4118066132068634,0.4746256172657013,2.6681058406829834,-0.4064291715621948,0.4487672448158264,2.7394521236419678,-0.11405295878648758,0.12805338203907013,3.093865394592285,-0.20716169476509094,0.13219252228736877,3.196506977081299,-0.38258910179138184,0.31484049558639526,3.198957681655884,-0.5903949737548828,0.4361068904399872,3.161365032196045,-0.631956160068512,0.46036016941070557,3.153846502304077,-0.7150785326957703,0.5088667273521423,3.1388094425201416,-0.6520421504974365,0.5059106945991516,3.0963175296783447,-0.22982893884181976,0.5043433904647827,2.801875591278076,-0.5644033551216125,0.5857560634613037,2.6104350090026855,-0.47753334045410156,0.9177927374839783,2.6800498962402344,-0.5426743626594543,1.033806324005127,2.648422956466675,-0.3473459780216217,0.5051165819168091,2.927736759185791,-0.7242193222045898,0.5544378161430359,2.824047565460205,-0.6979348659515381,0.9023033380508423,2.854703187942505,-0.792140007019043,0.9993459582328796,2.834433078765869,-0.14192377030849457,-0.04267336428165436,3.0390877723693848,-0.14085176587104797,-0.09661342203617096,3.0472466945648193,-0.08983157575130463,-0.1336374580860138,3.05120587348938,0.028072074055671692,-0.1038195788860321,3.064988136291504,-0.13080959022045135,-0.12679672241210938,3.1018145084381104,-0.0880323201417923,-0.08443747460842133,3.2083797454833984,-0.42686301469802856,0.9898004531860352,2.713797092437744,-0.657771646976471,0.985910952091217,2.871678590774536
-0.28868427872657776,0.505011796951294,2.8668465614318848,-0.219808429479599,0.3794287443161011,2.931574821472168,-0.15263731777668,0.25341445207595825,2.9972496032714844,-0.08546419441699982,0.1273963898420334,3.0629265308380127,-0.0563109815120697,0.12546171247959137,3.0314412117004395,0.03663088381290436,0.12142664939165115,2.9286396503448486,-0.1072298139333725,0.3165878653526306,2.8553833961486816,-0.2973755896091461,0.41526952385902405,2.739551305770874,-0.33540475368499756,0.4350058436393738,2.7163848876953125,-0.41146305203437805,0.47447851300239563,2.6700520515441895,-0.4058459401130676,0.4489786922931671,2.7415146827697754,-0.11388732492923737,0.12796138226985931,3.095125436782837,-0.20682919025421143,0.13199643790721893,3.1979269981384277,-0.3813105821609497,0.3155844211578369,3.199336051940918,-0.5889313220977783,0.4367125928401947,3.1601932048797607,-0.630455493927002,0.4609382152557373,3.152364730834961,-0.7135037779808044,0.5093894600868225,3.1367075443267822,-0.650295615196228,0.5061564445495605,3.094482183456421,-0.23002837598323822,0.5046917200088501,2.8038113117218018,-0.5644151568412781,0.5845618844032288,2.6114115715026855,-0.4767056107521057,0.9162060022354126,2.6818060874938965,-0.5414364337921143,1.032467246055603,2.6502583026885986,-0.3473401963710785,0.5053318738937378,2.9298818111419678,-0.7242334485054016,0.5564769506454468,2.8271827697753906,-0.6965238451957703,0.9040504693984985,2.8597562313079834,-0.7903836965560913,1.0015729665756226,2.840219259262085,-0.14175337553024292,-0.04266528785228729,3.039884090423584,-0.1406610906124115,-0.09661738574504852,3.0479023456573486,-0.0896354541182518,-0.13362900912761688,3.0517473220825195,0.028244748711586,-0.10381288826465607,3.065563201904297,-0.1305914968252182,-0.126933291554451,3.10237979888916,-0.0877973884344101,-0.08484168350696564,3.209022283554077,-0.4258921444416046,0.9880002737045288,2.715786933898926,-0.6560006737709045,0.9874007701873779,2.877126455307007
-0.28859442472457886,0.5053590536117554,2.8677546977996826,-0.21966153383255005,0.3796401023864746,2.9321603775024414,-0.1524716317653656,0.2534991502761841,2.997575044631958,-0.08527972549200058,0.12735439836978912,3.0629916191101074,-0.05616505444049835,0.1254507601261139,3.031468391418457,0.03665320575237274,0.12151800841093063,2.9285476207733154,-0.10628147423267365,0.31778326630592346,2.856419563293457,-0.2967919707298279,0.41596806049346924,2.7407546043395996,-0.334894061088562,0.4356050193309784,2.7176215648651123,-0.41109827160835266,0.4748789370059967,2.6713554859161377,-0.40532857179641724,0.44946369528770447,2.742837905883789,-0.11366410553455353,0.12788701057434082,3.0952258110046387,-0.20648236572742462,0.13181975483894348,3.1981465816497803,-0.37975117564201355,0.31656211614608765,3.1991591453552246,-0.5870314240455627,0.437960684299469,3.159031867980957,-0.6284874677658081,0.46224039793014526,3.1510064601898193,-0.7113995552062988,0.5107998251914978,3.134955644607544,-0.6480816006660461,0.5072987079620361,3.092913866043091,-0.22999337315559387,0.5051693916320801,2.804664134979248,-0.5640166401863098,0.5859057307243347,2.611999034881592,-0.47687846422195435,0.9173856377601624,2.683851957321167,-0.5416978001594543,1.0336838960647583,2.6526272296905518,-0.34719547629356384,0.5055487155914307,2.930845260620117,-0.7242850661277771,0.558663547039032,2.829890012741089,-0.6954525113105774,0.9058861136436462,2.8651039600372314,-0.7890960574150085,1.0038288831710815,2.8466670513153076,-0.1415795087814331,-0.04267318546772003,3.039835214614868,-0.14047715067863464,-0.09662899374961853,3.047797679901123,-0.08945019543170929,-0.13363927602767944,3.0515553951263428,0.028432831168174744,-0.1038341298699379,3.0652852058410645,-0.1303539276123047,-0.126996710896492,3.1022305488586426,-0.08746108412742615,-0.08501353114843369,3.20886492729187,-0.4262259602546692,0.9891128540039062,2.7182111740112305,-0.6546271443367004,0.9889793992042542,2.8829874992370605
-0.2895541787147522,0.5058897733688354,2.868614435195923,-0.22067669034004211,0.37994134426116943,2.932633399963379,-0.15357929468154907,0.2535717785358429,2.997704267501831,-0.08647987991571426,0.12719842791557312,3.062777042388916,-0.05741730332374573,0.1253095269203186,3.0312044620513916,0.03523464500904083,0.12142839282751083,2.9281296730041504,-0.10679951310157776,0.3184908330440521,2.856377363204956,-0.29728949069976807,0.41596153378486633,2.740064859390259,-0.3353874981403351,0.43545567989349365,2.7168023586273193,-0.41158348321914673,0.4744439721107483,2.6702773571014404,-0.40593230724334717,0.44913917779922485,2.7418100833892822,-0.1148131787776947,0.12771379947662354,3.0950570106506348,-0.20746512711048126,0.1315949261188507,3.198131799697876,-0.37989842891693115,0.31712621450424194,3.1989150047302246,-0.5871104001998901,0.43839386105537415,3.1580135822296143,-0.6285527944564819,0.46264737844467163,3.1498332023620605,-0.7114375829696655,0.5111544132232666,3.1334726810455322,-0.6480422019958496,0.5075156092643738,3.0915563106536865,-0.23099413514137268,0.5058243870735168,2.805481433868408,-0.5646950006484985,0.5870699286460876,2.6124770641326904,-0.4786982238292694,0.9187405705451965,2.6848130226135254,-0.5438113212585449,1.034871220588684,2.6535797119140625,-0.3481142222881317,0.505955159664154,2.9317474365234375,-0.7254227995872498,0.5615373849868774,2.8329715728759766,-0.6937764286994934,0.9081459045410156,2.871628522872925,-0.7867543697357178,1.0069810152053833,2.854649066925049,-0.14260049164295197,-0.0428430438041687,3.039433002471924,-0.14143355190753937,-0.09680258482694626,3.0473222732543945,-0.09036858379840851,-0.133757546544075,3.0509984493255615,0.027477994561195374,-0.10384328663349152,3.0646920204162598,-0.13124340772628784,-0.12722812592983246,3.101702928543091,-0.08833400905132294,-0.08534325659275055,3.208354949951172,-0.4283282458782196,0.9905872344970703,2.7193360328674316,-0.6522350311279297,0.9907370209693909,2.89017391204834
-0.29105180501937866,0.5067951083183289,2.869810104370117,-0.2222357988357544,0.3805304765701294,2.9332785606384277,-0.15524564683437347,0.25384461879730225,2.9978513717651367,-0.08825348317623138,0.12715494632720947,3.0624260902404785,-0.05928048491477966,0.12527991831302643,3.030769109725952,0.03308020532131195,0.12144926935434341,2.9274353981018066,-0.10801579058170319,0.31921616196632385,2.855761766433716,-0.2983996272087097,0.4158588945865631,2.7385830879211426,-0.3364763855934143,0.435187429189682,2.7151472568511963,-0.4126299023628235,0.4738445281982422,2.668275833129883,-0.40714508295059204,0.448722779750824,2.73988676071167,-0.11649838089942932,0.12765301764011383,3.09478497505188,-0.20885907113552094,0.13148367404937744,3.1981186866760254,-0.3809201717376709,0.3173617124557495,3.1992335319519043,-0.5884263515472412,0.43805429339408875,3.158109664916992,-0.6299275755882263,0.4621928036212921,3.1498849391937256,-0.7129300236701965,0.5104698538780212,3.1334354877471924,-0.6495252847671509,0.5069074034690857,3.0915253162384033,-0.23258531093597412,0.5068801045417786,2.806586503982544,-0.5656126737594604,0.5891684293746948,2.6128599643707275,-0.48053911328315735,0.9209914207458496,2.685591697692871,-0.5458025336265564,1.0369971990585327,2.6542065143585205,-0.3495182991027832,0.5067101120948792,2.9330337047576904,-0.7275800704956055,0.564233124256134,2.838329315185547,-0.6935250163078308,0.910208523273468,2.8804619312286377,-0.786077082157135,1.0097606182098389,2.8654561042785645,-0.1438993513584137,-0.04295481741428375,3.038641929626465,-0.14256471395492554,-0.09692683070898056,3.0463650226593018,-0.09139440208673477,-0.13373804092407227,3.049862861633301,0.02636544406414032,-0.10352490842342377,3.0634937286376953,-0.13221678137779236,-0.12748271226882935,3.100632429122925,-0.08929795026779175,-0.08580149710178375,3.207340717315674,-0.43042677640914917,0.99293053150177,2.720297336578369,-0.6513226628303528,0.9923496246337891,2.899507999420166
-0.29249441623687744,0.5077589750289917,2.870849847793579,-0.223760724067688,0.3811522424221039,2.9337317943573,-0.1569022238254547,0.2541140913963318,2.9977550506591797,-0.09004172682762146,0.12707212567329407,3.0617802143096924,-0.06118025630712509,0.12519846856594086,3.030020236968994,0.030811890959739685,0.12137889862060547,2.926375389099121,-0.10928885638713837,0.31987297534942627,2.854755401611328,-0.29952186346054077,0.41593629121780396,2.7368550300598145,-0.337568461894989,0.4351489543914795,2.7132749557495117,-0.4136616587638855,0.47357428073883057,2.6661148071289062,-0.40832167863845825,0.44863399863243103,2.737800359725952,-0.11817649751901627,0.12756498157978058,3.094236135482788,-0.21016864478588104,0.13138455152511597,3.197880983352661,-0.3816142678260803,0.3178304135799408,3.1992554664611816,-0.5892925262451172,0.4381589889526367,3.1579267978668213,-0.6308281421661377,0.46222469210624695,3.149661064147949,-0.7138994336128235,0.5103561282157898,3.133129596710205,-0.6505189538002014,0.5067479610443115,3.091186046600342,-0.2341204583644867,0.5080044269561768,2.8075380325317383,-0.5661020278930664,0.5919331908226013,2.612717390060425,-0.48188474774360657,0.9238085746765137,2.68621563911438,-0.5471907258033752,1.039747953414917,2.6546695232391357,-0.3508683741092682,0.5075135231018066,2.93416166305542,-0.7299375534057617,0.5649706125259399,2.8435184955596924,-0.6949900388717651,0.9107141494750977,2.8868298530578613,-0.7875621318817139,1.0104506015777588,2.873228073120117,-0.1451241672039032,-0.04310840368270874,3.0374703407287598,-0.14358742535114288,-0.09709279239177704,3.044989585876465,-0.09229285269975662,-0.1337299644947052,3.048259973526001,0.02536134421825409,-0.10316134989261627,3.061790943145752,-0.13303793966770172,-0.1278064250946045,3.099114418029785,-0.090083047747612,-0.08637799322605133,3.205878734588623,-0.4320436716079712,0.9957872629165649,2.7212302684783936,-0.6524835228919983,0.9927165508270264,2.9058008193969727
-0.29385343194007874,0.5086688995361328,2.872206211090088,-0.22520482540130615,0.38170742988586426,2.9344701766967773,-0.15845683217048645,0.25431329011917114,2.997905731201172,-0.09170682728290558,0.1269153505563736,3.061343193054199,-0.06297607719898224,0.1250404715538025,3.02946400642395,0.02858150750398636,0.1212238296866417,2.9254608154296875,-0.1108383759856224,0.32012656331062317,2.853637218475342,-0.30091461539268494,0.41570913791656494,2.7350900173187256,-0.3389298617839813,0.4348256587982178,2.7113804817199707,-0.4149603545665741,0.47305870056152344,2.66396164894104,-0.40975069999694824,0.4482975900173187,2.735719919204712,-0.11971209943294525,0.1274055540561676,3.093912124633789,-0.21126967668533325,0.1312221884727478,3.1979153156280518,-0.38231542706489563,0.3180362582206726,3.1995575428009033,-0.5902919173240662,0.43779051303863525,3.1580467224121094,-0.6318871974945068,0.4617413580417633,3.1497445106506348,-0.715077817440033,0.5096430778503418,3.1331400871276855,-0.6517179012298584,0.5060617923736572,3.0911619663238525,-0.23559808731079102,0.5090639591217041,2.8087828159332275,-0.5663628578186035,0.5946670770645142,2.612593412399292,-0.4825098216533661,0.9264539480209351,2.6869704723358154,-0.5476512908935547,1.042442798614502,2.655242681503296,-0.35210877656936646,0.5082738399505615,2.9356296062469482,-0.7324209809303284,0.5655196309089661,2.8501362800598145,-0.6972918510437012,0.9110778570175171,2.894871234893799,-0.7901425361633301,1.0107839107513428,2.883000135421753,-0.14626163244247437,-0.04332968592643738,3.036659002304077,-0.14453136920928955,-0.097315713763237,3.0440163612365723,-0.09312313795089722,-0.1337822675704956,3.04707407951355,0.024425357580184937,-0.10287178307771683,3.060448408126831,-0.1337716430425644,-0.12814262509346008,3.098015308380127,-0.09074541926383972,-0.08689281344413757,3.204782247543335,-0.43284499645233154,0.9983866214752197,2.7223386764526367,-0.6546319127082825,0.9930285811424255,2.9137399196624756
-0.2950725257396698,0.5095322132110596,2.8737099170684814,-0.22644385695457458,0.38224974274635315,2.935343027114868,-0.15973880887031555,0.25453150272369385,2.9981749057769775,-0.09303174912929535,0.12680943310260773,3.0610086917877197,-0.06443870067596436,0.12494683265686035,3.0290043354034424,0.0266607403755188,0.1211761087179184,2.924624443054199,-0.11211961507797241,0.3204553723335266,2.852600574493408,-0.302028626203537,0.4158424139022827,2.7336254119873047,-0.3400104343891144,0.4349198341369629,2.7098302841186523,-0.4159740209579468,0.47307464480400085,2.6622402667999268,-0.4108554422855377,0.448467493057251,2.734058380126953,-0.12089978158473969,0.12728384137153625,3.093696117401123,-0.21199922263622284,0.1310545653104782,3.198076009750366,-0.3829880952835083,0.31791794300079346,3.2001991271972656,-0.5913567543029785,0.4370534420013428,3.1588659286499023,-0.6330304741859436,0.4608805477619171,3.150599241256714,-0.7163779139518738,0.5085347294807434,3.134066104888916,-0.6530752182006836,0.5050711035728455,3.0919909477233887,-0.2369542121887207,0.5100960731506348,2.81015944480896,-0.5666172504425049,0.5964065790176392,2.612335205078125,-0.48447033762931824,0.9286060333251953,2.6869759559631348,-0.5498837828636169,1.0443346500396729,2.6547884941101074,-0.3531908392906189,0.5089683532714844,2.937260389328003,-0.734804630279541,0.5665513277053833,2.8577821254730225,-0.6996150612831116,0.9119020700454712,2.904369831085205,-0.7928124070167542,1.011529803276062,2.8945393562316895,-0.1472356915473938,-0.043508380651474,3.036329746246338,-0.14535662531852722,-0.09748519957065582,3.043633460998535,-0.09386396408081055,-0.1338237076997757,3.0465173721313477,0.02362200617790222,-0.10265029221773148,3.059593915939331,-0.1343774050474167,-0.1283269077539444,3.097564220428467,-0.09116608649492264,-0.08707601577043533,3.2042267322540283,-0.4352835416793823,1.000762939453125,2.722585439682007,-0.6568194031715393,0.993809700012207,2.923175811767578
-0.2949502170085907,0.5102156400680542,2.8753771781921387,-0.22613753378391266,0.38264572620391846,2.936213731765747,-0.1592431366443634,0.2546389102935791,2.998260021209717,-0.09234674274921417,0.12662823498249054,3.0603079795837402,-0.06393544375896454,0.12483291327953339,3.02813720703125,0.026566296815872192,0.12128463387489319,2.923243284225464,-0.11263872683048248,0.32017189264297485,2.850940704345703,-0.30257195234298706,0.4156937599182129,2.7321038246154785,-0.34055858850479126,0.43479812145233154,2.708336353302002,-0.41653186082839966,0.47300687432289124,2.660801649093628,-0.41137999296188354,0.448387086391449,2.732614517211914,-0.1200309544801712,0.12703223526477814,3.093153238296509,-0.21053269505500793,0.13058051466941833,3.198047161102295,-0.3808373212814331,0.3180782198905945,3.199726104736328,-0.5894502401351929,0.4364544451236725,3.1574299335479736,-0.6311728358268738,0.46012967824935913,3.148970603942871,-0.7146180272102356,0.5074801445007324,3.132052183151245,-0.651260495185852,0.5039076805114746,3.090066432952881,-0.23700548708438873,0.5110909342765808,2.8116707801818848,-0.5652442574501038,0.5989917516708374,2.6111950874328613,-0.4889431595802307,0.9333558082580566,2.6844592094421387,-0.5559280514717102,1.0479713678359985,2.6508126258850098,-0.35289496183395386,0.5093403458595276,2.9390835762023926,-0.7369575500488281,0.5682014226913452,2.870607376098633,-0.7063321471214294,0.9141430854797363,2.919344425201416,-0.8015164136886597,1.012385606765747,2.91269850730896,-0.14692422747612,-0.043562665581703186,3.036149740219116,-0.14511148631572723,-0.09750687330961227,3.0435357093811035,-0.09369371086359024,-0.13391536474227905,3.0462753772735596,0.023847490549087524,-0.1029399186372757,3.058823347091675,-0.13397568464279175,-0.1282619833946228,3.097452163696289,-0.09028476476669312,-0.08692197501659393,3.203824043273926,-0.4411811828613281,1.0066052675247192,2.7200961112976074,-0.6643955707550049,0.9967094659805298,2.937805414199829
-0.2932076156139374,0.5101228356361389,2.8739585876464844,-0.22423842549324036,0.3825953006744385,2.934708595275879,-0.15714526176452637,0.2546290159225464,2.9966254234313965,-0.09005007892847061,0.12665888667106628,3.058544158935547,-0.06168914586305618,0.12489086389541626,3.026327133178711,0.028646014630794525,0.12142997235059738,2.9212870597839355,-0.11204784363508224,0.3193944990634918,2.849330425262451,-0.30250027775764465,0.4154212474822998,2.7317357063293457,-0.34059077501296997,0.43462660908699036,2.708216667175293,-0.4167717695236206,0.4730373024940491,2.6611788272857666,-0.4112860858440399,0.44817420840263367,2.7328834533691406,-0.11768177896738052,0.12703603506088257,3.0914342403411865,-0.20801693201065063,0.13049691915512085,3.196474313735962,-0.3786231279373169,0.31771981716156006,3.198366165161133,-0.5874545574188232,0.4358507990837097,3.1564579010009766,-0.6292208433151245,0.4594770073890686,3.148076295852661,-0.712753415107727,0.5067293643951416,3.1313130855560303,-0.6494774222373962,0.5032140612602234,3.0891988277435303,-0.23527494072914124,0.5111002922058105,2.810239791870117,-0.5636839866638184,0.6000701189041138,2.6100409030914307,-0.4908042550086975,0.9355856776237488,2.6825449466705322,-0.5589695572853088,1.0494954586029053,2.648534059524536,-0.3511402904987335,0.5091453790664673,2.9376773834228516,-0.7360810041427612,0.5676031112670898,2.872476816177368,-0.7101433873176575,0.9143795371055603,2.9195117950439453,-0.8068556785583496,1.0112537145614624,2.913123607635498,-0.14541064202785492,-0.04333639144897461,3.0350637435913086,-0.1438216269016266,-0.0972524881362915,3.042625665664673,-0.0925695076584816,-0.1338706612586975,3.0453903675079346,0.025107309222221375,-0.10337765514850616,3.0576114654541016,-0.13272151350975037,-0.1278698891401291,3.0966134071350098,-0.0886567085981369,-0.08637546002864838,3.2027430534362793,-0.4437892436981201,1.0094542503356934,2.7180497646331787,-0.6692600846290588,0.9976803064346313,2.93731951713562
-0.2915443778038025,0.5096982717514038,2.871605157852173,-0.22241680324077606,0.3823317289352417,2.9325428009033203,-0.1551547646522522,0.2545282244682312,2.9946422576904297,-0.08789072185754776,0.1267208755016327,3.056743621826172,-0.059511907398700714,0.12495678663253784,3.0245378017425537,0.030871793627738953,0.12150593847036362,2.9195380210876465,-0.11107215285301208,0.31888067722320557,2.848390579223633,-0.3019677996635437,0.41575556993484497,2.732201337814331,-0.34014692902565,0.4351305365562439,2.708963394165039,-0.41650518774986267,0.47388049960136414,2.662487745285034,-0.41071194410324097,0.44862890243530273,2.734035015106201,-0.11553845554590225,0.12709587812423706,3.0896244049072266,-0.20592215657234192,0.1305467188358307,3.194624185562134,-0.37709322571754456,0.31725412607192993,3.19738507270813,-0.5861506462097168,0.4353698790073395,3.1565256118774414,-0.6279621124267578,0.45899301767349243,3.1483538150787354,-0.7115851044654846,0.5062392950057983,3.132009983062744,-0.6484280824661255,0.502932071685791,3.089696168899536,-0.23355644941329956,0.5107072591781616,2.8079326152801514,-0.5631868839263916,0.6004335880279541,2.6097605228424072,-0.492374062538147,0.9364805817604065,2.6825668811798096,-0.5615363121032715,1.050003170967102,2.6490445137023926,-0.3495323061943054,0.508689284324646,2.9352777004241943,-0.7349792718887329,0.5665802955627441,2.8715715408325195,-0.7132466435432434,0.9139608144760132,2.917367696762085,-0.8112231492996216,1.0096349716186523,2.910918712615967,-0.1441114842891693,-0.04309763014316559,3.0341365337371826,-0.14279045164585114,-0.09697900712490082,3.041966438293457,-0.09172533452510834,-0.13383778929710388,3.044893741607666,0.02610062062740326,-0.10387838631868362,3.0569145679473877,-0.13182227313518524,-0.12737980484962463,3.0960986614227295,-0.08750739693641663,-0.08558077365159988,3.2019948959350586,-0.4457157254219055,1.010655403137207,2.7180097103118896,-0.6733435988426208,0.9978629350662231,2.9347827434539795
-0.29094985127449036,0.5087971687316895,2.8708879947662354,-0.22146522998809814,0.38166821002960205,2.9319534301757812,-0.15386879444122314,0.25410085916519165,2.9942121505737305,-0.08627033978700638,0.12652969360351562,3.0564727783203125,-0.057849764823913574,0.12483207881450653,3.024294853210449,0.03265941143035889,0.12159168720245361,2.919386386871338,-0.11010332405567169,0.31863123178482056,2.848860263824463,-0.3011120557785034,0.41631653904914856,2.733487129211426,-0.339313805103302,0.43585360050201416,2.7104125022888184,-0.41571730375289917,0.47492772340774536,2.6642632484436035,-0.4098372161388397,0.4492707848548889,2.7356669902801514,-0.11395619809627533,0.12684078514575958,3.089327335357666,-0.2044653743505478,0.1300811767578125,3.1942358016967773,-0.37667638063430786,0.3158397972583771,3.1983346939086914,-0.5859804153442383,0.43410229682922363,3.1590464115142822,-0.6278412342071533,0.45775479078292847,3.151188850402832,-0.7115628719329834,0.5050597786903381,3.1354734897613525,-0.6485209465026855,0.5021554231643677,3.0929453372955322,-0.23291662335395813,0.5099512338638306,2.8072562217712402,-0.5637710094451904,0.6002558469772339,2.6111767292022705,-0.49337494373321533,0.9363635778427124,2.684579610824585,-0.5630095601081848,1.0498417615890503,2.6517345905303955,-0.3489830791950226,0.5076431035995483,2.9345197677612305,-0.735213577747345,0.5645293593406677,2.874049663543701,-0.7173827290534973,0.9122443199157715,2.919748306274414,-0.8165871500968933,1.00674569606781,2.9140007495880127,-0.14330831170082092,-0.04310572147369385,3.0346343517303467,-0.1422458440065384,-0.09695412218570709,3.0427050590515137,-0.091361403465271,-0.134042888879776,3.0457911491394043,0.02660234272480011,-0.10459966957569122,3.0576632022857666,-0.1314174085855484,-0.127162903547287,3.096968173980713,-0.08688968420028687,-0.08510643243789673,3.202665090560913,-0.44669806957244873,1.010573387145996,2.7199954986572266,-0.6783709526062012,0.9966487884521484,2.936897039413452
-0.2912963628768921,0.5077795386314392,2.8708817958831787,-0.22140339016914368,0.38099348545074463,2.932222366333008,-0.1533818244934082,0.25376635789871216,2.9947421550750732,-0.08535822480916977,0.12653541564941406,3.0572638511657715,-0.05685611069202423,0.12493664026260376,3.025148868560791,0.033915288746356964,0.12200896441936493,2.920431613922119,-0.10920164734125137,0.31901460886001587,2.8504202365875244,-0.3003070652484894,0.4172413945198059,2.7356057167053223,-0.3385281562805176,0.4368867576122284,2.7126429080963135,-0.414970338344574,0.47617748379707336,2.666717052459717,-0.40901708602905273,0.4502754807472229,2.7380361557006836,-0.11312101781368256,0.1267513632774353,3.0900580883026123,-0.20389240980148315,0.12967903912067413,3.194775342941284,-0.3777965307235718,0.3138728141784668,3.1998071670532227,-0.5876033306121826,0.4317260980606079,3.161808729171753,-0.6295647025108337,0.45529675483703613,3.1542091369628906,-0.7134873867034912,0.5024380683898926,3.139009714126587,-0.6505016088485718,0.5000904202461243,3.0963475704193115,-0.23316334187984467,0.5090858340263367,2.8073434829711914,-0.5644341111183167,0.5998969078063965,2.612093925476074,-0.4936949610710144,0.9357328414916992,2.686631441116333,-0.563330888748169,1.049389362335205,2.654331922531128,-0.3494293689727783,0.5064732432365417,2.934420108795166,-0.7364997863769531,0.5612809062004089,2.877131700515747,-0.7219365239143372,0.909469485282898,2.920700788497925,-0.8221832513809204,1.0029088258743286,2.915233612060547,-0.14305749535560608,-0.04292541742324829,3.0359599590301514,-0.1422194093465805,-0.09674443304538727,3.044214963912964,-0.09149284660816193,-0.13402391970157623,3.0474703311920166,0.026567429304122925,-0.1050197035074234,3.059340000152588,-0.13155916333198547,-0.12680776417255402,3.0985848903656006,-0.08695381879806519,-0.08457394689321518,3.2041642665863037,-0.446903258562088,1.009792685508728,2.7222437858581543,-0.6836665272712708,0.9943858981132507,2.9370462894439697
-0.2931263744831085,0.5063313245773315,2.868734836578369,-0.2228938192129135,0.379841148853302,2.930304765701294,-0.1545373499393463,0.2529166340827942,2.9930806159973145,-0.08617883175611496,0.12598833441734314,3.0558583736419678,-0.05753973126411438,0.12452656030654907,3.023858070373535,0.03367484360933304,0.1220354437828064,2.9194979667663574,-0.10916238278150558,0.3194844126701355,2.850123882293701,-0.30010735988616943,0.4183027148246765,2.7355258464813232,-0.3382963538169861,0.43806636333465576,2.712606191635132,-0.4146743416786194,0.47759369015693665,2.666767120361328,-0.4087922275066376,0.45143449306488037,2.738002061843872,-0.1140749603509903,0.1260705590248108,3.08854079246521,-0.2052895426750183,0.12856167554855347,3.1929008960723877,-0.38072440028190613,0.3112732172012329,3.199258804321289,-0.5908387899398804,0.4291177988052368,3.1628947257995605,-0.6328616738319397,0.45268672704696655,3.1556220054626465,-0.7169074416160583,0.49982455372810364,3.1410763263702393,-0.6539894938468933,0.49806079268455505,3.0982797145843506,-0.23481599986553192,0.5078606009483337,2.8053622245788574,-0.5668030381202698,0.5997244119644165,2.6118078231811523,-0.49486643075942993,0.9348519444465637,2.688403606414795,-0.564322829246521,1.0489192008972168,2.657167434692383,-0.3514367640018463,0.5048020482063293,2.932107448577881,-0.739327073097229,0.5584701895713806,2.8793959617614746,-0.7253732085227966,0.906647801399231,2.923326015472412,-0.8259777426719666,0.999774694442749,2.9191641807556152,-0.14392879605293274,-0.04348382353782654,3.034952163696289,-0.14312607049942017,-0.09727467596530914,3.04335355758667,-0.09242669492959976,-0.13456527888774872,3.0467681884765625,0.02562098205089569,-0.10558834671974182,3.058692455291748,-0.13254351913928986,-0.12719164788722992,3.097811460494995,-0.08804334700107574,-0.08469638228416443,3.203315019607544,-0.44773542881011963,1.0085387229919434,2.7243475914001465,-0.6871870756149292,0.991664707660675,2.939356565475464
-0.2946891486644745,0.5050030946731567,2.866729259490967,-0.22450491786003113,0.37861141562461853,2.9285473823547363,-0.15615785121917725,0.25178825855255127,2.9915294647216797,-0.08780873566865921,0.12496131658554077,3.054513454437256,-0.058924511075019836,0.12368285655975342,3.0227274894714355,0.03308744728565216,0.1217813715338707,2.919048547744751,-0.10908633470535278,0.32019203901290894,2.8510067462921143,-0.2999705672264099,0.4194270968437195,2.736633539199829,-0.3381474018096924,0.4392741024494171,2.713758945465088,-0.4145011007785797,0.4789681136608124,2.6680095195770264,-0.40868785977363586,0.4524765610694885,2.7391326427459717,-0.1159500926733017,0.12486132979393005,3.0869836807250977,-0.2079620510339737,0.12676282227039337,3.1906626224517822,-0.3845660388469696,0.30831772089004517,3.198324203491211,-0.5945764780044556,0.42681896686553955,3.163414239883423,-0.6365785598754883,0.4505192041397095,3.1564321517944336,-0.7205827236175537,0.4979197084903717,3.142468214035034,-0.6576242446899414,0.4967036843299866,3.099703311920166,-0.2359868735074997,0.5067846775054932,2.803725004196167,-0.5684501528739929,0.5992358922958374,2.6112191677093506,-0.4966994822025299,0.9340513944625854,2.689438819885254,-0.5663285255432129,1.0482184886932373,2.658921957015991,-0.3533914089202881,0.5032215118408203,2.9297335147857666,-0.7416707277297974,0.5576622486114502,2.88061261177063,-0.7274303436279297,0.9056398868560791,2.926182746887207,-0.828093945980072,0.9987651109695435,2.9233291149139404,-0.1453133523464203,-0.04456727206707001,3.033512592315674,-0.144511416554451,-0.09834333509206772,3.041980266571045,-0.09380491822957993,-0.13558682799339294,3.0456974506378174,0.02414804697036743,-0.1065049022436142,3.058189868927002,-0.13418473303318024,-0.1281859278678894,3.096522331237793,-0.09026144444942474,-0.0855356901884079,3.2021937370300293,-0.44957292079925537,1.0076009035110474,2.725684404373169,-0.6891289949417114,0.9905906915664673,2.942323923110962
-0.29653966426849365,0.5043573379516602,2.8650734424591064,-0.2265917956829071,0.377959668636322,2.9270572662353516,-0.158477321267128,0.25113099813461304,2.990191698074341,-0.09036081284284592,0.12429851293563843,3.053328037261963,-0.0612238347530365,0.12318383157253265,3.0217807292938232,0.03162899613380432,0.12181064486503601,2.9188451766967773,-0.10982172191143036,0.3209261894226074,2.8512685298919678,-0.300420880317688,0.41948243975639343,2.7357895374298096,-0.3385407030582428,0.4391936957836151,2.712693691253662,-0.4147803783416748,0.47861620783805847,2.666501998901367,-0.4093239903450012,0.45199665427207947,2.7376132011413574,-0.11875744163990021,0.12403468787670135,3.085561752319336,-0.21161027252674103,0.125407874584198,3.188497304916382,-0.38878607749938965,0.3063892126083374,3.1972386837005615,-0.5983403921127319,0.4260866641998291,3.163529396057129,-0.6402512788772583,0.45002615451812744,3.156787633895874,-0.7240729928016663,0.4979051351547241,3.143303871154785,-0.6610372066497803,0.4970330595970154,3.1006317138671875,-0.2374412715435028,0.5063489079475403,2.802442789077759,-0.5701711177825928,0.6000176668167114,2.610905170440674,-0.4970562160015106,0.93412184715271,2.691042184829712,-0.5663408041000366,1.0487347841262817,2.661360502243042,-0.3556380569934845,0.50236576795578,2.927704095840454,-0.7442348003387451,0.558246374130249,2.882542371749878,-0.7298855185508728,0.9058682918548584,2.9309825897216797,-0.830654501914978,0.9989362955093384,2.929781675338745,-0.14719846844673157,-0.04543599486351013,3.0322721004486084,-0.1462889462709427,-0.09918946772813797,3.0408496856689453,-0.0954979658126831,-0.1362670361995697,3.0449817180633545,0.02227073907852173,-0.10679972171783447,3.0582127571105957,-0.13624033331871033,-0.1288926899433136,3.095515012741089,-0.09316600114107132,-0.08590570092201233,3.201390266418457,-0.44958969950675964,1.0072855949401855,2.7276484966278076,-0.6915127635002136,0.9907196164131165,2.9475295543670654
-0.2981621325016022,0.5044482350349426,2.8644864559173584,-0.22873352468013763,0.3779376149177551,2.926680326461792,-0.16114212572574615,0.25099873542785645,2.9900150299072266,-0.09354870021343231,0.12405605614185333,3.053351640701294,-0.06413983553647995,0.12305313348770142,3.0220746994018555,0.02963198721408844,0.12204224616289139,2.9199743270874023,-0.111508309841156,0.32137757539749146,2.852299690246582,-0.3019106984138489,0.41845542192459106,2.7352027893066406,-0.33999118208885193,0.43787097930908203,2.7117834091186523,-0.41615211963653564,0.47670212388038635,2.664944648742676,-0.41108810901641846,0.45011767745018005,2.7361061573028564,-0.12222292274236679,0.1236792802810669,3.0853166580200195,-0.21599474549293518,0.12469016760587692,3.1874170303344727,-0.39345139265060425,0.30539610981941223,3.1968777179718018,-0.6027005910873413,0.42577946186065674,3.1635384559631348,-0.6445504426956177,0.44985613226890564,3.1568706035614014,-0.7282500863075256,0.49800947308540344,3.1435348987579346,-0.6650265455245972,0.4974918067455292,3.1011219024658203,-0.23856121301651,0.5066021084785461,2.8023338317871094,-0.5708308815956116,0.6027674674987793,2.6111929416656494,-0.49399763345718384,0.934971809387207,2.695709228515625,-0.5619926452636719,1.0507375001907349,2.6675243377685547,-0.35776305198669434,0.5022943615913391,2.9266390800476074,-0.746578574180603,0.5592926740646362,2.884693145751953,-0.7329651713371277,0.9066309928894043,2.935455799102783,-0.8340258598327637,0.9994003176689148,2.9355533123016357,-0.149337038397789,-0.045999228954315186,3.0321524143218994,-0.14824055135250092,-0.09972552955150604,3.040860891342163,-0.09730908274650574,-0.13653746247291565,3.0455543994903564,0.020176097750663757,-0.10645328462123871,3.0598227977752686,-0.13855913281440735,-0.1292540431022644,3.0956830978393555,-0.0966990664601326,-0.08581698685884476,3.201854705810547,-0.4457215368747711,1.0071179866790771,2.7332763671875,-0.6947404742240906,0.9914873242378235,2.9523441791534424
-0.2995704710483551,0.5050687789916992,2.865424871444702,-0.23080426454544067,0.3784124255180359,2.927910566329956,-0.16386523842811584,0.2513297200202942,2.9915049076080322,-0.09692420810461044,0.12424318492412567,3.055101156234741,-0.06724627315998077,0.12330667674541473,3.024099588394165,0.02743956446647644,0.12251243740320206,2.922846794128418,-0.1133304089307785,0.3218315541744232,2.854215145111084,-0.3032912015914917,0.4171677231788635,2.7349133491516113,-0.3412833511829376,0.4362349510192871,2.711052894592285,-0.41726768016815186,0.4743694067001343,2.663332223892212,-0.41272395849227905,0.44801175594329834,2.7346255779266357,-0.1258745789527893,0.1237984448671341,3.086794137954712,-0.22056041657924652,0.12459268420934677,3.188046932220459,-0.3981788754463196,0.30521079897880554,3.197178602218628,-0.607309103012085,0.4256020188331604,3.1628634929656982,-0.6491351127624512,0.44968026876449585,3.1560003757476807,-0.7327871918678284,0.49783676862716675,3.1422743797302246,-0.6692320704460144,0.4975939989089966,3.1003360748291016,-0.23943161964416504,0.5073131918907166,2.803790807723999,-0.5701470971107483,0.6065489649772644,2.6115236282348633,-0.4879719018936157,0.9360135793685913,2.7015647888183594,-0.5538370013237,1.0533654689788818,2.6749207973480225,-0.35970932245254517,0.5028243660926819,2.9270589351654053,-0.748665452003479,0.5603234171867371,2.887132406234741,-0.7364155054092407,0.9075348377227783,2.939105987548828,-0.8378902077674866,0.9998483657836914,2.9399237632751465,-0.1512661725282669,-0.046271875500679016,3.033897638320923,-0.1498844176530838,-0.09995625913143158,3.0428082942962646,-0.09874974191188812,-0.1363859623670578,3.0481910705566406,0.01835055649280548,-0.10541624575853348,3.0636396408081055,-0.14059743285179138,-0.1292227804660797,3.0978362560272217,-0.10021791607141495,-0.0851205512881279,3.204301118850708,-0.43862512707710266,1.0067178010940552,2.74045991897583,-0.6985073089599609,0.9925007820129395,2.956157922744751
-0.30162960290908813,0.5056802034378052,2.865387439727783,-0.2338346540927887,0.3790002465248108,2.928837537765503,-0.16792556643486023,0.2518981397151947,2.993420362472534,-0.10201449692249298,0.12479221820831299,3.0580050945281982,-0.07182233035564423,0.12389810383319855,3.0275092124938965,0.024548351764678955,0.12324114143848419,2.9278664588928223,-0.11693030595779419,0.32135581970214844,2.8569576740264893,-0.30593636631965637,0.41522762179374695,2.7348597049713135,-0.34373757243156433,0.43400198221206665,2.710440158843994,-0.41934001445770264,0.47155070304870605,2.6616008281707764,-0.41561758518218994,0.4452502727508545,2.732987642288208,-0.1314903050661087,0.1243048757314682,3.089202880859375,-0.22786098718643188,0.12496183812618256,3.188845634460449,-0.40309786796569824,0.3079695701599121,3.179154634475708,-0.6111350059509277,0.4212130010128021,3.1213650703430176,-0.6527424454689026,0.4438616931438446,3.109807252883911,-0.7359572649002075,0.48915907740592957,3.086691379547119,-0.6692400574684143,0.4879968762397766,3.0499608516693115,-0.2404632568359375,0.5080546140670776,2.8047733306884766,-0.5698626041412354,0.6128142476081848,2.613084077835083,-0.4763070344924927,0.9357283115386963,2.7151107788085938,-0.5380200147628784,1.0562188625335693,2.6928067207336426,-0.36279594898223877,0.5033057928085327,2.92600154876709,-0.7521353960037231,0.5619425773620605,2.8913636207580566,-0.7366670370101929,0.9086258411407471,2.9462006092071533,-0.8374569416046143,1.00166654586792,2.94916033744812,-0.15365950763225555,-0.046554431319236755,3.037403106689453,-0.15178215503692627,-0.10010161995887756,3.0468931198120117,-0.10033342987298965,-0.13578768074512482,3.053757667541504,0.015945568680763245,-0.10314619541168213,3.071413516998291,-0.14332552254199982,-0.12867653369903564,3.102386951446533,-0.10586535185575485,-0.08299796283245087,3.209196090698242,-0.424550861120224,1.0032027959823608,2.756554365158081,-0.6979143023490906,0.993173360824585,2.9634931087493896
-0.30190402269363403,0.5058853030204773,2.8678348064422607,-0.23485654592514038,0.3792807161808014,2.9322216510772705,-0.16967976093292236,0.2522543668746948,2.9976894855499268,-0.10450101643800735,0.12522423267364502,3.063159227371216,-0.07394886016845703,0.12431399524211884,3.033024549484253,0.02359843999147415,0.12360364198684692,2.934532642364502,-0.11650968343019485,0.3217126727104187,2.8608226776123047,-0.30324801802635193,0.41624850034713745,2.73572039604187,-0.34059569239616394,0.4351556599140167,2.710700035095215,-0.41529104113578796,0.47296997904777527,2.660659074783325,-0.4127824306488037,0.4467034339904785,2.7321219444274902,-0.13434477150440216,0.12475381791591644,3.0940053462982178,-0.23189207911491394,0.12546417117118835,3.1924972534179688,-0.40472763776779175,0.3095118999481201,3.168728828430176,-0.6111552715301514,0.41621384024620056,3.0948293209075928,-0.6524407863616943,0.4375542402267456,3.080049514770508,-0.7350118160247803,0.4802350103855133,3.050489664077759,-0.6665210127830505,0.47823479771614075,3.017200231552124,-0.23999421298503876,0.5082305669784546,2.8079781532287598,-0.5673354268074036,0.6158427000045776,2.6143171787261963,-0.46839386224746704,0.9350768327713013,2.7227001190185547,-0.5276755094528198,1.057098627090454,2.702157735824585,-0.3638138175010681,0.5035400390625,2.9276914596557617,-0.7528737187385559,0.5631985664367676,2.891491174697876,-0.7328817844390869,0.9096916317939758,2.9461679458618164,-0.8324277400970459,1.004078984260559,2.9488606452941895,-0.15427067875862122,-0.04663735628128052,3.0425777435302734,-0.15207162499427795,-0.10010771453380585,3.052358627319336,-0.10043682157993317,-0.13529005646705627,3.06022572517395,0.015221551060676575,-0.10153069347143173,3.079587697982788,-0.144260972738266,-0.12833335995674133,3.108109474182129,-0.10894686728715897,-0.08182002604007721,3.2152583599090576,-0.4156528115272522,1.0008143186569214,2.7656750679016113,-0.6930358409881592,0.9937268495559692,2.963495969772339
-0.3024195730686188,0.5050625205039978,2.8719916343688965,-0.2359624207019806,0.378587543964386,2.937264919281006,-0.17126435041427612,0.2516934275627136,3.0034852027893066,-0.10656435042619705,0.12479552626609802,3.0697073936462402,-0.07571716606616974,0.12389595806598663,3.039870262145996,0.022798597812652588,0.12321767956018448,2.94231915473938,-0.11448292434215546,0.3222954273223877,2.8658015727996826,-0.29838839173316956,0.4180511236190796,2.737391233444214,-0.3351694941520691,0.4372022747993469,2.7117092609405518,-0.40873169898986816,0.4755045473575592,2.6603450775146484,-0.40761345624923706,0.4493987560272217,2.7319161891937256,-0.1367083191871643,0.12431587278842926,3.100264072418213,-0.23522408306598663,0.12499415129423141,3.197815179824829,-0.4058653712272644,0.30967065691947937,3.1645097732543945,-0.6106595396995544,0.4116581976413727,3.080026388168335,-0.6516183614730835,0.4320557117462158,3.0631296634674072,-0.7335360050201416,0.4728507399559021,3.0293362140655518,-0.6639673113822937,0.4702576994895935,2.9983737468719482,-0.23989266157150269,0.507352352142334,2.812767505645752,-0.564760684967041,0.6158899068832397,2.615464687347412,-0.464799165725708,0.9338622093200684,2.7266247272491455,-0.523002564907074,1.0564067363739014,2.7060790061950684,-0.36494648456573486,0.5027726888656616,2.931215763092041,-0.7531747817993164,0.5643849968910217,2.8896138668060303,-0.7278520464897156,0.9105902910232544,2.943981647491455,-0.8257851004600525,1.00668466091156,2.9453678131103516,-0.15482723712921143,-0.047405630350112915,3.0487756729125977,-0.15238367021083832,-0.10082873702049255,3.0586798191070557,-0.1006256639957428,-0.1356225311756134,3.0673022270202637,0.01449170708656311,-0.1010211855173111,3.088150978088379,-0.1451270580291748,-0.12889544665813446,3.114567518234253,-0.11159558594226837,-0.08196109533309937,3.2220699787139893,-0.41207754611968994,0.9990048408508301,2.770526647567749,-0.6867668032646179,0.9939606189727783,2.961642265319824
-0.30429479479789734,0.5040613412857056,2.877074718475342,-0.23817363381385803,0.3777753710746765,2.9431519508361816,-0.17361637949943542,0.251085489988327,3.009998083114624,-0.10905718803405762,0.12439180910587311,3.076846122741699,-0.0779876634478569,0.12353454530239105,3.04722261428833,0.021261438727378845,0.1229892447590828,2.950338363647461,-0.11236758530139923,0.32356390357017517,2.8711612224578857,-0.2932412624359131,0.4205169677734375,2.739307165145874,-0.3294160068035126,0.43990758061408997,2.7129364013671875,-0.40176546573638916,0.4786888062953949,2.6601948738098145,-0.4020743668079376,0.4528869092464447,2.731898546218872,-0.13942503929138184,0.12387208640575409,3.107196092605591,-0.238674134016037,0.12441738694906235,3.20408034324646,-0.40695780515670776,0.31034013628959656,3.1657493114471436,-0.609825849533081,0.411487340927124,3.075669050216675,-0.6503994464874268,0.43171676993370056,3.0576529502868652,-0.7315466403961182,0.472175657749176,3.021620750427246,-0.6613844633102417,0.4689186215400696,2.992058753967285,-0.24130243062973022,0.506297767162323,2.818314790725708,-0.5628408193588257,0.6158350110054016,2.6161742210388184,-0.4626317024230957,0.933143138885498,2.7289905548095703,-0.5198161602020264,1.0560388565063477,2.707699775695801,-0.36728715896606445,0.5018249154090881,2.9358346462249756,-0.7540565729141235,0.5662003755569458,2.885720729827881,-0.7228201031684875,0.9119102954864502,2.940152168273926,-0.8188011646270752,1.0099608898162842,2.939500331878662,-0.15610751509666443,-0.0480085164308548,3.0553624629974365,-0.1534721702337265,-0.10140059143304825,3.0652763843536377,-0.10163460671901703,-0.13589359819889069,3.0744450092315674,0.013013601303100586,-0.10066616535186768,3.096534490585327,-0.1466638594865799,-0.12943239510059357,3.1212122440338135,-0.114569291472435,-0.0823594331741333,3.229041814804077,-0.4101671874523163,0.9979472756385803,2.7736928462982178,-0.6804142594337463,0.9944633841514587,2.9585132598876953
-0.3075588047504425,0.5024547576904297,2.8824985027313232,-0.2416166365146637,0.37642422318458557,2.949413776397705,-0.17707166075706482,0.25000685453414917,3.016958713531494,-0.11252475529909134,0.12358571588993073,3.084505558013916,-0.08122002333402634,0.12279488146305084,3.0550992488861084,0.018827125430107117,0.12245940417051315,2.9588677883148193,-0.11078591644763947,0.3246717154979706,2.8770081996917725,-0.2885522246360779,0.42240750789642334,2.7414376735687256,-0.32410550117492676,0.44195467233657837,2.7143235206604004,-0.3952120244503021,0.4810490012168884,2.66009521484375,-0.39697861671447754,0.45569658279418945,2.731959819793701,-0.1431279480457306,0.12300248444080353,3.1146461963653564,-0.24317508935928345,0.12333796173334122,3.2108776569366455,-0.41026490926742554,0.31007158756256104,3.170853614807129,-0.6119767427444458,0.41183996200561523,3.0787229537963867,-0.6523191332817078,0.4321936368942261,3.0602967739105225,-0.7330038547515869,0.47290098667144775,3.023444414138794,-0.6625698804855347,0.46932435035705566,2.9945199489593506,-0.24411356449127197,0.5046813488006592,2.824169635772705,-0.5613899230957031,0.6155087351799011,2.6161370277404785,-0.4609290063381195,0.9320629835128784,2.730756998062134,-0.5168418884277344,1.0553579330444336,2.7084810733795166,-0.37100404500961304,0.5002281665802002,2.9408273696899414,-0.7558553814888,0.5675805807113647,2.881014108657837,-0.7199293375015259,0.9125674962997437,2.9369611740112305,-0.8141438364982605,1.0122689008712769,2.934248924255371,-0.15806108713150024,-0.04904530942440033,3.062405586242676,-0.1551634818315506,-0.10239443182945251,3.072322368621826,-0.10322009027004242,-0.1365034282207489,3.082084894180298,0.010844618082046509,-0.10048847645521164,3.1055328845977783,-0.14882111549377441,-0.13039052486419678,3.1282942295074463,-0.11835828423500061,-0.08316858112812042,3.236459493637085,-0.40880441665649414,0.996482789516449,2.7763891220092773,-0.6765491366386414,0.9943293333053589,2.956514358520508
-0.31156036257743835,0.5007467269897461,2.88625168800354,-0.245658278465271,0.37494757771492004,2.9538750648498535,-0.18107932806015015,0.24877145886421204,3.0220701694488525,-0.1164984405040741,0.12259155511856079,3.0902674198150635,-0.08494390547275543,0.12190417945384979,3.0610859394073486,0.015959009528160095,0.12189881503582001,2.9655237197875977,-0.10957112908363342,0.3258461356163025,2.8815107345581055,-0.28412866592407227,0.424688458442688,2.742546558380127,-0.3190401792526245,0.44445693492889404,2.7147536277770996,-0.388863205909729,0.48399385809898376,2.659168004989624,-0.39208388328552246,0.4589366614818573,2.7310984134674072,-0.14735104143619537,0.12190748751163483,3.120189905166626,-0.2482539564371109,0.12191285192966461,3.215752124786377,-0.4144555330276489,0.30943942070007324,3.1754860877990723,-0.6151368618011475,0.41277065873146057,3.0827455520629883,-0.6552731394767761,0.43343690037727356,3.064197540283203,-0.7355456948280334,0.4747694134712219,3.0271012783050537,-0.6649551391601562,0.47098228335380554,2.998556137084961,-0.24769628047943115,0.5030499696731567,2.8282978534698486,-0.5607746839523315,0.6144354939460754,2.6144018173217773,-0.4616785943508148,0.930997371673584,2.730018138885498,-0.5168796181678772,1.0543451309204102,2.7064285278320312,-0.37542444467544556,0.49844351410865784,2.9442055225372314,-0.7582887411117554,0.5684926509857178,2.875762701034546,-0.719547688961029,0.9127117395401001,2.934166193008423,-0.8124761581420898,1.0135276317596436,2.929835319519043,-0.16008150577545166,-0.0502779483795166,3.0672340393066406,-0.15680505335330963,-0.10357937216758728,3.077061176300049,-0.10470683872699738,-0.13719254732131958,3.0873913764953613,0.008621513843536377,-0.10018366575241089,3.1123299598693848,-0.1509038507938385,-0.13162295520305634,3.1330032348632812,-0.12227001786231995,-0.0844031572341919,3.241563320159912,-0.41024622321128845,0.9954020977020264,2.7764201164245605,-0.6756578683853149,0.9938461780548096,2.955077648162842
-0.3153824210166931,0.49919623136520386,2.887876272201538,-0.24955332279205322,0.373573899269104,2.95609712600708,-0.18502584099769592,0.24756331741809845,3.024843692779541,-0.12049642205238342,0.12154896557331085,3.0935921669006348,-0.08869816362857819,0.12096838653087616,3.0646393299102783,0.013070054352283478,0.12130574136972427,2.9697351455688477,-0.10843797773122787,0.3270346522331238,2.8841538429260254,-0.27996402978897095,0.4269292652606964,2.742192268371582,-0.3142692446708679,0.446908175945282,2.7137999534606934,-0.38287967443466187,0.4868660271167755,2.657015323638916,-0.3874351978302002,0.4620520770549774,2.728959083557129,-0.15159331262111664,0.12075988948345184,3.1232924461364746,-0.2533615231513977,0.12042253464460373,3.2181968688964844,-0.41833436489105225,0.3095402717590332,3.180366039276123,-0.617703378200531,0.4171867072582245,3.0897159576416016,-0.6575771570205688,0.43871599435806274,3.0715858936309814,-0.7373247742652893,0.48177456855773926,3.035325765609741,-0.6667948365211487,0.47762998938560486,3.0066773891448975,-0.25110185146331787,0.5015986561775208,2.830273151397705,-0.5604621171951294,0.6111177802085876,2.6103556156158447,-0.4651068449020386,0.9292597770690918,2.724378824234009,-0.520500659942627,1.0520159006118774,2.6985530853271484,-0.37966299057006836,0.49679380655288696,2.945479393005371,-0.7603702545166016,0.5699199438095093,2.8694756031036377,-0.7190253734588623,0.9130904674530029,2.9313852787017822,-0.810684084892273,1.0149421691894531,2.9259607791900635,-0.16226999461650848,-0.05127635598182678,3.0689022541046143,-0.158695250749588,-0.1045362651348114,3.0784246921539307,-0.10654278099536896,-0.13774189352989197,3.0892508029937744,0.005962148308753967,-0.10002285242080688,3.1159565448760986,-0.15334531664848328,-0.13284894824028015,3.1341872215270996,-0.126645028591156,-0.08615945279598236,3.243276596069336,-0.4148571491241455,0.9943884015083313,2.7709951400756836,-0.674690842628479,0.9935300946235657,2.9538300037384033
-0.3180549740791321,0.49907445907592773,2.884432792663574,-0.2523249089717865,0.3732701539993286,2.9524526596069336,-0.1878785938024521,0.2470685839653015,3.020963191986084,-0.12343034893274307,0.12086322903633118,3.0894758701324463,-0.0914604514837265,0.12050190567970276,3.060702085494995,0.010981850326061249,0.12155330181121826,2.966273784637451,-0.10791179537773132,0.32915830612182617,2.881476402282715,-0.2780260443687439,0.4298790991306305,2.73836088180542,-0.31204891204833984,0.45002326369285583,2.709737777709961,-0.38009461760520935,0.4903115928173065,2.652491569519043,-0.3852911591529846,0.4653688371181488,2.724355697631836,-0.15469977259635925,0.11985287070274353,3.1189942359924316,-0.2571420669555664,0.11880147457122803,3.2134225368499756,-0.42147278785705566,0.30978426337242126,3.182647228240967,-0.6200587749481201,0.4242582619190216,3.098832607269287,-0.659775972366333,0.4471530616283417,3.0820696353912354,-0.7392103672027588,0.4929426610469818,3.048543930053711,-0.669127881526947,0.48868364095687866,3.018813371658325,-0.2534889280796051,0.5017821788787842,2.8270483016967773,-0.560552716255188,0.6080359220504761,2.602759838104248,-0.47008705139160156,0.9283462762832642,2.7140448093414307,-0.5264133214950562,1.0501112937927246,2.686051607131958,-0.38262102007865906,0.4963667392730713,2.941817283630371,-0.7612968683242798,0.574126124382019,2.8615589141845703,-0.7192151546478271,0.9157770872116089,2.9299023151397705,-0.8102138638496399,1.0181307792663574,2.924809217453003,-0.1639026701450348,-0.051217854022979736,3.0608808994293213,-0.16020271182060242,-0.10450901091098785,3.069380044937134,-0.10816505551338196,-0.13759616017341614,3.080242395401001,0.0035033822059631348,-0.09997454285621643,3.109166383743286,-0.1554882526397705,-0.13382188975811005,3.12450909614563,-0.13057905435562134,-0.08928075432777405,3.234588146209717,-0.4211564064025879,0.99452805519104,2.7604708671569824,-0.6748549938201904,0.9955428838729858,2.954381227493286
-0.3203994035720825,0.49976322054862976,2.8824141025543213,-0.2547403573989868,0.37366360425949097,2.949965000152588,-0.19032028317451477,0.2471562922000885,3.0179450511932373,-0.12589827179908752,0.1206451952457428,3.0859272480010986,-0.09378083050251007,0.1205601692199707,3.057314157485962,0.00925542414188385,0.12251436710357666,2.963310480117798,-0.10818077623844147,0.33138513565063477,2.879535436630249,-0.2775347828865051,0.4319181442260742,2.735356569290161,-0.31140559911727905,0.45202475786209106,2.7065207958221436,-0.3791472017765045,0.49223795533180237,2.6488492488861084,-0.38480401039123535,0.46713101863861084,2.720628023147583,-0.15731552243232727,0.11935517191886902,3.115279197692871,-0.2603517770767212,0.11740097403526306,3.209282875061035,-0.42436158657073975,0.309839129447937,3.1868133544921875,-0.6219403147697449,0.4317694902420044,3.111508369445801,-0.6614560484886169,0.45615556836128235,3.096447467803955,-0.7404875159263611,0.5049276947975159,3.0663254261016846,-0.6709428429603577,0.5007569789886475,3.0353305339813232,-0.2555871605873108,0.5028897523880005,2.825253486633301,-0.5599582195281982,0.6056075692176819,2.5960633754730225,-0.47533106803894043,0.9287855625152588,2.702988386154175,-0.5328094363212585,1.0492291450500488,2.6721179485321045,-0.38521164655685425,0.49663668870925903,2.939574718475342,-0.7620376944541931,0.5785225629806519,2.8558030128479004,-0.7203975915908813,0.9190369844436646,2.92897891998291,-0.8111186623573303,1.0215445756912231,2.923949956893921,-0.1651753932237625,-0.05040907859802246,3.053008794784546,-0.161373108625412,-0.10371352732181549,3.06032133102417,-0.10948836803436279,-0.13674379885196686,3.0710654258728027,0.0013300925493240356,-0.09946457296609879,3.102177143096924,-0.15725068747997284,-0.13416855037212372,3.1146717071533203,-0.13399647176265717,-0.09216801077127457,3.2257285118103027,-0.4279625415802002,0.9963636994361877,2.748920202255249,-0.676277220249176,0.9983726143836975,2.955047130584717
-0.32226020097732544,0.5003922581672668,2.881385326385498,-0.2566474676132202,0.3740292191505432,2.948483467102051,-0.19223394989967346,0.24725332856178284,3.0159637928009033,-0.1278184950351715,0.12047365307807922,3.0834460258483887,-0.09554767608642578,0.12067073583602905,3.055007219314575,0.008081629872322083,0.12354726344347,2.961491584777832,-0.10857483744621277,0.33309754729270935,2.8783016204833984,-0.27735471725463867,0.43282490968704224,2.732882261276245,-0.3111106753349304,0.4527703821659088,2.703798294067383,-0.3786226212978363,0.49266132712364197,2.6456305980682373,-0.38470035791397095,0.4674649238586426,2.71734619140625,-0.1593892127275467,0.11889863014221191,3.1126182079315186,-0.26301851868629456,0.11602210253477097,3.2061338424682617,-0.4276588559150696,0.30865636467933655,3.1910929679870605,-0.6246333718299866,0.4361187219619751,3.123762607574463,-0.6640282869338989,0.46161121129989624,3.1102964878082275,-0.7428181171417236,0.5125961303710938,3.083364486694336,-0.673737108707428,0.508919358253479,3.051283121109009,-0.257144033908844,0.504028856754303,2.824559211730957,-0.5571695566177368,0.604279100894928,2.58894419670105,-0.4794889986515045,0.9303296804428101,2.6918230056762695,-0.5380229949951172,1.049302577972412,2.657681703567505,-0.3873763680458069,0.4967556595802307,2.938211441040039,-0.7627965211868286,0.5816724896430969,2.8520216941833496,-0.7235605120658875,0.9213145971298218,2.9296815395355225,-0.8146401643753052,1.023429036140442,2.924828052520752,-0.16623800992965698,-0.04943715035915375,3.046849489212036,-0.1624169498682022,-0.10269919782876968,3.0531363487243652,-0.11074962466955185,-0.13573095202445984,3.0637803077697754,-0.0007154345512390137,-0.09897597879171371,3.096761465072632,-0.15885210037231445,-0.13410966098308563,3.1067514419555664,-0.1370057761669159,-0.09438232332468033,3.218513250350952,-0.4340841472148895,0.9993555545806885,2.7374963760375977,-0.6801219582557678,1.0004905462265015,2.957185983657837
-0.3237572908401489,0.5004340410232544,2.880936622619629,-0.25818878412246704,0.37392565608024597,2.947789192199707,-0.19376343488693237,0.24701088666915894,3.014982223510742,-0.1293361485004425,0.12009231746196747,3.08217716217041,-0.09691183269023895,0.12053006887435913,3.0539188385009766,0.007288925349712372,0.1241929829120636,2.960928440093994,-0.10952751338481903,0.3336952328681946,2.8778114318847656,-0.27830326557159424,0.43178653717041016,2.731262683868408,-0.3120584189891815,0.4514048099517822,2.7019529342651367,-0.3795687258243561,0.490641325712204,2.6433334350585938,-0.3858397603034973,0.46553605794906616,2.7150673866271973,-0.16106022894382477,0.11827510595321655,3.111165761947632,-0.2652609944343567,0.11461219191551208,3.2041561603546143,-0.4316942095756531,0.3060150146484375,3.193636178970337,-0.6290201544761658,0.43550604581832886,3.1313605308532715,-0.6684853434562683,0.4614042341709137,3.1189053058624268,-0.7474157214164734,0.5132006406784058,3.0939950942993164,-0.6785703301429749,0.5103693604469299,3.0613200664520264,-0.25835907459259033,0.5044758319854736,2.8244431018829346,-0.5527099370956421,0.6040233373641968,2.581799030303955,-0.481859415769577,0.9324522018432617,2.6814093589782715,-0.5410502552986145,1.050040602684021,2.6440253257751465,-0.3891555070877075,0.49639222025871277,2.9374301433563232,-0.7634214162826538,0.5837228298187256,2.8495287895202637,-0.7263678908348083,0.9227099418640137,2.9302895069122314,-0.8178006410598755,1.0244204998016357,2.925475835800171,-0.16761504113674164,-0.04873518645763397,3.043152332305908,-0.163930281996727,-0.10191862285137177,3.048738479614258,-0.11254998296499252,-0.1350683867931366,3.0592896938323975,-0.0030464380979537964,-0.09904009103775024,3.093466281890869,-0.16081875562667847,-0.13394850492477417,3.1017909049987793,-0.13980796933174133,-0.0958670824766159,3.2138867378234863,-0.43851229548454285,1.0027323961257935,2.727074146270752,-0.6835391521453857,1.0018022060394287,2.9588143825531006
-0.32563650608062744,0.4999983310699463,2.8820204734802246,-0.2602439522743225,0.3734146058559418,2.9488816261291504,-0.19589808583259583,0.24643316864967346,3.0160038471221924,-0.13155028223991394,0.11944793164730072,3.083127975463867,-0.09894933551549911,0.12008233368396759,3.0550811290740967,0.005878753960132599,0.12438741326332092,2.962733268737793,-0.11089890450239182,0.333575963973999,2.8787477016448975,-0.2789878249168396,0.43060627579689026,2.730695962905884,-0.312605619430542,0.45001232624053955,2.7010855674743652,-0.3798412084579468,0.4888244569301605,2.641864776611328,-0.38655760884284973,0.4638121426105499,2.7135941982269287,-0.16345185041427612,0.11743335425853729,3.1119043827056885,-0.26827993988990784,0.11312827467918396,3.204252243041992,-0.43664848804473877,0.3028867542743683,3.1945464611053467,-0.634917676448822,0.4311371445655823,3.1326656341552734,-0.6745715141296387,0.45678722858428955,3.1202895641326904,-0.753879189491272,0.5080873966217041,3.0955371856689453,-0.6848829984664917,0.5061804056167603,3.063107490539551,-0.2598949670791626,0.5043411254882812,2.8259449005126953,-0.5469882488250732,0.6053935289382935,2.5757181644439697,-0.48118555545806885,0.9351980686187744,2.6735119819641113,-0.5400570034980774,1.0518816709518433,2.633195161819458,-0.3913780450820923,0.4956555664539337,2.938096046447754,-0.7643362283706665,0.5846830606460571,2.8474104404449463,-0.7283039689064026,0.9232704639434814,2.9294166564941406,-0.8197041153907776,1.024874210357666,2.9240245819091797,-0.17015182971954346,-0.04843097925186157,3.042757987976074,-0.16669674217700958,-0.10150985419750214,3.0479369163513184,-0.11563892662525177,-0.1348285675048828,3.0584332942962646,-0.0064875781536102295,-0.09957195073366165,3.093273401260376,-0.16395063698291779,-0.1338592767715454,3.100597858428955,-0.14337074756622314,-0.09682568162679672,3.212740182876587,-0.4396274983882904,1.006238341331482,2.7195489406585693,-0.6858264803886414,1.0022649765014648,2.9585494995117188
-0.3272815942764282,0.49957096576690674,2.881845474243164,-0.2622200846672058,0.3728906810283661,2.948807716369629,-0.1981739103794098,0.2458154857158661,3.0160000324249268,-0.13412579894065857,0.11873649060726166,3.0831944942474365,-0.1013062447309494,0.11952973902225494,3.055414915084839,0.004249371588230133,0.1243533045053482,2.9639241695404053,-0.11210689693689346,0.3333216905593872,2.8787927627563477,-0.27906569838523865,0.42973828315734863,2.729059934616089,-0.31245747208595276,0.4490216076374054,2.699113368988037,-0.3792409896850586,0.4875882565975189,2.6392202377319336,-0.3865600526332855,0.4626450538635254,2.710916757583618,-0.16624926030635834,0.11656205356121063,3.1117043495178223,-0.2718048691749573,0.11173848807811737,3.203195095062256,-0.4414907693862915,0.30023202300071716,3.1917576789855957,-0.6403849124908447,0.4262387156486511,3.127300500869751,-0.6801637411117554,0.45144006609916687,3.1144089698791504,-0.7597213983535767,0.501842737197876,3.0886261463165283,-0.6903411746025085,0.5005872845649719,3.0569889545440674,-0.26112329959869385,0.5041756629943848,2.8262763023376465,-0.5408098101615906,0.6078057289123535,2.56927227973938,-0.4785492420196533,0.9381576180458069,2.6665966510772705,-0.5365869402885437,1.0543315410614014,2.6240108013153076,-0.3934398889541626,0.4949662685394287,2.9374146461486816,-0.7652726769447327,0.5848907828330994,2.844308853149414,-0.7295882701873779,0.9229670763015747,2.927446126937866,-0.8207851648330688,1.0245925188064575,2.921640396118164,-0.17297039926052094,-0.04859018325805664,3.042785167694092,-0.16968056559562683,-0.1015409529209137,3.0479462146759033,-0.11887355148792267,-0.13491234183311462,3.0585415363311768,-0.010005190968513489,-0.10004962980747223,3.093588352203369,-0.1671677529811859,-0.13382628560066223,3.100468635559082,-0.14683881402015686,-0.09697245061397552,3.2123818397521973,-0.43844982981681824,1.0095502138137817,2.713233470916748,-0.6872944831848145,1.0017839670181274,2.9570937156677246
-0.32886430621147156,0.49883705377578735,2.8812103271484375,-0.2642209827899933,0.37198448181152344,2.94821834564209,-0.20063516497612,0.24473543465137482,3.0154857635498047,-0.13704745471477509,0.11748258769512177,3.0827553272247314,-0.10399298369884491,0.11841057240962982,3.0552659034729004,0.0023632198572158813,0.12367665022611618,2.9646925926208496,-0.11321613937616348,0.33266013860702515,2.878558874130249,-0.2787482440471649,0.42906150221824646,2.727247476577759,-0.31185466051101685,0.4483417868614197,2.6969852447509766,-0.3780674934387207,0.4869023263454437,2.636460781097412,-0.3860738277435303,0.461926132440567,2.708070755004883,-0.1694108098745346,0.11517150700092316,3.110975980758667,-0.2757670283317566,0.1099054291844368,3.2015492916107178,-0.4455082416534424,0.2981698513031006,3.187544822692871,-0.6441469192504883,0.4225602149963379,3.119288444519043,-0.6838746666908264,0.4474382996559143,3.1056370735168457,-0.7633301615715027,0.49719443917274475,3.0783345699310303,-0.6934559345245361,0.49620968103408813,3.047797203063965,-0.26227837800979614,0.5036907196044922,2.826162576675415,-0.5358639359474182,0.6098130345344543,2.5641918182373047,-0.47686928510665894,0.9402735233306885,2.6620638370513916,-0.5342992544174194,1.0560641288757324,2.6180238723754883,-0.395450234413147,0.4939834177494049,2.93625807762146,-0.7663048505783081,0.5848657488822937,2.841669797897339,-0.7290898561477661,0.9219769239425659,2.9267261028289795,-0.8195982575416565,1.0240628719329834,2.9210808277130127,-0.17593592405319214,-0.04969741404056549,3.0434207916259766,-0.17271530628204346,-0.10250678658485413,3.048903226852417,-0.1220640167593956,-0.1357945203781128,3.059746503829956,-0.013432681560516357,-0.10090270638465881,3.0946390628814697,-0.17030739784240723,-0.13440027832984924,3.1015169620513916,-0.15012222528457642,-0.09695236384868622,3.2129886150360107,-0.43806108832359314,1.01183021068573,2.7093677520751953,-0.6865153908729553,1.0003186464309692,2.9569599628448486
-0.33073654770851135,0.4977290630340576,2.8812270164489746,-0.2665444016456604,0.3706989884376526,2.9482972621917725,-0.20347319543361664,0.24327103793621063,3.0156755447387695,-0.14040009677410126,0.11583927273750305,3.0830557346343994,-0.10710601508617401,0.11688679456710815,3.055867910385132,6.374716758728027e-05,0.12254603207111359,2.966251850128174,-0.11429522931575775,0.33171820640563965,2.8789682388305664,-0.27803391218185425,0.4284491539001465,2.7259325981140137,-0.31078165769577026,0.4477953314781189,2.6953253746032715,-0.3762771487236023,0.4864877164363861,2.634111166000366,-0.385095477104187,0.46148136258125305,2.705613851547241,-0.17300865054130554,0.1134067177772522,3.110976219177246,-0.280178427696228,0.10774748027324677,3.200592279434204,-0.44857749342918396,0.29689931869506836,3.1829075813293457,-0.6457667946815491,0.4207940995693207,3.109739303588867,-0.6852046251296997,0.4455730617046356,3.0951056480407715,-0.7640803456306458,0.4951309859752655,3.06583833694458,-0.6936171650886536,0.49388086795806885,3.0366995334625244,-0.26373350620269775,0.502792239189148,2.826688766479492,-0.5332101583480835,0.6108211874961853,2.56168532371521,-0.47740623354911804,0.9414423108100891,2.6599771976470947,-0.5347157716751099,1.056807518005371,2.6149821281433105,-0.39773958921432495,0.4926658868789673,2.935765266418457,-0.767654538154602,0.5851283669471741,2.8402225971221924,-0.7271275520324707,0.9208983182907104,2.9279825687408447,-0.8164739608764648,1.023902177810669,2.9229321479797363,-0.17904017865657806,-0.051511943340301514,3.0456252098083496,-0.17578983306884766,-0.10416153073310852,3.0516953468322754,-0.1252136528491974,-0.1372261643409729,3.0629541873931885,-0.016841962933540344,-0.1019173413515091,3.0975217819213867,-0.17342442274093628,-0.1354038417339325,3.1045753955841064,-0.15343916416168213,-0.0967540591955185,3.2154486179351807,-0.43970176577568054,1.0131943225860596,2.7077395915985107,-0.6838364005088806,0.9984870553016663,2.9589192867279053
-0.3326377272605896,0.4964037835597992,2.8838508129119873,-0.26899901032447815,0.36931830644607544,2.951315402984619,-0.206464022397995,0.2418382167816162,3.0190670490264893,-0.1439271718263626,0.11435431241989136,3.086820602416992,-0.11040054261684418,0.11545240879058838,3.059926986694336,-0.0024439841508865356,0.12127818167209625,2.9712443351745605,-0.11523108929395676,0.3305332660675049,2.882126808166504,-0.2768543064594269,0.42748597264289856,2.7269935607910156,-0.3091789484024048,0.44687652587890625,2.695966958999634,-0.3738282322883606,0.48565760254859924,2.63391375541687,-0.3835681974887848,0.4608045518398285,2.705350875854492,-0.17677409946918488,0.11187061667442322,3.114450693130493,-0.2847306728363037,0.10604484379291534,3.2031333446502686,-0.45071113109588623,0.29677799344062805,3.1802878379821777,-0.6454865336418152,0.42072832584381104,3.100996971130371,-0.6844416260719299,0.4455184042453766,3.0851387977600098,-0.7623518109321594,0.4950985312461853,3.053422451019287,-0.6912485361099243,0.49309152364730835,3.0259249210357666,-0.2652350068092346,0.5014559626579285,2.829787492752075,-0.5314846038818359,0.611293613910675,2.562434673309326,-0.47705164551734924,0.9420080184936523,2.660844087600708,-0.5339481830596924,1.0572303533554077,2.6150779724121094,-0.4000404477119446,0.4913516044616699,2.9379141330718994,-0.7689251899719238,0.5852089524269104,2.8402130603790283,-0.7251189947128296,0.9202117919921875,2.928945302963257,-0.8132849931716919,1.0241724252700806,2.923760414123535,-0.18191254138946533,-0.053437843918800354,3.051942825317383,-0.17848369479179382,-0.1059047132730484,3.058793067932129,-0.1278664469718933,-0.1385723203420639,3.0705432891845703,-0.01978316903114319,-0.1024184599518776,3.1045584678649902,-0.17602866888046265,-0.13629917800426483,3.1120612621307373,-0.15624278783798218,-0.09597789496183395,3.2221922874450684,-0.4399418234825134,1.0138386487960815,2.708902597427368,-0.6811282634735107,0.9972258806228638,2.9602510929107666
-0.3344407081604004,0.4955357313156128,2.887866497039795,-0.27134186029434204,0.368507444858551,2.955911874771118,-0.2093002200126648,0.24108919501304626,3.0241997241973877,-0.14725671708583832,0.11366713047027588,3.092489719390869,-0.11350724846124649,0.11478522419929504,3.065883159637451,-0.004799872636795044,0.12067591398954391,2.9781107902526855,-0.11575684696435928,0.3297594487667084,2.886284351348877,-0.27500292658805847,0.42665132880210876,2.7286484241485596,-0.3068521320819855,0.4460296928882599,2.6971211433410645,-0.37055057287216187,0.4847864508628845,2.6340668201446533,-0.38129550218582153,0.460331529378891,2.705502986907959,-0.18033185601234436,0.11116409301757812,3.1198387145996094,-0.2890392243862152,0.10527340322732925,3.207611083984375,-0.4518069922924042,0.2977861166000366,3.177527904510498,-0.6435133814811707,0.4210386872291565,3.090041399002075,-0.6818546652793884,0.44568920135498047,3.0725440979003906,-0.758537232875824,0.4949902296066284,3.0375494956970215,-0.6867070198059082,0.4919429421424866,3.012098550796509,-0.26665836572647095,0.5004861354827881,2.8342530727386475,-0.5291690826416016,0.6123640537261963,2.5641207695007324,-0.4747530519962311,0.9429769515991211,2.662757396697998,-0.5307117700576782,1.0583261251449585,2.616201639175415,-0.40222305059432983,0.4905853271484375,2.9414799213409424,-0.7700862288475037,0.5849852561950684,2.8406565189361572,-0.7238434553146362,0.9196176528930664,2.9294140338897705,-0.8110317587852478,1.0243490934371948,2.9236013889312744,-0.18387658894062042,-0.054691314697265625,3.060044527053833,-0.1800609976053238,-0.10696186125278473,3.06764817237854,-0.12927255034446716,-0.1390293836593628,3.0799100399017334,-0.021640002727508545,-0.1016087532043457,3.1134731769561768,-0.17744101583957672,-0.13652633130550385,3.1212880611419678,-0.15811733901500702,-0.09451675415039062,3.230710744857788,-0.4379614591598511,1.014731526374817,2.7111549377441406,-0.679366409778595,0.9962512850761414,2.9609375
-0.33712226152420044,0.49470996856689453,2.8952577114105225,-0.2747332453727722,0.3678603172302246,2.964096784591675,-0.21331268548965454,0.24062339961528778,3.0330920219421387,-0.15189029276371002,0.11338266730308533,3.1020891666412354,-0.11779554933309555,0.1146211177110672,3.0759687423706055,-0.007891401648521423,0.12090374529361725,2.9897162914276123,-0.11577461659908295,0.32938456535339355,2.8924882411956787,-0.2710638642311096,0.4249083995819092,2.7298645973205566,-0.30212169885635376,0.44401317834854126,2.6973397731781006,-0.36423739790916443,0.48222270607948303,2.6322903633117676,-0.37671780586242676,0.45879197120666504,2.7038488388061523,-0.18531745672225952,0.11076126992702484,3.1289596557617188,-0.29522159695625305,0.10447864234447479,3.215212106704712,-0.451122522354126,0.30026960372924805,3.171426773071289,-0.6366128921508789,0.42143356800079346,3.068477153778076,-0.6737109422683716,0.4456663727760315,3.0478873252868652,-0.7479071021080017,0.4941319525241852,3.0067074298858643,-0.674872100353241,0.48908352851867676,2.985126256942749,-0.26875030994415283,0.49964916706085205,2.842393636703491,-0.5220547914505005,0.6133326888084412,2.564460039138794,-0.471583753824234,0.9446824193000793,2.6624555587768555,-0.5262641906738281,1.0595442056655884,2.6133320331573486,-0.40549421310424805,0.489770770072937,2.9481217861175537,-0.7702330350875854,0.5860148072242737,2.838408946990967,-0.7235183119773865,0.9206986427307129,2.926429033279419,-0.8097459673881531,1.026015281677246,2.918091058731079,-0.18522849678993225,-0.055912911891937256,3.073840618133545,-0.18053197860717773,-0.10775439441204071,3.082766532897949,-0.12938423454761505,-0.1384960412979126,3.0960512161254883,-0.02291017770767212,-0.09841294586658478,3.1290833950042725,-0.17767681181430817,-0.135819673538208,3.137005090713501,-0.159739151597023,-0.09082986414432526,3.245119094848633,-0.43653327226638794,1.0168451070785522,2.7114951610565186,-0.6792041659355164,0.9971543550491333,2.9585483074188232
-0.33693113923072815,0.49557390809059143,2.891413927078247,-0.2747221291065216,0.3685538172721863,2.9598658084869385,-0.21357783675193787,0.24113935232162476,3.028543710708618,-0.15243172645568848,0.11372107267379761,3.0972235202789307,-0.1182262971997261,0.115110844373703,3.0713024139404297,-0.007875524461269379,0.1218942329287529,2.9856412410736084,-0.1152571588754654,0.33054640889167786,2.888218879699707,-0.27008238434791565,0.42552852630615234,2.7248337268829346,-0.3010474443435669,0.44452494382858276,2.6921567916870117,-0.362977534532547,0.4825177788734436,2.626802682876587,-0.37569254636764526,0.45919308066368103,2.698354959487915,-0.18597257137298584,0.1109464168548584,3.1238911151885986,-0.29632335901260376,0.1041630282998085,3.20955228805542,-0.4484049677848816,0.3021964132785797,3.162524461746216,-0.6310590505599976,0.42363595962524414,3.0549275875091553,-0.6675898432731628,0.447923868894577,3.0334081649780273,-0.7406514883041382,0.4964996874332428,2.9903693199157715,-0.6673064827919006,0.4905606508255005,2.9701035022735596,-0.2684507369995117,0.5007151961326599,2.838719129562378,-0.5206174850463867,0.6145768761634827,2.5598301887512207,-0.47194987535476685,0.945518434047699,2.660080909729004,-0.5267676711082458,1.0604677200317383,2.6113193035125732,-0.4054115414619446,0.49043264985084534,2.944108724594116,-0.7698807716369629,0.587550938129425,2.8342819213867188,-0.72463059425354,0.922069787979126,2.9236724376678467,-0.8112205266952515,1.027099847793579,2.915494203567505,-0.18341980874538422,-0.055951669812202454,3.070460796356201,-0.17815564572811127,-0.10755207389593124,3.0799143314361572,-0.12681615352630615,-0.13747268915176392,3.0938353538513184,-0.021265223622322083,-0.09581995010375977,3.1271564960479736,-0.17534470558166504,-0.13500046730041504,3.134351968765259,-0.15876278281211853,-0.08881531655788422,3.2419543266296387,-0.4374547302722931,1.0175158977508545,2.709751605987549,-0.6806838512420654,0.9985660314559937,2.95619535446167
-0.3352782726287842,0.49689969420433044,2.8914034366607666,-0.27331647276878357,0.36980146169662476,2.959641456604004,-0.2124188244342804,0.2423008233308792,3.0280864238739014,-0.15151935815811157,0.11479635536670685,3.0965332984924316,-0.11721251904964447,0.11632402241230011,3.070812463760376,-0.006430603563785553,0.12356444448232651,2.985733985900879,-0.11416233330965042,0.3319466710090637,2.8881046772003174,-0.26891350746154785,0.4255850911140442,2.723867177963257,-0.2998637557029724,0.44431278109550476,2.6910197734832764,-0.36176422238349915,0.4817681312561035,2.6253247261047363,-0.3746263086795807,0.45852452516555786,2.6968791484832764,-0.18516428768634796,0.11188288033008575,3.1229982376098633,-0.2959462106227875,0.10464245826005936,3.2080767154693604,-0.4458112120628357,0.30409497022628784,3.1599109172821045,-0.6269181370735168,0.42544642090797424,3.049619674682617,-0.6631395220756531,0.449716717004776,3.0275614261627197,-0.7355822920799255,0.4982573091983795,2.983444929122925,-0.6620251536369324,0.49202895164489746,2.9640462398529053,-0.2666843831539154,0.5021452903747559,2.8388888835906982,-0.518505871295929,0.6148477792739868,2.5592474937438965,-0.4723597764968872,0.9461095333099365,2.6595683097839355,-0.5277491807937622,1.0606791973114014,2.6105802059173584,-0.40387216210365295,0.49165406823158264,2.943917989730835,-0.7680213451385498,0.589865505695343,2.8340766429901123,-0.7235104441642761,0.9243791103363037,2.9237844944000244,-0.8102702498435974,1.0292550325393677,2.915550470352173,-0.18102014064788818,-0.05501522123813629,3.0710318088531494,-0.17543719708919525,-0.10640320181846619,3.0809247493743896,-0.124052494764328,-0.13576817512512207,3.095374345779419,-0.019208312034606934,-0.09312517940998077,3.1289243698120117,-0.1727561354637146,-0.1333337426185608,3.135505199432373,-0.15720191597938538,-0.08622764050960541,3.242628574371338,-0.4385146200656891,1.0183402299880981,2.7093379497528076,-0.6797535419464111,1.0009249448776245,2.9564318656921387
-0.33309435844421387,0.49836528301239014,2.8935816287994385,-0.2713755667209625,0.37127435207366943,2.9617772102355957,-0.21069937944412231,0.24377214908599854,3.0301403999328613,-0.15002135932445526,0.11626611649990082,3.098505735397339,-0.11561881005764008,0.1178995817899704,3.072974681854248,-0.0044306740164756775,0.12549109756946564,2.988447666168213,-0.11301415413618088,0.33319950103759766,2.8903214931488037,-0.26775211095809937,0.4250638484954834,2.725069522857666,-0.2986997067928314,0.44343671202659607,2.69201922416687,-0.36059489846229553,0.4801824688911438,2.625918388366699,-0.3736112713813782,0.4570157825946808,2.6974706649780273,-0.18376442790031433,0.1132468432188034,3.1247799396514893,-0.2949525713920593,0.10565532743930817,3.2093069553375244,-0.4435812532901764,0.3058432340621948,3.160355806350708,-0.6237457394599915,0.4266091585159302,3.0478947162628174,-0.6597786545753479,0.4507623314857483,3.025402545928955,-0.731844425201416,0.4990687072277069,2.9804182052612305,-0.6580963730812073,0.4928526282310486,2.961751699447632,-0.26433947682380676,0.5037117004394531,2.841320276260376,-0.5155130624771118,0.614375114440918,2.5603363513946533,-0.4726956784725189,0.9464144110679626,2.65944242477417,-0.5288031697273254,1.060286283493042,2.6096856594085693,-0.40184924006462097,0.49301886558532715,2.945842981338501,-0.7654304504394531,0.5912309885025024,2.8342652320861816,-0.7228460907936096,0.9262356758117676,2.922943592071533,-0.8100031614303589,1.0306941270828247,2.9138524532318115,-0.17901790142059326,-0.0533783882856369,3.0736312866210938,-0.17339679598808289,-0.10461339354515076,3.0837502479553223,-0.12212756276130676,-0.13376131653785706,3.0985469818115234,-0.017733246088027954,-0.09085853397846222,3.132361650466919,-0.17093665897846222,-0.13125495612621307,3.1383509635925293,-0.15602567791938782,-0.0837571769952774,3.2451400756835938,-0.4397207200527191,1.019136905670166,2.7090632915496826,-0.6795989274978638,1.003084421157837,2.955533504486084
-0.3322201371192932,0.49902862310409546,2.897165060043335,-0.27074047923088074,0.37194931507110596,2.965419292449951,-0.21028375625610352,0.24445609748363495,3.033815383911133,-0.14982521533966064,0.11695906519889832,3.1022133827209473,-0.11535553634166718,0.11862887442111969,3.0768110752105713,-0.0038830041885375977,0.12634316086769104,2.9926578998565674,-0.11274366825819016,0.3333807587623596,2.893401622772217,-0.26700156927108765,0.42405521869659424,2.7270331382751465,-0.29785314202308655,0.44219011068344116,2.6937594413757324,-0.35955631732940674,0.478459894657135,2.6272120475769043,-0.3728525638580322,0.45546695590019226,2.6987721920013428,-0.18363778293132782,0.11390350759029388,3.128359079360962,-0.2951103150844574,0.10618922859430313,3.212512254714966,-0.44265466928482056,0.3068915009498596,3.1623499393463135,-0.6219660639762878,0.42673593759536743,3.0475432872772217,-0.6578283309936523,0.45070481300354004,3.0245819091796875,-0.7295528650283813,0.49864259362220764,2.978659152984619,-0.6556249856948853,0.49243080615997314,2.9607038497924805,-0.26334160566329956,0.5043886303901672,2.8451027870178223,-0.5133044123649597,0.6132912635803223,2.5623953342437744,-0.473316490650177,0.946176290512085,2.659743309020996,-0.529868483543396,1.059360384941101,2.6089577674865723,-0.40109866857528687,0.4936686158180237,2.9492273330688477,-0.7639339566230774,0.59166419506073,2.8351566791534424,-0.7236943244934082,0.927256166934967,2.9226033687591553,-0.8113017082214355,1.0312211513519287,2.9123971462249756,-0.1786171793937683,-0.05237463116645813,3.077422857284546,-0.17303572595119476,-0.10349612683057785,3.087590456008911,-0.12192313373088837,-0.13255873322486877,3.1025943756103516,-0.01788938045501709,-0.08968429267406464,3.136730909347534,-0.17079795897006989,-0.1300344169139862,3.142115354537964,-0.15636806190013885,-0.08253209292888641,3.2487072944641113,-0.44113650918006897,1.0194098949432373,2.7091212272644043,-0.6810786724090576,1.0044652223587036,2.9551544189453125
-0.33187136054039,0.49906125664711,2.9010932445526123,-0.2705947160720825,0.3719978332519531,2.969460964202881,-0.21033227443695068,0.2445220947265625,3.0379624366760254,-0.1500680297613144,0.11704254150390625,3.106466054916382,-0.1155640184879303,0.11869075894355774,3.0811288356781006,-0.003926672041416168,0.12633761763572693,2.9971489906311035,-0.11275656521320343,0.33293262124061584,2.896878957748413,-0.2665574550628662,0.42290765047073364,2.729674816131592,-0.29731762409210205,0.4409026503562927,2.6962339878082275,-0.35883796215057373,0.4768926501274109,2.629352331161499,-0.37236180901527405,0.45408228039741516,2.7009360790252686,-0.18391703069210052,0.11400875449180603,3.1325478553771973,-0.29555436968803406,0.10636188834905624,3.2165277004241943,-0.44233888387680054,0.30740755796432495,3.165395975112915,-0.6210850477218628,0.4265773892402649,3.048966646194458,-0.6568342447280884,0.4504113495349884,3.0256807804107666,-0.7283326983451843,0.4980792999267578,2.979109048843384,-0.6542922854423523,0.4918280243873596,2.9616055488586426,-0.26293179392814636,0.504350483417511,2.8491342067718506,-0.5119374990463257,0.6119800806045532,2.565114974975586,-0.47364354133605957,0.945512056350708,2.660876989364624,-0.5304027795791626,1.0582066774368286,2.609252691268921,-0.40081092715263367,0.49377205967903137,2.953052282333374,-0.7630913257598877,0.591663122177124,2.8371851444244385,-0.7244350910186768,0.9277123212814331,2.923539161682129,-0.8123357892036438,1.0313365459442139,2.912482261657715,-0.1789596825838089,-0.05190390348434448,3.081421136856079,-0.17348246276378632,-0.10295034945011139,3.091517210006714,-0.12254376709461212,-0.1320449411869049,3.1065914630889893,-0.018740952014923096,-0.08943139016628265,3.1409997940063477,-0.17142972350120544,-0.1295136660337448,3.1459107398986816,-0.15725116431713104,-0.08225944638252258,3.2524044513702393,-0.4419591426849365,1.0191245079040527,2.710005760192871,-0.6822494268417358,1.0051873922348022,2.9560093879699707
-0.33167219161987305,0.49895352125167847,2.9048609733581543,-0.2705313563346863,0.3719397783279419,2.9734082221984863,-0.2104048728942871,0.24451616406440735,3.0420918464660645,-0.15027658641338348,0.11708873510360718,3.1107776165008545,-0.11577163636684418,0.11866727471351624,3.085444211959839,-0.004083909094333649,0.12608855962753296,3.0014395713806152,-0.11267279833555222,0.3324011564254761,2.9002175331115723,-0.2660905718803406,0.4220075011253357,2.7324016094207764,-0.29677411913871765,0.4399287700653076,2.698838472366333,-0.3581412434577942,0.47577130794525146,2.6317121982574463,-0.37183278799057007,0.45317208766937256,2.70334529876709,-0.1841280162334442,0.11412522196769714,3.136857509613037,-0.29581573605537415,0.10670393705368042,3.2208621501922607,-0.44210314750671387,0.3079269528388977,3.1687891483306885,-0.6205465793609619,0.4264574348926544,3.0511586666107178,-0.6562352776527405,0.4501635432243347,3.027632474899292,-0.7276126742362976,0.4975757300853729,2.9805803298950195,-0.6535034775733948,0.4912506341934204,2.9633371829986572,-0.2627289593219757,0.5041072964668274,2.8529164791107178,-0.5109552145004272,0.6108250021934509,2.5678703784942627,-0.47346118092536926,0.944852352142334,2.662217617034912,-0.5302364826202393,1.0572221279144287,2.60990571975708,-0.4006154239177704,0.49379977583885193,2.956805467605591,-0.7625373601913452,0.5915436744689941,2.8396949768066406,-0.7249572277069092,0.9279955625534058,2.924955368041992,-0.81306391954422,1.031371831893921,2.9132301807403564,-0.17941094934940338,-0.05145852267742157,3.0853657722473145,-0.17405174672603607,-0.10245069861412048,3.095337152481079,-0.12327267229557037,-0.13162609934806824,3.110379695892334,-0.019605770707130432,-0.08935938775539398,3.144943952560425,-0.1721159666776657,-0.12909364700317383,3.14958119392395,-0.1579951047897339,-0.08218415826559067,3.256014585494995,-0.44203808903694153,1.0187382698059082,2.711103916168213,-0.6830615997314453,1.0056874752044678,2.9572839736938477
-0.3315780758857727,0.498782217502594,2.9073002338409424,-0.27044275403022766,0.37180382013320923,2.9759116172790527,-0.21037301421165466,0.24441902339458466,3.044710636138916,-0.1503014713525772,0.11703041195869446,3.113511800765991,-0.11583670973777771,0.11852046847343445,3.0881195068359375,-0.004231616854667664,0.12565495073795319,3.003884792327881,-0.11226897686719894,0.33197230100631714,2.901921272277832,-0.26527899503707886,0.42180711030960083,2.733764171600342,-0.2958810031414032,0.4397740662097931,2.7001328468322754,-0.3570850193500519,0.4757080078125,2.6328699588775635,-0.3709189295768738,0.4532758593559265,2.7045490741729736,-0.18411333858966827,0.11415579915046692,3.1396517753601074,-0.2957184314727783,0.10702132433652878,3.223886489868164,-0.4414895474910736,0.30831846594810486,3.170353889465332,-0.619711697101593,0.42559829354286194,3.051016330718994,-0.6553561091423035,0.4490542709827423,3.027148723602295,-0.7266449928283691,0.49596619606018066,2.9794137477874756,-0.6524497270584106,0.48957669734954834,2.9624805450439453,-0.26271504163742065,0.5038136839866638,2.855252504348755,-0.5094821453094482,0.6113767623901367,2.569255828857422,-0.4720325171947479,0.9453706741333008,2.663745641708374,-0.5284470319747925,1.0578008890151978,2.6111724376678467,-0.40044111013412476,0.4937507212162018,2.95934796333313,-0.7621794939041138,0.5911447405815125,2.8413748741149902,-0.7259210348129272,0.9278396964073181,2.9262547492980957,-0.8143288493156433,1.030914306640625,2.914137840270996,-0.1796519011259079,-0.05110858380794525,3.087557554244995,-0.17437192797660828,-0.10206101834774017,3.0973289012908936,-0.12371082603931427,-0.13131758570671082,3.1122164726257324,-0.020131632685661316,-0.08939632773399353,3.146820545196533,-0.17245075106620789,-0.12885618209838867,3.151388645172119,-0.1582280695438385,-0.08242235332727432,3.257807970046997,-0.44074445962905884,1.0192252397537231,2.712766647338867,-0.6843656301498413,1.0057131052017212,2.9585869312286377
-0.331805944442749,0.4979991018772125,2.908540725708008,-0.2706168591976166,0.37106430530548096,2.9771571159362793,-0.21057941019535065,0.24372278153896332,3.046036720275879,-0.15054015815258026,0.11637744307518005,3.1149184703826904,-0.11615558713674545,0.1177462488412857,3.08941650390625,-0.004759281873703003,0.12448674440383911,3.004781723022461,-0.11219487339258194,0.3309994339942932,2.9024109840393066,-0.26502537727355957,0.42133501172065735,2.734265089035034,-0.29559147357940674,0.43940213322639465,2.7006359100341797,-0.3567236661911011,0.47553637623786926,2.6333775520324707,-0.3705828785896301,0.4532502293586731,2.7051188945770264,-0.1842721849679947,0.11362455785274506,3.1411688327789307,-0.29566848278045654,0.10688406229019165,3.2258036136627197,-0.4410860538482666,0.3082456588745117,3.1712424755096436,-0.6193299293518066,0.42459288239479065,3.050896167755127,-0.6549786925315857,0.44786232709884644,3.026826858520508,-0.7262762188911438,0.494401216506958,2.9786884784698486,-0.6520513296127319,0.4879021644592285,2.961836099624634,-0.26312053203582764,0.5028423070907593,2.8562495708465576,-0.5095482468605042,0.6113177537918091,2.570296049118042,-0.47120365500450134,0.9451762437820435,2.6649270057678223,-0.5273070931434631,1.0577822923660278,2.6123909950256348,-0.4004913568496704,0.49315589666366577,2.960831880569458,-0.7623193264007568,0.5904463529586792,2.843026876449585,-0.726471483707428,0.927314281463623,2.927417039871216,-0.8150229454040527,1.030255675315857,2.9151928424835205,-0.1802140474319458,-0.05136099457740784,3.0884857177734375,-0.1750217229127884,-0.10227903723716736,3.0980591773986816,-0.12446658313274384,-0.13163809478282928,3.1127328872680664,-0.020902186632156372,-0.09009566903114319,3.147238254547119,-0.1730567365884781,-0.12922094762325287,3.151942014694214,-0.15857431292533875,-0.0832470953464508,3.258331298828125,-0.4397209882736206,1.0189270973205566,2.713982582092285,-0.6850050687789917,1.0052897930145264,2.9596219062805176
-0.33164945244789124,0.4968746304512024,2.910172462463379,-0.27049458026885986,0.36997395753860474,2.9788496494293213,-0.21058279275894165,0.24265863001346588,3.04785418510437,-0.15066921710968018,0.1153394877910614,3.116860866546631,-0.11637605726718903,0.11653915047645569,3.0912342071533203,-0.005208075046539307,0.1227298229932785,3.006136894226074,-0.11142823100090027,0.32998332381248474,2.903656244277954,-0.26370424032211304,0.42215651273727417,2.735814094543457,-0.2941594421863556,0.44059115648269653,2.7022457122802734,-0.3550698459148407,0.47746044397354126,2.6351089477539062,-0.3690546154975891,0.45512741804122925,2.706854820251465,-0.1843111664056778,0.11275601387023926,3.143237352371216,-0.2954791486263275,0.10656534135341644,3.228334665298462,-0.4410499334335327,0.30761221051216125,3.17240309715271,-0.6196786761283875,0.4223797619342804,3.0508503913879395,-0.6554044485092163,0.4453332722187042,3.0265398025512695,-0.7268559336662292,0.4912402927875519,2.9779186248779297,-0.6525717377662659,0.484771728515625,2.961130142211914,-0.26311302185058594,0.5014879703521729,2.8576672077178955,-0.5096853375434875,0.6108580231666565,2.5721611976623535,-0.47023805975914,0.9447767734527588,2.666167974472046,-0.5261249542236328,1.0574549436569214,2.61354398727417,-0.40018588304519653,0.4922613203525543,2.9626777172088623,-0.7622543573379517,0.5891126394271851,2.845205545425415,-0.7264218330383301,0.9260839223861694,2.9292378425598145,-0.8150317668914795,1.02898371219635,2.9170353412628174,-0.18034882843494415,-0.05223701894283295,3.0905845165252686,-0.17515449225902557,-0.10309644043445587,3.1001720428466797,-0.12463836371898651,-0.1324189156293869,3.1147937774658203,-0.021143779158592224,-0.09090549498796463,3.1491293907165527,-0.17313596606254578,-0.1299789398908615,3.1540119647979736,-0.15855368971824646,-0.08399221301078796,3.2602477073669434,-0.43845999240875244,1.0185236930847168,2.7150449752807617,-0.6849409937858582,1.0041077136993408,2.9613161087036133
-0.33155107498168945,0.49563682079315186,2.911520004272461,-0.2703638970851898,0.3687756657600403,2.980217695236206,-0.21051055192947388,0.2414931356906891,3.0493099689483643,-0.15065541863441467,0.11420679092407227,3.1184041500091553,-0.1164771318435669,0.11523498594760895,3.0926218032836914,-0.005602486431598663,0.1208680272102356,3.0069503784179688,-0.11044403910636902,0.3291507959365845,2.9046313762664795,-0.2620718479156494,0.4241000711917877,2.7374658584594727,-0.2923974096775055,0.44308993220329285,2.7040326595306396,-0.35304853320121765,0.4810696542263031,2.6371665000915527,-0.36716097593307495,0.458518922328949,2.7088847160339355,-0.18418313562870026,0.11179514229297638,3.144937515258789,-0.2950577735900879,0.10616210103034973,3.2306089401245117,-0.4408375322818756,0.30691981315612793,3.173274517059326,-0.6199739575386047,0.420047402381897,3.0505433082580566,-0.6558012366294861,0.4426729083061218,3.0259971618652344,-0.7274557948112488,0.4879239499568939,2.9769046306610107,-0.653104305267334,0.4814716577529907,2.9601292610168457,-0.2632436156272888,0.4999768137931824,2.8586947917938232,-0.5112428069114685,0.6095300316810608,2.5744707584381104,-0.46995705366134644,0.943452000617981,2.667738199234009,-0.5257538557052612,1.056267499923706,2.615295648574829,-0.3998585343360901,0.49129682779312134,2.9643452167510986,-0.7622525691986084,0.5875736474990845,2.8473403453826904,-0.725640058517456,0.9246488809585571,2.9306886196136475,-0.8141118884086609,1.0276812314987183,2.9185266494750977,-0.18014118075370789,-0.05350013077259064,3.0930328369140625,-0.1748761683702469,-0.10429002344608307,3.1028780937194824,-0.12432298064231873,-0.13346588611602783,3.1176042556762695,-0.020875707268714905,-0.09165552258491516,3.1516237258911133,-0.17277751863002777,-0.13088279962539673,3.1568422317504883,-0.15816354751586914,-0.08433680236339569,3.262798309326172,-0.4375962018966675,1.0171540975570679,2.716308116912842,-0.6839452981948853,1.0026631355285645,2.9625253677368164
-0.3298412561416626,0.49531716108322144,2.9145400524139404,-0.2687932550907135,0.3684441149234772,2.983436107635498,-0.20919176936149597,0.24113808572292328,3.0527985095977783,-0.14958849549293518,0.11382824182510376,3.1221628189086914,-0.11547593772411346,0.11464062333106995,3.096266984939575,-0.004379101097583771,0.11958649754524231,3.0098814964294434,-0.10882452875375748,0.32891982793807983,2.9072229862213135,-0.2597638964653015,0.4287671148777008,2.741115093231201,-0.28995177149772644,0.4487365782260895,2.7078936100006104,-0.3503275215625763,0.4886755049228668,2.6414504051208496,-0.36469483375549316,0.4653373658657074,2.7131335735321045,-0.18305325508117676,0.11163216829299927,3.148812770843506,-0.29415008425712585,0.1066862940788269,3.2351982593536377,-0.43951547145843506,0.30779188871383667,3.174423933029175,-0.6190792322158813,0.4172760844230652,3.04748272895813,-0.6549919843673706,0.4391729235649109,3.022094488143921,-0.7268174886703491,0.4829666018486023,2.971318006515503,-0.6520681381225586,0.4765840172767639,2.955151081085205,-0.26165151596069336,0.4993230700492859,2.861494779586792,-0.511461079120636,0.6067765355110168,2.578036069869995,-0.46833208203315735,0.9405275583267212,2.6711277961730957,-0.5240461826324463,1.0535691976547241,2.619072914123535,-0.39803099632263184,0.491311252117157,2.967585325241089,-0.7610549926757812,0.5851103663444519,2.850473403930664,-0.7236984372138977,0.9224501252174377,2.9324634075164795,-0.8120453357696533,1.0255779027938843,2.920147657394409,-0.1781299114227295,-0.05420967936515808,3.1001932621002197,-0.17268812656402588,-0.10466891527175903,3.111100196838379,-0.1221618726849556,-0.13324332237243652,3.126640796661377,-0.019254490733146667,-0.09032408148050308,3.1602072715759277,-0.1707291454076767,-0.13007724285125732,3.1655197143554688,-0.15686175227165222,-0.08135347068309784,3.270364284515381,-0.4353843927383423,1.0140973329544067,2.719510078430176,-0.6817972660064697,1.0005208253860474,2.9638986587524414
-0.3287941515445709,0.49509334564208984,2.9153223037719727,-0.26767754554748535,0.36829495429992676,2.984347343444824,-0.20811037719249725,0.24105989933013916,3.0539212226867676,-0.1485414206981659,0.11382104456424713,3.1234970092773438,-0.11450785398483276,0.11447955667972565,3.097482681274414,-0.0034262165427207947,0.11892808228731155,3.0105130672454834,-0.10884732753038406,0.32814309000968933,2.9076883792877197,-0.260657399892807,0.42889678478240967,2.742396116256714,-0.29101940989494324,0.4490475356578827,2.7093377113342285,-0.3517434298992157,0.48934900760650635,2.643220901489258,-0.3657935559749603,0.4658694863319397,2.7150397300720215,-0.18192756175994873,0.11177958548069,3.1502678394317627,-0.2930091917514801,0.1073310598731041,3.2372374534606934,-0.4379146695137024,0.30884507298469543,3.175173282623291,-0.6177948117256165,0.4167197346687317,3.0466225147247314,-0.6537708640098572,0.4382946789264679,3.0209124088287354,-0.7257229089736938,0.4814445376396179,2.969492197036743,-0.6508399248123169,0.4749862551689148,2.9534451961517334,-0.26076310873031616,0.49887433648109436,2.8620314598083496,-0.5136557817459106,0.6042831540107727,2.5805294513702393,-0.4684523940086365,0.9378423690795898,2.673363447189331,-0.5243622064590454,1.0511000156402588,2.621981620788574,-0.3968251943588257,0.4913123548030853,2.9686131477355957,-0.7605287432670593,0.5836830139160156,2.852438449859619,-0.7216463685035706,0.9210735559463501,2.9335498809814453,-0.8097099661827087,1.0244741439819336,2.921449661254883,-0.17688779532909393,-0.05446895956993103,3.1044328212738037,-0.1714351326227188,-0.10468611121177673,3.116225242614746,-0.12095910310745239,-0.13292182981967926,3.1323578357696533,-0.01823432743549347,-0.08937272429466248,3.165356159210205,-0.16957305371761322,-0.12911583483219147,3.171043634414673,-0.15597382187843323,-0.07858908921480179,3.274966239929199,-0.43474799394607544,1.0112762451171875,2.721435546875,-0.6793310642242432,0.9990701675415039,2.964620351791382
-0.327939510345459,0.4951270818710327,2.9144842624664307,-0.2666401267051697,0.36835765838623047,2.9834420680999756,-0.20699265599250793,0.2411467283964157,3.053032398223877,-0.14734339714050293,0.11393198370933533,3.1226248741149902,-0.11338473856449127,0.11451439559459686,3.0965027809143066,-0.002300947904586792,0.11872118711471558,3.0089805126190186,-0.10924031585454941,0.3274935185909271,2.906151056289673,-0.2624675929546356,0.4276488125324249,2.7414169311523438,-0.2931130528450012,0.44767987728118896,2.708470106124878,-0.3544039726257324,0.48774200677871704,2.6425764560699463,-0.3679841160774231,0.4642961621284485,2.714583396911621,-0.18065375089645386,0.11196689307689667,3.149503469467163,-0.29173755645751953,0.10776010155677795,3.237025737762451,-0.4362557530403137,0.3097565770149231,3.174513816833496,-0.6164087057113647,0.4168414771556854,3.045189619064331,-0.652439296245575,0.43825846910476685,3.019324779510498,-0.7245004773139954,0.4810924232006073,2.967595100402832,-0.6495397090911865,0.47455906867980957,2.9515531063079834,-0.26009395718574524,0.49879902601242065,2.860924005508423,-0.5163058042526245,0.602708101272583,2.5818634033203125,-0.46914729475975037,0.9359481334686279,2.6749017238616943,-0.5253493189811707,1.0494686365127563,2.624418020248413,-0.39578506350517273,0.4914551377296448,2.9680445194244385,-0.7601720094680786,0.5829238295555115,2.8532750606536865,-0.7199934124946594,0.9202638864517212,2.9339990615844727,-0.8078551888465881,1.0238871574401855,2.922306776046753,-0.17579536139965057,-0.05443258583545685,3.1054232120513916,-0.17041444778442383,-0.10448721796274185,3.1177847385406494,-0.12002536654472351,-0.1325676441192627,3.13431715965271,-0.017383217811584473,-0.0887695699930191,3.166987895965576,-0.16867555677890778,-0.1282826066017151,3.1728451251983643,-0.15522541105747223,-0.07662862539291382,3.276150703430176,-0.4346937835216522,1.009187936782837,2.7227423191070557,-0.6773132681846619,0.998169481754303,2.9648046493530273
-0.32662850618362427,0.49584612250328064,2.9129724502563477,-0.26518720388412476,0.36902832984924316,2.981738805770874,-0.205436110496521,0.24176231026649475,3.0511634349823,-0.14568322896957397,0.11449247598648071,3.1205899715423584,-0.11178342998027802,0.11506418883800507,3.094386577606201,-0.0006566122174263,0.11924563348293304,3.006409168243408,-0.10971976816654205,0.3272438049316406,2.9038517475128174,-0.2649148106575012,0.4253948926925659,2.7395286560058594,-0.29595381021499634,0.44502511620521545,2.7066640853881836,-0.3580318093299866,0.4842855632305145,2.640934944152832,-0.3709810972213745,0.4609973430633545,2.7131593227386475,-0.17893357574939728,0.11253748834133148,3.147548198699951,-0.2900604009628296,0.1083560436964035,3.235525608062744,-0.43491947650909424,0.31036871671676636,3.1732137203216553,-0.6159515976905823,0.41572245955467224,3.0434093475341797,-0.6521580219268799,0.4367932081222534,3.0174484252929688,-0.7245708703994751,0.47893470525741577,2.965526819229126,-0.6495505571365356,0.4727180600166321,2.9494118690490723,-0.25888562202453613,0.49953991174697876,2.859257698059082,-0.5174556374549866,0.602325439453125,2.5819501876831055,-0.46915724873542786,0.9353960752487183,2.6750376224517822,-0.5256351828575134,1.0490493774414062,2.6251566410064697,-0.3943713903427124,0.4921523332595825,2.9666872024536133,-0.7594105005264282,0.582758367061615,2.8532862663269043,-0.718424379825592,0.9199938774108887,2.934072494506836,-0.8062061071395874,1.023741364479065,2.9228577613830566,-0.17446905374526978,-0.05381658673286438,3.104273557662964,-0.16923168301582336,-0.10378879308700562,3.1169190406799316,-0.11896740645170212,-0.13187721371650696,3.1337075233459473,-0.01634642481803894,-0.08815301209688187,3.1663384437561035,-0.1676657348871231,-0.12726899981498718,3.1720874309539795,-0.15432500839233398,-0.07509645819664001,3.275080919265747,-0.43423181772232056,1.0085351467132568,2.722693681716919,-0.6755017638206482,0.9978232383728027,2.9647395610809326
-0.3251148462295532,0.49726659059524536,2.915353536605835,-0.26357078552246094,0.3705917298793793,2.98431396484375,-0.20366542041301727,0.2434692680835724,3.0538909435272217,-0.14375826716423035,0.11634300649166107,3.1234700679779053,-0.10988130420446396,0.11689537763595581,3.0972321033477783,0.0013911724090576172,0.12101850658655167,3.008960485458374,-0.10934129357337952,0.3279305398464203,2.905557155609131,-0.26556509733200073,0.4243314564228058,2.7409186363220215,-0.2968098521232605,0.44361165165901184,2.707990884780884,-0.35929936170578003,0.48217201232910156,2.6421353816986084,-0.371987521648407,0.45910561084747314,2.714533805847168,-0.17698410153388977,0.114408940076828,3.1504642963409424,-0.28825658559799194,0.11028581112623215,3.2387359142303467,-0.4339231252670288,0.3115491271018982,3.175168514251709,-0.6160650849342346,0.4130910336971283,3.0435690879821777,-0.6524934768676758,0.43339940905570984,3.01724910736084,-0.7253502607345581,0.4740161597728729,2.964609384536743,-0.6501954793930054,0.4683839678764343,2.9486536979675293,-0.2573503255844116,0.5009472966194153,2.861638069152832,-0.5161688923835754,0.6023643612861633,2.5840067863464355,-0.4681053161621094,0.9359636306762695,2.6754300594329834,-0.5247175097465515,1.049330472946167,2.6250174045562744,-0.3928793668746948,0.49358588457107544,2.969069004058838,-0.7580957412719727,0.5827616453170776,2.854980230331421,-0.7165035009384155,0.920163631439209,2.9348976612091064,-0.8041091561317444,1.0240472555160522,2.923415422439575,-0.17319101095199585,-0.05184565484523773,3.107794761657715,-0.1681404411792755,-0.10177115350961685,3.120615243911743,-0.11799430102109909,-0.12998026609420776,3.137469530105591,-0.015226125717163086,-0.08655005693435669,3.1698644161224365,-0.16663134098052979,-0.12504558265209198,3.1758463382720947,-0.15303108096122742,-0.07256846129894257,3.2785990238189697,-0.43321341276168823,1.0093744993209839,2.7227087020874023,-0.6734375357627869,0.9980030655860901,2.9653642177581787
-0.323711633682251,0.49866247177124023,2.918145179748535,-0.2619955539703369,0.37221404910087585,2.9873833656311035,-0.20185616612434387,0.24531899392604828,3.057189464569092,-0.14171499013900757,0.11842013895511627,3.126997709274292,-0.1078517884016037,0.11897042393684387,3.100738763809204,0.0035792365670204163,0.12309015542268753,3.012227773666382,-0.10850632190704346,0.32885733246803284,2.9074676036834717,-0.2652343213558197,0.42418989539146423,2.7423737049102783,-0.29657992720603943,0.4432564079761505,2.709354877471924,-0.3592711091041565,0.48138943314552307,2.643317461013794,-0.3718791604042053,0.4585004448890686,2.715855360031128,-0.17492452263832092,0.11649066209793091,3.15401554107666,-0.28635555505752563,0.11237093061208725,3.2425265312194824,-0.4330886900424957,0.31253692507743835,3.1770973205566406,-0.6163834929466248,0.40921762585639954,3.0430684089660645,-0.6530424356460571,0.4285537600517273,3.0162625312805176,-0.7263603806495667,0.4672260284423828,2.962651014328003,-0.6510205864906311,0.4623675048351288,2.9470009803771973,-0.25590214133262634,0.5023629069328308,2.8644604682922363,-0.5137391090393066,0.6030088663101196,2.5855417251586914,-0.4668208062648773,0.937301754951477,2.675241708755493,-0.523513674736023,1.0502595901489258,2.623945474624634,-0.3915211260318756,0.49496203660964966,2.971829891204834,-0.7566603422164917,0.5828796029090881,2.8562915325164795,-0.7142609357833862,0.9203900098800659,2.9355897903442383,-0.8015633821487427,1.024515151977539,2.923711061477661,-0.17210111021995544,-0.049565449357032776,3.111521005630493,-0.16729460656642914,-0.0994940847158432,3.124361038208008,-0.11727745085954666,-0.1279580295085907,3.141106605529785,-0.014222860336303711,-0.08508314192295074,3.1732065677642822,-0.1657770574092865,-0.1227305456995964,3.179588794708252,-0.15163841843605042,-0.07027195394039154,3.2822391986846924,-0.43228375911712646,1.0110801458358765,2.722240447998047,-0.6710270047187805,0.9981850981712341,2.96598219871521
-0.3223792612552643,0.49980098009109497,2.9206197261810303,-0.2604915499687195,0.37362587451934814,2.9902195930480957,-0.20010341703891754,0.24700221419334412,3.0603203773498535,-0.13971346616744995,0.12037476897239685,3.1304233074188232,-0.10586237907409668,0.12091512978076935,3.104145050048828,0.00571364164352417,0.12500403821468353,3.015413999557495,-0.1079925149679184,0.32943499088287354,2.90925669670105,-0.2654187083244324,0.42354512214660645,2.7438111305236816,-0.29690393805503845,0.4423671364784241,2.710721969604492,-0.359874427318573,0.4800111949443817,2.6445438861846924,-0.3723280131816864,0.4573169946670532,2.7172393798828125,-0.17290820181369781,0.1184581071138382,3.157463312149048,-0.28448420763015747,0.11436919867992401,3.246194362640381,-0.43223661184310913,0.3133597671985626,3.1786482334136963,-0.6165418028831482,0.40488487482070923,3.042022228240967,-0.6534028649330139,0.4231899082660675,3.0146970748901367,-0.7271249294281006,0.45979994535446167,2.9600467681884766,-0.6515974998474121,0.4557385742664337,2.944753646850586,-0.25448518991470337,0.5035343170166016,2.8670167922973633,-0.5105870962142944,0.6034438014030457,2.5861189365386963,-0.4655086100101471,0.9386287927627563,2.673710584640503,-0.5222835540771484,1.0510215759277344,2.6211977005004883,-0.3902733325958252,0.49606767296791077,2.9742226600646973,-0.7550016641616821,0.5824015140533447,2.855928897857666,-0.7121597528457642,0.9203152656555176,2.93359637260437,-0.7991675734519958,1.0246070623397827,2.9207119941711426,-0.17144198715686798,-0.04729543626308441,3.114478826522827,-0.166976198554039,-0.0972970575094223,3.127128839492798,-0.11712846159934998,-0.12619873881340027,3.143599271774292,-0.01364944875240326,-0.08423451334238052,3.175480604171753,-0.16544589400291443,-0.12073229998350143,3.1822633743286133,-0.15054886043071747,-0.06874625384807587,3.285029411315918,-0.43155747652053833,1.0128928422927856,2.720412015914917,-0.6688765287399292,0.9981892704963684,2.963780403137207
-0.32137009501457214,0.5008608102798462,2.9231503009796143,-0.2593059837818146,0.3748784065246582,2.9929585456848145,-0.19866561889648438,0.248442143201828,3.0631961822509766,-0.13802343606948853,0.12200209498405457,3.1334359645843506,-0.10420472919940948,0.12254172563552856,3.1071128845214844,0.007431253790855408,0.12663111090660095,3.018092155456543,-0.10746383666992188,0.3299507796764374,2.9105851650238037,-0.2651921510696411,0.4236398935317993,2.744889497756958,-0.29673781991004944,0.4423777163028717,2.7117502689361572,-0.3598291277885437,0.4798533618450165,2.6454720497131348,-0.3722427189350128,0.4572426378726959,2.7182669639587402,-0.1711830347776413,0.12008821964263916,3.1605224609375,-0.2828190326690674,0.11599882692098618,3.2495431900024414,-0.4309365749359131,0.31483808159828186,3.1815602779388428,-0.6159021854400635,0.4039936661720276,3.0439016819000244,-0.6528953313827515,0.42182478308677673,3.0163700580596924,-0.7268815636634827,0.457487016916275,2.961306571960449,-0.6512522101402283,0.45382463932037354,2.946100950241089,-0.2534184753894806,0.5046625137329102,2.869597911834717,-0.5075398683547974,0.6036014556884766,2.586423635482788,-0.46467289328575134,0.9397892951965332,2.671612024307251,-0.5215631127357483,1.051510214805603,2.6177163124084473,-0.3893217146396637,0.49705907702445984,2.9767026901245117,-0.7534956932067871,0.5817230343818665,2.8551974296569824,-0.7104032039642334,0.9200493097305298,2.9313242435455322,-0.7971267700195312,1.0244808197021484,2.9173271656036377,-0.1710401326417923,-0.04530547559261322,3.116398572921753,-0.1668703556060791,-0.09543009102344513,3.1286492347717285,-0.11715029180049896,-0.12481087446212769,3.144643545150757,-0.013212993741035461,-0.08383283019065857,3.1763017177581787,-0.1652267426252365,-0.11929003894329071,3.183595895767212,-0.14942961931228638,-0.06819045543670654,3.2866673469543457,-0.4314205050468445,1.0146116018295288,2.717973470687866,-0.6671311855316162,0.9980142116546631,2.9613654613494873
-0.3209954798221588,0.5013623833656311,2.9258341789245605,-0.2586846351623535,0.37550896406173706,2.995673418045044,-0.19774580001831055,0.24920256435871124,3.0659046173095703,-0.13680514693260193,0.12289237976074219,3.1361377239227295,-0.10303392261266708,0.1234552264213562,3.109750747680664,0.008595630526542664,0.12762553989887238,3.0203909873962402,-0.10736069083213806,0.32980430126190186,2.9114227294921875,-0.26538872718811035,0.4229581952095032,2.745435953140259,-0.29699432849884033,0.44158896803855896,2.7122385501861572,-0.3602055311203003,0.47885051369667053,2.645843744277954,-0.37256574630737305,0.45641225576400757,2.718762159347534,-0.16991400718688965,0.12095668911933899,3.1632883548736572,-0.2815435528755188,0.11678636819124222,3.252648115158081,-0.4299217462539673,0.31561124324798584,3.1844661235809326,-0.6154559254646301,0.4029523730278015,3.0460801124572754,-0.6525627374649048,0.4204205870628357,3.0184028148651123,-0.7267764210700989,0.45535704493522644,2.9630484580993652,-0.6510665416717529,0.4520042836666107,2.9478793144226074,-0.2530377507209778,0.5052850246429443,2.8722708225250244,-0.5052565336227417,0.6037150025367737,2.587069272994995,-0.4641363322734833,0.9404598474502563,2.671323776245117,-0.5210047960281372,1.051817536354065,2.6165611743927,-0.38895320892333984,0.4974397122859955,2.9793975353240967,-0.7525207996368408,0.580888569355011,2.8549084663391113,-0.7092133164405823,0.9193472266197205,2.93078351020813,-0.7956503629684448,1.023964524269104,2.916041135787964,-0.17093944549560547,-0.0440097451210022,3.117643356323242,-0.1669980138540268,-0.09427136182785034,3.129364490509033,-0.11736517399549484,-0.1241050660610199,3.1447463035583496,-0.012999206781387329,-0.08407815545797348,3.176147222518921,-0.16515421867370605,-0.11868667602539062,3.1840505599975586,-0.14840151369571686,-0.0687260627746582,3.2875092029571533,-0.43147343397140503,1.0155888795852661,2.717662811279297,-0.6659651398658752,0.9972943067550659,2.960989236831665
-0.3211413025856018,0.5015442371368408,2.9282591342926025,-0.2585713565349579,0.3757776916027069,2.9980413913726807,-0.19733387231826782,0.2495584487915039,3.0681874752044678,-0.13609455525875092,0.12333542108535767,3.138335704803467,-0.10237383097410202,0.12393434345722198,3.1118812561035156,0.009223774075508118,0.12822896242141724,3.022184133529663,-0.10765229165554047,0.329330712556839,2.9117915630340576,-0.266085147857666,0.42133229970932007,2.7452919483184814,-0.29777172207832336,0.4397326111793518,2.711992025375366,-0.3611448407173157,0.4765332341194153,2.6453921794891357,-0.3734278678894043,0.4544195830821991,2.7184793949127197,-0.16914969682693481,0.12136460840702057,3.1655526161193848,-0.28074729442596436,0.11706998944282532,3.2552497386932373,-0.4292963147163391,0.31582197546958923,3.1865527629852295,-0.6152004599571228,0.40136250853538513,3.0472333431243896,-0.6523813009262085,0.4184706211090088,3.01936936378479,-0.7267429828643799,0.4526868462562561,2.96364164352417,-0.6509434580802917,0.44960856437683105,2.9485881328582764,-0.253204882144928,0.5055990219116211,2.874652147293091,-0.5036584138870239,0.6034793257713318,2.587545394897461,-0.46374765038490295,0.940551221370697,2.6715197563171387,-0.5204628705978394,1.0517394542694092,2.616152763366699,-0.38907772302627563,0.49748945236206055,2.9818661212921143,-0.7520306706428528,0.5801401138305664,2.8546972274780273,-0.7083397507667542,0.9185959100723267,2.9308602809906006,-0.7944512367248535,1.0234591960906982,2.9155802726745605,-0.1709892302751541,-0.043195247650146484,3.118293285369873,-0.16716821491718292,-0.09358362853527069,3.129451036453247,-0.1175631657242775,-0.12376288324594498,3.144188165664673,-0.012862399220466614,-0.08447964489459991,3.1753270626068115,-0.16506615281105042,-0.118582583963871,3.183850049972534,-0.14745420217514038,-0.06980210542678833,3.2877025604248047,-0.43153896927833557,1.015845775604248,2.7179667949676514,-0.6650722622871399,0.9964600801467896,2.961341381072998
-0.32148614525794983,0.50142502784729,2.9302330017089844,-0.2587137818336487,0.37568098306655884,2.999894618988037,-0.1972382664680481,0.24947915971279144,3.0698843002319336,-0.13576090335845947,0.12327355146408081,3.139875888824463,-0.10209512710571289,0.12390145659446716,3.1133482456207275,0.009442366659641266,0.1282976120710373,3.023305892944336,-0.10782130807638168,0.32884904742240906,2.9119246006011963,-0.26630374789237976,0.4206867814064026,2.7451348304748535,-0.2980002164840698,0.43905434012413025,2.7117769718170166,-0.36139318346977234,0.4757894277572632,2.6450610160827637,-0.37369829416275024,0.4538094103336334,2.7182397842407227,-0.16875851154327393,0.1212739646434784,3.1671643257141113,-0.2802959978580475,0.11687780916690826,3.257206678390503,-0.428503155708313,0.3163430094718933,3.1891942024230957,-0.614501416683197,0.4026297628879547,3.0501656532287598,-0.6517010927200317,0.41988712549209595,3.022359848022461,-0.7261003851890564,0.45440182089805603,2.9667484760284424,-0.6502722501754761,0.451199471950531,2.951598644256592,-0.2535703778266907,0.5056074857711792,2.8765833377838135,-0.5026662945747375,0.6025012135505676,2.5878822803497314,-0.4639034867286682,0.9396587610244751,2.672273635864258,-0.5205273628234863,1.050781011581421,2.6166293621063232,-0.389401912689209,0.4972425699234009,2.9838826656341553,-0.7513412237167358,0.5792945623397827,2.8532955646514893,-0.7080884575843811,0.9179047346115112,2.9292690753936768,-0.7940130829811096,1.022810459136963,2.913069009780884,-0.17121751606464386,-0.04289610683917999,3.118190050125122,-0.16745111346244812,-0.09340726584196091,3.1287457942962646,-0.1178341880440712,-0.12387064844369888,3.1427924633026123,-0.012841090559959412,-0.0852154865860939,3.1736433506011963,-0.16503925621509552,-0.11902334541082382,3.182830810546875,-0.14658880233764648,-0.07148147374391556,3.2870845794677734,-0.43210792541503906,1.0150039196014404,2.718952178955078,-0.6650293469429016,0.9958062171936035,2.959993600845337
-0.32204321026802063,0.500913143157959,2.9318366050720215,-0.2590671181678772,0.3751373291015625,3.0012834072113037,-0.19736069440841675,0.24890093505382538,3.0710337162017822,-0.13565240800380707,0.12266075611114502,3.1407861709594727,-0.1020488440990448,0.12332379817962646,3.114175319671631,0.00938369333744049,0.12784254550933838,3.0237720012664795,-0.10824242979288101,0.3279181122779846,2.911649703979492,-0.26689809560775757,0.4194186329841614,2.7446727752685547,-0.2986292243003845,0.4377187490463257,2.711277484893799,-0.3620914816856384,0.4743189513683319,2.644486665725708,-0.37435680627822876,0.4524989128112793,2.717756986618042,-0.16858530044555664,0.12062564492225647,3.1681551933288574,-0.2800178527832031,0.11610689014196396,3.258558511734009,-0.4274764358997345,0.31659790873527527,3.191499710083008,-0.6132920384407043,0.4040969908237457,3.0527851581573486,-0.6504551768302917,0.42159682512283325,3.0250422954559326,-0.7247813940048218,0.4565964639186859,2.9695563316345215,-0.6489338874816895,0.45318952202796936,2.954369068145752,-0.25417932868003845,0.5052249431610107,2.8781051635742188,-0.502109706401825,0.6009339094161987,2.5879383087158203,-0.4639521539211273,0.938072144985199,2.67287278175354,-0.5203804969787598,1.0492326021194458,2.6170620918273926,-0.3899070918560028,0.4966013431549072,2.985568046569824,-0.7507854700088501,0.578068733215332,2.851566791534424,-0.7081845998764038,0.916893482208252,2.927164316177368,-0.7939748167991638,1.0217761993408203,2.909979820251465,-0.17167478799819946,-0.04321487247943878,3.117964267730713,-0.16796717047691345,-0.09381560981273651,3.1280739307403564,-0.11834065616130829,-0.12451529502868652,3.141530990600586,-0.013055980205535889,-0.08638510853052139,3.1719894409179688,-0.1652577668428421,-0.11988352239131927,3.1819205284118652,-0.14598777890205383,-0.07326174527406693,3.2864270210266113,-0.43242353200912476,1.0133980512619019,2.719787836074829,-0.6653875708580017,0.9948741793632507,2.9580917358398438
-0.32224488258361816,0.5002251863479614,2.9319276809692383,-0.2591206431388855,0.3744466006755829,3.0012714862823486,-0.19727103412151337,0.2482047826051712,3.0709214210510254,-0.1354195773601532,0.12195917963981628,3.140573501586914,-0.10185851156711578,0.12262700498104095,3.1139020919799805,0.009503863751888275,0.12716493010520935,3.0232367515563965,-0.10857789218425751,0.3268958628177643,2.9108569622039795,-0.26769834756851196,0.4179103970527649,2.743980884552002,-0.2995224595069885,0.43611329793930054,2.7106056213378906,-0.36317065358161926,0.4725190997123718,2.643855094909668,-0.37526342272758484,0.4508505165576935,2.7172160148620605,-0.16830839216709137,0.11991922557353973,3.168001890182495,-0.279670774936676,0.11538129299879074,3.258667230606079,-0.4264482855796814,0.3168286979198456,3.192786693572998,-0.6121598482131958,0.4054301977157593,3.054542064666748,-0.6493021845817566,0.42315050959587097,3.026893138885498,-0.7235867977142334,0.458591103553772,2.971595287322998,-0.6477445960044861,0.4550350606441498,2.956334352493286,-0.2544296979904175,0.5045897960662842,2.8781116008758545,-0.5020869970321655,0.5998693108558655,2.587545871734619,-0.4641512632369995,0.9368848204612732,2.6731302738189697,-0.5205393433570862,1.0481308698654175,2.61743426322937,-0.39006006717681885,0.49586060643196106,2.985743761062622,-0.7496693730354309,0.5766685009002686,2.8479325771331787,-0.7078037261962891,0.9157952070236206,2.9226560592651367,-0.7934309840202332,1.0206117630004883,2.9042489528656006,-0.17176587879657745,-0.043727725744247437,3.1170003414154053,-0.16806167364120483,-0.09438665211200714,3.126795530319214,-0.11839999258518219,-0.1252189725637436,3.1397924423217773,-0.01290673017501831,-0.0873904824256897,3.1698708534240723,-0.1650785356760025,-0.12076674401760101,3.1804707050323486,-0.14516261219978333,-0.07477585226297379,3.285125970840454,-0.4327099919319153,1.0121413469314575,2.7202236652374268,-0.6653060913085938,0.9938986301422119,2.9536995887756348
-0.32273587584495544,0.49940207600593567,2.9319393634796143,-0.25945842266082764,0.37362349033355713,3.0011839866638184,-0.1974496841430664,0.24738100171089172,3.0707314014434814,-0.13543909788131714,0.12113474309444427,3.1402809619903564,-0.10191485285758972,0.12181858718395233,3.113555669784546,0.00937119871377945,0.12641239166259766,3.0226714611053467,-0.10913775861263275,0.32597559690475464,2.910421371459961,-0.2687854468822479,0.4163344204425812,2.7436788082122803,-0.30071496963500977,0.43440619111061096,2.7103302478790283,-0.36457404494285583,0.47054973244667053,2.6436331272125244,-0.37647780776023865,0.44899141788482666,2.7170605659484863,-0.16828934848308563,0.11907871067523956,3.167762041091919,-0.2795754075050354,0.11448491364717484,3.258646249771118,-0.4255693554878235,0.316866397857666,3.1938583850860596,-0.6110485792160034,0.40639203786849976,3.055880546569824,-0.6481444239616394,0.42429715394973755,3.028285026550293,-0.7223361134529114,0.4601074159145355,2.9730939865112305,-0.64649498462677,0.4564351439476013,2.9578402042388916,-0.25497865676879883,0.503808856010437,2.878025770187378,-0.5026645660400391,0.5991579294204712,2.5874905586242676,-0.4647769629955292,0.9361366033554077,2.6732866764068604,-0.5211828947067261,1.0474125146865845,2.6176576614379883,-0.39049309492111206,0.4949952960014343,2.9858529567718506,-0.7489852905273438,0.5750322341918945,2.844686508178711,-0.7075650095939636,0.9143872857093811,2.9186699390411377,-0.7929853200912476,1.0191893577575684,2.899216651916504,-0.17211154103279114,-0.04444180428981781,3.1164724826812744,-0.16842947900295258,-0.09512794017791748,3.126126766204834,-0.11875076591968536,-0.12605616450309753,3.138819694519043,-0.01307329535484314,-0.0884406715631485,3.168503761291504,-0.16523465514183044,-0.12164215743541718,3.1797218322753906,-0.14477762579917908,-0.07593433558940887,3.284393310546875,-0.4333457946777344,1.0113708972930908,2.720428466796875,-0.6652848124504089,0.9925715923309326,2.949815511703491
-0.32349854707717896,0.49895554780960083,2.9311981201171875,-0.26008471846580505,0.3732337951660156,3.0004494190216064,-0.19790928065776825,0.2470492273569107,3.069981336593628,-0.13573198020458221,0.12086087465286255,3.1395153999328613,-0.10223368555307388,0.12155893445014954,3.112752676010132,0.009001880884170532,0.126200869679451,3.02170991897583,-0.10949516296386719,0.3260399401187897,2.909871816635132,-0.269207626581192,0.4168931245803833,2.7434184551239014,-0.3011501133441925,0.43506374955177307,2.710127830505371,-0.36503511667251587,0.471405029296875,2.6435465812683105,-0.37690359354019165,0.4497028887271881,2.7169463634490967,-0.16855448484420776,0.11879131197929382,3.1670339107513428,-0.2797900438308716,0.11414937674999237,3.2580766677856445,-0.4256070852279663,0.3167879283428192,3.1935787200927734,-0.6111961603164673,0.4057888388633728,3.055359125137329,-0.6483139991760254,0.4235890209674835,3.0277152061462402,-0.7225496172904968,0.45918938517570496,2.9724273681640625,-0.6466856598854065,0.45563027262687683,2.957216262817383,-0.2558022439479828,0.5033464431762695,2.8771796226501465,-0.503290593624115,0.598344624042511,2.5863490104675293,-0.46535003185272217,0.9356235265731812,2.670966625213623,-0.5217065215110779,1.0467183589935303,2.614919424057007,-0.3911948502063751,0.49456465244293213,2.9852166175842285,-0.7487809658050537,0.5735867619514465,2.841184377670288,-0.7074479460716248,0.9132380485534668,2.913883924484253,-0.7926204800605774,1.018048644065857,2.8933959007263184,-0.17258988320827484,-0.04463113844394684,3.115443229675293,-0.16889837384223938,-0.09534153342247009,3.124957323074341,-0.11918886005878448,-0.12632757425308228,3.1373775005340576,-0.013377204537391663,-0.08884505182504654,3.166736602783203,-0.16550730168819427,-0.12198923528194427,3.1784722805023193,-0.14461278915405273,-0.076553113758564,3.2831716537475586,-0.43391767144203186,1.0110182762145996,2.7178547382354736,-0.6652794480323792,0.9915182590484619,2.944946527481079
-0.3243851065635681,0.4991198182106018,2.9304611682891846,-0.2608505189418793,0.3734332323074341,2.999681234359741,-0.1985200047492981,0.24728360772132874,3.069153308868408,-0.1361876130104065,0.12113019824028015,3.138627290725708,-0.10272765904664993,0.12183542549610138,3.11181378364563,0.008410312235355377,0.12650220096111298,3.0205745697021484,-0.10971526056528091,0.32695186138153076,2.9093658924102783,-0.26917171478271484,0.41926729679107666,2.7434275150299072,-0.30106300115585327,0.4377304017543793,2.710239887237549,-0.3648455739021301,0.4746565818786621,2.643864631652832,-0.3767643868923187,0.4526335597038269,2.717170476913452,-0.16897010803222656,0.11905385553836823,3.166195869445801,-0.28010809421539307,0.11438707262277603,3.2574350833892822,-0.42579495906829834,0.3171202540397644,3.1928155422210693,-0.6114646792411804,0.4050743281841278,3.0539817810058594,-0.6485986113548279,0.42266514897346497,3.026215076446533,-0.7228665351867676,0.4578467905521393,2.9706814289093018,-0.6469604969024658,0.45445868372917175,2.955594062805176,-0.25677818059921265,0.5034687519073486,2.8763036727905273,-0.5038796663284302,0.5977954864501953,2.584912061691284,-0.4662652313709259,0.935637354850769,2.6674413681030273,-0.522638201713562,1.0463393926620483,2.6106302738189697,-0.3919920325279236,0.494770884513855,2.984618663787842,-0.7489384412765503,0.5725608468055725,2.8383185863494873,-0.7072809934616089,0.9124695658683777,2.909661293029785,-0.7921585440635681,1.0173509120941162,2.888305902481079,-0.17316943407058716,-0.04429139196872711,3.114284038543701,-0.1694541573524475,-0.09502492845058441,3.123659610748291,-0.11970700323581696,-0.12605135142803192,3.1358203887939453,-0.013781756162643433,-0.08866412937641144,3.164881944656372,-0.16587227582931519,-0.12180450558662415,3.1770949363708496,-0.14458337426185608,-0.07663140445947647,3.2818264961242676,-0.4349361062049866,1.0113506317138672,2.713888168334961,-0.6651026606559753,0.9908120036125183,2.9405605792999268
-0.32578539848327637,0.49883928894996643,2.930244207382202,-0.26208361983299255,0.3731805682182312,2.9993879795074463,-0.19954814016819,0.24706107378005981,3.0687572956085205,-0.13701078295707703,0.12093779444694519,3.1381285190582275,-0.10361366719007492,0.12164221704006195,3.111231565475464,0.0073995441198349,0.12630948424339294,3.0196399688720703,-0.11058025062084198,0.3272094130516052,2.9086990356445312,-0.27022886276245117,0.4200546145439148,2.742999315261841,-0.3021585941314697,0.43862366676330566,2.7098593711853027,-0.36601805686950684,0.475761741399765,2.6435794830322266,-0.377865195274353,0.45369333028793335,2.7169368267059326,-0.16972821950912476,0.118862584233284,3.1657795906066895,-0.280741423368454,0.114195317029953,3.257370948791504,-0.42658531665802,0.3165994882583618,3.191416025161743,-0.6127427816390991,0.4004907011985779,3.050447940826416,-0.6499742865562439,0.41726893186569214,3.022254467010498,-0.7244372367858887,0.45082542300224304,2.965867280960083,-0.6483892202377319,0.4480237066745758,2.9511184692382812,-0.25832614302635193,0.5031099915504456,2.8758559226989746,-0.5041582584381104,0.5965457558631897,2.5830318927764893,-0.4671468734741211,0.9350849986076355,2.663151264190674,-0.523375928401947,1.0453208684921265,2.605254888534546,-0.3932446539402008,0.4945685863494873,2.9846324920654297,-0.7495757341384888,0.5701825022697449,2.8355679512023926,-0.7073178887367249,0.9104689359664917,2.9049737453460693,-0.7918053865432739,1.0154621601104736,2.8825252056121826,-0.17428071796894073,-0.04437363147735596,3.1138010025024414,-0.1705833077430725,-0.09510654211044312,3.123110055923462,-0.12083187699317932,-0.126193106174469,3.1350173950195312,-0.014764353632926941,-0.08896493166685104,3.1636359691619873,-0.1667962372303009,-0.12193333357572556,3.1764891147613525,-0.14499670267105103,-0.07689560204744339,3.281139373779297,-0.43606671690940857,1.011186122894287,2.7091565132141113,-0.6650694012641907,0.9889000058174133,2.93559193611145
-0.32699206471443176,0.4986632168292999,2.9298014640808105,-0.2631263732910156,0.3729628324508667,2.9987294673919678,-0.20045733451843262,0.24680566787719727,3.0679209232330322,-0.13778641819953918,0.1206447184085846,3.1371142864227295,-0.10444005578756332,0.1213613748550415,3.1101527214050293,0.00644916296005249,0.12607255578041077,3.0183064937591553,-0.11133431643247604,0.3272036015987396,2.907367706298828,-0.2712407410144806,0.41959550976753235,2.741534471511841,-0.30322203040122986,0.43807390332221985,2.7083678245544434,-0.3671846091747284,0.47503066062927246,2.6420345306396484,-0.37894880771636963,0.45315825939178467,2.7154922485351562,-0.17045161128044128,0.11855685710906982,3.164828062057495,-0.2813408374786377,0.11384567618370056,3.256674289703369,-0.4275702238082886,0.31563296914100647,3.189347267150879,-0.6140658855438232,0.39660578966140747,3.046975612640381,-0.6513650417327881,0.4128003418445587,3.0185012817382812,-0.725963294506073,0.4451894760131836,2.961552619934082,-0.649836003780365,0.4427778124809265,2.9470040798187256,-0.2597164809703827,0.5028841495513916,2.875164270401001,-0.5068961977958679,0.5969098806381226,2.583596706390381,-0.4686596691608429,0.9352537989616394,2.6641652584075928,-0.5249232649803162,1.0457465648651123,2.6067516803741455,-0.39426764845848083,0.49444231390953064,2.98443865776062,-0.751163125038147,0.5698635578155518,2.836494207382202,-0.7076555490493774,0.9099937677383423,2.90612530708313,-0.7919341921806335,1.015269160270691,2.884107828140259,-0.17468342185020447,-0.04474584758281708,3.112903118133545,-0.1708437204360962,-0.09546053409576416,3.1222188472747803,-0.12100006639957428,-0.12641598284244537,3.134045362472534,-0.014987796545028687,-0.08892026543617249,3.162461280822754,-0.16689564287662506,-0.12225911021232605,3.1755924224853516,-0.14502526819705963,-0.07714245468378067,3.2801780700683594,-0.43715962767601013,1.0112042427062988,2.7101593017578125,-0.6650601625442505,0.9882786870002747,2.9366748332977295
-0.3282560110092163,0.498239666223526,2.9294018745422363,-0.26419687271118164,0.37254077196121216,2.9981577396392822,-0.20137310028076172,0.2463887631893158,3.067222833633423,-0.13854745030403137,0.1202329695224762,3.1362900733947754,-0.10524260252714157,0.12096850574016571,3.10927677154541,0.0055625587701797485,0.12574554979801178,3.0172107219696045,-0.11201032996177673,0.3270680606365204,2.9061038494110107,-0.27224379777908325,0.41852590441703796,2.7398884296417236,-0.3042904734611511,0.436817467212677,2.7066452503204346,-0.36838385462760925,0.4734005928039551,2.6401591300964355,-0.3800678849220276,0.4518446624279022,2.7137629985809326,-0.1711694598197937,0.11812625825405121,3.1640541553497314,-0.2819746136665344,0.11334921419620514,3.256120204925537,-0.4279327988624573,0.3151007294654846,3.187626361846924,-0.6140903234481812,0.39535605907440186,3.044199228286743,-0.6513218283653259,0.41140711307525635,3.0155138969421387,-0.7257848381996155,0.4435092508792877,2.9581429958343506,-0.64957195520401,0.4410681426525116,2.9438488483428955,-0.2611575722694397,0.5024200081825256,2.8745293617248535,-0.5111815929412842,0.5972394347190857,2.5855844020843506,-0.4705994427204132,0.9347704648971558,2.6685824394226074,-0.5269472002983093,1.0460026264190674,2.612654685974121,-0.3953544497489929,0.494059294462204,2.984274387359619,-0.7527596950531006,0.5698204040527344,2.837599039077759,-0.7078839540481567,0.909738302230835,2.9076333045959473,-0.7919192910194397,1.0153343677520752,2.886113405227661,-0.1748788207769394,-0.04526224732398987,3.112056255340576,-0.17082761228084564,-0.0959635004401207,3.1213274002075195,-0.12084539234638214,-0.12673698365688324,3.1330137252807617,-0.014917448163032532,-0.08886726200580597,3.161201238632202,-0.166653111577034,-0.12278029322624207,3.174668073654175,-0.14470599591732025,-0.07765662670135498,3.279222249984741,-0.43828946352005005,1.0102033615112305,2.714890956878662,-0.6649135947227478,0.9878455996513367,2.9381513595581055
-0.3289930820465088,0.4977831542491913,2.929149866104126,-0.26489466428756714,0.3720473051071167,2.997804880142212,-0.2020517885684967,0.24585987627506256,3.066791296005249,-0.13920703530311584,0.11966866254806519,3.135779857635498,-0.10591447353363037,0.12041124701499939,3.108750820159912,0.004912026226520538,0.1252153366804123,3.0165812969207764,-0.11260513961315155,0.3267650902271271,2.905508518218994,-0.27330875396728516,0.4170534014701843,2.7389109134674072,-0.3054494857788086,0.43511107563972473,2.7055914402008057,-0.36973094940185547,0.47122639417648315,2.6389524936676025,-0.3813048005104065,0.44996050000190735,2.7127010822296143,-0.17181654274463654,0.11755454540252686,3.1635584831237793,-0.28264304995536804,0.11275044828653336,3.255728006362915,-0.4282808005809784,0.31441783905029297,3.1858017444610596,-0.6140885949134827,0.39417827129364014,3.041419744491577,-0.6512501835823059,0.4101303517818451,3.0125434398651123,-0.7255733013153076,0.4420345425605774,2.9547905921936035,-0.6492869257926941,0.43943658471107483,2.9406936168670654,-0.26197198033332825,0.5019282102584839,2.8741681575775146,-0.5143303275108337,0.5973681211471558,2.587388515472412,-0.47154054045677185,0.934100329875946,2.6727001667022705,-0.5278646945953369,1.0460327863693237,2.618114471435547,-0.39601418375968933,0.4936380982398987,2.9841315746307373,-0.7539517879486084,0.5698916912078857,2.8388659954071045,-0.7084013223648071,0.9096673727035522,2.9094011783599854,-0.792401134967804,1.0154201984405518,2.8883955478668213,-0.17507818341255188,-0.04592317342758179,3.1116580963134766,-0.17089562118053436,-0.0966005027294159,3.120968818664551,-0.12084212899208069,-0.12722718715667725,3.1327006816864014,-0.015041634440422058,-0.0890558585524559,3.1609058380126953,-0.16667473316192627,-0.12336226552724838,3.174325942993164,-0.14490069448947906,-0.07810523360967636,3.278843879699707,-0.43850255012512207,1.0090335607528687,2.719332456588745,-0.6652178764343262,0.9876749515533447,2.9399147033691406
-0.3299494981765747,0.49713489413261414,2.9285833835601807,-0.2658873200416565,0.3713134825229645,2.997121572494507,-0.2031296044588089,0.24504059553146362,3.066035270690918,-0.14037001132965088,0.11876393854618073,3.134950876235962,-0.10707388818264008,0.11950260400772095,3.1079251766204834,0.003833562135696411,0.12429799884557724,3.015711545944214,-0.1130453571677208,0.32663363218307495,2.9049525260925293,-0.27357208728790283,0.4173842668533325,2.7381632328033447,-0.3056774437427521,0.43553438782691956,2.704805374145508,-0.3698881268501282,0.471834659576416,2.638089656829834,-0.3815695643424988,0.45051661133766174,2.711866617202759,-0.1729840189218521,0.11665278673171997,3.1627259254455566,-0.2838914692401886,0.11185739189386368,3.254939556121826,-0.42870527505874634,0.31400516629219055,3.1839945316314697,-0.6137700080871582,0.39477571845054626,3.038907051086426,-0.6507829427719116,0.4109298288822174,3.009889602661133,-0.7248088121414185,0.4432380497455597,2.951854705810547,-0.6484376192092896,0.44022831320762634,2.9379866123199463,-0.26300013065338135,0.5012167096138,2.873499631881714,-0.517753005027771,0.5972644090652466,2.588951349258423,-0.47253328561782837,0.9332758784294128,2.676090717315674,-0.5287937521934509,1.0458593368530273,2.622730255126953,-0.39689886569976807,0.4930530786514282,2.9836671352386475,-0.7555569410324097,0.5700505971908569,2.8403923511505127,-0.7090437412261963,0.9095739126205444,2.9118223190307617,-0.7929807901382446,1.0155596733093262,2.8915929794311523,-0.17586150765419006,-0.04690566658973694,3.110948085784912,-0.17159567773342133,-0.09755820780992508,3.120321273803711,-0.12150910496711731,-0.12806829810142517,3.132178544998169,-0.015850335359573364,-0.08965940773487091,3.160534620285034,-0.1674211472272873,-0.12424968183040619,3.1737091541290283,-0.14593444764614105,-0.0788399800658226,3.278204917907715,-0.43870654702186584,1.0077518224716187,2.722923994064331,-0.6655603051185608,0.9874197840690613,2.942375421524048
-0.3307414650917053,0.4963917136192322,2.9279232025146484,-0.26685696840286255,0.3704701364040375,2.9964563846588135,-0.20431619882583618,0.24409835040569305,3.065399169921875,-0.1417735517024994,0.11772279441356659,3.1343438625335693,-0.10843995213508606,0.11843948066234589,3.107361316680908,0.002679668366909027,0.12316621094942093,3.0152242183685303,-0.11365405470132828,0.3263782560825348,2.9049324989318848,-0.27417275309562683,0.41751447319984436,2.737999439239502,-0.30627650022506714,0.43574172258377075,2.7046127319335938,-0.37048399448394775,0.47219622135162354,2.6378395557403564,-0.38222527503967285,0.4508169889450073,2.711665630340576,-0.17442739009857178,0.1156325489282608,3.162075996398926,-0.28554701805114746,0.11090581864118576,3.2542130947113037,-0.42977088689804077,0.3136397898197174,3.182859420776367,-0.6140587329864502,0.39649370312690735,3.037559986114502,-0.6509162783622742,0.41306447982788086,3.008500099182129,-0.7246314287185669,0.4462060332298279,2.950380325317383,-0.6481711864471436,0.44276490807533264,2.9366977214813232,-0.26373958587646484,0.5004326105117798,2.8728909492492676,-0.5197185277938843,0.5974423885345459,2.5896971225738525,-0.4732488989830017,0.9329719543457031,2.6782193183898926,-0.529481053352356,1.0459609031677246,2.625643491744995,-0.3977433443069458,0.49235081672668457,2.9829554557800293,-0.757088840007782,0.5703926086425781,2.841834306716919,-0.7096714377403259,0.9095295667648315,2.914727210998535,-0.7935557961463928,1.0157592296600342,2.895453691482544,-0.17660090327262878,-0.04811643064022064,3.110746383666992,-0.1721874177455902,-0.09871603548526764,3.120288133621216,-0.12203995138406754,-0.12900766730308533,3.132395029067993,-0.016624361276626587,-0.09014589339494705,3.160959482192993,-0.16808821260929108,-0.12522342801094055,3.173762321472168,-0.1470944583415985,-0.07942389696836472,3.2781665325164795,-0.4390149712562561,1.0071520805358887,2.725252151489258,-0.66590416431427,0.9871653318405151,2.9454493522644043
-0.3312835097312927,0.4956821799278259,2.9269144535064697,-0.26763132214546204,0.36965471506118774,2.995490550994873,-0.20538008213043213,0.24317623674869537,3.064520835876465,-0.14312699437141418,0.11669398844242096,3.1335532665252686,-0.10973192751407623,0.11738410592079163,3.1066417694091797,0.0016984567046165466,0.1220274418592453,3.014662027359009,-0.11404532939195633,0.3263551592826843,2.905092716217041,-0.2742973566055298,0.4188915491104126,2.7382333278656006,-0.3063477575778961,0.4373988211154938,2.7048614025115967,-0.3704485595226288,0.4744133949279785,2.638117790222168,-0.3823482394218445,0.45268765091896057,2.711914539337158,-0.1758454293012619,0.11462914943695068,3.16121506690979,-0.2872758209705353,0.10998581349849701,3.253194808959961,-0.43130654096603394,0.31324708461761475,3.1818370819091797,-0.6149388551712036,0.3988112807273865,3.0367727279663086,-0.6516653299331665,0.4159241318702698,3.0077598094940186,-0.7251182794570923,0.450149804353714,2.9497339725494385,-0.6485643982887268,0.44630715250968933,2.9361579418182373,-0.2642218768596649,0.49963855743408203,2.871938943862915,-0.521713376045227,0.5975927710533142,2.5903806686401367,-0.47434771060943604,0.9329028129577637,2.6794238090515137,-0.5307502150535583,1.0460915565490723,2.627420663833618,-0.39834514260292053,0.4917258024215698,2.9818899631500244,-0.7585159540176392,0.5705140233039856,2.8431763648986816,-0.7103455662727356,0.909428596496582,2.9168074131011963,-0.7942602038383484,1.0158023834228516,2.898362159729004,-0.17711065709590912,-0.0494077205657959,3.110809326171875,-0.17251868546009064,-0.0999196246266365,3.120675802230835,-0.12230280041694641,-0.12990976870059967,3.1331899166107178,-0.01720874011516571,-0.09041663259267807,3.1619882583618164,-0.16854619979858398,-0.12608015537261963,3.1743180751800537,-0.14823172986507416,-0.07956606894731522,3.278517723083496,-0.4397583305835724,1.0069432258605957,2.7264392375946045,-0.6663172245025635,0.9869422316551208,2.9474995136260986
-0.3315085768699646,0.49524617195129395,2.92637038230896,-0.26813948154449463,0.36912477016448975,2.995062828063965,-0.20621058344841003,0.24255387485027313,3.0642402172088623,-0.1442798227071762,0.11597917973995209,3.1334197521209717,-0.110806405544281,0.11664076149463654,3.106600046157837,0.00099916011095047,0.12119384855031967,3.0148403644561768,-0.11410216987133026,0.32662415504455566,2.905852794647217,-0.2737967371940613,0.4210045337677002,2.7390034198760986,-0.30573564767837524,0.4398806095123291,2.7056336402893066,-0.3696134686470032,0.4776327610015869,2.6388938426971436,-0.38179099559783936,0.4554467797279358,2.712615966796875,-0.17708012461662292,0.11394189298152924,3.1609914302825928,-0.2888856828212738,0.1093888059258461,3.252751111984253,-0.4323722720146179,0.3133517801761627,3.1810648441314697,-0.6151389479637146,0.4018881320953369,3.0361289978027344,-0.651692271232605,0.4195953905582428,3.0071418285369873,-0.7247989177703857,0.45500993728637695,2.949167490005493,-0.6481509208679199,0.4505920112133026,2.9357125759124756,-0.2643245458602905,0.49913302063941956,2.8715291023254395,-0.5223826766014099,0.5979159474372864,2.5907397270202637,-0.47477734088897705,0.9331124424934387,2.680182695388794,-0.5312806367874146,1.0463935136795044,2.628464460372925,-0.39869260787963867,0.49135932326316833,2.9812116622924805,-0.7596778869628906,0.5708445310592651,2.8449528217315674,-0.7109174728393555,0.9094536304473877,2.9197144508361816,-0.7948993444442749,1.0159461498260498,2.9022107124328613,-0.17743875086307526,-0.05038538575172424,3.111593723297119,-0.17265932261943817,-0.10080628097057343,3.1217901706695557,-0.12236427515745163,-0.130489319562912,3.134669780731201,-0.017567425966262817,-0.0903557762503624,3.1635944843292236,-0.16876594722270966,-0.12661060690879822,3.175600290298462,-0.14903883635997772,-0.07936611771583557,3.279564380645752,-0.44007447361946106,1.0070842504501343,2.727236270904541,-0.666670024394989,0.9868258237838745,2.950469732284546
-0.33142659068107605,0.4949774444103241,2.926440715789795,-0.26833251118659973,0.3687628209590912,2.995251417160034,-0.2066735476255417,0.24210107326507568,3.064539909362793,-0.1450127363204956,0.11543552577495575,3.1338303089141846,-0.1114804819226265,0.11606630682945251,3.107076406478882,0.0006281882524490356,0.12052103877067566,3.015455484390259,-0.11382150650024414,0.3268779516220093,2.9068758487701416,-0.27280211448669434,0.42342132329940796,2.740185499191284,-0.30459824204444885,0.44273000955581665,2.7068474292755127,-0.3681904971599579,0.48134735226631165,2.6401712894439697,-0.3806636333465576,0.4586777687072754,2.7137844562530518,-0.17787481844425201,0.11342808604240417,3.161337375640869,-0.28998348116874695,0.10897335410118103,3.252958297729492,-0.4323486089706421,0.3142009973526001,3.181647539138794,-0.6141423583030701,0.4066374897956848,3.037468194961548,-0.6505011320114136,0.42512479424476624,3.0086324214935303,-0.7232186198234558,0.4620994031429291,2.950960636138916,-0.6465449333190918,0.45686858892440796,2.9374630451202393,-0.264125794172287,0.4987909197807312,2.8717257976531982,-0.5217763781547546,0.5981731414794922,2.590756416320801,-0.4745047688484192,0.933432936668396,2.6801817417144775,-0.5310124158859253,1.0466684103012085,2.628357172012329,-0.3987273871898651,0.491163969039917,2.9811556339263916,-0.7604391574859619,0.5713146328926086,2.8471972942352295,-0.7112032771110535,0.9097083806991577,2.9226701259613037,-0.7952671051025391,1.01626718044281,2.9059462547302246,-0.17776338756084442,-0.05106925964355469,3.1126315593719482,-0.1729126274585724,-0.10142926871776581,3.1230599880218506,-0.1226024180650711,-0.13094937801361084,3.1362175941467285,-0.01798771321773529,-0.09048106521368027,3.1652774810791016,-0.16912882030010223,-0.12698844075202942,3.1769866943359375,-0.14981254935264587,-0.07925835251808167,3.280790090560913,-0.4399116635322571,1.0074410438537598,2.7272651195526123,-0.6667700409889221,0.9869866967201233,2.953402280807495
-0.33089113235473633,0.4951525926589966,2.9263370037078857,-0.26789242029190063,0.3689103126525879,2.9952142238616943,-0.20632433891296387,0.24222183227539062,3.0645642280578613,-0.14475440979003906,0.11552955210208893,3.1339163780212402,-0.11119437217712402,0.11615225672721863,3.107191324234009,0.001095890998840332,0.12058365345001221,3.015596628189087,-0.11302632093429565,0.327545166015625,2.9073445796966553,-0.27143770456314087,0.42615193128585815,2.741032123565674,-0.3031199872493744,0.44587329030036926,2.7077696323394775,-0.36648455262184143,0.4853159785270691,2.641244649887085,-0.379169762134552,0.46217241883277893,2.714737892150879,-0.1776452660560608,0.11352986097335815,3.1613950729370117,-0.28993552923202515,0.10909846425056458,3.2529897689819336,-0.4320240020751953,0.31487977504730225,3.1819941997528076,-0.6137098670005798,0.40907248854637146,3.0384836196899414,-0.6500470638275146,0.42791104316711426,3.0097815990448,-0.7227213978767395,0.46558812260627747,2.9523773193359375,-0.6460461020469666,0.45997923612594604,2.9386942386627197,-0.26351290941238403,0.49896925687789917,2.8717048168182373,-0.521199107170105,0.598761260509491,2.5908877849578857,-0.4738357365131378,0.9340013265609741,2.6804020404815674,-0.5303379893302917,1.0472681522369385,2.6286232471466064,-0.3982693552970886,0.491335928440094,2.980969190597534,-0.7604105472564697,0.5721015930175781,2.8484950065612793,-0.7109347581863403,0.9103896617889404,2.924358606338501,-0.7950684428215027,1.0169739723205566,2.9081039428710938,-0.1775720715522766,-0.050983354449272156,3.1129915714263916,-0.17276649177074432,-0.10132238268852234,3.1235225200653076,-0.12249636650085449,-0.13084495067596436,3.1368064880371094,-0.01790657639503479,-0.09038641303777695,3.1659345626831055,-0.1690744161605835,-0.12677863240242004,3.1774990558624268,-0.14987769722938538,-0.0788651704788208,3.2812302112579346,-0.4392138719558716,1.0079923868179321,2.7274997234344482,-0.666398286819458,0.9876242876052856,2.955064535140991
-0.3304884731769562,0.4952252507209778,2.9264109134674072,-0.2674840986728668,0.3690246641635895,2.9953911304473877,-0.20591068267822266,0.24237878620624542,3.0648458003997803,-0.14433541893959045,0.11572912335395813,3.1343026161193848,-0.11076237261295319,0.11634299159049988,3.1075875759124756,0.001638554036617279,0.12074635177850723,3.015970468521118,-0.11252940446138382,0.327694296836853,2.9074907302856445,-0.27078625559806824,0.42683035135269165,2.7411952018737793,-0.3024376332759857,0.44665756821632385,2.7079360485076904,-0.3657403588294983,0.48631200194358826,2.6414177417755127,-0.3784947395324707,0.46307283639907837,2.71490216255188,-0.17723920941352844,0.11373871564865112,3.1617724895477295,-0.2896401286125183,0.10933535546064377,3.253389596939087,-0.4317518174648285,0.3151187002658844,3.182065486907959,-0.6137097477912903,0.4088671803474426,3.0384342670440674,-0.650101363658905,0.4276168644428253,3.0097079277038574,-0.7228845357894897,0.4651162624359131,2.9522554874420166,-0.6461967825889587,0.45946425199508667,2.9384818077087402,-0.2630828022956848,0.4990256428718567,2.871797561645508,-0.5212185978889465,0.5993320345878601,2.591531991958618,-0.4730817675590515,0.9344400763511658,2.6812403202056885,-0.5294980406761169,1.0478585958480835,2.6296708583831787,-0.39789414405822754,0.4914248585700989,2.9810242652893066,-0.7601996660232544,0.5729436874389648,2.8493669033050537,-0.7101501822471619,0.9110645055770874,2.9257311820983887,-0.7941857576370239,1.017791986465454,2.9098169803619385,-0.1775367110967636,-0.050691232085227966,3.11329984664917,-0.17287161946296692,-0.10104215145111084,3.1238274574279785,-0.12269596755504608,-0.13069123029708862,3.137176513671875,-0.018051117658615112,-0.0905003473162651,3.166459321975708,-0.1693195402622223,-0.12651675939559937,3.177802324295044,-0.15015125274658203,-0.07867274433374405,3.2815656661987305,-0.4382307231426239,1.0083365440368652,2.728332996368408,-0.665455162525177,0.9881956577301025,2.9564907550811768
-0.32981938123703003,0.4956517815589905,2.926497459411621,-0.2667197287082672,0.3695446252822876,2.9955854415893555,-0.20504584908485413,0.24299311637878418,3.0651466846466064,-0.143370121717453,0.11643782258033752,3.1347100734710693,-0.10980551689863205,0.11704355478286743,3.1079797744750977,0.00261128693819046,0.12141948193311691,3.016270637512207,-0.1120123565196991,0.32788750529289246,2.907299041748047,-0.2706185579299927,0.4261462092399597,2.7407801151275635,-0.3023397922515869,0.44579795002937317,2.7074763774871826,-0.3657822608947754,0.4851014316082001,2.640868902206421,-0.378435343503952,0.46206924319267273,2.7144434452056885,-0.17626439034938812,0.11445659399032593,3.162196397781372,-0.2886812090873718,0.11008066684007645,3.2539055347442627,-0.4313003122806549,0.315305233001709,3.1818981170654297,-0.6139801740646362,0.40670520067214966,3.0376298427581787,-0.650516152381897,0.42498520016670227,3.0087761878967285,-0.7235881090164185,0.4615451991558075,2.951068878173828,-0.6468772292137146,0.4562132656574249,2.9372541904449463,-0.2624407112598419,0.49941837787628174,2.8718340396881104,-0.5215330719947815,0.600080132484436,2.5925137996673584,-0.4722679853439331,0.935043215751648,2.682314395904541,-0.5286315679550171,1.0486468076705933,2.631052255630493,-0.39719805121421814,0.4918851852416992,2.981160879135132,-0.7595308423042297,0.5736551880836487,2.8495934009552,-0.7089630961418152,0.9117647409439087,2.9258580207824707,-0.792866587638855,1.0186188220977783,2.909956693649292,-0.1770656555891037,-0.04982207715511322,3.113234043121338,-0.17255160212516785,-0.1002160906791687,3.123619318008423,-0.12246584892272949,-0.13005219399929047,3.136888265609741,-0.01770438253879547,-0.0902567133307457,3.166292190551758,-0.16907998919487,-0.1258537471294403,3.1775219440460205,-0.14977779984474182,-0.07836110144853592,3.281421661376953,-0.4370584189891815,1.0088297128677368,2.729335308074951,-0.6641393303871155,0.9888498783111572,2.95658016204834
-0.32883188128471375,0.4963710904121399,2.926562786102295,-0.26570063829421997,0.3703184127807617,2.9957287311553955,-0.20397838950157166,0.2438202053308487,3.0653514862060547,-0.1422542929649353,0.11731819808483124,3.134976387023926,-0.10869206488132477,0.1179203987121582,3.108241558074951,0.0037599876523017883,0.12228500097990036,3.0164802074432373,-0.11144299805164337,0.3282828629016876,2.9071156978607178,-0.27031588554382324,0.42607662081718445,2.7405080795288086,-0.30209046602249146,0.4456353783607483,2.707186460494995,-0.3656396269798279,0.484752893447876,2.6405434608459473,-0.3782271146774292,0.4617792069911957,2.714163064956665,-0.17514567077159882,0.11534112691879272,3.1624679565429688,-0.2875977158546448,0.11097652465105057,3.2542293071746826,-0.43129992485046387,0.315405935049057,3.1819403171539307,-0.6147584319114685,0.4045472741127014,3.037167549133301,-0.6514501571655273,0.42237553000450134,3.0082130432128906,-0.7248335480690002,0.4580320715904236,2.9503040313720703,-0.6480668783187866,0.4532589018344879,2.9365131855010986,-0.261433869600296,0.5001382827758789,2.871910810470581,-0.5203596353530884,0.6007014513015747,2.592355728149414,-0.4711885154247284,0.9357753992080688,2.6819047927856445,-0.5275375843048096,1.0493369102478027,2.6305038928985596,-0.39622989296913147,0.4926038682460785,2.981214761734009,-0.7585846185684204,0.5739721059799194,2.849363327026367,-0.7080312371253967,0.9122174978256226,2.925163984298706,-0.7919356226921082,1.0190582275390625,2.909083366394043,-0.17646819353103638,-0.0487309992313385,3.1127521991729736,-0.17209315299987793,-0.0991850346326828,3.1228933334350586,-0.12208378314971924,-0.12923160195350647,3.1359641551971436,-0.017175376415252686,-0.08988945186138153,3.165437698364258,-0.16863848268985748,-0.12508702278137207,3.176668167114258,-0.1490803360939026,-0.07814651727676392,3.280766010284424,-0.43601512908935547,1.0096129179000854,2.7288880348205566,-0.6632120013237,0.9893523454666138,2.9557909965515137
-0.3278256356716156,0.4977075755596161,2.9268412590026855,-0.26468461751937866,0.3716665506362915,2.996023416519165,-0.20291739702224731,0.24517659842967987,3.0656251907348633,-0.14114832878112793,0.1186828464269638,3.1352291107177734,-0.10757901519536972,0.11930966377258301,3.1085028648376465,0.004928909242153168,0.12375876307487488,3.016744613647461,-0.11090320348739624,0.32923173904418945,2.9069478511810303,-0.2699098587036133,0.42675578594207764,2.7402427196502686,-0.30171120166778564,0.44626060128211975,2.706901788711548,-0.365313857793808,0.485270231962204,2.6402196884155273,-0.3778918981552124,0.46227583289146423,2.7138493061065674,-0.17404629290103912,0.11668121814727783,3.1627116203308105,-0.286554217338562,0.11223211884498596,3.254469871520996,-0.43138566613197327,0.31578898429870605,3.1818065643310547,-0.6156570315361023,0.4022291302680969,3.0363528728485107,-0.6525112986564636,0.4195171594619751,3.0072622299194336,-0.7262198328971863,0.45409321784973145,2.9490807056427,-0.6493917107582092,0.4499598443508148,2.935347080230713,-0.260369211435318,0.5015397667884827,2.8722569942474365,-0.5183389186859131,0.6014418601989746,2.5915677547454834,-0.47025662660598755,0.9368447065353394,2.680513381958008,-0.5266512036323547,1.0501625537872314,2.6286168098449707,-0.3952820599079132,0.4938753843307495,2.9814255237579346,-0.7575030326843262,0.5743509531021118,2.8486287593841553,-0.7074388861656189,0.9128185510635376,2.9238054752349854,-0.7914214134216309,1.0195426940917969,2.90733003616333,-0.17570926249027252,-0.04717603325843811,3.1122000217437744,-0.17140978574752808,-0.09768799692392349,3.1220686435699463,-0.12143515050411224,-0.12789347767829895,3.134890079498291,-0.016405686736106873,-0.08890211582183838,3.1643762588500977,-0.1679058074951172,-0.12387626618146896,3.1756980419158936,-0.14807254076004028,-0.0775199830532074,3.279999017715454,-0.43543100357055664,1.0108730792999268,2.7274608612060547,-0.6627566814422607,0.990066409111023,2.9543561935424805
-0.32708847522735596,0.4988580644130707,2.927149772644043,-0.26384156942367554,0.3728179931640625,2.9962475299835205,-0.20194168388843536,0.24632790684700012,3.065741777420044,-0.14003995060920715,0.1198340356349945,3.1352381706237793,-0.10648579895496368,0.12050022184848785,3.1084916591644287,0.005989491939544678,0.12508346140384674,3.0166499614715576,-0.11034098267555237,0.33011236786842346,2.906461000442505,-0.26925671100616455,0.4281521439552307,2.739917039871216,-0.30103984475135803,0.44776010513305664,2.706608295440674,-0.3646061420440674,0.4869759976863861,2.63999080657959,-0.377220094203949,0.4638240933418274,2.7135767936706543,-0.1729212999343872,0.11779303848743439,3.1627397537231445,-0.2853965759277344,0.1132097989320755,3.2545814514160156,-0.43117019534111023,0.3159187138080597,3.1812984943389893,-0.6161653995513916,0.39950644969940186,3.0350358486175537,-0.6531644463539124,0.41622400283813477,3.0057833194732666,-0.7271625399589539,0.4496591091156006,2.9472782611846924,-0.6502819657325745,0.44610509276390076,2.9336109161376953,-0.25966987013816833,0.5027377605438232,2.8725168704986572,-0.5169973373413086,0.6016163229942322,2.5908472537994385,-0.46948257088661194,0.9373293519020081,2.6789989471435547,-0.5258525609970093,1.0504534244537354,2.6266355514526367,-0.3945070803165436,0.4949783980846405,2.9817826747894287,-0.7564822435379028,0.57461017370224,2.8477489948272705,-0.7069019079208374,0.9133642911911011,2.922039270401001,-0.7909356355667114,1.0199719667434692,2.9050185680389404,-0.17486636340618134,-0.04585832357406616,3.111502170562744,-0.1705937385559082,-0.09642025828361511,3.121105670928955,-0.12061590701341629,-0.12674427032470703,3.133613348007202,-0.0154523104429245,-0.08802244067192078,3.162947177886963,-0.16694562137126923,-0.12287637591362,3.1745896339416504,-0.14671984314918518,-0.07706339657306671,3.2790470123291016,-0.43485432863235474,1.0115256309509277,2.725837469100952,-0.6623638868331909,0.9907464385032654,2.9524762630462646
-0.3264797329902649,0.4999086558818817,2.9276933670043945,-0.26317617297172546,0.37384647130966187,2.996713399887085,-0.20118460059165955,0.24733446538448334,3.0661003589630127,-0.1391911804676056,0.12081867456436157,3.1354894638061523,-0.10566004365682602,0.12150324881076813,3.1087119579315186,0.00674545019865036,0.12614962458610535,3.016758441925049,-0.11024821549654007,0.3305210769176483,2.9060425758361816,-0.2694936692714691,0.42789968848228455,2.7394204139709473,-0.30134275555610657,0.44737541675567627,2.7060959339141846,-0.36504095792770386,0.4863268733024597,2.639446973800659,-0.3775508403778076,0.4633004665374756,2.7130916118621826,-0.17204850912094116,0.11875902116298676,3.1630210876464844,-0.28445398807525635,0.11411265283823013,3.254974603652954,-0.4309156537055969,0.31599897146224976,3.1807849407196045,-0.6164818406105042,0.39660948514938354,3.033571481704712,-0.6535950899124146,0.4127315878868103,3.0041286945343018,-0.7278215885162354,0.4449757933616638,2.9452433586120605,-0.650902509689331,0.44192230701446533,2.9316658973693848,-0.2590726613998413,0.5038390755653381,2.8730480670928955,-0.515268087387085,0.6014677286148071,2.589890480041504,-0.4688813090324402,0.9375980496406555,2.6771087646484375,-0.5252493023872375,1.0504248142242432,2.6240901947021484,-0.3938868045806885,0.4959782063961029,2.9823386669158936,-0.7555201649665833,0.574607253074646,2.8467490673065186,-0.7067089676856995,0.9136859774589539,2.9201347827911377,-0.790844202041626,1.020116925239563,2.902473211288452,-0.1741313636302948,-0.04473239183425903,3.1110119819641113,-0.16983839869499207,-0.09534161537885666,3.1203384399414062,-0.11982876062393188,-0.12573875486850739,3.1325221061706543,-0.014565318822860718,-0.08719328790903091,3.161705255508423,-0.16601884365081787,-0.12207397818565369,3.1736693382263184,-0.14543724060058594,-0.07680974900722504,3.278289318084717,-0.43462973833084106,1.0120325088500977,2.7238543033599854,-0.6623934507369995,0.9912352561950684,2.950483798980713
-0.3260275423526764,0.5005306005477905,2.928530693054199,-0.26267027854919434,0.3744279742240906,2.9974422454833984,-0.20060040056705475,0.24787509441375732,3.0666990280151367,-0.13852867484092712,0.12131842970848083,3.135957956314087,-0.10501401126384735,0.12203045189380646,3.1091578006744385,0.007334008812904358,0.1267705261707306,3.017129898071289,-0.11044368147850037,0.3303501605987549,2.905712366104126,-0.270271360874176,0.42620211839675903,2.7387161254882812,-0.3022369146347046,0.4453725218772888,2.7053167819976807,-0.36616799235343933,0.4837133288383484,2.6385183334350586,-0.37851637601852417,0.4610064625740051,2.712299346923828,-0.17136867344379425,0.11923088133335114,3.163511037826538,-0.28371667861938477,0.114490807056427,3.2555389404296875,-0.43054044246673584,0.31578367948532104,3.1803455352783203,-0.6164438724517822,0.39374351501464844,3.03208065032959,-0.6536245346069336,0.40933549404144287,3.002427577972412,-0.7279859185218811,0.44051942229270935,2.9431216716766357,-0.6510183215141296,0.4378511309623718,2.929682970046997,-0.25860536098480225,0.5045564770698547,2.8739099502563477,-0.5133009552955627,0.6008062362670898,2.5889267921447754,-0.4683268666267395,0.9370328783988953,2.6765286922454834,-0.524634838104248,1.0497326850891113,2.623173475265503,-0.39344972372055054,0.49650469422340393,2.983151435852051,-0.7545616626739502,0.5744432806968689,2.8457722663879395,-0.7069423794746399,0.9138504266738892,2.918438196182251,-0.791260302066803,1.0200213193893433,2.9000842571258545,-0.17347629368305206,-0.044108882546424866,3.110732316970825,-0.16914254426956177,-0.09476055204868317,3.1197898387908936,-0.11909400671720505,-0.12520039081573486,3.1316871643066406,-0.01377318799495697,-0.08676978945732117,3.1607892513275146,-0.16517497599124908,-0.12176075577735901,3.17297101020813,-0.14433592557907104,-0.07702415436506271,3.2777597904205322,-0.4345661699771881,1.0115418434143066,2.7235143184661865,-0.6629632711410522,0.9915958642959595,2.9487781524658203
-0.32565760612487793,0.5010126829147339,2.929227352142334,-0.2622720003128052,0.37481236457824707,2.9979488849639893,-0.20015060901641846,0.24815993010997772,3.0669922828674316,-0.1380273550748825,0.12150369584560394,3.136037826538086,-0.1045343279838562,0.12224738299846649,3.109208583831787,0.007736705243587494,0.12709638476371765,3.0170884132385254,-0.11044254899024963,0.3302993178367615,2.905343770980835,-0.27056241035461426,0.4253278970718384,2.73811674118042,-0.3025863766670227,0.44433361291885376,2.7046713829040527,-0.366634339094162,0.4823450446128845,2.6377804279327393,-0.3789123296737671,0.45979273319244385,2.711629629135132,-0.1708451807498932,0.11938340961933136,3.1636176109313965,-0.2831162214279175,0.1145344078540802,3.255737781524658,-0.4301379919052124,0.31549620628356934,3.1799514293670654,-0.6163216233253479,0.391337513923645,3.0308961868286133,-0.6535583734512329,0.4065057635307312,3.001085042953491,-0.7280318140983582,0.43684229254722595,2.941462993621826,-0.6510277390480042,0.43449491262435913,2.92812442779541,-0.25822335481643677,0.5051496028900146,2.8746261596679688,-0.5113404989242554,0.6000015735626221,2.587768077850342,-0.4675610065460205,0.9362837076187134,2.6757771968841553,-0.5237272381782532,1.048899531364441,2.6220920085906982,-0.3930918574333191,0.4968757629394531,2.983828544616699,-0.7536976337432861,0.5741356611251831,2.8447344303131104,-0.7074113488197327,0.9138657450675964,2.916769027709961,-0.791955292224884,1.0197428464889526,2.8977582454681396,-0.17280346155166626,-0.04385805130004883,3.110229253768921,-0.16838166117668152,-0.09453614801168442,3.1190743446350098,-0.1182694286108017,-0.12495295703411102,3.1307404041290283,-0.012944549322128296,-0.08649785816669464,3.159764528274536,-0.1642618179321289,-0.12174120545387268,3.1721348762512207,-0.14325633645057678,-0.0773979052901268,3.2770490646362305,-0.434245765209198,1.0108391046524048,2.723008632659912,-0.6638013124465942,0.9918167591094971,2.947117567062378
-0.3255566656589508,0.5013355612754822,2.9298980236053467,-0.26215752959251404,0.3750140368938446,2.9983980655670166,-0.19999340176582336,0.24824023246765137,3.0671939849853516,-0.13782742619514465,0.12146264314651489,3.1359918117523193,-0.10436700284481049,0.12223009765148163,3.1091198921203613,0.007791206240653992,0.12716175615787506,3.0168612003326416,-0.1103806346654892,0.3303590416908264,2.905076742172241,-0.27044805884361267,0.4255903661251068,2.737901449203491,-0.30246153473854065,0.44463664293289185,2.7044663429260254,-0.366488516330719,0.4827291667461395,2.6375961303710938,-0.37877920269966125,0.46014532446861267,2.7114365100860596,-0.1706121563911438,0.11931724846363068,3.163611650466919,-0.2827703654766083,0.11438558250665665,3.2558703422546387,-0.4297696352005005,0.31523367762565613,3.1797077655792236,-0.6161319017410278,0.3893424868583679,3.0299909114837646,-0.6534043550491333,0.40416425466537476,3.000047445297241,-0.7279492616653442,0.4338077902793884,2.9401607513427734,-0.6509198546409607,0.43170517683029175,2.9269118309020996,-0.2581290304660797,0.5055646896362305,2.8752903938293457,-0.5095118284225464,0.5992678999900818,2.5865330696105957,-0.4669906795024872,0.9357592463493347,2.6743664741516113,-0.5230138897895813,1.0481898784637451,2.620144844055176,-0.3929843008518219,0.4971064627170563,2.9845056533813477,-0.7531764507293701,0.5737020969390869,2.8439743518829346,-0.7079254388809204,0.9136868715286255,2.9154715538024902,-0.7926341891288757,1.019334077835083,2.895918130874634,-0.17258299887180328,-0.043875619769096375,3.1100316047668457,-0.16812683641910553,-0.0945620983839035,3.1188042163848877,-0.11798436939716339,-0.12497372925281525,3.1303460597991943,-0.012627586722373962,-0.08651597052812576,3.1592400074005127,-0.16390660405158997,-0.12183268368244171,3.1718215942382812,-0.14274057745933533,-0.07761634141206741,3.276754140853882,-0.4341425597667694,1.0104460716247559,2.7217183113098145,-0.6646054983139038,0.9917994141578674,2.945821762084961
-0.3261711597442627,0.5011459589004517,2.9300167560577393,-0.26265615224838257,0.37472987174987793,2.998236894607544,-0.20039013028144836,0.24786290526390076,3.0667707920074463,-0.13812224566936493,0.12099215388298035,3.1353068351745605,-0.10471323132514954,0.12178170680999756,3.1083710193634033,0.007272891700267792,0.1267901062965393,3.0158979892730713,-0.1104772537946701,0.3303455710411072,2.9042463302612305,-0.2702469825744629,0.4264551103115082,2.7372429370880127,-0.30220094323158264,0.4456770122051239,2.7038421630859375,-0.36610883474349976,0.48412081599235535,2.637040853500366,-0.3784777522087097,0.4614197611808777,2.7108423709869385,-0.17085446417331696,0.11882364749908447,3.162987470626831,-0.2828405797481537,0.11381525546312332,3.255460500717163,-0.42915910482406616,0.3152555525302887,3.1794424057006836,-0.6151952147483826,0.38974085450172424,3.0294556617736816,-0.6524024605751038,0.4046379029750824,2.9994583129882812,-0.7268168926239014,0.4344320297241211,2.9394636154174805,-0.6497622728347778,0.43220072984695435,2.926326274871826,-0.2588185667991638,0.5054678320884705,2.8753182888031006,-0.5100815296173096,0.5984059572219849,2.5861992835998535,-0.46760010719299316,0.9347527027130127,2.6746301651000977,-0.5235668420791626,1.047281265258789,2.620546817779541,-0.3935237526893616,0.49682408571243286,2.984715223312378,-0.75361168384552,0.5733808875083923,2.84387469291687,-0.7083196640014648,0.9132605791091919,2.9158763885498047,-0.7929782867431641,1.018963098526001,2.8963863849639893,-0.17267689108848572,-0.044376492500305176,3.1093146800994873,-0.16812166571617126,-0.09505989402532578,3.118042469024658,-0.11790743470191956,-0.12539958953857422,3.1294491291046143,-0.012549400329589844,-0.08679785579442978,3.158128023147583,-0.1637382209300995,-0.12235849350690842,3.171029567718506,-0.1424032747745514,-0.07818140834569931,3.275939464569092,-0.43478405475616455,1.0093587636947632,2.722134828567505,-0.6650027632713318,0.9913196563720703,2.946373701095581
-0.3270239233970642,0.5012528896331787,2.930752754211426,-0.2634425163269043,0.37464267015457153,2.9985573291778564,-0.2011125534772873,0.24757853150367737,3.06667423248291,-0.13878071308135986,0.12051059305667877,3.1347930431365967,-0.10544609278440475,0.12131784856319427,3.107764482498169,0.006298266351222992,0.1263902634382248,3.0149753093719482,-0.11072932928800583,0.33054259419441223,2.9035637378692627,-0.26986590027809143,0.42873436212539673,2.737112283706665,-0.3016932010650635,0.4483727216720581,2.703821897506714,-0.36534783244132996,0.48764944076538086,2.6372413635253906,-0.37786030769348145,0.46464401483535767,2.7109367847442627,-0.17143788933753967,0.11832226812839508,3.162562131881714,-0.2831822633743286,0.11324985325336456,3.2553513050079346,-0.42759671807289124,0.3173659145832062,3.1827752590179443,-0.6130504608154297,0.3989095985889435,3.0357048511505127,-0.6501412391662598,0.415218323469162,3.0062906742095947,-0.7243227362632751,0.4478358030319214,2.947462558746338,-0.6473971605300903,0.44438520073890686,2.933774709701538,-0.2597977817058563,0.5056342482566833,2.8758950233459473,-0.5096622109413147,0.5974096059799194,2.585193634033203,-0.46728768944740295,0.9336333274841309,2.6741507053375244,-0.5228641629219055,1.0462696552276611,2.619887351989746,-0.3942500650882721,0.49687156081199646,2.9856104850769043,-0.7540261745452881,0.5730178356170654,2.84374737739563,-0.7091581225395203,0.9130046367645264,2.9155194759368896,-0.7938394546508789,1.0186288356781006,2.895699977874756,-0.17350167036056519,-0.044855669140815735,3.1091582775115967,-0.16897930204868317,-0.09551964700222015,3.1179749965667725,-0.1187836229801178,-0.12587624788284302,3.1293768882751465,-0.013372480869293213,-0.08731474727392197,3.1578521728515625,-0.1645555943250656,-0.12271831184625626,3.171001434326172,-0.14305970072746277,-0.07836725562810898,3.2757880687713623,-0.4346373677253723,1.008162498474121,2.721890926361084,-0.6659749746322632,0.9911255240440369,2.946049928665161
-0.3276216387748718,0.5012051463127136,2.931126356124878,-0.2640197277069092,0.37447839975357056,2.9987010955810547,-0.2016739547252655,0.24729663133621216,3.0665907859802246,-0.1393263190984726,0.12011104822158813,3.1344826221466064,-0.10602366924285889,0.1209326684474945,3.1074137687683105,0.005613662302494049,0.1260560303926468,3.014490842819214,-0.11100263148546219,0.33070239424705505,2.903514862060547,-0.26977676153182983,0.43035048246383667,2.737558603286743,-0.301531583070755,0.450280100107193,2.7043673992156982,-0.36504125595092773,0.49013933539390564,2.6379849910736084,-0.37762898206710815,0.46685439348220825,2.71158504486084,-0.1719513237476349,0.11790704727172852,3.1622893810272217,-0.2835886478424072,0.11278368532657623,3.2552123069763184,-0.4274059534072876,0.3181559443473816,3.184969902038574,-0.6128641366958618,0.40347975492477417,3.040036916732788,-0.6499557495117188,0.42054450511932373,3.011050224304199,-0.7241390347480774,0.45467403531074524,2.9530770778656006,-0.6473202109336853,0.4506726861000061,2.9389188289642334,-0.2604614794254303,0.5056156516075134,2.876185894012451,-0.5091650485992432,0.5976023077964783,2.5845465660095215,-0.4669557809829712,0.9337890148162842,2.6737494468688965,-0.5222659707069397,1.0464696884155273,2.6192996501922607,-0.39478179812431335,0.4967946410179138,2.9860668182373047,-0.7544815540313721,0.5729511380195618,2.843993663787842,-0.7094020247459412,0.9128756523132324,2.915961980819702,-0.7939987778663635,1.01857328414917,2.8961539268493652,-0.1740419864654541,-0.04526294767856598,3.108949899673462,-0.1695311814546585,-0.09591798484325409,3.1178083419799805,-0.11934946477413177,-0.12626899778842926,3.129270076751709,-0.013961344957351685,-0.08769761025905609,3.1577930450439453,-0.1651497185230255,-0.12307511270046234,3.17085599899292,-0.14372871816158295,-0.07864828407764435,3.2756192684173584,-0.43444928526878357,1.0082910060882568,2.7216336727142334,-0.6661766171455383,0.9909512996673584,2.946554183959961
-0.3276250958442688,0.5017750859260559,2.932034730911255,-0.26403164863586426,0.37489452958106995,2.9993362426757812,-0.20169255137443542,0.24755290150642395,3.06693959236145,-0.13935159146785736,0.12020747363567352,3.134545087814331,-0.10609333217144012,0.12103581428527832,3.1074204444885254,0.00539311021566391,0.12618482112884521,3.0143144130706787,-0.11111170053482056,0.33106398582458496,2.903559923171997,-0.2697727084159851,0.43162649869918823,2.7379910945892334,-0.301504909992218,0.45173901319503784,2.7048773765563965,-0.36496931314468384,0.4919640123844147,2.6386499404907227,-0.3775600790977478,0.46851104497909546,2.7122085094451904,-0.17193228006362915,0.11799502372741699,3.1624045372009277,-0.2834187150001526,0.1128460168838501,3.2555105686187744,-0.4268355965614319,0.3195817768573761,3.1883740425109863,-0.6126374006271362,0.40900734066963196,3.0463180541992188,-0.6497977375984192,0.4268924593925476,3.017906904220581,-0.7241184711456299,0.4626626968383789,2.9610846042633057,-0.6474488973617554,0.45813506841659546,2.946228265762329,-0.2605247497558594,0.5062249898910522,2.8770205974578857,-0.5081211924552917,0.5980266332626343,2.5843546390533447,-0.46673157811164856,0.9345526695251465,2.6727311611175537,-0.5219875574111938,1.0469996929168701,2.617727756500244,-0.3947254419326782,0.49732518196105957,2.987048864364624,-0.7543700933456421,0.5731982588768005,2.8446271419525146,-0.7096539735794067,0.9132164716720581,2.9164695739746094,-0.7943307757377625,1.0188348293304443,2.896531343460083,-0.17443907260894775,-0.045128196477890015,3.1093525886535645,-0.17003504931926727,-0.09577220678329468,3.1183066368103027,-0.11991765350103378,-0.12620855867862701,3.1298024654388428,-0.014438629150390625,-0.08781515061855316,3.1581969261169434,-0.16568729281425476,-0.12283384799957275,3.171401262283325,-0.1441192775964737,-0.07825347781181335,3.2760603427886963,-0.43451637029647827,1.0092456340789795,2.720524549484253,-0.6665229797363281,0.9913498163223267,2.9470632076263428
-0.3276609182357788,0.5019991397857666,2.9325361251831055,-0.26402154564857483,0.3750366270542145,2.999647378921509,-0.20161691308021545,0.24761487543582916,3.067047357559204,-0.13921041786670685,0.12018930912017822,3.1344492435455322,-0.10598032176494598,0.12104512751102448,3.1072893142700195,0.0054101720452308655,0.12628868222236633,3.0140676498413086,-0.11115864664316177,0.3312360942363739,2.903425693511963,-0.26974403858184814,0.4325229227542877,2.738176107406616,-0.3014611005783081,0.45278027653694153,2.7051262855529785,-0.3648952543735504,0.49329501390457153,2.639026403427124,-0.37749016284942627,0.46968063712120056,2.7125437259674072,-0.17176222801208496,0.117948517203331,3.162341594696045,-0.2831527292728424,0.11270496249198914,3.255563259124756,-0.4270356297492981,0.3198741674423218,3.1906635761260986,-0.6135262846946716,0.4109395444393158,3.050506353378296,-0.6508244276046753,0.42915260791778564,3.022475004196167,-0.7254207134246826,0.46557876467704773,2.96641206741333,-0.6488357186317444,0.4610632359981537,2.951068878173828,-0.26060736179351807,0.5064990520477295,2.877464532852173,-0.5070211887359619,0.598503589630127,2.583834409713745,-0.4664422571659088,0.9353480935096741,2.671452045440674,-0.5216289758682251,1.0475741624832153,2.615910530090332,-0.39471447467803955,0.4974992275238037,2.987607717514038,-0.7542403340339661,0.573326051235199,2.8447978496551514,-0.7093496918678284,0.9133005142211914,2.9168388843536377,-0.7939384579658508,1.0189934968948364,2.896867513656616,-0.17459076642990112,-0.045074284076690674,3.1092612743377686,-0.17027434706687927,-0.09572317451238632,3.118212938308716,-0.12021131813526154,-0.12624594569206238,3.1296985149383545,-0.014666035771369934,-0.08804070949554443,3.1580729484558105,-0.1659647524356842,-0.12279190868139267,3.1713032722473145,-0.14430078864097595,-0.07825425267219543,3.2759532928466797,-0.4345203638076782,1.0102208852767944,2.7191717624664307,-0.6661899089813232,0.9913943409919739,2.947509765625
-0.3273888826370239,0.5023382306098938,2.9328625202178955,-0.26371681690216064,0.3753189742565155,2.9998373985290527,-0.20128320157527924,0.2478397786617279,3.067103862762451,-0.1388477087020874,0.12035675346851349,3.1343722343444824,-0.10561732947826385,0.12124891579151154,3.1072134971618652,0.005780480802059174,0.12661691009998322,3.0139923095703125,-0.11117919534444809,0.3314325511455536,2.9034783840179443,-0.26984742283821106,0.43314328789711,2.738543748855591,-0.3015810549259186,0.4534854292869568,2.705556869506836,-0.365048348903656,0.4941697120666504,2.639583110809326,-0.3776094317436218,0.4703775644302368,2.7130541801452637,-0.17139951884746552,0.11807902157306671,3.162262201309204,-0.28279733657836914,0.11271103471517563,3.255483388900757,-0.427553653717041,0.31957143545150757,3.1914777755737305,-0.6147565841674805,0.4101199805736542,3.0519065856933594,-0.6521971821784973,0.4282296895980835,3.0239923000335693,-0.727078378200531,0.46444910764694214,2.9681639671325684,-0.6505054831504822,0.4602817893028259,2.952636480331421,-0.2603410482406616,0.5069072246551514,2.87778639793396,-0.5062371492385864,0.5991978645324707,2.583782196044922,-0.4663388133049011,0.9362480044364929,2.6710004806518555,-0.5215921998023987,1.0483165979385376,2.6151888370513916,-0.39443671703338623,0.49776920676231384,2.987938642501831,-0.7540515661239624,0.573659360408783,2.845324754714966,-0.7089775204658508,0.9135169386863708,2.917897939682007,-0.79353266954422,1.0192853212356567,2.8981311321258545,-0.17466610670089722,-0.044823139905929565,3.109330415725708,-0.17048878967761993,-0.09547188878059387,3.1183292865753174,-0.12051427364349365,-0.12611709535121918,3.1298537254333496,-0.014879584312438965,-0.08817321062088013,3.1582155227661133,-0.16626474261283875,-0.12250125408172607,3.1714420318603516,-0.14450591802597046,-0.0779283344745636,3.2760491371154785,-0.43462157249450684,1.0112419128417969,2.718677043914795,-0.6657677888870239,0.991546630859375,2.9486777782440186
-0.3272932469844818,0.502654492855072,2.933368682861328,-0.2635304927825928,0.37558513879776,3.000162363052368,-0.2010173797607422,0.24805444478988647,3.0672574043273926,-0.13850240409374237,0.12051993608474731,3.13435435295105,-0.10530003160238266,0.12143762409687042,3.1071622371673584,0.006009332835674286,0.12689349055290222,3.013824224472046,-0.11117630451917648,0.33155518770217896,2.9031982421875,-0.26981788873672485,0.4338085651397705,2.738532781600952,-0.30154621601104736,0.4542592465877533,2.705599784851074,-0.36500284075737,0.4951605796813965,2.6397335529327393,-0.3775518536567688,0.4712558388710022,2.713179111480713,-0.17102530598640442,0.11821608245372772,3.162275791168213,-0.28233468532562256,0.11276021599769592,3.2556138038635254,-0.4276235103607178,0.3197473883628845,3.1931281089782715,-0.6154378652572632,0.41090014576911926,3.0547280311584473,-0.6530007123947144,0.4291307032108307,3.027048110961914,-0.7281264662742615,0.46559181809425354,2.9716880321502686,-0.6515998244285583,0.46157461404800415,2.9558537006378174,-0.26034843921661377,0.5072298645973206,2.8781657218933105,-0.507117748260498,0.5995446443557739,2.584829807281494,-0.4667106866836548,0.9367016553878784,2.6715903282165527,-0.5220688581466675,1.0487664937973022,2.6158294677734375,-0.39423805475234985,0.4980791211128235,2.9885716438293457,-0.7540245056152344,0.5738933086395264,2.8462026119232178,-0.7085151672363281,0.9137274026870728,2.9188435077667236,-0.792989194393158,1.019605278968811,2.8991878032684326,-0.1746048778295517,-0.04455459117889404,3.1090903282165527,-0.17050476372241974,-0.09522071480751038,3.1180105209350586,-0.12057569622993469,-0.125963032245636,3.129456043243408,-0.014866665005683899,-0.0882362350821495,3.157804489135742,-0.16629084944725037,-0.12233484536409378,3.171077013015747,-0.14439290761947632,-0.07795639336109161,3.275730609893799,-0.43478894233703613,1.0117323398590088,2.719097375869751,-0.6651873588562012,0.9917128086090088,2.9496090412139893
-0.3271865248680115,0.5026883482933044,2.9336187839508057,-0.2633703351020813,0.37563735246658325,3.0003983974456787,-0.2008025050163269,0.24812734127044678,3.06748366355896,-0.13823279738426208,0.12061350047588348,3.134571075439453,-0.10503888875246048,0.12153799831867218,3.107368230819702,0.0062506720423698425,0.12701693177223206,3.013986587524414,-0.11161984503269196,0.3311353325843811,2.902982711791992,-0.27079641819000244,0.4325375556945801,2.738243579864502,-0.3026317358016968,0.45281800627708435,2.7052958011627197,-0.36630237102508545,0.4933788776397705,2.6394002437591553,-0.378682404756546,0.46964216232299805,2.7129428386688232,-0.17074665427207947,0.11830310523509979,3.1625027656555176,-0.2820362150669098,0.11282417178153992,3.2558844089508057,-0.42797642946243286,0.3195609450340271,3.193908452987671,-0.6163606643676758,0.4101584851741791,3.0558431148529053,-0.6540375351905823,0.42827799916267395,3.0282299518585205,-0.7293912172317505,0.4645170271396637,2.97300386428833,-0.6528667211532593,0.46075505018234253,2.9570324420928955,-0.2602795362472534,0.5072544813156128,2.8783681392669678,-0.5080164670944214,0.6000529527664185,2.585925579071045,-0.46686500310897827,0.9371155500411987,2.6729066371917725,-0.5222841501235962,1.0493254661560059,2.617450714111328,-0.39409351348876953,0.4981222450733185,2.9888694286346436,-0.7541323304176331,0.5741198062896729,2.8470802307128906,-0.7080269455909729,0.9138537645339966,2.920056104660034,-0.7924012541770935,1.0198856592178345,2.9006669521331787,-0.17445532977581024,-0.04437193274497986,3.1089422702789307,-0.17038539052009583,-0.09505940973758698,3.1177430152893066,-0.12047377228736877,-0.1258603185415268,3.1290953159332275,-0.014731109142303467,-0.08827119320631027,3.1574838161468506,-0.16616672277450562,-0.1222979873418808,3.170742988586426,-0.14419446885585785,-0.07817793637514114,3.2754855155944824,-0.43467479944229126,1.0120664834976196,2.7203855514526367,-0.6645336747169495,0.9917544722557068,2.9508445262908936
-0.3271292448043823,0.5026546716690063,2.93367862701416,-0.2632827162742615,0.3756412863731384,3.000504732131958,-0.20068484544754028,0.2481696605682373,3.067638874053955,-0.13808509707450867,0.12069422006607056,3.134775161743164,-0.10487620532512665,0.12163320183753967,3.107590436935425,0.006474733352661133,0.12716111540794373,3.0142598152160645,-0.1118227019906044,0.33099794387817383,2.9031341075897217,-0.27135521173477173,0.43172580003738403,2.7382891178131104,-0.30326172709465027,0.4518713653087616,2.705320119857788,-0.36707472801208496,0.4921625256538391,2.6393821239471436,-0.37935712933540344,0.4685214161872864,2.712980031967163,-0.1706136167049408,0.11836972832679749,3.162689447402954,-0.2819645404815674,0.11284181475639343,3.2560200691223145,-0.4285240173339844,0.31899482011795044,3.1934585571289062,-0.6172258257865906,0.4079385995864868,3.0547096729278564,-0.6549661755561829,0.42572736740112305,3.0269598960876465,-0.7304468750953674,0.4613048732280731,2.9714603424072266,-0.6538728475570679,0.45789310336112976,2.9556117057800293,-0.2602057456970215,0.5072372555732727,2.878448963165283,-0.5085813403129578,0.6007239818572998,2.5867104530334473,-0.4669896960258484,0.93764728307724,2.6741740703582764,-0.5224654078483582,1.0500012636184692,2.619030237197876,-0.39405274391174316,0.49807208776474,2.988908290863037,-0.7543250322341919,0.5745523571968079,2.8478541374206543,-0.7077456712722778,0.9141339659690857,2.9214186668395996,-0.7920570373535156,1.0202991962432861,2.902383327484131,-0.17442581057548523,-0.04424993693828583,3.1090900897979736,-0.17040236294269562,-0.09494076669216156,3.1178817749023438,-0.12052424252033234,-0.12578365206718445,3.129255771636963,-0.014771312475204468,-0.08828826248645782,3.15771222114563,-0.16623657941818237,-0.1221933662891388,3.1708762645721436,-0.14428959786891937,-0.0781158059835434,3.275637149810791,-0.43463391065597534,1.012503743171692,2.721709966659546,-0.6641154289245605,0.9919394254684448,2.9522852897644043
-0.3270794749259949,0.5025162100791931,2.9340741634368896,-0.26326024532318115,0.37548723816871643,3.000899076461792,-0.2006838023662567,0.24799834191799164,3.0680227279663086,-0.13810549676418304,0.12050561606884003,3.135148286819458,-0.10489492118358612,0.1214427798986435,3.1079652309417725,0.006472527980804443,0.12696534395217896,3.0146312713623047,-0.11189834773540497,0.33078187704086304,2.9034879207611084,-0.27154821157455444,0.43129977583885193,2.7385919094085693,-0.3034781813621521,0.45140334963798523,2.7056126594543457,-0.3673381209373474,0.49161049723625183,2.6396541595458984,-0.3795897364616394,0.46801191568374634,2.7132790088653564,-0.17063592374324799,0.11818276345729828,3.1630609035491943,-0.28200337290763855,0.11266020685434341,3.256394863128662,-0.42858830094337463,0.31888920068740845,3.194040060043335,-0.6173685193061829,0.4078454375267029,3.0553627014160156,-0.6551245450973511,0.4256366789340973,3.0276272296905518,-0.7306365966796875,0.4612191617488861,2.972156286239624,-0.6540579199790955,0.457838237285614,2.9562864303588867,-0.26013368368148804,0.5071101784706116,2.8788721561431885,-0.50875324010849,0.600952684879303,2.5874123573303223,-0.46722739934921265,0.9378966093063354,2.6749424934387207,-0.5227953195571899,1.0502521991729736,2.6198670864105225,-0.3940252661705017,0.49792224168777466,2.989276170730591,-0.7544788122177124,0.5746009349822998,2.848703622817993,-0.7079579830169678,0.9141826033592224,2.922441244125366,-0.7923412322998047,1.0203332901000977,2.9035637378692627,-0.1745777577161789,-0.044409409165382385,3.109513759613037,-0.17058928310871124,-0.09509904682636261,3.118314743041992,-0.1207323744893074,-0.12597547471523285,3.129676580429077,-0.014945641160011292,-0.08855490386486053,3.1580848693847656,-0.1664246767759323,-0.12234199047088623,3.171311140060425,-0.14440715312957764,-0.07826004922389984,3.276049852371216,-0.43486279249191284,1.0127594470977783,2.722477674484253,-0.6643233299255371,0.9919929504394531,2.953312873840332
-0.3274199962615967,0.5025082230567932,2.9339232444763184,-0.2635687291622162,0.3754902184009552,3.0007433891296387,-0.200973242521286,0.2480127066373825,3.067875862121582,-0.1383758783340454,0.120531365275383,3.1350104808807373,-0.10516852885484695,0.1214674860239029,3.1078224182128906,0.0061917975544929504,0.1269865185022354,3.014468193054199,-0.11200254410505295,0.33096349239349365,2.9034247398376465,-0.27164727449417114,0.4313570261001587,2.7384438514709473,-0.3035762310028076,0.45143574476242065,2.7054476737976074,-0.36743414402008057,0.4915931820869446,2.6394553184509277,-0.3796929717063904,0.4680345058441162,2.713092565536499,-0.17090287804603577,0.11820967495441437,3.1629281044006348,-0.28226321935653687,0.11269064247608185,3.256282329559326,-0.4284450113773346,0.3190901279449463,3.1935343742370605,-0.6166508793830872,0.4090467691421509,3.0547165870666504,-0.6542920470237732,0.4270381033420563,3.0269529819488525,-0.7295743823051453,0.46302077174186707,2.971426010131836,-0.6529796719551086,0.45939210057258606,2.9556844234466553,-0.260517954826355,0.5070698857307434,2.878664970397949,-0.5102640390396118,0.6011542677879333,2.588193416595459,-0.4679067134857178,0.9379990100860596,2.6758499145507812,-0.5235495567321777,1.0504904985427856,2.62109375,-0.3943220376968384,0.497946560382843,2.9891815185546875,-0.7549561858177185,0.5747272968292236,2.849015712738037,-0.7080795764923096,0.9142979383468628,2.9227488040924072,-0.7924142479896545,1.0205262899398804,2.9039900302886963,-0.17475280165672302,-0.04440873861312866,3.1094472408294678,-0.1707351952791214,-0.0950903594493866,3.1182689666748047,-0.12086229771375656,-0.12593220174312592,3.1296420097351074,-0.015100523829460144,-0.08844054490327835,3.1580305099487305,-0.16655375063419342,-0.12230755388736725,3.1712746620178223,-0.14455963671207428,-0.07817072421312332,3.2759900093078613,-0.4352399706840515,1.012783408164978,2.723320722579956,-0.6643425226211548,0.9920787215232849,2.9535794258117676
-0.32777535915374756,0.502314567565918,2.933619260787964,-0.2638539671897888,0.37536942958831787,3.0005180835723877,-0.20121589303016663,0.24796728789806366,3.067761182785034,-0.138575941324234,0.12056133151054382,3.1350061893463135,-0.10536572337150574,0.12148785591125488,3.1078202724456787,0.006003670394420624,0.1269729733467102,3.014470100402832,-0.11238066107034683,0.3307543098926544,2.9032583236694336,-0.2723928689956665,0.4301077723503113,2.737996816635132,-0.30439531803131104,0.44997847080230713,2.704944610595703,-0.3684002161026001,0.48971986770629883,2.6388399600982666,-0.38055452704429626,0.4663968086242676,2.712570905685425,-0.17110534012317657,0.11825007200241089,3.1629233360290527,-0.28247472643852234,0.11276496201753616,3.2562735080718994,-0.428514301776886,0.31886062026023865,3.1921896934509277,-0.6163227558135986,0.408345490694046,3.052522897720337,-0.6538844704627991,0.426242470741272,3.0245895385742188,-0.7290078401565552,0.4620364308357239,2.9687228202819824,-0.652372419834137,0.45831331610679626,2.953195333480835,-0.26094961166381836,0.5067896842956543,2.8782596588134766,-0.5126748085021973,0.6012654304504395,2.5895352363586426,-0.46865782141685486,0.9378527402877808,2.6776065826416016,-0.524369478225708,1.0506465435028076,2.6234865188598633,-0.39460110664367676,0.49783942103385925,2.988978862762451,-0.7554527521133423,0.5748744010925293,2.8493194580078125,-0.7077907919883728,0.9143877625465393,2.9231040477752686,-0.7919675707817078,1.0208029747009277,2.9045217037200928,-0.17494089901447296,-0.044405966997146606,3.109652519226074,-0.17093250155448914,-0.09507293999195099,3.11854887008667,-0.1210716962814331,-0.12589965760707855,3.130002021789551,-0.015333473682403564,-0.08837450295686722,3.1584134101867676,-0.1667914241552353,-0.12221360206604004,3.1715941429138184,-0.14487269520759583,-0.07793069630861282,3.2762579917907715,-0.4354149401187897,1.0124505758285522,2.725003719329834,-0.6638445258140564,0.9920871257781982,2.953892946243286
-0.32836252450942993,0.5015237331390381,2.9332828521728516,-0.2644854784011841,0.37462911009788513,3.0003228187561035,-0.20191271603107452,0.24727953970432281,3.0677292346954346,-0.13933807611465454,0.11992615461349487,3.1351377964019775,-0.10610127449035645,0.12083069980144501,3.107982873916626,0.005359351634979248,0.12624038755893707,3.014735460281372,-0.11273568868637085,0.3301580548286438,2.9034390449523926,-0.27268221974372864,0.4291936755180359,2.7379066944122314,-0.3046715259552002,0.4490008056163788,2.7048001289367676,-0.3686501383781433,0.4886150360107422,2.638587236404419,-0.38084304332733154,0.4654123783111572,2.712353467941284,-0.17189477384090424,0.11763744056224823,3.163025379180908,-0.2833554148674011,0.11222775280475616,3.256272792816162,-0.42922553420066833,0.31783103942871094,3.1902048587799072,-0.6165745258331299,0.4058930575847626,3.0490050315856934,-0.6540443301200867,0.4235054552555084,3.0207650661468506,-0.7289839386940002,0.4587302505970001,2.964285135269165,-0.6522716879844666,0.4550124704837799,2.949122428894043,-0.2615179717540741,0.5059329271316528,2.8779377937316895,-0.514601469039917,0.6015822291374207,2.590723991394043,-0.46940726041793823,0.9377995133399963,2.679781198501587,-0.5251631140708923,1.050918459892273,2.6263463497161865,-0.39520707726478577,0.4971145689487457,2.9886279106140137,-0.7562137246131897,0.5748983025550842,2.849647045135498,-0.7080143690109253,0.9142366647720337,2.9240915775299072,-0.7920963168144226,1.0208089351654053,2.905857563018799,-0.17560848593711853,-0.04507577419281006,3.109920024871826,-0.17159660160541534,-0.09572914987802505,3.118880271911621,-0.12174462527036667,-0.12652473151683807,3.1304426193237305,-0.01606571674346924,-0.08893296122550964,3.1589677333831787,-0.16752584278583527,-0.12280648946762085,3.1719605922698975,-0.14577916264533997,-0.07839794456958771,3.276602029800415,-0.43575724959373474,1.0121656656265259,2.727278709411621,-0.6639205813407898,0.9918254017829895,2.954984426498413
-0.3282529413700104,0.500913143157959,2.932638645172119,-0.2644435465335846,0.3740178942680359,2.9997451305389404,-0.20199069380760193,0.2466655969619751,3.067260980606079,-0.13953596353530884,0.11930948495864868,3.1347787380218506,-0.10627815127372742,0.12018246948719025,3.1076478958129883,0.005260087549686432,0.12548542022705078,3.0144765377044678,-0.11266693472862244,0.3297618627548218,2.903517723083496,-0.2726031541824341,0.429240345954895,2.738152265548706,-0.3045904040336609,0.44913604855537415,2.7050790786743164,-0.3685649037361145,0.4889274537563324,2.638932943344116,-0.3807591199874878,0.46562281250953674,2.71268630027771,-0.17211498320102692,0.11705233156681061,3.1626434326171875,-0.28365322947502136,0.11174937337636948,3.255814790725708,-0.4291974902153015,0.31696248054504395,3.1876096725463867,-0.6158840656280518,0.403953492641449,3.044774055480957,-0.6532213687896729,0.42135170102119446,3.016206979751587,-0.727895975112915,0.45614808797836304,2.9590728282928467,-0.6510865688323975,0.452351450920105,2.94433331489563,-0.2614116668701172,0.5052492022514343,2.8772807121276855,-0.5165584683418274,0.6015090942382812,2.5920088291168213,-0.47023817896842957,0.9374854564666748,2.6816344261169434,-0.5262357592582703,1.0508414506912231,2.6288983821868896,-0.39509421586990356,0.49657708406448364,2.9879965782165527,-0.7565563917160034,0.5747107267379761,2.8502066135406494,-0.7081915736198425,0.9140408039093018,2.924868583679199,-0.7923625707626343,1.0206338167190552,2.906991958618164,-0.17597723007202148,-0.04573230445384979,3.1101133823394775,-0.17205354571342468,-0.09635487198829651,3.119274377822876,-0.12226981669664383,-0.1271727979183197,3.131058692932129,-0.016603559255599976,-0.08961743116378784,3.1596627235412598,-0.1681317538022995,-0.12323442846536636,3.17246413230896,-0.14654572308063507,-0.0784587413072586,3.276978015899658,-0.4361322224140167,1.0116922855377197,2.729088306427002,-0.6640129685401917,0.9916198253631592,2.955714702606201
-0.32837000489234924,0.5004734396934509,2.932227849960327,-0.2646855115890503,0.37354859709739685,2.9993977546691895,-0.20239508152008057,0.24616684019565582,3.0670084953308105,-0.14010277390480042,0.11878125369548798,3.1346213817596436,-0.10683979839086533,0.11959625780582428,3.107494831085205,0.004730753600597382,0.12470388412475586,3.014326810836792,-0.11270221322774887,0.3294963836669922,2.903671979904175,-0.2723436653614044,0.4299609065055847,2.7385411262512207,-0.30427196621894836,0.4500538110733032,2.705514907836914,-0.36812853813171387,0.49023962020874023,2.639462471008301,-0.3803986608982086,0.466784805059433,2.713172435760498,-0.17268872261047363,0.11658172309398651,3.162482500076294,-0.28425925970077515,0.11147409677505493,3.255650520324707,-0.4287571310997009,0.3170582056045532,3.1861486434936523,-0.6145233511924744,0.4047493636608124,3.042454957962036,-0.651676595211029,0.42228758335113525,3.013716220855713,-0.7259830832481384,0.4573640525341034,2.9562387466430664,-0.6491298079490662,0.4531215727329254,2.941767454147339,-0.26153796911239624,0.5046983361244202,2.8768470287323,-0.5189976692199707,0.601293683052063,2.593653917312622,-0.47142523527145386,0.9371445775032043,2.683396577835083,-0.5276985168457031,1.0506850481033325,2.6312758922576904,-0.39520204067230225,0.4962485730648041,2.9876086711883545,-0.7572570443153381,0.5744881629943848,2.8511929512023926,-0.7085596919059753,0.9138305187225342,2.9259462356567383,-0.792802631855011,1.0204707384109497,2.9084625244140625,-0.1767023503780365,-0.04629972577095032,3.110485553741455,-0.17285794019699097,-0.09689254313707352,3.11983585357666,-0.12313492596149445,-0.12772823870182037,3.131821393966675,-0.017476826906204224,-0.09020072966814041,3.1604812145233154,-0.169065922498703,-0.12358428537845612,3.1731278896331787,-0.14761462807655334,-0.07845953851938248,3.2775163650512695,-0.4368099868297577,1.011247992515564,2.730684280395508,-0.6642462611198425,0.9913979172706604,2.9566919803619385
-0.32812047004699707,0.5003229379653931,2.9318156242370605,-0.2646096646785736,0.37337547540664673,2.999107837677002,-0.20251265168190002,0.24597086012363434,3.0668540000915527,-0.1404137909412384,0.11856243014335632,3.1346023082733154,-0.10712158679962158,0.11933043599128723,3.1075103282928467,0.004579223692417145,0.1242804303765297,3.0144331455230713,-0.11265729367733002,0.3294330835342407,2.903994560241699,-0.27213889360427856,0.43064361810684204,2.7390143871307373,-0.3040352165699005,0.45088571310043335,2.7060184478759766,-0.3678278625011444,0.49136993288993835,2.640026330947876,-0.3801600933074951,0.4677548408508301,2.713707685470581,-0.1730310320854187,0.11640965938568115,3.162430763244629,-0.28473183512687683,0.11145966500043869,3.2555079460144043,-0.4289078712463379,0.3170604109764099,3.185007333755493,-0.6139616370201111,0.40567517280578613,3.0407891273498535,-0.6509723663330078,0.42339813709259033,3.0119454860687256,-0.724993884563446,0.45884403586387634,2.9542582035064697,-0.6480816602706909,0.45432794094085693,2.9400172233581543,-0.2612043023109436,0.5044946074485779,2.8765296936035156,-0.5199308395385742,0.6011876463890076,2.5944392681121826,-0.4720132648944855,0.9369943737983704,2.6843810081481934,-0.5285279154777527,1.0506057739257812,2.632620096206665,-0.39503663778305054,0.49615123867988586,2.9871015548706055,-0.7575333118438721,0.5743610858917236,2.851663589477539,-0.7086390256881714,0.9136743545532227,2.9266810417175293,-0.7929432392120361,1.0203490257263184,2.9095356464385986,-0.17721526324748993,-0.04654395580291748,3.110966920852661,-0.17348583042621613,-0.09710726141929626,3.1205179691314697,-0.12385361641645432,-0.12798093259334564,3.13277530670166,-0.018224522471427917,-0.09052430093288422,3.161628484725952,-0.16990704834461212,-0.12360580265522003,3.173920154571533,-0.1487092673778534,-0.07812811434268951,3.278205633163452,-0.437202513217926,1.0110595226287842,2.7316153049468994,-0.6642395257949829,0.9912205338478088,2.957401990890503
-0.32781559228897095,0.5001423358917236,2.93125581741333,-0.2643634080886841,0.37327277660369873,2.998757839202881,-0.20233628153800964,0.24594947695732117,3.066728353500366,-0.14030730724334717,0.11862236261367798,3.1347007751464844,-0.10697753727436066,0.11936670541763306,3.1076529026031494,0.0049683451652526855,0.12424011528491974,3.01462459564209,-0.11242783069610596,0.32978254556655884,2.9042205810546875,-0.27182281017303467,0.43216633796691895,2.7393486499786377,-0.30370181798934937,0.45264309644699097,2.706374168395996,-0.36745980381965637,0.493596613407135,2.640425443649292,-0.37989965081214905,0.4696710705757141,2.7141048908233643,-0.17296290397644043,0.11649411916732788,3.162487506866455,-0.2849087715148926,0.1116207093000412,3.2555158138275146,-0.4288429021835327,0.3170912265777588,3.182828426361084,-0.612643301486969,0.40865767002105713,3.038242816925049,-0.6494033932685852,0.4269709587097168,3.0093257427215576,-0.7229235172271729,0.46359753608703613,2.951491594314575,-0.6459088325500488,0.4582950472831726,2.9374756813049316,-0.26085254549980164,0.5042444467544556,2.8760201930999756,-0.5219303369522095,0.6014752388000488,2.5961060523986816,-0.4724104404449463,0.9370123147964478,2.686638355255127,-0.5291035771369934,1.0509486198425293,2.6356725692749023,-0.39477863907814026,0.4960402250289917,2.9864914417266846,-0.7579139471054077,0.5745439529418945,2.8525614738464355,-0.707927405834198,0.9137169122695923,2.9280364513397217,-0.7920968532562256,1.0206451416015625,2.911454916000366,-0.17716084420681,-0.04646921157836914,3.1110713481903076,-0.17349238693714142,-0.0970279797911644,3.120663642883301,-0.12391574680805206,-0.1279279887676239,3.1330718994140625,-0.018339872360229492,-0.09052814543247223,3.1621816158294678,-0.17007426917552948,-0.12349497526884079,3.1740903854370117,-0.14912237226963043,-0.07796791195869446,3.2784011363983154,-0.4370060861110687,1.0108792781829834,2.73380446434021,-0.6632087230682373,0.9911317825317383,2.958721876144409
-0.32734593749046326,0.5005655288696289,2.9310789108276367,-0.2639549970626831,0.37379956245422363,2.9988338947296143,-0.20195573568344116,0.2465818226337433,3.067028284072876,-0.13995461165905,0.11936026811599731,3.1352248191833496,-0.10657262802124023,0.12011024355888367,3.108241319656372,0.005598865449428558,0.1250028908252716,3.015387535095215,-0.11216520518064499,0.33023780584335327,2.9045088291168213,-0.27139633893966675,0.43288731575012207,2.7394609451293945,-0.303242564201355,0.45341721177101135,2.706451416015625,-0.36693501472473145,0.4944770336151123,2.640432357788086,-0.37949132919311523,0.4704304337501526,2.714092254638672,-0.17266272008419037,0.11722755432128906,3.162949562072754,-0.28483420610427856,0.11233491450548172,3.255803346633911,-0.4292357265949249,0.3170439302921295,3.181464672088623,-0.6128859519958496,0.4083923101425171,3.0363430976867676,-0.649616003036499,0.42666199803352356,3.0073187351226807,-0.7230761051177979,0.4632013440132141,2.949270009994507,-0.6460145115852356,0.457785040140152,2.9353458881378174,-0.26026374101638794,0.5046650767326355,2.8759875297546387,-0.5207735896110535,0.6018949151039124,2.5955066680908203,-0.4715999364852905,0.9374762177467346,2.686156749725342,-0.5282356142997742,1.051395297050476,2.635063648223877,-0.3944281339645386,0.4964659810066223,2.9861702919006348,-0.7576438188552856,0.5749912261962891,2.852391481399536,-0.7073988318443298,0.9141371250152588,2.9279279708862305,-0.7915152311325073,1.0211299657821655,2.91141676902771,-0.17650000751018524,-0.045704931020736694,3.1109440326690674,-0.17274628579616547,-0.09629327803850174,3.120344877243042,-0.1231212243437767,-0.12715184688568115,3.132661819458008,-0.017628297209739685,-0.08967512845993042,3.1619718074798584,-0.16930954158306122,-0.12295825034379959,3.1736719608306885,-0.14849519729614258,-0.07779324799776077,3.2781670093536377,-0.4363301396369934,1.0113636255264282,2.7334043979644775,-0.662611722946167,0.9915214776992798,2.9586105346679688
-0.32713961601257324,0.501046895980835,2.9311363697052,-0.26389080286026,0.3743045926094055,2.9990687370300293,-0.20197713375091553,0.24710455536842346,3.0673747062683105,-0.14006160199642181,0.11990070343017578,3.1356825828552246,-0.10664750635623932,0.12064145505428314,3.108738422393799,0.005665838718414307,0.12550383806228638,3.0159904956817627,-0.11226006597280502,0.3303874135017395,2.9045779705047607,-0.27121567726135254,0.4333205819129944,2.739405632019043,-0.3030067980289459,0.45390722155570984,2.7063710689544678,-0.3665890395641327,0.49508047103881836,2.6403021812438965,-0.37925776839256287,0.47097957134246826,2.713932991027832,-0.17280277609825134,0.11777739226818085,3.1633691787719727,-0.28511613607406616,0.11291500180959702,3.256117105484009,-0.42938220500946045,0.31779375672340393,3.1818974018096924,-0.612980306148529,0.41038206219673157,3.037456512451172,-0.6496999263763428,0.42889973521232605,3.008568286895752,-0.7231391668319702,0.4659350514411926,2.950791835784912,-0.6461297869682312,0.4602047801017761,2.9366648197174072,-0.25993597507476807,0.5051342248916626,2.8761918544769287,-0.5184894800186157,0.6015440821647644,2.593618392944336,-0.4705806374549866,0.9376424551010132,2.6830387115478516,-0.5270557999610901,1.0512163639068604,2.6310036182403564,-0.3943432569503784,0.4969595670700073,2.9860808849334717,-0.7573117017745972,0.5750319957733154,2.8513545989990234,-0.7076315879821777,0.9144958257675171,2.9258499145507812,-0.7918409705162048,1.0213326215744019,2.908796787261963,-0.17588594555854797,-0.045331671833992004,3.1114795207977295,-0.17191918194293976,-0.09589745104312897,3.12091064453125,-0.12216819077730179,-0.12653511762619019,3.133267402648926,-0.016851872205734253,-0.08858928084373474,3.1626031398773193,-0.16839207708835602,-0.12251683324575424,3.1742537021636963,-0.14781953394412994,-0.07720417529344559,3.278731107711792,-0.4357859790325165,1.011817216873169,2.7301905155181885,-0.6630017757415771,0.9920381307601929,2.9563660621643066
-0.3268579840660095,0.5015350580215454,2.931964159011841,-0.2636295258998871,0.37474727630615234,2.999830722808838,-0.20171810686588287,0.2475009262561798,3.068052291870117,-0.13980484008789062,0.12025076150894165,3.1362760066986084,-0.10640275478363037,0.12099471688270569,3.1093170642852783,0.0058869123458862305,0.12586958706378937,3.0165061950683594,-0.11206100136041641,0.3304777145385742,2.9045119285583496,-0.27078020572662354,0.43353068828582764,2.7391245365142822,-0.30252403020858765,0.4541412889957428,2.7060470581054688,-0.36601170897483826,0.49536246061325073,2.639892101287842,-0.37877750396728516,0.47129571437835693,2.713531017303467,-0.1725340038537979,0.11812373995780945,3.1639764308929443,-0.2848236560821533,0.11324886232614517,3.2567873001098633,-0.42882293462753296,0.3191215991973877,3.1846792697906494,-0.6127581596374512,0.4144963324069977,3.0424253940582275,-0.6495451927185059,0.4335712790489197,3.013974666595459,-0.7231192588806152,0.47172117233276367,2.9570729732513428,-0.6462417244911194,0.46556541323661804,2.9423482418060303,-0.2596476972103119,0.5056473016738892,2.8770296573638916,-0.5169612169265747,0.6010752320289612,2.5929715633392334,-0.47004860639572144,0.9375088214874268,2.681715488433838,-0.5264596939086914,1.0508512258529663,2.629093885421753,-0.39406827092170715,0.49742281436920166,2.98689866065979,-0.756845235824585,0.5748569965362549,2.8512425422668457,-0.7078296542167664,0.9145913124084473,2.9250118732452393,-0.79216468334198,1.0212644338607788,2.9075136184692383,-0.175378680229187,-0.04506048560142517,3.1122512817382812,-0.17132624983787537,-0.09561043977737427,3.1217286586761475,-0.12152015417814255,-0.12615668773651123,3.134087562561035,-0.01624929904937744,-0.08801522850990295,3.1633293628692627,-0.1677277833223343,-0.12217270582914352,3.1750950813293457,-0.14717091619968414,-0.07672727853059769,3.2795169353485107,-0.435607373714447,1.0118725299835205,2.728837251663208,-0.663379430770874,0.9922783970832825,2.9554343223571777
-0.3266903758049011,0.5019763112068176,2.9328269958496094,-0.2634133994579315,0.37511497735977173,3.000511646270752,-0.20143145322799683,0.24779507517814636,3.068532705307007,-0.1394476592540741,0.12047135829925537,3.1365559101104736,-0.10609196126461029,0.12122264504432678,3.10953950881958,0.006043240427970886,0.12612390518188477,3.0165340900421143,-0.11180441081523895,0.33066093921661377,2.9041130542755127,-0.2703855037689209,0.4338412284851074,2.7385523319244385,-0.302101731300354,0.4544772803783417,2.7054402828216553,-0.3655341565608978,0.4957493841648102,2.6392159461975098,-0.37835797667503357,0.47174620628356934,2.7128918170928955,-0.17212967574596405,0.11833623051643372,3.164311408996582,-0.28426486253738403,0.11343497037887573,3.257316827774048,-0.4281805157661438,0.32073211669921875,3.18891978263855,-0.6128637790679932,0.4200236201286316,3.0502195358276367,-0.6498004198074341,0.43988192081451416,3.02247953414917,-0.7236737608909607,0.4795985221862793,2.9669992923736572,-0.6469966173171997,0.4730033874511719,2.9513187408447266,-0.25956520438194275,0.5060926675796509,2.8777883052825928,-0.5165780782699585,0.6005604267120361,2.593069076538086,-0.46986106038093567,0.9372543096542358,2.6811001300811768,-0.5262356996536255,1.050473690032959,2.628131151199341,-0.3938155472278595,0.4978599548339844,2.987865686416626,-0.7563830614089966,0.5746299624443054,2.8511321544647217,-0.7078235745429993,0.9146557450294495,2.9240646362304688,-0.7922189235687256,1.0212198495864868,2.9060659408569336,-0.17532634735107422,-0.044806092977523804,3.112752676010132,-0.1713402271270752,-0.09535311162471771,3.1222739219665527,-0.12156369537115097,-0.12596742808818817,3.1345834732055664,-0.016184762120246887,-0.08796686679124832,3.163619041442871,-0.1676991879940033,-0.12186823785305023,3.1756608486175537,-0.14690199494361877,-0.07635246962308884,3.2800045013427734,-0.4354971647262573,1.011745810508728,2.728100299835205,-0.6635053157806396,0.9924762845039368,2.9543750286102295
-0.32629239559173584,0.5022984743118286,2.9325828552246094,-0.2628708779811859,0.3754366636276245,3.000133514404297,-0.2007683366537094,0.24811586737632751,3.068045139312744,-0.13866393268108368,0.12079125642776489,3.1359589099884033,-0.10535924136638641,0.12153860926628113,3.1088790893554688,0.006609193980693817,0.12642690539360046,3.015653133392334,-0.11137541383504868,0.3309634327888489,2.903169631958008,-0.2700963020324707,0.4344589412212372,2.7378108501434326,-0.30184048414230347,0.4551580548286438,2.7047390937805176,-0.365328848361969,0.49655625224113464,2.6385955810546875,-0.3780885338783264,0.47253385186195374,2.7123048305511475,-0.17129364609718323,0.11866006255149841,3.1637768745422363,-0.28326207399368286,0.11377177387475967,3.257002830505371,-0.4280826449394226,0.32147130370140076,3.1914589405059814,-0.6140937805175781,0.42214125394821167,3.0553979873657227,-0.6512960195541382,0.4422752559185028,3.0281858444213867,-0.7257004380226135,0.4825432300567627,2.973761558532715,-0.6491547226905823,0.4760541617870331,2.957282304763794,-0.2592927813529968,0.5064042210578918,2.877389430999756,-0.5169140100479126,0.6004784107208252,2.5930094718933105,-0.46949994564056396,0.9370940923690796,2.6811723709106445,-0.5258252620697021,1.0504486560821533,2.6283884048461914,-0.39329200983047485,0.4981927275657654,2.987776279449463,-0.7557790875434875,0.57465660572052,2.850491523742676,-0.7071728110313416,0.9147546291351318,2.9233040809631348,-0.7915217280387878,1.0213549137115479,2.905148983001709,-0.17529955506324768,-0.0443740040063858,3.1125142574310303,-0.17151525616645813,-0.09492148458957672,3.122119188308716,-0.12184922397136688,-0.12572941184043884,3.1343963146209717,-0.016254335641860962,-0.08813299238681793,3.1631791591644287,-0.16789475083351135,-0.1213572546839714,3.1755475997924805,-0.1467166543006897,-0.07574522495269775,3.2797746658325195,-0.43492016196250916,1.01151442527771,2.7281546592712402,-0.6628544330596924,0.9925872087478638,2.9536266326904297
-0.3259965777397156,0.502632200717926,2.9322874546051025,-0.2625058889389038,0.3757936954498291,2.9998183250427246,-0.20034259557724,0.2484959363937378,3.067718982696533,-0.13817743957042694,0.12119436264038086,3.1356215476989746,-0.10489436984062195,0.12193514406681061,3.1085147857666016,0.007021136581897736,0.12680165469646454,3.01517915725708,-0.11116600036621094,0.3313412666320801,2.9027342796325684,-0.27006855607032776,0.4349554181098938,2.737511396408081,-0.3018490672111511,0.455678254365921,2.7044668197631836,-0.36541008949279785,0.4971238970756531,2.6383776664733887,-0.3781101107597351,0.4730677306652069,2.712110757827759,-0.1707848608493805,0.11906997859477997,3.163466453552246,-0.2827003598213196,0.11420346796512604,3.2568020820617676,-0.42902979254722595,0.321327805519104,3.1924924850463867,-0.6165205836296082,0.42053085565567017,3.0572502613067627,-0.654018759727478,0.44037145376205444,3.0302019119262695,-0.7290151119232178,0.4800526797771454,2.976104974746704,-0.6524751782417297,0.4741675555706024,2.9592652320861816,-0.2590181529521942,0.5067600607872009,2.8770692348480225,-0.5163034200668335,0.6005749106407166,2.592247724533081,-0.468718558549881,0.9370040893554688,2.6811599731445312,-0.5248777866363525,1.0505235195159912,2.6285197734832764,-0.39297500252723694,0.49850431084632874,2.9875056743621826,-0.7553955316543579,0.5746473670005798,2.849760055541992,-0.7064606547355652,0.9146815538406372,2.9228105545043945,-0.7906798720359802,1.0213981866836548,2.9046385288238525,-0.17548376321792603,-0.043859079480171204,3.1124022006988525,-0.1718866527080536,-0.09441191703081131,3.122061014175415,-0.12232660502195358,-0.1254008263349533,3.134321689605713,-0.016551613807678223,-0.08818323165178299,3.162952184677124,-0.16831311583518982,-0.12080204486846924,3.1755177974700928,-0.146846741437912,-0.07515334337949753,3.2796742916107178,-0.4341371953487396,1.0113073587417603,2.728344202041626,-0.662075936794281,0.9924541115760803,2.9532179832458496
-0.3260132670402527,0.5027430653572083,2.9324111938476562,-0.26244455575942993,0.3759079575538635,2.999875068664551,-0.20020103454589844,0.24861446022987366,3.0677101612091064,-0.1379556655883789,0.12131714820861816,3.135547399520874,-0.10470704734325409,0.12205342948436737,3.108398199081421,0.007116310298442841,0.12690572440624237,3.0148978233337402,-0.11102943867444992,0.3315431475639343,2.902416706085205,-0.2700164318084717,0.4351358413696289,2.737154245376587,-0.30181384086608887,0.4558543860912323,2.704101800918579,-0.36540862917900085,0.4972914457321167,2.6379969120025635,-0.3780871331691742,0.473278284072876,2.711771249771118,-0.17052774131298065,0.1191972941160202,3.163433790206909,-0.2823511064052582,0.1143449991941452,3.25693416595459,-0.42963770031929016,0.32127922773361206,3.1939122676849365,-0.6181566119194031,0.4199296534061432,3.0595669746398926,-0.655860424041748,0.4396597445011139,3.032697916030884,-0.7312679886817932,0.4791198968887329,2.978959798812866,-0.654748260974884,0.4736088514328003,2.961801767349243,-0.25909364223480225,0.5068736672401428,2.8771209716796875,-0.5165830254554749,0.6004459857940674,2.592344284057617,-0.4686185419559479,0.9368106126785278,2.681447982788086,-0.524712324142456,1.0504285097122192,2.628911256790161,-0.3929328918457031,0.4986124634742737,2.987701416015625,-0.7552617788314819,0.574461817741394,2.8494298458099365,-0.7061219811439514,0.9145197868347168,2.9224164485931396,-0.7902457118034363,1.0213093757629395,2.904118299484253,-0.17587056756019592,-0.04361402988433838,3.1123814582824707,-0.172440305352211,-0.09418107569217682,3.1220405101776123,-0.12297332286834717,-0.1253448724746704,3.1342482566833496,-0.01703047752380371,-0.08849577605724335,3.1627583503723145,-0.16889925301074982,-0.12058109045028687,3.1754977703094482,-0.14715394377708435,-0.0749984085559845,3.279632091522217,-0.43393245339393616,1.0110595226287842,2.72866153717041,-0.6617007851600647,0.9922759532928467,2.9528446197509766
-0.326136976480484,0.5029884576797485,2.9329121112823486,-0.2625630795955658,0.3761032521724701,3.000279426574707,-0.20028814673423767,0.2487597018480301,3.0679941177368164,-0.13801135122776031,0.12141233682632446,3.1357109546661377,-0.10480310022830963,0.12213575839996338,3.1085116863250732,0.006909556686878204,0.12694644927978516,3.0148203372955322,-0.11109305918216705,0.3316977024078369,2.902221441268921,-0.27015170454978943,0.43513643741607666,2.7368216514587402,-0.3019634485244751,0.45582419633865356,2.7037417888641357,-0.36558690667152405,0.497199684381485,2.6375818252563477,-0.3782488703727722,0.4732937216758728,2.7114176750183105,-0.17054271697998047,0.11930480599403381,3.1636462211608887,-0.2822553813457489,0.11449411511421204,3.2573375701904297,-0.4300220012664795,0.32176440954208374,3.1962618827819824,-0.6193007230758667,0.4212583005428314,3.0634806156158447,-0.6571564674377441,0.4411570727825165,3.036924362182617,-0.732867956161499,0.4809546172618866,2.983811855316162,-0.6564154028892517,0.4755628705024719,2.966218948364258,-0.2592729330062866,0.507097601890564,2.8775525093078613,-0.5161834359169006,0.6003774404525757,2.592129945755005,-0.46851569414138794,0.9368512630462646,2.681051015853882,-0.5245340466499329,1.0504117012023926,2.6282918453216553,-0.3930010199546814,0.4988793432712555,2.988271713256836,-0.7552165389060974,0.5742784142494202,2.849400758743286,-0.7062863707542419,0.9144880771636963,2.9219062328338623,-0.7904297113418579,1.0212234258651733,2.9033315181732178,-0.1764993816614151,-0.04338282346725464,3.112438917160034,-0.17323550581932068,-0.09397181868553162,3.122058868408203,-0.12386506795883179,-0.1253143846988678,3.134219169616699,-0.01777656376361847,-0.0888436883687973,3.162705183029175,-0.16975688934326172,-0.12042567878961563,3.1754982471466064,-0.1478034108877182,-0.0749923437833786,3.2796623706817627,-0.4339536428451538,1.0111557245254517,2.7282776832580566,-0.6619285345077515,0.9923128485679626,2.952266216278076
-0.3262145519256592,0.5030903816223145,2.9336435794830322,-0.2625846564769745,0.3761519193649292,3.0008609294891357,-0.20025523006916046,0.24875396490097046,3.0684266090393066,-0.1379239410161972,0.1213521957397461,3.1359941959381104,-0.10476505756378174,0.12206476926803589,3.108733892440796,0.006806656718254089,0.1268407702445984,3.0148141384124756,-0.11138657480478287,0.3314042091369629,2.9018704891204834,-0.2709893584251404,0.43367451429367065,2.736140251159668,-0.3029099106788635,0.45412856340408325,2.7029941082000732,-0.3667510151863098,0.49503669142723083,2.636702060699463,-0.37924617528915405,0.47147858142852783,2.7107062339782715,-0.17040535807609558,0.11925491690635681,3.1639890670776367,-0.2819770574569702,0.11447890847921371,3.257908821105957,-0.4299449920654297,0.322416752576828,3.1992621421813965,-0.6197704076766968,0.4240344762802124,3.0687289237976074,-0.6577354669570923,0.4443580210208893,3.0426223278045654,-0.7336656451225281,0.48500511050224304,2.9904091358184814,-0.6573264002799988,0.47950369119644165,2.9722495079040527,-0.25942444801330566,0.5072078704833984,2.8781938552856445,-0.5159509181976318,0.599960446357727,2.592203140258789,-0.4684365391731262,0.936526894569397,2.680985450744629,-0.5243830680847168,1.0500600337982178,2.628058433532715,-0.3930046558380127,0.49897292256355286,2.98909330368042,-0.7550851106643677,0.5738483667373657,2.8494834899902344,-0.7062413692474365,0.9141650199890137,2.921703577041626,-0.7903569936752319,1.0208953619003296,2.902881145477295,-0.1770557165145874,-0.043264374136924744,3.1124355792999268,-0.17398320138454437,-0.09388676285743713,3.1219639778137207,-0.12472604960203171,-0.12544327974319458,3.1340532302856445,-0.018480956554412842,-0.08942938596010208,3.1625735759735107,-0.17058955132961273,-0.12045218050479889,3.175358772277832,-0.1484275460243225,-0.07528796046972275,3.2796058654785156,-0.4339495599269867,1.0108712911605835,2.728221893310547,-0.6619216203689575,0.9920271635055542,2.9520511627197266
-0.32647716999053955,0.5031137466430664,2.934347629547119,-0.2627839744091034,0.3760989308357239,3.0013647079467773,-0.20038995146751404,0.24862484633922577,3.0687310695648193,-0.13799405097961426,0.12114694714546204,3.1360995769500732,-0.10488858819007874,0.1218576431274414,3.1087734699249268,0.00652756541967392,0.12662985920906067,3.01461124420166,-0.11152759939432144,0.3312597870826721,2.9014546871185303,-0.27146002650260925,0.4324988126754761,2.735290288925171,-0.303446501493454,0.4527466297149658,2.702057361602783,-0.3674194812774658,0.4932422637939453,2.635591745376587,-0.37983259558677673,0.4700028598308563,2.7097363471984863,-0.17042136192321777,0.11905071139335632,3.1641578674316406,-0.281837522983551,0.11427848786115646,3.2583200931549072,-0.42983779311180115,0.3230613172054291,3.202458620071411,-0.6200271844863892,0.4276925027370453,3.074714183807373,-0.6580650806427002,0.44861873984336853,3.0491652488708496,-0.7341408133506775,0.490471214056015,2.998067617416382,-0.6579553484916687,0.4847152531147003,2.9792466163635254,-0.2597925662994385,0.5072281956672668,2.8787684440612793,-0.5164897441864014,0.5993483066558838,2.5926475524902344,-0.46864551305770874,0.9359761476516724,2.6812212467193604,-0.5245304703712463,1.0495412349700928,2.6282460689544678,-0.3931617736816406,0.49899929761886597,2.989926815032959,-0.7551404237747192,0.5734562873840332,2.849668502807617,-0.7061141729354858,0.9138550758361816,2.9216251373291016,-0.7901366353034973,1.0206471681594849,2.9025938510894775,-0.17769385874271393,-0.0432942658662796,3.1121718883514404,-0.17479638755321503,-0.09395188838243484,3.121589422225952,-0.12564541399478912,-0.12570711970329285,3.1336135864257812,-0.019270941615104675,-0.09011988341808319,3.162224292755127,-0.171498641371727,-0.12064898759126663,3.174929618835449,-0.14918842911720276,-0.07578852772712708,3.2792863845825195,-0.43406912684440613,1.0103304386138916,2.7284042835235596,-0.6617646217346191,0.9917239546775818,2.9519543647766113
-0.32669663429260254,0.5032017827033997,2.9346745014190674,-0.26295989751815796,0.3761599063873291,3.001600742340088,-0.2005181908607483,0.24865902960300446,3.0688741207122803,-0.1380746066570282,0.12115432322025299,3.1361494064331055,-0.10499109327793121,0.12187235057353973,3.1087965965270996,0.006380192935466766,0.12667129933834076,3.014519214630127,-0.11204582452774048,0.33101439476013184,2.9010584354400635,-0.2726861238479614,0.43047910928726196,2.7343966960906982,-0.3048141896724701,0.45037204027175903,2.701064348220825,-0.36907029151916504,0.49015793204307556,2.634399652481079,-0.38129371404647827,0.46732252836227417,2.7087249755859375,-0.1704794466495514,0.11905048787593842,3.164233446121216,-0.2818507254123688,0.1142515316605568,3.2585108280181885,-0.43036991357803345,0.3230240046977997,3.2036449909210205,-0.6209765672683716,0.428195983171463,3.0768277645111084,-0.6590979099273682,0.4492303729057312,3.051464319229126,-0.7353405952453613,0.4912991523742676,3.000737428665161,-0.6591796875,0.48565465211868286,2.9816904067993164,-0.26003357768058777,0.5073535442352295,2.8790693283081055,-0.5159660577774048,0.5992816686630249,2.592162847518921,-0.4683707654476166,0.9358777403831482,2.6810922622680664,-0.5241063833236694,1.0494849681854248,2.628024101257324,-0.3933596909046173,0.4990500509738922,2.9902796745300293,-0.755230188369751,0.5734208822250366,2.849616050720215,-0.7059326171875,0.9137529730796814,2.9218273162841797,-0.7898390293121338,1.020646572113037,2.9027817249298096,-0.17797936499118805,-0.04315921664237976,3.111633062362671,-0.1751425713300705,-0.09385636448860168,3.12086820602417,-0.12602674961090088,-0.12571612000465393,3.1327733993530273,-0.01960083842277527,-0.09036007523536682,3.1615021228790283,-0.17187175154685974,-0.1207505464553833,3.174114465713501,-0.14949503540992737,-0.07629096508026123,3.278634548187256,-0.43392711877822876,1.0102074146270752,2.7284247875213623,-0.6615312695503235,0.9915657639503479,2.9522461891174316
-0.3267208933830261,0.5029518008232117,2.934316873550415,-0.26302844285964966,0.3759005069732666,3.001268148422241,-0.20061516761779785,0.24839100241661072,3.068552255630493,-0.13820001482963562,0.12087768316268921,3.135838508605957,-0.10510347783565521,0.12160062789916992,3.108501434326172,0.006347991526126862,0.12641800940036774,3.014247417449951,-0.11266693472862244,0.33040329813957214,2.9006080627441406,-0.27419358491897583,0.42773979902267456,2.733452320098877,-0.3064989149570465,0.44720709323883057,2.700021266937256,-0.37110957503318787,0.4861416816711426,2.6331589221954346,-0.3830963671207428,0.4637167453765869,2.7076683044433594,-0.1706181764602661,0.11876881122589111,3.1639068126678467,-0.2820696532726288,0.1139514371752739,3.2581608295440674,-0.43151429295539856,0.32186684012413025,3.2022509574890137,-0.6226251721382141,0.4249713122844696,3.0743744373321533,-0.6608473658561707,0.4455921947956085,3.0487990379333496,-0.737291693687439,0.48683398962020874,2.9976484775543213,-0.6610344052314758,0.4816030263900757,2.9787890911102295,-0.26001161336898804,0.5071209669113159,2.8787665367126465,-0.514548659324646,0.5986799001693726,2.590498208999634,-0.46788641810417175,0.9354978799819946,2.679095983505249,-0.5235099196434021,1.048936367034912,2.6255476474761963,-0.3934301733970642,0.4987826347351074,2.9898672103881836,-0.755282461643219,0.5730443000793457,2.8490874767303467,-0.7060633301734924,0.9134485721588135,2.921029806137085,-0.7899874448776245,1.0203115940093994,2.9018805027008057,-0.17769759893417358,-0.043488532304763794,3.1109728813171387,-0.17474061250686646,-0.09419924765825272,3.1201064586639404,-0.12554976344108582,-0.12596476078033447,3.131964921951294,-0.01921635866165161,-0.09040706604719162,3.1608047485351562,-0.17142315208911896,-0.12119463831186295,3.1733009815216064,-0.1491909772157669,-0.0768916979432106,3.277923345565796,-0.4337911605834961,1.0099577903747559,2.726478099822998,-0.6616822481155396,0.9912956357002258,2.9513936042785645
-0.32697421312332153,0.5032037496566772,2.9344000816345215,-0.26321661472320557,0.37609660625457764,3.0011942386627197,-0.2007407695055008,0.24853111803531647,3.0683250427246094,-0.1382630467414856,0.12096180021762848,3.135457992553711,-0.10519220679998398,0.12170369923114777,3.108088254928589,0.006231635808944702,0.12658926844596863,3.013674736022949,-0.11270314455032349,0.33092281222343445,2.9003634452819824,-0.27476680278778076,0.4268978238105774,2.7328059673309326,-0.3071795403957367,0.446092814207077,2.6992945671081543,-0.37200498580932617,0.4844828248023987,2.6322715282440186,-0.3838687539100647,0.46232229471206665,2.706908941268921,-0.17065483331680298,0.11883337795734406,3.163557291030884,-0.28207868337631226,0.1139478087425232,3.2579708099365234,-0.43196356296539307,0.32144695520401,3.201263189315796,-0.6232575178146362,0.42360520362854004,3.0727264881134033,-0.6615163087844849,0.4440368413925171,3.0470192432403564,-0.7380338907241821,0.4849001467227936,2.9956045150756836,-0.661709725856781,0.47981613874435425,2.9768590927124023,-0.26033151149749756,0.5073981285095215,2.8787689208984375,-0.5147828459739685,0.5988271236419678,2.5903139114379883,-0.46806079149246216,0.9356204271316528,2.679152727127075,-0.5236346125602722,1.0491220951080322,2.6256418228149414,-0.3936169147491455,0.4990094006061554,2.9900312423706055,-0.7555551528930664,0.5733392238616943,2.8493659496307373,-0.7063170671463013,0.9137767553329468,2.921358108520508,-0.7902608513832092,1.020654320716858,2.902249574661255,-0.17724186182022095,-0.04354344308376312,3.1106204986572266,-0.17409910261631012,-0.09424851834774017,3.119741201400757,-0.12478019297122955,-0.12585091590881348,3.1315221786499023,-0.018518880009651184,-0.08993525803089142,3.160212516784668,-0.17061109840869904,-0.12124323844909668,3.172929525375366,-0.14837312698364258,-0.07688017934560776,3.2775330543518066,-0.4339621663093567,1.0100510120391846,2.726602554321289,-0.6619231104850769,0.9916300773620605,2.9517250061035156
-0.32681310176849365,0.5031276345252991,2.934006929397583,-0.2630710303783417,0.3759581446647644,3.0007004737854004,-0.2006230652332306,0.24832911789417267,3.067739725112915,-0.13817322254180908,0.12069627642631531,3.1347811222076416,-0.10508852452039719,0.12146587669849396,3.1074283123016357,0.006409257650375366,0.12644806504249573,3.013051748275757,-0.11229746043682098,0.3314492404460907,2.9006710052490234,-0.274219810962677,0.428419828414917,2.733525514602661,-0.3066042959690094,0.4478139579296112,2.700096368789673,-0.3713732361793518,0.48660218715667725,2.6332383155822754,-0.38328292965888977,0.4640911817550659,2.7077691555023193,-0.170579195022583,0.1185394674539566,3.1628623008728027,-0.28207698464393616,0.11355727165937424,3.2572388648986816,-0.43230217695236206,0.32013118267059326,3.198028802871704,-0.6234835982322693,0.4194532632827759,3.067091703414917,-0.6617198586463928,0.4393176734447479,3.0409042835235596,-0.7381924390792847,0.4790465235710144,2.9885294437408447,-0.6617131233215332,0.4742684066295624,2.9703218936920166,-0.26013925671577454,0.5073930025100708,2.8784167766571045,-0.5141656398773193,0.5990294814109802,2.58964467048645,-0.46801522374153137,0.935740053653717,2.6791152954101562,-0.5236281156539917,1.0492627620697021,2.6256840229034424,-0.39348694682121277,0.49886229634284973,2.9895970821380615,-0.7556437253952026,0.5736967325210571,2.8497462272644043,-0.7067080140113831,0.9140430688858032,2.9223999977111816,-0.7908087372779846,1.020862340927124,2.9036428928375244,-0.17679215967655182,-0.043979525566101074,3.1104538440704346,-0.17353330552577972,-0.09465216845273972,3.1197285652160645,-0.1241380050778389,-0.1261097639799118,3.1315929889678955,-0.01794414222240448,-0.08986721932888031,3.160146951675415,-0.16997072100639343,-0.12147840857505798,3.1730005741119385,-0.14780354499816895,-0.07674503326416016,3.27746844291687,-0.4340941309928894,1.0101360082626343,2.7267491817474365,-0.6623625159263611,0.9918854236602783,2.9528703689575195
-0.3266943097114563,0.5031833052635193,2.933915138244629,-0.2629495859146118,0.3759985566139221,3.0005815029144287,-0.20048518478870392,0.2483540177345276,3.067580223083496,-0.1380189061164856,0.12070564925670624,3.1345810890197754,-0.10491611808538437,0.12150849401950836,3.107250213623047,0.006666839122772217,0.12660527229309082,3.0129292011260986,-0.11176609247922897,0.3321607708930969,2.9012439250946045,-0.2732556164264679,0.4306845963001251,2.734570026397705,-0.30555352568626404,0.4503893554210663,2.701235294342041,-0.3701493442058563,0.4897988736629486,2.634565591812134,-0.38219428062438965,0.4668458104133606,2.7089438438415527,-0.17044278979301453,0.11851544678211212,3.162639856338501,-0.2820257544517517,0.11341866850852966,3.256960868835449,-0.4322928190231323,0.31913822889328003,3.1948940753936768,-0.6230075359344482,0.4153133034706116,3.0609378814697266,-0.6611504554748535,0.4345483183860779,3.034146547317505,-0.7374363541603088,0.4730183482170105,2.9805641174316406,-0.6607553958892822,0.4685860872268677,2.96311616897583,-0.2599450349807739,0.5075497627258301,2.8784213066101074,-0.5130667090415955,0.5987670421600342,2.5886738300323486,-0.46777039766311646,0.9353073239326477,2.6793413162231445,-0.5233430862426758,1.0489177703857422,2.6260221004486084,-0.39344358444213867,0.4988168478012085,2.9894089698791504,-0.7557389736175537,0.5741931200027466,2.8501062393188477,-0.7073631286621094,0.914555549621582,2.92321515083313,-0.7916771769523621,1.0212589502334595,2.904665231704712,-0.17671895027160645,-0.043993085622787476,3.1104540824890137,-0.17347879707813263,-0.0946599543094635,3.1197869777679443,-0.12408988177776337,-0.12612730264663696,3.1316733360290527,-0.017864108085632324,-0.08989498019218445,3.1601545810699463,-0.16991102695465088,-0.12142807245254517,3.1730926036834717,-0.14769069850444794,-0.07658051699399948,3.2775092124938965,-0.4341473877429962,1.0096173286437988,2.727336883544922,-0.6631331443786621,0.9924418926239014,2.953768014907837
-0.32651373744010925,0.502743124961853,2.9333012104034424,-0.26285243034362793,0.37553149461746216,3.0000014305114746,-0.2004639208316803,0.24785998463630676,3.0670249462127686,-0.13807353377342224,0.12018464505672455,3.1340503692626953,-0.10492749512195587,0.12101086974143982,3.106771945953369,0.006825953722000122,0.12618881464004517,3.0126099586486816,-0.11178504675626755,0.3318243622779846,2.901237964630127,-0.2733481824398041,0.4305415749549866,2.7347350120544434,-0.30566081404685974,0.45028501749038696,2.701434373855591,-0.3702860474586487,0.48977190256118774,2.634833335876465,-0.3823147416114807,0.46667975187301636,2.709174394607544,-0.17054148018360138,0.11797073483467102,3.162057399749756,-0.2822949290275574,0.11279279738664627,3.2562193870544434,-0.43245071172714233,0.31766024231910706,3.1910974979400635,-0.6226648688316345,0.4102005958557129,3.0538904666900635,-0.6607077121734619,0.42870867252349854,3.026448965072632,-0.7367933988571167,0.4657248258590698,2.9715662002563477,-0.6599127054214478,0.4616653025150299,2.9549105167388916,-0.25966203212738037,0.5071670413017273,2.877932548522949,-0.511590301990509,0.5981670022010803,2.587015151977539,-0.4673548936843872,0.9347974061965942,2.678032159805298,-0.5228939056396484,1.0483366250991821,2.6244847774505615,-0.39336544275283813,0.49831920862197876,2.9886698722839355,-0.7556279897689819,0.5740227103233337,2.8493266105651855,-0.7080894708633423,0.9145987629890442,2.922189235687256,-0.7926512360572815,1.0211015939712524,2.9034945964813232,-0.1765500009059906,-0.04466649889945984,3.1104037761688232,-0.17325811088085175,-0.09530777484178543,3.1199049949645996,-0.12383613735437393,-0.12668141722679138,3.1319520473480225,-0.017670080065727234,-0.09022094309329987,3.16044545173645,-0.16971932351589203,-0.12190461903810501,3.173309564590454,-0.14767242968082428,-0.07668669521808624,3.27762508392334,-0.4340967535972595,1.009161114692688,2.7262203693389893,-0.6640560626983643,0.9926231503486633,2.9527084827423096
-0.3262537121772766,0.5027271509170532,2.9324450492858887,-0.26270633935928345,0.37545716762542725,2.9991495609283447,-0.20042762160301208,0.24772672355175018,3.0661697387695312,-0.1381470263004303,0.1199924647808075,3.1331918239593506,-0.10495445877313614,0.1208425909280777,3.1059694290161133,0.006976611912250519,0.12610384821891785,3.011984348297119,-0.11183831095695496,0.33188942074775696,2.90109920501709,-0.2733672857284546,0.43124914169311523,2.734940528869629,-0.30567309260368347,0.45112109184265137,2.7017087936401367,-0.37028467655181885,0.49086496233940125,2.6352453231811523,-0.3823290467262268,0.46748918294906616,2.709496259689331,-0.17066270112991333,0.1177540272474289,3.1611428260803223,-0.2825937867164612,0.11249277740716934,3.2551279067993164,-0.432662695646286,0.31646838784217834,3.187058210372925,-0.6224682331085205,0.4050408601760864,3.046696186065674,-0.6604293584823608,0.4227553606033325,3.0186238288879395,-0.7363516092300415,0.4581843614578247,2.9624791145324707,-0.6592904925346375,0.45455875992774963,2.946568727493286,-0.25930333137512207,0.5071991086006165,2.8771958351135254,-0.5100060105323792,0.5977452397346497,2.5850179195404053,-0.4670582711696625,0.9347215890884399,2.6755292415618896,-0.5226315259933472,1.0480170249938965,2.621462345123291,-0.39320409297943115,0.49825519323349,2.987694263458252,-0.7555670738220215,0.5739202499389648,2.8484597206115723,-0.708713710308075,0.9146944284439087,2.921037435531616,-0.7935034036636353,1.0210210084915161,2.902254343032837,-0.1761789321899414,-0.045157819986343384,3.1104612350463867,-0.1727769374847412,-0.09575151652097702,3.1202785968780518,-0.12328077852725983,-0.12693896889686584,3.1326136589050293,-0.01722097396850586,-0.09002546221017838,3.1610987186431885,-0.16927243769168854,-0.12202604860067368,3.173870086669922,-0.1475306898355484,-0.07610553503036499,3.277991533279419,-0.4342179596424103,1.009281873703003,2.723721981048584,-0.6648327112197876,0.9928436279296875,2.951491117477417
-0.3261103332042694,0.5026447772979736,2.9317994117736816,-0.26259517669677734,0.3753701150417328,2.998530626296997,-0.20036709308624268,0.24763602018356323,3.065595865249634,-0.13813713192939758,0.11989809572696686,3.1326630115509033,-0.10492463409900665,0.12074741721153259,3.105463981628418,0.007086664438247681,0.12600652873516083,3.0115480422973633,-0.11203675717115402,0.3316507339477539,2.900712490081787,-0.2738754451274872,0.43053197860717773,2.734557867050171,-0.3062431812286377,0.450308233499527,2.701326847076416,-0.3709786534309387,0.4898607134819031,2.6348650455474854,-0.38292640447616577,0.46654173731803894,2.7091519832611084,-0.17067328095436096,0.11766040325164795,3.160590887069702,-0.2826845645904541,0.11240129917860031,3.254506826400757,-0.4327482283115387,0.3153638541698456,3.1834325790405273,-0.6221901774406433,0.39987242221832275,3.0400915145874023,-0.6600785851478577,0.4167741537094116,3.011423349380493,-0.7358553409576416,0.45057758688926697,2.954087018966675,-0.658635675907135,0.4473831355571747,2.9388554096221924,-0.2591324746608734,0.5071170330047607,2.8765792846679688,-0.5098610520362854,0.5975977182388306,2.584383726119995,-0.46725329756736755,0.9348646402359009,2.6740193367004395,-0.5229472517967224,1.0479661226272583,2.6196587085723877,-0.3930881917476654,0.49817249178886414,2.9870195388793945,-0.7554519176483154,0.5737305283546448,2.8476877212524414,-0.7087332606315613,0.9145709872245789,2.9201035499572754,-0.7935603260993958,1.0208616256713867,2.9012486934661865,-0.17601385712623596,-0.04547685384750366,3.1108248233795166,-0.17256440222263336,-0.09603171795606613,3.120927095413208,-0.12302281707525253,-0.12711387872695923,3.1334564685821533,-0.016968131065368652,-0.08992481231689453,3.1617844104766846,-0.1690516173839569,-0.12201599031686783,3.17468523979187,-0.14738309383392334,-0.07548075914382935,3.2785987854003906,-0.43448606133461,1.0095864534378052,2.722018241882324,-0.6648846864700317,0.9927542805671692,2.9505271911621094
-0.32585346698760986,0.5027061700820923,2.9316258430480957,-0.26237478852272034,0.37543320655822754,2.998398542404175,-0.200201615691185,0.24770265817642212,3.0655248165130615,-0.13802658021450043,0.11996828019618988,3.132652997970581,-0.10479359328746796,0.12081301212310791,3.105478286743164,0.007292762398719788,0.12605659663677216,3.0116403102874756,-0.1118243932723999,0.3317582607269287,2.9008214473724365,-0.27363067865371704,0.43066346645355225,2.734598159790039,-0.3059919476509094,0.4504445195198059,2.7013535499572754,-0.3707144558429718,0.49000659584999084,2.634864330291748,-0.38269323110580444,0.46665871143341064,2.709148406982422,-0.1705837994813919,0.11773523688316345,3.160557508468628,-0.28267014026641846,0.1124916523694992,3.2543954849243164,-0.4326283931732178,0.3146020174026489,3.1805927753448486,-0.621671199798584,0.39548635482788086,3.0345988273620605,-0.6594797372817993,0.4116632342338562,3.0053999423980713,-0.7350968718528748,0.4440169632434845,2.947002410888672,-0.6577350497245789,0.4411846995353699,2.9323782920837402,-0.25884199142456055,0.5071772933006287,2.8764424324035645,-0.5099459290504456,0.5982248783111572,2.5847432613372803,-0.4673430323600769,0.9354636669158936,2.674492835998535,-0.5231515169143677,1.0485724210739136,2.6202633380889893,-0.3928649425506592,0.4982350468635559,2.986809253692627,-0.7553635835647583,0.5740610361099243,2.8479697704315186,-0.7085545659065247,0.9147680401802063,2.9209606647491455,-0.7933946251869202,1.0210978984832764,2.9023826122283936,-0.176051065325737,-0.04546678066253662,3.1111416816711426,-0.17265520989894867,-0.09601719677448273,3.1213600635528564,-0.1231377050280571,-0.12712673842906952,3.1339991092681885,-0.017039448022842407,-0.08996321260929108,3.162334680557251,-0.16920650005340576,-0.1218944787979126,3.1751930713653564,-0.14756768941879272,-0.07513847947120667,3.2790513038635254,-0.434539258480072,1.0101736783981323,2.7224857807159424,-0.6646715402603149,0.9928937554359436,2.951483726501465
-0.325785368680954,0.5024468302726746,2.9313127994537354,-0.2623598575592041,0.37523365020751953,2.9982502460479736,-0.20023632049560547,0.24756407737731934,3.0655388832092285,-0.1381109207868576,0.11989067494869232,3.132829427719116,-0.10484808683395386,0.12072184681892395,3.1056907176971436,0.00734199583530426,0.12591812014579773,3.0119714736938477,-0.11195710301399231,0.33148831129074097,2.9010114669799805,-0.2740161120891571,0.42963629961013794,2.7345285415649414,-0.306427925825119,0.44926589727401733,2.7012319564819336,-0.37125152349472046,0.4885250926017761,2.634638786315918,-0.3831777274608612,0.46532467007637024,2.7089900970458984,-0.17069852352142334,0.11767187714576721,3.1606996059417725,-0.28288859128952026,0.11247559636831284,3.2544188499450684,-0.43245965242385864,0.3140319287776947,3.1782147884368896,-0.6209505796432495,0.39207619428634644,3.029914379119873,-0.6586487293243408,0.4076850414276123,3.0002543926239014,-0.7340450882911682,0.43890273571014404,2.940934181213379,-0.6565613150596619,0.43628406524658203,2.9268627166748047,-0.2587112486362457,0.5068888068199158,2.876199722290039,-0.5094645023345947,0.5986263751983643,2.584411382675171,-0.4669724702835083,0.9359931945800781,2.673740863800049,-0.5227451324462891,1.0490235090255737,2.619309186935425,-0.39285948872566223,0.49800485372543335,2.9864258766174316,-0.7553917169570923,0.5742228031158447,2.8478810787200928,-0.7083651423454285,0.9148485660552979,2.9211225509643555,-0.7931623458862305,1.0212374925613403,2.902681350708008,-0.1761629283428192,-0.04559503495693207,3.1114110946655273,-0.17280006408691406,-0.09614929556846619,3.121687412261963,-0.12330161035060883,-0.1272704154253006,3.134443998336792,-0.017212271690368652,-0.09010417759418488,3.1629292964935303,-0.16944986581802368,-0.12198123335838318,3.175565481185913,-0.14796562492847443,-0.07511816918849945,3.27944016456604,-0.43421757221221924,1.0107719898223877,2.721661329269409,-0.6644238829612732,0.9929274916648865,2.951683521270752
-0.3255196809768677,0.502501904964447,2.931412696838379,-0.26218539476394653,0.375278115272522,2.998417615890503,-0.2001619189977646,0.24759332835674286,3.0657708644866943,-0.1381365954875946,0.11990471184253693,3.1331262588500977,-0.1048583835363388,0.12071284651756287,3.1060054302215576,0.0073894113302230835,0.12583112716674805,3.012343168258667,-0.11219999194145203,0.3310982584953308,2.9011142253875732,-0.2746991217136383,0.42784249782562256,2.7342262268066406,-0.3071989417076111,0.44719135761260986,2.7008485794067383,-0.37219858169555664,0.4858890473842621,2.6340935230255127,-0.3840106725692749,0.4629881680011749,2.7085585594177246,-0.17074064910411835,0.11770874261856079,3.1609790325164795,-0.28298842906951904,0.11259046941995621,3.25464129447937,-0.431671679019928,0.31464874744415283,3.1780002117156982,-0.6196061372756958,0.39313769340515137,3.029214859008789,-0.6571930646896362,0.4088354706764221,2.999457836151123,-0.7323668599128723,0.440231055021286,2.939943552017212,-0.6548601984977722,0.43734586238861084,2.9260361194610596,-0.258396714925766,0.5069193840026855,2.876354455947876,-0.5085744857788086,0.5988747477531433,2.584134578704834,-0.466767281293869,0.9365566968917847,2.672609329223633,-0.5226024389266968,1.0493521690368652,2.6177518367767334,-0.39264264702796936,0.4980844557285309,2.986470937728882,-0.7551758289337158,0.5743215680122375,2.8479254245758057,-0.7084459662437439,0.9150142669677734,2.921065330505371,-0.7933310270309448,1.0213271379470825,2.9025774002075195,-0.1760246753692627,-0.04571637511253357,3.1119906902313232,-0.1726277768611908,-0.09626403450965881,3.12237811088562,-0.12310008704662323,-0.12732481956481934,3.1352648735046387,-0.01704367995262146,-0.08999118208885193,3.163817882537842,-0.1693210005760193,-0.1219918429851532,3.1763315200805664,-0.1480029672384262,-0.07488106191158295,3.2801735401153564,-0.4342198371887207,1.0115188360214233,2.7203867435455322,-0.6645743250846863,0.9931408762931824,2.9516079425811768
-0.3253205120563507,0.5024089813232422,2.9315402507781982,-0.26206299662590027,0.3751906156539917,2.9986283779144287,-0.20011411607265472,0.24751153588294983,3.066061496734619,-0.13816338777542114,0.11982862651348114,3.1334967613220215,-0.10486260056495667,0.12062577903270721,3.106403112411499,0.007466956973075867,0.12570668756961823,3.012829542160034,-0.11241108179092407,0.33063215017318726,2.901275157928467,-0.27540573477745056,0.4255276620388031,2.7338058948516846,-0.3080046772956848,0.44450676441192627,2.7003121376037598,-0.37320253252983093,0.4824649691581726,2.633324384689331,-0.38489800691604614,0.45995262265205383,2.7079269886016846,-0.17079083621501923,0.11764369904994965,3.161323308944702,-0.28312039375305176,0.11256279051303864,3.254896879196167,-0.4311285614967346,0.3152509033679962,3.178603172302246,-0.6187452673912048,0.39456963539123535,3.0298521518707275,-0.6562685966491699,0.4104333817958832,3.0001020431518555,-0.7313152551651001,0.44216087460517883,2.9406015872955322,-0.653808057308197,0.43907681107521057,2.9267354011535645,-0.2581496238708496,0.5068027973175049,2.8765366077423096,-0.5074774026870728,0.5989096760749817,2.5836222171783447,-0.4665370583534241,0.9369622468948364,2.671124219894409,-0.5224119424819946,1.0494816303253174,2.615732431411743,-0.3924914002418518,0.4980151653289795,2.986543893814087,-0.754926323890686,0.5739917755126953,2.847564458847046,-0.7082297801971436,0.9147362112998962,2.920536756515503,-0.7930898070335388,1.0210490226745605,2.901902675628662,-0.17609694600105286,-0.04581737518310547,3.1122593879699707,-0.17274507880210876,-0.09638150036334991,3.1226515769958496,-0.12324583530426025,-0.1274758279323578,3.1356422901153564,-0.017202556133270264,-0.0901857316493988,3.1644287109375,-0.16956259310245514,-0.1221233606338501,3.176624059677124,-0.1484333872795105,-0.07502038776874542,3.280543565750122,-0.4342653155326843,1.012139916419983,2.7187554836273193,-0.6643775701522827,0.99288010597229,2.9510722160339355
-0.3254281282424927,0.502077579498291,2.9317893981933594,-0.2621413469314575,0.374876469373703,2.9988834857940674,-0.20018431544303894,0.24721753597259521,3.066348075866699,-0.13822542130947113,0.11955477297306061,3.133814811706543,-0.10492977499961853,0.12034144997596741,3.1067144870758057,0.007387436926364899,0.12538646161556244,3.013113021850586,-0.11243886500597,0.33022910356521606,2.901343822479248,-0.27581652998924255,0.42341798543930054,2.733286142349243,-0.3084920644760132,0.44205576181411743,2.699674606323242,-0.37384313344955444,0.4793313145637512,2.6324515342712402,-0.38544970750808716,0.45723146200180054,2.7071921825408936,-0.17084766924381256,0.11738058924674988,3.1616482734680176,-0.2831648886203766,0.11233557760715485,3.2552497386932373,-0.4307098984718323,0.31541892886161804,3.1790997982025146,-0.618170440196991,0.3950118124485016,3.0302934646606445,-0.6556625366210938,0.4109303951263428,3.0005321502685547,-0.7306467294692993,0.44276756048202515,2.941009521484375,-0.6531392335891724,0.43957042694091797,2.9271655082702637,-0.25830817222595215,0.5064242482185364,2.8767189979553223,-0.508143424987793,0.5991365909576416,2.5844149589538574,-0.46668699383735657,0.9371283650398254,2.671945333480835,-0.522570013999939,1.0497238636016846,2.6167078018188477,-0.3925480842590332,0.49773094058036804,2.9868597984313965,-0.7548829317092896,0.5739642381668091,2.847731113433838,-0.7078254818916321,0.914616048336029,2.920947313308716,-0.792559027671814,1.0210405588150024,2.9023489952087402,-0.1764734983444214,-0.04600676894187927,3.1121952533721924,-0.1732340157032013,-0.09660899639129639,3.1224915981292725,-0.12380160391330719,-0.1278350055217743,3.135479211807251,-0.017694920301437378,-0.09080742299556732,3.164468765258789,-0.17016460001468658,-0.12247128039598465,3.176426887512207,-0.14905674755573273,-0.0756102129817009,3.280487298965454,-0.43424052000045776,1.0122604370117188,2.7195346355438232,-0.6638951301574707,0.9926918148994446,2.951552152633667
-0.325084388256073,0.5018405318260193,2.931856870651245,-0.26188603043556213,0.3745293617248535,2.998856782913208,-0.2000226378440857,0.24675612151622772,3.0662221908569336,-0.13815739750862122,0.11897905170917511,3.133589506149292,-0.10486806184053421,0.11975106596946716,3.106475353240967,0.007430277764797211,0.12474828958511353,3.012827157974243,-0.11232379823923111,0.329937219619751,2.9014453887939453,-0.2765975892543793,0.4203236401081085,2.7326271533966064,-0.3094523549079895,0.43840092420578003,2.6988635063171387,-0.37516188621520996,0.47455549240112305,2.631336212158203,-0.38654762506484985,0.45302218198776245,2.706299066543579,-0.17077434062957764,0.11681827902793884,3.161436080932617,-0.28307268023490906,0.11182105541229248,3.255084276199341,-0.4296448230743408,0.31715425848960876,3.182943105697632,-0.6171243190765381,0.40312400460243225,3.037630319595337,-0.6546202301979065,0.42031794786453247,3.0085678100585938,-0.7296120524406433,0.4547058343887329,2.9504425525665283,-0.6522629261016846,0.45061978697776794,2.935842275619507,-0.25797411799430847,0.5061588883399963,2.8767600059509277,-0.5081217288970947,0.5984169840812683,2.5845677852630615,-0.4666968882083893,0.9366719126701355,2.6711223125457764,-0.522683322429657,1.0490961074829102,2.615633726119995,-0.3921946585178375,0.49752217531204224,2.9869537353515625,-0.7544366717338562,0.5729764103889465,2.8471357822418213,-0.7075205445289612,0.9137982130050659,2.919685125350952,-0.7922505140304565,1.0201715230941772,2.9007582664489746,-0.1765565127134323,-0.046704888343811035,3.1121580600738525,-0.1733839213848114,-0.09733095020055771,3.1225526332855225,-0.12396985292434692,-0.12860718369483948,3.135695457458496,-0.017802029848098755,-0.09160774946212769,3.1648452281951904,-0.17043949663639069,-0.12312547117471695,3.176577091217041,-0.14946600794792175,-0.07607622444629669,3.28067684173584,-0.43422645330429077,1.011948823928833,2.7184700965881348,-0.6636385321617126,0.9919477105140686,2.9501771926879883
-0.3250012993812561,0.501488983631134,2.9317831993103027,-0.2618582248687744,0.37409207224845886,2.998685598373413,-0.20004655420780182,0.24623315036296844,3.065948963165283,-0.1382330358028412,0.11837039887905121,3.133214235305786,-0.10494266450405121,0.11914998292922974,3.1060991287231445,0.0073640793561935425,0.1241748109459877,3.012446403503418,-0.11212887614965439,0.3298560380935669,2.9016294479370117,-0.2767553925514221,0.41910460591316223,2.732510566711426,-0.309680700302124,0.4369543194770813,2.6986868381500244,-0.37553131580352783,0.47265374660491943,2.6310393810272217,-0.38683804869651794,0.45131245255470276,2.7060775756835938,-0.17085155844688416,0.11620110273361206,3.1610605716705322,-0.2831583023071289,0.1111762747168541,3.254713296890259,-0.4299125373363495,0.31753018498420715,3.1858294010162354,-0.6179436445236206,0.40694648027420044,3.043290138244629,-0.6555498838424683,0.42482972145080566,3.014782190322876,-0.7307623028755188,0.4605962336063385,2.957766532897949,-0.6535403728485107,0.45628368854522705,2.942528247833252,-0.2578650116920471,0.5058452486991882,2.8767147064208984,-0.5087167024612427,0.5977874398231506,2.584965229034424,-0.467038631439209,0.9355731010437012,2.673374891281128,-0.5230925679206848,1.0483391284942627,2.6186137199401855,-0.3921375870704651,0.49713271856307983,2.986851692199707,-0.7543400526046753,0.5723323822021484,2.846665859222412,-0.7077042460441589,0.9133015275001526,2.9188990592956543,-0.7924988269805908,1.0196105241775513,2.899787187576294,-0.1764838844537735,-0.04747842252254486,3.112224578857422,-0.1732836365699768,-0.09809115529060364,3.122781991958618,-0.12384217977523804,-0.1293001025915146,3.1360950469970703,-0.01770111918449402,-0.092110276222229,3.1652932167053223,-0.170393168926239,-0.12372943758964539,3.1769115924835205,-0.14959558844566345,-0.07632674276828766,3.280940532684326,-0.4344612956047058,1.0105797052383423,2.7210984230041504,-0.6638941168785095,0.9915215373039246,2.949347496032715
-0.3250708281993866,0.5014148354530334,2.931288003921509,-0.26197317242622375,0.37393051385879517,2.998072624206543,-0.20018890500068665,0.24598388373851776,3.065200090408325,-0.1384027749300003,0.11803340911865234,3.1323297023773193,-0.1051005870103836,0.11884738504886627,3.105228900909424,0.007253341376781464,0.12399128079414368,3.011622428894043,-0.11159470677375793,0.33049100637435913,2.9016315937042236,-0.2758715748786926,0.4204726815223694,2.732557773590088,-0.3087269365787506,0.4384690225124359,2.6987431049346924,-0.37443768978118896,0.47446170449256897,2.6311135292053223,-0.38588207960128784,0.4528791606426239,2.7060625553131104,-0.17103344202041626,0.11582879722118378,3.1601600646972656,-0.28338736295700073,0.11068490147590637,3.2537665367126465,-0.4305562973022461,0.3172859251499176,3.186518669128418,-0.6190700531005859,0.40764057636260986,3.0452098846435547,-0.656772792339325,0.4257115125656128,3.0169482231140137,-0.7321783304214478,0.46185338497161865,2.9604246616363525,-0.6550076603889465,0.45764341950416565,2.944896936416626,-0.25789541006088257,0.5058394074440002,2.876267194747925,-0.5087189078330994,0.59716796875,2.584230661392212,-0.4665772616863251,0.9346002340316772,2.673943519592285,-0.5224480628967285,1.0476691722869873,2.6195764541625977,-0.3922462463378906,0.49699023365974426,2.9863088130950928,-0.7544522881507874,0.5721670389175415,2.8459742069244385,-0.7080128788948059,0.91322261095047,2.918149948120117,-0.7928644418716431,1.0194977521896362,2.8989734649658203,-0.176326185464859,-0.04806201159954071,3.112060070037842,-0.17304590344429016,-0.09864122420549393,3.122868299484253,-0.12354402244091034,-0.1297074854373932,3.136413097381592,-0.017470166087150574,-0.09216160327196121,3.165613889694214,-0.17019116878509521,-0.12402807176113129,3.1771488189697266,-0.1496371179819107,-0.07606993615627289,3.281031370162964,-0.4339064359664917,1.0093879699707031,2.7219700813293457,-0.6642492413520813,0.9914827346801758,2.9486007690429688
-0.32518452405929565,0.5014980435371399,2.9308114051818848,-0.26210829615592957,0.3739660084247589,2.9975264072418213,-0.20032243430614471,0.24597275257110596,3.0645647048950195,-0.13853472471237183,0.11797565221786499,3.1316051483154297,-0.10522546619176865,0.11881686747074127,3.104513645172119,0.007156342267990112,0.1240546852350235,3.010937452316284,-0.11089428514242172,0.3314827084541321,2.901764154434204,-0.2744613587856293,0.423442542552948,2.733022689819336,-0.30717477202415466,0.4418345093727112,2.6992743015289307,-0.37260159850120544,0.47861844301223755,2.631777763366699,-0.3842834532260895,0.45655763149261475,2.7065606117248535,-0.17117241024971008,0.11574326455593109,3.1594252586364746,-0.28355422616004944,0.11050544679164886,3.2530014514923096,-0.4311869144439697,0.316900372505188,3.1860172748565674,-0.6200928688049316,0.4064132571220398,3.0446436405181885,-0.6578740477561951,0.42431584000587463,3.016368865966797,-0.7334364056587219,0.4601209759712219,2.9598193168640137,-0.6562443971633911,0.4561884105205536,2.9442780017852783,-0.25798869132995605,0.5059627294540405,2.8758151531219482,-0.5082380771636963,0.5969673991203308,2.5831222534179688,-0.4660302400588989,0.9343869686126709,2.6730148792266846,-0.5217154622077942,1.0475231409072876,2.618556022644043,-0.39238035678863525,0.49703332781791687,2.9858076572418213,-0.7545347809791565,0.5723485350608826,2.8452818393707275,-0.7081823945045471,0.9134639501571655,2.917433500289917,-0.7930492162704468,1.01973557472229,2.898188352584839,-0.17652399837970734,-0.04820352792739868,3.1116225719451904,-0.17327207326889038,-0.09878111630678177,3.1225361824035645,-0.12377601116895676,-0.12985236942768097,3.1361865997314453,-0.017671853303909302,-0.09227943420410156,3.165409803390503,-0.1704704314470291,-0.12407207489013672,3.1768882274627686,-0.14997272193431854,-0.07590192556381226,3.280730724334717,-0.4333992004394531,1.009148120880127,2.7211320400238037,-0.6644426584243774,0.9917452335357666,2.947899103164673
-0.32517045736312866,0.5017836093902588,2.930372714996338,-0.26211443543434143,0.3741908669471741,2.996994972229004,-0.20033040642738342,0.24613827466964722,3.0639259815216064,-0.13854452967643738,0.11808185279369354,3.130859136581421,-0.10524274408817291,0.11893627047538757,3.103757858276367,0.007114604115486145,0.12422021478414536,3.010150194168091,-0.11016786843538284,0.33260321617126465,2.9018259048461914,-0.2729710638523102,0.42715829610824585,2.733694314956665,-0.30553171038627625,0.44606930017471313,2.7000679969787598,-0.370652973651886,0.4838913381099701,2.632815361022949,-0.3825666606426239,0.4612431824207306,2.707404851913452,-0.1711747795343399,0.11583560705184937,3.1586875915527344,-0.28353214263916016,0.11055166274309158,3.2522952556610107,-0.4316847324371338,0.3164219856262207,3.184612274169922,-0.6209275722503662,0.4039670526981354,3.042356252670288,-0.6587761640548706,0.4214760661125183,3.0139050483703613,-0.7344732880592346,0.4564940929412842,2.957002639770508,-0.6572150588035583,0.4529315233230591,2.9416098594665527,-0.2579871416091919,0.5062611699104309,2.8753609657287598,-0.5074671506881714,0.5969359278678894,2.5818581581115723,-0.465692400932312,0.9346266984939575,2.671065330505371,-0.5212990045547485,1.0476109981536865,2.6161789894104004,-0.39235377311706543,0.49730604887008667,2.985384464263916,-0.7544478178024292,0.572571873664856,2.844568967819214,-0.7083722352981567,0.9138088822364807,2.9164888858795166,-0.7933029532432556,1.0200189352035522,2.8970916271209717,-0.17657148838043213,-0.04819588363170624,3.11128306388855,-0.17332492768764496,-0.098763607442379,3.1223249435424805,-0.12381591647863388,-0.12981842458248138,3.1360530853271484,-0.01766917109489441,-0.09217612445354462,3.1651856899261475,-0.17052213847637177,-0.12392903864383698,3.1767570972442627,-0.15000343322753906,-0.07548952102661133,3.280513286590576,-0.4332319498062134,1.0095288753509521,2.7190966606140137,-0.6647034883499146,0.9921512007713318,2.946928024291992
-0.32523173093795776,0.5020822286605835,2.9299492835998535,-0.2621849477291107,0.3744426965713501,2.9964966773986816,-0.20039409399032593,0.24634480476379395,3.063340663909912,-0.1386013925075531,0.11824306845664978,3.1301867961883545,-0.10531944781541824,0.11909440159797668,3.103060007095337,0.006978951394557953,0.1243690773844719,3.009359359741211,-0.1096448004245758,0.3335275948047638,2.9016194343566895,-0.271683931350708,0.4309045374393463,2.7342424392700195,-0.30409175157546997,0.4503799378871918,2.7007670402526855,-0.3689073920249939,0.4893307089805603,2.6338162422180176,-0.3810292184352875,0.46611008048057556,2.7082223892211914,-0.17121171951293945,0.11599943041801453,3.1580398082733154,-0.28351011872291565,0.11072475463151932,3.2517404556274414,-0.43203306198120117,0.3160657286643982,3.1829488277435303,-0.6215417385101318,0.40120363235473633,3.039449691772461,-0.6594434976577759,0.41823121905326843,3.0107498168945312,-0.7352469563484192,0.45228636264801025,2.953350305557251,-0.6579058766365051,0.44908419251441956,2.9381680488586426,-0.2580879032611847,0.5065397024154663,2.874886989593506,-0.5066332817077637,0.5973483920097351,2.5805914402008057,-0.46528160572052,0.9353735446929932,2.6688339710235596,-0.5207801461219788,1.048161506652832,2.6134097576141357,-0.39237555861473083,0.4976247549057007,2.985011577606201,-0.7544276714324951,0.5730257034301758,2.844072103500366,-0.7085944414138794,0.914382815361023,2.915712833404541,-0.7935915589332581,1.0205299854278564,2.8961853981018066,-0.17655466496944427,-0.048155277967453,3.1110196113586426,-0.17327068746089935,-0.09871093928813934,3.1221821308135986,-0.12371942400932312,-0.12971413135528564,3.135957717895508,-0.017543449997901917,-0.09192916005849838,3.1649460792541504,-0.17041915655136108,-0.12375430017709732,3.1766889095306396,-0.14985939860343933,-0.07504293322563171,3.280351161956787,-0.4329981803894043,1.0104526281356812,2.7167229652404785,-0.6649843454360962,0.9927861094474792,2.9461021423339844
-0.32517343759536743,0.5019277334213257,2.930088520050049,-0.26197803020477295,0.37431004643440247,2.9965415000915527,-0.20002026855945587,0.24624021351337433,3.0632894039154053,-0.13806064426898956,0.11816655099391937,3.1300392150878906,-0.10483789443969727,0.1190149337053299,3.102839231491089,0.007271073758602142,0.12427977472543716,3.0088772773742676,-0.10891825705766678,0.334005206823349,2.9014954566955566,-0.27035054564476013,0.4337676167488098,2.734774351119995,-0.3026370108127594,0.4537200927734375,2.701430082321167,-0.36720991134643555,0.49362504482269287,2.63474178314209,-0.3794977366924286,0.46993011236190796,2.7090067863464355,-0.1706099808216095,0.11592616140842438,3.1579647064208984,-0.2827189564704895,0.11066132038831711,3.2519266605377197,-0.43160271644592285,0.3154299855232239,3.181790828704834,-0.6213698983192444,0.397981733083725,3.036937713623047,-0.6593233346939087,0.41449207067489624,3.007966995239258,-0.7352302074432373,0.44751277565956116,2.950025796890259,-0.6577989459037781,0.44465723633766174,2.9350597858428955,-0.2581738233566284,0.5063381195068359,2.874842882156372,-0.5074743032455444,0.5976017117500305,2.581300735473633,-0.4655377268791199,0.9354993104934692,2.6698267459869385,-0.5210809111595154,1.0484129190444946,2.6146864891052246,-0.39217305183410645,0.4975173771381378,2.9853341579437256,-0.7541519999504089,0.573258638381958,2.8443329334259033,-0.708509087562561,0.9147658348083496,2.9154655933380127,-0.7935598492622375,1.02084481716156,2.8957531452178955,-0.17618650197982788,-0.048288047313690186,3.111215829849243,-0.17290207743644714,-0.09884564578533173,3.122446060180664,-0.12331591546535492,-0.12987053394317627,3.1361303329467773,-0.017000138759613037,-0.09209968894720078,3.164771318435669,-0.16991086304187775,-0.12381962686777115,3.1769983768463135,-0.14901915192604065,-0.07495547831058502,3.2805638313293457,-0.4330444633960724,1.0104939937591553,2.7177155017852783,-0.6649445295333862,0.9932419061660767,2.9457473754882812
-0.3253689706325531,0.5017409324645996,2.9304351806640625,-0.2620660364627838,0.3741900324821472,2.996917247772217,-0.1999875158071518,0.2461896687746048,3.0636892318725586,-0.13790713250637054,0.11818546056747437,3.1304633617401123,-0.10474051535129547,0.11899669468402863,3.1031930446624756,0.0071982815861701965,0.1241346150636673,3.008971929550171,-0.10885053128004074,0.33389389514923096,2.9012703895568848,-0.2702188491821289,0.4343131482601166,2.7347424030303955,-0.30249249935150146,0.4543969929218292,2.701436758041382,-0.36703982949256897,0.4945646822452545,2.6348254680633545,-0.379311740398407,0.4708867073059082,2.7091293334960938,-0.1703990250825882,0.11598299443721771,3.158459186553955,-0.28233781456947327,0.11084507405757904,3.2526803016662598,-0.4313340187072754,0.3150566816329956,3.180821657180786,-0.6211555600166321,0.39498206973075867,3.034414529800415,-0.6591198444366455,0.4109671413898468,3.0051331520080566,-0.7350484728813171,0.44293728470802307,2.94657039642334,-0.657527506351471,0.4403379261493683,2.931872606277466,-0.2584717273712158,0.5060765147209167,2.8750550746917725,-0.5083614587783813,0.5980988144874573,2.582237958908081,-0.46541985869407654,0.9358177185058594,2.67099928855896,-0.5208539366722107,1.0489166975021362,2.6161210536956787,-0.3922662138938904,0.4974053204059601,2.9858152866363525,-0.7539476156234741,0.5735878944396973,2.8442609310150146,-0.7081741094589233,0.9151291847229004,2.9151904582977295,-0.7931231260299683,1.021254062652588,2.8952627182006836,-0.17608985304832458,-0.04830548167228699,3.1116983890533447,-0.17277847230434418,-0.09887727349996567,3.1229147911071777,-0.12314815819263458,-0.12991274893283844,3.1364779472351074,-0.01673772931098938,-0.0921393632888794,3.16487717628479,-0.16965602338314056,-0.1238667368888855,3.1774682998657227,-0.14851002395153046,-0.07500900328159332,3.2810168266296387,-0.43262797594070435,1.0106910467147827,2.718879222869873,-0.6645999550819397,0.9936013221740723,2.9454762935638428
-0.3254597783088684,0.5017322897911072,2.9311978816986084,-0.26213935017585754,0.3742159605026245,2.997730255126953,-0.20003941655158997,0.24625010788440704,3.064549446105957,-0.13793762028217316,0.11828042566776276,3.1313705444335938,-0.1048254743218422,0.1190253496170044,3.104032278060913,0.006956756114959717,0.12393787503242493,3.0095529556274414,-0.10922085493803024,0.33332639932632446,2.901155710220337,-0.2709655165672302,0.43290889263153076,2.734421491622925,-0.3033144474029541,0.4528253972530365,2.7010746002197266,-0.36801230907440186,0.492658406496048,2.634381055831909,-0.38013261556625366,0.46935272216796875,2.7088422775268555,-0.1703748106956482,0.11614462733268738,3.159435272216797,-0.2821570336818695,0.11123210191726685,3.2539148330688477,-0.43023961782455444,0.31586459279060364,3.18119740486145,-0.6195669770240784,0.395795077085495,3.034076690673828,-0.6574324369430542,0.4117811620235443,3.004652500152588,-0.7331633567810059,0.44375336170196533,2.9458041191101074,-0.6556074619293213,0.4408681094646454,2.9312689304351807,-0.2586401104927063,0.5059625506401062,2.8757119178771973,-0.5085634589195251,0.5982676148414612,2.583009719848633,-0.4653453826904297,0.9361389875411987,2.6710617542266846,-0.5207350850105286,1.0491641759872437,2.615985155105591,-0.3922794461250305,0.49750199913978577,2.9866838455200195,-0.7537171840667725,0.5736740231513977,2.844496965408325,-0.7078332304954529,0.9152876138687134,2.91501522064209,-0.792688250541687,1.021437644958496,2.894817590713501,-0.176192507147789,-0.04818637669086456,3.1123147010803223,-0.1728709638118744,-0.09878994524478912,3.1234185695648193,-0.12321580201387405,-0.12986859679222107,3.136829376220703,-0.0167323499917984,-0.09217160195112228,3.1651246547698975,-0.1696564257144928,-0.12390018254518509,3.1779210567474365,-0.14831410348415375,-0.07526107877492905,3.281550884246826,-0.43247613310813904,1.0110877752304077,2.718771457672119,-0.6642535924911499,0.993775486946106,2.945253849029541
-0.3255741000175476,0.5019354224205017,2.931588888168335,-0.26224619150161743,0.37444043159484863,2.9981555938720703,-0.20013350248336792,0.24649643898010254,3.065005302429199,-0.13801893591880798,0.11854860186576843,3.131856918334961,-0.10493879020214081,0.11925409734249115,3.1044788360595703,0.006763756275177002,0.12403301894664764,3.0098378658294678,-0.10953634232282639,0.33319729566574097,2.901054859161377,-0.2715303599834442,0.4322245717048645,2.7341811656951904,-0.3039291501045227,0.4520300328731537,2.7008063793182373,-0.3687267601490021,0.49164095520973206,2.634056806564331,-0.38075631856918335,0.4685487151145935,2.7086105346679688,-0.17042399942874908,0.11645247042179108,3.159961700439453,-0.2821265459060669,0.11167354881763458,3.2546026706695557,-0.4295617938041687,0.31668609380722046,3.1815147399902344,-0.618577778339386,0.397114098072052,3.0342068672180176,-0.6563809514045715,0.41319969296455383,3.0047452449798584,-0.7319873571395874,0.4453708827495575,2.94582200050354,-0.6544251441955566,0.44220542907714844,2.931321620941162,-0.25880664587020874,0.5060921907424927,2.8760313987731934,-0.5083078145980835,0.5985614657402039,2.583019971847534,-0.46533048152923584,0.9367222785949707,2.6700751781463623,-0.5207023620605469,1.049553632736206,2.61458420753479,-0.3923415541648865,0.49777865409851074,2.9871463775634766,-0.7537086009979248,0.5737048983573914,2.84464693069458,-0.7076147794723511,0.9153594970703125,2.9148318767547607,-0.7923858761787415,1.0215486288070679,2.89448618888855,-0.17621958255767822,-0.04787316918373108,3.1122286319732666,-0.17286629974842072,-0.09851780533790588,3.1231465339660645,-0.12318359315395355,-0.12962472438812256,3.1364026069641113,-0.01668691635131836,-0.09198204427957535,3.1647448539733887,-0.1695939153432846,-0.12382553517818451,3.1775574684143066,-0.14818285405635834,-0.07555101066827774,3.2813501358032227,-0.432547390460968,1.0118321180343628,2.717590570449829,-0.6639931201934814,0.9938479661941528,2.9450087547302246
-0.3257439136505127,0.5023460388183594,2.9322845935821533,-0.26241394877433777,0.3748250901699066,2.998800039291382,-0.2002832442522049,0.24685373902320862,3.0655810832977295,-0.1381506770849228,0.1188785582780838,3.13236403465271,-0.10511520504951477,0.11955292522907257,3.104931116104126,0.006462477147579193,0.12422732263803482,3.0100808143615723,-0.10979846119880676,0.3332459628582001,2.9009411334991455,-0.27181029319763184,0.4322924315929413,2.734074592590332,-0.30421265959739685,0.4521017372608185,2.7007012367248535,-0.3690173923969269,0.4917203187942505,2.6339547634124756,-0.38101330399513245,0.46874162554740906,2.7085533142089844,-0.17051085829734802,0.11681325733661652,3.160522937774658,-0.2820885479450226,0.11213885992765427,3.255373477935791,-0.42861276865005493,0.3182011842727661,3.1833608150482178,-0.6173685193061829,0.4011758267879486,3.037111282348633,-0.6551196575164795,0.41777074337005615,3.007861375808716,-0.7306219339370728,0.45096060633659363,2.949361562728882,-0.6531234383583069,0.44725701212882996,2.9346258640289307,-0.25903749465942383,0.506453812122345,2.876648187637329,-0.5078766942024231,0.5987276434898376,2.5830087661743164,-0.46543899178504944,0.9373234510421753,2.668637752532959,-0.5208127498626709,1.049846887588501,2.6125242710113525,-0.39245033264160156,0.4982382655143738,2.9879209995269775,-0.7537487745285034,0.5737010836601257,2.8449931144714355,-0.7075656652450562,0.9154430627822876,2.914706230163574,-0.7922823429107666,1.0216362476348877,2.8941490650177,-0.17661437392234802,-0.047382161021232605,3.1117641925811768,-0.1733163446187973,-0.09810246527194977,3.1223669052124023,-0.12365402281284332,-0.12936219573020935,3.1353633403778076,-0.017055541276931763,-0.09203868359327316,3.1637909412384033,-0.17000365257263184,-0.12375134974718094,3.176621675491333,-0.14837950468063354,-0.07614129036664963,3.280689239501953,-0.4328351616859436,1.0126808881759644,2.7158851623535156,-0.6639323830604553,0.9939593076705933,2.944796323776245
-0.32608315348625183,0.5024031400680542,2.9325971603393555,-0.2626226544380188,0.3749024271965027,2.9990270137786865,-0.20038457214832306,0.24695026874542236,3.0657448768615723,-0.1381446272134781,0.11899426579475403,3.132464647293091,-0.1051488146185875,0.11966583132743835,3.1049840450286865,0.006314009428024292,0.12433123588562012,3.0099527835845947,-0.11029383540153503,0.3329271972179413,2.900360345840454,-0.2726578712463379,0.43130436539649963,2.733431100845337,-0.3051306903362274,0.4509797990322113,2.700045347213745,-0.3700762987136841,0.49033066630363464,2.6332736015319824,-0.38193655014038086,0.4675729274749756,2.707963705062866,-0.17046397924423218,0.1169319748878479,3.160670518875122,-0.28192681074142456,0.11226657032966614,3.255701780319214,-0.42820054292678833,0.3189171850681305,3.184851884841919,-0.6170221567153931,0.40436458587646484,3.0401086807250977,-0.6547864675521851,0.4214540719985962,3.011160135269165,-0.730315089225769,0.4556330442428589,2.9532628059387207,-0.6529104709625244,0.4514939785003662,2.9381444454193115,-0.25946053862571716,0.5065231919288635,2.8768603801727295,-0.5090909600257874,0.598982572555542,2.5839345455169678,-0.46631714701652527,0.9374324083328247,2.6700189113616943,-0.5218039751052856,1.0500706434249878,2.6142375469207764,-0.3927057683467865,0.4982830882072449,2.9883339405059814,-0.7538548707962036,0.5738903880119324,2.8450703620910645,-0.7074544429779053,0.91562420129776,2.91473650932312,-0.7920727729797363,1.0218830108642578,2.8940837383270264,-0.17698898911476135,-0.04712899029254913,3.1113333702087402,-0.1737862229347229,-0.09789758920669556,3.121757984161377,-0.12417057156562805,-0.12931042909622192,3.1345906257629395,-0.017449796199798584,-0.09230779111385345,3.1630263328552246,-0.1704653650522232,-0.12374331057071686,3.1759257316589355,-0.14861837029457092,-0.07653427124023438,3.280142307281494,-0.43356359004974365,1.0127029418945312,2.7173075675964355,-0.6637815237045288,0.9941158890724182,2.94484281539917
-0.3261348605155945,0.5027523040771484,2.932309150695801,-0.26268139481544495,0.3751876652240753,2.9986345767974854,-0.2004639357328415,0.24717067182064056,3.065258741378784,-0.1382446140050888,0.1191498339176178,3.131884813308716,-0.10526500642299652,0.11981664597988129,3.1043825149536133,0.006156861782073975,0.12446761131286621,3.0092670917510986,-0.11084306985139847,0.3328815698623657,2.8997433185577393,-0.27343735098838806,0.43148788809776306,2.7331719398498535,-0.3059562146663666,0.451209157705307,2.699857711791992,-0.3709939420223236,0.4906516671180725,2.6332292556762695,-0.3827444911003113,0.4678190052509308,2.707914113998413,-0.1705479770898819,0.11709161102771759,3.160111427307129,-0.2819698452949524,0.11244064569473267,3.2552268505096436,-0.428715318441391,0.31907570362091064,3.1853086948394775,-0.6181308627128601,0.4046943187713623,3.041443109512329,-0.6560139656066895,0.4218180477619171,3.0126700401306152,-0.7317801713943481,0.45606550574302673,2.9551239013671875,-0.6544273495674133,0.4520222842693329,2.9397151470184326,-0.25957176089286804,0.5068408846855164,2.8764917850494385,-0.5106405019760132,0.5991206765174866,2.5847301483154297,-0.46707579493522644,0.9373817443847656,2.671187400817871,-0.5227139592170715,1.0501781702041626,2.6158714294433594,-0.3926979601383209,0.4986637532711029,2.988126516342163,-0.7540854215621948,0.5739880800247192,2.8452932834625244,-0.7078402042388916,0.9158146381378174,2.914642572402954,-0.7925640940666199,1.0219987630844116,2.8940203189849854,-0.1771053969860077,-0.04699559509754181,3.110790729522705,-0.1739039570093155,-0.09776823222637177,3.1212270259857178,-0.12428268790245056,-0.12918490171432495,3.1340622901916504,-0.017543822526931763,-0.0921778455376625,3.1624815464019775,-0.17057809233665466,-0.12360569089651108,3.1754062175750732,-0.1487141102552414,-0.07637007534503937,3.279623031616211,-0.4340081810951233,1.012536644935608,2.718445062637329,-0.6641838550567627,0.9943621158599854,2.9446332454681396
-0.3258335590362549,0.5029423236846924,2.932324171066284,-0.262482613325119,0.375266969203949,2.9985392093658447,-0.20037060976028442,0.24713574349880219,3.065046787261963,-0.1382567286491394,0.11900068819522858,3.131556272506714,-0.10528159141540527,0.11965923011302948,3.1040475368499756,0.006130091845989227,0.12428426742553711,3.0089097023010254,-0.11156225949525833,0.33236467838287354,2.8994288444519043,-0.27483460307121277,0.4300419092178345,2.73293399810791,-0.3074890673160553,0.44957736134529114,2.6996350288391113,-0.37279799580574036,0.48864826560020447,2.6330370903015137,-0.3843270540237427,0.46593984961509705,2.7078030109405518,-0.17055678367614746,0.11694945394992828,3.159788131713867,-0.28196847438812256,0.11232441663742065,3.2549259662628174,-0.428683340549469,0.31969261169433594,3.187042236328125,-0.6184598803520203,0.4073532819747925,3.044846296310425,-0.6564151644706726,0.42488542199134827,3.016407012939453,-0.7323257923126221,0.45994967222213745,2.959528684616089,-0.6550551652908325,0.45574671030044556,2.943714141845703,-0.2592697739601135,0.5070206522941589,2.8765034675598145,-0.5107619762420654,0.5987627506256104,2.584928035736084,-0.46741533279418945,0.9372013807296753,2.6708226203918457,-0.5232272148132324,1.0498629808425903,2.615401268005371,-0.39239734411239624,0.49886399507522583,2.988144874572754,-0.7541957497596741,0.5736620426177979,2.8460588455200195,-0.708409309387207,0.9156379699707031,2.9150047302246094,-0.7933666110038757,1.0216548442840576,2.894467353820801,-0.17692355811595917,-0.04728215932846069,3.1110317707061768,-0.17366603016853333,-0.09802006930112839,3.1216485500335693,-0.12400636076927185,-0.12933766841888428,3.1346096992492676,-0.017306193709373474,-0.09210310131311417,3.162933111190796,-0.17032572627067566,-0.12366639822721481,3.1759252548217773,-0.14854440093040466,-0.07603447884321213,3.279994010925293,-0.4343624711036682,1.012460470199585,2.717927932739258,-0.6648280620574951,0.9942910075187683,2.9448325634002686
-0.3257056474685669,0.5030510425567627,2.9318599700927734,-0.26242902874946594,0.37529927492141724,2.9980032444000244,-0.20037487149238586,0.24709275364875793,3.0644242763519287,-0.13831886649131775,0.11888238787651062,3.130847215652466,-0.10532759130001068,0.11956191062927246,3.1033575534820557,0.0061397552490234375,0.12425991147756577,3.008286714553833,-0.11187589913606644,0.3323589861392975,2.899136543273926,-0.27536284923553467,0.42999449372291565,2.732795476913452,-0.3080602288246155,0.44952160120010376,2.6995272636413574,-0.3734550178050995,0.48857581615448,2.632990837097168,-0.3849276900291443,0.4657556414604187,2.7077383995056152,-0.1706356555223465,0.11680936813354492,3.1590588092803955,-0.2821030020713806,0.11211136728525162,3.254129648208618,-0.42927324771881104,0.3196783661842346,3.1877706050872803,-0.6195361614227295,0.40803685784339905,3.0466222763061523,-0.6575887203216553,0.4257085621356964,3.018392562866211,-0.7336938977241516,0.46105194091796875,2.9619333744049072,-0.6564587950706482,0.4570023715496063,2.945873737335205,-0.2591121196746826,0.5071514844894409,2.876072406768799,-0.5102841854095459,0.5985419154167175,2.584109306335449,-0.46762537956237793,0.9373229742050171,2.668996572494507,-0.5235583186149597,1.0497148036956787,2.6131503582000732,-0.39229917526245117,0.4989506006240845,2.987647533416748,-0.7544435262680054,0.573576807975769,2.8463516235351562,-0.7086877822875977,0.9155594706535339,2.9152896404266357,-0.7937443852424622,1.0215376615524292,2.8949620723724365,-0.1766708642244339,-0.04759068787097931,3.111041307449341,-0.1733323186635971,-0.0982821136713028,3.1218955516815186,-0.12362132966518402,-0.12945552170276642,3.1350536346435547,-0.016999900341033936,-0.09189236909151077,3.1633212566375732,-0.17000176012516022,-0.12367790937423706,3.176301956176758,-0.1484111249446869,-0.07552246749401093,3.280191659927368,-0.4347614645957947,1.0127860307693481,2.7159078121185303,-0.665083646774292,0.9942275881767273,2.945044994354248
-0.32567155361175537,0.5031271576881409,2.931514263153076,-0.2624163329601288,0.3753863573074341,2.9977033138275146,-0.20036983489990234,0.2471928894519806,3.0641608238220215,-0.13832148909568787,0.11899559199810028,3.130620241165161,-0.10530255734920502,0.11969585716724396,3.103163480758667,0.0062605515122413635,0.12446445971727371,3.0082035064697266,-0.11177510023117065,0.3326975107192993,2.899327039718628,-0.27509164810180664,0.4309465289115906,2.733177661895752,-0.3077549636363983,0.45059633255004883,2.6999478340148926,-0.3730815649032593,0.48989593982696533,2.633488178253174,-0.38461607694625854,0.46686169505119324,2.708160877227783,-0.17066602408885956,0.11690197885036469,3.158799409866333,-0.28222912549972534,0.11213337630033493,3.2537593841552734,-0.4298928380012512,0.31942591071128845,3.1876325607299805,-0.6204547882080078,0.40705737471580505,3.04643177986145,-0.6585671901702881,0.42458367347717285,3.0181915760040283,-0.7347919344902039,0.45963627099990845,2.9617111682891846,-0.6575396656990051,0.45586341619491577,2.945664644241333,-0.2590358555316925,0.5072422027587891,2.8757739067077637,-0.5092841386795044,0.5988729596138,2.58308744430542,-0.4674578011035919,0.9380027055740356,2.6670081615448,-0.523404598236084,1.0501198768615723,2.6106224060058594,-0.39230725169181824,0.49901214241981506,2.9872546195983887,-0.7545982599258423,0.5739153623580933,2.8464691638946533,-0.7086674571037292,0.915823221206665,2.915682792663574,-0.7937206029891968,1.0218451023101807,2.8955583572387695,-0.17673099040985107,-0.047489091753959656,3.1109936237335205,-0.17342567443847656,-0.09816890209913254,3.1219170093536377,-0.1237403154373169,-0.12934830784797668,3.1351630687713623,-0.01712656021118164,-0.0917959213256836,3.1634836196899414,-0.17015814781188965,-0.12349598854780197,3.176360607147217,-0.14864376187324524,-0.07521438598632812,3.280210256576538,-0.4348667562007904,1.0136735439300537,2.7137770652770996,-0.665006160736084,0.9944518804550171,2.945462226867676
-0.3258798122406006,0.5030515789985657,2.931013345718384,-0.2625616192817688,0.3753446936607361,2.99721097946167,-0.20046311616897583,0.2471858263015747,3.063689947128296,-0.13836273550987244,0.11902311444282532,3.130171060562134,-0.10534292459487915,0.11973312497138977,3.102715015411377,0.006222225725650787,0.12453436106443405,3.0077571868896484,-0.11158015578985214,0.3330608308315277,2.8991496562957764,-0.27447304129600525,0.4327201843261719,2.733400344848633,-0.3070516288280487,0.4526520371437073,2.7002503871917725,-0.37220877408981323,0.49251577258110046,2.633950710296631,-0.38385945558547974,0.46916645765304565,2.708513021469116,-0.1707076132297516,0.11692014336585999,3.1583495140075684,-0.2822727560997009,0.1121189072728157,3.253307342529297,-0.43041902780532837,0.3188588321208954,3.186467409133911,-0.6212198138237,0.4046427011489868,3.0444283485412598,-0.6593799591064453,0.4217994809150696,3.0160205364227295,-0.735700249671936,0.4561130404472351,2.959204912185669,-0.6583932042121887,0.4526882767677307,2.9433202743530273,-0.25927406549453735,0.5071610808372498,2.8752329349517822,-0.509827733039856,0.5992920994758606,2.582948684692383,-0.467704713344574,0.9385370016098022,2.6662983894348145,-0.5236791372299194,1.0506008863449097,2.6098239421844482,-0.3924855589866638,0.4989420771598816,2.9867937564849854,-0.7548062801361084,0.574185848236084,2.8462326526641846,-0.7083878517150879,0.9159784913063049,2.915743589401245,-0.7933169007301331,1.0221333503723145,2.895768165588379,-0.17697486281394958,-0.04740096628665924,3.110400438308716,-0.17372232675552368,-0.09809619933366776,3.121272563934326,-0.12406524270772934,-0.12934638559818268,3.134462833404541,-0.01739180088043213,-0.09194399416446686,3.1627659797668457,-0.17045608162879944,-0.12348094582557678,3.1756906509399414,-0.1488325297832489,-0.07532523572444916,3.279578447341919,-0.4350055754184723,1.0142639875411987,2.7129063606262207,-0.6646053791046143,0.9945244193077087,2.9455723762512207
-0.32607847452163696,0.5027887225151062,2.930440664291382,-0.2626572847366333,0.3751189410686493,2.9966139793395996,-0.20047475397586823,0.2469976544380188,3.063089609146118,-0.13829036056995392,0.11887252330780029,3.1295671463012695,-0.1052972823381424,0.1195751279592514,3.1020781993865967,0.0061807408928871155,0.1243506669998169,3.0070035457611084,-0.11122436821460724,0.33331847190856934,2.8987343311309814,-0.2737148702144623,0.4344174861907959,2.7334136962890625,-0.3062129616737366,0.4546372890472412,2.7003495693206787,-0.37120914459228516,0.49507689476013184,2.634221315383911,-0.38295745849609375,0.4714511036872864,2.7086915969848633,-0.1706075817346573,0.11677734553813934,3.15777850151062,-0.2820855975151062,0.11200180649757385,3.2528531551361084,-0.43086305260658264,0.3178350329399109,3.1845033168792725,-0.6219091415405273,0.40096765756607056,3.0411665439605713,-0.6601183414459229,0.41759419441223145,3.0124990940093994,-0.7365368008613586,0.45084723830223083,2.9551644325256348,-0.6591567397117615,0.44781509041786194,2.939507484436035,-0.2595752477645874,0.5068457126617432,2.874530553817749,-0.5116564631462097,0.5994945168495178,2.5836775302886963,-0.468224436044693,0.9386840462684631,2.666717290878296,-0.5242676138877869,1.0508818626403809,2.610546827316284,-0.3925817012786865,0.49873173236846924,2.9863507747650146,-0.7549205422401428,0.5741353034973145,2.8458189964294434,-0.7079023122787476,0.915881872177124,2.9153177738189697,-0.7926693558692932,1.0221879482269287,2.895371198654175,-0.17702001333236694,-0.04754473268985748,3.1098785400390625,-0.17380230128765106,-0.09823983907699585,3.120776653289795,-0.12416379153728485,-0.12951967120170593,3.1339831352233887,-0.017457932233810425,-0.0921747162938118,3.162268877029419,-0.17055323719978333,-0.12360120564699173,3.17521071434021,-0.14889468252658844,-0.07540571689605713,3.279080629348755,-0.4350660443305969,1.0143479108810425,2.713120698928833,-0.663973867893219,0.9943619966506958,2.9451329708099365
-0.3262050151824951,0.5027647018432617,2.9298760890960693,-0.26269352436065674,0.3751147985458374,2.996002197265625,-0.200441375374794,0.24701309204101562,3.0624513626098633,-0.13818736374378204,0.11890755593776703,3.1289024353027344,-0.10523506999015808,0.11958828568458557,3.1013641357421875,0.006115473806858063,0.12428933382034302,3.0061094760894775,-0.1110183373093605,0.3336074948310852,2.8981194496154785,-0.2732613980770111,0.4359707236289978,2.733271598815918,-0.3057100176811218,0.4564433693885803,2.7003021240234375,-0.37060725688934326,0.49738866090774536,2.6343629360198975,-0.3823907971382141,0.4735424816608429,2.708770990371704,-0.17046302556991577,0.11683446168899536,3.157163143157959,-0.2818135619163513,0.11213341355323792,3.252417802810669,-0.4309660792350769,0.3171699047088623,3.182347536087036,-0.6221976280212402,0.3975834846496582,3.0376408100128174,-0.660443902015686,0.4136661887168884,3.008699417114258,-0.7369365096092224,0.4458315968513489,2.9508166313171387,-0.6594898104667664,0.44309601187705994,2.9353713989257812,-0.25984227657318115,0.5067289471626282,2.8737897872924805,-0.5142894983291626,0.5997874140739441,2.5850558280944824,-0.4689518213272095,0.9387779235839844,2.6681101322174072,-0.5251098275184631,1.0512501001358032,2.6125569343566895,-0.3925677537918091,0.49880048632621765,2.985962390899658,-0.7550647258758545,0.5740662813186646,2.8456003665924072,-0.7072883248329163,0.9158161878585815,2.914828300476074,-0.7918792366981506,1.0222920179367065,2.894899606704712,-0.1769433319568634,-0.047571778297424316,3.1096274852752686,-0.1737113744020462,-0.09824824333190918,3.1206350326538086,-0.12405091524124146,-0.1295018047094345,3.1338517665863037,-0.017299219965934753,-0.09208914637565613,3.1619279384613037,-0.17039529979228973,-0.12349182367324829,3.1751272678375244,-0.14860831201076508,-0.0750608742237091,3.2788753509521484,-0.4351199269294739,1.0142840147018433,2.7143125534057617,-0.6631658673286438,0.9942408800125122,2.944547176361084
-0.32606059312820435,0.5026677846908569,2.930070161819458,-0.26256558299064636,0.3749932050704956,2.9961655139923096,-0.2003420889377594,0.24686573445796967,3.0625929832458496,-0.1381167471408844,0.1187344342470169,3.1290223598480225,-0.10519395768642426,0.11937914788722992,3.101447582244873,0.0060717761516571045,0.12395832687616348,3.006056070327759,-0.11119233816862106,0.333201140165329,2.898030996322632,-0.2736971080303192,0.43549734354019165,2.7333810329437256,-0.3061980605125427,0.4559565782546997,2.700451135635376,-0.37119996547698975,0.4968750476837158,2.6345911026000977,-0.38285672664642334,0.47310805320739746,2.709048271179199,-0.17036320269107819,0.11669708788394928,3.1573193073272705,-0.28162893652915955,0.11211790889501572,3.2527108192443848,-0.4301955997943878,0.3174000382423401,3.182070732116699,-0.6210444569587708,0.39778250455856323,3.0368216037750244,-0.6592142581939697,0.4138590097427368,3.0077717304229736,-0.7355538010597229,0.4460119903087616,2.949672222137451,-0.6580795049667358,0.443120539188385,2.9343748092651367,-0.25975918769836426,0.5065649151802063,2.8739051818847656,-0.5160850882530212,0.5998371839523315,2.5868725776672363,-0.4696292579174042,0.9383314847946167,2.6714134216308594,-0.5259457230567932,1.0511959791183472,2.61680269241333,-0.39236199855804443,0.49877065420150757,2.9862351417541504,-0.7548978328704834,0.5736368894577026,2.845689296722412,-0.7072437405586243,0.91554856300354,2.9143130779266357,-0.7918750643730164,1.021965742111206,2.894183874130249,-0.1767171323299408,-0.047825366258621216,3.1098968982696533,-0.17341510951519012,-0.09849895536899567,3.120934247970581,-0.12369643151760101,-0.12969380617141724,3.1341123580932617,-0.016936123371124268,-0.09213927388191223,3.1620399951934814,-0.17000450193881989,-0.12370813637971878,3.1754467487335205,-0.14814230799674988,-0.07517991960048676,3.27915358543396,-0.4353718161582947,1.0135414600372314,2.71779727935791,-0.6631486415863037,0.994046688079834,2.9438974857330322
-0.32596108317375183,0.5024914741516113,2.93009614944458,-0.262489378452301,0.37480342388153076,2.996189832687378,-0.2002776861190796,0.24666328728199005,3.062605619430542,-0.13806414604187012,0.11851930618286133,3.129023551940918,-0.10515100508928299,0.11915247142314911,3.1014366149902344,0.006096929311752319,0.12369299679994583,3.005991220474243,-0.11133411526679993,0.3327968120574951,2.8978488445281982,-0.2740507423877716,0.4346393346786499,2.7331089973449707,-0.3065940737724304,0.4550078511238098,2.7001609802246094,-0.37168073654174805,0.49574485421180725,2.6342649459838867,-0.3832724094390869,0.47208231687545776,2.7087695598602295,-0.17030107975006104,0.11649338901042938,3.157332181930542,-0.28154900670051575,0.11195286363363266,3.252777576446533,-0.4296451508998871,0.31755006313323975,3.182020664215088,-0.620231032371521,0.39820295572280884,3.0365560054779053,-0.6583482027053833,0.4143335223197937,3.007462978363037,-0.7345825433731079,0.4465946853160858,2.94927716255188,-0.6570946574211121,0.4435725212097168,2.9340550899505615,-0.2596484422683716,0.5063890218734741,2.87394380569458,-0.5164421796798706,0.5995273590087891,2.5872793197631836,-0.4692358672618866,0.9375535249710083,2.673283576965332,-0.5254237651824951,1.0507692098617554,2.6192662715911865,-0.3922737240791321,0.4985939562320709,2.98624849319458,-0.7548368573188782,0.5733413100242615,2.8456954956054688,-0.7071601152420044,0.9152668714523315,2.914257287979126,-0.7917890548706055,1.02168607711792,2.8941166400909424,-0.17650344967842102,-0.04813013970851898,3.1100802421569824,-0.1731482446193695,-0.09879724681377411,3.1211748123168945,-0.12338780611753464,-0.12993255257606506,3.134384870529175,-0.01664431393146515,-0.0922321230173111,3.162266492843628,-0.16970650851726532,-0.12394779175519943,3.1757240295410156,-0.14788061380386353,-0.07527533173561096,3.2793941497802734,-0.4347711205482483,1.0124903917312622,2.7199573516845703,-0.6630582213401794,0.9937689900398254,2.9438247680664062
-0.32572922110557556,0.5023553371429443,2.9301340579986572,-0.26230767369270325,0.37464338541030884,2.9962306022644043,-0.20013657212257385,0.2464790940284729,3.062638759613037,-0.13796360790729523,0.11831097304821014,3.129049062728882,-0.10504249483346939,0.11894392967224121,3.101471424102783,0.0062478333711624146,0.12348484992980957,3.0060455799102783,-0.11136359721422195,0.33250129222869873,2.897874355316162,-0.2741807997226715,0.43418848514556885,2.7331039905548096,-0.306744247674942,0.4545259177684784,2.7001500129699707,-0.37187111377716064,0.4952008128166199,2.634241819381714,-0.3834441304206848,0.47153666615486145,2.7087559700012207,-0.17020896077156067,0.11628496646881104,3.157348394393921,-0.28149929642677307,0.11174404621124268,3.252774238586426,-0.42935749888420105,0.3174112141132355,3.181638479232788,-0.6197904944419861,0.39751264452934265,3.0356314182281494,-0.6578770875930786,0.41353294253349304,3.00642991065979,-0.7340502738952637,0.44557350873947144,2.9480271339416504,-0.6565269827842712,0.4425877332687378,2.932943344116211,-0.2593632638454437,0.5062849521636963,2.874046802520752,-0.5155109763145447,0.5990897417068481,2.5866894721984863,-0.4685632288455963,0.9369720220565796,2.673417568206787,-0.5246219635009766,1.0502794981002808,2.6194536685943604,-0.3920951783657074,0.49842575192451477,2.9862213134765625,-0.7547270655632019,0.5731654167175293,2.8458263874053955,-0.7073477506637573,0.9151254892349243,2.91444730758667,-0.7920804619789124,1.0214723348617554,2.89434814453125,-0.17625248432159424,-0.04842717945575714,3.110281229019165,-0.17285732924938202,-0.09908778220415115,3.1214401721954346,-0.1230664774775505,-0.13016904890537262,3.1347153186798096,-0.016350343823432922,-0.09233324229717255,3.162612199783325,-0.16942062973976135,-0.12417501211166382,3.1760315895080566,-0.1476871222257614,-0.07535012066364288,3.279674768447876,-0.43422770500183105,1.0118303298950195,2.7203149795532227,-0.6633104085922241,0.9936631917953491,2.9440207481384277
-0.3257763385772705,0.5027455687522888,2.930325508117676,-0.26234346628189087,0.37496474385261536,2.9962806701660156,-0.20014941692352295,0.2467316836118698,3.062537431716919,-0.1379535049200058,0.11849477887153625,3.128796100616455,-0.10506312549114227,0.11913180351257324,3.1011815071105957,0.00613810122013092,0.12368853390216827,3.00561785697937,-0.11139935255050659,0.3327640891075134,2.897407054901123,-0.27410656213760376,0.4347933530807495,2.7326948642730713,-0.30664801597595215,0.4551992118358612,2.6997523307800293,-0.37173089385032654,0.4960109293460846,2.6338675022125244,-0.38333654403686523,0.4722970128059387,2.7083704471588135,-0.17016789317131042,0.11646398901939392,3.1571309566497803,-0.2813691198825836,0.11190725862979889,3.252694606781006,-0.42827337980270386,0.3192894458770752,3.1845109462738037,-0.6185166835784912,0.4045787751674652,3.0411689281463623,-0.6565653681755066,0.4216366410255432,3.012500524520874,-0.7326626777648926,0.4557523727416992,2.9551637172698975,-0.6552718281745911,0.45199888944625854,2.9395334720611572,-0.259477436542511,0.5066652297973633,2.8741559982299805,-0.5163189768791199,0.5989300012588501,2.5871543884277344,-0.46919846534729004,0.9370614886283875,2.673048973083496,-0.5254000425338745,1.0502640008926392,2.6189558506011963,-0.39207524061203003,0.49882590770721436,2.986495018005371,-0.7547744512557983,0.5732061266899109,2.8458991050720215,-0.7073163390159607,0.915276288986206,2.9142134189605713,-0.7920359373092651,1.0216412544250488,2.8940000534057617,-0.17614662647247314,-0.04839976131916046,3.1104049682617188,-0.17267538607120514,-0.09906350076198578,3.1216518878936768,-0.12279818207025528,-0.1300898641347885,3.134873628616333,-0.015998035669326782,-0.0920831710100174,3.162468910217285,-0.16908596456050873,-0.12406304478645325,3.1763083934783936,-0.14714676141738892,-0.07500720024108887,3.27986741065979,-0.4347577691078186,1.012037754058838,2.7197115421295166,-0.6632571220397949,0.9938446879386902,2.943722724914551
-0.32633310556411743,0.5030275583267212,2.930326461791992,-0.2629292905330658,0.37524324655532837,2.996305465698242,-0.20073631405830383,0.24700845777988434,3.0625624656677246,-0.13854147493839264,0.1187698245048523,3.12882137298584,-0.10564698278903961,0.11941081285476685,3.1012113094329834,0.005572237074375153,0.1239812895655632,3.005659818649292,-0.11173170059919357,0.33311188220977783,2.8972692489624023,-0.2741812467575073,0.43539872765541077,2.732442617416382,-0.306671142578125,0.4558560848236084,2.699477195739746,-0.37165096402168274,0.49677082896232605,2.6335465908050537,-0.38334882259368896,0.4730502963066101,2.7080373764038086,-0.17075999081134796,0.11673504114151001,3.157151699066162,-0.28197920322418213,0.11216456443071365,3.2527031898498535,-0.4287624955177307,0.3201701045036316,3.186124563217163,-0.6190978288650513,0.40775352716445923,3.0442728996276855,-0.6571649312973022,0.4252701997756958,3.015902519226074,-0.7332990765571594,0.46030354499816895,2.9591617584228516,-0.6559825539588928,0.4562970995903015,2.943209171295166,-0.26000505685806274,0.5069531202316284,2.874190092086792,-0.5159324407577515,0.5994694232940674,2.58644437789917,-0.46942174434661865,0.9378594160079956,2.67167592048645,-0.5255745649337769,1.050876259803772,2.6171395778656006,-0.3926611542701721,0.4991019666194916,2.9864628314971924,-0.7553098201751709,0.5735981464385986,2.845778703689575,-0.7074138522148132,0.9155508279800415,2.9144062995910645,-0.7919923663139343,1.022046446800232,2.8942739963531494,-0.1762949377298355,-0.048294082283973694,3.1106722354888916,-0.17266444861888885,-0.09894675016403198,3.121976852416992,-0.12267006933689117,-0.12982361018657684,3.135172128677368,-0.015915945172309875,-0.09147292375564575,3.162588119506836,-0.16893117129802704,-0.12387770414352417,3.176670789718628,-0.14698907732963562,-0.07462619245052338,3.280168294906616,-0.435200572013855,1.012983798980713,2.7182650566101074,-0.6632556915283203,0.9940365552902222,2.943992853164673
-0.326901376247406,0.5033089518547058,2.930107831954956,-0.2635432183742523,0.37555867433547974,2.996199607849121,-0.20137254893779755,0.24735969305038452,3.062549591064453,-0.13920001685619354,0.1191568672657013,3.128901481628418,-0.10628107190132141,0.11979897320270538,3.101320266723633,0.005022384226322174,0.12437263131141663,3.0058648586273193,-0.11207927018404007,0.3335466682910919,2.897322416305542,-0.2742455005645752,0.436141699552536,2.73239803314209,-0.30667874217033386,0.4566607177257538,2.6994130611419678,-0.3715452253818512,0.49769872426986694,2.6334433555603027,-0.38334670662879944,0.47394001483917236,2.7079079151153564,-0.17144323885440826,0.11712135374546051,3.1572041511535645,-0.28274670243263245,0.11254769563674927,3.252659559249878,-0.42974525690078735,0.3204805850982666,3.1863014698028564,-0.6202099919319153,0.40803593397140503,3.0445942878723145,-0.6583029627799988,0.4255470037460327,3.0162527561187744,-0.734488844871521,0.4605691432952881,2.9595699310302734,-0.6571727991104126,0.45664092898368835,2.943585157394409,-0.2605007290840149,0.5072415471076965,2.8740549087524414,-0.5148774981498718,0.6001774668693542,2.585054874420166,-0.4690978229045868,0.9387557506561279,2.6699793338775635,-0.52506023645401,1.051639437675476,2.6149628162384033,-0.3933020234107971,0.4993763566017151,2.9861607551574707,-0.7559081315994263,0.5743836164474487,2.8456034660339355,-0.7077564597129822,0.9162209630012512,2.914681911468506,-0.7922608852386475,1.0228081941604614,2.8946945667266846,-0.1765371710062027,-0.048065245151519775,3.110985517501831,-0.17274922132492065,-0.09870725870132446,3.1223394870758057,-0.12263798713684082,-0.1294410526752472,3.135486602783203,-0.015919402241706848,-0.09076289087533951,3.1626908779144287,-0.16885635256767273,-0.12357617169618607,3.177065372467041,-0.1468714475631714,-0.07414574921131134,3.2804975509643555,-0.4351837933063507,1.0139873027801514,2.7166264057159424,-0.6635377407073975,0.994637668132782,2.9443705081939697
-0.3271486163139343,0.5032421946525574,2.929813861846924,-0.26373353600502014,0.37553972005844116,2.995945692062378,-0.20151999592781067,0.24738776683807373,3.0623488426208496,-0.13930460810661316,0.11923196911811829,3.128753900527954,-0.10637609660625458,0.11988434195518494,3.1011836528778076,0.004959039390087128,0.12449212372303009,3.005765676498413,-0.11204652488231659,0.3337298035621643,2.897230625152588,-0.2740451693534851,0.4366496205329895,2.7323367595672607,-0.3064448833465576,0.45723357796669006,2.6993579864501953,-0.371244341135025,0.4984014928340912,2.6334004402160645,-0.38310301303863525,0.47457194328308105,2.7078347206115723,-0.17155690491199493,0.11718672513961792,3.157045841217041,-0.28289204835891724,0.11257894337177277,3.2524638175964355,-0.4303356409072876,0.3200260102748871,3.1855556964874268,-0.6210313439369202,0.4061199724674225,3.0432565212249756,-0.6591705083847046,0.42333877086639404,3.014796733856201,-0.7354487776756287,0.45777636766433716,2.9578771591186523,-0.6580960154533386,0.454127699136734,2.9419968128204346,-0.2607290744781494,0.5072084665298462,2.87378191947937,-0.5147109031677246,0.6005806922912598,2.5845746994018555,-0.4692400097846985,0.9393177032470703,2.669032573699951,-0.5252082943916321,1.0520821809768677,2.6137776374816895,-0.39356815814971924,0.49927592277526855,2.9858458042144775,-0.7560417056083679,0.5748689770698547,2.845259189605713,-0.7076914310455322,0.9165728092193604,2.914860248565674,-0.7921149730682373,1.0232462882995605,2.8949902057647705,-0.17650699615478516,-0.04806993901729584,3.1109726428985596,-0.1726410984992981,-0.09871372580528259,3.122339963912964,-0.12246039509773254,-0.1293952465057373,3.1353988647460938,-0.01570671796798706,-0.09058532118797302,3.162376880645752,-0.16860945522785187,-0.12356298416852951,3.1770780086517334,-0.14646238088607788,-0.0740605890750885,3.2804675102233887,-0.4354269504547119,1.0146418809890747,2.7156035900115967,-0.6634334921836853,0.9949162602424622,2.944683790206909
-0.32707297801971436,0.5030608177185059,2.92966890335083,-0.2636154294013977,0.3754097521305084,2.995861053466797,-0.20139366388320923,0.2473091036081314,3.062357187271118,-0.13917003571987152,0.11920462548732758,3.1288554668426514,-0.10624618083238602,0.11983370780944824,3.101278781890869,0.005073055624961853,0.124361053109169,3.0058369636535645,-0.11223043501377106,0.333205908536911,2.896865129470825,-0.2745862901210785,0.43530476093292236,2.7318105697631836,-0.3070574700832367,0.4557245373725891,2.6987996101379395,-0.3719998002052307,0.4965640902519226,2.6327779293060303,-0.38372981548309326,0.472983717918396,2.7073123455047607,-0.17141759395599365,0.11718317866325378,3.1571547985076904,-0.2827368378639221,0.11265583336353302,3.252596616744995,-0.43077969551086426,0.31916022300720215,3.184110403060913,-0.6216698884963989,0.402757853269577,3.0405869483947754,-0.6598479151725769,0.4194773733615875,3.0118823051452637,-0.7362039685249329,0.4529164135456085,2.9544730186462402,-0.6587918996810913,0.4496084451675415,2.9388070106506348,-0.26068535447120667,0.5069853663444519,2.8735923767089844,-0.515565037727356,0.6008042693138123,2.585280418395996,-0.4696655869483948,0.9396144151687622,2.6693217754364014,-0.5257794857025146,1.0523667335510254,2.614164113998413,-0.39346060156822205,0.4991362690925598,2.985745429992676,-0.7559300661087036,0.5750705003738403,2.8452489376068115,-0.7075276374816895,0.9167814254760742,2.9149115085601807,-0.7919461727142334,1.0234768390655518,2.895066976547241,-0.17636623978614807,-0.04811890423297882,3.11098051071167,-0.17246729135513306,-0.09878076612949371,3.1222963333129883,-0.12224795669317245,-0.12946656346321106,3.1352436542510986,-0.015440106391906738,-0.0906473845243454,3.1620795726776123,-0.16833508014678955,-0.12368359416723251,3.177013874053955,-0.1460203230381012,-0.07426228374242783,3.280428647994995,-0.4356611371040344,1.0149670839309692,2.715721368789673,-0.6632539629936218,0.9951199293136597,2.94474720954895
-0.3271844983100891,0.5027590394020081,2.9295742511749268,-0.2637566328048706,0.37515121698379517,2.995879888534546,-0.20156329870224,0.24709512293338776,3.062490224838257,-0.13936811685562134,0.11903519928455353,3.1291024684906006,-0.10642708837985992,0.11965131759643555,3.101545810699463,0.004951968789100647,0.12413353472948074,3.006169319152832,-0.11241286993026733,0.33288735151290894,2.8970773220062256,-0.27496978640556335,0.43421852588653564,2.7317404747009277,-0.30748116970062256,0.454484760761261,2.6986730098724365,-0.37250393629074097,0.49501723051071167,2.632538318634033,-0.384192556142807,0.4716026484966278,2.7071330547332764,-0.17163313925266266,0.11702722311019897,3.1573832035064697,-0.2830122113227844,0.11254500597715378,3.2527596950531006,-0.43127596378326416,0.31830817461013794,3.182523727416992,-0.6220858097076416,0.39946162700653076,3.037490129470825,-0.660247802734375,0.4156923294067383,3.008483409881592,-0.736571729183197,0.44815370440483093,2.950469970703125,-0.6590832471847534,0.4451196789741516,2.935122013092041,-0.2607840597629547,0.5066299438476562,2.8735053539276123,-0.515831708908081,0.6010804772377014,2.585526466369629,-0.46984511613845825,0.9399557113647461,2.6693170070648193,-0.5260059833526611,1.0526796579360962,2.614135503768921,-0.3935849368572235,0.49888813495635986,2.985643148422241,-0.7560982704162598,0.5750467777252197,2.8453361988067627,-0.7075889110565186,0.9167574644088745,2.9149975776672363,-0.791996955871582,1.0234763622283936,2.895195960998535,-0.17647679150104523,-0.04831594228744507,3.1110661029815674,-0.17255866527557373,-0.09899245202541351,3.1223440170288086,-0.12232430279254913,-0.12966853380203247,3.135296583175659,-0.015535548329353333,-0.09081312268972397,3.16222882270813,-0.1684446483850479,-0.12394189089536667,3.177051305770874,-0.14620986580848694,-0.07458766549825668,3.280534267425537,-0.43579596281051636,1.0153394937515259,2.7156410217285156,-0.663283109664917,0.9950880408287048,2.9448184967041016
-0.32715827226638794,0.5026576519012451,2.9295051097869873,-0.263738751411438,0.3751174807548523,2.995950222015381,-0.20154117047786713,0.24712994694709778,3.0626895427703857,-0.13934172689914703,0.11913856863975525,3.1294310092926025,-0.10636986792087555,0.11976251006126404,3.1019110679626465,0.005116179585456848,0.1242702528834343,3.0066564083099365,-0.1123780608177185,0.33294975757598877,2.89752197265625,-0.27499985694885254,0.43392589688301086,2.7320077419281006,-0.3075242042541504,0.45412111282348633,2.6989049911499023,-0.3725729286670685,0.49451157450675964,2.6326992511749268,-0.384273499250412,0.47112104296684265,2.7073047161102295,-0.17163756489753723,0.11712351441383362,3.1576762199401855,-0.28312361240386963,0.11261577159166336,3.2529308795928955,-0.4314103126525879,0.31780561804771423,3.1810243129730225,-0.6219997406005859,0.39650681614875793,3.0343315601348877,-0.6601176261901855,0.41224706172943115,3.004992961883545,-0.7363533973693848,0.4437275528907776,2.9463157653808594,-0.6587734818458557,0.44098156690597534,2.9313552379608154,-0.2606896162033081,0.5065393447875977,2.87351393699646,-0.5150402188301086,0.60145503282547,2.5850653648376465,-0.4695888161659241,0.9404259920120239,2.6687779426574707,-0.5257290005683899,1.0530650615692139,2.613398313522339,-0.3936269283294678,0.49877598881721497,2.9854962825775146,-0.7561516165733337,0.5752224922180176,2.8453621864318848,-0.7077745199203491,0.9169149994850159,2.9152252674102783,-0.792231559753418,1.0236116647720337,2.8955018520355225,-0.17649489641189575,-0.048223480582237244,3.1113414764404297,-0.1726127415895462,-0.09890879690647125,3.1226282119750977,-0.1224021315574646,-0.12960880994796753,3.135657548904419,-0.015622138977050781,-0.09078878164291382,3.162750720977783,-0.16858874261379242,-0.12386209517717361,3.1773502826690674,-0.14648419618606567,-0.07450643181800842,3.2808799743652344,-0.4357249438762665,1.0158699750900269,2.715142011642456,-0.6634964942932129,0.995246946811676,2.945087432861328
-0.32709503173828125,0.5030320286750793,2.9301838874816895,-0.26365602016448975,0.3755318522453308,2.9966883659362793,-0.2014307677745819,0.24758262932300568,3.0634765625,-0.13920365273952484,0.11962957680225372,3.1302666664123535,-0.10621355473995209,0.12027068436145782,3.102768898010254,0.0053346529603004456,0.12483641505241394,3.0075883865356445,-0.11222704499959946,0.3332994878292084,2.898108720779419,-0.2746880352497101,0.4341179430484772,2.732337713241577,-0.3071802258491516,0.45428162813186646,2.699183464050293,-0.37216460704803467,0.494608998298645,2.6328749656677246,-0.38395094871520996,0.4712408483028412,2.707474946975708,-0.17151741683483124,0.11759777367115021,3.1584906578063965,-0.2830656170845032,0.11303204298019409,3.253671169281006,-0.43083566427230835,0.31820517778396606,3.180654525756836,-0.6209151148796082,0.3953229486942291,3.032463550567627,-0.6589310169219971,0.4107465147972107,3.0028252601623535,-0.7349628210067749,0.44159361720085144,2.9435489177703857,-0.6572969555854797,0.4390046000480652,2.9290084838867188,-0.26054760813713074,0.5069877505302429,2.8742876052856445,-0.5140526294708252,0.6017853021621704,2.5850045680999756,-0.46941643953323364,0.9405537247657776,2.670106887817383,-0.5255172848701477,1.0533185005187988,2.614910840988159,-0.39364245533943176,0.49907633662223816,2.9860801696777344,-0.7559633255004883,0.5755898952484131,2.845349073410034,-0.7082391381263733,0.9174097180366516,2.9152090549468994,-0.7928298711776733,1.0239812135696411,2.8952906131744385,-0.17670494318008423,-0.04761578142642975,3.111717462539673,-0.17295005917549133,-0.09834016859531403,3.1228864192962646,-0.12282205373048782,-0.1291850507259369,3.1359095573425293,-0.015986472368240356,-0.09066550433635712,3.163243532180786,-0.16905532777309418,-0.12343726307153702,3.177556276321411,-0.14698076248168945,-0.07438013702630997,3.281242609024048,-0.43583741784095764,1.0158882141113281,2.7168729305267334,-0.66413414478302,0.9958258271217346,2.9451353549957275
-0.32698482275009155,0.5031113624572754,2.9305763244628906,-0.2635447382926941,0.37563765048980713,2.99713134765625,-0.20130828022956848,0.24771447479724884,3.063960075378418,-0.13906994462013245,0.11978746950626373,3.1307907104492188,-0.10605036467313766,0.12045601010322571,3.1033287048339844,0.005598604679107666,0.12511493265628815,3.008269786834717,-0.11208993196487427,0.3333700895309448,2.8985249996185303,-0.2742964029312134,0.43451744318008423,2.732701539993286,-0.3067376911640167,0.45474690198898315,2.6995368003845215,-0.3716202974319458,0.4952058494091034,2.633207321166992,-0.38351061940193176,0.471733421087265,2.707758665084839,-0.1714130938053131,0.11772853136062622,3.1589791774749756,-0.28306207060813904,0.11306960880756378,3.254037857055664,-0.4302712082862854,0.31844377517700195,3.1804466247558594,-0.6199150681495667,0.3944796621799469,3.0311384201049805,-0.657843828201294,0.4096868336200714,3.001276731491089,-0.7337013483047485,0.4401012063026428,2.9415535926818848,-0.6559692025184631,0.4376334547996521,2.9273464679718018,-0.2603479325771332,0.507147490978241,2.874788761138916,-0.5127204656600952,0.6014997959136963,2.5843186378479004,-0.4685920178890228,0.9400578737258911,2.6706583499908447,-0.5244852900505066,1.0529811382293701,2.615541696548462,-0.3936217129230499,0.4990752339363098,2.9863638877868652,-0.7557461857795715,0.5756828784942627,2.84506893157959,-0.7086955308914185,0.9176099896430969,2.915036678314209,-0.7934268712997437,1.0240575075149536,2.8949592113494873,-0.17692911624908447,-0.047322288155555725,3.1116867065429688,-0.1733161211013794,-0.09808926284313202,3.122718572616577,-0.12328515946865082,-0.1290907859802246,3.1357545852661133,-0.016410022974014282,-0.09090025722980499,3.163414716720581,-0.16959071159362793,-0.12335265427827835,3.177326202392578,-0.14760905504226685,-0.07464218139648438,3.281201124191284,-0.4352514445781708,1.0152695178985596,2.7178103923797607,-0.6647682189941406,0.9961031675338745,2.945051670074463
-0.3264521360397339,0.5032235980033875,2.931440591812134,-0.2630501091480255,0.37567734718322754,2.9978930950164795,-0.20084673166275024,0.2476779967546463,3.0646066665649414,-0.13864149153232574,0.11967480182647705,3.131322145462036,-0.10560694336891174,0.12037619948387146,3.103878974914551,0.006095863878726959,0.12514887750148773,3.008884906768799,-0.11182674765586853,0.33313214778900146,2.8988113403320312,-0.27371451258659363,0.4350009858608246,2.7330782413482666,-0.3060920536518097,0.45537474751472473,2.6999316215515137,-0.3708471655845642,0.496122270822525,2.633638381958008,-0.3828555941581726,0.47245803475379944,2.7081186771392822,-0.1709999442100525,0.11758217215538025,3.1594903469085693,-0.2827027440071106,0.11280949413776398,3.2544846534729004,-0.4286474287509918,0.320303738117218,3.1843042373657227,-0.6179903745651245,0.4016442894935608,3.0373847484588623,-0.6558589339256287,0.41791239380836487,3.0080008506774902,-0.7315961122512817,0.450448602437973,2.949233055114746,-0.6539586186408997,0.4472684860229492,2.934610605239868,-0.25974494218826294,0.5073630213737488,2.8757405281066895,-0.510061502456665,0.6005494594573975,2.5830676555633545,-0.4675406813621521,0.9393179416656494,2.669536828994751,-0.5232937335968018,1.0520648956298828,2.613884449005127,-0.39315932989120483,0.4990841746330261,2.987140655517578,-0.7550945281982422,0.5753036737442017,2.845038652420044,-0.7093868851661682,0.9174943566322327,2.9147908687591553,-0.7944396734237671,1.0236420631408691,2.894390821456909,-0.17700958251953125,-0.04726815223693848,3.1116695404052734,-0.173573836684227,-0.09808246791362762,3.1225569248199463,-0.12365676462650299,-0.1292843222618103,3.1355719566345215,-0.016691476106643677,-0.09151452034711838,3.163496255874634,-0.17000551521778107,-0.12352067232131958,3.1770989894866943,-0.1480129212141037,-0.0751841738820076,3.281155586242676,-0.4347827136516571,1.0146584510803223,2.7169106006622314,-0.6658000946044922,0.9961753487586975,2.9448416233062744
-0.3266555964946747,0.503280758857727,2.93144154548645,-0.2631509304046631,0.37571197748184204,2.9977526664733887,-0.2008618265390396,0.2476888746023178,3.064340591430664,-0.1385708451271057,0.11966192722320557,3.1309304237365723,-0.10554443299770355,0.12040373682975769,3.10347843170166,0.006130129098892212,0.12531501054763794,3.008455753326416,-0.11178851872682571,0.33328336477279663,2.898324966430664,-0.27345824241638184,0.4356948733329773,2.732698440551758,-0.3057921826839447,0.4561771750450134,2.699573040008545,-0.37046006321907043,0.4971417784690857,2.6333224773406982,-0.3825392723083496,0.47335121035575867,2.707754373550415,-0.1709202378988266,0.11752861738204956,3.1591060161590576,-0.28259479999542236,0.11261734366416931,3.2541286945343018,-0.4284713864326477,0.3210687041282654,3.1866564750671387,-0.6182177662849426,0.40461674332618713,3.041489601135254,-0.6561670303344727,0.42132633924484253,3.012456178665161,-0.7320655584335327,0.4547455608844757,2.9543895721435547,-0.6544986367225647,0.45150917768478394,2.9393932819366455,-0.25996047258377075,0.5075244903564453,2.8757331371307373,-0.5102877616882324,0.5997954607009888,2.5827770233154297,-0.467852383852005,0.9387634992599487,2.6685099601745605,-0.5236244201660156,1.051376461982727,2.6126043796539307,-0.3933507204055786,0.4990370273590088,2.987149953842163,-0.7550500631332397,0.5751356482505798,2.84437894821167,-0.7096048593521118,0.9173153638839722,2.9143643379211426,-0.7946590185165405,1.0234401226043701,2.8938469886779785,-0.17680802941322327,-0.04732644557952881,3.111299514770508,-0.17333132028579712,-0.0981401652097702,3.122194528579712,-0.12338565289974213,-0.129302516579628,3.1352148056030273,-0.016442865133285522,-0.09144049882888794,3.163135528564453,-0.16974222660064697,-0.12356986105442047,3.176743984222412,-0.14778652787208557,-0.07519799470901489,3.28080153465271,-0.43511658906936646,1.014215111732483,2.7157227993011475,-0.6661050915718079,0.996000349521637,2.9445319175720215
-0.32669496536254883,0.5036880373954773,2.9318277835845947,-0.2631641626358032,0.37606126070022583,2.998002529144287,-0.20084907114505768,0.24797679483890533,3.064448356628418,-0.1385321170091629,0.11988848447799683,3.1308960914611816,-0.1055309846997261,0.12063910067081451,3.1034140586853027,0.006056778132915497,0.1255815625190735,3.0082907676696777,-0.11180171370506287,0.33351975679397583,2.8979926109313965,-0.27333226799964905,0.436283141374588,2.732419967651367,-0.3056383728981018,0.4568358063697815,2.699305534362793,-0.3702505826950073,0.49794116616249084,2.6330764293670654,-0.3823646008968353,0.4741232395172119,2.7074999809265137,-0.17085593938827515,0.11774571239948273,3.1591005325317383,-0.28244370222091675,0.11280325055122375,3.2542238235473633,-0.4279900789260864,0.32246655225753784,3.189786434173584,-0.6180978417396545,0.40942323207855225,3.0470826625823975,-0.6561194062232971,0.42681455612182617,3.0185418128967285,-0.7321624755859375,0.4615972340106964,2.9614603519439697,-0.6547163128852844,0.4580194652080536,2.9458975791931152,-0.2600633203983307,0.5079312324523926,2.876041889190674,-0.5101896524429321,0.5995058417320251,2.5826892852783203,-0.468017041683197,0.9387965202331543,2.667285203933716,-0.5238163471221924,1.0511842966079712,2.6109511852264404,-0.39332661032676697,0.499444842338562,2.9876136779785156,-0.7549320459365845,0.5751107335090637,2.8443620204925537,-0.7094863653182983,0.9173431396484375,2.9141104221343994,-0.7945020198822021,1.0234686136245728,2.8934261798858643,-0.17661015689373016,-0.04718036949634552,3.1114470958709717,-0.1730828583240509,-0.09798512607812881,3.1223995685577393,-0.12309998273849487,-0.12908793985843658,3.1354551315307617,-0.016180410981178284,-0.09108513593673706,3.1633360385894775,-0.16946759819984436,-0.12335439026355743,3.1769838333129883,-0.14755535125732422,-0.07484009861946106,3.281001091003418,-0.43535974621772766,1.0144308805465698,2.714261770248413,-0.6659992337226868,0.9960454702377319,2.9442546367645264
-0.32691776752471924,0.50390625,2.9317262172698975,-0.2633930444717407,0.3762597441673279,2.9978694915771484,-0.20107196271419525,0.2481561154127121,3.0642733573913574,-0.13874901831150055,0.1200486570596695,3.1306793689727783,-0.1057506650686264,0.12080660462379456,3.103193759918213,0.005828753113746643,0.1257745921611786,3.008058786392212,-0.11206149309873581,0.3337046504020691,2.8977410793304443,-0.27347877621650696,0.43696755170822144,2.7323451042175293,-0.30576223134994507,0.45762011408805847,2.699265956878662,-0.3703291416168213,0.49892526865005493,2.6331076622009277,-0.38246697187423706,0.4750059247016907,2.7074999809265137,-0.17106997966766357,0.11789831519126892,3.158886432647705,-0.2826493978500366,0.11293033510446548,3.254021406173706,-0.42853960394859314,0.32292547821998596,3.1914024353027344,-0.6191114187240601,0.4115423262119293,3.050320863723755,-0.6572257876396179,0.42926570773124695,3.022104501724243,-0.7334544658660889,0.4647124409675598,2.9656717777252197,-0.6560846567153931,0.4610903263092041,2.9497196674346924,-0.26031041145324707,0.5081306099891663,2.875908136367798,-0.5098001956939697,0.5996288657188416,2.581986427307129,-0.46794524788856506,0.9391523599624634,2.6658129692077637,-0.5236783027648926,1.0513744354248047,2.609081745147705,-0.3935251235961914,0.49968186020851135,2.987544298171997,-0.7552171349525452,0.5749251842498779,2.844280958175659,-0.7093008160591125,0.9171220064163208,2.9139082431793213,-0.7941923141479492,1.0233503580093384,2.893235683441162,-0.1765860915184021,-0.0471523255109787,3.1116726398468018,-0.172989621758461,-0.09792925417423248,3.122767686843872,-0.12295970320701599,-0.1289290189743042,3.1359291076660156,-0.01608923077583313,-0.09069086611270905,3.1637494564056396,-0.1693580150604248,-0.12314700335264206,3.177431106567383,-0.14755108952522278,-0.07430845499038696,3.2813382148742676,-0.43541592359542847,1.0149195194244385,2.712665557861328,-0.665698230266571,0.9957782030105591,2.9440081119537354
-0.3273124396800995,0.5038655996322632,2.931321144104004,-0.2636931538581848,0.3762708306312561,2.997473955154419,-0.2012895941734314,0.24822066724300385,3.063904285430908,-0.13888415694236755,0.12016665935516357,3.1303365230560303,-0.10589013993740082,0.12093587219715118,3.102846145629883,0.005674712359905243,0.12594133615493774,3.007692337036133,-0.11219830065965652,0.3338947892189026,2.897383213043213,-0.27350932359695435,0.4375718832015991,2.7321324348449707,-0.30577152967453003,0.45830729603767395,2.699082374572754,-0.3702959418296814,0.499778151512146,2.632982015609741,-0.38245558738708496,0.4757790267467499,2.7073471546173096,-0.17119993269443512,0.1180056780576706,3.1585490703582764,-0.2827647924423218,0.11300022155046463,3.2537028789520264,-0.42929327487945557,0.32267680764198303,3.1914777755737305,-0.620345413684845,0.41083356738090515,3.050745725631714,-0.6585558652877808,0.4284649193286896,3.022599220275879,-0.7349767088890076,0.4637276232242584,2.966306447982788,-0.6576213240623474,0.46032676100730896,2.950225591659546,-0.26074814796447754,0.5080875754356384,2.8754494190216064,-0.5106710195541382,0.5998744964599609,2.5819685459136963,-0.4681664705276489,0.9393683671951294,2.6656367778778076,-0.5238469243049622,1.0516608953475952,2.608982563018799,-0.39387673139572144,0.49964362382888794,2.9871928691864014,-0.7555224895477295,0.5749289393424988,2.843798875808716,-0.7089110016822815,0.9169891476631165,2.913693904876709,-0.7935872077941895,1.0234097242355347,2.893097400665283,-0.1764732003211975,-0.04717986285686493,3.1118674278259277,-0.17280150949954987,-0.09792321175336838,3.1231305599212646,-0.12271879613399506,-0.12880969047546387,3.1364028453826904,-0.015892505645751953,-0.09031390398740768,3.164118766784668,-0.16913975775241852,-0.12296094745397568,3.1778855323791504,-0.1474185585975647,-0.07374244183301926,3.2816529273986816,-0.4354381561279297,1.0151021480560303,2.7124109268188477,-0.6651484370231628,0.995535671710968,2.9438576698303223
-0.3276614546775818,0.5037647485733032,2.9308865070343018,-0.2640400826931,0.37621548771858215,2.9971253871917725,-0.2016337364912033,0.24821211397647858,3.063643455505371,-0.13922551274299622,0.12020491063594818,3.1301634311676025,-0.10621781647205353,0.12097135186195374,3.102689504623413,0.005395449697971344,0.1259666383266449,3.0075881481170654,-0.11247644573450089,0.33394917845726013,2.897327423095703,-0.2737389802932739,0.4378455579280853,2.732163667678833,-0.3059914708137512,0.45862483978271484,2.6991310119628906,-0.3704964816570282,0.5001834034919739,2.6330654621124268,-0.3826667070388794,0.47613048553466797,2.7074124813079834,-0.17155492305755615,0.11804717779159546,3.158360719680786,-0.2831681966781616,0.1130518913269043,3.253462076187134,-0.4303143620491028,0.32204270362854004,3.1903843879699707,-0.621646523475647,0.4084325134754181,3.0489351749420166,-0.6599129438400269,0.4257104694843292,3.0206453800201416,-0.7364458441734314,0.4602664113044739,2.9640655517578125,-0.6590532064437866,0.4571784734725952,2.9480977058410645,-0.2611074447631836,0.5079368948936462,2.8749961853027344,-0.511486828327179,0.6003966927528381,2.5821115970611572,-0.46854400634765625,0.9398833513259888,2.665597915649414,-0.5242488384246826,1.052204966545105,2.609022617340088,-0.39421546459198,0.4995925724506378,2.986776828765869,-0.7559467554092407,0.5749459266662598,2.84362530708313,-0.7087885737419128,0.9169079065322876,2.913649082183838,-0.7933317422866821,1.023459792137146,2.8931775093078613,-0.17650660872459412,-0.047286078333854675,3.1121087074279785,-0.17275917530059814,-0.09800033271312714,3.123518228530884,-0.12262997031211853,-0.1287676990032196,3.1369378566741943,-0.015886038541793823,-0.0900021493434906,3.1646790504455566,-0.16911861300468445,-0.12288469821214676,3.1783559322357178,-0.14760389924049377,-0.07333365082740784,3.2820305824279785,-0.4356614649295807,1.015605092048645,2.712285041809082,-0.6648881435394287,0.9953778982162476,2.943814277648926
-0.3275684714317322,0.5035126805305481,2.9307069778442383,-0.2639419436454773,0.37600839138031006,2.997027635574341,-0.2015375792980194,0.24805042147636414,3.0636353492736816,-0.1391313523054123,0.1200886219739914,3.1302449703216553,-0.10609069466590881,0.12087252736091614,3.102810859680176,0.005635976791381836,0.12592662870883942,3.0078439712524414,-0.11248062551021576,0.3337661623954773,2.897521734237671,-0.27374058961868286,0.437755286693573,2.7323808670043945,-0.30599257349967957,0.45855310559272766,2.699352741241455,-0.37049657106399536,0.5001487731933594,2.633296251296997,-0.38268622756004333,0.47601479291915894,2.707620859146118,-0.17149372398853302,0.11791393160820007,3.158402919769287,-0.28322041034698486,0.1128598302602768,3.2533698081970215,-0.43097183108329773,0.32098299264907837,3.188762903213501,-0.6223859786987305,0.40490788221359253,3.0459086894989014,-0.6606687903404236,0.4216928482055664,3.0173377990722656,-0.7372344732284546,0.45526280999183655,2.960196018218994,-0.6597586274147034,0.45256945490837097,2.9445300102233887,-0.26095741987228394,0.5077168345451355,2.874884605407715,-0.5118604302406311,0.6007258296012878,2.5825939178466797,-0.46890103816986084,0.939815878868103,2.6677465438842773,-0.5247164964675903,1.0524123907089233,2.6118123531341553,-0.3941795229911804,0.4993084967136383,2.9865293502807617,-0.7559627890586853,0.574958086013794,2.843606948852539,-0.7085942029953003,0.9168410897254944,2.913968086242676,-0.7930965423583984,1.023463249206543,2.8936450481414795,-0.1763797104358673,-0.04744839668273926,3.1122887134552,-0.17263047397136688,-0.09816156327724457,3.1237401962280273,-0.12249661982059479,-0.12891557812690735,3.1372158527374268,-0.015759363770484924,-0.09010572731494904,3.164999008178711,-0.16901931166648865,-0.12300845980644226,3.178607225418091,-0.14757367968559265,-0.07336890697479248,3.2822747230529785,-0.4359760880470276,1.015313744544983,2.714775323867798,-0.6646372079849243,0.9952613711357117,2.9441962242126465
-0.3271557688713074,0.5033428072929382,2.9304943084716797,-0.2635868787765503,0.3758466839790344,2.9968862533569336,-0.20126400887966156,0.24789561331272125,3.0635836124420166,-0.1389392763376236,0.11994071304798126,3.1302828788757324,-0.10584727674722672,0.12074190378189087,3.1029112339019775,0.006059691309928894,0.12585511803627014,3.008152961730957,-0.11245572566986084,0.3335329294204712,2.897813320159912,-0.27385494112968445,0.4373307228088379,2.7326011657714844,-0.30613479018211365,0.45809027552604675,2.699558734893799,-0.37069448828697205,0.4996093809604645,2.6334738731384277,-0.38288384675979614,0.4754035472869873,2.707793951034546,-0.17135387659072876,0.11774879693984985,3.158379554748535,-0.28326085209846497,0.11263558268547058,3.2531378269195557,-0.4310082495212555,0.3202691674232483,3.1867315769195557,-0.6218129396438599,0.4029758870601654,3.0422604084014893,-0.6599738597869873,0.4195172190666199,3.013366222381592,-0.736295759677887,0.4525999128818512,2.955577850341797,-0.6587037444114685,0.4500170052051544,2.9403858184814453,-0.2604404091835022,0.5076042413711548,2.8747992515563965,-0.5119386911392212,0.6008956432342529,2.5830800533294678,-0.46886956691741943,0.9395248889923096,2.670073986053467,-0.5247775316238403,1.052436113357544,2.614851951599121,-0.39387112855911255,0.49908140301704407,2.986189365386963,-0.7558261156082153,0.5749540328979492,2.8437581062316895,-0.7088733911514282,0.916800320148468,2.914674997329712,-0.7935429811477661,1.0233465433120728,2.8945977687835693,-0.17625576257705688,-0.047608062624931335,3.1123454570770264,-0.17255344986915588,-0.09832465648651123,3.1238303184509277,-0.12245240807533264,-0.12910403311252594,3.1374073028564453,-0.01572549343109131,-0.09033408015966415,3.1653544902801514,-0.16904783248901367,-0.12314951419830322,3.1787233352661133,-0.14774589240550995,-0.07346294820308685,3.282416343688965,-0.4358772039413452,1.0147641897201538,2.7174792289733887,-0.6649993062019348,0.9952336549758911,2.9450063705444336
-0.3273516893386841,0.5029124617576599,2.930330514907837,-0.2637368440628052,0.3754284977912903,2.9967126846313477,-0.20140989124774933,0.24748797714710236,3.0634372234344482,-0.13908106088638306,0.11954362690448761,3.1301639080047607,-0.10598091781139374,0.12034821510314941,3.102800130844116,0.00596194714307785,0.12547318637371063,3.0080618858337402,-0.11247443407773972,0.33329254388809204,2.897789716720581,-0.2738168239593506,0.43722259998321533,2.732534646987915,-0.3060852885246277,0.45800861716270447,2.699483633041382,-0.3706222474575043,0.49958062171936035,2.6333816051483154,-0.38284921646118164,0.47533220052719116,2.7076969146728516,-0.17150378227233887,0.11734846234321594,3.158252716064453,-0.28344663977622986,0.11222349852323532,3.252990961074829,-0.4302661418914795,0.32029205560684204,3.185703992843628,-0.620184063911438,0.4041856825351715,3.0406692028045654,-0.6581676602363586,0.42096441984176636,3.011662244796753,-0.7341348528862,0.45452186465263367,2.953648328781128,-0.6564979553222656,0.4515064060688019,2.9386918544769287,-0.26064422726631165,0.5071945190429688,2.8746273517608643,-0.5136245489120483,0.6007297039031982,2.584226608276367,-0.46938562393188477,0.9386652708053589,2.673419952392578,-0.5253176689147949,1.0520964860916138,2.619270086288452,-0.3940591514110565,0.4986304044723511,2.9860336780548096,-0.7561501264572144,0.5747911334037781,2.8440120220184326,-0.7093542218208313,0.9166723489761353,2.9150078296661377,-0.7941157817840576,1.023179531097412,2.8950343132019043,-0.17649514973163605,-0.04798656702041626,3.1121246814727783,-0.1728314757347107,-0.09871482849121094,3.123589038848877,-0.12275411188602448,-0.129534512758255,3.137183427810669,-0.0160113126039505,-0.09084169566631317,3.165215492248535,-0.16937455534934998,-0.1235693022608757,3.1784772872924805,-0.14810258150100708,-0.07394027709960938,3.282214403152466,-0.43599528074264526,1.0135000944137573,2.721200942993164,-0.6655017137527466,0.9951303601264954,2.945330858230591
-0.3271517753601074,0.5026316046714783,2.930039882659912,-0.263557493686676,0.37521493434906006,2.996596336364746,-0.20128296315670013,0.2473406195640564,3.0635221004486084,-0.139006569981575,0.11946247518062592,3.1304497718811035,-0.10586775839328766,0.12025138735771179,3.103127956390381,0.006204031407833099,0.12532134354114532,3.0085320472717285,-0.11278845369815826,0.3327011466026306,2.8979780673980713,-0.2752133011817932,0.4333465099334717,2.731720447540283,-0.3076982796192169,0.45347559452056885,2.6984689235687256,-0.37266820669174194,0.4937337338924408,2.6319658756256104,-0.3846328854560852,0.47012758255004883,2.7065374851226807,-0.17146851122379303,0.11728370189666748,3.158499240875244,-0.2835403084754944,0.11221374571323395,3.2530951499938965,-0.4300956130027771,0.31999391317367554,3.1842710971832275,-0.6194033622741699,0.40405502915382385,3.0384998321533203,-0.6572649478912354,0.42086726427078247,3.009345531463623,-0.7329880595207214,0.4544917047023773,2.9510371685028076,-0.6553133130073547,0.4512218236923218,2.9362969398498535,-0.2603897750377655,0.506883442401886,2.8743889331817627,-0.5144482254981995,0.6005374193191528,2.584883451461792,-0.4691677391529083,0.9379756450653076,2.6756436824798584,-0.5250615477561951,1.051815390586853,2.6222620010375977,-0.39391377568244934,0.49837976694107056,2.9856908321380615,-0.7563858032226562,0.5744422674179077,2.8444151878356934,-0.7096028327941895,0.9163748025894165,2.9154489040374756,-0.7944697737693787,1.0228649377822876,2.8956830501556396,-0.17636965215206146,-0.04810599982738495,3.112227201461792,-0.17272084951400757,-0.09885409474372864,3.123670816421509,-0.12265346944332123,-0.12968303263187408,3.1373510360717773,-0.015945151448249817,-0.09098197519779205,3.1656301021575928,-0.16937045753002167,-0.12374831736087799,3.17856502532959,-0.14830996096134186,-0.07416693866252899,3.282402753829956,-0.4354429841041565,1.0125083923339844,2.723690986633301,-0.6657195091247559,0.9948556423187256,2.9457154273986816
-0.32660365104675293,0.50325608253479,2.9305102825164795,-0.263082355260849,0.3758535385131836,2.9971683025360107,-0.2008718103170395,0.2479894906282425,3.064177989959717,-0.13865940272808075,0.12012161314487457,3.1311895847320557,-0.10552246868610382,0.12087289988994598,3.103863477706909,0.006542995572090149,0.12581412494182587,3.0092525482177734,-0.11247279495000839,0.3331359624862671,2.8985579013824463,-0.2754099667072296,0.4319067597389221,2.7316434383392334,-0.3079974055290222,0.4516609311103821,2.698260545730591,-0.3731722831726074,0.4911692440509796,2.6314947605133057,-0.385021448135376,0.46798136830329895,2.706223487854004,-0.17112015187740326,0.11798055469989777,3.1592440605163574,-0.28318560123443604,0.11303933709859848,3.253854990005493,-0.42933499813079834,0.3213259279727936,3.1856093406677246,-0.6185455322265625,0.40748563408851624,3.0409011840820312,-0.6563876271247864,0.42471757531166077,3.0119595527648926,-0.7320718765258789,0.45918145775794983,2.9540762901306152,-0.6544634699821472,0.455449640750885,2.9390602111816406,-0.259793758392334,0.5074756145477295,2.874908924102783,-0.5135370492935181,0.6004911065101624,2.5848984718322754,-0.46859654784202576,0.9382506608963013,2.674685478210449,-0.5245072245597839,1.051892876625061,2.620887041091919,-0.3934135437011719,0.499036580324173,2.986111640930176,-0.7560052871704102,0.5744284987449646,2.8447368144989014,-0.7097198963165283,0.9165507555007935,2.9152557849884033,-0.7947466373443604,1.0228910446166992,2.8953299522399902,-0.17646382749080658,-0.047282278537750244,3.1123387813568115,-0.1729525625705719,-0.09808295220136642,3.123595952987671,-0.12296947091817856,-0.12909582257270813,3.137174367904663,-0.01616327464580536,-0.0907822996377945,3.165621757507324,-0.16968166828155518,-0.12318915873765945,3.1783998012542725,-0.1485145092010498,-0.07404674589633942,3.2824273109436035,-0.43497949838638306,1.0129563808441162,2.7225472927093506,-0.6659491658210754,0.9951447248458862,2.945404052734375
-0.32633739709854126,0.5033963322639465,2.931422233581543,-0.2628086805343628,0.3760715126991272,2.998224973678589,-0.20058564841747284,0.24828986823558807,3.0653834342956543,-0.13836075365543365,0.12050439417362213,3.1325440406799316,-0.10521477460861206,0.1212371289730072,3.1052277088165283,0.006883092224597931,0.12611348927021027,3.010646104812622,-0.1123904138803482,0.33302003145217896,2.8993916511535645,-0.27586764097213745,0.4295775890350342,2.7316744327545166,-0.30856308341026306,0.4488891065120697,2.6981310844421387,-0.3739539682865143,0.48751211166381836,2.6310441493988037,-0.3856884241104126,0.4648318588733673,2.7059547901153564,-0.17083042860031128,0.1183827817440033,3.160590171813965,-0.2829282879829407,0.11350642144680023,3.255171775817871,-0.4294523298740387,0.32163408398628235,3.1871449947357178,-0.6188942193984985,0.40835660696029663,3.0430331230163574,-0.6567826271057129,0.4257011115550995,3.0142107009887695,-0.7325593829154968,0.4603901207447052,2.9565658569335938,-0.6549807190895081,0.45660072565078735,2.941370725631714,-0.25946706533432007,0.5076250433921814,2.8758890628814697,-0.5123307704925537,0.6004501581192017,2.5850255489349365,-0.46798908710479736,0.9380990266799927,2.6755869388580322,-0.5238087177276611,1.0517972707748413,2.621796131134033,-0.39320772886276245,0.49916765093803406,2.986955404281616,-0.755879282951355,0.5744414329528809,2.845670700073242,-0.709699809551239,0.9164913892745972,2.916688919067383,-0.794767439365387,1.0228372812271118,2.8969242572784424,-0.17684617638587952,-0.04665429890155792,3.1126089096069336,-0.17354467511177063,-0.09754986315965652,3.123544931411743,-0.12368277460336685,-0.12885800004005432,3.136944055557251,-0.0167103111743927,-0.09115371853113174,3.1656763553619385,-0.17039451003074646,-0.12302350997924805,3.178199529647827,-0.1490602344274521,-0.07462266832590103,3.2825663089752197,-0.4346019923686981,1.012749195098877,2.7237043380737305,-0.6659507751464844,0.9950594305992126,2.9469499588012695
-0.3261905610561371,0.5029938817024231,2.9318113327026367,-0.2626505196094513,0.3757849931716919,2.9988276958465576,-0.20040342211723328,0.24812014400959015,3.0661895275115967,-0.13815446197986603,0.12045146524906158,3.1335535049438477,-0.10498258471488953,0.1211763322353363,3.1062676906585693,0.0072080641984939575,0.12602382898330688,3.011782646179199,-0.11249867081642151,0.3324623703956604,2.900069236755371,-0.27656999230384827,0.42684850096702576,2.731663227081299,-0.3093842566013336,0.4457257390022278,2.6979820728302,-0.3750127851963043,0.48348018527030945,2.630619764328003,-0.38661426305770874,0.4612465500831604,2.7056922912597656,-0.17064976692199707,0.11833900213241577,3.1615712642669678,-0.28284043073654175,0.11349150538444519,3.256056308746338,-0.42983561754226685,0.3210720419883728,3.187286853790283,-0.6194452047348022,0.4068956971168518,3.042818069458008,-0.6573671102523804,0.4240604341030121,3.0139243602752686,-0.7332109212875366,0.45838987827301025,2.95613694190979,-0.655612051486969,0.4547273814678192,2.9409773349761963,-0.25923290848731995,0.5072360634803772,2.8763794898986816,-0.5115207433700562,0.6000345349311829,2.5849695205688477,-0.4674096703529358,0.9373862147331238,2.6768391132354736,-0.5231084227561951,1.0512802600860596,2.6233127117156982,-0.3931482136249542,0.498751699924469,2.987243175506592,-0.755528450012207,0.5743303298950195,2.8452961444854736,-0.7096335291862488,0.9164682626724243,2.916199207305908,-0.7947137355804443,1.0227727890014648,2.8961992263793945,-0.17718756198883057,-0.04647572338581085,3.1123709678649902,-0.1740594357252121,-0.09747425466775894,3.1229405403137207,-0.12429548799991608,-0.12905192375183105,3.1361446380615234,-0.017188221216201782,-0.09190032631158829,3.1652235984802246,-0.17102649807929993,-0.1233629435300827,3.177424669265747,-0.14959275722503662,-0.07578156143426895,3.2821834087371826,-0.4341397285461426,1.0118720531463623,2.725304365158081,-0.6659751534461975,0.9950793981552124,2.946500301361084
-0.3261079788208008,0.5026630163192749,2.9318954944610596,-0.26257264614105225,0.3755309581756592,2.9990663528442383,-0.20032444596290588,0.24794277548789978,3.0665764808654785,-0.1380743831396103,0.12035076320171356,3.1340887546539307,-0.1048654168844223,0.12108632922172546,3.1068475246429443,0.007458053529262543,0.12596924602985382,3.012507200241089,-0.11224003881216049,0.33244001865386963,2.9008305072784424,-0.27638474106788635,0.42617014050483704,2.732121706008911,-0.30921369791030884,0.44491615891456604,2.6983799934387207,-0.3748715817928314,0.48240819573402405,2.6308963298797607,-0.38648954033851624,0.4602638781070709,2.7059946060180664,-0.17060677707195282,0.11822843551635742,3.1620635986328125,-0.28293025493621826,0.11334551870822906,3.256403923034668,-0.4304485321044922,0.32015466690063477,3.1864192485809326,-0.6201639175415039,0.4041611850261688,3.0410146713256836,-0.6581069827079773,0.42096248269081116,3.0119338035583496,-0.7339931130409241,0.4545650780200958,2.9537720680236816,-0.6563441753387451,0.4511775076389313,2.9387967586517334,-0.2590629458427429,0.5069361329078674,2.8765666484832764,-0.5103699564933777,0.5994355082511902,2.5841846466064453,-0.46687692403793335,0.9368982315063477,2.676018714904785,-0.522479236125946,1.0507198572158813,2.622218370437622,-0.39315301179885864,0.4983898997306824,2.9872243404388428,-0.7553431987762451,0.5743201971054077,2.844917058944702,-0.7097599506378174,0.9165043830871582,2.9158987998962402,-0.7948876023292542,1.0227607488632202,2.8957910537719727,-0.1772957146167755,-0.04642966389656067,3.111740827560425,-0.17424462735652924,-0.09751506894826889,3.1219794750213623,-0.12452451139688492,-0.12925037741661072,3.1350464820861816,-0.017382174730300903,-0.09241580963134766,3.1645267009735107,-0.17131862044334412,-0.12377510964870453,3.1763100624084473,-0.14996546506881714,-0.07690253853797913,3.281440258026123,-0.4338451623916626,1.0114452838897705,2.7245635986328125,-0.6661896109580994,0.9951469898223877,2.9462618827819824
-0.3261152505874634,0.5022978186607361,2.9315781593322754,-0.26253050565719604,0.37521499395370483,2.998797655105591,-0.200242280960083,0.2476753294467926,3.0663650035858154,-0.13795219361782074,0.12013185024261475,3.133934259414673,-0.10473345220088959,0.12087690830230713,3.1067049503326416,0.007626369595527649,0.1257914900779724,3.0124006271362305,-0.11174946278333664,0.3326292335987091,2.90101957321167,-0.2756025195121765,0.4271377921104431,2.7324378490448,-0.3083731234073639,0.44603949785232544,2.698721408843994,-0.37391436100006104,0.4838429093360901,2.631288766860962,-0.38562971353530884,0.4615156352519989,2.7063229084014893,-0.17049391567707062,0.1180005669593811,3.161898136138916,-0.28285372257232666,0.11308598518371582,3.256202459335327,-0.4309031367301941,0.3190617561340332,3.184833526611328,-0.6207815408706665,0.40075740218162537,3.038301944732666,-0.658757209777832,0.4170965254306793,3.008995532989502,-0.7347085475921631,0.44977477192878723,2.950382947921753,-0.6570017337799072,0.44672077894210815,2.9356117248535156,-0.25909119844436646,0.5065503120422363,2.876217842102051,-0.5106615424156189,0.5990596413612366,2.584061622619629,-0.4670303165912628,0.9368489980697632,2.674631118774414,-0.5226935744285583,1.0504817962646484,2.620493173599243,-0.3931393027305603,0.49804532527923584,2.9869384765625,-0.7551913261413574,0.5741634368896484,2.8443715572357178,-0.7095500826835632,0.9163696765899658,2.9152228832244873,-0.7946311831474304,1.022643804550171,2.895005464553833,-0.1772143393754959,-0.04662184417247772,3.111163377761841,-0.17418158054351807,-0.0977436900138855,3.121284246444702,-0.12446575611829758,-0.12953028082847595,3.134305477142334,-0.017305582761764526,-0.09278614073991776,3.1639373302459717,-0.1712910681962967,-0.12413953989744186,3.1755659580230713,-0.14997732639312744,-0.07751236110925674,3.2808423042297363,-0.4339321553707123,1.0115678310394287,2.722867012023926,-0.6659759879112244,0.9950137138366699,2.9455790519714355
-0.32593655586242676,0.5018253326416016,2.931196451187134,-0.26239344477653503,0.37475425004959106,2.9984781742095947,-0.2001398503780365,0.24722786247730255,3.066103219985962,-0.13788437843322754,0.11969766020774841,3.133730173110962,-0.1046588271856308,0.1204288899898529,3.106508731842041,0.00772557407617569,0.12529607117176056,3.0122294425964355,-0.11166371405124664,0.3322788178920746,2.9010860919952393,-0.27560320496559143,0.42692357301712036,2.7326364517211914,-0.30839109420776367,0.44585251808166504,2.698946475982666,-0.37396687269210815,0.4837104380130768,2.6315665245056152,-0.3856489658355713,0.4613288640975952,2.7065958976745605,-0.17043331265449524,0.11758032441139221,3.161686897277832,-0.2828177213668823,0.11271315068006516,3.2559661865234375,-0.43114832043647766,0.31794366240501404,3.1829800605773926,-0.6210459470748901,0.39715567231178284,3.035083293914795,-0.6590254902839661,0.4129980802536011,3.0055038928985596,-0.7349845170974731,0.44468289613723755,2.946345329284668,-0.6572112441062927,0.4419223666191101,2.9318363666534424,-0.25891828536987305,0.5060181617736816,2.875821113586426,-0.5107190608978271,0.5984727144241333,2.583815336227417,-0.46723562479019165,0.9367755651473999,2.6725995540618896,-0.5230426788330078,1.050093650817871,2.6179325580596924,-0.39295482635498047,0.4976325035095215,2.986571788787842,-0.7551031708717346,0.5736117362976074,2.8441126346588135,-0.709466278553009,0.9159063100814819,2.9146389961242676,-0.7945751547813416,1.0221580266952515,2.894366979598999,-0.17693841457366943,-0.047157883644104004,3.111154317855835,-0.17384468019008636,-0.0982707142829895,3.1213419437408447,-0.12408589571714401,-0.1299837827682495,3.1344196796417236,-0.016964346170425415,-0.09306378662586212,3.16404128074646,-0.17093701660633087,-0.12459852546453476,3.175665855407715,-0.14970919489860535,-0.0778055340051651,3.280905246734619,-0.43413880467414856,1.011770486831665,2.720416784286499,-0.6658843755722046,0.9945873022079468,2.9449050426483154
-0.32606229186058044,0.5018047094345093,2.9307472705841064,-0.2625044882297516,0.37475502490997314,2.9980568885803223,-0.20023295283317566,0.24725161492824554,3.0657098293304443,-0.1379595398902893,0.11974437534809113,3.1333649158477783,-0.1047477126121521,0.12045851349830627,3.106125831604004,0.007592357695102692,0.1252669245004654,3.011784076690674,-0.11144159734249115,0.3325966000556946,2.900846242904663,-0.27509063482284546,0.4282178282737732,2.7326290607452393,-0.3078204393386841,0.44734206795692444,2.6989855766296387,-0.37328004837036133,0.4855905771255493,2.6316986083984375,-0.385037362575531,0.4630407691001892,2.706674098968506,-0.17049454152584076,0.11764439940452576,3.161339044570923,-0.28283461928367615,0.11283598840236664,3.255680799484253,-0.431384801864624,0.31733056902885437,3.1810035705566406,-0.6212564706802368,0.3939598500728607,3.0316779613494873,-0.6592308282852173,0.40928569436073303,3.0018129348754883,-0.7351794838905334,0.43993741273880005,2.942082643508911,-0.6573370695114136,0.43747031688690186,2.9278531074523926,-0.25912681221961975,0.505894124507904,2.8752617835998535,-0.5119720697402954,0.5985184907913208,2.5841572284698486,-0.46815142035484314,0.9374165534973145,2.6706230640411377,-0.5242050886154175,1.0503931045532227,2.615467071533203,-0.39299777150154114,0.4977152645587921,2.9862327575683594,-0.7552372813224792,0.5733474493026733,2.84370493888855,-0.7091798782348633,0.9157341718673706,2.913694143295288,-0.7941886782646179,1.0220609903335571,2.8932981491088867,-0.1765461266040802,-0.04730817675590515,3.1113123893737793,-0.17330008745193481,-0.09838587790727615,3.121655225753784,-0.12343910336494446,-0.1299186497926712,3.13480806350708,-0.01640033721923828,-0.09259616583585739,3.164271354675293,-0.1702919602394104,-0.12454241514205933,3.176063060760498,-0.1491500735282898,-0.07736348360776901,3.281160831451416,-0.4348599910736084,1.012723684310913,2.717830181121826,-0.6654911637306213,0.9944208264350891,2.9438226222991943
-0.3263927102088928,0.5017734169960022,2.9303927421569824,-0.26277148723602295,0.37478071451187134,2.997750997543335,-0.20042826235294342,0.24733704328536987,3.0654516220092773,-0.13808315992355347,0.11988955736160278,3.1331543922424316,-0.1049058586359024,0.12057273089885712,3.105872392654419,0.007324345409870148,0.125274658203125,3.0113747119903564,-0.11114537715911865,0.33309218287467957,2.9006571769714355,-0.27431023120880127,0.4303300976753235,2.7328429222106934,-0.30694320797920227,0.4497776925563812,2.699280023574829,-0.3722091317176819,0.4886728525161743,2.6321542263031006,-0.3840819001197815,0.4658733904361725,2.707047700881958,-0.1705828607082367,0.11782117187976837,3.161172389984131,-0.28281307220458984,0.11311925202608109,3.2556700706481934,-0.4313673973083496,0.31706616282463074,3.1793887615203857,-0.6211538314819336,0.39135652780532837,3.0287179946899414,-0.6591111421585083,0.4062145948410034,2.9985837936401367,-0.7350257039070129,0.4359307289123535,2.9383153915405273,-0.6571190357208252,0.43367448449134827,2.924342632293701,-0.2595885694026947,0.5057209134101868,2.87473726272583,-0.5140196084976196,0.5988442301750183,2.585095167160034,-0.4691970944404602,0.9382020235061646,2.669435977935791,-0.5254637598991394,1.0509675741195679,2.614013910293579,-0.39319685101509094,0.4978259205818176,2.9860482215881348,-0.7555148005485535,0.5732042789459229,2.8434176445007324,-0.7085188031196594,0.9156264662742615,2.912876844406128,-0.7932778000831604,1.0221588611602783,2.8923730850219727,-0.17654787003993988,-0.04724283516407013,3.1112849712371826,-0.17323841154575348,-0.09831708669662476,3.1216654777526855,-0.12332147359848022,-0.12979698181152344,3.1347756385803223,-0.016260579228401184,-0.09234379231929779,3.164064407348633,-0.17012901604175568,-0.12443151324987411,3.176098108291626,-0.1488819718360901,-0.0771416500210762,3.2811450958251953,-0.43550071120262146,1.0137327909469604,2.7160236835479736,-0.6646004915237427,0.9942563772201538,2.942864418029785
-0.32677608728408813,0.5014357566833496,2.9300267696380615,-0.2630998492240906,0.3744637370109558,2.9973769187927246,-0.20069697499275208,0.24704302847385406,3.065070867538452,-0.13829222321510315,0.1196185052394867,3.1327667236328125,-0.10517387837171555,0.12025076150894165,3.1054110527038574,0.006914444267749786,0.12478066980838776,3.010610342025757,-0.11072590947151184,0.3334484398365021,2.900285482406616,-0.2731620669364929,0.4333989918231964,2.7331624031066895,-0.3056493103504181,0.45338910818099976,2.699737787246704,-0.37062376737594604,0.49336934089660645,2.6328885555267334,-0.3826766610145569,0.4701298475265503,2.7076609134674072,-0.170732319355011,0.11760130524635315,3.160858154296875,-0.2828206419944763,0.11307139694690704,3.2556588649749756,-0.43113893270492554,0.31653594970703125,3.1771926879882812,-0.6207332611083984,0.3878135681152344,3.0246174335479736,-0.658652126789093,0.402069091796875,2.9941024780273438,-0.7344898581504822,0.43058013916015625,2.933072328567505,-0.6564711928367615,0.42854005098342896,2.9194648265838623,-0.2601662278175354,0.5051858425140381,2.8741204738616943,-0.5176337957382202,0.5987111926078796,2.5870437622070312,-0.470733106136322,0.9384541511535645,2.6693825721740723,-0.5272970795631409,1.0512092113494873,2.6140785217285156,-0.39338594675064087,0.49768567085266113,2.9859330654144287,-0.7558541297912598,0.572259783744812,2.8427371978759766,-0.7075221538543701,0.9148294925689697,2.911400318145752,-0.7919184565544128,1.021685004234314,2.8906428813934326,-0.1765163242816925,-0.04763823747634888,3.111222982406616,-0.17310142517089844,-0.09869813174009323,3.1216790676116943,-0.12310075014829636,-0.1300773173570633,3.134753465652466,-0.016036808490753174,-0.09239080548286438,3.163801431655884,-0.16985240578651428,-0.12472574412822723,3.1761553287506104,-0.14849983155727386,-0.07722800225019455,3.28110671043396,-0.4362449049949646,1.0141167640686035,2.715263605117798,-0.6632794141769409,0.9934008717536926,2.94120717048645
-0.3267064690589905,0.5013424754142761,2.930250644683838,-0.2630733251571655,0.37427395582199097,2.9974637031555176,-0.2007046341896057,0.2467561513185501,3.0650103092193604,-0.13833408057689667,0.11923453211784363,3.132558822631836,-0.10524752736091614,0.11985248327255249,3.10516357421875,0.00676349550485611,0.12433651834726334,3.0102040767669678,-0.11065392941236496,0.3333527445793152,2.900123119354248,-0.27278733253479004,0.4347440004348755,2.7334656715393066,-0.3052140176296234,0.45502224564552307,2.70013427734375,-0.37006738781929016,0.49557873606681824,2.6334712505340576,-0.3821870684623718,0.4720625877380371,2.708169937133789,-0.17074273526668549,0.11723056435585022,3.1606884002685547,-0.28275376558303833,0.11274652928113937,3.255647897720337,-0.43062731623649597,0.3164726197719574,3.1767711639404297,-0.620048999786377,0.3872186839580536,3.023615837097168,-0.6579333543777466,0.4013679027557373,2.9929847717285156,-0.7337020635604858,0.42966634035110474,2.931722640991211,-0.6556389331817627,0.4276024103164673,2.918243408203125,-0.26015403866767883,0.5050599575042725,2.8742709159851074,-0.5186188220977783,0.5986433029174805,2.58807373046875,-0.47128140926361084,0.9378805756568909,2.6723265647888184,-0.5279412269592285,1.0510060787200928,2.6178605556488037,-0.3932588994503021,0.4976249933242798,2.9862303733825684,-0.7557594180107117,0.5715366005897522,2.8426992893218994,-0.7075470685958862,0.9142577648162842,2.9108102321624756,-0.7919712662696838,1.0210615396499634,2.8898398876190186,-0.17634068429470062,-0.048145592212677,3.1115574836730957,-0.17282931506633759,-0.09917161613702774,3.1221532821655273,-0.12275660037994385,-0.130437970161438,3.1352298259735107,-0.01569707691669464,-0.09250451624393463,3.1639840602874756,-0.1694454401731491,-0.12503965198993683,3.176699161529541,-0.14798212051391602,-0.07720929384231567,3.281480073928833,-0.4366156756877899,1.0132511854171753,2.7185661792755127,-0.663334846496582,0.9928968548774719,2.9405040740966797
-0.3261690139770508,0.5014105439186096,2.9311540126800537,-0.26266956329345703,0.37421083450317383,2.9982502460479736,-0.20042048394680023,0.24655839800834656,3.0656578540802,-0.138169527053833,0.11890213191509247,3.1330673694610596,-0.10511404275894165,0.11948239803314209,3.105632781982422,0.006821773946285248,0.12384115904569626,3.0105173587799072,-0.11093848943710327,0.33261942863464355,2.9002833366394043,-0.27348214387893677,0.4336058795452118,2.7337381839752197,-0.30599087476730347,0.4538031816482544,2.7004292011260986,-0.37100833654403687,0.4941977560520172,2.6338112354278564,-0.38296669721603394,0.4708128571510315,2.7085859775543213,-0.1705484390258789,0.1169343888759613,3.1612346172332764,-0.2824842631816864,0.11257562786340714,3.256350040435791,-0.4293227195739746,0.31765490770339966,3.1789655685424805,-0.618578314781189,0.3911508619785309,3.026858329772949,-0.6564294099807739,0.40585005283355713,2.996436834335327,-0.7321316599845886,0.4352484345436096,2.935593843460083,-0.6541146039962769,0.43265852332115173,2.9218909740448,-0.2596500813961029,0.5050639510154724,2.875127077102661,-0.5179219841957092,0.598279595375061,2.588620185852051,-0.4706055819988251,0.9373043775558472,2.6737773418426514,-0.527184247970581,1.0505809783935547,2.6195318698883057,-0.39268794655799866,0.4977571368217468,2.9871809482574463,-0.755221962928772,0.5710102319717407,2.8433659076690674,-0.7078326940536499,0.9140311479568481,2.9105916023254395,-0.7924936413764954,1.0205872058868408,2.8892924785614014,-0.1764703243970871,-0.04840591549873352,3.1119565963745117,-0.1730124056339264,-0.09945148229598999,3.122488260269165,-0.12295648455619812,-0.1308082640171051,3.135425567626953,-0.015775606036186218,-0.09306411445140839,3.163999557495117,-0.16955269873142242,-0.12538713216781616,3.1770005226135254,-0.14779824018478394,-0.0777042806148529,3.281795024871826,-0.4359738826751709,1.0125538110733032,2.720244884490967,-0.663815975189209,0.9928527474403381,2.9400999546051025
-0.3261132836341858,0.5013356804847717,2.9317586421966553,-0.2626088857650757,0.3740715980529785,2.9987354278564453,-0.20035620033740997,0.24635589122772217,3.0660269260406494,-0.13810165226459503,0.118636354804039,3.1333203315734863,-0.10506567358970642,0.11921961605548859,3.105861186981201,0.006823919713497162,0.12359054386615753,3.010645627975464,-0.11150304973125458,0.3317604660987854,2.8998613357543945,-0.2747003138065338,0.4310542345046997,2.732933282852173,-0.30733975768089294,0.4509129822254181,2.69954776763916,-0.3726186752319336,0.49063047766685486,2.6327764987945557,-0.38437703251838684,0.4676452875137329,2.7077078819274902,-0.1704609990119934,0.11666496098041534,3.161511182785034,-0.2823505997657776,0.1122940331697464,3.2567267417907715,-0.4286581873893738,0.3184466063976288,3.181199550628662,-0.6179398894309998,0.39477765560150146,3.030522584915161,-0.655796229839325,0.410043865442276,3.000387191772461,-0.7315089106559753,0.4405762851238251,2.9401164054870605,-0.6535592079162598,0.4375917911529541,2.926107883453369,-0.2596011757850647,0.5050342679023743,2.875722646713257,-0.5181170701980591,0.5978193879127502,2.589289426803589,-0.47054722905158997,0.9363577365875244,2.6762397289276123,-0.5270604491233826,1.049961805343628,2.622609853744507,-0.3926253914833069,0.4976370632648468,2.9877946376800537,-0.7549190521240234,0.5707635879516602,2.8432974815368652,-0.707794189453125,0.9138518571853638,2.9103879928588867,-0.7924620509147644,1.020359992980957,2.888866662979126,-0.17666757106781006,-0.04862488806247711,3.112294912338257,-0.17327503859996796,-0.09967321157455444,3.1228392124176025,-0.12325264513492584,-0.13110004365444183,3.1357414722442627,-0.01598888635635376,-0.09350380301475525,3.164208173751831,-0.16980436444282532,-0.1255977302789688,3.1773574352264404,-0.14788542687892914,-0.07791391015052795,3.2821197509765625,-0.43585288524627686,1.011335849761963,2.723099946975708,-0.6638633012771606,0.9927119016647339,2.939925193786621
-0.3265048861503601,0.5009152293205261,2.9315285682678223,-0.26289352774620056,0.3736587166786194,2.9984474182128906,-0.2005624920129776,0.24595294892787933,3.0657143592834473,-0.1382295787334442,0.11824335157871246,3.132983446121216,-0.10520848631858826,0.11883257329463959,3.1055009365081787,0.0066328346729278564,0.1232239156961441,3.0102033615112305,-0.11217907071113586,0.3309366703033447,2.8990252017974854,-0.276151180267334,0.42829203605651855,2.7316811084747314,-0.30894559621810913,0.4477631151676178,2.6982123851776123,-0.3745344281196594,0.4867052435874939,2.631274700164795,-0.38605737686157227,0.4641748070716858,2.706387996673584,-0.17057320475578308,0.11626608669757843,3.1611969470977783,-0.2824145257472992,0.11187474429607391,3.2564945220947266,-0.4286418557167053,0.3187156915664673,3.182631015777588,-0.6181348562240601,0.39733242988586426,3.0333635807037354,-0.656033456325531,0.41305577754974365,3.003509998321533,-0.7318306565284729,0.44450247287750244,2.943803071975708,-0.6539427638053894,0.44127050042152405,2.9294698238372803,-0.2600167393684387,0.5046675205230713,2.875462293624878,-0.5196086764335632,0.5972893238067627,2.5899152755737305,-0.47069063782691956,0.9350555539131165,2.6791815757751465,-0.5270454287528992,1.0492292642593384,2.6265816688537598,-0.3929930329322815,0.49716296792030334,2.9875948429107666,-0.7552471160888672,0.5707650780677795,2.843169927597046,-0.7075492739677429,0.9136810302734375,2.910853385925293,-0.7920485138893127,1.0203723907470703,2.8895208835601807,-0.1767387092113495,-0.0490906685590744,3.1124346256256104,-0.17331431806087494,-0.10010948032140732,3.1231114864349365,-0.12326671928167343,-0.13147981464862823,3.136054277420044,-0.015995189547538757,-0.09376035630702972,3.1643295288085938,-0.1697854846715927,-0.1258878856897354,3.1776952743530273,-0.14779837429523468,-0.07791654765605927,3.2823123931884766,-0.4355997145175934,1.0095864534378052,2.7264702320098877,-0.6634835600852966,0.9924225807189941,2.9405252933502197
-0.32674556970596313,0.5010878443717957,2.9318087100982666,-0.26303648948669434,0.3737967610359192,2.9986109733581543,-0.20063959062099457,0.24605226516723633,3.0657851696014404,-0.13824081420898438,0.11830393970012665,3.1329615116119385,-0.10525083541870117,0.11889080703258514,3.105433940887451,0.006477341055870056,0.12327466160058975,3.00998854637146,-0.11226505786180496,0.3310292065143585,2.898739814758301,-0.27656638622283936,0.42718857526779175,2.7309820652008057,-0.3094266653060913,0.44642046093940735,2.6974306106567383,-0.3751471936702728,0.48488420248031616,2.6303274631500244,-0.3865947127342224,0.46264100074768066,2.705547571182251,-0.170552596449852,0.11632858216762543,3.1612191200256348,-0.2822807729244232,0.11194472759962082,3.256664514541626,-0.42812108993530273,0.3199860751628876,3.1853387355804443,-0.617851197719574,0.40228432416915894,3.038322687149048,-0.6557972431182861,0.41874396800994873,3.0089194774627686,-0.7316892743110657,0.4516632556915283,2.95011305809021,-0.6539130806922913,0.4479480981826782,2.9352481365203857,-0.26034700870513916,0.5048359632492065,2.875626564025879,-0.5212735533714294,0.5968856811523438,2.5910961627960205,-0.47060489654541016,0.934095025062561,2.681525707244873,-0.5267692804336548,1.0487080812454224,2.629672050476074,-0.3931441307067871,0.49733972549438477,2.9879908561706543,-0.755397617816925,0.5710857510566711,2.8436050415039062,-0.7072010040283203,0.9139143228530884,2.911432981491089,-0.7915588021278381,1.0207366943359375,2.890169620513916,-0.17707498371601105,-0.04895244538784027,3.112271547317505,-0.17372359335422516,-0.09999388456344604,3.122884511947632,-0.12370766699314117,-0.13146913051605225,3.1357178688049316,-0.016320228576660156,-0.09396667033433914,3.16388201713562,-0.17015928030014038,-0.1258445829153061,3.1774373054504395,-0.14793314039707184,-0.07803045958280563,3.2820868492126465,-0.4349938929080963,1.0082937479019165,2.7289533615112305,-0.6630162000656128,0.9925830960273743,2.9411301612854004
-0.3267911672592163,0.5014693737030029,2.9322617053985596,-0.26306015253067017,0.3741670250892639,2.999063730239868,-0.20065689086914062,0.24640890955924988,3.0662479400634766,-0.13825176656246185,0.11864696443080902,3.133434295654297,-0.10526767373085022,0.11922229826450348,3.1058919429779053,0.006427764892578125,0.1235663965344429,3.010406017303467,-0.1124245896935463,0.3312523365020752,2.8990702629089355,-0.2772025763988495,0.4258577227592468,2.7308502197265625,-0.3101581633090973,0.44477880001068115,2.6972062587738037,-0.3760693669319153,0.4826209545135498,2.629918098449707,-0.3874027729034424,0.4607096314430237,2.705263137817383,-0.17055758833885193,0.11668302118778229,3.1617069244384766,-0.2822530269622803,0.11233892291784286,3.257192850112915,-0.42830145359039307,0.320850670337677,3.1875674724578857,-0.6183809041976929,0.40551847219467163,3.0423052310943604,-0.6563968062400818,0.42245203256607056,3.0132527351379395,-0.7324286103248596,0.4563191533088684,2.9551477432250977,-0.6547380685806274,0.4523659646511078,2.9398508071899414,-0.26037558913230896,0.505241870880127,2.8760883808135986,-0.5212830305099487,0.5971052050590515,2.5914673805236816,-0.4701981842517853,0.9341135025024414,2.6824426651000977,-0.5262177586555481,1.048882246017456,2.6307685375213623,-0.39320674538612366,0.4976968765258789,2.9884350299835205,-0.7555758357048035,0.5715385675430298,2.84436297416687,-0.7067790031433105,0.9141308069229126,2.9129936695098877,-0.7909866571426392,1.0211409330368042,2.892061233520508,-0.1775364875793457,-0.04844875633716583,3.1120760440826416,-0.17430713772773743,-0.09955050051212311,3.1224756240844727,-0.12435407936573029,-0.1312118023633957,3.135140895843506,-0.016831979155540466,-0.09409574419260025,3.1633810997009277,-0.17076632380485535,-0.12564118206501007,3.176926374435425,-0.1483333259820938,-0.07831232994794846,3.281773090362549,-0.4344967007637024,1.0081933736801147,2.729992389678955,-0.6624441742897034,0.9926581382751465,2.942847967147827
-0.3266525864601135,0.5018540620803833,2.932203531265259,-0.26299554109573364,0.37452805042266846,2.9990618228912354,-0.20065149664878845,0.24674537777900696,3.0662851333618164,-0.13830558955669403,0.11895887553691864,3.1335105895996094,-0.10530133545398712,0.11952976882457733,3.1059865951538086,0.006461285054683685,0.12385906279087067,3.0105655193328857,-0.11231277137994766,0.3317710757255554,2.8995296955108643,-0.2771551012992859,0.42615848779678345,2.7312264442443848,-0.3101235628128052,0.4450359642505646,2.697565793991089,-0.37606048583984375,0.4827909469604492,2.630244493484497,-0.3873975872993469,0.460864782333374,2.705590009689331,-0.17063221335411072,0.1169990748167038,3.1617650985717773,-0.2823948264122009,0.11266978085041046,3.2571861743927,-0.42897599935531616,0.32113856077194214,3.1884961128234863,-0.619462788105011,0.40644577145576477,3.044116735458374,-0.6575601696968079,0.4235072135925293,3.0152409076690674,-0.7337548732757568,0.45763009786605835,2.957489252090454,-0.6561005115509033,0.45375290513038635,2.9419655799865723,-0.2601490318775177,0.5056544542312622,2.876121997833252,-0.5198321342468262,0.5969654321670532,2.590188980102539,-0.46953514218330383,0.9342992305755615,2.6804378032684326,-0.5254544019699097,1.0488605499267578,2.6281862258911133,-0.39315614104270935,0.498053640127182,2.9882850646972656,-0.7557283639907837,0.5716148614883423,2.844546318054199,-0.7066484689712524,0.9141380786895752,2.9133780002593994,-0.7908176183700562,1.0212175846099854,2.8926172256469727,-0.17788748443126678,-0.04799911379814148,3.111407518386841,-0.17475362122058868,-0.09915958344936371,3.1215882301330566,-0.12485457211732864,-0.13097035884857178,3.134138584136963,-0.01726028323173523,-0.09416426718235016,3.162588119506836,-0.17128178477287292,-0.12549689412117004,3.1759355068206787,-0.14880405366420746,-0.0786561369895935,3.281013250350952,-0.4341297149658203,1.0085567235946655,2.727937936782837,-0.6622321009635925,0.9926192760467529,2.943242311477661
-0.3265233039855957,0.5023885369300842,2.932163953781128,-0.2629326581954956,0.3750826120376587,2.9991376399993896,-0.20062889158725739,0.24732054769992828,3.06645131111145,-0.13832326233386993,0.11955465376377106,3.1337671279907227,-0.10528170317411423,0.12013623118400574,3.106285572052002,0.0066139474511146545,0.12450186163187027,3.0110042095184326,-0.11195586621761322,0.3327132761478424,2.900301456451416,-0.27650463581085205,0.4277881383895874,2.7320916652679443,-0.3094143867492676,0.44680312275886536,2.6984496116638184,-0.37523388862609863,0.4848330616950989,2.6311657428741455,-0.3866826295852661,0.462688148021698,2.7064316272735596,-0.17068764567375183,0.11758440732955933,3.161980152130127,-0.2825832962989807,0.1132187768816948,3.2572615146636963,-0.42973214387893677,0.32122737169265747,3.188373565673828,-0.6204609870910645,0.40562736988067627,3.0437734127044678,-0.658606767654419,0.4225073754787445,3.0148534774780273,-0.7348983287811279,0.456267386674881,2.9570133686065674,-0.6572218537330627,0.4526470899581909,2.9415314197540283,-0.2598892152309418,0.5062457919120789,2.876227855682373,-0.5174420475959778,0.5970888733863831,2.5882039070129395,-0.46880853176116943,0.9350064992904663,2.6772289276123047,-0.5246495008468628,1.0491602420806885,2.623995780944824,-0.39315739274024963,0.498531311750412,2.988100051879883,-0.7559598684310913,0.5720069408416748,2.8448538780212402,-0.7067371010780334,0.9144501686096191,2.914055109024048,-0.7909203171730042,1.0215727090835571,2.8935368061065674,-0.17826977372169495,-0.047210097312927246,3.110671043395996,-0.17526490986347198,-0.0984424501657486,3.1205673217773438,-0.1254458874464035,-0.1304437220096588,3.1329965591430664,-0.017783284187316895,-0.09404164552688599,3.1617815494537354,-0.17191603779792786,-0.12509877979755402,3.1747772693634033,-0.1494486927986145,-0.078897625207901,3.280160427093506,-0.433983713388443,1.009594440460205,2.7246482372283936,-0.6622684597969055,0.9928904175758362,2.9439616203308105
-0.3265397548675537,0.502586305141449,2.9327096939086914,-0.2629934847354889,0.37531426548957825,2.9997916221618652,-0.2007124125957489,0.2475927174091339,3.0672049522399902,-0.13842947781085968,0.11986733973026276,3.134620189666748,-0.10534630715847015,0.12046864628791809,3.107189178466797,0.006700284779071808,0.12490126490592957,3.012070894241333,-0.11189263314008713,0.33305054903030396,2.9012482166290283,-0.2763339877128601,0.427945077419281,2.7328147888183594,-0.3092222511768341,0.44692397117614746,2.6991281509399414,-0.3749987781047821,0.48488178849220276,2.6317548751831055,-0.3865194022655487,0.46273425221443176,2.70701265335083,-0.1708357185125351,0.11787784099578857,3.1627840995788574,-0.28288230299949646,0.1134452223777771,3.2579023838043213,-0.43052464723587036,0.3207835555076599,3.18801212310791,-0.6212844848632812,0.4033796191215515,3.0423951148986816,-0.6594364643096924,0.4198988378047943,3.0132718086242676,-0.7357403635978699,0.4529372751712799,2.9550249576568604,-0.6579958200454712,0.44965970516204834,2.9397923946380615,-0.2597654461860657,0.5065296292304993,2.876936435699463,-0.5148537158966064,0.5976635217666626,2.5868029594421387,-0.4682544469833374,0.9360215663909912,2.6752822399139404,-0.5240349173545837,1.0498192310333252,2.6212193965911865,-0.39331406354904175,0.4986429810523987,2.98848295211792,-0.7563371062278748,0.5724376440048218,2.8459291458129883,-0.7071394324302673,0.9146998524665833,2.9160895347595215,-0.7913883924484253,1.0218571424484253,2.8960001468658447,-0.17875733971595764,-0.04666911065578461,3.11038875579834,-0.17588987946510315,-0.09797877073287964,3.11995792388916,-0.1261584460735321,-0.1301860213279724,3.1322457790374756,-0.018430516123771667,-0.09422953426837921,3.161409616470337,-0.17267660796642303,-0.1249975636601448,3.1740057468414307,-0.1502319723367691,-0.07952887564897537,3.2797296047210693,-0.4341278672218323,1.0108749866485596,2.7227964401245117,-0.6626572012901306,0.9930681586265564,2.9461727142333984
-0.3267866373062134,0.50290447473526,2.9334895610809326,-0.26319122314453125,0.37562909722328186,3.000535726547241,-0.20085500180721283,0.2479042112827301,3.067908763885498,-0.13851691782474518,0.12017551064491272,3.1352837085723877,-0.10543835908174515,0.12079298496246338,3.107844352722168,0.006595894694328308,0.1252812147140503,3.0126945972442627,-0.11155902594327927,0.33366838097572327,2.9018161296844482,-0.275305837392807,0.4301585555076599,2.733591318130493,-0.30805519223213196,0.4494566023349762,2.699946403503418,-0.37355393171310425,0.4880526661872864,2.6326565742492676,-0.38528865575790405,0.4656122922897339,2.707798957824707,-0.17091792821884155,0.11816978454589844,3.1634554862976074,-0.2829521894454956,0.11368155479431152,3.2586052417755127,-0.43012750148773193,0.32197266817092896,3.1905312538146973,-0.6207127571105957,0.4079793095588684,3.0466456413269043,-0.6588298082351685,0.4251806437969208,3.0178685188293457,-0.735063910484314,0.4595833122730255,2.9603142738342285,-0.6574017405509949,0.45583271980285645,2.944751501083374,-0.2600160241127014,0.5068846940994263,2.877711296081543,-0.5139101147651672,0.5988690853118896,2.586660146713257,-0.4684635102748871,0.9378418326377869,2.6737375259399414,-0.5243077874183655,1.051276445388794,2.6188929080963135,-0.39355725049972534,0.49892425537109375,2.9892678260803223,-0.7567735314369202,0.5736007690429688,2.8473825454711914,-0.7075828909873962,0.9157933592796326,2.918339490890503,-0.7919061183929443,1.0230026245117188,2.8985989093780518,-0.17966754734516144,-0.04590916633605957,3.109304666519165,-0.1770423799753189,-0.09733495116233826,3.118325710296631,-0.12745624780654907,-0.1299135684967041,3.1302385330200195,-0.019530028104782104,-0.09478788077831268,3.159715414047241,-0.1739271581172943,-0.12494511157274246,3.1720848083496094,-0.1511976420879364,-0.08071061968803406,3.278280258178711,-0.4346998929977417,1.0130212306976318,2.7210447788238525,-0.663078248500824,0.9941211342811584,2.9485719203948975
-0.3268832564353943,0.5030673742294312,2.9345107078552246,-0.26325565576553345,0.37572309374809265,3.001403331756592,-0.2008695751428604,0.24792876839637756,3.068606376647949,-0.13848161697387695,0.12013061344623566,3.1358113288879395,-0.10542430728673935,0.1207728236913681,3.1083455085754395,0.006536491215229034,0.12534698843955994,3.013108015060425,-0.1111716628074646,0.33390840888023376,2.9020533561706543,-0.2741570472717285,0.43204283714294434,2.734022855758667,-0.30675411224365234,0.45166972279548645,2.7004168033599854,-0.3719482719898224,0.4909234941005707,2.633204698562622,-0.38391631841659546,0.4681991636753082,2.708228826522827,-0.17086085677146912,0.1180994063615799,3.1640079021453857,-0.2828216552734375,0.11352523416280746,3.2592453956604004,-0.42918798327445984,0.32327452301979065,3.1939127445220947,-0.6195815801620483,0.4140133857727051,3.0526838302612305,-0.6576603055000305,0.4321611523628235,3.0244381427764893,-0.7338177561759949,0.4684566855430603,2.9679465293884277,-0.6563017964363098,0.46401071548461914,2.951829433441162,-0.26010990142822266,0.507135808467865,2.87874174118042,-0.5130473375320435,0.5994769334793091,2.586901903152466,-0.4683671295642853,0.9386320114135742,2.6738502979278564,-0.5241835713386536,1.0519558191299438,2.6187045574188232,-0.3936566114425659,0.4989989399909973,2.9902796745300293,-0.7566938400268555,0.574012279510498,2.847971200942993,-0.7080356478691101,0.9162222146987915,2.91943621635437,-0.7924671173095703,1.0233663320541382,2.8996801376342773,-0.17999956011772156,-0.04570482671260834,3.1088345050811768,-0.1774747520685196,-0.09719140827655792,3.1175341606140137,-0.12794709205627441,-0.12994687259197235,3.1292052268981934,-0.01992395520210266,-0.09522954374551773,3.1588144302368164,-0.17437531054019928,-0.1251414716243744,3.17111873626709,-0.15147057175636292,-0.08161424845457077,3.277569532394409,-0.4348682463169098,1.013909101486206,2.721215009689331,-0.6636724472045898,0.9945775270462036,2.949843168258667
-0.3270954489707947,0.5024294257164001,2.9340121746063232,-0.26338011026382446,0.3750980496406555,3.00085186958313,-0.2008906751871109,0.24731643497943878,3.0679891109466553,-0.13839936256408691,0.11953100562095642,3.1351282596588135,-0.10536655783653259,0.1201862096786499,3.1076321601867676,0.0065114498138427734,0.12480478733778,3.0122897624969482,-0.11134380847215652,0.3333180248737335,2.9012458324432373,-0.27439194917678833,0.43192607164382935,2.733520269393921,-0.30700159072875977,0.45164766907691956,2.6999752521514893,-0.37222084403038025,0.49109089374542236,2.632884979248047,-0.38413509726524353,0.468289315700531,2.7079014778137207,-0.17075297236442566,0.11748692393302917,3.1633543968200684,-0.282630980014801,0.11286834627389908,3.2586967945098877,-0.429113507270813,0.3231315612792969,3.195209503173828,-0.6197652816772461,0.41640639305114746,3.055955171585083,-0.6578956246376038,0.43506136536598206,3.028104305267334,-0.7341563701629639,0.47237130999565125,2.972402572631836,-0.6567471027374268,0.4676640033721924,2.9558193683624268,-0.2603828012943268,0.5064980983734131,2.878169059753418,-0.5135162472724915,0.5991514921188354,2.586526393890381,-0.468478262424469,0.9386005401611328,2.672325849533081,-0.5242840051651001,1.051800012588501,2.6168689727783203,-0.3938080966472626,0.4983607530593872,2.9898552894592285,-0.756660521030426,0.5738233327865601,2.8471662998199463,-0.7077824473381042,0.9160923957824707,2.9184296131134033,-0.7921170592308044,1.0233055353164673,2.8985073566436768,-0.17970426380634308,-0.04639329016208649,3.108334541320801,-0.17710363864898682,-0.09786953032016754,3.1170833110809326,-0.12752291560173035,-0.13054630160331726,3.1287600994110107,-0.019528314471244812,-0.09564996510744095,3.158278226852417,-0.17393670976161957,-0.1257639080286026,3.1706953048706055,-0.15103407204151154,-0.08209984749555588,3.277094602584839,-0.4348636865615845,1.014017105102539,2.7194113731384277,-0.6633782386779785,0.9944443702697754,2.948824882507324
-0.3272038698196411,0.5020886659622192,2.9333016872406006,-0.26345935463905334,0.3747518062591553,3.0001072883605957,-0.20092329382896423,0.24696534872055054,3.0671961307525635,-0.1383853703737259,0.11917507648468018,3.134286880493164,-0.10535504668951035,0.11984977126121521,3.1067872047424316,0.0065199583768844604,0.12453539669513702,3.0114290714263916,-0.11139389127492905,0.33322465419769287,2.900747060775757,-0.27440017461776733,0.4325745701789856,2.7333998680114746,-0.3070014417171478,0.45244455337524414,2.699930429458618,-0.3722039461135864,0.49218451976776123,2.6329915523529053,-0.38411158323287964,0.469169557094574,2.7079482078552246,-0.17073598504066467,0.1171114444732666,3.162515640258789,-0.2826109826564789,0.11242581903934479,3.257873773574829,-0.4297040104866028,0.3224029541015625,3.1947972774505615,-0.6207209229469299,0.4157501757144928,3.0560693740844727,-0.6589242815971375,0.4344196319580078,3.0283238887786865,-0.7353310585021973,0.47175851464271545,2.972832679748535,-0.657941460609436,0.46717962622642517,2.9561033248901367,-0.26051658391952515,0.5061577558517456,2.8774261474609375,-0.5132572650909424,0.5991665124893188,2.5855231285095215,-0.4684276878833771,0.9388250708580017,2.6706883907318115,-0.5242127180099487,1.0518995523452759,2.6149356365203857,-0.3938911557197571,0.49801957607269287,2.9891772270202637,-0.7566686868667603,0.5736756324768066,2.8463332653045654,-0.7077661156654358,0.9159967303276062,2.917435646057129,-0.7920818328857422,1.023218035697937,2.8974196910858154,-0.17916712164878845,-0.04698991775512695,3.1081573963165283,-0.1764165312051773,-0.09842251241207123,3.117124080657959,-0.12674394249916077,-0.13090014457702637,3.128974199295044,-0.018874630331993103,-0.09555108845233917,3.15842604637146,-0.17320480942726135,-0.12608328461647034,3.170856237411499,-0.15051375329494476,-0.08190329372882843,3.2770919799804688,-0.4348894953727722,1.0143530368804932,2.717661142349243,-0.6633599996566772,0.9943633079528809,2.9478085041046143
-0.3273155093193054,0.5015953183174133,2.932633638381958,-0.2635781168937683,0.3742740750312805,2.999478816986084,-0.20103469491004944,0.24650396406650543,3.0665946006774902,-0.13848939538002014,0.11873002350330353,3.1337122917175293,-0.10543474555015564,0.11942818760871887,3.1062421798706055,0.006533347070217133,0.12419424951076508,3.0109753608703613,-0.1117909699678421,0.3326902985572815,2.9003374576568604,-0.27512240409851074,0.4315577745437622,2.7330033779144287,-0.3077886998653412,0.4513312578201294,2.6995365619659424,-0.3731212913990021,0.49087825417518616,2.6326029300689697,-0.38493430614471436,0.4678936004638672,2.707587718963623,-0.1708642542362213,0.11664310097694397,3.161912202835083,-0.2828323543071747,0.11187703907489777,3.257179021835327,-0.4306383728981018,0.321078896522522,3.193148136138916,-0.6218821406364441,0.4126959443092346,3.053560256958008,-0.6601309180259705,0.4310193657875061,3.0256426334381104,-0.7366284132003784,0.4676661789417267,2.9698073863983154,-0.6591760516166687,0.46343180537223816,2.953261137008667,-0.2605879306793213,0.5056891441345215,2.8768057823181152,-0.5122890472412109,0.5991203784942627,2.584137201309204,-0.4681735932826996,0.9389685392379761,2.6689274311065674,-0.5239011645317078,1.0518878698349,2.6128017902374268,-0.39404308795928955,0.4975014925003052,2.988461494445801,-0.7567459940910339,0.5735224485397339,2.8456149101257324,-0.707988440990448,0.915855884552002,2.9167683124542236,-0.7923377156257629,1.0230493545532227,2.8967387676239014,-0.17848984897136688,-0.04778648912906647,3.1086182594299316,-0.17552334070205688,-0.09914673864841461,3.1179280281066895,-0.1257237195968628,-0.13132350146770477,3.130066394805908,-0.01805676519870758,-0.09529854357242584,3.1594457626342773,-0.17226986587047577,-0.12643858790397644,3.171847105026245,-0.1499374955892563,-0.0814579576253891,3.2778239250183105,-0.43489256501197815,1.0146114826202393,2.7158992290496826,-0.6636195182800293,0.9942358732223511,2.947162628173828
-0.327319473028183,0.5012235045433044,2.9321866035461426,-0.263592004776001,0.3739622235298157,2.9991557598114014,-0.2010498344898224,0.24625205993652344,3.066387414932251,-0.13850578665733337,0.11853806674480438,3.1336209774017334,-0.10541146993637085,0.11925609409809113,3.106199026107788,0.00670526921749115,0.1240895688533783,3.0110840797424316,-0.11223223060369492,0.3321264386177063,2.900212526321411,-0.27610450983047485,0.4295467436313629,2.732542037963867,-0.30887895822525024,0.4490308165550232,2.699007987976074,-0.374427855014801,0.48799893260002136,2.6319398880004883,-0.3861071467399597,0.46524086594581604,2.7070183753967285,-0.17092031240463257,0.11643193662166595,3.161773920059204,-0.28303706645965576,0.11159846186637878,3.2568888664245605,-0.43152478337287903,0.3197556734085083,3.1910107135772705,-0.6228440999984741,0.4085555672645569,3.049696445465088,-0.6611079573631287,0.4263155460357666,3.0214335918426514,-0.7376356720924377,0.46183550357818604,2.9649078845977783,-0.6600748896598816,0.4580490291118622,2.94874906539917,-0.2605178952217102,0.5053433179855347,2.8764474391937256,-0.5109132528305054,0.5991854667663574,2.582766056060791,-0.46775978803634644,0.9392562508583069,2.667228937149048,-0.5234252214431763,1.0519983768463135,2.610670804977417,-0.39412105083465576,0.4971037209033966,2.9879257678985596,-0.7567413449287415,0.5735910534858704,2.845064878463745,-0.708193302154541,0.9159426093101501,2.916358709335327,-0.7925947308540344,1.0231033563613892,2.8963282108306885,-0.1779816448688507,-0.048212483525276184,3.1092402935028076,-0.1748647838830948,-0.0995224118232727,3.1187806129455566,-0.12497469782829285,-0.1314932405948639,3.1310954093933105,-0.01743638515472412,-0.09500886499881744,3.160386800765991,-0.17156481742858887,-0.12656474113464355,3.172823429107666,-0.14944171905517578,-0.08104482293128967,3.278615951538086,-0.43482014536857605,1.0150325298309326,2.71423602104187,-0.6638768315315247,0.9943395256996155,2.9468002319335938
-0.3273400068283081,0.5009791254997253,2.931823253631592,-0.26358264684677124,0.373801589012146,2.9989233016967773,-0.20099997520446777,0.24617533385753632,3.066276788711548,-0.13841542601585388,0.11854526400566101,3.1336324214935303,-0.10528293251991272,0.1192915290594101,3.106257200241089,0.006976224482059479,0.12422065436840057,3.0112898349761963,-0.1121462807059288,0.3321477770805359,2.9003982543945312,-0.27607089281082153,0.42921796441078186,2.7325682640075684,-0.3088558316230774,0.44863200187683105,2.699002265930176,-0.3744256794452667,0.48746007680892944,2.6318702697753906,-0.3861216902732849,0.4647015929222107,2.7069478034973145,-0.1708677113056183,0.11641182005405426,3.1617395877838135,-0.2831268608570099,0.11148269474506378,3.256706953048706,-0.4321221113204956,0.3185567855834961,3.1885781288146973,-0.623323917388916,0.40414172410964966,3.045128107070923,-0.661564290523529,0.42125871777534485,3.0164380073547363,-0.7380450367927551,0.45549267530441284,2.9590580463409424,-0.6603588461875916,0.4521670341491699,2.943399667739868,-0.2604692876338959,0.5051392316818237,2.876168727874756,-0.5093953609466553,0.5992846488952637,2.581296682357788,-0.46708086133003235,0.9395208954811096,2.665630340576172,-0.5225966572761536,1.0521453619003296,2.60866641998291,-0.39421072602272034,0.49681898951530457,2.9874777793884277,-0.7566846609115601,0.5737844109535217,2.8444182872772217,-0.7082244157791138,0.9161278009414673,2.9159443378448486,-0.7926239967346191,1.0233004093170166,2.8958964347839355,-0.17766304314136505,-0.048309385776519775,3.1095688343048096,-0.17447447776794434,-0.09959805011749268,3.119205951690674,-0.12453822046518326,-0.1314772516489029,3.131577968597412,-0.017046049237251282,-0.09478801488876343,3.1607937812805176,-0.17113344371318817,-0.1265343427658081,3.1733007431030273,-0.14906583726406097,-0.08078311383724213,3.279008388519287,-0.4344707727432251,1.01539146900177,2.7127294540405273,-0.6639378070831299,0.9945181012153625,2.9464690685272217
-0.32756537199020386,0.5008214712142944,2.931873083114624,-0.2636635899543762,0.37371736764907837,2.9989752769470215,-0.2009604573249817,0.24616654217243195,3.0663599967956543,-0.13825544714927673,0.1186118870973587,3.13374662399292,-0.10511679947376251,0.11939060688018799,3.106379747390747,0.007167160511016846,0.12442963570356369,3.011435031890869,-0.11174456775188446,0.33254584670066833,2.900601625442505,-0.2753528952598572,0.43017321825027466,2.732743263244629,-0.30807456374168396,0.44969868659973145,2.699171543121338,-0.3735179007053375,0.488749623298645,2.632028102874756,-0.38533931970596313,0.4658491909503937,2.707052230834961,-0.17071257531642914,0.11644682288169861,3.161846160888672,-0.2829965353012085,0.1114077940583229,3.25679087638855,-0.43229109048843384,0.3175090551376343,3.186293840408325,-0.6232675313949585,0.3998532295227051,3.0406136512756348,-0.6614628434181213,0.41632208228111267,3.0114777088165283,-0.7378534078598022,0.44925975799560547,2.9532055854797363,-0.6600391268730164,0.44634518027305603,2.93806529045105,-0.26072677969932556,0.5050237774848938,2.8761823177337646,-0.5098138451576233,0.59995037317276,2.5816714763641357,-0.46719688177108765,0.9399007558822632,2.6670689582824707,-0.5226677656173706,1.0527523756027222,2.6104962825775146,-0.39440396428108215,0.49661916494369507,2.9875638484954834,-0.756787896156311,0.5744081139564514,2.8446693420410156,-0.7082086205482483,0.916580080986023,2.9170126914978027,-0.792566180229187,1.0238372087478638,2.8971967697143555,-0.17765215039253235,-0.048196107149124146,3.109581708908081,-0.174492746591568,-0.09949604421854019,3.119173288345337,-0.1245676577091217,-0.13142351806163788,3.1314709186553955,-0.017017990350723267,-0.09483858942985535,3.160613775253296,-0.17111970484256744,-0.1264803111553192,3.173243284225464,-0.14891548454761505,-0.080832839012146,3.2789692878723145,-0.43450093269348145,1.015600323677063,2.7143924236297607,-0.6638963222503662,0.9948850274085999,2.947732448577881
-0.3277742862701416,0.5007799863815308,2.9321768283843994,-0.2637861967086792,0.3737601041793823,2.9993598461151123,-0.2010272741317749,0.24629153311252594,3.066851854324341,-0.13826647400856018,0.11881914734840393,3.1343460083007812,-0.10510978102684021,0.11961007118225098,3.1070005893707275,0.0072347745299339294,0.12468938529491425,3.012127637863159,-0.11167994886636734,0.3326757848262787,2.9009745121002197,-0.275256484746933,0.4299296736717224,2.7328200340270996,-0.3079718053340912,0.44938045740127563,2.6991891860961914,-0.3734024167060852,0.4882820248603821,2.631927490234375,-0.38526490330696106,0.46548470854759216,2.706986904144287,-0.17074105143547058,0.11664274334907532,3.1624250411987305,-0.2830856144428253,0.11156342923641205,3.257297992706299,-0.4323403239250183,0.3168428838253021,3.1842403411865234,-0.6228615641593933,0.39598244428634644,3.0361521244049072,-0.6609658002853394,0.41181033849716187,3.0065345764160156,-0.7371743321418762,0.4434661567211151,2.9472992420196533,-0.6592279672622681,0.44088324904441833,2.93273663520813,-0.26090097427368164,0.5050365328788757,2.8765313625335693,-0.5105009078979492,0.6003994345664978,2.582554340362549,-0.46746718883514404,0.9397334456443787,2.670276641845703,-0.5229142904281616,1.0530354976654053,2.6145613193511963,-0.39464759826660156,0.4965234100818634,2.9878222942352295,-0.7570340633392334,0.5750240683555603,2.8452377319335938,-0.7086474299430847,0.9170604944229126,2.918480157852173,-0.7930735945701599,1.0243288278579712,2.8989436626434326,-0.1779477745294571,-0.04785877466201782,3.109750509262085,-0.17486067116260529,-0.09919032454490662,3.1191959381103516,-0.12497490644454956,-0.13123063743114471,3.131359577178955,-0.017341479659080505,-0.09489654004573822,3.160507917404175,-0.1714818775653839,-0.1263308823108673,3.173187494277954,-0.14911122620105743,-0.08101391792297363,3.2790207862854004,-0.4346402585506439,1.0150774717330933,2.7180891036987305,-0.6643764972686768,0.9953165650367737,2.949406385421753
-0.32783713936805725,0.5008548498153687,2.932617664337158,-0.2638077437877655,0.37387561798095703,2.9998574256896973,-0.20102323591709137,0.24644416570663452,3.0674147605895996,-0.1382368505001068,0.11900889873504639,3.134974241256714,-0.10505133867263794,0.11982382833957672,3.107661008834839,0.007421545684337616,0.12498603016138077,3.012871503829956,-0.1114845871925354,0.33298155665397644,2.9013845920562744,-0.27475249767303467,0.4307731091976166,2.7330329418182373,-0.30740606784820557,0.4503314197063446,2.6993625164031982,-0.37271323800086975,0.48944804072380066,2.632021903991699,-0.38473445177078247,0.4665256440639496,2.707063913345337,-0.17073994874954224,0.11680890619754791,3.1630218029022217,-0.2832128405570984,0.11164670437574387,3.2578113079071045,-0.43195730447769165,0.3161470293998718,3.181098699569702,-0.6216491460800171,0.3907347619533539,3.0293898582458496,-0.6595875024795532,0.40565231442451477,2.9990479946136475,-0.7354642152786255,0.43548741936683655,2.9383645057678223,-0.6573032736778259,0.43330952525138855,2.9246766567230225,-0.2608679533004761,0.5052188634872437,2.877087116241455,-0.5108121633529663,0.600418210029602,2.5832724571228027,-0.4672461152076721,0.9390191435813904,2.673727035522461,-0.5225651860237122,1.0528632402420044,2.618947982788086,-0.3948063254356384,0.49649083614349365,2.9881482124328613,-0.7574062347412109,0.575228750705719,2.846078634262085,-0.7094544172286987,0.9171993732452393,2.9201550483703613,-0.7940611839294434,1.0244096517562866,2.9009439945220947,-0.17851507663726807,-0.04733790457248688,3.109250068664551,-0.1756041944026947,-0.09873926639556885,3.1183371543884277,-0.12582996487617493,-0.13103550672531128,3.130249261856079,-0.018063724040985107,-0.09528697282075882,3.1595852375030518,-0.17229235172271729,-0.12626224756240845,3.1721324920654297,-0.1497071385383606,-0.08176276087760925,3.278254270553589,-0.43428441882133484,1.013938069343567,2.7221381664276123,-0.6652682423591614,0.9954528212547302,2.9512507915496826
-0.3265106678009033,0.5005955696105957,2.9324734210968018,-0.26245397329330444,0.37367698550224304,2.9998202323913574,-0.1996314823627472,0.24630239605903625,3.0674679279327393,-0.13680711388587952,0.11892400681972504,3.135117530822754,-0.10363176465034485,0.11971598863601685,3.1077880859375,0.008807219564914703,0.12479865550994873,3.012939453125,-0.11071208864450455,0.3323901891708374,2.9012064933776855,-0.27447935938835144,0.42943599820137024,2.7328171730041504,-0.3072328269481659,0.44884514808654785,2.699139356613159,-0.3727397322654724,0.48766347765922546,2.6317834854125977,-0.3846084773540497,0.4648723006248474,2.706909656524658,-0.16929961740970612,0.11674755811691284,3.163182497024536,-0.28173860907554626,0.11166489124298096,3.258031129837036,-0.43043053150177,0.3157552480697632,3.1799209117889404,-0.6199983358383179,0.3885478377342224,3.027087926864624,-0.6579118967056274,0.40310636162757874,2.996521234512329,-0.7337390184402466,0.4322234094142914,2.9353880882263184,-0.6555174589157104,0.4301777780056,2.9219181537628174,-0.2595140337944031,0.5049581527709961,2.8769712448120117,-0.5094401240348816,0.5988563299179077,2.5827016830444336,-0.46609997749328613,0.9377123713493347,2.6723594665527344,-0.521460771560669,1.0513972043991089,2.617279291152954,-0.39350730180740356,0.4962329864501953,2.987975597381592,-0.7561219930648804,0.5741100311279297,2.8454267978668213,-0.7090421915054321,0.9164594411849976,2.918369770050049,-0.7938897013664246,1.0234061479568481,2.8987178802490234,-0.1776408851146698,-0.04723231494426727,3.1090550422668457,-0.17488455772399902,-0.09866270422935486,3.1180214881896973,-0.1252019703388214,-0.13114403188228607,3.1298086643218994,-0.01729382574558258,-0.09580647945404053,3.1591148376464844,-0.17160552740097046,-0.1263187974691391,3.1717498302459717,-0.14877060055732727,-0.08213499188423157,3.2779483795166016,-0.4331996440887451,1.0127694606781006,2.7206053733825684,-0.6650664210319519,0.9949269890785217,2.9492347240448
-0.3259704113006592,0.5005301237106323,2.932795286178589,-0.26196274161338806,0.37359410524368286,3.0001745223999023,-0.19918209314346313,0.24619831144809723,3.0678398609161377,-0.13639956712722778,0.11879870295524597,3.135507106781006,-0.10324793308973312,0.1195463240146637,3.1081440448760986,0.00910957157611847,0.12447740137577057,3.013181447982788,-0.1108580082654953,0.33162572979927063,2.901075601577759,-0.2751733660697937,0.42741602659225464,2.7324819564819336,-0.3080364465713501,0.4465740919113159,2.698763132095337,-0.3737625777721405,0.4848902225494385,2.6313257217407227,-0.3854517936706543,0.46240702271461487,2.7065770626068115,-0.16886883974075317,0.11666640639305115,3.1636056900024414,-0.28122633695602417,0.11173532903194427,3.258568286895752,-0.4290772080421448,0.3167163133621216,3.181151866912842,-0.6183778047561646,0.3914664387702942,3.0289125442504883,-0.6562379002571106,0.40641647577285767,2.998464584350586,-0.7319581508636475,0.43631651997566223,2.9375689029693604,-0.6537652611732483,0.4338280260562897,2.9239840507507324,-0.2589685618877411,0.5048534274101257,2.877290725708008,-0.5083950161933899,0.5975818037986755,2.582214832305908,-0.46581050753593445,0.9369460940361023,2.6703314781188965,-0.5212534666061401,1.0502729415893555,2.6145920753479004,-0.39297226071357727,0.4962068200111389,2.98829984664917,-0.7555029392242432,0.5731768608093262,2.8450205326080322,-0.7091571688652039,0.9158604145050049,2.916896343231201,-0.7941751480102539,1.0225870609283447,2.896768093109131,-0.17721441388130188,-0.04740901291370392,3.1097428798675537,-0.17443494498729706,-0.09882479906082153,3.118786096572876,-0.12473146617412567,-0.13127440214157104,3.13057279586792,-0.01680314540863037,-0.0958622395992279,3.159715175628662,-0.1710938811302185,-0.12639695405960083,3.172553777694702,-0.14816328883171082,-0.08204279839992523,3.278660774230957,-0.43313467502593994,1.0122919082641602,2.7182834148406982,-0.6653692722320557,0.9945127367973328,2.9475643634796143
-0.3257635831832886,0.5004792809486389,2.9326415061950684,-0.2618197798728943,0.3734573721885681,2.999924659729004,-0.19909270107746124,0.24597522616386414,3.0674819946289062,-0.13636374473571777,0.11848926544189453,3.1350414752960205,-0.10323421657085419,0.11921977996826172,3.1076500415802,0.00904981791973114,0.1240939348936081,3.01259183883667,-0.1109103187918663,0.3313269019126892,2.9006259441375732,-0.2752850651741028,0.4272705912590027,2.7321722507476807,-0.3081600069999695,0.4464593231678009,2.698481559753418,-0.3739098906517029,0.4848368167877197,2.6311001777648926,-0.38556426763534546,0.46232524514198303,2.7063493728637695,-0.16881148517131805,0.11637312173843384,3.1631669998168945,-0.2810955047607422,0.11149896681308746,3.258225202560425,-0.4284389615058899,0.31739139556884766,3.1822612285614014,-0.6177881360054016,0.3945881128311157,3.0313026905059814,-0.6556580066680908,0.4100274443626404,3.0011110305786133,-0.7313976883888245,0.4409061372280121,2.940727710723877,-0.6532707214355469,0.43801310658454895,2.926840305328369,-0.2587862014770508,0.5047764182090759,2.877100706100464,-0.5075182914733887,0.596706211566925,2.5811777114868164,-0.46592608094215393,0.9366225004196167,2.667658805847168,-0.5214765667915344,1.049538493156433,2.611189365386963,-0.39274096488952637,0.4961821734905243,2.988182306289673,-0.7552546262741089,0.5721959471702576,2.844325065612793,-0.7093939185142517,0.9151465892791748,2.9152729511260986,-0.7945257425308228,1.0217138528823853,2.8947629928588867,-0.17681097984313965,-0.047904208302497864,3.1098921298980713,-0.17390893399715424,-0.09928137063980103,3.119117498397827,-0.12412466108798981,-0.13157500326633453,3.1309943199157715,-0.016261816024780273,-0.09581136703491211,3.159954071044922,-0.1704770028591156,-0.1266537606716156,3.1729822158813477,-0.14759349822998047,-0.08186784386634827,3.278919219970703,-0.43354517221450806,1.01228928565979,2.715308904647827,-0.6657297611236572,0.9939410090446472,2.945758819580078
-0.3258129954338074,0.5008113980293274,2.93235445022583,-0.2619754374027252,0.37371405959129333,2.9995973110198975,-0.1993618756532669,0.24615560472011566,3.067117214202881,-0.13674643635749817,0.11859333515167236,3.134639263153076,-0.10360988974571228,0.11930957436561584,3.107255697250366,0.008703336119651794,0.12413635104894638,3.0122225284576416,-0.11138274520635605,0.331346333026886,2.9003121852874756,-0.2760635018348694,0.42659223079681396,2.731738805770874,-0.3089996576309204,0.4456413984298706,2.698024034500122,-0.37487196922302246,0.4837397634983063,2.6305947303771973,-0.3864365816116333,0.4613649547100067,2.7059035301208496,-0.16920243203639984,0.11649066209793091,3.1627564430236816,-0.2815156579017639,0.11166388541460037,3.2577896118164062,-0.42882686853408813,0.3179578185081482,3.1828041076660156,-0.6183314323425293,0.39639124274253845,3.0326550006866455,-0.6562323570251465,0.412077933549881,3.0026252269744873,-0.7320342063903809,0.44345128536224365,2.942565441131592,-0.6539416313171387,0.4404315650463104,2.9284861087799072,-0.2588253915309906,0.5050758719444275,2.876819610595703,-0.5069938898086548,0.5964802503585815,2.58024263381958,-0.46643590927124023,0.9369131922721863,2.665219783782959,-0.5221436619758606,1.0494279861450195,2.6080965995788574,-0.39280059933662415,0.4965469539165497,2.987889289855957,-0.7554603219032288,0.5716803669929504,2.8438992500305176,-0.7098298072814941,0.9148081541061401,2.9141972064971924,-0.7950465679168701,1.021278977394104,2.893507480621338,-0.17658782005310059,-0.04802599549293518,3.1100151538848877,-0.17351210117340088,-0.099361851811409,3.119414806365967,-0.12362340092658997,-0.1314401626586914,3.1314382553100586,-0.015909284353256226,-0.09519972652196884,3.1603620052337646,-0.1700262427330017,-0.12654197216033936,3.1733734607696533,-0.14738398790359497,-0.08132152259349823,3.2791786193847656,-0.43434733152389526,1.0128859281539917,2.7125866413116455,-0.6662140488624573,0.9936938285827637,2.944526433944702
-0.3259276747703552,0.5012018084526062,2.931901216506958,-0.2622328996658325,0.37401002645492554,2.999103307723999,-0.19976788759231567,0.24635761976242065,3.0665857791900635,-0.1373009979724884,0.11870139837265015,3.13407039642334,-0.10413690656423569,0.11941741406917572,3.106719732284546,0.008283227682113647,0.12424565851688385,3.011791706085205,-0.11207769066095352,0.33136802911758423,2.899942636489868,-0.2772122919559479,0.42543870210647583,2.731109380722046,-0.3102392256259918,0.4442528486251831,2.69734263420105,-0.3762930631637573,0.48188111186027527,2.6298093795776367,-0.38774311542510986,0.4596998691558838,2.705202579498291,-0.16978615522384644,0.11659790575504303,3.162154197692871,-0.28220629692077637,0.1117696613073349,3.257082223892212,-0.42968249320983887,0.3182075619697571,3.182713031768799,-0.619390070438385,0.3969612717628479,3.0329389572143555,-0.6573315858840942,0.4127120077610016,3.002984046936035,-0.7332146167755127,0.44421347975730896,2.9430744647979736,-0.6551278233528137,0.44124484062194824,2.928901433944702,-0.25890764594078064,0.5054402351379395,2.876400947570801,-0.5069161653518677,0.5964006781578064,2.5795328617095947,-0.46731001138687134,0.9373041987419128,2.663119316101074,-0.5232589840888977,1.0494385957717896,2.605473041534424,-0.3929477035999298,0.49696341156959534,2.9874014854431152,-0.7558223605155945,0.5712975263595581,2.8434946537017822,-0.7102188467979431,0.9145357012748718,2.9133403301239014,-0.7954816222190857,1.020964503288269,2.892587423324585,-0.17641982436180115,-0.04817266762256622,3.11000657081604,-0.1731494814157486,-0.09946044534444809,3.1196038722991943,-0.12314929068088531,-0.1312890499830246,3.131829261779785,-0.015631139278411865,-0.0944988802075386,3.1607930660247803,-0.169641375541687,-0.12642398476600647,3.173670530319214,-0.1473587155342102,-0.08071453124284744,3.2793431282043457,-0.43545830249786377,1.0135605335235596,2.7101969718933105,-0.6665967106819153,0.993472158908844,2.94353985786438
-0.326214075088501,0.5014764070510864,2.931314468383789,-0.26258164644241333,0.3741951584815979,2.99841046333313,-0.20020119845867157,0.24645385146141052,3.065807342529297,-0.13781888782978058,0.11870872974395752,3.1332061290740967,-0.10464634746313095,0.119429811835289,3.105865240097046,0.007816784083843231,0.12427756190299988,3.0109610557556152,-0.11261387914419174,0.3314663767814636,2.8992178440093994,-0.2782211899757385,0.4241858720779419,2.73004412651062,-0.31134265661239624,0.44272977113723755,2.69620943069458,-0.37758558988571167,0.47981756925582886,2.628539800643921,-0.38891375064849854,0.45791029930114746,2.7040438652038574,-0.17031338810920715,0.11659921705722809,3.1612796783447266,-0.28277653455734253,0.11175146698951721,3.2561838626861572,-0.43049192428588867,0.3181700110435486,3.1820971965789795,-0.6204425096511841,0.39669477939605713,3.032447338104248,-0.6584326028823853,0.4123997390270233,3.0025174617767334,-0.7344128489494324,0.4438096582889557,2.942657470703125,-0.656320333480835,0.4409525990486145,2.92842698097229,-0.2592409551143646,0.5056696534156799,2.875753164291382,-0.5083969831466675,0.5963711142539978,2.5797650814056396,-0.4685141146183014,0.937504768371582,2.6622817516326904,-0.5247131586074829,1.0494763851165771,2.604560613632202,-0.39318719506263733,0.4972831606864929,2.9868757724761963,-0.7562177777290344,0.5710760951042175,2.843078136444092,-0.710293710231781,0.9143601655960083,2.912496566772461,-0.7954953908920288,1.0208301544189453,2.8916995525360107,-0.1760847568511963,-0.0485168993473053,3.1101880073547363,-0.1725681871175766,-0.0997263491153717,3.1201212406158447,-0.12242002785205841,-0.1312265694141388,3.1325995922088623,-0.015110194683074951,-0.09371256828308105,3.1614246368408203,-0.1689775288105011,-0.12632203102111816,3.1743667125701904,-0.14702314138412476,-0.07981639355421066,3.2797651290893555,-0.4364868104457855,1.0138921737670898,2.7090277671813965,-0.6665851473808289,0.9932981729507446,2.942568302154541
-0.3264833092689514,0.5018928647041321,2.930943727493286,-0.26290619373321533,0.3744853138923645,2.9978575706481934,-0.20058700442314148,0.24661779403686523,3.0650765895843506,-0.1382659375667572,0.11874644458293915,3.1322977542877197,-0.10508915781974792,0.11949354410171509,3.104961633682251,0.007401235401630402,0.12443327903747559,3.010067939758301,-0.11268091201782227,0.3320857286453247,2.898745536804199,-0.27819812297821045,0.4248962700366974,2.7294936180114746,-0.3113015592098236,0.4434583783149719,2.695643186569214,-0.3775084614753723,0.480582594871521,2.6279423236846924,-0.38889023661613464,0.45861712098121643,2.70343017578125,-0.17076538503170013,0.11660954356193542,3.1603643894195557,-0.28325578570365906,0.11166980862617493,3.255258083343506,-0.4311233162879944,0.3180817663669586,3.1813580989837646,-0.6212466955184937,0.39610108733177185,3.031618118286133,-0.6592713594436646,0.411704957485199,3.0016701221466064,-0.7353206872940063,0.4429126977920532,2.9417741298675537,-0.6572130918502808,0.44020864367485046,2.9275503158569336,-0.2595432698726654,0.5060951113700867,2.875343084335327,-0.5101442337036133,0.5967645645141602,2.580542802810669,-0.4697168469429016,0.937583327293396,2.664158344268799,-0.5261271595954895,1.0498021841049194,2.607112169265747,-0.3934233486652374,0.4976906180381775,2.986544370651245,-0.7564579248428345,0.5712343454360962,2.842578411102295,-0.7105676531791687,0.9145991802215576,2.9117023944854736,-0.7957755923271179,1.021050214767456,2.890791416168213,-0.175665944814682,-0.04883861541748047,3.110384941101074,-0.17189396917819977,-0.09996558725833893,3.120666980743408,-0.1215893030166626,-0.13112685084342957,3.1333892345428467,-0.014481663703918457,-0.0928678810596466,3.1620278358459473,-0.1682019829750061,-0.12617793679237366,3.175097703933716,-0.14655092358589172,-0.07884594798088074,3.2802019119262695,-0.43743759393692017,1.01378333568573,2.711045503616333,-0.666868269443512,0.9935704469680786,2.94171404838562
-0.32686373591423035,0.5021499395370483,2.9304986000061035,-0.2633204460144043,0.37466204166412354,2.997297763824463,-0.20102187991142273,0.24671493470668793,3.0643908977508545,-0.13872146606445312,0.1187639981508255,3.131485939025879,-0.10554070770740509,0.1195363700389862,3.104154348373413,0.006971292197704315,0.1245645135641098,3.0092711448669434,-0.11252375692129135,0.3328781723976135,2.898526430130005,-0.277543842792511,0.42701616883277893,2.7295055389404297,-0.3105478584766388,0.44584375619888306,2.6957013607025146,-0.3765558898448944,0.4834989607334137,2.6280930042266846,-0.38810014724731445,0.4612165689468384,2.7034666538238525,-0.17122507095336914,0.11660096049308777,3.1595468521118164,-0.28373706340789795,0.11157281696796417,3.254430055618286,-0.43159472942352295,0.31801944971084595,3.18056583404541,-0.6217846870422363,0.3952535390853882,3.030484676361084,-0.6598227024078369,0.41070035099983215,3.0004684925079346,-0.7358986735343933,0.4415939748287201,2.9404361248016357,-0.6577675938606262,0.4390612244606018,2.926290273666382,-0.2599319815635681,0.5063722133636475,2.874887704849243,-0.5112119913101196,0.5970909595489502,2.580653429031372,-0.4697486162185669,0.9374890327453613,2.6655430793762207,-0.5260251760482788,1.050079107284546,2.609081983566284,-0.3937954902648926,0.49792763590812683,2.986109495162964,-0.7567692995071411,0.5715751051902771,2.8419864177703857,-0.7106204032897949,0.9149143695831299,2.911158323287964,-0.7957398295402527,1.0214416980743408,2.890228509902954,-0.1754322052001953,-0.049125656485557556,3.1106250286102295,-0.17146740853786469,-0.1001741886138916,3.1212456226348877,-0.12104789167642593,-0.13105371594429016,3.1342272758483887,-0.014114677906036377,-0.0921771451830864,3.1627345085144043,-0.16773104667663574,-0.12601855397224426,3.175856113433838,-0.1463836282491684,-0.07791087031364441,3.2806830406188965,-0.4371686577796936,1.0134249925613403,2.712660074234009,-0.666864275932312,0.9938516616821289,2.941192150115967
-0.32699787616729736,0.5026279091835022,2.930020332336426,-0.2634928822517395,0.3750443160533905,2.996685266494751,-0.20121164619922638,0.247002974152565,3.063626527786255,-0.13892854750156403,0.11895780265331268,3.1305696964263916,-0.10575129091739655,0.11975270509719849,3.1032321453094482,0.006760209798812866,0.12486030906438828,3.0083224773406982,-0.11194421350955963,0.33413946628570557,2.8984036445617676,-0.27601462602615356,0.43140047788619995,2.7301390171051025,-0.3088287115097046,0.4508526921272278,2.696485996246338,-0.37445688247680664,0.48975712060928345,2.6291801929473877,-0.3862822353839874,0.46677476167678833,2.704319477081299,-0.1714288592338562,0.11677119135856628,3.158634901046753,-0.2839403748512268,0.1116635873913765,3.253544569015503,-0.4316747784614563,0.31820860505104065,3.179487943649292,-0.6219274997711182,0.3937157690525055,3.0285098552703857,-0.6599780321121216,0.40881720185279846,2.998314142227173,-0.7360790967941284,0.4390200674533844,2.937922954559326,-0.6578839421272278,0.4368053376674652,2.923975706100464,-0.2600777745246887,0.5068685412406921,2.8743879795074463,-0.5111139416694641,0.5975984334945679,2.5799036026000977,-0.4692763388156891,0.9379003047943115,2.665119171142578,-0.525375485420227,1.0506190061569214,2.6087095737457275,-0.393917977809906,0.49838727712631226,2.9856526851654053,-0.7567893266677856,0.5722522735595703,2.841290235519409,-0.7107846736907959,0.9156591296195984,2.9103753566741943,-0.7959254384040833,1.02216374874115,2.889340400695801,-0.17498186230659485,-0.04923458397388458,3.1107912063598633,-0.17081910371780396,-0.10020533204078674,3.1217470169067383,-0.12027393281459808,-0.1308068335056305,3.1349430084228516,-0.01348346471786499,-0.09132004529237747,3.1632256507873535,-0.16699478030204773,-0.1256827712059021,3.176534414291382,-0.14585918188095093,-0.0768018588423729,3.2810680866241455,-0.4366307556629181,1.0137614011764526,2.712327480316162,-0.6670695543289185,0.994626522064209,2.940415382385254
-0.32720091938972473,0.5026315450668335,2.9301328659057617,-0.26358461380004883,0.3750957250595093,2.9967873096466064,-0.2011909782886505,0.24710515141487122,3.063725233078003,-0.13879546523094177,0.11911073327064514,3.1306653022766113,-0.10563801229000092,0.11991332471370697,3.1033031940460205,0.006812736392021179,0.12504664063453674,3.0083017349243164,-0.11177060008049011,0.3344053030014038,2.8983659744262695,-0.27564138174057007,0.43244120478630066,2.7303340435028076,-0.3084155321121216,0.4520483911037445,2.696727752685547,-0.3739638328552246,0.4912627637386322,2.6295149326324463,-0.38582897186279297,0.4681604206562042,2.704615831375122,-0.17127478122711182,0.11691702902317047,3.158754825592041,-0.2837255299091339,0.1117837131023407,3.253756284713745,-0.43115246295928955,0.31844741106033325,3.179363250732422,-0.6212930083274841,0.39274799823760986,3.0276219844818115,-0.659321129322052,0.40760812163352966,2.9972736835479736,-0.7353773713111877,0.43732836842536926,2.936577081680298,-0.6571409106254578,0.4352717101573944,2.922811508178711,-0.26037514209747314,0.506826639175415,2.874379873275757,-0.5120351314544678,0.5981650948524475,2.5806145668029785,-0.4692470133304596,0.9385450482368469,2.6650495529174805,-0.5252835750579834,1.051270604133606,2.6085898876190186,-0.3940266966819763,0.49843645095825195,2.9858858585357666,-0.756659746170044,0.5731164216995239,2.841339349746704,-0.709975004196167,0.9163922071456909,2.910627603530884,-0.7948796153068542,1.0230867862701416,2.8895959854125977,-0.175174281001091,-0.04898351430892944,3.1106317043304443,-0.17108605802059174,-0.09998202323913574,3.1214890480041504,-0.12057583034038544,-0.13069702684879303,3.1345579624176025,-0.013674601912498474,-0.0914498120546341,3.1627612113952637,-0.16722926497459412,-0.1255662441253662,3.176225185394287,-0.14585933089256287,-0.07691259682178497,3.2808187007904053,-0.4363054633140564,1.0144298076629639,2.7120144367218018,-0.6661118865013123,0.9952526092529297,2.9407341480255127
-0.32720041275024414,0.5027319192886353,2.93070912361145,-0.2634030282497406,0.37527596950531006,2.997346878051758,-0.20086534321308136,0.24736817181110382,3.064312219619751,-0.1383257806301117,0.11945652961730957,3.131279468536377,-0.10520027577877045,0.12025479972362518,3.1038780212402344,0.007149256765842438,0.1253722906112671,3.0087316036224365,-0.11165141314268112,0.33438870310783386,2.89837646484375,-0.2757755219936371,0.43165040016174316,2.7301394939422607,-0.3086003363132477,0.45110273361206055,2.6964921951293945,-0.37424996495246887,0.4900074005126953,2.629197359085083,-0.38603129982948303,0.46713224053382874,2.7043814659118652,-0.17077156901359558,0.11726804077625275,3.1594090461730957,-0.28312110900878906,0.11215054988861084,3.2545554637908936,-0.43047061562538147,0.31861943006515503,3.1794657707214355,-0.6205089092254639,0.39220914244651794,3.0272481441497803,-0.6585165858268738,0.40692707896232605,2.996804714202881,-0.7345318794250488,0.43636295199394226,2.935917615890503,-0.6562783122062683,0.4343225359916687,2.9222445487976074,-0.2605215013027191,0.506862998008728,2.8747737407684326,-0.5140144228935242,0.5992081761360168,2.582869291305542,-0.46958136558532715,0.93930983543396,2.6676735877990723,-0.5256697535514832,1.052325963973999,2.6118273735046387,-0.39387932419776917,0.4986008107662201,2.9866445064544678,-0.756515622138977,0.5738598108291626,2.842334032058716,-0.7089742422103882,0.9169216156005859,2.9122166633605957,-0.7936444878578186,1.0238614082336426,2.8914272785186768,-0.1754709631204605,-0.04839029908180237,3.1105635166168213,-0.17158572375774384,-0.09945474565029144,3.121187210083008,-0.12118610739707947,-0.1304471790790558,3.134031057357788,-0.014064446091651917,-0.09178974479436874,3.1622209548950195,-0.16774509847164154,-0.1252990961074829,3.1758034229278564,-0.14598160982131958,-0.07720357179641724,3.28057599067688,-0.43607422709465027,1.0150049924850464,2.71455717086792,-0.6649037003517151,0.9956289529800415,2.9424407482147217
-0.3270413279533386,0.5028953552246094,2.9316816329956055,-0.2631431818008423,0.3755091726779938,2.998373508453369,-0.2005426585674286,0.24767076969146729,3.0654296875,-0.13794025778770447,0.11982853710651398,3.1324877738952637,-0.10481809079647064,0.12061843276023865,3.105078935623169,0.007524460554122925,0.1257062554359436,3.0099005699157715,-0.11170679330825806,0.3341476023197174,2.8989148139953613,-0.2762954533100128,0.42968177795410156,2.730137348175049,-0.30921319127082825,0.4487886130809784,2.6963818073272705,-0.3750486373901367,0.48700228333473206,2.628870725631714,-0.38671252131462097,0.46452778577804565,2.704195261001587,-0.17038200795650482,0.1176491379737854,3.160625457763672,-0.2827245593070984,0.11256131529808044,3.2558038234710693,-0.4300333857536316,0.3187025189399719,3.179727554321289,-0.6198329925537109,0.39195001125335693,3.0270419120788574,-0.6577929258346558,0.4065995216369629,2.996504783630371,-0.7337127923965454,0.4358985126018524,2.9354305267333984,-0.6554406881332397,0.4337814450263977,2.9218688011169434,-0.26040107011795044,0.5070130228996277,2.8756978511810303,-0.5152714252471924,0.600574254989624,2.585345506668091,-0.46947458386421204,0.9400984644889832,2.671826124191284,-0.5255432724952698,1.0535846948623657,2.616896629333496,-0.3936815857887268,0.4987776577472687,2.9876654148101807,-0.7564996480941772,0.5745805501937866,2.844020366668701,-0.7082241177558899,0.9172885417938232,2.9152495861053467,-0.7927320003509521,1.0244759321212769,2.895017623901367,-0.176043301820755,-0.04764941334724426,3.1105520725250244,-0.17242781817913055,-0.09881392121315002,3.120784044265747,-0.1221841424703598,-0.13018164038658142,3.133326292037964,-0.014812618494033813,-0.09233251959085464,3.161665678024292,-0.16866035759449005,-0.12509210407733917,3.175198554992676,-0.1464952528476715,-0.07791216671466827,3.280303478240967,-0.43551942706108093,1.0154443979263306,2.7189629077911377,-0.6639629602432251,0.9957953691482544,2.9457366466522217
-0.3273795247077942,0.5023227334022522,2.9324183464050293,-0.2633279860019684,0.37504512071609497,2.9991798400878906,-0.20058462023735046,0.24731646478176117,3.0663211345672607,-0.13783937692642212,0.11958399415016174,3.1334643363952637,-0.10473886132240295,0.12036789953708649,3.106027364730835,0.00753851979970932,0.12543368339538574,3.0107414722442627,-0.11157093197107315,0.33374667167663574,2.8993494510650635,-0.2760920226573944,0.4288683831691742,2.7302520275115967,-0.3089962303638458,0.4478927254676819,2.696432590484619,-0.37480467557907104,0.48594141006469727,2.628793478012085,-0.38650864362716675,0.46363022923469543,2.704164981842041,-0.17025794088840485,0.1174117773771286,3.1616311073303223,-0.2825353145599365,0.11234600096940994,3.2569169998168945,-0.4296368956565857,0.31833627820014954,3.1799840927124023,-0.6191631555557251,0.3917728662490845,3.0270259380340576,-0.6570684313774109,0.406460165977478,2.996434211730957,-0.7328789234161377,0.4358347952365875,2.935250997543335,-0.6545974612236023,0.43351343274116516,2.921750783920288,-0.26081299781799316,0.5064083337783813,2.876343011856079,-0.5174238681793213,0.6010203957557678,2.587846279144287,-0.46981072425842285,0.9398187398910522,2.6762356758117676,-0.5258163213729858,1.0538699626922607,2.622407913208008,-0.3939460515975952,0.49823710322380066,2.9884936809539795,-0.7567954063415527,0.5748315453529358,2.845299243927002,-0.707867443561554,0.9173100590705872,2.9172608852386475,-0.7922126054763794,1.0246922969818115,2.897343397140503,-0.17691490054130554,-0.0474778413772583,3.110149383544922,-0.17356908321380615,-0.09874676913022995,3.1199328899383545,-0.12348251044750214,-0.1305009126663208,3.132117509841919,-0.015856921672821045,-0.09349945187568665,3.160598039627075,-0.16985850036144257,-0.12551409006118774,3.1741104125976562,-0.1472555696964264,-0.0793701559305191,3.2795777320861816,-0.43527114391326904,1.0147343873977661,2.7236413955688477,-0.6634430885314941,0.9956755042076111,2.9478871822357178
-0.32773518562316895,0.5018371343612671,2.93224835395813,-0.2635723650455475,0.3746345639228821,2.99904727935791,-0.2007075995206833,0.24698109924793243,3.0662190914154053,-0.13784095644950867,0.11932380497455597,3.1333930492401123,-0.10477349162101746,0.12009556591510773,3.1059155464172363,0.007404886186122894,0.12511898577213287,3.010476589202881,-0.11129255592823029,0.33375364542007446,2.8991801738739014,-0.2754998207092285,0.4298200011253357,2.730271339416504,-0.30834126472473145,0.449033260345459,2.6964895725250244,-0.3740241527557373,0.48745980858802795,2.6289260387420654,-0.38580721616744995,0.46502283215522766,2.704256534576416,-0.170225128531456,0.11716459691524506,3.161600351333618,-0.28240349888801575,0.1121411845088005,3.2570393085479736,-0.4294274151325226,0.31818851828575134,3.1800143718719482,-0.6189874410629272,0.391859233379364,3.0271661281585693,-0.6568994522094727,0.406593382358551,2.996596574783325,-0.7327234745025635,0.43606165051460266,2.935457229614258,-0.6544468402862549,0.43363332748413086,2.921898365020752,-0.26126664876937866,0.5058532953262329,2.8760507106781006,-0.5198287963867188,0.6009491086006165,2.5894312858581543,-0.4702216684818268,0.9393045902252197,2.678494453430176,-0.5261815190315247,1.0537446737289429,2.6254303455352783,-0.39420372247695923,0.49782097339630127,2.988445997238159,-0.7569799423217773,0.5747334957122803,2.8451766967773438,-0.7076377868652344,0.9172699451446533,2.916673421859741,-0.7918610572814941,1.0247310400009155,2.896613836288452,-0.17742764949798584,-0.0475163608789444,3.109375476837158,-0.17422203719615936,-0.09883737564086914,3.118927478790283,-0.12421688437461853,-0.13079120218753815,3.130920171737671,-0.01645621657371521,-0.0942314937710762,3.1594560146331787,-0.17053580284118652,-0.12585584819316864,3.1729812622070312,-0.1476931869983673,-0.08024800568819046,3.2786288261413574,-0.4350326657295227,1.013943076133728,2.725870132446289,-0.6631159782409668,0.9956283569335938,2.9471921920776367
-0.32791584730148315,0.5014964938163757,2.932152271270752,-0.26369041204452515,0.37428635358810425,2.998879909515381,-0.20074990391731262,0.24662446975708008,3.0659680366516113,-0.13780750334262848,0.11895875632762909,3.1330583095550537,-0.10478673875331879,0.11971500515937805,3.1055238246917725,0.0072478801012039185,0.12468626350164413,3.009875535964966,-0.11097078025341034,0.3338702917098999,2.899054765701294,-0.2747802734375,0.4316743016242981,2.730729103088379,-0.30754217505455017,0.4512351155281067,2.69706392288208,-0.3730659484863281,0.4903567135334015,2.6297335624694824,-0.38492241501808167,0.4675999879837036,2.704963207244873,-0.17014415562152863,0.11681494116783142,3.1613218784332275,-0.28217875957489014,0.11184368282556534,3.256970167160034,-0.42860478162765503,0.3188753128051758,3.1813912391662598,-0.6181655526161194,0.395232617855072,3.0298361778259277,-0.6560776829719543,0.4105040729045868,2.9995250701904297,-0.731902003288269,0.44104698300361633,2.9389030933380127,-0.6536880731582642,0.4381542503833771,2.9250423908233643,-0.2615557909011841,0.5054523348808289,2.875822067260742,-0.52210533618927,0.6006916165351868,2.5910041332244873,-0.47115135192871094,0.9389990568161011,2.6796205043792725,-0.5272769927978516,1.053550362586975,2.626939058303833,-0.3942759037017822,0.497540682554245,2.9884824752807617,-0.7569741010665894,0.5744514465332031,2.8449110984802246,-0.7077196836471558,0.9171730279922485,2.9157416820526123,-0.7919563055038452,1.0245898962020874,2.895414113998413,-0.17759744822978973,-0.04782448709011078,3.108978033065796,-0.17443828284740448,-0.09915481507778168,3.1184961795806885,-0.1244562491774559,-0.13116994500160217,3.130422353744507,-0.01662886142730713,-0.09474383294582367,3.1588780879974365,-0.17073005437850952,-0.12620985507965088,3.172530174255371,-0.14773797988891602,-0.08069019019603729,3.278183698654175,-0.43545812368392944,1.0135844945907593,2.726719856262207,-0.6632226705551147,0.9956079125404358,2.9461276531219482
-0.3284136652946472,0.5009947419166565,2.9322872161865234,-0.26407375931739807,0.3737446069717407,2.9988348484039307,-0.20101721584796906,0.24604451656341553,3.0657479763031006,-0.13795877993106842,0.11834059655666351,3.1326632499694824,-0.10501013696193695,0.11908265948295593,3.1050407886505127,0.006793908774852753,0.12400676310062408,3.009078025817871,-0.11077676713466644,0.33384162187576294,2.8987925052642822,-0.2740815579891205,0.43365979194641113,2.7311558723449707,-0.30674251914024353,0.4536234140396118,2.6976284980773926,-0.3720644414424896,0.49355068802833557,2.6305737495422363,-0.38400799036026,0.47045135498046875,2.705686092376709,-0.17022205889225006,0.11621057987213135,3.161012887954712,-0.28202611207962036,0.1112864762544632,3.2569756507873535,-0.42748552560806274,0.32010751962661743,3.184506416320801,-0.617125928401947,0.4016832709312439,3.0357916355133057,-0.6550540328025818,0.41799843311309814,3.0060486793518066,-0.7309101819992065,0.45062872767448425,2.9465627670288086,-0.6528511047363281,0.4469050168991089,2.932037830352783,-0.26222461462020874,0.5048951506614685,2.8757522106170654,-0.5246594548225403,0.6001434922218323,2.5926496982574463,-0.4723726212978363,0.9381110668182373,2.6818437576293945,-0.5286072492599487,1.0529311895370483,2.6298530101776123,-0.3946027159690857,0.4970943331718445,2.9888222217559814,-0.7572008371353149,0.5736638307571411,2.8447701930999756,-0.7076843976974487,0.9165213108062744,2.9148306846618652,-0.7918162941932678,1.0239694118499756,2.8941972255706787,-0.1778741329908371,-0.048457443714141846,3.1088879108428955,-0.17472517490386963,-0.0997760146856308,3.118474245071411,-0.12473928928375244,-0.1317998468875885,3.1303627490997314,-0.01684527099132538,-0.09538807719945908,3.158586025238037,-0.1709403395652771,-0.12675586342811584,3.1725409030914307,-0.14774823188781738,-0.08109677582979202,3.2780911922454834,-0.43619880080223083,1.01249361038208,2.728905200958252,-0.6631349325180054,0.9949911236763,2.9450619220733643
-0.32892483472824097,0.500950813293457,2.932715654373169,-0.2644762396812439,0.37364661693573,2.999060869216919,-0.20129764080047607,0.24589145183563232,3.0657598972320557,-0.13811714947223663,0.11813247203826904,3.132460832595825,-0.10524776577949524,0.11886277794837952,3.1047427654266357,0.0063005611300468445,0.12374850362539291,3.0084400177001953,-0.11073537915945053,0.33401918411254883,2.8983824253082275,-0.2735491991043091,0.4357070326805115,2.731372833251953,-0.3061119616031647,0.45604461431503296,2.6979708671569824,-0.37123748660087585,0.49671974778175354,2.631166934967041,-0.38325947523117065,0.4733498692512512,2.7061872482299805,-0.17029984295368195,0.1160135567188263,3.1609039306640625,-0.28184816241264343,0.1111278310418129,3.257206678390503,-0.42640578746795654,0.3219841718673706,3.188894748687744,-0.6162165999412537,0.41009411215782166,3.0441553592681885,-0.6541787385940552,0.42771610617637634,3.015207529067993,-0.730103075504303,0.4629600942134857,2.9573118686676025,-0.6522700190544128,0.45828676223754883,2.9418554306030273,-0.26289281249046326,0.5048192739486694,2.8759942054748535,-0.5263220071792603,0.5995381474494934,2.5936074256896973,-0.4728109538555145,0.937308132648468,2.6829023361206055,-0.5289393067359924,1.0523273944854736,2.6312174797058105,-0.3949568569660187,0.49708232283592224,2.9894371032714844,-0.7574123740196228,0.5730507373809814,2.844648599624634,-0.707660436630249,0.916041374206543,2.9139864444732666,-0.7916731238365173,1.023525357246399,2.893005132675171,-0.1782923936843872,-0.04859595000743866,3.108633518218994,-0.17518198490142822,-0.09992697089910507,3.118165969848633,-0.12520579993724823,-0.13202184438705444,3.1299028396606445,-0.017198830842971802,-0.09576578438282013,3.1578941345214844,-0.17129714787006378,-0.1269601583480835,3.172199010848999,-0.14779101312160492,-0.0814242959022522,3.277733325958252,-0.4362644851207733,1.0115584135055542,2.72989559173584,-0.6630722284317017,0.9945436120033264,2.9440927505493164
-0.3289477527141571,0.5017542243003845,2.932915449142456,-0.2645070254802704,0.3743770122528076,2.9991438388824463,-0.20132887363433838,0.24654601514339447,3.06571364402771,-0.13814884424209595,0.11871117353439331,3.1322853565216064,-0.10531575977802277,0.11942689120769501,3.1045210361480713,0.006124086678028107,0.12426459044218063,3.0080485343933105,-0.1114661693572998,0.334128737449646,2.897590398788452,-0.2749295234680176,0.43477246165275574,2.7304511070251465,-0.30762219429016113,0.45490121841430664,2.6970231533050537,-0.37300753593444824,0.49515870213508606,2.6301674842834473,-0.38481980562210083,0.47206151485443115,2.705333948135376,-0.17029523849487305,0.11660607159137726,3.160773277282715,-0.2817350924015045,0.11176837235689163,3.2572457790374756,-0.4273066520690918,0.32332944869995117,3.1930408477783203,-0.6181166172027588,0.41699567437171936,3.0530295372009277,-0.6562786102294922,0.43572890758514404,3.025027275085449,-0.732602596282959,0.4731954038143158,2.969022750854492,-0.655017077922821,0.4680403470993042,2.9523816108703613,-0.2629339098930359,0.5056434869766235,2.8761637210845947,-0.525312066078186,0.5991206169128418,2.5923495292663574,-0.4730273187160492,0.9373336434364319,2.6807870864868164,-0.5292108058929443,1.0520532131195068,2.628474473953247,-0.3949615955352783,0.4978649914264679,2.9896671772003174,-0.7574681043624878,0.5722562074661255,2.84411358833313,-0.7078714370727539,0.9154500365257263,2.9126780033111572,-0.7918980121612549,1.022868037223816,2.8913543224334717,-0.17804959416389465,-0.04814569652080536,3.108793020248413,-0.17484180629253387,-0.09945768117904663,3.1184191703796387,-0.12479682266712189,-0.1314452588558197,3.1301820278167725,-0.016825735569000244,-0.09494393318891525,3.158033847808838,-0.1708717942237854,-0.12638595700263977,3.172504186630249,-0.14737148582935333,-0.08060920983552933,3.2779462337493896,-0.4368712306022644,1.0118314027786255,2.727703809738159,-0.6633303761482239,0.9940419793128967,2.942640542984009
-0.32860612869262695,0.5028484463691711,2.9331421852111816,-0.2642708122730255,0.37543347477912903,2.9994022846221924,-0.20115959644317627,0.2475636750459671,3.065962791442871,-0.1380464732646942,0.11969004571437836,3.1325254440307617,-0.10519495606422424,0.12041069567203522,3.1047825813293457,0.006328105926513672,0.1252669245004654,3.0083682537078857,-0.11197155714035034,0.33464187383651733,2.897627592086792,-0.2758770287036896,0.434442937374115,2.7303476333618164,-0.3086581230163574,0.4544031620025635,2.6968915462493896,-0.3742203116416931,0.49432358145713806,2.6299796104431152,-0.38592249155044556,0.47132354974746704,2.7052080631256104,-0.1702120453119278,0.11757956445217133,3.1609914302825928,-0.2817351222038269,0.11272333562374115,3.2574057579040527,-0.4284551739692688,0.3238680958747864,3.194261074066162,-0.619933009147644,0.4180324673652649,3.0554189682006836,-0.6582285761833191,0.43686532974243164,3.0276505947113037,-0.7348197102546692,0.4745310842990875,2.972113847732544,-0.6572687029838562,0.4696067273616791,2.9551775455474854,-0.2624528110027313,0.5068235397338867,2.876554489135742,-0.5219295024871826,0.5990187525749207,2.5896449089050293,-0.4724086821079254,0.938027024269104,2.6766810417175293,-0.528603196144104,1.0521469116210938,2.62306809425354,-0.3947594463825226,0.49887335300445557,2.989729881286621,-0.7574503421783447,0.5723100304603577,2.844101905822754,-0.7082592248916626,0.915611743927002,2.9125006198883057,-0.7924233675003052,1.022922158241272,2.8911378383636475,-0.17784644663333893,-0.047199174761772156,3.1090633869171143,-0.17461459338665009,-0.09850776940584183,3.118705987930298,-0.12455601245164871,-0.13046523928642273,3.130499839782715,-0.01661457121372223,-0.09389583021402359,3.158388137817383,-0.17065300047397614,-0.12541893124580383,3.1728014945983887,-0.14722272753715515,-0.07959794998168945,3.278243064880371,-0.43717023730278015,1.0129897594451904,2.7235639095306396,-0.6638074517250061,0.9942755103111267,2.9424211978912354
-0.32823389768600464,0.5034075975418091,2.9331231117248535,-0.2639883756637573,0.37599992752075195,2.999488592147827,-0.20093278586864471,0.24813903868198395,3.0661232471466064,-0.13787530362606049,0.12027432024478912,3.1327598094940186,-0.10498429834842682,0.12100833654403687,3.1050634384155273,0.006696231663227081,0.12591110169887543,3.008788824081421,-0.11206954717636108,0.33503493666648865,2.8979969024658203,-0.2760832905769348,0.4348434805870056,2.730781078338623,-0.3088860511779785,0.4548051953315735,2.6973378658294678,-0.37449154257774353,0.49472862482070923,2.6304514408111572,-0.3861813545227051,0.47162574529647827,2.705660343170166,-0.17008095979690552,0.11815059185028076,3.161180257797241,-0.28176149725914,0.1132478266954422,3.2574548721313477,-0.4297124147415161,0.3233630955219269,3.1936185359954834,-0.6217787861824036,0.41562536358833313,3.054257392883301,-0.66019207239151,0.43407782912254333,3.0263850688934326,-0.7370185852050781,0.47098273038864136,2.9706406593322754,-0.6594147086143494,0.46653270721435547,2.953770875930786,-0.2619215250015259,0.507468581199646,2.876725196838379,-0.5182307958602905,0.5992093682289124,2.5868124961853027,-0.47130903601646423,0.9388220310211182,2.6729965209960938,-0.5274002552032471,1.0524581670761108,2.6182432174682617,-0.3945462703704834,0.4993465840816498,2.989521026611328,-0.7573964595794678,0.5725382566452026,2.8441150188446045,-0.7087239027023315,0.9158862829208374,2.912738800048828,-0.7930706143379211,1.0230827331542969,2.8914811611175537,-0.17787931859493256,-0.04650913178920746,3.1088955402374268,-0.17472729086875916,-0.09784290194511414,3.1184301376342773,-0.1247243583202362,-0.12989428639411926,3.1302051544189453,-0.01676134765148163,-0.09353306144475937,3.1582818031311035,-0.1708572804927826,-0.12487665563821793,3.172471046447754,-0.14747130870819092,-0.07931642234325409,3.2780354022979736,-0.43697136640548706,1.0141475200653076,2.719975709915161,-0.664384126663208,0.9946034550666809,2.9426991939544678
-0.3278277516365051,0.5034747123718262,2.9327268600463867,-0.26369965076446533,0.37608569860458374,2.99924635887146,-0.20074166357517242,0.2482445240020752,3.0660157203674316,-0.1377817988395691,0.12039953470230103,3.1327872276306152,-0.10483048856258392,0.12114617228507996,3.1051621437072754,0.007080003619194031,0.12609289586544037,3.009111166000366,-0.11241818219423294,0.33475375175476074,2.8981804847717285,-0.27694013714790344,0.43349409103393555,2.730797290802002,-0.3098445236682892,0.45324215292930603,2.6973206996917725,-0.37565329670906067,0.4927383065223694,2.6303672790527344,-0.38721680641174316,0.4697414040565491,2.7056350708007812,-0.1700488030910492,0.1182633638381958,3.161137819290161,-0.28195929527282715,0.11331664025783539,3.2571887969970703,-0.43097156286239624,0.3221431076526642,3.19152569770813,-0.6233738660812378,0.411179780960083,3.0505003929138184,-0.6618543267250061,0.4289871156215668,3.0222952365875244,-0.7388152480125427,0.4646017849445343,2.9658851623535156,-0.6611002087593079,0.4607253074645996,2.949357509613037,-0.2613484859466553,0.5075954794883728,2.8765289783477783,-0.5144946575164795,0.5989779233932495,2.583714008331299,-0.47010117769241333,0.9392145872116089,2.6688344478607178,-0.5260717272758484,1.0523420572280884,2.612901449203491,-0.394307017326355,0.49935394525527954,2.988924741744995,-0.7573227286338806,0.5727784037590027,2.844001531600952,-0.7093020081520081,0.91618812084198,2.9128568172454834,-0.7938877940177917,1.023232340812683,2.891742467880249,-0.1776309460401535,-0.04643046855926514,3.1089699268341064,-0.1744644045829773,-0.09775575995445251,3.1185495853424072,-0.1244632750749588,-0.12976619601249695,3.1304478645324707,-0.016577914357185364,-0.09331300109624863,3.1587107181549072,-0.1706836223602295,-0.12474657595157623,3.172619581222534,-0.14753557741641998,-0.07909072935581207,3.2781970500946045,-0.4366464912891388,1.0149176120758057,2.7158522605895996,-0.6650998592376709,0.9949766397476196,2.9428467750549316
-0.3275608420372009,0.5032257437705994,2.9324119091033936,-0.26346123218536377,0.3758620023727417,2.999014377593994,-0.20053496956825256,0.2480466365814209,3.0658700466156006,-0.13760681450366974,0.12022744119167328,3.132727861404419,-0.10462617874145508,0.12097953259944916,3.1051366329193115,0.007406793534755707,0.12594538927078247,3.0091822147369385,-0.11275440454483032,0.33414512872695923,2.898029088973999,-0.2779732048511505,0.431233286857605,2.7303216457366943,-0.3110169768333435,0.4506509304046631,2.696780204772949,-0.3771044909954071,0.4894861876964569,2.629697322845459,-0.3884774446487427,0.46677783131599426,2.7050912380218506,-0.16990350186824799,0.11808611452579498,3.161045551300049,-0.2819364666938782,0.11312025785446167,3.256999969482422,-0.43143230676651,0.32106253504753113,3.189532518386841,-0.6237767934799194,0.40722376108169556,3.046602487564087,-0.6622456908226013,0.42445600032806396,3.0180165767669678,-0.7391834855079651,0.4589204788208008,2.9608445167541504,-0.6613414287567139,0.4555061161518097,2.944774627685547,-0.26101064682006836,0.5073761940002441,2.8762993812561035,-0.5126645565032959,0.5988244414329529,2.5822196006774902,-0.4697209298610687,0.939566969871521,2.666055202484131,-0.5257298946380615,1.052278757095337,2.609325885772705,-0.3941110372543335,0.4990752935409546,2.9885244369506836,-0.7571641206741333,0.5729902386665344,2.8439409732818604,-0.7096276879310608,0.9164372682571411,2.912951946258545,-0.7943784594535828,1.0233674049377441,2.891918182373047,-0.17717599868774414,-0.04674060642719269,3.109376907348633,-0.17393773794174194,-0.09803342074155807,3.1191141605377197,-0.12389567494392395,-0.1299307644367218,3.131152629852295,-0.01608884334564209,-0.09322310984134674,3.1594009399414062,-0.17016229033470154,-0.12485639750957489,3.173269748687744,-0.1471775621175766,-0.07884573936462402,3.2787327766418457,-0.43673673272132874,1.0155771970748901,2.7129101753234863,-0.6655319333076477,0.9952762722969055,2.942966938018799
-0.3276776075363159,0.5027957558631897,2.931917667388916,-0.2635190188884735,0.37546849250793457,2.998539924621582,-0.20054015517234802,0.2476927936077118,3.0654287338256836,-0.1375594139099121,0.11991328001022339,3.132319450378418,-0.10457858443260193,0.12067167460918427,3.1047275066375732,0.007473655045032501,0.12565934658050537,3.0087528228759766,-0.11305070668458939,0.333562970161438,2.8973703384399414,-0.27890288829803467,0.4290103018283844,2.729304552078247,-0.31207332015037537,0.4480997622013092,2.6956913471221924,-0.37841418385505676,0.4862787127494812,2.628464937210083,-0.3896024227142334,0.46393585205078125,2.704005002975464,-0.1698557287454605,0.11776606738567352,3.1606383323669434,-0.28190797567367554,0.11277839541435242,3.25661301612854,-0.4317834973335266,0.31980642676353455,3.1870944499969482,-0.6240516901016235,0.4029650390148163,3.0422468185424805,-0.6625053286552429,0.41959676146507263,3.013277292251587,-0.7394126057624817,0.4528602063655853,2.9553382396698,-0.6614590883255005,0.4498423635959625,2.939692258834839,-0.26113882660865784,0.5069558620452881,2.8757901191711426,-0.5128953456878662,0.5988761782646179,2.581923007965088,-0.469927579164505,0.9397953152656555,2.665088176727295,-0.5259873270988464,1.052398681640625,2.608180046081543,-0.394216388463974,0.4986356496810913,2.9880452156066895,-0.7571915984153748,0.5732178092002869,2.8435630798339844,-0.7094486355781555,0.9165751934051514,2.912952184677124,-0.7941358089447021,1.023584246635437,2.892026424407959,-0.17685765027999878,-0.047228142619132996,3.109650135040283,-0.17354494333267212,-0.09847861528396606,3.1196069717407227,-0.12345607578754425,-0.1302492916584015,3.1318111419677734,-0.015714198350906372,-0.09325088560581207,3.1599698066711426,-0.16975966095924377,-0.1250685751438141,3.1738827228546143,-0.14690768718719482,-0.07857219874858856,3.279172658920288,-0.4369184076786041,1.0159006118774414,2.7117791175842285,-0.6653052568435669,0.9953579306602478,2.943057060241699
-0.3276310861110687,0.5028921365737915,2.931540012359619,-0.2634992301464081,0.3755947947502136,2.998251438140869,-0.20055118203163147,0.24784868955612183,3.065232038497925,-0.13760124146938324,0.12009873986244202,3.1322147846221924,-0.1046002209186554,0.12085138261318207,3.1046454906463623,0.007538124918937683,0.12581941485404968,3.0087335109710693,-0.11294268071651459,0.3338310122489929,2.897467613220215,-0.2789413332939148,0.42863929271698,2.7291617393493652,-0.3121410608291626,0.44760096073150635,2.695500612258911,-0.3785405158996582,0.4855242669582367,2.628178119659424,-0.38971248269081116,0.463283509016037,2.7037556171417236,-0.16991807520389557,0.11795763671398163,3.1605119705200195,-0.28205642104148865,0.11298961192369461,3.2564239501953125,-0.4321202039718628,0.3190901279449463,3.184535264968872,-0.6241620182991028,0.39903342723846436,3.0375657081604004,-0.6625703573226929,0.415022075176239,3.008171796798706,-0.7393870949745178,0.4469994008541107,2.9493839740753174,-0.6613224744796753,0.44433942437171936,2.9342100620269775,-0.26106780767440796,0.5070245265960693,2.8754360675811768,-0.5129790306091309,0.5992467999458313,2.581777572631836,-0.4699360430240631,0.9401998519897461,2.6648173332214355,-0.5260282754898071,1.0527937412261963,2.607910633087158,-0.3941943645477295,0.4987597167491913,2.9876439571380615,-0.7572284936904907,0.5734930634498596,2.8433499336242676,-0.7092510461807251,0.9167759418487549,2.913008451461792,-0.7938881516456604,1.0238559246063232,2.8922111988067627,-0.176808163523674,-0.047117918729782104,3.1098287105560303,-0.17346639931201935,-0.09835387766361237,3.1198742389678955,-0.1233554482460022,-0.13007813692092896,3.132134437561035,-0.015625551342964172,-0.09296761453151703,3.160233974456787,-0.16966667771339417,-0.12485117465257645,3.1742000579833984,-0.14684070646762848,-0.0781579315662384,3.2794198989868164,-0.43689095973968506,1.0163195133209229,2.711466073989868,-0.665046215057373,0.9955102205276489,2.9431605339050293
-0.3273366093635559,0.5029289722442627,2.9313337802886963,-0.2632680833339691,0.37568408250808716,2.9982104301452637,-0.2003883272409439,0.2479897141456604,3.0653581619262695,-0.13750669360160828,0.12029151618480682,3.132507801055908,-0.1044730693101883,0.12102667987346649,3.1049764156341553,0.0077906325459480286,0.12593422830104828,3.009180784225464,-0.11280903965234756,0.33389580249786377,2.8979434967041016,-0.27906984090805054,0.4277276396751404,2.7293453216552734,-0.3123219907283783,0.4464940130710602,2.6956257820129395,-0.3788263201713562,0.4840267300605774,2.6281864643096924,-0.38994669914245605,0.46194741129875183,2.703819751739502,-0.16985686123371124,0.11816845834255219,3.160768985748291,-0.28212055563926697,0.1132609024643898,3.2565646171569824,-0.43220216035842896,0.3184816837310791,3.182227849960327,-0.6238964796066284,0.3954082429409027,3.0332043170928955,-0.6622353196144104,0.4107935428619385,3.003399610519409,-0.7389130592346191,0.4415641725063324,2.9437901973724365,-0.6607503890991211,0.4391774833202362,2.9290781021118164,-0.2607048451900482,0.5070311427116394,2.875304937362671,-0.5122189521789551,0.5995252132415771,2.5813798904418945,-0.46949344873428345,0.9405367374420166,2.6643762588500977,-0.5255762934684753,1.05308198928833,2.6073570251464844,-0.3939683735370636,0.4988267719745636,2.9873626232147217,-0.7571377754211426,0.5737296342849731,2.8434736728668213,-0.7091968059539795,0.9169937968254089,2.9132883548736572,-0.7938857674598694,1.024063229560852,2.8926286697387695,-0.17686590552330017,-0.04688011109828949,3.110002279281616,-0.17357788980007172,-0.09812723100185394,3.120018720626831,-0.12350118905305862,-0.12990830838680267,3.1322829723358154,-0.015744328498840332,-0.0929170697927475,3.160454750061035,-0.1698281466960907,-0.1246618926525116,3.1743323802948,-0.14700406789779663,-0.07805222272872925,3.279594659805298,-0.4365573227405548,1.0166921615600586,2.711048126220703,-0.6649868488311768,0.9957253932952881,2.943446397781372
-0.32706010341644287,0.5028018951416016,2.931016683578491,-0.2630881667137146,0.3755399286746979,2.9979569911956787,-0.20030146837234497,0.24782714247703552,3.0651605129241943,-0.13751289248466492,0.12011052668094635,3.1323659420013428,-0.10445384681224823,0.12083753943443298,3.1048641204833984,0.007905341684818268,0.12571780383586884,3.0091638565063477,-0.11246704310178757,0.33402514457702637,2.8982856273651123,-0.27859294414520264,0.42809736728668213,2.7296626567840576,-0.31181812286376953,0.4469118118286133,2.6959381103515625,-0.3782684803009033,0.4845407009124756,2.628488779067993,-0.38945654034614563,0.4623490273952484,2.704084873199463,-0.16988950967788696,0.11799538135528564,3.160598039627075,-0.28224870562553406,0.11311512440443039,3.256298303604126,-0.43229103088378906,0.3177623450756073,3.1802573204040527,-0.6237098574638367,0.39246249198913574,3.0297253131866455,-0.6619936227798462,0.40740251541137695,2.9996190071105957,-0.7385611534118652,0.4372825622558594,2.939406156539917,-0.6603220701217651,0.43511277437210083,2.925041675567627,-0.26035743951797485,0.5069026947021484,2.875067949295044,-0.5111227035522461,0.5993705987930298,2.5804946422576904,-0.4691328704357147,0.9405173063278198,2.6633124351501465,-0.5252225995063782,1.0529299974441528,2.6060385704040527,-0.3937627673149109,0.4987011253833771,2.9869654178619385,-0.757155179977417,0.5735466480255127,2.843609094619751,-0.7095286846160889,0.916857123374939,2.9134137630462646,-0.7943686246871948,1.023830533027649,2.8928751945495605,-0.1767691969871521,-0.047114670276641846,3.110013484954834,-0.17345461249351501,-0.09835235029459,3.1200828552246094,-0.12336110323667526,-0.1300935447216034,3.1323964595794678,-0.015629976987838745,-0.0930095762014389,3.160568952560425,-0.16970770061016083,-0.12483175098896027,3.174427032470703,-0.14694532752037048,-0.07810115814208984,3.2796554565429688,-0.4364396929740906,1.0167620182037354,2.7100095748901367,-0.6653732061386108,0.9956361651420593,2.943528175354004
-0.32684648036956787,0.5030726790428162,2.930803060531616,-0.26291900873184204,0.375802218914032,2.9977715015411377,-0.20020902156829834,0.24807754158973694,3.065025806427002,-0.1374971568584442,0.12034903466701508,3.132282018661499,-0.10443510860204697,0.1210479885339737,3.104782819747925,0.007937073707580566,0.12583214044570923,3.009089231491089,-0.11233854293823242,0.3341907262802124,2.8981592655181885,-0.2784862518310547,0.42808276414871216,2.72943115234375,-0.3117157816886902,0.4468611776828766,2.695685625076294,-0.3781748414039612,0.48441800475120544,2.6281943321228027,-0.3893621861934662,0.46229466795921326,2.7038161754608154,-0.16987758874893188,0.11826182901859283,3.1605122089385986,-0.28224977850914,0.1134776845574379,3.2562057971954346,-0.4322848916053772,0.31758183240890503,3.1786434650421143,-0.6235103011131287,0.39047688245773315,3.0269558429718018,-0.661755383014679,0.4050558805465698,2.9966182708740234,-0.7382455468177795,0.43421390652656555,2.935943126678467,-0.6599529385566711,0.4321788549423218,2.9218227863311768,-0.2601621747016907,0.5071125626564026,2.8748245239257812,-0.5113565921783447,0.5991982817649841,2.5804860591888428,-0.46930816769599915,0.940433144569397,2.6629416942596436,-0.5254950523376465,1.0527877807617188,2.605642080307007,-0.39353078603744507,0.49903276562690735,2.986781597137451,-0.7571297883987427,0.5736265182495117,2.8437952995300293,-0.7095835208892822,0.9170126914978027,2.913318634033203,-0.7944993376731873,1.0239347219467163,2.8928067684173584,-0.17679432034492493,-0.046861663460731506,3.1097965240478516,-0.17347563803195953,-0.09811343252658844,3.119812250137329,-0.12337057292461395,-0.12987443804740906,3.132049083709717,-0.015601977705955505,-0.09282726049423218,3.1601619720458984,-0.1696813702583313,-0.1246495321393013,3.174130439758301,-0.14681588113307953,-0.07802332937717438,3.2793922424316406,-0.43656307458877563,1.0167266130447388,2.709526777267456,-0.6654294729232788,0.9958340525627136,2.9433305263519287
-0.3268287479877472,0.5033659338951111,2.9315896034240723,-0.2629202604293823,0.37603282928466797,2.998459815979004,-0.2002517133951187,0.24824216961860657,3.0656299591064453,-0.13758128881454468,0.12044769525527954,3.1328020095825195,-0.10451182723045349,0.12116193771362305,3.105311870574951,0.007901541888713837,0.12600047886371613,3.0096375942230225,-0.11187459528446198,0.3346354365348816,2.8986003398895264,-0.27730488777160645,0.4298641085624695,2.7298638820648193,-0.3103909492492676,0.44890984892845154,2.6961166858673096,-0.37656307220458984,0.48700132966041565,2.628622055053711,-0.38800251483917236,0.4646263122558594,2.704143524169922,-0.1699696034193039,0.11834448575973511,3.161022424697876,-0.2823829650878906,0.11350595206022263,3.2566967010498047,-0.43090784549713135,0.3190804421901703,3.1799917221069336,-0.6210551857948303,0.39652881026268005,3.029149293899536,-0.659084677696228,0.41201847791671753,2.998980760574341,-0.7351436018943787,0.4429978132247925,2.93864369392395,-0.6568683981895447,0.4400602877140045,2.9245245456695557,-0.2601293921470642,0.5074547529220581,2.8756301403045654,-0.5119121074676514,0.5985909700393677,2.5814621448516846,-0.46853652596473694,0.9386149644851685,2.6682236194610596,-0.5243801474571228,1.0519015789031982,2.6124203205108643,-0.3935281038284302,0.4992770850658417,2.987549066543579,-0.7573399543762207,0.5740419030189514,2.8451192378997803,-0.710258960723877,0.9174010157585144,2.9152135848999023,-0.795365571975708,1.0242345333099365,2.8949694633483887,-0.17745453119277954,-0.04646080732345581,3.1091017723083496,-0.17429178953170776,-0.09779807180166245,3.1187257766723633,-0.12427573651075363,-0.12981483340263367,3.13066029548645,-0.01635080575942993,-0.09333356469869614,3.158919095993042,-0.17051853239536285,-0.12475678324699402,3.172837734222412,-0.1473720818758011,-0.07900240272283554,3.2784218788146973,-0.43546345829963684,1.014194130897522,2.715745210647583,-0.6661964058876038,0.996242880821228,2.945326566696167
-0.32702651619911194,0.5035471320152283,2.9321460723876953,-0.2632023096084595,0.37608176469802856,2.9988467693328857,-0.2005966603755951,0.24815429747104645,3.06581711769104,-0.1379891335964203,0.12022300064563751,3.132789373397827,-0.10493151843547821,0.1209498941898346,3.1052846908569336,0.007450282573699951,0.12583473324775696,3.0095582008361816,-0.11155720800161362,0.33498668670654297,2.8986527919769287,-0.2760566771030426,0.4323551058769226,2.7302191257476807,-0.3089565634727478,0.4518287777900696,2.6965322494506836,-0.3747563660144806,0.4907761514186859,2.6291587352752686,-0.38647758960723877,0.46801289916038513,2.7045228481292725,-0.1703663170337677,0.1181056797504425,3.1610219478607178,-0.28274810314178467,0.11322084069252014,3.2567484378814697,-0.4295812249183655,0.3212926983833313,3.1835811138153076,-0.6191496849060059,0.4060804843902588,3.035982131958008,-0.657063364982605,0.4230380356311798,3.006462335586548,-0.7328907251358032,0.45695313811302185,2.947422742843628,-0.654785692691803,0.45279088616371155,2.9326729774475098,-0.2603203058242798,0.5076703429222107,2.8761959075927734,-0.5118976831436157,0.5978316068649292,2.5815389156341553,-0.4679628610610962,0.9374251365661621,2.669728994369507,-0.5235341787338257,1.0510468482971191,2.614328145980835,-0.3937327265739441,0.49942392110824585,2.988096237182617,-0.7573348879814148,0.5739831924438477,2.8449971675872803,-0.7108569741249084,0.9175434708595276,2.9145498275756836,-0.7960792183876038,1.0242230892181396,2.8939602375030518,-0.17784450948238373,-0.046640291810035706,3.1087169647216797,-0.17467175424098969,-0.09800003468990326,3.118223190307617,-0.12464695423841476,-0.13003727793693542,3.1300721168518066,-0.016718074679374695,-0.0936039611697197,3.1583878993988037,-0.1708810031414032,-0.12508238852024078,3.1722733974456787,-0.14771459996700287,-0.0795651227235794,3.277958393096924,-0.434794157743454,1.0127490758895874,2.717592477798462,-0.666956901550293,0.9965037107467651,2.9445972442626953
-0.32733872532844543,0.5035867691040039,2.9323065280914307,-0.26351791620254517,0.3760008215904236,2.9987845420837402,-0.20090056955814362,0.24795503914356232,3.0655221939086914,-0.13828134536743164,0.11990542709827423,3.1322619915008545,-0.10524897277355194,0.12065631151199341,3.104726791381836,0.007048562169075012,0.12562590837478638,3.008897304534912,-0.11131836473941803,0.335304856300354,2.8982694149017334,-0.2750450372695923,0.43479159474372864,2.7303013801574707,-0.3077903687953949,0.4546889364719391,2.6967077255249023,-0.3732810318470001,0.49448361992836,2.6295204162597656,-0.3852168917655945,0.471321702003479,2.7047336101531982,-0.17063312232494354,0.11776280403137207,3.1605224609375,-0.2829306721687317,0.1127932071685791,3.256351947784424,-0.42869335412979126,0.32284557819366455,3.1867403984069824,-0.6180217862129211,0.4133453071117401,3.0422348976135254,-0.6558874845504761,0.43144524097442627,3.013333797454834,-0.7316188812255859,0.46764513850212097,2.955531597137451,-0.6536779403686523,0.46268048882484436,2.940153121948242,-0.2606925666332245,0.507734477519989,2.876284599304199,-0.5128508806228638,0.5972723960876465,2.5819194316864014,-0.46846020221710205,0.9369234442710876,2.6696975231170654,-0.5240518450737,1.050540566444397,2.6142983436584473,-0.3939848840236664,0.4994390308856964,2.988328456878662,-0.757400631904602,0.5736541152000427,2.844548225402832,-0.7109822034835815,0.9173170328140259,2.913681745529175,-0.7961634993553162,1.0239802598953247,2.8928143978118896,-0.1778811514377594,-0.047023043036460876,3.1081719398498535,-0.17463774979114532,-0.09837985783815384,3.1176810264587402,-0.12457011640071869,-0.13034464418888092,3.129556655883789,-0.016705110669136047,-0.09375107288360596,3.1579277515411377,-0.17083458602428436,-0.12545658648014069,3.171736001968384,-0.14778774976730347,-0.07990157604217529,3.277435779571533,-0.435132771730423,1.01226806640625,2.7174232006073,-0.6671156287193298,0.9963169693946838,2.9436819553375244
-0.3280239701271057,0.5029652714729309,2.9315528869628906,-0.26409605145454407,0.3753090500831604,2.997792959213257,-0.20137754082679749,0.2471996694803238,3.0643136501312256,-0.13865715265274048,0.11908644437789917,3.1308364868164062,-0.10566984862089157,0.11985985934734344,3.10324764251709,0.006471872329711914,0.12490803003311157,3.0072379112243652,-0.11126905679702759,0.33525633811950684,2.8971807956695557,-0.27435439825057983,0.43702805042266846,2.7299389839172363,-0.3069714605808258,0.4573823809623718,2.696490526199341,-0.37220558524131775,0.49809107184410095,2.629593849182129,-0.3842849135398865,0.47448864579200745,2.704651355743408,-0.17096278071403503,0.11692063510417938,3.1591479778289795,-0.2831045091152191,0.11187246441841125,3.255157709121704,-0.4288981556892395,0.32277801632881165,3.188187837600708,-0.6186949014663696,0.41577160358428955,3.0458731651306152,-0.6566542387008667,0.43437033891677856,3.0174102783203125,-0.7325729131698608,0.4715677797794342,2.960484266281128,-0.6547440886497498,0.4664413332939148,2.9445788860321045,-0.2615205943584442,0.5071099400520325,2.8753583431243896,-0.5151432156562805,0.5968895554542542,2.582301139831543,-0.4692426919937134,0.9364597201347351,2.669684886932373,-0.5248157978057861,1.0502244234085083,2.614553689956665,-0.3945273458957672,0.49882057309150696,2.9877474308013916,-0.7578923106193542,0.5732724666595459,2.843906879425049,-0.7104930281639099,0.9167914390563965,2.913179397583008,-0.7953839302062988,1.0237071514129639,2.8923757076263428,-0.17772139608860016,-0.0480782687664032,3.1074464321136475,-0.17429319024085999,-0.09938907623291016,3.117154121398926,-0.12410122901201248,-0.13113939762115479,3.129098415374756,-0.016322150826454163,-0.09406797587871552,3.157203197479248,-0.1703367978334427,-0.12624162435531616,3.171313762664795,-0.14732295274734497,-0.08019094169139862,3.276813507080078,-0.43541815876960754,1.0117281675338745,2.7171900272369385,-0.6663963198661804,0.9956592321395874,2.943204879760742
-0.3281705677509308,0.5026290416717529,2.9307701587677,-0.2642155885696411,0.3749222457408905,2.996889591217041,-0.201480895280838,0.24676235020160675,3.063300609588623,-0.1387443244457245,0.11859861016273499,3.129713773727417,-0.10577192902565002,0.11938279867172241,3.102107048034668,0.006319001317024231,0.12446902692317963,3.0060367584228516,-0.11119215190410614,0.33520999550819397,2.8964755535125732,-0.2738673686981201,0.4388497471809387,2.7299766540527344,-0.30640241503715515,0.4595777094364166,2.6966769695281982,-0.3714725077152252,0.50103360414505,2.630077362060547,-0.3836243152618408,0.4770245850086212,2.7049953937530518,-0.17103485763072968,0.11642143130302429,3.1580421924591064,-0.28312578797340393,0.11133520305156708,3.254112482070923,-0.42966604232788086,0.3221167325973511,3.188375234603882,-0.6202516555786133,0.41489726305007935,3.046970844268799,-0.6583687663078308,0.43345338106155396,3.0186898708343506,-0.7346029877662659,0.4705655872821808,2.962128162384033,-0.6568140983581543,0.46571996808052063,2.9459352493286133,-0.2617381513118744,0.5067585706710815,2.874488353729248,-0.5157639980316162,0.5971930623054504,2.581969976425171,-0.4693676829338074,0.9367876052856445,2.669029951095581,-0.5249342918395996,1.0505702495574951,2.6139211654663086,-0.3946029841899872,0.4984995126724243,2.9870519638061523,-0.7580459117889404,0.5730832815170288,2.843451499938965,-0.7100099325180054,0.9164787530899048,2.9129393100738525,-0.7947402596473694,1.023554801940918,2.892285108566284,-0.17720633745193481,-0.04885748028755188,3.1072919368743896,-0.17358964681625366,-0.10010409355163574,3.1172962188720703,-0.12327547371387482,-0.131605327129364,3.1294174194335938,-0.015617132186889648,-0.0939759612083435,3.1572952270507812,-0.16952835023403168,-0.12663188576698303,3.1716151237487793,-0.14666694402694702,-0.07988457381725311,3.27685546875,-0.4353800415992737,1.0120582580566406,2.7164194583892822,-0.665754497051239,0.9952518939971924,2.9429867267608643
-0.3281957507133484,0.5024524927139282,2.93054461479187,-0.2642216980457306,0.3747623562812805,2.9966800212860107,-0.20147356390953064,0.2466191202402115,3.06311297416687,-0.13872355222702026,0.11847205460071564,3.1295478343963623,-0.10573890060186386,0.11926864087581635,3.1019556522369385,0.006394177675247192,0.1243971586227417,3.005934715270996,-0.11118224263191223,0.3351473808288574,2.896432638168335,-0.2735246419906616,0.4400198757648468,2.7303638458251953,-0.30599313974380493,0.4609943628311157,2.6971499919891357,-0.37093010544776917,0.5029433965682983,2.6307225227355957,-0.3831651210784912,0.47864407300949097,2.7055370807647705,-0.17102617025375366,0.11628265678882599,3.1578621864318848,-0.2831592559814453,0.11115413904190063,3.253883123397827,-0.43057137727737427,0.3212200403213501,3.187757730484009,-0.6217635869979858,0.4119237959384918,3.0458054542541504,-0.6600020527839661,0.4300645589828491,3.0174150466918945,-0.7364789247512817,0.46634605526924133,2.9606339931488037,-0.6586474180221558,0.4619719684123993,2.9444940090179443,-0.2617349922657013,0.5066174864768982,2.8742973804473877,-0.5156738758087158,0.5977866053581238,2.5819106101989746,-0.46936294436454773,0.9370681643486023,2.6702816486358643,-0.524919331073761,1.0510557889938354,2.615574359893799,-0.3946565091609955,0.49828749895095825,2.9867918491363525,-0.7580758929252625,0.573255181312561,2.8432891368865967,-0.7098771333694458,0.9165691137313843,2.913135528564453,-0.794562041759491,1.0237098932266235,2.892595052719116,-0.1769137978553772,-0.04912029206752777,3.107614040374756,-0.17322495579719543,-0.10033291578292847,3.117779016494751,-0.1228681281208992,-0.131720632314682,3.130033016204834,-0.015281736850738525,-0.09383752197027206,3.1578712463378906,-0.1691606044769287,-0.1266883909702301,3.172185182571411,-0.14644376933574677,-0.07957945764064789,3.2773025035858154,-0.4354071617126465,1.012166142463684,2.7179744243621826,-0.6655825972557068,0.9952934980392456,2.9432644844055176
-0.32796117663383484,0.5027601718902588,2.9302620887756348,-0.26402926445007324,0.3750680088996887,2.99643611907959,-0.2013387382030487,0.24691857397556305,3.062913179397583,-0.13864633440971375,0.11876529455184937,3.129392147064209,-0.10563348233699799,0.11956878006458282,3.1018335819244385,0.006597116589546204,0.12472108751535416,3.005927801132202,-0.11134857684373856,0.33522889018058777,2.8963050842285156,-0.2735957205295563,0.44069886207580566,2.7304904460906982,-0.30604514479637146,0.46179285645484924,2.6973276138305664,-0.37094399333000183,0.5039808750152588,2.6310017108917236,-0.3832072615623474,0.4794943034648895,2.7057573795318604,-0.17097781598567963,0.11656893789768219,3.1576731204986572,-0.283208429813385,0.11141663044691086,3.2535789012908936,-0.43151748180389404,0.3204793930053711,3.186206579208374,-0.6232097148895264,0.40803951025009155,3.042924165725708,-0.6615481376647949,0.42555153369903564,3.014267683029175,-0.7382250428199768,0.46057558059692383,2.9569547176361084,-0.6603097915649414,0.456776887178421,2.9410431385040283,-0.26142364740371704,0.5069732069969177,2.8741085529327393,-0.5147421360015869,0.5982835292816162,2.581199884414673,-0.4689452350139618,0.937464714050293,2.670295238494873,-0.5244673490524292,1.0515074729919434,2.615649938583374,-0.39449870586395264,0.49854716658592224,2.9864156246185303,-0.7580742835998535,0.5735377073287964,2.8432631492614746,-0.7099855542182922,0.9168288707733154,2.9133903980255127,-0.794742226600647,1.0239529609680176,2.8930110931396484,-0.17665112018585205,-0.04892811179161072,3.1077964305877686,-0.17292818427085876,-0.1001175194978714,3.1180877685546875,-0.12255503237247467,-0.1314314901828766,3.1304876804351807,-0.015034765005111694,-0.09337841719388962,3.158390760421753,-0.16891565918922424,-0.12634356319904327,3.1725659370422363,-0.146389901638031,-0.07896261662244797,3.2776129245758057,-0.4351722300052643,1.0125107765197754,2.7182087898254395,-0.6657037734985352,0.9955512285232544,2.943559169769287
-0.3277363181114197,0.5031253099441528,2.930232286453247,-0.2638323903083801,0.37539055943489075,2.996351480484009,-0.20118218660354614,0.24719592928886414,3.0627799034118652,-0.13853010535240173,0.11899745464324951,3.1292102336883545,-0.10551567375659943,0.11980246007442474,3.101653575897217,0.006722882390022278,0.12496095895767212,3.005753517150879,-0.11151044815778732,0.33519071340560913,2.895874500274658,-0.27369821071624756,0.44104424118995667,2.7302260398864746,-0.30613577365875244,0.46221494674682617,2.697096347808838,-0.3710108995437622,0.5045563578605652,2.6308369636535645,-0.38328173756599426,0.4799850583076477,2.7055680751800537,-0.17086359858512878,0.11679907143115997,3.1574888229370117,-0.2831021547317505,0.1116405725479126,3.2533888816833496,-0.43162786960601807,0.32052114605903625,3.185875177383423,-0.6235208511352539,0.4070854187011719,3.042233467102051,-0.6618994474411011,0.424398273229599,3.013505220413208,-0.7386566400527954,0.45902398228645325,2.9560484886169434,-0.6607158184051514,0.4554321765899658,2.9401938915252686,-0.2612062692642212,0.5073379278182983,2.8740694522857666,-0.5148642659187317,0.5983279347419739,2.581347942352295,-0.46932467818260193,0.937781810760498,2.6695501804351807,-0.5250236988067627,1.0516319274902344,2.6146790981292725,-0.39426636695861816,0.4989127218723297,2.9863951206207275,-0.7579370737075806,0.573790967464447,2.843411684036255,-0.7101251482963562,0.9171676635742188,2.9133317470550537,-0.7949872612953186,1.0242061614990234,2.892929792404175,-0.17641551792621613,-0.048805609345436096,3.108086347579956,-0.17266930639743805,-0.09996768832206726,3.118537425994873,-0.12228132784366608,-0.13121624290943146,3.1310784816741943,-0.01479630172252655,-0.09300649166107178,3.158965587615967,-0.16868852078914642,-0.12602926790714264,3.173105239868164,-0.1462833285331726,-0.0783100426197052,3.278041362762451,-0.43557846546173096,1.0129830837249756,2.7172412872314453,-0.665900468826294,0.9959470629692078,2.943439245223999
-0.32744288444519043,0.5039462447166443,2.930264711380005,-0.2635240852832794,0.3762035071849823,2.9963581562042236,-0.20087504386901855,0.24799992144107819,3.062774181365967,-0.13822412490844727,0.11979249119758606,3.129192352294922,-0.1052204817533493,0.12058727443218231,3.101621627807617,0.006983503699302673,0.1257108598947525,3.005671739578247,-0.11152003705501556,0.3356456160545349,2.895491361618042,-0.2738046646118164,0.44137972593307495,2.729843854904175,-0.3062615990638733,0.4625265598297119,2.696714401245117,-0.3711754381656647,0.5048202276229858,2.630455493927002,-0.38340938091278076,0.4802928864955902,2.7052106857299805,-0.17054682970046997,0.11760427057743073,3.157484769821167,-0.28275081515312195,0.11248069256544113,3.253434658050537,-0.4317072629928589,0.32093462347984314,3.1855058670043945,-0.6239395141601562,0.40588682889938354,3.0413358211517334,-0.6623859405517578,0.4228772521018982,3.0125017166137695,-0.7392788529396057,0.4568581283092499,2.954833745956421,-0.6613085865974426,0.45356789231300354,2.9390406608581543,-0.26098209619522095,0.5080978274345398,2.8740146160125732,-0.5158069133758545,0.5990239381790161,2.5822651386260986,-0.46992120146751404,0.9387466907501221,2.6693058013916016,-0.5258622765541077,1.0524402856826782,2.6143414974212646,-0.3939036726951599,0.49979469180107117,2.9865148067474365,-0.7576508522033691,0.5742102265357971,2.8434367179870605,-0.7098313570022583,0.9176958799362183,2.9128921031951904,-0.7947028875350952,1.024709939956665,2.8923609256744385,-0.1763610541820526,-0.04798763990402222,3.1082334518432617,-0.17268730700016022,-0.09914898872375488,3.1187334060668945,-0.1223389133810997,-0.1304614245891571,3.131295919418335,-0.01478511095046997,-0.09237919002771378,3.1591291427612305,-0.16873426735401154,-0.1251663863658905,3.1733293533325195,-0.14623859524726868,-0.07737656682729721,3.278223752975464,-0.4359789490699768,1.0140897035598755,2.7166407108306885,-0.6656010150909424,0.9965197443962097,2.942887544631958
-0.32704973220825195,0.5047968029975891,2.9304754734039307,-0.2631797790527344,0.3770609498023987,2.9966344833374023,-0.20059916377067566,0.24886299669742584,3.063131093978882,-0.1380166858434677,0.12066119909286499,3.129629611968994,-0.10500504076480865,0.12142904102802277,3.102066993713379,0.007232971489429474,0.1264602541923523,3.006138324737549,-0.11168216168880463,0.33593040704727173,2.8954458236694336,-0.2741078734397888,0.44133198261260986,2.729680061340332,-0.30659300088882446,0.4624122977256775,2.6965270042419434,-0.37156328558921814,0.5045729279518127,2.630220651626587,-0.38376057147979736,0.4801345467567444,2.7050206661224365,-0.17034812271595,0.11849994957447052,3.1579151153564453,-0.28258612751960754,0.1134687289595604,3.2538437843322754,-0.43154656887054443,0.321615070104599,3.184870719909668,-0.6234602928161621,0.40579208731651306,3.039773464202881,-0.6618430614471436,0.4226274788379669,3.010754108428955,-0.7386085391044617,0.456298291683197,2.9527151584625244,-0.66057288646698,0.45307883620262146,2.9371867179870605,-0.2605782151222229,0.508903443813324,2.874232769012451,-0.516456127166748,0.5998899340629578,2.5834197998046875,-0.470500111579895,0.9394207000732422,2.6711843013763428,-0.5266890525817871,1.0532207489013672,2.616691827774048,-0.393521249294281,0.5006901621818542,2.98671817779541,-0.7573860883712769,0.5745488405227661,2.843639373779297,-0.7097004055976868,0.9181169271469116,2.912796974182129,-0.7946280241012573,1.0250765085220337,2.8922042846679688,-0.1765684187412262,-0.04697224497795105,3.108246088027954,-0.17301727831363678,-0.09816987812519073,3.1186130046844482,-0.12274222075939178,-0.12963783740997314,3.1310832500457764,-0.015088438987731934,-0.09189002215862274,3.1589903831481934,-0.1691155582666397,-0.12433803826570511,3.1731412410736084,-0.1464795470237732,-0.07687391340732574,3.2781546115875244,-0.43645179271698,1.0146642923355103,2.7186033725738525,-0.6654959917068481,0.996986448764801,2.942713737487793
-0.32684528827667236,0.5056706070899963,2.9312782287597656,-0.26294851303100586,0.37802213430404663,2.9975879192352295,-0.20034730434417725,0.24991321563720703,3.064244270324707,-0.1377442181110382,0.12180046737194061,3.1309027671813965,-0.10470379143953323,0.12257102131843567,3.1033732891082764,0.007667042315006256,0.1276114284992218,3.007526159286499,-0.11186534911394119,0.33629798889160156,2.895777463912964,-0.2743434011936188,0.44117531180381775,2.729579210281372,-0.3068390190601349,0.46215078234672546,2.6963396072387695,-0.3718302547931671,0.5041016936302185,2.6298604011535645,-0.3840672969818115,0.479796439409256,2.7047300338745117,-0.17010420560836792,0.11963748931884766,3.1591567993164062,-0.2824750542640686,0.11459708958864212,3.2550039291381836,-0.43152034282684326,0.3218183219432831,3.183096170425415,-0.6228634715080261,0.4037899971008301,3.035825252532959,-0.6611320972442627,0.42018434405326843,3.006371021270752,-0.7376693487167358,0.45297300815582275,2.947462558746338,-0.6594957113265991,0.44985315203666687,2.9324586391448975,-0.2602669596672058,0.5098441243171692,2.875156879425049,-0.5162546634674072,0.6004112958908081,2.5842647552490234,-0.4695848822593689,0.938965380191803,2.6754753589630127,-0.5255075693130493,1.053442120552063,2.6221089363098145,-0.3934236168861389,0.5014970898628235,2.9873995780944824,-0.7574033737182617,0.5759848356246948,2.844849109649658,-0.7099953889846802,0.9193805456161499,2.9151926040649414,-0.7950395941734314,1.0263417959213257,2.895017623901367,-0.17753145098686218,-0.045306265354156494,3.1076130867004395,-0.1743459403514862,-0.09664933383464813,3.117387533187866,-0.12428854405879974,-0.1286265105009079,3.1294591426849365,-0.016335323452949524,-0.09198291599750519,3.1577250957489014,-0.17059984803199768,-0.12347495555877686,3.171612501144409,-0.14755068719387054,-0.07738684117794037,3.2771599292755127,-0.43538740277290344,1.013657808303833,2.723667621612549,-0.6658446788787842,0.9981920719146729,2.9453654289245605
-0.3269583582878113,0.5058141946792603,2.9320316314697266,-0.2630305886268616,0.37828725576400757,2.9985482692718506,-0.20038709044456482,0.25030165910720825,3.0654048919677734,-0.13774171471595764,0.12231224775314331,3.132263660430908,-0.10466766357421875,0.12308873236179352,3.104773998260498,0.007835350930690765,0.12814798951148987,3.0090458393096924,-0.11202605813741684,0.3362751603126526,2.8965017795562744,-0.2745116651058197,0.44046473503112793,2.7298123836517334,-0.3070087730884552,0.46130263805389404,2.696474552154541,-0.3720030188560486,0.5029784440994263,2.629798650741577,-0.38429051637649536,0.47883957624435425,2.704728364944458,-0.17013488709926605,0.12014468014240265,3.160479784011841,-0.28263789415359497,0.1150854155421257,3.2562079429626465,-0.4316312074661255,0.3214428126811981,3.1815922260284424,-0.6224359273910522,0.4012136161327362,3.0323522090911865,-0.6605968475341797,0.4171677827835083,3.0025041103363037,-0.7369187474250793,0.4490761160850525,2.942808151245117,-0.6586402654647827,0.44603779911994934,2.928269147872925,-0.2602327764034271,0.5100832581520081,2.8760876655578613,-0.5148428678512573,0.600868284702301,2.5840442180633545,-0.4684438407421112,0.9390513896942139,2.676788091659546,-0.5240435600280762,1.0537656545639038,2.623586416244507,-0.39368394017219543,0.5015451312065125,2.987975597381592,-0.7576225996017456,0.5768331289291382,2.8457155227661133,-0.7101891040802002,0.9199952483177185,2.917213201522827,-0.7952257394790649,1.0270328521728516,2.897392749786377,-0.17846055328845978,-0.04432803392410278,3.1072516441345215,-0.17555862665176392,-0.09578859806060791,3.1164937019348145,-0.12567578256130219,-0.12816765904426575,3.1282246112823486,-0.017512574791908264,-0.09241671860218048,3.1568491458892822,-0.17195412516593933,-0.12319577485322952,3.1704397201538086,-0.14863453805446625,-0.07832971215248108,3.276458501815796,-0.43444424867630005,1.0135409832000732,2.7254366874694824,-0.6660323739051819,0.9987034201622009,2.947652578353882
-0.32692813873291016,0.5052491426467896,2.932053565979004,-0.2630372941493988,0.37779492139816284,2.9987471103668213,-0.20040035247802734,0.24988287687301636,3.0657529830932617,-0.13776153326034546,0.12196698784828186,3.132760763168335,-0.1046665608882904,0.1227332204580307,3.1052956581115723,0.007925614714622498,0.12775659561157227,3.009634017944336,-0.1120881512761116,0.3357548713684082,2.896916389465332,-0.2746450901031494,0.43975579738616943,2.7301177978515625,-0.3071564733982086,0.4605559706687927,2.6967580318450928,-0.372179239988327,0.5021563172340393,2.6300384998321533,-0.3844626843929291,0.4780505895614624,2.7049930095672607,-0.170175701379776,0.11981047689914703,3.160954236984253,-0.2827678918838501,0.11478710174560547,3.25661563873291,-0.43163880705833435,0.3204587996006012,3.1797492504119873,-0.6220871806144714,0.3979317247867584,3.028785228729248,-0.6601768732070923,0.41342630982398987,2.9985923767089844,-0.736356258392334,0.44441547989845276,2.938206911087036,-0.6579915285110474,0.4414958953857422,2.924044132232666,-0.26009654998779297,0.5095415711402893,2.8762335777282715,-0.5129699110984802,0.6002768278121948,2.5826690196990967,-0.46735018491744995,0.9387722611427307,2.6746582984924316,-0.522720456123352,1.0532852411270142,2.6207873821258545,-0.39375972747802734,0.5009567141532898,2.9878735542297363,-0.7574355602264404,0.5765953063964844,2.8451266288757324,-0.71038419008255,0.919838011264801,2.916491746902466,-0.7954719066619873,1.0267974138259888,2.8964686393737793,-0.17877249419689178,-0.04448787868022919,3.1069869995117188,-0.17596571147441864,-0.09599530696868896,3.1159985065460205,-0.1261439472436905,-0.1285167932510376,3.127598285675049,-0.017923906445503235,-0.09308888018131256,3.1564157009124756,-0.17242664098739624,-0.12365163862705231,3.1698222160339355,-0.14905820786952972,-0.0793042778968811,3.276050329208374,-0.43368685245513916,1.0134330987930298,2.723278284072876,-0.666337788105011,0.998599112033844,2.9469544887542725
-0.32683733105659485,0.505257785320282,2.932694673538208,-0.26301783323287964,0.3778079152107239,2.999467134475708,-0.20043793320655823,0.24989601969718933,3.066528797149658,-0.1378561556339264,0.12198029458522797,3.1335926055908203,-0.1047564148902893,0.12272456288337708,3.1061320304870605,0.007868826389312744,0.12767311930656433,3.010472297668457,-0.11212414503097534,0.3355073928833008,2.8973937034606934,-0.27468591928482056,0.43906503915786743,2.7303011417388916,-0.30719828605651855,0.4597765803337097,2.696882724761963,-0.37222298979759216,0.5011996626853943,2.6300456523895264,-0.38452330231666565,0.47724127769470215,2.705049514770508,-0.1702757179737091,0.11984574794769287,3.1617817878723145,-0.28290095925331116,0.11489719152450562,3.257441520690918,-0.4310963749885559,0.32102078199386597,3.1804263591766357,-0.6211813688278198,0.39918336272239685,3.029334545135498,-0.6591984033584595,0.41481587290763855,2.9991161823272705,-0.735232412815094,0.44608092308044434,2.9386794567108154,-0.6568631529808044,0.44289860129356384,2.924572467803955,-0.2599315643310547,0.5095603466033936,2.876960277557373,-0.5109196901321411,0.5999957323074341,2.581674337387085,-0.4667973220348358,0.9391921162605286,2.6718342304229736,-0.5221192240715027,1.0532195568084717,2.6168839931488037,-0.393743097782135,0.5009552240371704,2.988429069519043,-0.7571297287940979,0.5765277147293091,2.8448798656463623,-0.7106136083602905,0.9199057221412659,2.915996789932251,-0.7957757711410522,1.0267540216445923,2.8956711292266846,-0.1788002848625183,-0.04442434012889862,3.1073858737945557,-0.17597956955432892,-0.09595345705747604,3.116269588470459,-0.12615114450454712,-0.12848711013793945,3.127808094024658,-0.017954230308532715,-0.09309447556734085,3.1567578315734863,-0.17245268821716309,-0.12374328821897507,3.1700258255004883,-0.14914192259311676,-0.07965367287397385,3.276374340057373,-0.4336492121219635,1.0142484903335571,2.7202043533325195,-0.6667208671569824,0.9987489581108093,2.9464776515960693
-0.326924204826355,0.5046435594558716,2.933058738708496,-0.2630888819694519,0.37724560499191284,2.999915838241577,-0.2004891037940979,0.24938802421092987,3.067063093185425,-0.13788744807243347,0.12152659893035889,3.1342124938964844,-0.10480360686779022,0.12223957479000092,3.10673189163208,0.007779374718666077,0.12708008289337158,3.010990619659424,-0.11246524006128311,0.33450111746788025,2.8974053859710693,-0.27548980712890625,0.4367363750934601,2.7299394607543945,-0.30809471011161804,0.4571834206581116,2.696446418762207,-0.373304545879364,0.49807751178741455,2.629460096359253,-0.3854566216468811,0.47449547052383423,2.7046093940734863,-0.17029087245464325,0.11942394077777863,3.1624228954315186,-0.28287386894226074,0.11458343267440796,3.258164167404175,-0.43084749579429626,0.3210040330886841,3.18149471282959,-0.6209696531295776,0.4000818729400635,3.0309154987335205,-0.6589940786361694,0.4158974289894104,3.0007996559143066,-0.735042929649353,0.44752857089042664,2.940567970275879,-0.6567085385322571,0.44412702322006226,2.926307439804077,-0.26004859805107117,0.5088808536529541,2.8772799968719482,-0.5106026530265808,0.5994101166725159,2.581606149673462,-0.4671354591846466,0.9393938779830933,2.6692070960998535,-0.5225866436958313,1.0529134273529053,2.6133124828338623,-0.3937998116016388,0.5004062652587891,2.988837480545044,-0.757003128528595,0.5758470296859741,2.8446571826934814,-0.7102411389350891,0.9193175435066223,2.9153223037719727,-0.7952830791473389,1.0262264013290405,2.894728899002075,-0.17906469106674194,-0.044729799032211304,3.1074202060699463,-0.1763017475605011,-0.09629593789577484,3.116109609603882,-0.12650419771671295,-0.12893572449684143,3.1274852752685547,-0.018236815929412842,-0.09378737956285477,3.1564760208129883,-0.1727650761604309,-0.12429072707891464,3.169759750366211,-0.14930930733680725,-0.08062652498483658,3.2762537002563477,-0.4341626763343811,1.01488196849823,2.717038869857788,-0.6663064956665039,0.9981714487075806,2.945741891860962
-0.32696181535720825,0.504355788230896,2.9333794116973877,-0.2631518542766571,0.3769708275794983,3.00028657913208,-0.2005900889635086,0.24912671744823456,3.0674960613250732,-0.13802644610404968,0.12127876281738281,3.1347076892852783,-0.10493545234203339,0.1219763308763504,3.1072351932525635,0.00768376886844635,0.12676405906677246,3.0115110874176025,-0.11260057240724564,0.3340737819671631,2.897754669189453,-0.27597951889038086,0.43492400646209717,2.7297887802124023,-0.308655321598053,0.45509403944015503,2.696195602416992,-0.37400689721107483,0.49543413519859314,2.629009246826172,-0.38608208298683167,0.47216248512268066,2.7042689323425293,-0.17043747007846832,0.11919169127941132,3.1629104614257812,-0.28305667638778687,0.11440396308898926,3.258634567260742,-0.4304541349411011,0.32126978039741516,3.182040214538574,-0.6200498938560486,0.4018671214580536,3.0315959453582764,-0.657969057559967,0.41798657178878784,3.001507043838501,-0.733807384967804,0.45022550225257874,2.94132924079895,-0.6554751992225647,0.44650307297706604,2.9271295070648193,-0.2600807249546051,0.5085622668266296,2.877603054046631,-0.5106103420257568,0.599729061126709,2.582059383392334,-0.46763649582862854,0.9400510787963867,2.668705463409424,-0.5232592225074768,1.0533403158187866,2.6124863624572754,-0.3938429057598114,0.5001493096351624,2.9891557693481445,-0.757157564163208,0.5752980709075928,2.845010757446289,-0.7100282311439514,0.9186885356903076,2.9159700870513916,-0.7949804067611694,1.0257079601287842,2.8955025672912598,-0.17936265468597412,-0.044861435890197754,3.1074206829071045,-0.17665261030197144,-0.09645647555589676,3.1159603595733643,-0.1268889456987381,-0.1291792392730713,3.1272523403167725,-0.018591314554214478,-0.09422197937965393,3.1563706398010254,-0.17315590381622314,-0.12461169809103012,3.1695306301116943,-0.14968103170394897,-0.08128061890602112,3.2761590480804443,-0.43477097153663635,1.0157287120819092,2.71632719039917,-0.6660010814666748,0.9974789023399353,2.9464457035064697
-0.32684171199798584,0.5040920972824097,2.933161735534668,-0.2630748152732849,0.37672102451324463,3.000138282775879,-0.20053985714912415,0.24889224767684937,3.067403793334961,-0.13800302147865295,0.12105964124202728,3.134671211242676,-0.10489792376756668,0.12175393104553223,3.107215404510498,0.00777851790189743,0.1265305131673813,3.011540174484253,-0.11253976076841354,0.333964467048645,2.8980178833007812,-0.2761709988117218,0.43414443731307983,2.7298789024353027,-0.3088972568511963,0.45418041944503784,2.696251153945923,-0.3743497431278229,0.49425241351127625,2.628995418548584,-0.38637080788612366,0.4710668921470642,2.704294443130493,-0.17042842507362366,0.11897596716880798,3.162858247756958,-0.28310486674308777,0.11419939249753952,3.258533477783203,-0.4303915500640869,0.3211381733417511,3.1818809509277344,-0.6198195219039917,0.40243691205978394,3.031582832336426,-0.6577051281929016,0.41869667172431946,3.00152325630188,-0.7334763407707214,0.4512161612510681,2.941404104232788,-0.6551497578620911,0.4473416209220886,2.9271934032440186,-0.2599480152130127,0.5082581043243408,2.87739634513855,-0.5098385810852051,0.5993284583091736,2.581249475479126,-0.46756839752197266,0.9402000308036804,2.6661529541015625,-0.5232547521591187,1.0531047582626343,2.6092069149017334,-0.393735408782959,0.4999260902404785,2.988927125930786,-0.7571039199829102,0.5745368599891663,2.844571113586426,-0.7095972895622253,0.9179755449295044,2.9151530265808105,-0.7944421172142029,1.0250698328018188,2.8945751190185547,-0.17921671271324158,-0.04513852298259735,3.1075286865234375,-0.17647653818130493,-0.09672434628009796,3.116121292114258,-0.12669561803340912,-0.12940353155136108,3.127470016479492,-0.018433019518852234,-0.09434473514556885,3.156606435775757,-0.17298702895641327,-0.12482459098100662,3.169722318649292,-0.14959201216697693,-0.08137108385562897,3.2763209342956543,-0.4349161982536316,1.0161889791488647,2.7134361267089844,-0.6654801368713379,0.9967569708824158,2.945539712905884
-0.3267349302768707,0.503871738910675,2.9332172870635986,-0.26302435994148254,0.3764503002166748,3.0001537799835205,-0.20051689445972443,0.24857348203659058,3.0673556327819824,-0.13800755143165588,0.12069283425807953,3.1345596313476562,-0.10490952432155609,0.12138523161411285,3.1070947647094727,0.007750116288661957,0.12615647912025452,3.0113840103149414,-0.11233460903167725,0.3339728116989136,2.8983042240142822,-0.27600669860839844,0.43419408798217773,2.7302229404449463,-0.30874112248420715,0.4542383551597595,2.6966066360473633,-0.3742099702358246,0.4943268597126007,2.6293740272521973,-0.3862188458442688,0.4711047112941742,2.704665184020996,-0.17042620480060577,0.11861054599285126,3.162754774093628,-0.2830858528614044,0.1138392984867096,3.258465528488159,-0.4299859404563904,0.32153457403182983,3.183112621307373,-0.619333028793335,0.40529242157936096,3.0340607166290283,-0.657202422618866,0.42204397916793823,3.0042502880096436,-0.7329412698745728,0.45554712414741516,2.944629430770874,-0.6546812653541565,0.4512963593006134,2.930154800415039,-0.2598499059677124,0.5080130696296692,2.877439260482788,-0.5088815689086914,0.5987668037414551,2.580448865890503,-0.467609167098999,0.9402199983596802,2.663553237915039,-0.5233767032623291,1.0526832342147827,2.6058034896850586,-0.39361995458602905,0.4997303783893585,2.988995313644409,-0.7569171786308289,0.5737795829772949,2.8441224098205566,-0.7095333337783813,0.9173809289932251,2.914071798324585,-0.7943832278251648,1.0244237184524536,2.8932065963745117,-0.1788802593946457,-0.04571615159511566,3.108086347579956,-0.1760401725769043,-0.09726563096046448,3.1168949604034424,-0.12619364261627197,-0.12980088591575623,3.1284019947052,-0.018003150820732117,-0.09440068900585175,3.157442569732666,-0.1725175827741623,-0.12513911724090576,3.170619249343872,-0.14925429224967957,-0.08119235932826996,3.2770578861236572,-0.435262531042099,1.016550064086914,2.7105045318603516,-0.6654554009437561,0.9962338209152222,2.944343328475952
-0.32676970958709717,0.503291666507721,2.9333040714263916,-0.2630024254322052,0.37580573558807373,3.0000760555267334,-0.20047813653945923,0.2478613704442978,3.067146062850952,-0.13795198500156403,0.11991316080093384,3.134218215942383,-0.10484646260738373,0.12064549326896667,3.1067609786987305,0.007845498621463776,0.1255556046962738,3.011073589324951,-0.11254695802927017,0.33334195613861084,2.8981575965881348,-0.2770969569683075,0.43119198083877563,2.7294700145721436,-0.3100069463253021,0.45076197385787964,2.695732593536377,-0.37582695484161377,0.48990198969841003,2.6282575130462646,-0.3876155912876129,0.4671132564544678,2.7037301063537598,-0.1703779250383377,0.11779022216796875,3.1624042987823486,-0.2830698788166046,0.11288011074066162,3.258091688156128,-0.4302663207054138,0.3209552764892578,3.1842169761657715,-0.6199471950531006,0.4066108465194702,3.0365989208221436,-0.65788334608078,0.4237419664859772,3.007075309753418,-0.7337557077407837,0.4580042064189911,2.948028087615967,-0.655554473400116,0.4536128044128418,2.9332056045532227,-0.25982582569122314,0.5076031684875488,2.8776044845581055,-0.5083680748939514,0.5979088544845581,2.579988479614258,-0.4674035906791687,0.9388726949691772,2.6654465198516846,-0.5230582356452942,1.0517137050628662,2.608278512954712,-0.3937135934829712,0.49898016452789307,2.9890036582946777,-0.7576479911804199,0.5725698471069336,2.845337390899658,-0.7100623250007629,0.9157763719558716,2.917325973510742,-0.7949855923652649,1.0229618549346924,2.8973751068115234,-0.17790542542934418,-0.04716585576534271,3.1097259521484375,-0.17477427423000336,-0.09862948954105377,3.1191649436950684,-0.1247083842754364,-0.13076642155647278,3.131087303161621,-0.016643419861793518,-0.09437704086303711,3.1597511768341064,-0.1711096614599228,-0.1258535385131836,3.1732661724090576,-0.14811371266841888,-0.08045722544193268,3.2792575359344482,-0.43519720435142517,1.0149136781692505,2.7129886150360107,-0.6658926606178284,0.9944500923156738,2.947972536087036
-0.3268706500530243,0.5034819841384888,2.9333882331848145,-0.26304876804351807,0.3759991526603699,3.0001256465911865,-0.20050272345542908,0.24805232882499695,3.0671820640563965,-0.13795480132102966,0.1201016753911972,3.1342406272888184,-0.10482975095510483,0.12086367607116699,3.1068058013916016,0.007934197783470154,0.12587621808052063,3.011190891265869,-0.11297368258237839,0.3332619071006775,2.8980250358581543,-0.278268039226532,0.42884355783462524,2.7287259101867676,-0.31132692098617554,0.44795989990234375,2.694866180419922,-0.37744468450546265,0.4861925542354584,2.6271464824676514,-0.38905128836631775,0.46383315324783325,2.702784299850464,-0.17040002346038818,0.117948979139328,3.1624042987823486,-0.28316396474838257,0.11293643712997437,3.258019208908081,-0.43106818199157715,0.3206315040588379,3.1843907833099365,-0.6212577819824219,0.40551993250846863,3.0369386672973633,-0.6592956781387329,0.42249763011932373,3.007448196411133,-0.7353715300559998,0.45645299553871155,2.948467254638672,-0.6571646332740784,0.45233839750289917,2.933551549911499,-0.25985294580459595,0.5079241394996643,2.87778377532959,-0.5088161826133728,0.5978124737739563,2.580354928970337,-0.46747204661369324,0.9378229379653931,2.6694564819335938,-0.5230422019958496,1.0513345003128052,2.613523006439209,-0.39388835430145264,0.49903982877731323,2.988992691040039,-0.7580318450927734,0.5726512670516968,2.8457887172698975,-0.7105801701545715,0.9157503843307495,2.91849946975708,-0.7955905795097351,1.0229371786117554,2.8988609313964844,-0.17753060162067413,-0.047258660197257996,3.110769271850586,-0.1742955595254898,-0.09866707026958466,3.1205410957336426,-0.12415865808725357,-0.13062599301338196,3.132718324661255,-0.016173675656318665,-0.09380963444709778,3.1612589359283447,-0.17062249779701233,-0.12554481625556946,3.1748316287994385,-0.14782124757766724,-0.07941296696662903,3.2805800437927246,-0.4351672828197479,1.0133225917816162,2.717801570892334,-0.6664261221885681,0.9943878054618835,2.949282646179199
-0.32705479860305786,0.5034455060958862,2.93375301361084,-0.26324984431266785,0.37595486640930176,3.0005013942718506,-0.20071923732757568,0.24799829721450806,3.067563533782959,-0.1381867527961731,0.12003788352012634,3.1346275806427,-0.10505858063697815,0.12079711258411407,3.107194662094116,0.007725708186626434,0.12580062448978424,3.011578321456909,-0.1133190393447876,0.3329560458660126,2.898054599761963,-0.2791585326194763,0.4265395700931549,2.7281222343444824,-0.31232643127441406,0.4452562630176544,2.6941356658935547,-0.37866222858428955,0.48268967866897583,2.6261627674102783,-0.3901350498199463,0.46080777049064636,2.7019717693328857,-0.17063526809215546,0.11788789927959442,3.1627893447875977,-0.28341954946517944,0.11288437992334366,3.2584056854248047,-0.4313947558403015,0.32104459404945374,3.1861181259155273,-0.6218647360801697,0.4073132872581482,3.039774179458618,-0.6599587202072144,0.42456701397895813,3.010505437850952,-0.7361466884613037,0.4590744972229004,2.95196795463562,-0.6579867601394653,0.454863578081131,2.9367785453796387,-0.2599771022796631,0.5079408884048462,2.8782196044921875,-0.509426474571228,0.5970575213432312,2.580933094024658,-0.4675121307373047,0.936272144317627,2.6728434562683105,-0.5229744911193848,1.0503337383270264,2.6179099082946777,-0.39413249492645264,0.49895015358924866,2.989286422729492,-0.7580747008323669,0.5724944472312927,2.8454694747924805,-0.7111802101135254,0.9157736897468567,2.9177961349487305,-0.7962980270385742,1.022831916809082,2.8978641033172607,-0.1775808334350586,-0.04743658006191254,3.1114578247070312,-0.17430441081523895,-0.09882989525794983,3.12134051322937,-0.12414008378982544,-0.130719393491745,3.1336352825164795,-0.016202330589294434,-0.09373190253973007,3.1622118949890137,-0.1706584095954895,-0.1255965232849121,3.1756985187530518,-0.14800426363945007,-0.07921711355447769,3.2813916206359863,-0.4350532293319702,1.0113232135772705,2.7217915058135986,-0.6671761274337769,0.994513988494873,2.9485490322113037
-0.32761263847351074,0.5030267834663391,2.9338221549987793,-0.26372015476226807,0.3755888044834137,3.000591278076172,-0.2011174112558365,0.24768660962581635,3.0676937103271484,-0.13851279020309448,0.11978058516979218,3.134798288345337,-0.10537447780370712,0.12056148052215576,3.107377529144287,0.007457703351974487,0.12563912570476532,3.0117900371551514,-0.11352211236953735,0.3327360451221466,2.8980133533477783,-0.2796960473060608,0.4247181713581085,2.7274866104125977,-0.3129308223724365,0.44311460852622986,2.6933813095092773,-0.379400372505188,0.47990745306015015,2.6251707077026367,-0.39081010222435,0.4584145247936249,2.701110601425171,-0.17097067832946777,0.11760953068733215,3.1629483699798584,-0.28380286693573,0.1125318855047226,3.258535861968994,-0.431979775428772,0.32087230682373047,3.1870639324188232,-0.6226794719696045,0.4076903462409973,3.041289806365967,-0.660819411277771,0.4250539541244507,3.0121350288391113,-0.737099289894104,0.4597811698913574,2.9538254737854004,-0.6589528322219849,0.4556131362915039,2.9385030269622803,-0.26048463582992554,0.5076192021369934,2.8783516883850098,-0.5097751617431641,0.5964053869247437,2.580805778503418,-0.4671350419521332,0.9348306655883789,2.675325393676758,-0.5222880244255066,1.0494420528411865,2.621212959289551,-0.39474064111709595,0.4984343647956848,2.989292621612549,-0.7586537599563599,0.5721592903137207,2.845438003540039,-0.7119435667991638,0.9152578115463257,2.918822765350342,-0.7970972657203674,1.022345781326294,2.899155855178833,-0.17758099734783173,-0.04777427017688751,3.1115400791168213,-0.1742400825023651,-0.09916683286428452,3.1214303970336914,-0.12404491007328033,-0.13097573816776276,3.1338348388671875,-0.016221359372138977,-0.09380535781383514,3.1626482009887695,-0.17066703736782074,-0.12593033909797668,3.1758010387420654,-0.1483173966407776,-0.07951004803180695,3.281552791595459,-0.4345373511314392,1.0094352960586548,2.7248694896698,-0.6679889559745789,0.9939279556274414,2.9498400688171387
-0.3280493915081024,0.5027739405632019,2.933964490890503,-0.264096736907959,0.3753965198993683,3.0007925033569336,-0.20147308707237244,0.2475511133670807,3.0679845809936523,-0.13884755969047546,0.11970187723636627,3.135178565979004,-0.10567977279424667,0.12050272524356842,3.1077940464019775,0.007273659110069275,0.12564891576766968,3.0123119354248047,-0.11365766078233719,0.33281826972961426,2.898538589477539,-0.28006309270858765,0.4235028624534607,2.7274959087371826,-0.31334418058395386,0.44163978099823,2.6932873725891113,-0.3799063563346863,0.47791361808776855,2.6248703002929688,-0.3913003206253052,0.456660658121109,2.70089054107666,-0.17133468389511108,0.11751146614551544,3.1632936000823975,-0.28428810834884644,0.11236527562141418,3.2587757110595703,-0.43210917711257935,0.3211328387260437,3.1876919269561768,-0.6225807070732117,0.4082490801811218,3.0417420864105225,-0.6606749892234802,0.425672322511673,3.01255202293396,-0.7368636131286621,0.46051880717277527,2.954172134399414,-0.6586834788322449,0.45636284351348877,2.938967227935791,-0.26081985235214233,0.5074926614761353,2.8786215782165527,-0.5100341439247131,0.5958393812179565,2.580866813659668,-0.46722376346588135,0.9338065385818481,2.676971197128296,-0.5222666263580322,1.0487060546875,2.623350143432617,-0.3952789306640625,0.49805521965026855,2.989307403564453,-0.7587215304374695,0.572322428226471,2.844515562057495,-0.7118536233901978,0.9149496555328369,2.9200174808502197,-0.7968187928199768,1.022252082824707,2.9006805419921875,-0.17781081795692444,-0.04779765009880066,3.111335277557373,-0.17447388172149658,-0.0992191880941391,3.1210789680480957,-0.12429404258728027,-0.13104912638664246,3.133495569229126,-0.016543149948120117,-0.09392945468425751,3.1626508235931396,-0.17100799083709717,-0.12614449858665466,3.175377607345581,-0.14889931678771973,-0.08003298938274384,3.2813167572021484,-0.43460601568222046,1.0081623792648315,2.726879596710205,-0.6679092645645142,0.9933912754058838,2.9516303539276123
-0.3280792236328125,0.5025162100791931,2.934755325317383,-0.26424431800842285,0.3751305639743805,3.001680850982666,-0.2017858922481537,0.24727091193199158,3.069000244140625,-0.1393255889415741,0.11940741539001465,3.136321544647217,-0.10609197616577148,0.12021230161190033,3.1090168952941895,0.00711408257484436,0.12537366151809692,3.0137879848480225,-0.11231198161840439,0.3334351181983948,2.8999898433685303,-0.27791300415992737,0.4239289164543152,2.728029489517212,-0.3110332190990448,0.4420276880264282,2.6936373710632324,-0.3772736191749573,0.4782252013683319,2.6248531341552734,-0.38901272416114807,0.4571485221385956,2.700878620147705,-0.1718803495168686,0.11721284687519073,3.164357900619507,-0.28508639335632324,0.11205149441957474,3.259586811065674,-0.43196311593055725,0.3219054937362671,3.1896533966064453,-0.6218123435974121,0.4111523926258087,3.044135332107544,-0.6597821712493896,0.4290017783641815,3.0150318145751953,-0.7357218861579895,0.4647005498409271,2.956824541091919,-0.6575376391410828,0.4602521061897278,2.941681385040283,-0.26065176725387573,0.5073586702346802,2.8796589374542236,-0.5085046291351318,0.5950520038604736,2.5805935859680176,-0.4671422839164734,0.9330446720123291,2.677201271057129,-0.5222079157829285,1.0478341579437256,2.6233792304992676,-0.39550668001174927,0.49767374992370605,2.989851713180542,-0.7580509185791016,0.5723334550857544,2.8430566787719727,-0.7118754982948303,0.9145870804786682,2.9206011295318604,-0.7967734336853027,1.0219365358352661,2.9012598991394043,-0.17858175933361053,-0.04784300923347473,3.1111488342285156,-0.17538458108901978,-0.09934483468532562,3.120530605316162,-0.1253068894147873,-0.1313754916191101,3.132866144180298,-0.01755528151988983,-0.09469965845346451,3.162611484527588,-0.172138512134552,-0.12667182087898254,3.174647092819214,-0.15024490654468536,-0.08137258142232895,3.2809906005859375,-0.43499961495399475,1.0074458122253418,2.727344512939453,-0.6681843996047974,0.9928885102272034,2.9528963565826416
-0.3277122974395752,0.5028277039527893,2.9353761672973633,-0.26415783166885376,0.37535881996154785,3.0024101734161377,-0.20196838676929474,0.2474232316017151,3.0698342323303223,-0.1397770792245865,0.1194838136434555,3.1372604370117188,-0.10645774751901627,0.12029281258583069,3.110060214996338,0.007077254354953766,0.12547113001346588,3.0151655673980713,-0.11044169962406158,0.3346569836139679,2.901423215866089,-0.27542901039123535,0.42484113574028015,2.7286994457244873,-0.30842646956443787,0.44287794828414917,2.694154739379883,-0.3744213879108429,0.4789516031742096,2.625065326690674,-0.3863803744316101,0.4582524299621582,2.701162576675415,-0.1724204421043396,0.11728426814079285,3.1651930809020996,-0.28595542907714844,0.11210594326257706,3.260087728500366,-0.43200355768203735,0.32298025488853455,3.191467761993408,-0.6213194131851196,0.41403520107269287,3.046360969543457,-0.6591825485229492,0.4322461783885956,3.0173397064208984,-0.7349088788032532,0.4686681628227234,2.959296941757202,-0.6567181944847107,0.46403995156288147,2.944227457046509,-0.2599997818470001,0.507801353931427,2.880636215209961,-0.505646824836731,0.5946313142776489,2.579519510269165,-0.4670187830924988,0.9329565167427063,2.6760623455047607,-0.5222504734992981,1.0473690032958984,2.6216204166412354,-0.39542481303215027,0.4978540539741516,2.9901161193847656,-0.7563995122909546,0.5752246975898743,2.8409039974212646,-0.7107383012771606,0.9166512489318848,2.922264575958252,-0.7953802943229675,1.024246096611023,2.9031920433044434,-0.17921727895736694,-0.047511518001556396,3.110635995864868,-0.17613151669502258,-0.09909473359584808,3.1196208000183105,-0.12614105641841888,-0.13130435347557068,3.131865978240967,-0.018421292304992676,-0.09503466635942459,3.1622517108917236,-0.1731044054031372,-0.12685593962669373,3.1735336780548096,-0.15148413181304932,-0.08243082463741302,3.28031063079834,-0.4357321858406067,1.007594108581543,2.7263906002044678,-0.6673039197921753,0.9945951700210571,2.955742359161377
-0.3273838460445404,0.50318443775177,2.9358696937561035,-0.26414623856544495,0.37564176321029663,3.0030641555786133,-0.20227688550949097,0.24762576818466187,3.070631504058838,-0.14040568470954895,0.11960594356060028,3.1382007598876953,-0.1069863960146904,0.12041372060775757,3.1111233234405518,0.006930775940418243,0.12559078633785248,3.0166213512420654,-0.10890544950962067,0.33623310923576355,2.903881549835205,-0.27389925718307495,0.42646586894989014,2.7312116622924805,-0.3068980276584625,0.44451242685317993,2.6966776847839355,-0.37289556860923767,0.4806055426597595,2.6276097297668457,-0.3847840428352356,0.46016016602516174,2.703781843185425,-0.17315250635147095,0.11740675568580627,3.1660125255584717,-0.2870696783065796,0.11222968995571136,3.260514497756958,-0.43229150772094727,0.3243710696697235,3.194143295288086,-0.6212605237960815,0.41848668456077576,3.0505716800689697,-0.6590543389320374,0.43730980157852173,3.021857261657715,-0.734641969203949,0.47495603561401367,2.964428663253784,-0.6565213799476624,0.4699704945087433,2.9491360187530518,-0.2593640089035034,0.5082749128341675,2.8815176486968994,-0.5021629333496094,0.593813419342041,2.577779531478882,-0.46684756875038147,0.9329483509063721,2.672619581222534,-0.5222491025924683,1.0466381311416626,2.616882801055908,-0.3954036831855774,0.49809396266937256,2.9902217388153076,-0.7544891834259033,0.5778234004974365,2.8378214836120605,-0.7081660628318787,0.9185843467712402,2.9214301109313965,-0.79213547706604,1.0266399383544922,2.9020802974700928,-0.17955420911312103,-0.047272175550460815,3.11037540435791,-0.1764516979455948,-0.09890948235988617,3.1190555095672607,-0.12647713720798492,-0.13114362955093384,3.131317615509033,-0.018922075629234314,-0.0949476957321167,3.1623921394348145,-0.17362666130065918,-0.12700138986110687,3.17281174659729,-0.15251244604587555,-0.08321134746074677,3.279958724975586,-0.43660861253738403,1.008096694946289,2.7228119373321533,-0.6647351980209351,0.9961528182029724,2.955749750137329
-0.32692015171051025,0.5036417245864868,2.9323530197143555,-0.2637476623058319,0.37574538588523865,2.9989373683929443,-0.2020372897386551,0.24736350774765015,3.0659570693969727,-0.14032506942749023,0.11897778511047363,3.132978677749634,-0.10687211155891418,0.119896799325943,3.1059458255767822,0.00719655305147171,0.12546531856060028,3.0115807056427,-0.10745570063591003,0.3379882872104645,2.901334762573242,-0.2729688286781311,0.4279608726501465,2.7291154861450195,-0.3060714602470398,0.44595539569854736,2.694671630859375,-0.3722767233848572,0.4819444417953491,2.625783920288086,-0.3839555084705353,0.4614354074001312,2.701951742172241,-0.1731072962284088,0.1166633665561676,3.1607398986816406,-0.2871759533882141,0.11109484732151031,3.2551050186157227,-0.43232810497283936,0.3250274062156677,3.194863796234131,-0.6220710873603821,0.42486771941185,3.0563766956329346,-0.6600196957588196,0.4448357820510864,3.028679370880127,-0.7359169125556946,0.4847719073295593,2.9732844829559326,-0.6580644249916077,0.4794580042362213,2.956873655319214,-0.2588040232658386,0.509069561958313,2.878153085708618,-0.499639093875885,0.5940166711807251,2.572906255722046,-0.4670202136039734,0.9332689046859741,2.66774320602417,-0.5226357579231262,1.046553134918213,2.6115384101867676,-0.3950362801551819,0.49821388721466064,2.9865529537200928,-0.7534406185150146,0.580286979675293,2.834226131439209,-0.7054815888404846,0.9195412397384644,2.922297716140747,-0.7888025045394897,1.0282412767410278,2.904205560684204,-0.17902180552482605,-0.047671884298324585,3.1031837463378906,-0.17587143182754517,-0.09939426183700562,3.111335277557373,-0.12590259313583374,-0.13166896998882294,3.1235244274139404,-0.01857718825340271,-0.09561212360858917,3.155555486679077,-0.17328192293643951,-0.1280483454465866,3.1648082733154297,-0.15281862020492554,-0.08535369485616684,3.272526741027832,-0.4376087188720703,1.0085915327072144,2.718090534210205,-0.6617215871810913,0.9963926672935486,2.957685708999634
-0.32710057497024536,0.5037201642990112,2.931746006011963,-0.26395493745803833,0.3756188154220581,2.9979922771453857,-0.20234058797359467,0.24702253937721252,3.0647199153900146,-0.14072439074516296,0.11842241883277893,3.1314494609832764,-0.1072208359837532,0.11943157017230988,3.1044766902923584,0.007045462727546692,0.12531575560569763,3.0103063583374023,-0.10623370110988617,0.33935561776161194,2.9017174243927,-0.27185115218162537,0.4284951388835907,2.7292418479919434,-0.30497464537620544,0.446323037147522,2.694746732711792,-0.3712216317653656,0.4819788336753845,2.6257565021514893,-0.382890909910202,0.46159589290618896,2.7019426822662354,-0.17355826497077942,0.11601550877094269,3.1591475009918213,-0.2878245711326599,0.11013132333755493,3.2533178329467773,-0.43288567662239075,0.3255872130393982,3.19879412651062,-0.6228340268135071,0.4314425587654114,3.0652387142181396,-0.6608237028121948,0.45261362195014954,3.038527727127075,-0.7368030548095703,0.49495574831962585,2.985105514526367,-0.6591901183128357,0.48931625485420227,2.967772960662842,-0.25888994336128235,0.5093869566917419,2.877686023712158,-0.4971085786819458,0.5937899351119995,2.57053804397583,-0.46682965755462646,0.9332931041717529,2.6644933223724365,-0.5223937034606934,1.0460861921310425,2.607450246810913,-0.3953112065792084,0.4980533719062805,2.9858059883117676,-0.7534024715423584,0.581311821937561,2.833981990814209,-0.7040952444076538,0.9192201495170593,2.925598621368408,-0.7869267463684082,1.0283809900283813,2.9086754322052,-0.1789015382528305,-0.04824328422546387,3.1010446548461914,-0.1756918579339981,-0.09997951984405518,3.1090962886810303,-0.12572696805000305,-0.13218043744564056,3.1215052604675293,-0.0186627060174942,-0.09597542136907578,3.1542506217956543,-0.1733570396900177,-0.12875232100486755,3.162519693374634,-0.1536145955324173,-0.08626243472099304,3.2704577445983887,-0.43821531534194946,1.0088632106781006,2.7148261070251465,-0.6600489616394043,0.995469331741333,2.9617786407470703
-0.32938042283058167,0.5036115646362305,2.930683135986328,-0.2660958170890808,0.3752911388874054,2.997119665145874,-0.2043696641921997,0.24647390842437744,3.064059257507324,-0.14264166355133057,0.11765281856060028,3.1310007572174072,-0.10900099575519562,0.1187252402305603,3.1040642261505127,0.005554676055908203,0.12482180446386337,3.010162591934204,-0.10288499295711517,0.3420432507991791,2.903377056121826,-0.26680782437324524,0.43048906326293945,2.7291736602783203,-0.29959237575531006,0.448178231716156,2.694333076477051,-0.3651615083217621,0.4835565686225891,2.6246516704559326,-0.3774772882461548,0.4636661112308502,2.7008132934570312,-0.1756114363670349,0.11518028378486633,3.1586649417877197,-0.29016709327697754,0.10908371955156326,3.2525665760040283,-0.4366135597229004,0.32633471488952637,3.2113001346588135,-0.6273599863052368,0.4474553167819977,3.093038558959961,-0.6655092835426331,0.4716794490814209,3.0693862438201904,-0.7418078780174255,0.5201277136802673,3.0220816135406494,-0.665103554725647,0.5135051012039185,3.001574993133545,-0.26097577810287476,0.5094276070594788,2.8767573833465576,-0.49668943881988525,0.5930410623550415,2.5680360794067383,-0.4659437835216522,0.9317578077316284,2.663195848464966,-0.520677924156189,1.0447968244552612,2.606207847595215,-0.3977850675582886,0.49779555201530457,2.9846088886260986,-0.754623293876648,0.5838707089424133,2.8325610160827637,-0.7038571834564209,0.9203233122825623,2.9271764755249023,-0.7859683632850647,1.0299451351165771,2.9109878540039062,-0.17978323996067047,-0.049460768699645996,3.1015923023223877,-0.1764632612466812,-0.10112131386995316,3.110137462615967,-0.1265142560005188,-0.13301271200180054,3.123436450958252,-0.01998181641101837,-0.09607486426830292,3.1571662425994873,-0.17466282844543457,-0.12942275404930115,3.163846254348755,-0.15640276670455933,-0.08590333163738251,3.271660327911377,-0.4374505281448364,1.006983757019043,2.713911771774292,-0.659564733505249,0.9959335327148438,2.964111089706421
-0.3320655822753906,0.5023332238197327,2.93143892288208,-0.26878076791763306,0.37395983934402466,2.9982552528381348,-0.20708894729614258,0.24506539106369019,3.065556526184082,-0.14539527893066406,0.1161670982837677,3.132859706878662,-0.11167848110198975,0.11719022691249847,3.1059274673461914,0.003012746572494507,0.12311216443777084,3.0121371746063232,-0.10118585079908371,0.3424689471721649,2.905697822570801,-0.2626028060913086,0.43201667070388794,2.7298402786254883,-0.29488620162010193,0.4499262273311615,2.694668769836426,-0.3594529926776886,0.48574531078338623,2.624325752258301,-0.3726797103881836,0.4660447835922241,2.7003583908081055,-0.17844152450561523,0.11374299228191376,3.1605236530303955,-0.2931327521800995,0.10782105475664139,3.2543139457702637,-0.440982460975647,0.3255448341369629,3.222050666809082,-0.6323341131210327,0.4559329152107239,3.115356683731079,-0.6706044673919678,0.48201054334640503,3.09401798248291,-0.7471451163291931,0.5341657400131226,3.051340341567993,-0.6712108850479126,0.5270972847938538,3.0283610820770264,-0.26357290148735046,0.5080395936965942,2.8775298595428467,-0.49794429540634155,0.5895953178405762,2.5676941871643066,-0.466328501701355,0.9278225898742676,2.663140296936035,-0.5204269289970398,1.0410001277923584,2.6061179637908936,-0.4005582630634308,0.4966268837451935,2.9853479862213135,-0.757375955581665,0.5810835957527161,2.833270311355591,-0.7074052691459656,0.9178075790405273,2.926152467727661,-0.789717435836792,1.027054786682129,2.90950608253479,-0.1816006749868393,-0.05138269066810608,3.1046886444091797,-0.17812500894069672,-0.1029539629817009,3.113729238510132,-0.12813813984394073,-0.13450954854488373,3.1276981830596924,-0.022014334797859192,-0.09680159389972687,3.1619021892547607,-0.17661353945732117,-0.13076217472553253,3.167710781097412,-0.159361332654953,-0.0861840471625328,3.275270938873291,-0.43775710463523865,1.002839207649231,2.713963031768799,-0.6633110046386719,0.9936331510543823,2.9626619815826416
-0.33459025621414185,0.5010205507278442,2.9316656589508057,-0.27149105072021484,0.37248119711875916,2.9988369941711426,-0.21003709733486176,0.24339962005615234,3.0664923191070557,-0.14858129620552063,0.11431416869163513,3.1341495513916016,-0.11479741334915161,0.11522239446640015,3.1072046756744385,-1.5184283256530762e-05,0.12074606120586395,3.013482093811035,-0.10091031342744827,0.34140005707740784,2.9067530632019043,-0.2605611979961395,0.4315328598022461,2.7297046184539795,-0.2924913763999939,0.44955942034721375,2.6942949295043945,-0.35635173320770264,0.48561254143714905,2.6234755516052246,-0.37016135454177856,0.4663061499595642,2.6994788646698,-0.18169723451137543,0.11200296878814697,3.161829948425293,-0.2964794635772705,0.10647930204868317,3.2555525302886963,-0.44539591670036316,0.3244643807411194,3.23177170753479,-0.6371043920516968,0.4623568654060364,3.135896682739258,-0.675446093082428,0.48993536829948425,3.1167216300964355,-0.7521294951438904,0.5450923442840576,3.078371524810791,-0.676964282989502,0.5378238558769226,3.053126573562622,-0.2660030424594879,0.506517231464386,2.8777549266815186,-0.49881958961486816,0.5850233435630798,2.5665273666381836,-0.4666177034378052,0.9228847026824951,2.661623954772949,-0.5200972557067871,1.0360326766967773,2.6043295860290527,-0.4031774699687958,0.4955238997936249,2.9855763912200928,-0.760113537311554,0.5765756368637085,2.8330752849578857,-0.7135055065155029,0.914368748664856,2.9222612380981445,-0.7967703342437744,1.0225082635879517,2.9044296741485596,-0.1837386190891266,-0.05358751118183136,3.106668710708618,-0.1800643354654312,-0.10509294271469116,3.116024971008301,-0.13001325726509094,-0.13631585240364075,3.1305227279663086,-0.02431720495223999,-0.09787077456712723,3.1652586460113525,-0.17879122495651245,-0.13259226083755493,3.1701760292053223,-0.16252143681049347,-0.08732058107852936,3.2776098251342773,-0.43805721402168274,0.997789204120636,2.71242094039917,-0.6702145338058472,0.9909199476242065,2.9579339027404785
-0.33612972497940063,0.5000177621841431,2.9304330348968506,-0.2734718322753906,0.3712195158004761,2.9979445934295654,-0.21246695518493652,0.24186521768569946,3.0659053325653076,-0.15146024525165558,0.11250703036785126,3.1338682174682617,-0.11762478947639465,0.11324416100978851,3.1069037914276123,-0.0028048306703567505,0.11817945539951324,3.0132293701171875,-0.10034281015396118,0.3402262032032013,2.9065325260162354,-0.25827160477638245,0.43149614334106445,2.7286713123321533,-0.2898573577404022,0.4497501254081726,2.693099021911621,-0.35302889347076416,0.4862580895423889,2.6219546794891357,-0.3673560321331024,0.46723613142967224,2.6979002952575684,-0.18463264405727386,0.11036397516727448,3.1615712642669678,-0.29945260286331177,0.10542868077754974,3.2552456855773926,-0.44947391748428345,0.32320642471313477,3.2388415336608887,-0.6415350437164307,0.46659010648727417,3.152470588684082,-0.6799472570419312,0.495266854763031,3.1351964473724365,-0.7567716836929321,0.5526203513145447,3.1006481647491455,-0.6823233962059021,0.545417070388794,3.073437452316284,-0.2674197852611542,0.5051941871643066,2.8765385150909424,-0.4994155168533325,0.5804294943809509,2.564504623413086,-0.46722444891929626,0.918300211429596,2.657971143722534,-0.5204640626907349,1.0310745239257812,2.600120782852173,-0.4048396646976471,0.4948413372039795,2.984327554702759,-0.7614467740058899,0.5716508626937866,2.830122470855713,-0.7200181484222412,0.9114358425140381,2.9123337268829346,-0.8046401143074036,1.0178544521331787,2.892002582550049,-0.18571698665618896,-0.05564260482788086,3.10672926902771,-0.18187984824180603,-0.10710187256336212,3.1162827014923096,-0.13178609311580658,-0.13805964589118958,3.131204128265381,-0.026477158069610596,-0.0990387573838234,3.1664841175079346,-0.18083348870277405,-0.13441523909568787,3.17053484916687,-0.1654447615146637,-0.08871292322874069,3.277920961380005,-0.4387475550174713,0.9933323860168457,2.7084100246429443,-0.6780012845993042,0.9892246723175049,2.94651460647583
-0.3379175066947937,0.49931249022483826,2.9259886741638184,-0.27591049671173096,0.3701760768890381,2.9937002658843994,-0.21555101871490479,0.24047799408435822,3.061825752258301,-0.15518975257873535,0.11077602207660675,3.129953384399414,-0.12129363417625427,0.1113492101430893,3.103015184402466,-0.006409280002117157,0.11572317779064178,3.009554386138916,-0.10055386275053024,0.3394789695739746,2.9038643836975098,-0.25684577226638794,0.4325433671474457,2.7257535457611084,-0.2881041467189789,0.45115625858306885,2.690131425857544,-0.35062092542648315,0.4883820116519928,2.618887186050415,-0.36538583040237427,0.4693863093852997,2.6946945190429688,-0.1884298026561737,0.10879315435886383,3.1576318740844727,-0.3033141493797302,0.10441918671131134,3.2510926723480225,-0.4540971517562866,0.32182541489601135,3.2411305904388428,-0.6460311412811279,0.46964868903160095,3.1628923416137695,-0.6844179630279541,0.4992133378982544,3.147244691848755,-0.7611915469169617,0.5583426356315613,3.1159493923187256,-0.6873515844345093,0.5513341426849365,3.0872411727905273,-0.2690664529800415,0.5041399002075195,2.8721446990966797,-0.5007041692733765,0.5760625004768372,2.559788942337036,-0.46870648860931396,0.9142648577690125,2.650158405303955,-0.5218988656997681,1.0263441801071167,2.5913925170898438,-0.4067685604095459,0.49448511004447937,2.979832649230957,-0.7630223631858826,0.5668585300445557,2.8241398334503174,-0.7292734980583191,0.9088495373725891,2.898129463195801,-0.8159288763999939,1.0127558708190918,2.8749141693115234,-0.18850469589233398,-0.05753025412559509,3.1026015281677246,-0.1845110058784485,-0.10897078365087509,3.112194776535034,-0.13439175486564636,-0.13970470428466797,3.1274914741516113,-0.02951696515083313,-0.10021233558654785,3.1635358333587646,-0.18374311923980713,-0.13626888394355774,3.1664600372314453,-0.16934582591056824,-0.09047752618789673,3.27394700050354,-0.4403098225593567,0.9896392226219177,2.6998701095581055,-0.6891387104988098,0.9882110953330994,2.9305310249328613
-0.3391760289669037,0.4992302358150482,2.9176087379455566,-0.2779078781604767,0.3696850836277008,2.9852731227874756,-0.2183362990617752,0.23957926034927368,3.053375244140625,-0.15876293182373047,0.10946953296661377,3.1214795112609863,-0.12475121021270752,0.10996273159980774,3.0946743488311768,-0.009686700999736786,0.11406228691339493,3.00185489654541,-0.10091833770275116,0.3396846055984497,2.8984758853912354,-0.25597256422042847,0.4345985949039459,2.720738172531128,-0.2869834005832672,0.45358139276504517,2.6851906776428223,-0.3490051031112671,0.49154698848724365,2.614095687866211,-0.3640497624874115,0.47228148579597473,2.6896698474884033,-0.19212716817855835,0.10756224393844604,3.149024724960327,-0.3071916699409485,0.10346268862485886,3.2418441772460938,-0.45959997177124023,0.3194669187068939,3.2363874912261963,-0.6522321105003357,0.4682779908180237,3.162975549697876,-0.6907585263252258,0.49804019927978516,3.1482932567596436,-0.7678113579750061,0.5575646162033081,3.1189284324645996,-0.6942706108093262,0.5513949990272522,3.08955717086792,-0.2701112627983093,0.5038686394691467,2.863952875137329,-0.5027800798416138,0.5734978318214417,2.5527496337890625,-0.47081154584884644,0.9113664627075195,2.641901731491089,-0.5242753624916077,1.023028016090393,2.5831656455993652,-0.40824079513549805,0.4945918619632721,2.971264600753784,-0.7646588087081909,0.5628033876419067,2.8158817291259766,-0.7416516542434692,0.9066426753997803,2.881991147994995,-0.8312545418739319,1.007091999053955,2.8563425540924072,-0.19085568189620972,-0.05898897349834442,3.0935590267181396,-0.18668612837791443,-0.11042137444019318,3.1031339168548584,-0.13656830787658691,-0.1409021019935608,3.1189444065093994,-0.03230869770050049,-0.10088185966014862,3.15618896484375,-0.18636515736579895,-0.13778474926948547,3.157374143600464,-0.17339977622032166,-0.09204936027526855,3.265072822570801,-0.4423341155052185,0.9867688417434692,2.6911978721618652,-0.7041149735450745,0.9877726435661316,2.9125771522521973
-0.33926403522491455,0.5000402927398682,2.9063475131988525,-0.2787814140319824,0.3699810802936554,2.973783016204834,-0.220030277967453,0.23936131596565247,3.0416646003723145,-0.1612773984670639,0.10873764753341675,3.1095480918884277,-0.12707480788230896,0.1092681884765625,3.0829780101776123,-0.011767283082008362,0.11348942667245865,2.991302490234375,-0.10111942887306213,0.3407854437828064,2.8914215564727783,-0.25533926486968994,0.4372079372406006,2.7145323753356934,-0.28618323802948,0.45649242401123047,2.679154634475708,-0.34787118434906006,0.4950614273548126,2.608398914337158,-0.3630850911140442,0.47517168521881104,2.6836020946502686,-0.1948413997888565,0.10678735375404358,3.1368560791015625,-0.3101489245891571,0.10256611555814743,3.2285315990448,-0.46383780241012573,0.3170236349105835,3.225191593170166,-0.6569509506225586,0.46497660875320435,3.1531636714935303,-0.6955735683441162,0.49456721544265747,3.1387581825256348,-0.7728188633918762,0.5537484288215637,3.1099469661712646,-0.6993073225021362,0.5484819412231445,3.0807766914367676,-0.2698901295661926,0.5046720504760742,2.8530595302581787,-0.5041806697845459,0.57277512550354,2.543839454650879,-0.4723484218120575,0.9097960591316223,2.633220911026001,-0.5262672901153564,1.0212211608886719,2.5751564502716064,-0.4086379408836365,0.4954085350036621,2.9596354961395264,-0.7647532224655151,0.5600686073303223,2.804238796234131,-0.7528924345970154,0.9050552845001221,2.86279559135437,-0.8453257083892822,1.0018250942230225,2.8347606658935547,-0.1919996440410614,-0.05986344814300537,3.0809099674224854,-0.18763037025928497,-0.11129105091094971,3.0904338359832764,-0.13751862943172455,-0.14149871468544006,3.106788158416748,-0.033958107233047485,-0.10091710090637207,3.14536714553833,-0.187795028090477,-0.13876375555992126,3.1446220874786377,-0.17640791833400726,-0.09316810965538025,3.2525634765625,-0.44376471638679504,0.984994649887085,2.6823694705963135,-0.7181277275085449,0.9877942204475403,2.8916594982147217
-0.3390933871269226,0.5014663934707642,2.901516914367676,-0.2795175313949585,0.3710808753967285,2.969187021255493,-0.22156190872192383,0.24015532433986664,3.0372204780578613,-0.16360455751419067,0.10922585427761078,3.1052558422088623,-0.12916530668735504,0.10977520048618317,3.0789825916290283,-0.01342407613992691,0.1140517145395279,2.9886159896850586,-0.1011308804154396,0.3422003984451294,2.8905179500579834,-0.2541619539260864,0.43868401646614075,2.713299036026001,-0.28476816415786743,0.457980751991272,2.6778552532196045,-0.34598058462142944,0.49657419323921204,2.6069676876068115,-0.3615852892398834,0.4764846861362457,2.6818835735321045,-0.1974138617515564,0.10725347697734833,3.1322686672210693,-0.31315508484840393,0.1029769629240036,3.222635269165039,-0.4678928852081299,0.31599700450897217,3.215839385986328,-0.661017894744873,0.4606533646583557,3.138953685760498,-0.6996428966522217,0.48958462476730347,3.1235766410827637,-0.776892900466919,0.547447144985199,3.092822313308716,-0.7029222846031189,0.542817234992981,3.065138339996338,-0.2693045735359192,0.5059731006622314,2.848759174346924,-0.5050016641616821,0.5732141733169556,2.5412051677703857,-0.4734479784965515,0.9101208448410034,2.6289660930633545,-0.527830183506012,1.0210328102111816,2.570852518081665,-0.408882200717926,0.49695971608161926,2.9542746543884277,-0.7626495361328125,0.5607450604438782,2.79476261138916,-0.7631140947341919,0.9068201184272766,2.844113826751709,-0.8580729365348816,0.9995326399803162,2.8121252059936523,-0.1926444172859192,-0.0596044659614563,3.076186418533325,-0.18798819184303284,-0.11100153625011444,3.085747241973877,-0.13784433901309967,-0.14082178473472595,3.1027090549468994,-0.03508704900741577,-0.09944185614585876,3.1425764560699463,-0.18860481679439545,-0.13849809765815735,3.1399221420288086,-0.17890840768814087,-0.09285801649093628,3.248013496398926,-0.4448026716709137,0.98545241355896,2.677590847015381,-0.7316160202026367,0.9912742972373962,2.8712270259857178
-0.3383081257343292,0.503402054309845,2.8945698738098145,-0.2800998091697693,0.3727012276649475,2.9628138542175293,-0.22336626052856445,0.24148602783679962,3.0313124656677246,-0.16663099825382233,0.11026689410209656,3.0998129844665527,-0.13174214959144592,0.11091051995754242,3.0741429328918457,-0.015084512531757355,0.11548740416765213,2.9862892627716064,-0.0995330885052681,0.3450116217136383,2.8911197185516357,-0.24966123700141907,0.4415096640586853,2.7127268314361572,-0.2796868681907654,0.46080926060676575,2.6770482063293457,-0.339738130569458,0.499408483505249,2.6056911945343018,-0.3563432991504669,0.478967547416687,2.679994821548462,-0.20090320706367493,0.10819707810878754,3.126227617263794,-0.3175608515739441,0.10362019389867783,3.214081287384033,-0.4722425043582916,0.3146009147167206,3.193323850631714,-0.6630411148071289,0.4519082307815552,3.1015799045562744,-0.7012008428573608,0.4793696999549866,3.083231210708618,-0.7775202989578247,0.5342926383018494,3.0465335845947266,-0.7025818228721619,0.5296269655227661,3.0225112438201904,-0.2676994800567627,0.507838785648346,2.842841863632202,-0.5097528100013733,0.5737912654876709,2.5413460731506348,-0.4822338819503784,0.9111809730529785,2.6247901916503906,-0.5394812822341919,1.0202579498291016,2.5668106079101562,-0.40891677141189575,0.4989653527736664,2.9462978839874268,-0.7524923086166382,0.5681281089782715,2.7701969146728516,-0.7795873284339905,0.9143927693367004,2.800506353378296,-0.8782574534416199,0.9981330633163452,2.758216381072998,-0.19377005100250244,-0.05892293155193329,3.071087121963501,-0.18881304562091827,-0.11023023724555969,3.080949544906616,-0.13867607712745667,-0.13953432440757751,3.098790168762207,-0.036895573139190674,-0.09708758443593979,3.1399900913238525,-0.19000010192394257,-0.1374884843826294,3.1352295875549316,-0.1823136806488037,-0.09129103273153305,3.243234872817993,-0.45397844910621643,0.9872852563858032,2.671931505203247,-0.7557289600372314,1.0019009113311768,2.8247060775756836
-0.3366891145706177,0.5043396353721619,2.8913533687591553,-0.2794196605682373,0.3736472427845001,2.9603569507598877,-0.22336694598197937,0.24246719479560852,3.0294342041015625,-0.16731254756450653,0.11128321290016174,3.098513603210449,-0.13209444284439087,0.11201874911785126,3.0733091831207275,-0.014564983546733856,0.11689465492963791,2.987199544906616,-0.09865085780620575,0.3463687300682068,2.8926002979278564,-0.24733290076255798,0.44206374883651733,2.7130658626556396,-0.2770693004131317,0.4612027406692505,2.677159070968628,-0.33654212951660156,0.4994807541370392,2.6053452491760254,-0.3537609577178955,0.4788356423377991,2.679335355758667,-0.20192140340805054,0.10912187397480011,3.1244688034057617,-0.31945085525512695,0.10424596816301346,3.210578441619873,-0.4726966619491577,0.31403300166130066,3.1761844158172607,-0.6603186726570129,0.44501999020576477,3.070652961730957,-0.697843074798584,0.47121739387512207,3.049546718597412,-0.7728918790817261,0.5236122012138367,3.007333993911743,-0.6971195936203003,0.5184955596923828,2.9866061210632324,-0.2654717266559601,0.5086579918861389,2.840425729751587,-0.5105913877487183,0.5757256746292114,2.542332649230957,-0.4829902648925781,0.9127587676048279,2.625304937362671,-0.5410535335540771,1.0215480327606201,2.5680136680603027,-0.40790650248527527,0.5000212788581848,2.9422810077667236,-0.7431163787841797,0.573582649230957,2.7534310817718506,-0.7801226377487183,0.9193048477172852,2.771982431411743,-0.8788501024246216,0.9990277290344238,2.723137140274048,-0.19406378269195557,-0.05807293951511383,3.070466995239258,-0.18911437690258026,-0.10932108014822006,3.0806219577789307,-0.1390669345855713,-0.13847380876541138,3.098944664001465,-0.03761821985244751,-0.09570123255252838,3.140605926513672,-0.1906331479549408,-0.13630405068397522,3.1350274085998535,-0.18372249603271484,-0.08955360949039459,3.24284029006958,-0.45443546772003174,0.9888400435447693,2.6720595359802246,-0.7595489025115967,1.0079712867736816,2.794447898864746
-0.33524879813194275,0.5050903558731079,2.889533519744873,-0.27893489599227905,0.3745405972003937,2.9594805240631104,-0.2235415279865265,0.2435312420129776,3.0293033123016357,-0.16814649105072021,0.11251796782016754,3.099128007888794,-0.13261933624744415,0.1133110523223877,3.074385166168213,-0.014224909245967865,0.11836957186460495,2.9899492263793945,-0.09756287187337875,0.34780195355415344,2.895474672317505,-0.2443845272064209,0.44329899549484253,2.71474027633667,-0.27374887466430664,0.4623984098434448,2.678593397140503,-0.33247753977775574,0.5005972385406494,2.606299638748169,-0.3504220247268677,0.47976094484329224,2.6799607276916504,-0.20307157933712006,0.11030089855194092,3.1246299743652344,-0.32146599888801575,0.10524237900972366,3.2090659141540527,-0.47248515486717224,0.3139313757419586,3.1626765727996826,-0.6562268733978271,0.4398616850376129,3.045536518096924,-0.6929752230644226,0.4650477468967438,3.022108554840088,-0.7664719223976135,0.5154198408126831,2.975252628326416,-0.6900846362113953,0.5097650289535522,2.957501173019409,-0.2634298801422119,0.5092174410820007,2.8394155502319336,-0.5083749294281006,0.5775046944618225,2.5421652793884277,-0.47888538241386414,0.9136161804199219,2.626208782196045,-0.5363801121711731,1.0227718353271484,2.569488048553467,-0.4070677161216736,0.5009632706642151,2.9396514892578125,-0.7343003749847412,0.5771737098693848,2.7393271923065186,-0.7755630016326904,0.922332227230072,2.747506618499756,-0.8731745481491089,0.9995218515396118,2.6931779384613037,-0.19459669291973114,-0.05703859031200409,3.072082042694092,-0.18967485427856445,-0.10820907354354858,3.082620143890381,-0.13972581923007965,-0.1371951699256897,3.1014578342437744,-0.03857843577861786,-0.09406163543462753,3.143460273742676,-0.191517636179924,-0.13481655716896057,3.1371967792510986,-0.18532192707061768,-0.08732224255800247,3.244720935821533,-0.4498906135559082,0.9892681241035461,2.6731302738189697,-0.7567800283432007,1.0116552114486694,2.7683427333831787
-0.33400213718414307,0.5049263834953308,2.8869078159332275,-0.27866634726524353,0.37453579902648926,2.9577672481536865,-0.22398997843265533,0.24371622502803802,3.0283474922180176,-0.16931197047233582,0.11289273202419281,3.0989298820495605,-0.13349756598472595,0.11371427774429321,3.0746395587921143,-0.014297589659690857,0.11885745078325272,2.9918317794799805,-0.09651146084070206,0.3484216332435608,2.897609233856201,-0.24120962619781494,0.4444996416568756,2.7159154415130615,-0.27014926075935364,0.46371525526046753,2.6795766353607178,-0.32802852988243103,0.5021464824676514,2.6068990230560303,-0.34674152731895447,0.4810282588005066,2.6801817417144775,-0.20453210175037384,0.11064931750297546,3.1239871978759766,-0.32373207807540894,0.10550614446401596,3.2067949771881104,-0.47191035747528076,0.3135385513305664,3.151095390319824,-0.6515013575553894,0.43614986538887024,3.0250213146209717,-0.6874195337295532,0.46067214012145996,2.9998064041137695,-0.7592559456825256,0.5097166895866394,2.9493768215179443,-0.6824709177017212,0.5034773349761963,2.9341580867767334,-0.261612206697464,0.5088414549827576,2.837581157684326,-0.5043575763702393,0.5790971517562866,2.5396604537963867,-0.4719816744327545,0.9138325452804565,2.626211643218994,-0.528073787689209,1.023821234703064,2.5701253414154053,-0.40639206767082214,0.501011312007904,2.936234474182129,-0.7259328365325928,0.5801987648010254,2.7258989810943604,-0.7669219970703125,0.9250242710113525,2.727419376373291,-0.8625593185424805,1.0013399124145508,2.668947696685791,-0.19544747471809387,-0.056859880685806274,3.072920083999634,-0.19053933024406433,-0.10794653743505478,3.0838427543640137,-0.14067663252353668,-0.13674981892108917,3.1031668186187744,-0.03982040286064148,-0.09323015064001083,3.1454429626464844,-0.19267067313194275,-0.13417193293571472,3.1385879516601562,-0.18713682889938354,-0.08592614531517029,3.245802164077759,-0.4424923360347748,0.9887480735778809,2.673757314682007,-0.7487059235572815,1.0145275592803955,2.7474167346954346
-0.3320489227771759,0.5049550533294678,2.882600784301758,-0.2776903808116913,0.37453579902648926,2.953972578048706,-0.22378410398960114,0.24371971189975739,3.0249600410461426,-0.16987621784210205,0.11289972066879272,3.095949649810791,-0.13376972079277039,0.11381784081459045,3.072141408920288,-0.013798251748085022,0.11927497386932373,2.9910943508148193,-0.09553353488445282,0.3487985134124756,2.897681713104248,-0.23837189376354218,0.44548121094703674,2.7154715061187744,-0.26693958044052124,0.46481776237487793,2.6790294647216797,-0.324074923992157,0.5034908652305603,2.6061453819274902,-0.34344184398651123,0.4818882942199707,2.678961992263794,-0.20539680123329163,0.11055973172187805,3.1205294132232666,-0.3253682851791382,0.10510259866714478,3.2015764713287354,-0.4711228013038635,0.31289610266685486,3.141036033630371,-0.6472233533859253,0.43410196900367737,3.009702205657959,-0.6824434399604797,0.45834314823150635,2.9834353923797607,-0.7528836727142334,0.5068255066871643,2.9309017658233643,-0.6759159564971924,0.5003302097320557,2.9175682067871094,-0.2590823769569397,0.508834719657898,2.8341169357299805,-0.49757927656173706,0.583052396774292,2.5347139835357666,-0.46170997619628906,0.9152183532714844,2.6269233226776123,-0.5156539082527161,1.026641607284546,2.5722084045410156,-0.4050154685974121,0.5010753870010376,2.931084632873535,-0.7175217270851135,0.5838161706924438,2.7130825519561768,-0.7551679611206055,0.9283533692359924,2.7125802040100098,-0.8483679294586182,1.0052436590194702,2.6515846252441406,-0.19543230533599854,-0.05700142681598663,3.0704870223999023,-0.19052758812904358,-0.10802073031663895,3.0816903114318848,-0.14079827070236206,-0.1366313099861145,3.1016111373901367,-0.04044032096862793,-0.09272130578756332,3.1446213722229004,-0.1931200623512268,-0.1339939534664154,3.1365272998809814,-0.18868541717529297,-0.08524885028600693,3.2435503005981445,-0.43177223205566406,0.9887992143630981,2.6758980751037598,-0.7366500496864319,1.0175689458847046,2.7327446937561035
-0.3303302824497223,0.5044137239456177,2.882457971572876,-0.27696022391319275,0.37411028146743774,2.9546217918395996,-0.22385132312774658,0.24343059957027435,3.0262961387634277,-0.17074084281921387,0.11274699866771698,3.0979726314544678,-0.13437381386756897,0.11366696655750275,3.074601173400879,-0.013707749545574188,0.11911910027265549,2.995131254196167,-0.09489183127880096,0.34815627336502075,2.9013142585754395,-0.23573815822601318,0.4450007677078247,2.71824312210083,-0.26390743255615234,0.46436965465545654,2.681628942489624,-0.3202459514141083,0.5031074285507202,2.608400344848633,-0.34029272198677063,0.48131826519966125,2.6808295249938965,-0.2065306156873703,0.11040665209293365,3.1221232414245605,-0.3271966874599457,0.10495451837778091,3.2015931606292725,-0.47095900774002075,0.3125417232513428,3.137636423110962,-0.6442388296127319,0.43276679515838623,3.002537727355957,-0.6788948178291321,0.4568118155002594,2.975517988204956,-0.7482067346572876,0.5049018263816833,2.921478509902954,-0.6711581945419312,0.4982251226902008,2.909580945968628,-0.25685441493988037,0.5080751180648804,2.834728717803955,-0.4898775815963745,0.5849230885505676,2.532623767852783,-0.45096555352211,0.9151598811149597,2.6280789375305176,-0.5025569200515747,1.0275585651397705,2.5737063884735107,-0.4038061499595642,0.500752329826355,2.930187225341797,-0.7101547122001648,0.5869103670120239,2.7061333656311035,-0.7418885231018066,0.931402862071991,2.7060556411743164,-0.8323436379432678,1.009910225868225,2.643557548522949,-0.19558481872081757,-0.057361066341400146,3.0733726024627686,-0.19064398109912872,-0.10828598588705063,3.0849478244781494,-0.14103025197982788,-0.13662323355674744,3.1055104732513428,-0.04121311008930206,-0.09216085076332092,3.149160385131836,-0.19367407262325287,-0.13391032814979553,3.13991641998291,-0.1903706192970276,-0.08447424322366714,3.2466444969177246,-0.420797735452652,0.9877725839614868,2.6780214309692383,-0.7223147749900818,1.0200645923614502,2.7268624305725098
-0.32981202006340027,0.5039050579071045,2.8801727294921875,-0.27740564942359924,0.3736223578453064,2.952897548675537,-0.22515542805194855,0.24300174415111542,3.0251269340515137,-0.1729036420583725,0.11237721145153046,3.097358465194702,-0.13628917932510376,0.11329811811447144,3.0744190216064453,-0.014980897307395935,0.11874330788850784,2.9965126514434814,-0.09538673609495163,0.34724345803260803,2.902194023132324,-0.23397362232208252,0.4445711076259613,2.718355894088745,-0.26169100403785706,0.46403664350509644,2.6815881729125977,-0.31712576746940613,0.5029677152633667,2.608052968978882,-0.33790308237075806,0.48097553849220276,2.6800408363342285,-0.2089501917362213,0.11003658175468445,3.1210832595825195,-0.33025848865509033,0.10459139198064804,3.1989896297454834,-0.4718189239501953,0.3121930956840515,3.1323893070220947,-0.6422088146209717,0.4320870637893677,2.9943017959594727,-0.6762868165969849,0.4560658633708954,2.966684341430664,-0.7444427609443665,0.5040234327316284,2.9114491939544678,-0.6673924922943115,0.4970814883708954,2.900834321975708,-0.25588279962539673,0.5073890089988708,2.8331398963928223,-0.4834992289543152,0.5877202153205872,2.528876781463623,-0.4413009285926819,0.9154340028762817,2.6288962364196777,-0.49046751856803894,1.0290040969848633,2.5754213333129883,-0.4037412405014038,0.5004211068153381,2.9272055625915527,-0.7046658992767334,0.591162383556366,2.699063777923584,-0.7284319996833801,0.9355425834655762,2.703350067138672,-0.8158689141273499,1.016806721687317,2.6406922340393066,-0.19646668434143066,-0.05796915292739868,3.073334217071533,-0.1913681924343109,-0.1087983101606369,3.0852227210998535,-0.14184384047985077,-0.1367374211549759,3.106506586074829,-0.04282134771347046,-0.09148052334785461,3.1510932445526123,-0.19489608705043793,-0.13416115939617157,3.140273094177246,-0.19313600659370422,-0.08418111503124237,3.246764898300171,-0.41084596514701843,0.9868152141571045,2.680061101913452,-0.7072083950042725,1.0232479572296143,2.7256648540496826
-0.33045148849487305,0.5035454630851746,2.87783145904541,-0.27889013290405273,0.37323325872421265,2.9507997035980225,-0.22749283909797668,0.242600679397583,3.0233094692230225,-0.17609399557113647,0.11196419596672058,3.0958213806152344,-0.13924215734004974,0.11294737458229065,3.0733418464660645,-0.017297707498073578,0.1185927540063858,2.9970741271972656,-0.0967588722705841,0.3463863134384155,2.902048110961914,-0.23271197080612183,0.44437283277511597,2.7174487113952637,-0.25990259647369385,0.4639701247215271,2.6805288791656494,-0.3142838478088379,0.5031647086143494,2.606689214706421,-0.3358806371688843,0.48096051812171936,2.6781558990478516,-0.21238718926906586,0.10956114530563354,3.119088888168335,-0.3343316316604614,0.10391576588153839,3.195356607437134,-0.47327080368995667,0.31226715445518494,3.128129243850708,-0.6407005190849304,0.43292996287345886,2.98823881149292,-0.6741864681243896,0.4570625424385071,2.9602606296539307,-0.7411583662033081,0.5053277015686035,2.9043045043945312,-0.6641848683357239,0.49810752272605896,2.894821882247925,-0.256105899810791,0.5070078372955322,2.8314802646636963,-0.4789983034133911,0.5925805568695068,2.52614164352417,-0.4336272180080414,0.9173288345336914,2.6318986415863037,-0.48058298230171204,1.0321998596191406,2.5799155235290527,-0.4047970771789551,0.5000830888748169,2.924182653427124,-0.7021329402923584,0.595389187335968,2.6945228576660156,-0.7163358330726624,0.9393796920776367,2.7076873779296875,-0.8007541298866272,1.0245016813278198,2.6466116905212402,-0.1972043216228485,-0.05866803228855133,3.0718069076538086,-0.19165413081645966,-0.1093979924917221,3.0838675498962402,-0.1421128511428833,-0.1366792917251587,3.1059153079986572,-0.044330209493637085,-0.09013233333826065,3.1518259048461914,-0.1956642121076584,-0.13469627499580383,3.1389005184173584,-0.19605909287929535,-0.08451380580663681,3.245283842086792,-0.4028516113758087,0.9872879385948181,2.684478759765625,-0.6929306983947754,1.0256692171096802,2.732434034347534
-0.33103328943252563,0.5027601718902588,2.8776564598083496,-0.2817397117614746,0.3728119432926178,2.95169997215271,-0.23255003988742828,0.24254529178142548,3.025251626968384,-0.18335889279842377,0.11227472126483917,3.0988054275512695,-0.1461125761270523,0.11314281821250916,3.077265739440918,-0.022698156535625458,0.1184026449918747,3.004044532775879,-0.10021809488534927,0.3442440330982208,2.9053966999053955,-0.23088830709457397,0.4435407221317291,2.718916177749634,-0.25702235102653503,0.46340006589889526,2.6816201210021973,-0.30929043889045715,0.5031187534332275,2.607027769088745,-0.3325338065624237,0.4808674454689026,2.677649974822998,-0.22007055580615997,0.10999077558517456,3.1211445331573486,-0.3434849679470062,0.10473094880580902,3.1943657398223877,-0.4784860610961914,0.31329286098480225,3.123502016067505,-0.6408894658088684,0.4313352704048157,2.977212429046631,-0.6733701229095459,0.4549437463283539,2.9479544162750244,-0.7383314967155457,0.5021607279777527,2.8894386291503906,-0.6613436937332153,0.49511414766311646,2.882650852203369,-0.2558773159980774,0.5057200193405151,2.8328168392181396,-0.46410828828811646,0.5990868210792542,2.5206236839294434,-0.4189625382423401,0.9225752353668213,2.627739906311035,-0.4621634781360626,1.0377275943756104,2.573957920074463,-0.4061892628669739,0.49980032444000244,2.9224960803985596,-0.7002584934234619,0.598278820514679,2.6914823055267334,-0.7001344561576843,0.9410302639007568,2.7175240516662598,-0.7802901864051819,1.0316592454910278,2.6593832969665527,-0.20162931084632874,-0.05876000225543976,3.0757758617401123,-0.19574062526226044,-0.10929066687822342,3.0884201526641846,-0.14645543694496155,-0.13572075963020325,3.1119704246520996,-0.05053606629371643,-0.0875200629234314,3.1599550247192383,-0.20084518194198608,-0.13416075706481934,3.1435348987579346,-0.20464032888412476,-0.08310006558895111,3.249387264251709,-0.38951364159584045,0.9920206069946289,2.68137264251709,-0.6733745336532593,1.025071144104004,2.7455849647521973
-0.3289475739002228,0.5020078420639038,2.881117582321167,-0.2810721695423126,0.3722204566001892,2.955907106399536,-0.2334066480398178,0.24209855496883392,3.0302481651306152,-0.1857396960258484,0.11197276413440704,3.1045913696289062,-0.14823298156261444,0.11270058155059814,3.083624839782715,-0.023820117115974426,0.11749357730150223,3.0122439861297607,-0.10023181140422821,0.3417677581310272,2.9099109172821045,-0.2277371734380722,0.4402351975440979,2.721149206161499,-0.2532382607460022,0.4599286913871765,2.683396816253662,-0.3042404055595398,0.49931567907333374,2.6078920364379883,-0.3285704553127289,0.4774972200393677,2.6781961917877197,-0.22272834181785583,0.10983064770698547,3.126365900039673,-0.34714120626449585,0.10503765195608139,3.197746753692627,-0.4816851317882538,0.3128475844860077,3.1247899532318115,-0.642633318901062,0.42780250310897827,2.974905014038086,-0.674822986125946,0.4507935047149658,2.944927930831909,-0.7392022609710693,0.49677547812461853,2.8849740028381348,-0.6621313095092773,0.490395188331604,2.8794965744018555,-0.25324946641921997,0.5046786665916443,2.8372955322265625,-0.4493464529514313,0.6021414399147034,2.518951892852783,-0.40806981921195984,0.9260631799697876,2.625408411026001,-0.44923022389411926,1.0407631397247314,2.5693821907043457,-0.4046456813812256,0.49933701753616333,2.9249396324157715,-0.7002966403961182,0.5967053174972534,2.696016788482666,-0.6958495378494263,0.9385038614273071,2.729423761367798,-0.775184690952301,1.031252145767212,2.673809766769409,-0.20350775122642517,-0.0590994656085968,3.081613063812256,-0.19776400923728943,-0.10959476232528687,3.0944366455078125,-0.14881879091262817,-0.13593217730522156,3.118767023086548,-0.053682804107666016,-0.0875600129365921,3.168083667755127,-0.20366868376731873,-0.13436439633369446,3.149507999420166,-0.20909084379673004,-0.08311798423528671,3.255183219909668,-0.3805907964706421,0.995803713798523,2.6795692443847656,-0.6679221391677856,1.0215206146240234,2.7590973377227783
-0.3254287838935852,0.501261830329895,2.885807514190674,-0.27905339002609253,0.3715367615222931,2.9613282680511475,-0.23299092054367065,0.2414579540491104,3.036430835723877,-0.18692708015441895,0.11137525737285614,3.1115357875823975,-0.14913693070411682,0.11196589469909668,3.0911672115325928,-0.023632556200027466,0.11630396544933319,3.0217056274414062,-0.09915951639413834,0.33907777070999146,2.9156382083892822,-0.2238619178533554,0.4354588985443115,2.7240147590637207,-0.24880239367485046,0.45473513007164,2.68569016456604,-0.2986833453178406,0.493287593126297,2.6090407371520996,-0.3240651786327362,0.4720802307128906,2.6791422367095947,-0.2242165505886078,0.10937076807022095,3.132720708847046,-0.34972092509269714,0.10503269731998444,3.2021822929382324,-0.48413515090942383,0.31139156222343445,3.1251652240753174,-0.6434694528579712,0.42201200127601624,2.9704549312591553,-0.6753363013267517,0.4441360831260681,2.9395129680633545,-0.7390700578689575,0.48838427662849426,2.877628803253174,-0.6618617177009583,0.4827721118927002,2.873680591583252,-0.24910959601402283,0.5037237405776978,2.8431708812713623,-0.4318816661834717,0.6034114360809326,2.5178563594818115,-0.39680609107017517,0.9289883971214294,2.620978832244873,-0.43625831604003906,1.042543649673462,2.5616228580474854,-0.4017479717731476,0.4987998902797699,2.9284441471099854,-0.6990648508071899,0.5941417217254639,2.7011001110076904,-0.6944509744644165,0.9354325532913208,2.7380340099334717,-0.7740188837051392,1.0287152528762817,2.6837966442108154,-0.20472252368927002,-0.05974555015563965,3.0889596939086914,-0.19924870133399963,-0.11020275205373764,3.102046012878418,-0.15068355202674866,-0.13654190301895142,3.1271228790283203,-0.0561184287071228,-0.08816758543252945,3.1775200366973877,-0.2059335559606552,-0.134754478931427,3.1571249961853027,-0.2126600742340088,-0.08310321718454361,3.262526273727417,-0.3719635009765625,0.9996623396873474,2.675138235092163,-0.6663904190063477,1.0181019306182861,2.7684245109558105
-0.32312339544296265,0.50086909532547,2.890349864959717,-0.2784200608730316,0.37107396125793457,2.9665489196777344,-0.23411324620246887,0.24090975522994995,3.042349100112915,-0.18980512022972107,0.11074165999889374,3.1181514263153076,-0.15170028805732727,0.1112002432346344,3.098433256149292,-0.025070130825042725,0.1150997057557106,3.031111240386963,-0.09914863854646683,0.336508184671402,2.921351432800293,-0.22077476978302002,0.43009012937545776,2.726454496383667,-0.2450999915599823,0.4488065242767334,2.6874752044677734,-0.29375043511390686,0.48623931407928467,2.6095163822174072,-0.32027170062065125,0.4658403992652893,2.6794188022613525,-0.2274283468723297,0.10886827111244202,3.1386935710906982,-0.35405850410461426,0.10496880859136581,3.2060155868530273,-0.487583190202713,0.309883713722229,3.1239326000213623,-0.6444002985954285,0.41617056727409363,2.9637863636016846,-0.675763726234436,0.43742793798446655,2.9317572116851807,-0.7384905815124512,0.4799426794052124,2.8676986694335938,-0.6611872315406799,0.47491541504859924,2.8655147552490234,-0.24610307812690735,0.5031651854515076,2.8490757942199707,-0.4144160747528076,0.6039644479751587,2.5165247917175293,-0.3853222727775574,0.931577205657959,2.6145806312561035,-0.4226625859737396,1.0437018871307373,2.551359176635742,-0.40014371275901794,0.49857303500175476,2.931623935699463,-0.6989516019821167,0.5915719866752625,2.7054715156555176,-0.6962418556213379,0.9325974583625793,2.7440171241760254,-0.776525616645813,1.0256330966949463,2.690518617630005,-0.20732031762599945,-0.060474202036857605,3.0961177349090576,-0.20202714204788208,-0.11087058484554291,3.109503746032715,-0.15380370616912842,-0.13709820806980133,3.1353416442871094,-0.05991227924823761,-0.08850320428609848,3.1867687702178955,-0.20944543182849884,-0.13517117500305176,3.1645987033843994,-0.21756380796432495,-0.08304326236248016,3.2696633338928223,-0.3631775677204132,1.0034065246582031,2.668339729309082,-0.6685773730278015,1.0152606964111328,2.774698495864868
-0.32158446311950684,0.5007612705230713,2.894862651824951,-0.27862223982810974,0.3708338141441345,2.9717397689819336,-0.236159548163414,0.24052052199840546,3.0482404232025146,-0.19369558990001678,0.1102033406496048,3.1247434616088867,-0.15526756644248962,0.11051121354103088,3.1056880950927734,-0.02753661572933197,0.11390899121761322,3.0405771732330322,-0.09966877102851868,0.3340947926044464,2.9273643493652344,-0.21806120872497559,0.42474138736724854,2.729245185852051,-0.2417396903038025,0.44287070631980896,2.6896214485168457,-0.2890966534614563,0.4791293442249298,2.6103737354278564,-0.31676220893859863,0.4596345126628876,2.6800549030303955,-0.2316620796918869,0.10847905278205872,3.144630193710327,-0.35939303040504456,0.10508127510547638,3.2097411155700684,-0.49093538522720337,0.3087471127510071,3.121884346008301,-0.6442636251449585,0.41091448068618774,2.9559414386749268,-0.6749292612075806,0.43134796619415283,2.922752857208252,-0.7362605929374695,0.472214937210083,2.8563756942749023,-0.6589395403862,0.46749114990234375,2.8561277389526367,-0.2438441514968872,0.5028940439224243,2.855022430419922,-0.3979525864124298,0.603663980960846,2.515747547149658,-0.3743537366390228,0.9334654808044434,2.60746169090271,-0.4094711244106293,1.043924331665039,2.540226459503174,-0.39932477474212646,0.49862849712371826,2.9347028732299805,-0.6993104815483093,0.5890265703201294,2.709207534790039,-0.6989486813545227,0.9299243688583374,2.7482717037200928,-0.7799888849258423,1.022446870803833,2.6951019763946533,-0.21153755486011505,-0.06102769076824188,3.1031131744384766,-0.20661161839962006,-0.11139117181301117,3.116757869720459,-0.15884076058864594,-0.13769476115703583,3.1433463096618652,-0.06548014283180237,-0.0892462357878685,3.195862293243408,-0.21486642956733704,-0.1354558914899826,3.1718361377716064,-0.22421954572200775,-0.08290275931358337,3.2765839099884033,-0.3547816574573517,1.0065796375274658,2.660444736480713,-0.6718146800994873,1.0127161741256714,2.7790162563323975
-0.32055699825286865,0.5009113550186157,2.8988418579101562,-0.27956151962280273,0.3707796633243561,2.9764351844787598,-0.2390594631433487,0.24026618897914886,3.053645610809326,-0.19855619966983795,0.10974881052970886,3.1308581829071045,-0.15980708599090576,0.10986681282520294,3.1124653816223145,-0.031000196933746338,0.11263255029916763,3.049572467803955,-0.10084766894578934,0.33180761337280273,2.9332828521728516,-0.2160283625125885,0.4196740984916687,2.7321856021881104,-0.23906449973583221,0.4372473955154419,2.6919660568237305,-0.28513678908348083,0.4723939895629883,2.61152720451355,-0.31389614939689636,0.4538235664367676,2.6809775829315186,-0.2368650883436203,0.10821221768856049,3.150090456008911,-0.3656719923019409,0.1054464802145958,3.2129833698272705,-0.4940805435180664,0.308234304189682,3.119025945663452,-0.6430981755256653,0.4066598117351532,2.9471731185913086,-0.6729016900062561,0.42634493112564087,2.9128024578094482,-0.7325087189674377,0.4657151401042938,2.8440613746643066,-0.6552447080612183,0.4609827995300293,2.845841884613037,-0.24207057058811188,0.5027869939804077,2.860520124435425,-0.38160449266433716,0.6046881675720215,2.5154669284820557,-0.36149129271507263,0.9357895255088806,2.6028096675872803,-0.3937089443206787,1.0451421737670898,2.5324721336364746,-0.3990434408187866,0.49903571605682373,2.9371635913848877,-0.6980761289596558,0.5878859162330627,2.7100064754486084,-0.7002991437911987,0.9288150668144226,2.747739553451538,-0.781647801399231,1.0205377340316772,2.693770170211792,-0.21724918484687805,-0.061406105756759644,3.1093454360961914,-0.21284008026123047,-0.11177168786525726,3.1231579780578613,-0.16560229659080505,-0.1383342146873474,3.1504323482513428,-0.07262611389160156,-0.0903930515050888,3.2040836811065674,-0.22198475897312164,-0.13566282391548157,3.178171157836914,-0.23237645626068115,-0.08282411098480225,3.282677173614502,-0.3440476655960083,1.0097057819366455,2.655369758605957,-0.673923909664154,1.0118838548660278,2.7783069610595703
-0.3199630379676819,0.5020149350166321,2.903452157974243,-0.2810099720954895,0.37166452407836914,2.981696605682373,-0.24246102571487427,0.24094220995903015,3.0595195293426514,-0.2039109170436859,0.11021597683429718,3.1373448371887207,-0.16488048434257507,0.11011786758899689,3.1195666790008545,-0.03510314226150513,0.11216477304697037,3.058720827102661,-0.10221002250909805,0.3305085003376007,2.939540147781372,-0.21416085958480835,0.41577643156051636,2.7356536388397217,-0.23655103147029877,0.43283000588417053,2.6948764324188232,-0.2813313603401184,0.46693718433380127,2.6133217811584473,-0.31114715337753296,0.4493672251701355,2.6825485229492188,-0.24252235889434814,0.1088932603597641,3.1559689044952393,-0.3722997009754181,0.10684635490179062,3.2168147563934326,-0.4974330961704254,0.30850136280059814,3.1165242195129395,-0.6419720649719238,0.4028589725494385,2.9388210773468018,-0.6708798408508301,0.42173048853874207,2.90328049659729,-0.7286953926086426,0.45947352051734924,2.8321993350982666,-0.6515377759933472,0.4547645151615143,2.836014747619629,-0.24079641699790955,0.5035306215286255,2.866564989089966,-0.3661414384841919,0.6081612706184387,2.517098903656006,-0.34628719091415405,0.9392528533935547,2.603949785232544,-0.37483325600624084,1.0485761165618896,2.5321078300476074,-0.3991296589374542,0.5004992485046387,2.9403393268585205,-0.6952552795410156,0.588466465473175,2.709348201751709,-0.7005992531776428,0.9295622110366821,2.7437584400177,-0.7819033265113831,1.0200881958007812,2.687879800796509,-0.22381672263145447,-0.060768961906433105,3.115525484085083,-0.22000035643577576,-0.11117793619632721,3.1293625831604004,-0.1733117699623108,-0.13815654814243317,3.1571733951568604,-0.080558180809021,-0.09103474766016006,3.211932897567749,-0.2299911081790924,-0.1350138783454895,3.1842546463012695,-0.24114960432052612,-0.08213051408529282,3.288663148880005,-0.33015376329421997,1.0131756067276,2.6568474769592285,-0.6752792000770569,1.0130854845046997,2.7738547325134277
-0.3190215528011322,0.5036481022834778,2.906090259552002,-0.2819356918334961,0.37320154905319214,2.9850432872772217,-0.24518808722496033,0.24238699674606323,3.063544273376465,-0.20843937993049622,0.11156854033470154,3.142047643661499,-0.16918006539344788,0.11122134327888489,3.124795913696289,-0.03858323395252228,0.11243746429681778,3.065687894821167,-0.103312648832798,0.33014553785324097,2.944253921508789,-0.21267375349998474,0.4131331443786621,2.738142967224121,-0.2345459759235382,0.4297306537628174,2.696920871734619,-0.27829042077064514,0.4629257023334503,2.614476442337036,-0.30893585085868835,0.44623568654060364,2.6835267543792725,-0.24729928374290466,0.11049389839172363,3.1601524353027344,-0.37789613008499146,0.10927777737379074,3.2192604541778564,-0.49994000792503357,0.30954045057296753,3.1128034591674805,-0.6403064727783203,0.3992273509502411,2.9295494556427,-0.6683797836303711,0.41716474294662476,2.8928985595703125,-0.7245263457298279,0.4530394971370697,2.819597005844116,-0.6475046873092651,0.4484826624393463,2.825303554534912,-0.2393225133419037,0.5046821236610413,2.8703625202178955,-0.35328614711761475,0.6114873886108398,2.517796754837036,-0.33130449056625366,0.9421596527099609,2.6053307056427,-0.35630002617836,1.0518478155136108,2.5327987670898438,-0.3987205922603607,0.5026140809059143,2.9418179988861084,-0.6907616853713989,0.5909373164176941,2.706002712249756,-0.6990621089935303,0.9322896003723145,2.735990524291992,-0.7800164818763733,1.0214951038360596,2.6776301860809326,-0.22991077601909637,-0.059186965227127075,3.1197657585144043,-0.2267397940158844,-0.10965967178344727,3.1335556507110596,-0.18058103322982788,-0.13716500997543335,3.1617472171783447,-0.08783687651157379,-0.09108307957649231,3.217428207397461,-0.23747481405735016,-0.13347871601581573,3.188322067260742,-0.24903589487075806,-0.080638587474823,3.2927234172821045,-0.3156454265117645,1.0158209800720215,2.6586859226226807,-0.6748441457748413,1.0163384675979614,2.765439748764038
-0.31927889585494995,0.5059779286384583,2.912652015686035,-0.2851848006248474,0.3755451440811157,2.992959976196289,-0.2512257993221283,0.24475151300430298,3.0727365016937256,-0.217265784740448,0.11395397782325745,3.152515411376953,-0.17768040299415588,0.11316131055355072,3.136042833328247,-0.04585270583629608,0.11288745701313019,3.0794777870178223,-0.10516320168972015,0.3299565315246582,2.9543139934539795,-0.2094079852104187,0.41039973497390747,2.7446415424346924,-0.23025694489479065,0.42648836970329285,2.702707052230835,-0.27195486426353455,0.458665668964386,2.61883807182312,-0.3041668236255646,0.4434930384159088,2.687504768371582,-0.2564820647239685,0.11332501471042633,3.1698551177978516,-0.3883097767829895,0.11359886825084686,3.2264201641082764,-0.5038349032402039,0.31063711643218994,3.107539653778076,-0.63603276014328,0.39321163296699524,2.915170907974243,-0.6624723076820374,0.4097265303134918,2.876697063446045,-0.7153514623641968,0.442756325006485,2.7997496128082275,-0.638676106929779,0.4378807246685028,2.808696985244751,-0.23880496621131897,0.5061140656471252,2.878708600997925,-0.3289584815502167,0.612540602684021,2.5192956924438477,-0.30578523874282837,0.9436569213867188,2.6045169830322266,-0.32416990399360657,1.052925944328308,2.5294735431671143,-0.39975282549858093,0.5058417916297913,2.9465954303741455,-0.6798229217529297,0.6022998094558716,2.6998393535614014,-0.6907874345779419,0.943767786026001,2.7266170978546143,-0.7693840265274048,1.0321357250213623,2.6639838218688965,-0.24114063382148743,-0.056438952684402466,3.1294472217559814,-0.23890680074691772,-0.10701346397399902,3.1431167125701904,-0.19348309934139252,-0.13532710075378418,3.1717441082000732,-0.10063248872756958,-0.09084376692771912,3.228621244430542,-0.2506267726421356,-0.13083472847938538,3.1977031230926514,-0.2625395953655243,-0.07811541855335236,3.3021721839904785,-0.2919325828552246,1.0176060199737549,2.6579384803771973,-0.668243408203125,1.0281344652175903,2.756420850753784
-0.3205816149711609,0.5075489282608032,2.915728807449341,-0.2880426347255707,0.3771894574165344,2.996762990951538,-0.25552499294281006,0.2464657425880432,3.077216863632202,-0.22300639748573303,0.11573810875415802,3.1576731204986572,-0.18333163857460022,0.11459942162036896,3.1414504051208496,-0.051100656390190125,0.11316568404436111,3.0856759548187256,-0.10655161738395691,0.330678790807724,2.9594855308532715,-0.20837989449501038,0.4106270968914032,2.7484230995178223,-0.22874554991722107,0.42661675810813904,2.7062106132507324,-0.26947686076164246,0.4585960805416107,2.6217856407165527,-0.3023557960987091,0.4443100690841675,2.6903316974639893,-0.2623277008533478,0.11545594036579132,3.1747703552246094,-0.3945586681365967,0.11688967794179916,3.2305448055267334,-0.50474613904953,0.3134637176990509,3.1059329509735107,-0.6318782567977905,0.3956432044506073,2.909994125366211,-0.6573047041893005,0.4120790958404541,2.8708064556121826,-0.7081575393676758,0.4449508786201477,2.792430877685547,-0.6317546963691711,0.43887725472450256,2.802889347076416,-0.23984025418758392,0.5070130228996277,2.8824453353881836,-0.3185315728187561,0.6106255054473877,2.519585371017456,-0.29311561584472656,0.9417368173599243,2.6040120124816895,-0.3078441917896271,1.0508891344070435,2.5280275344848633,-0.40132296085357666,0.5080848336219788,2.949012279510498,-0.6724830865859985,0.6117827892303467,2.6954100131988525,-0.6845691204071045,0.9532618522644043,2.720993995666504,-0.7612380385398865,1.0413938760757446,2.6557297706604004,-0.24859240651130676,-0.05432307720184326,3.1337947845458984,-0.24690896272659302,-0.10498607158660889,3.1472461223602295,-0.20183315873146057,-0.1338980346918106,3.1758460998535156,-0.10863442718982697,-0.09062045812606812,3.2331221103668213,-0.2589915692806244,-0.12893009185791016,3.2017107009887695,-0.27058327198028564,-0.0765446126461029,3.3064048290252686,-0.2797341048717499,1.0157231092453003,2.657482385635376,-0.6630414724349976,1.0377109050750732,2.751276731491089
-0.32160311937332153,0.5089856386184692,2.9205305576324463,-0.2904930114746094,0.378804087638855,3.0023159980773926,-0.25931400060653687,0.24823948740959167,3.0834622383117676,-0.22813405096530914,0.11767096817493439,3.1646108627319336,-0.18838629126548767,0.11620604991912842,3.1486291885375977,-0.05575823783874512,0.11367477476596832,3.0935962200164795,-0.10773009061813354,0.3312114477157593,2.9658963680267334,-0.20725341141223907,0.41054776310920715,2.753464937210083,-0.2271580696105957,0.42641502618789673,2.7109787464141846,-0.26696741580963135,0.4581495523452759,2.6260061264038086,-0.30047672986984253,0.44475257396698,2.694439172744751,-0.26754292845726013,0.11771678924560547,3.181474447250366,-0.4001709818840027,0.12024806439876556,3.2365074157714844,-0.5048106908798218,0.3182670772075653,3.1093480587005615,-0.627581775188446,0.40435177087783813,2.912261724472046,-0.652135968208313,0.42156872153282166,2.8728444576263428,-0.7012444138526917,0.4560025930404663,2.7940099239349365,-0.625132143497467,0.44798728823661804,2.8053293228149414,-0.24062514305114746,0.5078212022781372,2.887874126434326,-0.3092998266220093,0.607211172580719,2.5218141078948975,-0.2824200689792633,0.938661515712738,2.6044352054595947,-0.29406580328941345,1.0473867654800415,2.5273122787475586,-0.4025810956954956,0.5101500749588013,2.9531869888305664,-0.665709376335144,0.6177576780319214,2.6928436756134033,-0.6793966889381409,0.9594660997390747,2.714198589324951,-0.7544360756874084,1.0466315746307373,2.645817279815674,-0.2549043297767639,-0.05225652456283569,3.140859365463257,-0.25364845991134644,-0.10292123258113861,3.154386520385742,-0.20888787508010864,-0.132134810090065,3.183196783065796,-0.11556501686573029,-0.08946835994720459,3.2407703399658203,-0.2661128640174866,-0.1267048865556717,3.2088470458984375,-0.2777024805545807,-0.07408356666564941,3.313446044921875,-0.269578218460083,1.0129032135009766,2.6576831340789795,-0.6589460372924805,1.0443137884140015,2.744110584259033
-0.3232157826423645,0.5104165077209473,2.9240074157714844,-0.2933964431285858,0.38049447536468506,3.0065410137176514,-0.26345115900039673,0.2501791715621948,3.0884063243865967,-0.23350496590137482,0.1198599636554718,3.170274019241333,-0.19369158148765564,0.1181003600358963,3.154541492462158,-0.06064169108867645,0.11457235366106033,3.100257635116577,-0.11039986461400986,0.33182016015052795,2.9709537029266357,-0.20789183676242828,0.410695344209671,2.7572782039642334,-0.22739022970199585,0.4264703691005707,2.714543104171753,-0.266387015581131,0.4580204486846924,2.629072904586792,-0.30050528049468994,0.4451673924922943,2.697349786758423,-0.272992879152298,0.12020315229892731,3.186896324157715,-0.40604275465011597,0.12373115867376328,3.241180181503296,-0.5068342685699463,0.32227757573127747,3.1115176677703857,-0.6264360547065735,0.4109690189361572,2.913496494293213,-0.6503564119338989,0.4287073016166687,2.873892307281494,-0.6981971263885498,0.46418386697769165,2.7946839332580566,-0.6223044991493225,0.4547618329524994,2.806622266769409,-0.24200621247291565,0.508722186088562,2.8919992446899414,-0.3015105724334717,0.6042632460594177,2.52339768409729,-0.27225375175476074,0.9355359077453613,2.605642557144165,-0.2807804346084595,1.044137716293335,2.5279855728149414,-0.40442535281181335,0.5121108293533325,2.9560155868530273,-0.6601864099502563,0.6211434006690979,2.6891181468963623,-0.6756176948547363,0.9630106687545776,2.704943895339966,-0.7491735219955444,1.048827886581421,2.633371353149414,-0.2607516348361969,-0.050152286887168884,3.147397994995117,-0.2597010135650635,-0.10075443238019943,3.161219835281372,-0.2151157557964325,-0.12995296716690063,3.1903445720672607,-0.12181785702705383,-0.08724793046712875,3.2479848861694336,-0.27241694927215576,-0.12419310957193375,3.215787172317505,-0.2841712534427643,-0.07092837244272232,3.3200719356536865,-0.2596592605113983,1.009759545326233,2.6589431762695312,-0.656242847442627,1.0483607053756714,2.734076738357544
-0.3247850239276886,0.5116259455680847,2.9277217388153076,-0.2962532043457031,0.38192975521087646,3.010901927947998,-0.26757949590682983,0.25183331966400146,3.0934054851531982,-0.2389049232006073,0.12173298001289368,3.1759114265441895,-0.19902712106704712,0.1196863055229187,3.160442352294922,-0.06553268432617188,0.11518410593271255,3.106947660446167,-0.11216171085834503,0.33245140314102173,2.976306915283203,-0.2064795047044754,0.4115752577781677,2.761186122894287,-0.22534306347370148,0.42740002274513245,2.7181620597839355,-0.26307016611099243,0.4590495824813843,2.6321136951446533,-0.2981283664703369,0.4466182291507721,2.7000274658203125,-0.27847105264663696,0.12236562371253967,3.192277431488037,-0.4119654893875122,0.12686783075332642,3.245772123336792,-0.5080441236495972,0.3269365429878235,3.1146700382232666,-0.6236523389816284,0.4203875958919525,2.91633939743042,-0.6467739939689636,0.43907779455184937,2.8766732215881348,-0.693017303943634,0.47645822167396545,2.7973408699035645,-0.6174477934837341,0.46522340178489685,2.809947967529297,-0.2433348000049591,0.5094687342643738,2.8964197635650635,-0.29339730739593506,0.6032658815383911,2.5260913372039795,-0.2623681128025055,0.9338911175727844,2.6098520755767822,-0.26785165071487427,1.042734980583191,2.5323283672332764,-0.4062352478504181,0.5137831568717957,2.9590237140655518,-0.6549214124679565,0.6228318810462952,2.6856906414031982,-0.6706506013870239,0.9647842049598694,2.6963186264038086,-0.7424508333206177,1.049547791481018,2.6218414306640625,-0.26609012484550476,-0.04846733808517456,3.1539764404296875,-0.2650870382785797,-0.09899964928627014,3.16811466217041,-0.22058627009391785,-0.1280294954776764,3.1975741386413574,-0.12745028734207153,-0.0849618911743164,3.255279779434204,-0.27798905968666077,-0.12211167067289352,3.2227981090545654,-0.29009151458740234,-0.0681946873664856,3.3267478942871094,-0.2501972019672394,1.0078182220458984,2.6636135578155518,-0.6519602537155151,1.050513744354248,2.724686861038208
-0.32693150639533997,0.512597382068634,2.931039810180664,-0.2996634840965271,0.38305139541625977,3.0146970748901367,-0.2722925841808319,0.2531052827835083,3.0976974964141846,-0.24492084980010986,0.12315529584884644,3.1807005405426025,-0.20497383177280426,0.1208483874797821,3.1655213832855225,-0.07101747393608093,0.11546061187982559,3.1129117012023926,-0.11333300918340683,0.33307379484176636,2.98128080368042,-0.2036823034286499,0.41312381625175476,2.764747142791748,-0.22175216674804688,0.4291338324546814,2.721440315246582,-0.2578918933868408,0.4611538350582123,2.634826898574829,-0.29405778646469116,0.4491911232471466,2.7022600173950195,-0.2845703661441803,0.12404978275299072,3.196781873703003,-0.41852670907974243,0.12943755090236664,3.249391555786133,-0.5088484883308411,0.3318273425102234,3.1176602840423584,-0.6193914413452148,0.4315101206302643,2.9194142818450928,-0.6415000557899475,0.45144668221473694,2.879765033721924,-0.6857172250747681,0.49131980538368225,2.800466537475586,-0.6106181740760803,0.4779481291770935,2.8138692378997803,-0.24525588750839233,0.5100255608558655,2.900435209274292,-0.2861833870410919,0.6035929918289185,2.5290682315826416,-0.25398483872413635,0.9332897067070007,2.615513801574707,-0.25666284561157227,1.0425994396209717,2.538581132888794,-0.4086071252822876,0.5151692032814026,2.961644411087036,-0.6508210897445679,0.6232832074165344,2.682382822036743,-0.6653292775154114,0.9652702808380127,2.6890034675598145,-0.7351781725883484,1.0494773387908936,2.612161159515381,-0.2713767886161804,-0.04732908308506012,3.1596195697784424,-0.2702767550945282,-0.09778950363397598,3.1740713119506836,-0.22583265602588654,-0.1264919936656952,3.203977108001709,-0.1331627368927002,-0.08272944390773773,3.261992931365967,-0.2834246754646301,-0.1206284835934639,3.2288341522216797,-0.2963401675224304,-0.06611615419387817,3.33242130279541,-0.24235932528972626,1.0067520141601562,2.669973134994507,-0.6468823552131653,1.0511969327926636,2.716824531555176
-0.32933732867240906,0.5128011107444763,2.9329640865325928,-0.30306994915008545,0.3834429383277893,3.0170576572418213,-0.27677983045578003,0.2536928355693817,3.1005382537841797,-0.25048890709877014,0.12393884360790253,3.184021234512329,-0.21046361327171326,0.12145516276359558,3.1691505908966064,-0.07603368163108826,0.11546031385660172,3.117497682571411,-0.11450642347335815,0.3334033787250519,2.985135078430176,-0.200862854719162,0.4144858121871948,2.767303943634033,-0.21813413500785828,0.4307022988796234,2.7237377166748047,-0.25267669558525085,0.4631352722644806,2.6366052627563477,-0.2899690270423889,0.45144781470298767,2.703488349914551,-0.2902284562587738,0.12501224875450134,3.1997992992401123,-0.4246583878993988,0.1310070902109146,3.2514522075653076,-0.5107495188713074,0.33418866991996765,3.1180176734924316,-0.617390513420105,0.4373612105846405,2.919358730316162,-0.6387187242507935,0.4579957127571106,2.879626989364624,-0.6813751459121704,0.4992647171020508,2.800163507461548,-0.6066648960113525,0.48439690470695496,2.8142342567443848,-0.2474493384361267,0.5099705457687378,2.903031587600708,-0.28065353631973267,0.6042097806930542,2.5312318801879883,-0.24925293028354645,0.9332196712493896,2.619987726211548,-0.2500424385070801,1.0428845882415771,2.5436174869537354,-0.4112253189086914,0.5156316757202148,2.9628965854644775,-0.6474785804748535,0.6223512887954712,2.678267002105713,-0.6595495939254761,0.9643241167068481,2.682732582092285,-0.7272831797599792,1.0485734939575195,2.6041600704193115,-0.2755313515663147,-0.04694323241710663,3.1639797687530518,-0.2741798460483551,-0.09730370342731476,3.1788175106048584,-0.22975823283195496,-0.12546688318252563,3.2093050479888916,-0.13785816729068756,-0.08058255910873413,3.2677667140960693,-0.2876124382019043,-0.11984454095363617,3.2336573600769043,-0.3017784357070923,-0.06465259194374084,3.3367648124694824,-0.23852288722991943,1.006334662437439,2.675029754638672,-0.6409953832626343,1.05023193359375,2.710411787033081
-0.33260491490364075,0.5123114585876465,2.933887004852295,-0.3070259094238281,0.38311272859573364,3.018281936645508,-0.2815394103527069,0.25354135036468506,3.1021316051483154,-0.2560521364212036,0.12396609783172607,3.185983896255493,-0.2159421294927597,0.12140676379203796,3.1714231967926025,-0.08104032278060913,0.11514566838741302,3.120743989944458,-0.11612603068351746,0.3337087333202362,2.988304376602173,-0.19836315512657166,0.41699981689453125,2.769625186920166,-0.2148105800151825,0.43365803360939026,2.7258894443511963,-0.24770542979240417,0.4669744670391083,2.6384177207946777,-0.28616800904273987,0.4551239609718323,2.704634189605713,-0.2958851456642151,0.12511709332466125,3.20145583152771,-0.43078696727752686,0.1313781887292862,3.2521350383758545,-0.5143941044807434,0.33408600091934204,3.1162657737731934,-0.6184730529785156,0.4377240538597107,2.9163966178894043,-0.6392888426780701,0.45845165848731995,2.876422882080078,-0.680920422077179,0.49990686774253845,2.7964751720428467,-0.6064442992210388,0.48439502716064453,2.8112106323242188,-0.25050434470176697,0.5094490647315979,2.9046213626861572,-0.27717286348342896,0.6065062880516052,2.533116102218628,-0.24753567576408386,0.9350709915161133,2.6237897872924805,-0.24706469476222992,1.045035481452942,2.547905445098877,-0.4147054851055145,0.5151738524436951,2.9631526470184326,-0.645260214805603,0.6210302710533142,2.673693895339966,-0.654035210609436,0.9630147218704224,2.6786398887634277,-0.7194941639900208,1.0480563640594482,2.5990540981292725,-0.27902457118034363,-0.04739415645599365,3.1671128273010254,-0.27727529406547546,-0.09762799739837646,3.182389259338379,-0.2328515648841858,-0.1250559687614441,3.213573694229126,-0.14202725887298584,-0.078666552901268,3.2726120948791504,-0.29102984070777893,-0.119868703186512,3.237292766571045,-0.3068656921386719,-0.06396933645009995,3.3398163318634033,-0.23781360685825348,1.0079376697540283,2.679309129714966,-0.6351405382156372,1.0486623048782349,2.706817150115967
-0.3371489346027374,0.5120891332626343,2.937406063079834,-0.3130604326725006,0.3831669092178345,3.0225467681884766,-0.28934600949287415,0.2538866102695465,3.107248306274414,-0.2656308710575104,0.12460243701934814,3.1919524669647217,-0.22527994215488434,0.1219305694103241,3.1781458854675293,-0.089299276471138,0.1152728721499443,3.129912853240967,-0.11537571996450424,0.33452779054641724,2.996171474456787,-0.18813499808311462,0.4201534390449524,2.7748429775238037,-0.2026868611574173,0.4372785687446594,2.730577230453491,-0.23179057240486145,0.4715288281440735,2.6420459747314453,-0.272830069065094,0.4603405296802521,2.706883430480957,-0.30572402477264404,0.12586915493011475,3.2066798210144043,-0.4417046904563904,0.13252685964107513,3.254912853240967,-0.5193263292312622,0.3325194716453552,3.111325740814209,-0.6163741946220398,0.43369588255882263,2.906491756439209,-0.6357837915420532,0.45393115282058716,2.865525007247925,-0.6746029257774353,0.4944017231464386,2.7835915088653564,-0.6007335186004639,0.47821366786956787,2.8007547855377197,-0.25453436374664307,0.5092690587043762,2.909762144088745,-0.2679993212223053,0.613667368888855,2.5399327278137207,-0.24304495751857758,0.9433896541595459,2.6264400482177734,-0.2405167520046234,1.052087426185608,2.5490198135375977,-0.4197635054588318,0.5149092078208923,2.965049982070923,-0.6422274708747864,0.6172325611114502,2.668581008911133,-0.6441163420677185,0.9587845206260681,2.6812970638275146,-0.7055647373199463,1.0469027757644653,2.602083683013916,-0.2865608334541321,-0.047362908720970154,3.1755356788635254,-0.28463882207870483,-0.09733782708644867,3.1917083263397217,-0.24057945609092712,-0.12380267679691315,3.2242729663848877,-0.1513957381248474,-0.07549026608467102,3.2843828201293945,-0.2993113100528717,-0.11879730224609375,3.2467200756073,-0.3178026080131531,-0.0613083615899086,3.34798264503479,-0.235569566488266,1.0170644521713257,2.6810824871063232,-0.6242631673812866,1.0432624816894531,2.711940288543701
-0.33955830335617065,0.5107573866844177,2.938586950302124,-0.3157602548599243,0.3820311427116394,3.0240869522094727,-0.292449027299881,0.25294771790504456,3.1091814041137695,-0.26913708448410034,0.1238604187965393,3.1942784786224365,-0.2286684513092041,0.12126384675502777,3.180814743041992,-0.09220270812511444,0.11485333740711212,3.1337063312530518,-0.11434493958950043,0.33411216735839844,2.9990925788879395,-0.18215614557266235,0.42061281204223633,2.7764406204223633,-0.19571839272975922,0.4379129409790039,2.731910228729248,-0.22284287214279175,0.47251319885253906,2.6428494453430176,-0.26523786783218384,0.4615326523780823,2.7068774700164795,-0.3093523681163788,0.1250539869070053,3.208667039871216,-0.44581812620162964,0.13146449625492096,3.2557754516601562,-0.5212005376815796,0.32899656891822815,3.1075048446655273,-0.6149535179138184,0.4268375635147095,2.899437189102173,-0.6337041258811951,0.4464057683944702,2.857823610305786,-0.6712053418159485,0.4855421781539917,2.774596691131592,-0.5975973606109619,0.4696537256240845,2.793222427368164,-0.2566934823989868,0.5082383155822754,2.9117298126220703,-0.2654537856578827,0.616623044013977,2.5431647300720215,-0.24296656250953674,0.9472872018814087,2.625800132751465,-0.23994937539100647,1.0549564361572266,2.5471179485321045,-0.4224231243133545,0.5132764577865601,2.9654440879821777,-0.6436115503311157,0.6130626201629639,2.6674797534942627,-0.6423847079277039,0.9540936946868896,2.686696767807007,-0.702535092830658,1.0442230701446533,2.6089069843292236,-0.2892415523529053,-0.04839581251144409,3.179499626159668,-0.2872934341430664,-0.09819862991571426,3.196233034133911,-0.2434588372707367,-0.12414436042308807,3.229538917541504,-0.1550617665052414,-0.0748247429728508,3.2900493144989014,-0.30245184898376465,-0.11912904679775238,3.251333713531494,-0.3222087025642395,-0.060614679008722305,3.3518011569976807,-0.23647654056549072,1.0216188430786133,2.679572582244873,-0.6219256520271301,1.0377275943756104,2.7190322875976562
-0.34372109174728394,0.5097370147705078,2.9396889209747314,-0.32036516070365906,0.3811238408088684,3.0254600048065186,-0.2975369095802307,0.25214818120002747,3.110827922821045,-0.27470797300338745,0.12316866219043732,3.1961982250213623,-0.2341252863407135,0.12063837051391602,3.183079481124878,-0.09720496833324432,0.11444748193025589,3.1371121406555176,-0.11554120481014252,0.3336586058139801,3.001722812652588,-0.17855092883110046,0.42037835717201233,2.7776784896850586,-0.19115287065505981,0.4377222955226898,2.7328696250915527,-0.21635675430297852,0.4724102020263672,2.643251895904541,-0.2600550651550293,0.46172896027565,2.7064733505249023,-0.31504255533218384,0.12429708242416382,3.210245132446289,-0.4519628882408142,0.13048797845840454,3.2562124729156494,-0.5238839983940125,0.326111376285553,3.1036386489868164,-0.6134175658226013,0.4208504855632782,2.8922276496887207,-0.631324291229248,0.4397982954978943,2.849945545196533,-0.6671377420425415,0.47769394516944885,2.765381097793579,-0.59392249584198,0.4619213342666626,2.7856626510620117,-0.26061442494392395,0.507438063621521,2.9136111736297607,-0.2633996903896332,0.617585301399231,2.5457890033721924,-0.24224410951137543,0.9490819573402405,2.624229669570923,-0.23806799948215485,1.055599570274353,2.5442211627960205,-0.4268277585506439,0.5120359659194946,2.965766668319702,-0.6463072299957275,0.6098039150238037,2.6662611961364746,-0.6429349780082703,0.9502598643302917,2.690113067626953,-0.7019510865211487,1.0417693853378296,2.613250255584717,-0.29395827651023865,-0.04929623007774353,3.182281970977783,-0.29197344183921814,-0.09899774193763733,3.1993460655212402,-0.24836024641990662,-0.1245606392621994,3.233258008956909,-0.1607608199119568,-0.07448997348546982,3.2943599224090576,-0.30760306119918823,-0.11965662240982056,3.254432439804077,-0.3286154568195343,-0.060595251619815826,3.3543546199798584,-0.23658429086208344,1.0240750312805176,2.677046060562134,-0.6221388578414917,1.0332419872283936,2.723684549331665
-0.3486560583114624,0.5091328024864197,2.940718173980713,-0.3257930874824524,0.38054537773132324,3.0266354084014893,-0.30346712470054626,0.2515881061553955,3.112138509750366,-0.2811404764652252,0.12262696027755737,3.1976442337036133,-0.24044489860534668,0.12017717957496643,3.1848766803741455,-0.103082075715065,0.11425615847110748,3.1400792598724365,-0.11774688959121704,0.33333563804626465,3.0039379596710205,-0.17635072767734528,0.4196268916130066,2.778484582901001,-0.18807148933410645,0.43688514828681946,2.733393907546997,-0.21151302754878998,0.4714016616344452,2.6432125568389893,-0.2563825249671936,0.46116697788238525,2.7057013511657715,-0.32159340381622314,0.12367507815361023,3.211341142654419,-0.458956241607666,0.12959609925746918,3.256138563156128,-0.5274669528007507,0.3235325813293457,3.0998048782348633,-0.6126954555511475,0.4158059060573578,2.885488510131836,-0.6297411918640137,0.4342605769634247,2.842625141143799,-0.6638326048851013,0.47116991877555847,2.7568986415863037,-0.591045081615448,0.4555063247680664,2.778796434402466,-0.26532572507858276,0.5070167183876038,2.915376663208008,-0.26165997982025146,0.6173058748245239,2.5479488372802734,-0.24131520092487335,0.9496724605560303,2.6214959621429443,-0.23570291697978973,1.054836630821228,2.539989471435547,-0.43198639154434204,0.5112488865852356,2.966059684753418,-0.6492411494255066,0.6072535514831543,2.6647894382476807,-0.6444146633148193,0.9471784234046936,2.6915929317474365,-0.7023659348487854,1.0395550727844238,2.615156412124634,-0.29917219281196594,-0.05003754794597626,3.1841440200805664,-0.2970544695854187,-0.09967516362667084,3.201409101486206,-0.25362908840179443,-0.12484941631555557,3.235870122909546,-0.16696682572364807,-0.07400526106357574,3.297710657119751,-0.3131302297115326,-0.12024194747209549,3.2564148902893066,-0.3355533480644226,-0.06095075234770775,3.3559212684631348,-0.23640437424182892,1.0254065990447998,2.67318058013916,-0.62348872423172,1.0296945571899414,2.726006269454956
-0.3535187840461731,0.5093169808387756,2.9415295124053955,-0.3311447203159332,0.3806579113006592,3.0274555683135986,-0.3093060553073883,0.2516191005706787,3.1129488945007324,-0.28746673464775085,0.12257644534111023,3.1984446048736572,-0.24666309356689453,0.1202181726694107,3.1860156059265137,-0.10889291763305664,0.1146070808172226,3.1423540115356445,-0.1201976090669632,0.33352038264274597,3.0055596828460693,-0.17503955960273743,0.41897112131118774,2.778806209564209,-0.18600794672966003,0.4360612630844116,2.7334554195404053,-0.20794473588466644,0.4702415466308594,2.642754077911377,-0.25378885865211487,0.46054479479789734,2.7046313285827637,-0.3280330002307892,0.12353219091892242,3.2118029594421387,-0.4658031761646271,0.12914328277111053,3.255464553833008,-0.5314515233039856,0.3217695951461792,3.0962510108947754,-0.6135514378547668,0.41163399815559387,2.87966251373291,-0.629971444606781,0.4296068847179413,2.8363447189331055,-0.6628113985061646,0.4655526280403137,2.749709367752075,-0.5903622508049011,0.44992464780807495,2.772761583328247,-0.26999348402023315,0.5073570013046265,2.9168457984924316,-0.2602691054344177,0.6167005300521851,2.549591541290283,-0.24046777188777924,0.949907660484314,2.6179354190826416,-0.23344047367572784,1.0536246299743652,2.534886598587036,-0.43704408407211304,0.5112769603729248,2.9662132263183594,-0.6518507599830627,0.6057146787643433,2.663119316101074,-0.6461532711982727,0.9451912641525269,2.691635847091675,-0.703150749206543,1.0380544662475586,2.615272045135498,-0.3038918972015381,-0.050277337431907654,3.1849231719970703,-0.30154144763946533,-0.0998878926038742,3.202263832092285,-0.2582738697528839,-0.12466569989919662,3.2372257709503174,-0.1727066934108734,-0.07302278280258179,3.299962282180786,-0.31804192066192627,-0.12054275721311569,3.25712251663208,-0.34204956889152527,-0.06134109944105148,3.3563363552093506,-0.23620976507663727,1.0264043807983398,2.6683998107910156,-0.6252549290657043,1.0273957252502441,2.726595878601074
-0.3574211895465851,0.510239839553833,2.942356586456299,-0.3355012834072113,0.38143792748451233,3.0281708240509033,-0.3141228258609772,0.2522462010383606,3.113534450531006,-0.2927437126636505,0.12305060029029846,3.1989006996154785,-0.2518434524536133,0.12078440189361572,3.1867835521698,-0.1137162297964096,0.11548718810081482,3.144174098968506,-0.1222093254327774,0.33418112993240356,3.006784200668335,-0.17415666580200195,0.4184368848800659,2.778881072998047,-0.18454614281654358,0.43528804183006287,2.7333004474639893,-0.20532508194446564,0.46899035573005676,2.642139196395874,-0.25190040469169617,0.4598824977874756,2.703566789627075,-0.3334116041660309,0.12391257286071777,3.2119457721710205,-0.47153884172439575,0.12920978665351868,3.2545552253723145,-0.5350006818771362,0.3207879066467285,3.0931687355041504,-0.6149911284446716,0.40831348299980164,2.8748154640197754,-0.6309891939163208,0.4258185923099518,2.8311448097229004,-0.6629853844642639,0.46082884073257446,2.7438035011291504,-0.5907777547836304,0.4452464282512665,2.767653226852417,-0.27373865246772766,0.5084018111228943,2.918222427368164,-0.25906306505203247,0.616080105304718,2.550968885421753,-0.2396950125694275,0.9500542283058167,2.6140997409820557,-0.23150470852851868,1.0523200035095215,2.5295462608337402,-0.4411037266254425,0.5120778679847717,2.9664907455444336,-0.6534830331802368,0.6048540472984314,2.661576271057129,-0.6476568579673767,0.9440262317657471,2.6903460025787354,-0.7039092779159546,1.0369250774383545,2.613663911819458,-0.3073256015777588,-0.04998120665550232,3.1851367950439453,-0.3046806752681732,-0.09958313405513763,3.202488660812378,-0.2615543007850647,-0.12395589798688889,3.2379260063171387,-0.17718219757080078,-0.0714956521987915,3.3016357421875,-0.32158753275871277,-0.12042703479528427,3.257164239883423,-0.34727635979652405,-0.06149718537926674,3.3561441898345947,-0.23596909642219543,1.0272903442382812,2.663327932357788,-0.6269640326499939,1.0261173248291016,2.725496530532837
-0.35999372601509094,0.511142373085022,2.943397045135498,-0.33852970600128174,0.38213324546813965,3.028970718383789,-0.31765371561050415,0.25272881984710693,3.114091634750366,-0.2967770993709564,0.12332051992416382,3.1992151737213135,-0.2558019459247589,0.12111128866672516,3.1873669624328613,-0.1173848956823349,0.11600989103317261,3.145664691925049,-0.12463879585266113,0.33458220958709717,3.0079715251922607,-0.1746818870306015,0.41791442036628723,2.779282331466675,-0.18469050526618958,0.43458086252212524,2.7335445880889893,-0.20470774173736572,0.46791374683380127,2.642068862915039,-0.251809686422348,0.45900577306747437,2.7031309604644775,-0.337525337934494,0.1241232305765152,3.2119884490966797,-0.47594237327575684,0.12922462821006775,3.253690719604492,-0.5387455224990845,0.319908082485199,3.0909595489501953,-0.6179575324058533,0.4054935574531555,2.871533155441284,-0.6337999105453491,0.42261064052581787,2.8276479244232178,-0.6654847264289856,0.45684483647346497,2.739877462387085,-0.5933530330657959,0.4415232837200165,2.7641427516937256,-0.27619534730911255,0.5093591213226318,2.919689893722534,-0.25839105248451233,0.6152870655059814,2.552433967590332,-0.2393256425857544,0.9498754143714905,2.6105096340179443,-0.2304210662841797,1.0507292747497559,2.5245370864868164,-0.44379210472106934,0.5129256248474121,2.967104196548462,-0.6537865400314331,0.6041097640991211,2.660506010055542,-0.6471830606460571,0.9429357051849365,2.6894710063934326,-0.7025656700134277,1.0359517335891724,2.612511157989502,-0.3105630874633789,-0.04974058270454407,3.1846718788146973,-0.3078940212726593,-0.09940418601036072,3.2018682956695557,-0.2650100588798523,-0.12374814599752426,3.2376346588134766,-0.18144315481185913,-0.07119612395763397,3.302356719970703,-0.3252480924129486,-0.1205190047621727,3.256309986114502,-0.3521175980567932,-0.06204689294099808,3.3552701473236084,-0.23593869805335999,1.0277868509292603,2.6585257053375244,-0.6265210509300232,1.0248723030090332,2.7247793674468994
-0.36177653074264526,0.5118641257286072,2.944232940673828,-0.34083467721939087,0.3826143741607666,3.029499053955078,-0.320523202419281,0.2529643476009369,3.1143088340759277,-0.3002111315727234,0.12331044673919678,3.1991209983825684,-0.25917863845825195,0.12111987173557281,3.187509775161743,-0.1205204427242279,0.11608488857746124,3.1466047763824463,-0.12782040238380432,0.33461010456085205,3.0088067054748535,-0.17664864659309387,0.4176500737667084,2.779730796813965,-0.18641430139541626,0.4342580735683441,2.7339155673980713,-0.20594559609889984,0.4674740433692932,2.642285108566284,-0.25343599915504456,0.458362877368927,2.7030222415924072,-0.3410228490829468,0.12409181892871857,3.2116541862487793,-0.4796810448169708,0.12912680208683014,3.252559185028076,-0.5428272485733032,0.3190954625606537,3.0890986919403076,-0.6220011115074158,0.40346667170524597,2.8691699504852295,-0.6378358602523804,0.4203409254550934,2.8251841068267822,-0.6695054173469543,0.4540894031524658,2.737212657928467,-0.5973541736602783,0.4391183853149414,2.761654853820801,-0.27787891030311584,0.5100744366645813,2.9209141731262207,-0.25838321447372437,0.6142531633377075,2.5536160469055176,-0.2395617961883545,0.9492179155349731,2.607597589492798,-0.23029622435569763,1.0489124059677124,2.520509958267212,-0.4456741511821747,0.5136538147926331,2.9675517082214355,-0.653797447681427,0.6031825542449951,2.6596386432647705,-0.6471251249313354,0.9417541027069092,2.6878228187561035,-0.7019588947296143,1.034541368484497,2.6104090213775635,-0.31413573026657104,-0.04967382550239563,3.183547258377075,-0.3116616904735565,-0.09943939745426178,3.200498342514038,-0.2690683603286743,-0.12403979897499084,3.236449956893921,-0.18589088320732117,-0.07194875180721283,3.302069664001465,-0.3294447064399719,-0.12082324922084808,3.2547051906585693,-0.35695722699165344,-0.0628352016210556,3.353792905807495,-0.23637650907039642,1.0276412963867188,2.65462064743042,-0.6266230940818787,1.0236822366714478,2.723022222518921
-0.36345046758651733,0.5125277042388916,2.9458231925964355,-0.3440040051937103,0.38281142711639404,3.030733823776245,-0.32525596022605896,0.2526920437812805,3.1151833534240723,-0.3065073490142822,0.1225687563419342,3.1996355056762695,-0.26535364985466003,0.12024421989917755,3.188488721847534,-0.12623560428619385,0.11476311832666397,3.1491589546203613,-0.13324719667434692,0.3328564763069153,3.010624647140503,-0.17899775505065918,0.41792574524879456,2.7816362380981445,-0.1881478726863861,0.43493959307670593,2.7358386516571045,-0.20644809305667877,0.4689673185348511,2.6442432403564453,-0.25480374693870544,0.4590858817100525,2.7041797637939453,-0.34745728969573975,0.12347902357578278,3.211700201034546,-0.48657533526420593,0.12896013259887695,3.2510299682617188,-0.5506471991539001,0.31764698028564453,3.086416006088257,-0.6298233270645142,0.40117597579956055,2.8661441802978516,-0.645658552646637,0.4178817868232727,2.822089910507202,-0.6773290038108826,0.45129337906837463,2.733981132507324,-0.605141818523407,0.43677523732185364,2.7586095333099365,-0.27934977412223816,0.5104295015335083,2.923356771469116,-0.2584769129753113,0.610793948173523,2.555816650390625,-0.24017886817455292,0.9457579851150513,2.6058356761932373,-0.23066456615924835,1.0442447662353516,2.5177841186523438,-0.4475511610507965,0.5146259069442749,2.968289613723755,-0.6529954075813293,0.5997055172920227,2.6582112312316895,-0.6482130885124207,0.9381214380264282,2.6803338527679443,-0.7027702331542969,1.029062032699585,2.600983142852783,-0.3215315639972687,-0.05023351311683655,3.1829545497894287,-0.31960415840148926,-0.10011157393455505,3.1996564865112305,-0.27757760882377625,-0.1252235621213913,3.2359280586242676,-0.19472426176071167,-0.07410313934087753,3.3027265071868896,-0.33812597393989563,-0.12166076898574829,3.2535548210144043,-0.3662780225276947,-0.06400855630636215,3.3526694774627686,-0.23725095391273499,1.0245836973190308,2.6518590450286865,-0.6284332275390625,1.020613193511963,2.714158296585083
-0.3612949252128601,0.513310968875885,2.943817377090454,-0.3426484763622284,0.3830103576183319,3.0280063152313232,-0.3247620165348053,0.2523050904273987,3.111731767654419,-0.3068750202655792,0.12159591913223267,3.1954596042633057,-0.2656925320625305,0.11916111409664154,3.184445381164551,-0.12646004557609558,0.11331707239151001,3.1455776691436768,-0.13541971147060394,0.33114293217658997,3.006784677505493,-0.18181303143501282,0.41682925820350647,2.778183937072754,-0.19109170138835907,0.4339665174484253,2.732463836669922,-0.20964902639389038,0.46824103593826294,2.6410233974456787,-0.2579162120819092,0.45777028799057007,2.700921058654785,-0.347863107919693,0.12261007726192474,3.207383871078491,-0.48709559440612793,0.12845411896705627,3.2462515830993652,-0.5536690354347229,0.3175845444202423,3.083188533782959,-0.634880542755127,0.4026795029640198,2.864290475845337,-0.6511228680610657,0.4196985065937042,2.8205108642578125,-0.6836074590682983,0.45373648405075073,2.7329516410827637,-0.6111704707145691,0.4394332766532898,2.7569386959075928,-0.27717095613479614,0.5109343528747559,2.921506881713867,-0.2602577209472656,0.6095263361930847,2.5535404682159424,-0.2424938827753067,0.9442183375358582,2.6040802001953125,-0.2341233789920807,1.0428588390350342,2.516213893890381,-0.4454188942909241,0.5156875848770142,2.966127872467041,-0.6519256830215454,0.5989640355110168,2.6565704345703125,-0.6495212316513062,0.9375148415565491,2.6728830337524414,-0.7049822807312012,1.0266326665878296,2.5922443866729736,-0.32333242893218994,-0.05089674890041351,3.176828622817993,-0.3219064772129059,-0.10097458213567734,3.1929938793182373,-0.28024372458457947,-0.12684909999370575,3.229160785675049,-0.1972144991159439,-0.07717873156070709,3.2968533039093018,-0.340837687253952,-0.12294986844062805,3.2465851306915283,-0.368897408246994,-0.06613092124462128,3.346221923828125,-0.23936277627944946,1.0229021310806274,2.6502156257629395,-0.6302326917648315,1.0206592082977295,2.7052001953125
-0.3594508171081543,0.5136609077453613,2.9436991214752197,-0.34175121784210205,0.3828592896461487,3.027296543121338,-0.32481327652931213,0.25164827704429626,3.1104087829589844,-0.3078748285770416,0.12043333053588867,3.193523406982422,-0.26666560769081116,0.11785589158535004,3.182652235031128,-0.127347931265831,0.11153880506753922,3.144286870956421,-0.1373191624879837,0.32883164286613464,3.0048880577087402,-0.18401193618774414,0.41373664140701294,2.7761459350585938,-0.19335049390792847,0.4307176470756531,2.7303974628448486,-0.21202760934829712,0.46467965841293335,2.6389007568359375,-0.2602519094944,0.45412567257881165,2.698784828186035,-0.3488999605178833,0.12158463895320892,3.2052979469299316,-0.48821765184402466,0.12790171802043915,3.2436633110046387,-0.5554090738296509,0.31797969341278076,3.0820980072021484,-0.6374478340148926,0.404616117477417,2.864208698272705,-0.653855562210083,0.42194339632987976,2.8206307888031006,-0.6866710782051086,0.4565979540348053,2.7334749698638916,-0.6141668558120728,0.4421057105064392,2.757059097290039,-0.2752920389175415,0.5109238028526306,2.921597957611084,-0.26205673813819885,0.6070616841316223,2.552872896194458,-0.24457353353500366,0.9419740438461304,2.6017906665802,-0.2372390180826187,1.0402393341064453,2.5134332180023193,-0.4436095952987671,0.516398012638092,2.9658002853393555,-0.6508890390396118,0.5985564589500427,2.6565091609954834,-0.6505063772201538,0.9373149871826172,2.666870594024658,-0.7067326307296753,1.024656057357788,2.5848522186279297,-0.3254450559616089,-0.051769256591796875,3.1731343269348145,-0.3244625926017761,-0.10201448202133179,3.188824415206909,-0.2831820249557495,-0.12853378057479858,3.224973678588867,-0.2001762092113495,-0.08010265231132507,3.2936081886291504,-0.3438500761985779,-0.12437160313129425,3.2421011924743652,-0.3720690608024597,-0.06830981373786926,3.3421361446380615,-0.24119062721729279,1.0208563804626465,2.6475491523742676,-0.6316367387771606,1.0211207866668701,2.6976637840270996
-0.3567323088645935,0.5137666463851929,2.944305896759033,-0.33981457352638245,0.38250553607940674,3.0272977352142334,-0.32369595766067505,0.25083425641059875,3.109797477722168,-0.30757686495780945,0.1191590279340744,3.1922996044158936,-0.26635169982910156,0.116459921002388,3.181544780731201,-0.1270180642604828,0.10974165052175522,3.143599510192871,-0.13778263330459595,0.3264961540699005,3.003725528717041,-0.18489642441272736,0.41015392541885376,2.7747812271118164,-0.19431918859481812,0.4268854856491089,2.728992462158203,-0.21316470205783844,0.46034860610961914,2.6374146938323975,-0.2612857222557068,0.449876993894577,2.6973326206207275,-0.3486268222332001,0.12042699754238129,3.203951120376587,-0.48796045780181885,0.12714527547359467,3.241896390914917,-0.5562958717346191,0.31786710023880005,3.081838369369507,-0.6394582986831665,0.4060828685760498,2.865191698074341,-0.6560907959938049,0.42372602224349976,2.8218624591827393,-0.689355731010437,0.45901232957839966,2.735203742980957,-0.6167640089988708,0.4444425106048584,2.7583038806915283,-0.2725486159324646,0.5107452273368835,2.9223663806915283,-0.2630654573440552,0.6046313047409058,2.5530264377593994,-0.24570615589618683,0.9398820996284485,2.599107503890991,-0.23941440880298615,1.037435531616211,2.509925365447998,-0.4409160017967224,0.5167880654335022,2.966245412826538,-0.6491632461547852,0.5977352261543274,2.657381057739258,-0.6508294343948364,0.936539888381958,2.6625304222106934,-0.7078522443771362,1.0222458839416504,2.579388380050659,-0.32606783509254456,-0.05278623104095459,3.170553684234619,-0.32548004388809204,-0.10315053164958954,3.185883045196533,-0.28457021713256836,-0.130182683467865,3.222076654434204,-0.20167206227779388,-0.08275488764047623,3.2915430068969727,-0.34531256556510925,-0.12577605247497559,3.2388839721679688,-0.3737753629684448,-0.07026946544647217,3.339163303375244,-0.2420169711112976,1.0191144943237305,2.644195318222046,-0.6323772072792053,1.0209060907363892,2.6919608116149902
-0.35395023226737976,0.5141447186470032,2.94677734375,-0.3377140164375305,0.3824774920940399,3.0292000770568848,-0.3222508430480957,0.250407338142395,3.1111252307891846,-0.3067872226238251,0.11833322048187256,3.1930530071258545,-0.2655738294124603,0.11549858748912811,3.1823225021362305,-0.12636765837669373,0.1083337664604187,3.1444973945617676,-0.13825373351573944,0.3249348998069763,3.0049033164978027,-0.18700140714645386,0.4088210165500641,2.7766265869140625,-0.1967509388923645,0.42559823393821716,2.730971336364746,-0.2162500023841858,0.4591526985168457,2.639660596847534,-0.2638900578022003,0.44859814643859863,2.6998579502105713,-0.3478325307369232,0.11973236501216888,3.2046737670898438,-0.4870387017726898,0.1268971860408783,3.2424988746643066,-0.5566404461860657,0.3185250163078308,3.08445405960083,-0.6413820385932922,0.4089701175689697,2.869600534439087,-0.6583303809165955,0.427059143781662,2.826629877090454,-0.6922270059585571,0.4632371664047241,2.7406883239746094,-0.6195302605628967,0.4483863413333893,2.7630343437194824,-0.2697662115097046,0.510830819606781,2.9249002933502197,-0.26376640796661377,0.603002667427063,2.5552241802215576,-0.24605217576026917,0.9385370016098022,2.5979163646698,-0.24064479768276215,1.0351942777633667,2.507789373397827,-0.43813425302505493,0.5174586176872253,2.9686543941497803,-0.6463667154312134,0.5987286567687988,2.6600663661956787,-0.6479624509811401,0.9374160766601562,2.6628973484039307,-0.7050426602363586,1.0225257873535156,2.5792734622955322,-0.32652533054351807,-0.053371965885162354,3.1705875396728516,-0.3263341188430786,-0.10379815101623535,3.185713052749634,-0.28568002581596375,-0.13127857446670532,3.2218523025512695,-0.20253406465053558,-0.08475229144096375,3.291621446609497,-0.3464086949825287,-0.12648776173591614,3.2385919094085693,-0.3745986223220825,-0.07117830961942673,3.33905029296875,-0.2419498860836029,1.018162727355957,2.6421895027160645,-0.6294676065444946,1.0219420194625854,2.691715717315674
-0.35179877281188965,0.5145186185836792,2.949894905090332,-0.3359434902667999,0.3825471103191376,3.031841516494751,-0.32078200578689575,0.25017768144607544,3.1132760047912598,-0.30562007427215576,0.11780430376529694,3.1947131156921387,-0.264445960521698,0.11486467719078064,3.183896064758301,-0.1254875659942627,0.1073564663529396,3.145820379257202,-0.13885381817817688,0.3241560161113739,3.0071041584014893,-0.18969835340976715,0.4097333550453186,2.7801613807678223,-0.19986726343631744,0.426848828792572,2.7347726821899414,-0.22020506858825684,0.46107977628707886,2.643995523452759,-0.26722317934036255,0.45012199878692627,2.7045185565948486,-0.34662941098213196,0.11930522322654724,3.2064149379730225,-0.48558780550956726,0.12681342661380768,3.244490623474121,-0.5582762956619263,0.319125235080719,3.0890703201293945,-0.6463891863822937,0.4118839502334595,2.876835346221924,-0.6640117764472961,0.4304356873035431,2.834388256072998,-0.699256956577301,0.4675391614437103,2.7494943141937256,-0.6262617707252502,0.4526214301586151,2.770540714263916,-0.267677903175354,0.5109215378761292,2.927825927734375,-0.26575323939323425,0.6026623249053955,2.558119535446167,-0.2463996410369873,0.9381223917007446,2.5998475551605225,-0.2417418658733368,1.034536600112915,2.5094780921936035,-0.4359196424484253,0.5181156992912292,2.971963882446289,-0.6434077024459839,0.5997263789176941,2.6631088256835938,-0.6430031061172485,0.9383187890052795,2.665170669555664,-0.6995032429695129,1.0235481262207031,2.5813393592834473,-0.32662928104400635,-0.05371825397014618,3.172149419784546,-0.32675236463546753,-0.104153111577034,3.187227249145508,-0.2861982583999634,-0.13195011019706726,3.2232253551483154,-0.20254307985305786,-0.08608097583055496,3.292799472808838,-0.3468388020992279,-0.12674689292907715,3.2401349544525146,-0.3743579685688019,-0.07133854180574417,3.340710163116455,-0.24150103330612183,1.0178043842315674,2.6438801288604736,-0.6240348815917969,1.0227731466293335,2.6938018798828125
-0.35017746686935425,0.5148749947547913,2.9528276920318604,-0.33449265360832214,0.38268768787384033,3.03440260887146,-0.3193613886833191,0.2501085698604584,3.1154444217681885,-0.3042296767234802,0.11752547323703766,3.196488618850708,-0.26311546564102173,0.11450174450874329,3.185500144958496,-0.12448157370090485,0.10671988129615784,3.146885395050049,-0.13949471712112427,0.32399141788482666,3.009477138519287,-0.1925291270017624,0.412448525428772,2.784370183944702,-0.20313601195812225,0.43013995885849,2.739348888397217,-0.22434978187084198,0.46552279591560364,2.649306058883667,-0.2707088887691498,0.45388808846473694,2.7101283073425293,-0.3451794385910034,0.11910820007324219,3.2083580493927,-0.4838133454322815,0.12689006328582764,3.2469727993011475,-0.5609767436981201,0.3196859359741211,3.094693660736084,-0.6535949110984802,0.4149079918861389,2.8857316970825195,-0.6721185445785522,0.4339523911476135,2.8439393043518066,-0.7091658115386963,0.47204121947288513,2.760354518890381,-0.6357545256614685,0.45729726552963257,2.7797787189483643,-0.2661703824996948,0.5109918713569641,2.9303829669952393,-0.26866742968559265,0.6031084060668945,2.5608561038970947,-0.24679437279701233,0.9382507801055908,2.6033077239990234,-0.24277207255363464,1.0348901748657227,2.5131893157958984,-0.43418455123901367,0.5187581181526184,2.9752724170684814,-0.6400848031044006,0.6017899513244629,2.6658332347869873,-0.6364566683769226,0.9402786493301392,2.669468879699707,-0.691855788230896,1.026412010192871,2.5858707427978516,-0.3263194262981415,-0.05388857424259186,3.174330472946167,-0.32662686705589294,-0.10429124534130096,3.189486503601074,-0.28601017594337463,-0.13225166499614716,3.2252721786499023,-0.2016865462064743,-0.08674351871013641,3.2942447662353516,-0.3465065360069275,-0.12668852508068085,3.2425456047058105,-0.3730928301811218,-0.07098127901554108,3.343186378479004,-0.24084413051605225,1.0177518129348755,2.6474976539611816,-0.6167809367179871,1.0243971347808838,2.698546886444092
-0.3493095636367798,0.5150760412216187,2.955845594406128,-0.3335873484611511,0.38277214765548706,3.0371785163879395,-0.3182930648326874,0.25008440017700195,3.1179659366607666,-0.3029983341693878,0.1173926591873169,3.1987557411193848,-0.2619587779045105,0.1142941415309906,3.1875364780426025,-0.12369851768016815,0.10626843571662903,3.1481800079345703,-0.14009743928909302,0.3239118754863739,3.011955976486206,-0.19515161216259003,0.4151589870452881,2.788699150085449,-0.2061624526977539,0.4334084093570709,2.7440478801727295,-0.22818411886692047,0.4699072539806366,2.654745101928711,-0.2739030718803406,0.4576798677444458,2.7158470153808594,-0.3438716232776642,0.11904901266098022,3.210853338241577,-0.4821318984031677,0.1270747184753418,3.2502098083496094,-0.5643184185028076,0.3202306628227234,3.1014459133148193,-0.6618216037750244,0.41812628507614136,2.896238327026367,-0.6813222169876099,0.437705397605896,2.855196714401245,-0.7203235030174255,0.47686365246772766,2.77311372756958,-0.6464861631393433,0.46239954233169556,2.7907776832580566,-0.26547375321388245,0.5108944773674011,2.93283748626709,-0.27275964617729187,0.60383540391922,2.5636777877807617,-0.24916312098503113,0.9385226368904114,2.608084201812744,-0.24602332711219788,1.035735011100769,2.518597364425659,-0.4331453740596771,0.5192576050758362,2.978853702545166,-0.6376823782920837,0.6049774885177612,2.6693592071533203,-0.6285827159881592,0.9432151317596436,2.676889181137085,-0.6824256181716919,1.0311665534973145,2.594224214553833,-0.3258917033672333,-0.05399094521999359,3.177412509918213,-0.32624146342277527,-0.10433021932840347,3.1927480697631836,-0.2854100167751312,-0.13230478763580322,3.2282605171203613,-0.20032083988189697,-0.08686275035142899,3.296297788619995,-0.3457184433937073,-0.12646484375,3.2460548877716064,-0.3711947202682495,-0.07031623274087906,3.346715211868286,-0.2423442155122757,1.0176808834075928,2.6527152061462402,-0.6076018214225769,1.0266438722610474,2.706954002380371
-0.34857749938964844,0.5149038434028625,2.9596307277679443,-0.332880437374115,0.3825593590736389,3.0408124923706055,-0.3174000382423401,0.24983204901218414,3.1214089393615723,-0.30191919207572937,0.11710076034069061,3.20200777053833,-0.26100531220436096,0.11384427547454834,3.1904284954071045,-0.12336951494216919,0.10529827326536179,3.149918794631958,-0.1401391178369522,0.3237334191799164,3.015789031982422,-0.1963338553905487,0.42130348086357117,2.7959482669830322,-0.207572802901268,0.4408175051212311,2.7519800662994385,-0.2300506979227066,0.4798455238342285,2.664043664932251,-0.2752071022987366,0.4665479362010956,2.725186586380005,-0.34266477823257446,0.1189146339893341,3.214462995529175,-0.48030057549476624,0.12746062874794006,3.2549726963043213,-0.5699743032455444,0.3206397294998169,3.111353874206543,-0.6743345260620117,0.42426368594169617,2.9129130840301514,-0.6952065825462341,0.444988489151001,2.873224973678589,-0.736950695514679,0.4864380657672882,2.793848752975464,-0.6626079082489014,0.4721127450466156,2.80875825881958,-0.265039324760437,0.5101316571235657,2.9356982707977295,-0.28132131695747375,0.6025412678718567,2.5672543048858643,-0.2546314299106598,0.9357808828353882,2.6168100833892822,-0.2530776560306549,1.0343860387802124,2.529102325439453,-0.43211567401885986,0.5196760296821594,2.983563184738159,-0.6318883895874023,0.61296546459198,2.6738157272338867,-0.6081559062004089,0.9494969844818115,2.6938183307647705,-0.6573320627212524,1.0425466299057007,2.614184617996216,-0.3258260190486908,-0.05433812737464905,3.1828675270080566,-0.3261169195175171,-0.10449288040399551,3.1987318992614746,-0.2848246395587921,-0.132249116897583,3.2338411808013916,-0.19846899807453156,-0.08646033704280853,3.2999460697174072,-0.34478235244750977,-0.12597864866256714,3.252565860748291,-0.36834919452667236,-0.06869394332170486,3.352998971939087,-0.24625271558761597,1.0139923095703125,2.662564516067505,-0.583853006362915,1.0306576490402222,2.7270305156707764
-0.3495941162109375,0.5147651433944702,2.961026668548584,-0.3335527777671814,0.38254988193511963,3.0422496795654297,-0.31754255294799805,0.24995896220207214,3.122864246368408,-0.3015318512916565,0.1173640787601471,3.2034811973571777,-0.2607572078704834,0.11400586366653442,3.191500186920166,-0.1236545741558075,0.10511797666549683,3.1496529579162598,-0.14007772505283356,0.3242179751396179,3.016897201538086,-0.19682712852954865,0.4255804121494293,2.7991080284118652,-0.20817701518535614,0.4458529055118561,2.7555501461029053,-0.23087677359580994,0.4863978922367096,2.6684343814849854,-0.27570104598999023,0.47261327505111694,2.729649305343628,-0.34213241934776306,0.11928114295005798,3.2163381576538086,-0.47923505306243896,0.12816902995109558,3.258185386657715,-0.5727961659431458,0.32103419303894043,3.116948127746582,-0.6808879375457764,0.4273315370082855,2.9221558570861816,-0.7025063037872314,0.4485909938812256,2.88319730758667,-0.7457430362701416,0.4911099374294281,2.8052804470062256,-0.6711559295654297,0.4767979085445404,2.8186373710632324,-0.2663745880126953,0.5095630288124084,2.9361228942871094,-0.2888840138912201,0.603001058101654,2.5685222148895264,-0.2580941617488861,0.9349995851516724,2.6223487854003906,-0.25718092918395996,1.0347909927368164,2.5361151695251465,-0.4328136444091797,0.519967257976532,2.9859304428100586,-0.6292064189910889,0.6202300786972046,2.6765036582946777,-0.5939439535140991,0.9546927809715271,2.7074809074401855,-0.6393826007843018,1.051854133605957,2.6307318210601807,-0.32556989789009094,-0.054231271147727966,3.1862576007843018,-0.3255547881126404,-0.10423491150140762,3.2025673389434814,-0.2836803197860718,-0.13163770735263824,3.2372453212738037,-0.19632866978645325,-0.08519574254751205,3.3015267848968506,-0.3433246314525604,-0.12525278329849243,3.256875991821289,-0.3653208911418915,-0.06710511445999146,3.357146978378296,-0.2481352835893631,1.0124019384384155,2.6690354347229004,-0.5670435428619385,1.0337932109832764,2.74338960647583
-0.350473016500473,0.5147440433502197,2.9619662761688232,-0.33418211340904236,0.38269758224487305,3.043240785598755,-0.3177856206893921,0.2502765655517578,3.123882293701172,-0.30138862133026123,0.11785160005092621,3.20452618598938,-0.26074671745300293,0.1143898218870163,3.192216157913208,-0.1241089254617691,0.10515059530735016,3.1492624282836914,-0.14015692472457886,0.32466092705726624,3.0174479484558105,-0.19726499915122986,0.42889899015426636,2.801288366317749,-0.20868661999702454,0.44974660873413086,2.758056402206421,-0.2315298467874527,0.49144184589385986,2.6715924739837646,-0.27609172463417053,0.4773348867893219,2.732865571975708,-0.3418523073196411,0.11987404525279999,3.217712640762329,-0.47849011421203613,0.12911327183246613,3.2606663703918457,-0.5734468698501587,0.32169798016548157,3.120267868041992,-0.6827511787414551,0.4299585819244385,2.927436113357544,-0.7046120166778564,0.4516107141971588,2.8888697624206543,-0.748333752155304,0.4949149489402771,2.811737060546875,-0.6737157106399536,0.48039236664772034,2.824401378631592,-0.2675516903400421,0.5091325640678406,2.9362282752990723,-0.2953556180000305,0.6044381260871887,2.569690465927124,-0.2601063549518585,0.9352914690971375,2.6265602111816406,-0.2595328986644745,1.0359545946121216,2.541456937789917,-0.43339434266090393,0.5203555226325989,2.987704277038574,-0.6261705756187439,0.6260210275650024,2.6780622005462646,-0.5811110138893127,0.9580659866333008,2.718761444091797,-0.6230170726776123,1.0586347579956055,2.6445605754852295,-0.3253350853919983,-0.05388636887073517,3.1889028549194336,-0.3250492215156555,-0.10375615209341049,3.2055931091308594,-0.2827385365962982,-0.1308213770389557,3.2399914264678955,-0.19474166631698608,-0.08375421911478043,3.3028948307037354,-0.3421556353569031,-0.1243799701333046,3.2602555751800537,-0.3630902171134949,-0.0655035600066185,3.3603103160858154,-0.2485477477312088,1.012021541595459,2.673884630203247,-0.5521224737167358,1.0352246761322021,2.75706148147583
-0.35066720843315125,0.5141008496284485,2.961275577545166,-0.3342507481575012,0.3822638690471649,3.0426387786865234,-0.31766676902770996,0.2500562071800232,3.123363971710205,-0.3010822832584381,0.1178445965051651,3.2040915489196777,-0.2605533003807068,0.11427529156208038,3.1915535926818848,-0.1242835521697998,0.10466864705085754,3.1478254795074463,-0.14023330807685852,0.32452207803726196,3.0167503356933594,-0.19771935045719147,0.4311438500881195,2.801957845687866,-0.20921656489372253,0.45246821641921997,2.7589993476867676,-0.23221097886562347,0.4951169192790985,2.6730823516845703,-0.27654871344566345,0.4806932806968689,2.734409809112549,-0.34143105149269104,0.1199769526720047,3.2175068855285645,-0.477700799703598,0.12958359718322754,3.261234998703003,-0.5705940127372742,0.3219473361968994,3.1193277835845947,-0.6779957413673401,0.43062624335289,2.9257757663726807,-0.6994760632514954,0.4523620307445526,2.8870654106140137,-0.7424367666244507,0.4958335757255554,2.8096446990966797,-0.6680305004119873,0.4807434678077698,2.8227179050445557,-0.2679812014102936,0.5081515312194824,2.9349520206451416,-0.29837310314178467,0.606118381023407,2.5694665908813477,-0.259975403547287,0.9360762238502502,2.628718376159668,-0.25935980677604675,1.0373986959457397,2.5444769859313965,-0.4333532154560089,0.5200501680374146,2.9875991344451904,-0.6226842403411865,0.6298357248306274,2.6774353981018066,-0.5684031248092651,0.958967924118042,2.728257656097412,-0.6067658066749573,1.062813401222229,2.656789779663086,-0.3249870538711548,-0.05399900674819946,3.189859390258789,-0.3245459496974945,-0.1037420928478241,3.2069008350372314,-0.28198492527008057,-0.1305241584777832,3.241199016571045,-0.19361302256584167,-0.08294479548931122,3.3031578063964844,-0.3412613868713379,-0.12398601323366165,3.261817693710327,-0.36156290769577026,-0.06442001461982727,3.3615775108337402,-0.24738137423992157,1.012287974357605,2.6765494346618652,-0.5375218391418457,1.034063458442688,2.7690210342407227
-0.35190385580062866,0.5131134986877441,2.9599523544311523,-0.33551082015037537,0.38151103258132935,3.041442632675171,-0.3188968598842621,0.24953991174697876,3.1222891807556152,-0.3022823929786682,0.11756482720375061,3.2031383514404297,-0.2618432939052582,0.11389413475990295,3.190464735031128,-0.12583747506141663,0.10393863916397095,3.1462645530700684,-0.14127130806446075,0.3240984082221985,3.0157113075256348,-0.19860175251960754,0.43268173933029175,2.801900863647461,-0.21006783843040466,0.45439839363098145,2.759138822555542,-0.2330000251531601,0.4978317320346832,2.673614501953125,-0.2772772014141083,0.4832061529159546,2.734924554824829,-0.3425409197807312,0.11980113387107849,3.2166905403137207,-0.47854673862457275,0.1297566294670105,3.2608907222747803,-0.5666493773460388,0.3219752013683319,3.1158299446105957,-0.6699068546295166,0.4299255907535553,2.91967511177063,-0.6905583739280701,0.45151567459106445,2.880444049835205,-0.7318613529205322,0.49469584226608276,2.8019821643829346,-0.6578711867332458,0.4786781966686249,2.81620192527771,-0.2693665027618408,0.5069109201431274,2.9333317279815674,-0.29951804876327515,0.6079267263412476,2.568735122680664,-0.25912463665008545,0.9372435808181763,2.6298201084136963,-0.25801825523376465,1.0390232801437378,2.546177387237549,-0.4344412088394165,0.5193160772323608,2.9865729808807373,-0.6205042600631714,0.6315550208091736,2.6754026412963867,-0.5580182671546936,0.9575192928314209,2.7358627319335938,-0.5929717421531677,1.0642757415771484,2.6670315265655518,-0.32579365372657776,-0.054405972361564636,3.1900997161865234,-0.325169175863266,-0.10403025150299072,3.207458972930908,-0.282431423664093,-0.13047879934310913,3.2417826652526855,-0.19398611783981323,-0.08228200674057007,3.303128957748413,-0.34164804220199585,-0.12395777553319931,3.262554407119751,-0.36176660656929016,-0.06380580365657806,3.3619818687438965,-0.24602895975112915,1.0130892992019653,2.678062677383423,-0.525538444519043,1.0305885076522827,2.7789597511291504
-0.3525485694408417,0.5121973156929016,2.9580368995666504,-0.3363457918167114,0.3807876706123352,3.0396368503570557,-0.31986385583877563,0.24901391565799713,3.120591163635254,-0.30338141322135925,0.11723621189594269,3.201547861099243,-0.2630007565021515,0.11347578465938568,3.1888294219970703,-0.12713436782360077,0.10321004688739777,3.1444575786590576,-0.14132137596607208,0.3235483765602112,3.01407527923584,-0.19720889627933502,0.4337250888347626,2.8007047176361084,-0.2083864063024521,0.4557604193687439,2.758030652999878,-0.23074141144752502,0.49983111023902893,2.672682285308838,-0.27534157037734985,0.4850730299949646,2.7337238788604736,-0.34358295798301697,0.11956436932086945,3.21514630317688,-0.4794493317604065,0.12983010709285736,3.2595181465148926,-0.5624881982803345,0.3217758536338806,3.111156463623047,-0.6615111231803894,0.42816928029060364,2.9119975566864014,-0.6813157200813293,0.44944795966148376,2.8721656799316406,-0.7209249138832092,0.492005318403244,2.7925021648406982,-0.6473754048347473,0.4751490354537964,2.807974338531494,-0.2700730562210083,0.5058162808418274,2.9313840866088867,-0.2971065640449524,0.6094604134559631,2.5673470497131348,-0.25660252571105957,0.9384860396385193,2.6296050548553467,-0.2546941637992859,1.0404695272445679,2.546260356903076,-0.43502408266067505,0.5185783505439758,2.984689712524414,-0.6182621717453003,0.6336692571640015,2.6729629039764404,-0.5493080019950867,0.9563210010528564,2.7430741786956787,-0.5813707113265991,1.0656816959381104,2.6770224571228027,-0.32620969414711,-0.05487626791000366,3.1895062923431396,-0.32538217306137085,-0.10439074039459229,3.2071475982666016,-0.2825337052345276,-0.1304682493209839,3.241602897644043,-0.19427204132080078,-0.0815751701593399,3.3026320934295654,-0.34176117181777954,-0.12406445294618607,3.262355089187622,-0.36208322644233704,-0.06343109160661697,3.3614299297332764,-0.24373729526996613,1.0141667127609253,2.6781392097473145,-0.5156357288360596,1.0274180173873901,2.788461923599243
-0.3525768518447876,0.5114577412605286,2.9560959339141846,-0.3365800380706787,0.38029545545578003,3.0379490852355957,-0.3203268349170685,0.24876508116722107,3.1191587448120117,-0.30407312512397766,0.11723075807094574,3.2003707885742188,-0.26370498538017273,0.11340959370136261,3.1877193450927734,-0.1278059184551239,0.10292913764715195,3.1435461044311523,-0.1396876573562622,0.3230799436569214,3.012629747390747,-0.19255992770195007,0.43335849046707153,2.798551082611084,-0.20313438773155212,0.45541420578956604,2.755735397338867,-0.22428329288959503,0.49952563643455505,2.6701040267944336,-0.26967674493789673,0.4849652647972107,2.7306034564971924,-0.3442646265029907,0.11962230503559113,3.213904857635498,-0.48016369342803955,0.13010276854038239,3.258078098297119,-0.558779239654541,0.32169389724731445,3.1068859100341797,-0.6540492177009583,0.42624402046203613,2.904946804046631,-0.6731032133102417,0.44715404510498047,2.8645589351654053,-0.7112112045288086,0.48897409439086914,2.783783197402954,-0.6380598545074463,0.4715428352355957,2.800450325012207,-0.270069420337677,0.505027174949646,2.929666757583618,-0.2924036681652069,0.6106802821159363,2.565943479537964,-0.25332868099212646,0.9397993683815002,2.6283671855926514,-0.250568151473999,1.041690468788147,2.544962167739868,-0.4350842833518982,0.5178883075714111,2.982525110244751,-0.6165816783905029,0.6336090564727783,2.6700778007507324,-0.5434908270835876,0.9538201689720154,2.746664524078369,-0.5735934376716614,1.0648369789123535,2.6825170516967773,-0.32609203457832336,-0.05503623187541962,3.189375162124634,-0.32510536909103394,-0.1044248417019844,3.2073395252227783,-0.28226548433303833,-0.13008294999599457,3.2421061992645264,-0.19444316625595093,-0.08040599524974823,3.3031094074249268,-0.3415849506855011,-0.12380963563919067,3.2626113891601562,-0.36251503229141235,-0.06263162195682526,3.3612070083618164,-0.24122385680675507,1.0155420303344727,2.6769766807556152,-0.5090929865837097,1.0235515832901,2.7935760021209717
-0.3526477813720703,0.511389434337616,2.954451560974121,-0.33686575293540955,0.3805156946182251,3.036628484725952,-0.3208673894405365,0.24926850199699402,3.1181652545928955,-0.30486854910850525,0.11801739037036896,3.199704647064209,-0.26447850465774536,0.11418236792087555,3.1872148513793945,-0.12842118740081787,0.10364381968975067,3.1435554027557373,-0.13719391822814941,0.32340070605278015,3.0117502212524414,-0.18613837659358978,0.4324812591075897,2.796138048171997,-0.19592726230621338,0.45429736375808716,2.7530155181884766,-0.21550504863262177,0.49792957305908203,2.6667706966400146,-0.26194801926612854,0.4838818907737732,2.726588010787964,-0.34508466720581055,0.12042586505413055,3.213080406188965,-0.48114198446273804,0.13096441328525543,3.256739854812622,-0.5564712882041931,0.32216161489486694,3.1034045219421387,-0.6487916707992554,0.4247349500656128,2.899104595184326,-0.6672557592391968,0.44524961709976196,2.8582446575164795,-0.7041838765144348,0.4862789511680603,2.776524782180786,-0.6313348412513733,0.46863996982574463,2.794252634048462,-0.27002155780792236,0.5050464868545532,2.9284815788269043,-0.28690803050994873,0.6116211414337158,2.564754009246826,-0.25024670362472534,0.9411652088165283,2.62630033493042,-0.24665093421936035,1.04269540309906,2.542498826980591,-0.43527400493621826,0.5177323818206787,2.980421543121338,-0.6146712899208069,0.6320862174034119,2.6662862300872803,-0.5400355458259583,0.9511114358901978,2.7461843490600586,-0.5688706040382385,1.0628669261932373,2.6827549934387207,-0.32593777775764465,-0.05442044138908386,3.1897826194763184,-0.32481154799461365,-0.10367293655872345,3.208097457885742,-0.2820625603199005,-0.12886488437652588,3.2433063983917236,-0.19488412141799927,-0.07831551134586334,3.3044991493225098,-0.3415358364582062,-0.12275415658950806,3.2633965015411377,-0.3633916974067688,-0.061001766473054886,3.3614211082458496,-0.2392248511314392,1.0171698331832886,2.6747496128082275,-0.5055452585220337,1.020201325416565,2.7939600944519043
-0.3534422516822815,0.5121357440948486,2.952143430709839,-0.33795231580734253,0.38167762756347656,3.034776449203491,-0.3222205936908722,0.2508414387702942,3.1167635917663574,-0.30648839473724365,0.12000133097171783,3.1987531185150146,-0.266037255525589,0.11623173952102661,3.186572551727295,-0.12965893745422363,0.1058981865644455,3.143913745880127,-0.130390927195549,0.32503676414489746,3.0108563899993896,-0.17208394408226013,0.4319126605987549,2.792665958404541,-0.18042254447937012,0.45328783988952637,2.749027967453003,-0.19709976017475128,0.49603819847106934,2.6617517471313477,-0.24521082639694214,0.4837166666984558,2.720611095428467,-0.3467685878276825,0.1223488450050354,3.211824893951416,-0.48314690589904785,0.13268239796161652,3.254483699798584,-0.5551109910011292,0.32339829206466675,3.0990002155303955,-0.6439824104309082,0.4243347942829132,2.8924050331115723,-0.661756694316864,0.44452208280563354,2.851085901260376,-0.6973052620887756,0.4848966896533966,2.7684478759765625,-0.6248085498809814,0.46713170409202576,2.7874104976654053,-0.2706316113471985,0.505973219871521,2.9268910884857178,-0.2796679139137268,0.6126013398170471,2.562976121902466,-0.24616418778896332,0.9425097107887268,2.624009847640991,-0.2412099540233612,1.0437133312225342,2.5399231910705566,-0.4362528920173645,0.5182982683181763,2.97739577293396,-0.6119549870491028,0.6303296685218811,2.6604366302490234,-0.5365685224533081,0.9489012956619263,2.741159200668335,-0.5640342831611633,1.0607762336730957,2.677386999130249,-0.3260267376899719,-0.05270351469516754,3.1906306743621826,-0.32468217611312866,-0.10172724723815918,3.209529161453247,-0.2820933759212494,-0.12614895403385162,3.2454628944396973,-0.19597497582435608,-0.07416637241840363,3.306946039199829,-0.34181663393974304,-0.1203051507472992,3.264871120452881,-0.36519086360931396,-0.05760892108082771,3.36193585395813,-0.23664769530296326,1.0187445878982544,2.6723833084106445,-0.5022844672203064,1.017800211906433,2.7893242835998535
-0.354106605052948,0.5131292343139648,2.951387405395508,-0.3387741148471832,0.38309139013290405,3.0346310138702393,-0.323146790266037,0.2526542544364929,3.117192268371582,-0.30751901865005493,0.1222131997346878,3.199755907058716,-0.26695987582206726,0.11858785152435303,3.1879358291625977,-0.13019858300685883,0.108733169734478,3.146480083465576,-0.12463627755641937,0.3272930383682251,3.0126142501831055,-0.16027246415615082,0.4328747093677521,2.7927417755126953,-0.16739970445632935,0.4539910554885864,2.748767375946045,-0.1816541850566864,0.49622371792793274,2.660818338394165,-0.23113471269607544,0.48510921001434326,2.7187705039978027,-0.34790828824043274,0.12442079186439514,3.2124733924865723,-0.48466956615448,0.13427546620368958,3.2539291381835938,-0.555874228477478,0.3242906630039215,3.0972654819488525,-0.6433157324790955,0.4241946339607239,2.8895771503448486,-0.660804033279419,0.4441754221916199,2.848039388656616,-0.6957806348800659,0.48413699865341187,2.7649641036987305,-0.6233949661254883,0.46666786074638367,2.7845969200134277,-0.27103763818740845,0.5073004961013794,2.9269816875457764,-0.2730677127838135,0.60968017578125,2.5617613792419434,-0.24379783868789673,0.94033282995224,2.620823860168457,-0.23786725103855133,1.0408991575241089,2.536048412322998,-0.43717557191848755,0.5189579725265503,2.9757931232452393,-0.6118573546409607,0.6275704503059387,2.657106637954712,-0.5404881238937378,0.9482232332229614,2.7330310344696045,-0.5689250230789185,1.0587339401245117,2.6673474311828613,-0.32592302560806274,-0.05065213143825531,3.1924283504486084,-0.32446154952049255,-0.09955962747335434,3.2116174697875977,-0.2820730209350586,-0.12351588159799576,3.2480974197387695,-0.1968708485364914,-0.07065831869840622,3.3101093769073486,-0.34201550483703613,-0.11793103069067001,3.266896963119507,-0.36670786142349243,-0.05483457073569298,3.363374710083008,-0.2360180765390396,1.0170283317565918,2.6687698364257812,-0.5072194337844849,1.0182706117630005,2.78023362159729
-0.35446423292160034,0.5137264132499695,2.9506869316101074,-0.33926039934158325,0.3840141296386719,3.0343892574310303,-0.32371020317077637,0.2538965344429016,3.117396116256714,-0.30815955996513367,0.12377502024173737,3.2004053592681885,-0.2674987316131592,0.120308518409729,3.188929557800293,-0.1303766369819641,0.11098358035087585,3.1486241817474365,-0.11927992105484009,0.32930678129196167,3.014770030975342,-0.14949560165405273,0.43503063917160034,2.7941856384277344,-0.15553873777389526,0.45617541670799255,2.7500686645507812,-0.16762501001358032,0.498464971780777,2.661834955215454,-0.21827536821365356,0.4881434738636017,2.718905210494995,-0.34865134954452515,0.12582728266716003,3.2127833366394043,-0.4857734441757202,0.13515222072601318,3.2530887126922607,-0.5553072690963745,0.3248375654220581,3.0953242778778076,-0.6401476263999939,0.42468178272247314,2.8865630626678467,-0.6571156978607178,0.4446506202220917,2.844810724258423,-0.6910518407821655,0.4845883250236511,2.7613062858581543,-0.6189109086990356,0.46723660826683044,2.781888008117676,-0.2711576521396637,0.5082533359527588,2.9270734786987305,-0.2665170729160309,0.6065632700920105,2.5608084201812744,-0.24145932495594025,0.9377920031547546,2.6183247566223145,-0.23463790118694305,1.0378607511520386,2.5330538749694824,-0.437770813703537,0.5191994905471802,2.9743003845214844,-0.6111331582069397,0.6255913972854614,2.654202461242676,-0.5417836904525757,0.9474196434020996,2.7267677783966064,-0.5705132484436035,1.0570119619369507,2.6597189903259277,-0.3253691792488098,-0.04923361539840698,3.193413019180298,-0.32370316982269287,-0.09808272123336792,3.2127389907836914,-0.28138452768325806,-0.12166342884302139,3.249547243118286,-0.19692282378673553,-0.06807886064052582,3.311954975128174,-0.3414817154407501,-0.11642947047948837,3.2679574489593506,-0.3671981990337372,-0.05324931815266609,3.364117383956909,-0.23538054525852203,1.014845371246338,2.6659204959869385,-0.5090906620025635,1.0181649923324585,2.773305892944336
-0.35457590222358704,0.5140609741210938,2.9508891105651855,-0.3395020067691803,0.38466423749923706,3.0350306034088135,-0.3240175247192383,0.2548549175262451,3.1184589862823486,-0.30853259563446045,0.12504172325134277,3.201889991760254,-0.26777371764183044,0.12174172699451447,3.1907570362091064,-0.1302773505449295,0.11297114193439484,3.1515910625457764,-0.11489325016736984,0.33121150732040405,3.018076181411743,-0.14072220027446747,0.43775975704193115,2.797358989715576,-0.14588798582553864,0.4590694010257721,2.7532155513763428,-0.15621957182884216,0.5016887187957764,2.664928674697876,-0.20779487490653992,0.4918197989463806,2.7212350368499756,-0.34912315011024475,0.1269308179616928,3.2139296531677246,-0.4866195321083069,0.13570140302181244,3.2530956268310547,-0.5538281202316284,0.3250749111175537,3.09399676322937,-0.6354032754898071,0.4252057373523712,2.884103775024414,-0.6517183184623718,0.44523191452026367,2.842125177383423,-0.6843484044075012,0.4852842390537262,2.7581679821014404,-0.6125454306602478,0.46788620948791504,2.7798349857330322,-0.27103495597839355,0.5089609026908875,2.928079605102539,-0.2603708505630493,0.6028920412063599,2.5608935356140137,-0.23956409096717834,0.9346171617507935,2.6167104244232178,-0.23204195499420166,1.0341795682907104,2.530959367752075,-0.4381168484687805,0.5191610455513,2.973698616027832,-0.6088058948516846,0.6240442395210266,2.6517868041992188,-0.5428609848022461,0.9472379684448242,2.720975637435913,-0.5719491243362427,1.0557255744934082,2.652369499206543,-0.32457107305526733,-0.04809670150279999,3.19498610496521,-0.32268109917640686,-0.09691867232322693,3.2143712043762207,-0.28039053082466125,-0.12018635869026184,3.251417875289917,-0.19659066200256348,-0.06598220020532608,3.314199209213257,-0.340617299079895,-0.11532923579216003,3.2695226669311523,-0.36723312735557556,-0.05222036689519882,3.3654959201812744,-0.23513588309288025,1.0120047330856323,2.6638996601104736,-0.5111833214759827,1.0188066959381104,2.766907215118408
-0.3544677495956421,0.5136749744415283,2.949852466583252,-0.33939990401268005,0.3843921422958374,3.034071207046509,-0.32395511865615845,0.2546955347061157,3.117582321166992,-0.308509886264801,0.12499502301216125,3.2010960578918457,-0.26765576004981995,0.12190936505794525,3.190312147140503,-0.1297551393508911,0.1138564944267273,3.1523020267486572,-0.1117275208234787,0.3325461745262146,3.0199339389801025,-0.1343529373407364,0.44077810645103455,2.799727439880371,-0.1388780176639557,0.46242448687553406,2.755686044692993,-0.1479281783103943,0.5057172775268555,2.6676034927368164,-0.2002042979001999,0.4957645535469055,2.7232284545898438,-0.3491961359977722,0.12667100131511688,3.212787628173828,-0.48709675669670105,0.13472387194633484,3.250797748565674,-0.5517420768737793,0.3244442939758301,3.0911149978637695,-0.6299481987953186,0.4252222776412964,2.880296230316162,-0.6455894112586975,0.4453778862953186,2.838132381439209,-0.6768718361854553,0.48568907380104065,2.753804922103882,-0.6054373979568481,0.4681949317455292,2.776543617248535,-0.2706974148750305,0.5090975761413574,2.927838087081909,-0.2551952004432678,0.6002411246299744,2.5601911544799805,-0.2383556216955185,0.9322052001953125,2.6155645847320557,-0.23040172457695007,1.0316327810287476,2.5297319889068604,-0.43823808431625366,0.5182523727416992,2.9718668460845947,-0.6059058308601379,0.6214072704315186,2.6478941440582275,-0.5445085763931274,0.9460266828536987,2.7142460346221924,-0.5741190910339355,1.0533992052078247,2.644169569015503,-0.3233422338962555,-0.048217371106147766,3.193247079849243,-0.32126984000205994,-0.09712047874927521,3.2124133110046387,-0.2790983319282532,-0.1202862411737442,3.2496628761291504,-0.19612489640712738,-0.06582844257354736,3.3133246898651123,-0.3394905626773834,-0.11591598391532898,3.267343759536743,-0.36723631620407104,-0.05344603210687637,3.3634204864501953,-0.2353937327861786,1.009717345237732,2.6626334190368652,-0.5141726732254028,1.0184422731399536,2.7597222328186035
-0.3544348180294037,0.5131675004959106,2.9505186080932617,-0.3392550051212311,0.3840135633945465,3.034844398498535,-0.3237093389034271,0.25444483757019043,3.118464231491089,-0.30816319584846497,0.12487222254276276,3.2020866870880127,-0.2672121524810791,0.12204070389270782,3.1916472911834717,-0.12889257073402405,0.11484028398990631,3.154775381088257,-0.1107594221830368,0.3339487612247467,3.0231244564056396,-0.13282513618469238,0.44276320934295654,2.8031527996063232,-0.1372382789850235,0.46452608704566956,2.7591583728790283,-0.14606456458568573,0.508051872253418,2.6711697578430176,-0.19850817322731018,0.4978606104850769,2.7265918254852295,-0.348945289850235,0.12629543244838715,3.213434934616089,-0.48726487159729004,0.13349585235118866,3.2503068447113037,-0.5495977997779846,0.32353782653808594,3.090094566345215,-0.6246656179428101,0.42474156618118286,2.8783457279205322,-0.6396791934967041,0.4449823200702667,2.83599591255188,-0.6697062849998474,0.48546379804611206,2.751296281814575,-0.5986146926879883,0.46795880794525146,2.775073289871216,-0.2704523205757141,0.5091602206230164,2.929263114929199,-0.2512422502040863,0.5988582372665405,2.561532497406006,-0.23768550157546997,0.9309937953948975,2.6162681579589844,-0.22947517037391663,1.030251383781433,2.5303127765655518,-0.43841731548309326,0.5171747803688049,2.971774101257324,-0.6023672819137573,0.6177944540977478,2.64522123336792,-0.5458989143371582,0.9440152645111084,2.707552194595337,-0.5759419202804565,1.0499482154846191,2.6355559825897217,-0.3214358389377594,-0.048443153500556946,3.193573474884033,-0.3191215395927429,-0.09738847613334656,3.2126102447509766,-0.2770979404449463,-0.12030979245901108,3.2501814365386963,-0.1951848566532135,-0.06534066796302795,3.314779758453369,-0.33768948912620544,-0.11651118844747543,3.2673139572143555,-0.36686092615127563,-0.05457795783877373,3.3633224964141846,-0.23590336740016937,1.008619785308838,2.6631650924682617,-0.5170617699623108,1.0174446105957031,2.7523279190063477
-0.3545958995819092,0.5123024582862854,2.952807903289795,-0.33933544158935547,0.38339293003082275,3.0374903678894043,-0.323699414730072,0.25407087802886963,3.1214723587036133,-0.30806291103363037,0.1247449517250061,3.2054569721221924,-0.2670130431652069,0.12213779985904694,3.1953539848327637,-0.12827350199222565,0.11568816006183624,3.1595914363861084,-0.11191973090171814,0.3346903324127197,3.0276119709014893,-0.13513992726802826,0.4425678253173828,2.807342767715454,-0.13978396356105804,0.4641433358192444,2.763288974761963,-0.14907203614711761,0.5072943568229675,2.6751813888549805,-0.20134906470775604,0.4968794882297516,2.730701446533203,-0.3489428162574768,0.125946506857872,3.216472864151001,-0.4876823425292969,0.1323961466550827,3.2522354125976562,-0.5478774905204773,0.3222498297691345,3.0910520553588867,-0.6200438141822815,0.423661470413208,2.8784422874450684,-0.6344770789146423,0.4439437985420227,2.8359203338623047,-0.663343608379364,0.4845084547996521,2.7508764266967773,-0.592595636844635,0.466960072517395,2.775587558746338,-0.27039849758148193,0.5088322162628174,2.932352304458618,-0.24738137423992157,0.5960026979446411,2.564344882965088,-0.23871582746505737,0.9284766912460327,2.617396593093872,-0.23059120774269104,1.027336835861206,2.531033754348755,-0.4387933015823364,0.5157727003097534,2.9732635021209717,-0.5980809926986694,0.6147644519805908,2.644043207168579,-0.5466873645782471,0.9424338936805725,2.7025234699249268,-0.5769525170326233,1.0469167232513428,2.628596544265747,-0.3201776146888733,-0.048686787486076355,3.197277545928955,-0.31776162981987,-0.0975702702999115,3.216472864151001,-0.27599114179611206,-0.12013266980648041,3.2545487880706787,-0.1950949728488922,-0.06448033452033997,3.3198587894439697,-0.3367871046066284,-0.11666345596313477,3.271035671234131,-0.3673502206802368,-0.05465091019868851,3.3665716648101807,-0.23853552341461182,1.0063480138778687,2.663867950439453,-0.5194677710533142,1.0168293714523315,2.746659278869629
-0.3549947738647461,0.5112998485565186,2.9549193382263184,-0.33952638506889343,0.38265833258628845,3.039933681488037,-0.32372668385505676,0.2536102533340454,3.1242682933807373,-0.3079265058040619,0.12455831468105316,3.2086052894592285,-0.26679086685180664,0.12218911945819855,3.1988210678100586,-0.1276317536830902,0.11653496325016022,3.1640982627868652,-0.11429912596940994,0.33523279428482056,3.031346082687378,-0.13961149752140045,0.4413255453109741,2.8104798793792725,-0.14467397332191467,0.4625440835952759,2.7663066387176514,-0.15479892492294312,0.5049811601638794,2.677960157394409,-0.20675057172775269,0.4942677617073059,2.7337136268615723,-0.34889039397239685,0.12552489340305328,3.219306468963623,-0.4880495071411133,0.1311790496110916,3.2540292739868164,-0.5464046597480774,0.3208373785018921,3.091998338699341,-0.6159752607345581,0.42219725251197815,2.8785400390625,-0.6298893690109253,0.4424692392349243,2.835848331451416,-0.6577176451683044,0.48301318287849426,2.750465154647827,-0.5872803330421448,0.4655221402645111,2.776055097579956,-0.2705979347229004,0.5084227323532104,2.9352097511291504,-0.24376283586025238,0.5938423275947571,2.5671582221984863,-0.24047532677650452,0.9265190362930298,2.6189379692077637,-0.2325509637594223,1.025115966796875,2.53231143951416,-0.4393916130065918,0.5141769647598267,2.9746289253234863,-0.5939627885818481,0.6119559407234192,2.642927885055542,-0.5473259091377258,0.9408175945281982,2.698071002960205,-0.577673077583313,1.0439870357513428,2.62241792678833,-0.3191075623035431,-0.04898500442504883,3.20098614692688,-0.31666263937950134,-0.09778653830289841,3.2204043865203857,-0.27519506216049194,-0.1199961006641388,3.2590277194976807,-0.1952776312828064,-0.06368233263492584,3.3250010013580322,-0.3361915946006775,-0.11676041781902313,3.2748396396636963,-0.36810123920440674,-0.0545145608484745,3.3698015213012695,-0.24202094972133636,1.0045456886291504,2.6650733947753906,-0.521664559841156,1.0160483121871948,2.7416696548461914
-0.3569179177284241,0.509522020816803,2.957820177078247,-0.34121307730674744,0.3813486695289612,3.0433292388916016,-0.3252111077308655,0.2527787685394287,3.128185272216797,-0.3092086613178253,0.12420502305030823,3.2130439281463623,-0.26798978447914124,0.12212814390659332,3.203660249710083,-0.1282270848751068,0.11744530498981476,3.1702089309692383,-0.11874907463788986,0.3356284201145172,3.0359046459198,-0.14680175483226776,0.43757951259613037,2.813213586807251,-0.1524122953414917,0.4579697251319885,2.7686753273010254,-0.16363336145877838,0.4987501800060272,2.679598808288574,-0.21522974967956543,0.48799678683280945,2.735755443572998,-0.3502536118030548,0.12488444149494171,3.2233498096466064,-0.49001631140708923,0.12956728041172028,3.256801128387451,-0.544716477394104,0.31883805990219116,3.092740774154663,-0.6099200248718262,0.4190863370895386,2.877169132232666,-0.6229607462882996,0.43913599848747253,2.834054708480835,-0.6490421891212463,0.47923532128334045,2.747826099395752,-0.5791042447090149,0.4617425799369812,2.7749199867248535,-0.2723175883293152,0.5073738694190979,2.9390623569488525,-0.24000489711761475,0.5921246409416199,2.571467161178589,-0.24082115292549133,0.9248042702674866,2.622360944747925,-0.2323664277791977,1.0232068300247192,2.535651206970215,-0.44151824712753296,0.5116701722145081,2.9765779972076416,-0.5873667001724243,0.6098803877830505,2.641263246536255,-0.5465242862701416,0.9398507475852966,2.6933979988098145,-0.5761677622795105,1.0416135787963867,2.6156885623931885,-0.31967422366142273,-0.04953056573867798,3.206869125366211,-0.31726908683776855,-0.09817056357860565,3.2267653942108154,-0.2761378884315491,-0.1198861226439476,3.266072988510132,-0.19713562726974487,-0.06265014410018921,3.332462787628174,-0.33735212683677673,-0.11673542112112045,3.281175374984741,-0.3705759644508362,-0.05372316390275955,3.3752527236938477,-0.243911474943161,1.0028966665267944,2.6682288646698,-0.5230289697647095,1.0159199237823486,2.7366793155670166
-0.35868221521377563,0.5080444812774658,2.9589030742645264,-0.3426518440246582,0.38010352849960327,3.0446348190307617,-0.3264041841030121,0.25177139043807983,3.1297388076782227,-0.31015604734420776,0.12343539297580719,3.2148451805114746,-0.26891493797302246,0.121493861079216,3.2055749893188477,-0.1289188414812088,0.1172616183757782,3.1724655628204346,-0.12254095822572708,0.3350267708301544,3.0370450019836426,-0.15294170379638672,0.43400058150291443,2.8131773471832275,-0.15902185440063477,0.45379534363746643,2.7684037685394287,-0.17118215560913086,0.49338486790657043,2.678856611251831,-0.22241786122322083,0.4825807809829712,2.7353885173797607,-0.3512205481529236,0.12398205697536469,3.2250404357910156,-0.49121665954589844,0.1282142996788025,3.2581498622894287,-0.5445834398269653,0.3172239065170288,3.0931396484375,-0.6083313822746277,0.4161599278450012,2.876380205154419,-0.6210809946060181,0.43594712018966675,2.8330283164978027,-0.646580159664154,0.4755215346813202,2.7463245391845703,-0.5767964124679565,0.458161324262619,2.77401065826416,-0.27403897047042847,0.5062383413314819,2.940380811691284,-0.24106767773628235,0.5928266644477844,2.5733349323272705,-0.24108801782131195,0.9253674745559692,2.6247847080230713,-0.23227356374263763,1.0238791704177856,2.53826642036438,-0.4433254599571228,0.5098506212234497,2.9774253368377686,-0.5854336023330688,0.6077757477760315,2.640493154525757,-0.5466174483299255,0.9378526210784912,2.693152904510498,-0.5757359266281128,1.0394877195358276,2.6151139736175537,-0.32096150517463684,-0.05033820867538452,3.2093124389648438,-0.31870630383491516,-0.09891610592603683,3.2294065952301025,-0.277712345123291,-0.12056753039360046,3.2689125537872314,-0.1987486630678177,-0.06322343647480011,3.335299491882324,-0.3389718532562256,-0.11723382771015167,3.2838473320007324,-0.3723173439502716,-0.05377795174717903,3.3776142597198486,-0.24403294920921326,1.0033771991729736,2.670773983001709,-0.5239725708961487,1.0139998197555542,2.7367191314697266
-0.3598500192165375,0.5064319372177124,2.959339141845703,-0.34369122982025146,0.3786296248435974,3.045210361480713,-0.3273448348045349,0.2504444718360901,3.1304733753204346,-0.31099796295166016,0.12225548923015594,3.2157390117645264,-0.2697313725948334,0.12041731178760529,3.2065916061401367,-0.12948650121688843,0.11652939021587372,3.173859119415283,-0.12432888150215149,0.33424097299575806,3.038029432296753,-0.15484505891799927,0.43119847774505615,2.813145399093628,-0.16094829142093658,0.45058998465538025,2.7681686878204346,-0.17315475642681122,0.48937296867370605,2.6782150268554688,-0.22453109920024872,0.47850120067596436,2.7346649169921875,-0.3520868718624115,0.12270040810108185,3.225813150405884,-0.49233174324035645,0.12658832967281342,3.2585456371307373,-0.5447563529014587,0.31556472182273865,3.092973232269287,-0.6074776649475098,0.4133702218532562,2.875246524810791,-0.6200219392776489,0.4329313337802887,2.8317012786865234,-0.6451104283332825,0.47205352783203125,2.744610548019409,-0.5754231810569763,0.4548497498035431,2.7727534770965576,-0.27515819668769836,0.5048758387565613,2.9410862922668457,-0.24062171578407288,0.5936647653579712,2.5747528076171875,-0.24023525416851044,0.9260782599449158,2.626783847808838,-0.23090720176696777,1.0247150659561157,2.5404837131500244,-0.4445418417453766,0.5079880356788635,2.9775919914245605,-0.5833759903907776,0.6063908934593201,2.639482021331787,-0.5443169474601746,0.9358826875686646,2.695300340652466,-0.5723995566368103,1.038228988647461,2.6178371906280518,-0.3223397731781006,-0.051513150334358215,3.210268974304199,-0.32027915120124817,-0.10009536147117615,3.2303950786590576,-0.279430091381073,-0.12185903638601303,3.2700040340423584,-0.2004137635231018,-0.06472107768058777,3.336538791656494,-0.340719610452652,-0.11832477897405624,3.2848105430603027,-0.37406739592552185,-0.054707352072000504,3.378490447998047,-0.24321578443050385,1.004003882408142,2.672894239425659,-0.5219364166259766,1.0115978717803955,2.73972749710083
-0.3605077564716339,0.505220890045166,2.9593746662139893,-0.3443908989429474,0.377521812915802,3.0453696250915527,-0.3280949592590332,0.24944716691970825,3.130770206451416,-0.3117985427379608,0.12136869132518768,3.2161734104156494,-0.2705129086971283,0.11957491934299469,3.207130193710327,-0.1300419121980667,0.11583191156387329,3.174712657928467,-0.12467952072620392,0.3336048126220703,3.038794755935669,-0.15402762591838837,0.42982107400894165,2.8133292198181152,-0.15989725291728973,0.44906431436538696,2.7682361602783203,-0.17163649201393127,0.4875508248806,2.6780498027801514,-0.22338418662548065,0.4766215682029724,2.7341907024383545,-0.3529070317745209,0.12177039682865143,3.226145029067993,-0.49337804317474365,0.12551340460777283,3.2585625648498535,-0.5452103614807129,0.3145180344581604,3.0926766395568848,-0.607335090637207,0.41123244166374207,2.874180555343628,-0.6197600364685059,0.43057531118392944,2.8304812908172607,-0.6446099281311035,0.4692610800266266,2.7430830001831055,-0.5749731063842773,0.45222800970077515,2.7715375423431396,-0.27578020095825195,0.503765881061554,2.9413347244262695,-0.2402660846710205,0.5949632525444031,2.5757365226745605,-0.2376042753458023,0.927043080329895,2.6295275688171387,-0.22750212252140045,1.0260564088821411,2.5437726974487305,-0.44523531198501587,0.5066758990287781,2.977414608001709,-0.5823081135749817,0.6060148477554321,2.638913154602051,-0.5431562662124634,0.9347851276397705,2.6985347270965576,-0.570635199546814,1.0379923582077026,2.6220314502716064,-0.3236359655857086,-0.052382901310920715,3.210618019104004,-0.3217262327671051,-0.10098500549793243,3.2307255268096924,-0.280958890914917,-0.12288562953472137,3.270353317260742,-0.2018103152513504,-0.06599785387516022,3.336967706680298,-0.3422533869743347,-0.11918208003044128,3.2851266860961914,-0.3754781186580658,-0.0555044449865818,3.3788254261016846,-0.24008439481258392,1.0047318935394287,2.6760427951812744,-0.5209460258483887,1.0099728107452393,2.7439095973968506
-0.3610683083534241,0.5043899416923523,2.9590184688568115,-0.34495845437049866,0.37682777643203735,3.0451910495758057,-0.32868608832359314,0.24889375269412994,3.130779981613159,-0.31241321563720703,0.12095589935779572,3.2163712978363037,-0.27112138271331787,0.11917082965373993,3.207373857498169,-0.13047856092453003,0.115450918674469,3.1750741004943848,-0.12406644970178604,0.3332297205924988,3.0390875339508057,-0.15160299837589264,0.42974066734313965,2.813450336456299,-0.1571103036403656,0.4490428566932678,2.7683229446411133,-0.16812492907047272,0.48764723539352417,2.678068161010742,-0.22033335268497467,0.47666457295417786,2.733797550201416,-0.3535282015800476,0.12135045230388641,3.226299285888672,-0.49417102336883545,0.12507036328315735,3.258599042892456,-0.5467209219932556,0.31392741203308105,3.0926694869995117,-0.6098530888557434,0.40955814719200134,2.8739142417907715,-0.6224794983863831,0.4286842942237854,2.8301632404327393,-0.6477323770523071,0.4669365882873535,2.742661237716675,-0.5779448747634888,0.45010194182395935,2.7709174156188965,-0.27633601427078247,0.502948522567749,2.9410440921783447,-0.24115629494190216,0.5962821245193481,2.5760011672973633,-0.23660999536514282,0.9280028939247131,2.631591558456421,-0.2261744737625122,1.0274168252944946,2.5463666915893555,-0.4458006024360657,0.5058313608169556,2.9769928455352783,-0.5831165909767151,0.6062066555023193,2.6389482021331787,-0.5418097376823425,0.9338371753692627,2.7029924392700195,-0.5686778426170349,1.0382367372512817,2.6279313564300537,-0.32459282875061035,-0.052783697843551636,3.21067214012146,-0.3227425515651703,-0.1014128029346466,3.2307329177856445,-0.28194788098335266,-0.123430535197258,3.2702763080596924,-0.20257344841957092,-0.06675136834383011,3.3368191719055176,-0.3432164490222931,-0.11962354183197021,3.285155773162842,-0.37616774439811707,-0.05596490576863289,3.3789777755737305,-0.2385730743408203,1.0054385662078857,2.678529977798462,-0.5190847516059875,1.0082474946975708,2.7493607997894287
-0.3611793518066406,0.5042688250541687,2.956803321838379,-0.345122367143631,0.3767649531364441,3.0430588722229004,-0.32886600494384766,0.2488798350095749,3.1287107467651367,-0.31260916590690613,0.12099088728427887,3.214365005493164,-0.2713078260421753,0.11922934651374817,3.205415964126587,-0.13052012026309967,0.11558596789836884,3.173255205154419,-0.12277468293905258,0.33360326290130615,3.03767466545105,-0.1485816389322281,0.4306783080101013,2.812049388885498,-0.15374302864074707,0.4500933289527893,2.7669243812561035,-0.16406580805778503,0.4889233708381653,2.6766743659973145,-0.21667978167533875,0.4779215455055237,2.732027530670166,-0.3537338376045227,0.12136241793632507,3.224245071411133,-0.4945215582847595,0.1250057965517044,3.256405830383301,-0.5479959845542908,0.3140929341316223,3.090996742248535,-0.6120367646217346,0.40915316343307495,2.8722305297851562,-0.6248449087142944,0.4281651973724365,2.828477382659912,-0.6504611968994141,0.46618929505348206,2.7409708499908447,-0.5805357098579407,0.4496397078037262,2.769073724746704,-0.27644288539886475,0.5028124451637268,2.9388763904571533,-0.24054843187332153,0.5960594415664673,2.5739150047302246,-0.2356080859899521,0.9274606704711914,2.631176710128784,-0.22488930821418762,1.027277946472168,2.5464775562286377,-0.4459158182144165,0.5057252049446106,2.9747302532196045,-0.5857383012771606,0.6069177389144897,2.637995958328247,-0.5427004098892212,0.9334844350814819,2.7060546875,-0.5696636438369751,1.0389589071273804,2.6325669288635254,-0.3251747786998749,-0.05270971357822418,3.2080507278442383,-0.3234744369983673,-0.1014135405421257,3.2279505729675293,-0.28280484676361084,-0.12366008013486862,3.2674999237060547,-0.2034265100955963,-0.06738603115081787,3.334392786026001,-0.344096839427948,-0.11976326256990433,3.2822742462158203,-0.3770871162414551,-0.056345053017139435,3.376253604888916,-0.23753422498703003,1.004655361175537,2.678497076034546,-0.5193666815757751,1.0071818828582764,2.753236770629883
-0.3615144193172455,0.5048892498016357,2.9552178382873535,-0.3455438017845154,0.37743282318115234,3.041508436203003,-0.3293372690677643,0.24959203600883484,3.1271843910217285,-0.3131302297115326,0.12174741923809052,3.212862730026245,-0.27182233333587646,0.12001059949398041,3.2039763927459717,-0.13093315064907074,0.11644884198904037,3.172010898590088,-0.12167573720216751,0.3348107933998108,3.037062168121338,-0.14578716456890106,0.4323674142360687,2.81144642829895,-0.15060944855213165,0.45187872648239136,2.7663233280181885,-0.16025401651859283,0.490901380777359,2.676077127456665,-0.21324925124645233,0.4799462854862213,2.731078863143921,-0.35426199436187744,0.12209473550319672,3.2226805686950684,-0.495151162147522,0.12565650045871735,3.254646062850952,-0.5501085519790649,0.31476128101348877,3.089728355407715,-0.6157053112983704,0.40898823738098145,2.871051788330078,-0.6288246512413025,0.427833616733551,2.8273165225982666,-0.6550633311271667,0.4655244052410126,2.7398459911346436,-0.5849194526672363,0.4493296146392822,2.7676174640655518,-0.2767782211303711,0.5033754706382751,2.9372990131378174,-0.24100153148174286,0.5958343148231506,2.572161912918091,-0.2360745072364807,0.9269450902938843,2.6309027671813965,-0.22538529336452484,1.0271328687667847,2.5466573238372803,-0.4462506175041199,0.5064030289649963,2.9731366634368896,-0.5876928567886353,0.6087076663970947,2.637455940246582,-0.5422629714012146,0.9341367483139038,2.709158182144165,-0.568932294845581,1.0406345129013062,2.6370739936828613,-0.3259080946445465,-0.05191989243030548,3.2057769298553467,-0.32436010241508484,-0.10071101784706116,3.2254838943481445,-0.28388872742652893,-0.12317854166030884,3.26511812210083,-0.20471598207950592,-0.06728747487068176,3.332587242126465,-0.3452424108982086,-0.11925710737705231,3.279646158218384,-0.3785513937473297,-0.05617674067616463,3.3737504482269287,-0.2379952371120453,1.0039194822311401,2.6785647869110107,-0.5182299017906189,1.0071138143539429,2.757086992263794
-0.3614928722381592,0.5057553052902222,2.9526124000549316,-0.3456438183784485,0.37824273109436035,3.038736343383789,-0.3295084834098816,0.2503364682197571,3.124221086502075,-0.3133726716041565,0.12242639064788818,3.2097084522247314,-0.27206680178642273,0.12072210013866425,3.200883150100708,-0.13112562894821167,0.11727132648229599,3.1691172122955322,-0.12054620683193207,0.33631470799446106,3.0353736877441406,-0.14332854747772217,0.43459823727607727,2.809934377670288,-0.1478850096464157,0.45425495505332947,2.7648465633392334,-0.156997948884964,0.4935683608055115,2.674670934677124,-0.2102847844362259,0.482582688331604,2.729384422302246,-0.35450315475463867,0.12274046242237091,3.2194628715515137,-0.49544432759284973,0.12619122862815857,3.2512288093566895,-0.5525699853897095,0.3156059980392456,3.0874059200286865,-0.6204158067703247,0.4093300402164459,2.86919903755188,-0.6339849829673767,0.42807483673095703,2.8255577087402344,-0.6611233353614807,0.46556445956230164,2.7382748126983643,-0.5906729102134705,0.4497767686843872,2.765500545501709,-0.27677181363105774,0.5041576623916626,2.9346561431884766,-0.24200761318206787,0.5948233008384705,2.568997383117676,-0.23728781938552856,0.9257776737213135,2.628506660461426,-0.22691090404987335,1.0261693000793457,2.54447865486145,-0.4462139308452606,0.5073529481887817,2.9705686569213867,-0.5885183811187744,0.6108307242393494,2.6356403827667236,-0.540863037109375,0.9351892471313477,2.7105729579925537,-0.5670897960662842,1.042586326599121,2.639686346054077,-0.3263707160949707,-0.051177144050598145,3.2014126777648926,-0.3250257074832916,-0.10009899735450745,3.220813035964966,-0.28484615683555603,-0.12288729846477509,3.260564088821411,-0.20602577924728394,-0.06755726784467697,3.3289098739624023,-0.34628915786743164,-0.1189633309841156,3.274718999862671,-0.3801143169403076,-0.0564393512904644,3.3690154552459717,-0.2391735315322876,1.0026319026947021,2.6763525009155273,-0.5162356495857239,1.007509708404541,2.7591793537139893
-0.36163344979286194,0.5068445801734924,2.9508275985717773,-0.34583938121795654,0.37924307584762573,3.0366902351379395,-0.329755961894989,0.25124427676200867,3.1219053268432617,-0.3136720657348633,0.12324164807796478,3.207123041152954,-0.2723747789859772,0.1215764582157135,3.1983518600463867,-0.13137394189834595,0.11825904250144958,3.1667566299438477,-0.1194184422492981,0.33801496028900146,3.034311532974243,-0.14106245338916779,0.4367966949939728,2.8089818954467773,-0.14539125561714172,0.45655304193496704,2.763916015625,-0.1540488600730896,0.49606573581695557,2.6737842559814453,-0.20757117867469788,0.48513856530189514,2.7282774448394775,-0.35479456186294556,0.12351560592651367,3.216820478439331,-0.4957953989505768,0.1268330216407776,3.24841570854187,-0.5553901791572571,0.3166252374649048,3.085920572280884,-0.6256630420684814,0.40990304946899414,2.868295431137085,-0.6397176384925842,0.4285586178302765,2.824770450592041,-0.667826771736145,0.4658697247505188,2.737720251083374,-0.5970490574836731,0.4505775272846222,2.7643706798553467,-0.276924192905426,0.5052493214607239,2.932874917984009,-0.24356341361999512,0.5941898822784424,2.5666913986206055,-0.23924295604228973,0.9250442981719971,2.626643180847168,-0.22932839393615723,1.025564193725586,2.5427279472351074,-0.44634270668029785,0.508439838886261,2.968780279159546,-0.5888148546218872,0.612433135509491,2.634114980697632,-0.5409008264541626,0.9363564252853394,2.7106361389160156,-0.5670580267906189,1.0441148281097412,2.6402924060821533,-0.3267385959625244,-0.05030140280723572,3.197648763656616,-0.32557129859924316,-0.09934577345848083,3.2167530059814453,-0.285698264837265,-0.12241391837596893,3.2566537857055664,-0.2073347419500351,-0.06757189333438873,3.325917959213257,-0.34724161028862,-0.11852981150150299,3.270385503768921,-0.3817075490951538,-0.056566908955574036,3.3648242950439453,-0.24110765755176544,1.0018224716186523,2.6745989322662354,-0.5162104368209839,1.0084114074707031,2.7595911026000977
-0.361727774143219,0.508474588394165,2.9480600357055664,-0.34602078795433044,0.38067466020584106,3.0332868099212646,-0.3300600051879883,0.25247666239738464,3.117866277694702,-0.3140987455844879,0.1242748349905014,3.2024483680725098,-0.2728116512298584,0.12274211645126343,3.193866014480591,-0.1317301243543625,0.11987942457199097,3.1629037857055664,-0.11764755845069885,0.34083473682403564,3.0330538749694824,-0.13765715062618256,0.43900465965270996,2.807504415512085,-0.14165906608104706,0.45863863825798035,2.762394428253174,-0.14966289699077606,0.4979065954685211,2.6721746921539307,-0.20350058376789093,0.48727792501449585,2.7263355255126953,-0.35521236062049866,0.1244141161441803,3.2119498252868652,-0.49629390239715576,0.12727680802345276,3.2429120540618896,-0.5603885054588318,0.3179236650466919,3.083456039428711,-0.6345637440681458,0.4109122157096863,2.8672120571136475,-0.6493988037109375,0.4295099377632141,2.823963165283203,-0.679068922996521,0.4667053520679474,2.7374656200408936,-0.6078088879585266,0.4524516761302948,2.763227701187134,-0.2770225703716278,0.50709068775177,2.9303739070892334,-0.24602822959423065,0.593869686126709,2.563509225845337,-0.24269211292266846,0.9248472452163696,2.622621536254883,-0.23363614082336426,1.0251868963241577,2.5384175777435303,-0.4464329779148102,0.5098584890365601,2.9657461643218994,-0.5888625383377075,0.6134324073791504,2.630981922149658,-0.5436290502548218,0.9378536939620972,2.706852436065674,-0.5704934000968933,1.045234203338623,2.636225938796997,-0.32705259323120117,-0.049179598689079285,3.191196918487549,-0.3263048529624939,-0.0983913242816925,3.209895133972168,-0.287275105714798,-0.12183307111263275,3.2504117488861084,-0.21033018827438354,-0.06764437258243561,3.3217597007751465,-0.3490906059741974,-0.11802676320075989,3.262901782989502,-0.38547414541244507,-0.05685985088348389,3.357147693634033,-0.24459873139858246,1.0017266273498535,2.670393705368042,-0.5195964574813843,1.0102006196975708,2.7556848526000977
-0.3614031970500946,0.5091833472251892,2.947617530822754,-0.34581243991851807,0.38118237257003784,3.032442092895508,-0.3300029933452606,0.2527817487716675,3.11661958694458,-0.31419306993484497,0.1243772953748703,3.2007997035980225,-0.2729107439517975,0.12286686897277832,3.1922805309295654,-0.13183610141277313,0.12008409202098846,3.1615405082702637,-0.11659764498472214,0.3413938879966736,3.0326783657073975,-0.13611792027950287,0.43949902057647705,2.8071908950805664,-0.14002197980880737,0.4591200351715088,2.7620933055877686,-0.14783009886741638,0.49836209416389465,2.671898365020752,-0.2017057240009308,0.4879700243473053,2.72601318359375,-0.355303555727005,0.1244921088218689,3.2102339267730713,-0.49637818336486816,0.12727488577365875,3.240973949432373,-0.5616730451583862,0.31881183385849,3.083284854888916,-0.6363825798034668,0.4125697910785675,2.867696762084961,-0.6513245105743408,0.431321382522583,2.8245792388916016,-0.6812083125114441,0.468824565410614,2.7383439540863037,-0.6098930239677429,0.45495548844337463,2.7640492916107178,-0.276733934879303,0.5077608823776245,2.9299087524414062,-0.24791176617145538,0.5926145315170288,2.56243634223938,-0.244688481092453,0.9239986538887024,2.6191344261169434,-0.2362399697303772,1.0237337350845337,2.5341625213623047,-0.44607245922088623,0.5106058120727539,2.9653263092041016,-0.5901995897293091,0.6131131052970886,2.6309814453125,-0.5448938608169556,0.9378073215484619,2.705557346343994,-0.5721997618675232,1.0449249744415283,2.6347134113311768,-0.3269721567630768,-0.04906584322452545,3.189117670059204,-0.326436847448349,-0.09830835461616516,3.2077455520629883,-0.28788816928863525,-0.12180706858634949,3.248689889907837,-0.2118125855922699,-0.06771482527256012,3.3210408687591553,-0.34985101222991943,-0.1180335283279419,3.2604458332061768,-0.3873739540576935,-0.05702313408255577,3.354349374771118,-0.24643021821975708,1.0012149810791016,2.6663577556610107,-0.5206899642944336,1.0103328227996826,2.754030704498291
-0.36089062690734863,0.5096452236175537,2.948148727416992,-0.3454340994358063,0.38155490159988403,3.0327959060668945,-0.32981353998184204,0.2530710697174072,3.116814374923706,-0.3141925036907196,0.12458339333534241,3.2008352279663086,-0.27290987968444824,0.12305942177772522,3.1923696994781494,-0.13185782730579376,0.12023235112428665,3.1618223190307617,-0.11588465422391891,0.3414071202278137,3.0330708026885986,-0.13501431047916412,0.4394630789756775,2.80766224861145,-0.13884024322032928,0.4590742588043213,2.762580633163452,-0.1464921087026596,0.4982966482639313,2.672417163848877,-0.20039233565330505,0.4880870580673218,2.726487636566162,-0.3553053140640259,0.12471085786819458,3.2102138996124268,-0.49635738134384155,0.12753793597221375,3.2407612800598145,-0.5624465942382812,0.31958770751953125,3.084238052368164,-0.6377509832382202,0.41397330164909363,2.869271755218506,-0.6528118848800659,0.4328504204750061,2.8262784481048584,-0.6829336285591125,0.47060465812683105,2.7402918338775635,-0.6115700006484985,0.4568672180175781,2.7658185958862305,-0.2762479782104492,0.5081572532653809,2.930441379547119,-0.24922339618206024,0.5922551155090332,2.562676429748535,-0.2459554672241211,0.9238845109939575,2.617825746536255,-0.23797813057899475,1.0232269763946533,2.5323591232299805,-0.44553327560424805,0.5111331939697266,2.9658560752868652,-0.5911440849304199,0.6127092242240906,2.631889581680298,-0.5462731719017029,0.9376656413078308,2.7055108547210693,-0.5740890502929688,1.0445477962493896,2.6345207691192627,-0.32692012190818787,-0.048894718289375305,3.1896092891693115,-0.32653364539146423,-0.0980781763792038,3.2083969116210938,-0.2882954776287079,-0.12145384401082993,3.249701976776123,-0.21274898946285248,-0.06714553385972977,3.3224456310272217,-0.3503437042236328,-0.11763163655996323,3.260984182357788,-0.38855233788490295,-0.05631592869758606,3.354412317276001,-0.24752525985240936,1.0013134479522705,2.6646976470947266,-0.5220442414283752,1.0103570222854614,2.7537145614624023
-0.36014142632484436,0.509797990322113,2.948646306991577,-0.344831645488739,0.38167858123779297,3.0332441329956055,-0.32942306995391846,0.25317448377609253,3.1172385215759277,-0.3140140175819397,0.12466652691364288,3.201235294342041,-0.2727293074131012,0.12310381233692169,3.1928112506866455,-0.13171111047267914,0.12014538794755936,3.1624155044555664,-0.11536453664302826,0.34094327688217163,3.033308982849121,-0.1342036873102188,0.43920642137527466,2.8080954551696777,-0.13797152042388916,0.45885905623435974,2.7630527019500732,-0.14550718665122986,0.4981643259525299,2.6729671955108643,-0.1994185596704483,0.4880320131778717,2.7269887924194336,-0.35513126850128174,0.12483252584934235,3.2105724811553955,-0.496149480342865,0.12779095768928528,3.2409682273864746,-0.5630398988723755,0.3200189173221588,3.085207223892212,-0.63907390832901,0.4148723781108856,2.870839834213257,-0.6542807221412659,0.43384307622909546,2.8279664516448975,-0.6846942901611328,0.47178447246551514,2.7422194480895996,-0.613269031047821,0.4581223428249359,2.7675018310546875,-0.275518000125885,0.5082268714904785,2.930952548980713,-0.25008827447891235,0.5926770567893982,2.563166379928589,-0.24664419889450073,0.9243937134742737,2.6177151203155518,-0.23905377089977264,1.0235838890075684,2.5320427417755127,-0.4447648525238037,0.5113691091537476,2.9663400650024414,-0.5914723873138428,0.6123243570327759,2.632678270339966,-0.5475201606750488,0.9376169443130493,2.7053163051605225,-0.5758832693099976,1.0442109107971191,2.6341171264648438,-0.32685765624046326,-0.048842787742614746,3.1905949115753174,-0.32660791277885437,-0.09795702248811722,3.2095675468444824,-0.2885875999927521,-0.12121551483869553,3.2511401176452637,-0.21333172917366028,-0.06670785695314407,3.3240389823913574,-0.350685715675354,-0.11729184538125992,3.2621147632598877,-0.389276385307312,-0.055590786039829254,3.355133533477783,-0.2480263113975525,1.0019025802612305,2.6644554138183594,-0.5234150290489197,1.0105165243148804,2.7532620429992676
-0.3588969111442566,0.5097286701202393,2.9491875171661377,-0.34373408555984497,0.3816458582878113,3.033864974975586,-0.3285403549671173,0.2531854510307312,3.1179630756378174,-0.31334617733955383,0.1247212141752243,3.20206356048584,-0.2720562517642975,0.12310689687728882,3.193676233291626,-0.13104915618896484,0.11997173726558685,3.163411855697632,-0.11488669365644455,0.34021902084350586,3.033543586730957,-0.1337902843952179,0.43890440464019775,2.8086259365081787,-0.13757100701332092,0.4586414694786072,2.7636423110961914,-0.14513245224952698,0.4981156289577484,2.673675298690796,-0.19899128377437592,0.4879380166530609,2.7276976108551025,-0.3544709384441376,0.12493929266929626,3.211364984512329,-0.4954780340194702,0.12807445228099823,3.2416293621063232,-0.5632644891738892,0.320173054933548,3.0862619876861572,-0.640117883682251,0.4156162738800049,2.872560739517212,-0.6554885506629944,0.4347049295902252,2.829820394515991,-0.6862298846244812,0.4728822112083435,2.744339942932129,-0.6147294044494629,0.4592422842979431,2.7693276405334473,-0.27427613735198975,0.5080913305282593,2.931558132171631,-0.2503863275051117,0.5937147736549377,2.563951015472412,-0.24681232869625092,0.9254462122917175,2.618342638015747,-0.23960573971271515,1.0245991945266724,2.532599687576294,-0.44351768493652344,0.5113660097122192,2.9668169021606445,-0.5905766487121582,0.6122300624847412,2.6332943439483643,-0.5463906526565552,0.9374227523803711,2.7061939239501953,-0.5747720003128052,1.0440951585769653,2.6351265907287598,-0.32631880044937134,-0.04884539544582367,3.192453145980835,-0.32614758610725403,-0.09784546494483948,3.2117252349853516,-0.28822553157806396,-0.12088382244110107,3.2535130977630615,-0.2130599021911621,-0.06599549949169159,3.3262267112731934,-0.35034361481666565,-0.11684077978134155,3.2643446922302246,-0.3890611231327057,-0.05454019829630852,3.3569159507751465,-0.24802319705486298,1.0029723644256592,2.6650540828704834,-0.5222015380859375,1.0102628469467163,2.754182815551758
-0.3575625419616699,0.5095227956771851,2.9498751163482666,-0.34247228503227234,0.38155752420425415,3.0347182750701904,-0.3274269104003906,0.2532147169113159,3.118997097015381,-0.3123810887336731,0.12486808001995087,3.2032785415649414,-0.2710922658443451,0.12320753931999207,3.194913864135742,-0.13008324801921844,0.11991196870803833,3.164722442626953,-0.11464342474937439,0.3395395278930664,3.033855438232422,-0.13382911682128906,0.43879011273384094,2.8092827796936035,-0.137666255235672,0.4586402177810669,2.7643682956695557,-0.14534053206443787,0.4983404576778412,2.67453932762146,-0.19912797212600708,0.48797154426574707,2.728566884994507,-0.3535063862800598,0.1251336634159088,3.212559461593628,-0.49451541900634766,0.12842923402786255,3.242750883102417,-0.5631883144378662,0.32024168968200684,3.0875320434570312,-0.640802264213562,0.41623976826667786,2.8744308948516846,-0.6563250422477722,0.4354393780231476,2.831810712814331,-0.6873706579208374,0.47383859753608704,2.746570348739624,-0.6157947778701782,0.4602219760417938,2.7712903022766113,-0.2729610800743103,0.5077841877937317,2.9322056770324707,-0.2507092356681824,0.5950969457626343,2.5648999214172363,-0.24656151235103607,0.9267748594284058,2.6195409297943115,-0.2396640181541443,1.0259888172149658,2.533846616744995,-0.44216400384902954,0.5112614035606384,2.9675445556640625,-0.5909081697463989,0.6108572483062744,2.6343958377838135,-0.5448604822158813,0.9357089996337891,2.7076354026794434,-0.573135256767273,1.0426348447799683,2.636911392211914,-0.32539841532707214,-0.04876357316970825,3.194711685180664,-0.32521724700927734,-0.09765218943357468,3.21427583694458,-0.2872544527053833,-0.12045139074325562,3.256164789199829,-0.2119985669851303,-0.06514298915863037,3.3284804821014404,-0.34936562180519104,-0.11633123457431793,3.267035722732544,-0.38798022270202637,-0.05346919596195221,3.3592817783355713,-0.24747809767723083,1.0042628049850464,2.6663193702697754,-0.5200863480567932,1.0083509683609009,2.7556233406066895
-0.3560941219329834,0.5097157955169678,2.9485116004943848,-0.3410426378250122,0.38175052404403687,3.033337116241455,-0.32611486315727234,0.2534012794494629,3.117602586746216,-0.31118664145469666,0.1250481754541397,3.2018704414367676,-0.26990026235580444,0.12335868179798126,3.1935179233551025,-0.12889403104782104,0.119964100420475,3.163367986679077,-0.11439831554889679,0.33929046988487244,3.032085657119751,-0.1339910477399826,0.4396168291568756,2.808133125305176,-0.13790959119796753,0.4596821069717407,2.7633426189422607,-0.14574667811393738,0.49981266260147095,2.6737616062164307,-0.19943784177303314,0.48907214403152466,2.727769374847412,-0.35231074690818787,0.12534262239933014,3.211138963699341,-0.49331697821617126,0.1287371963262558,3.241288900375366,-0.5618896484375,0.32077229022979736,3.086467742919922,-0.6391375064849854,0.4175383448600769,2.8736929893493652,-0.6545870900154114,0.4368915557861328,2.8311381340026855,-0.6854861974716187,0.47559797763824463,2.746028184890747,-0.613975465297699,0.4619441628456116,2.770822048187256,-0.27151623368263245,0.5079023241996765,2.9307682514190674,-0.2505975067615509,0.5974963903427124,2.5639445781707764,-0.24592947959899902,0.9290789365768433,2.619063377380371,-0.23927411437034607,1.028412103652954,2.533493757247925,-0.44067201018333435,0.511529266834259,2.966254949569702,-0.5925794243812561,0.6087616682052612,2.633848190307617,-0.5436481833457947,0.9328978061676025,2.7083356380462646,-0.5718464851379395,1.0403783321380615,2.6384332180023193,-0.32427170872688293,-0.0485987514257431,3.1935770511627197,-0.32412585616111755,-0.09745737910270691,3.213221788406372,-0.28620243072509766,-0.12020506709814072,3.2551779747009277,-0.21097400784492493,-0.06480813026428223,3.3274624347686768,-0.34832245111465454,-0.11604072898626328,3.2659964561462402,-0.38698074221611023,-0.05300917476415634,3.35811448097229,-0.24659192562103271,1.0064953565597534,2.665959596633911,-0.5179383158683777,1.00511634349823,2.756465435028076
-0.35476136207580566,0.5096726417541504,2.948254108428955,-0.3397679924964905,0.38177943229675293,3.03316068649292,-0.3249148428440094,0.2534959316253662,3.1175014972686768,-0.3100612461566925,0.12520860135555267,3.2018446922302246,-0.26878494024276733,0.12347978353500366,3.193479061126709,-0.12779639661312103,0.11994901299476624,3.1632792949676514,-0.11515448987483978,0.3388393521308899,3.0312418937683105,-0.13645818829536438,0.4397960901260376,2.8078174591064453,-0.14071892201900482,0.45998743176460266,2.7631325721740723,-0.1492404043674469,0.5003701448440552,2.673762798309326,-0.20253820717334747,0.4892997145652771,2.728057384490967,-0.35117608308792114,0.12554308772087097,3.211127281188965,-0.49216461181640625,0.1290738582611084,3.2413270473480225,-0.5597107410430908,0.32116836309432983,3.086266040802002,-0.6357134580612183,0.41839659214019775,2.8733460903167725,-0.6509140133857727,0.4378422498703003,2.8307621479034424,-0.6813151240348816,0.476733535528183,2.7455942630767822,-0.6099741458892822,0.4629332721233368,2.770716428756714,-0.27022314071655273,0.5077028274536133,2.930358648300171,-0.25038257241249084,0.5992254018783569,2.56396484375,-0.2449021339416504,0.9307510852813721,2.6192798614501953,-0.23835627734661102,1.0301240682601929,2.533754825592041,-0.4392995834350586,0.5116424560546875,2.9661495685577393,-0.5951601266860962,0.605550229549408,2.6346330642700195,-0.5425153970718384,0.9288531541824341,2.7101492881774902,-0.5705698728561401,1.0369248390197754,2.6411144733428955,-0.3231835663318634,-0.04845672845840454,3.1937825679779053,-0.32301074266433716,-0.09729452431201935,3.213487148284912,-0.2850169837474823,-0.11999791115522385,3.255409002304077,-0.20965462923049927,-0.0645204484462738,3.327503204345703,-0.3471217155456543,-0.11581213027238846,3.2663280963897705,-0.3856180012226105,-0.05266072601079941,3.35844087600708,-0.24525727331638336,1.0081353187561035,2.666226387023926,-0.5156156420707703,1.0005968809127808,2.7583329677581787
-0.3521043658256531,0.509352445602417,2.9492218494415283,-0.33720651268959045,0.3817567825317383,3.0344319343566895,-0.322416216135025,0.25376778841018677,3.1190690994262695,-0.3076254725456238,0.12577496469020844,3.2037086486816406,-0.2663927376270294,0.12395069003105164,3.195270538330078,-0.12547171115875244,0.12008561193943024,3.164799928665161,-0.11755385994911194,0.33770138025283813,3.0303168296813965,-0.14296409487724304,0.43887898325920105,2.8074254989624023,-0.14804613590240479,0.4591144919395447,2.7628471851348877,-0.15821023285388947,0.4995855391025543,2.6736907958984375,-0.2106321156024933,0.487888902425766,2.728700637817383,-0.3486974835395813,0.12620809674263,3.213066816329956,-0.4896185100078583,0.1300731748342514,3.243537425994873,-0.554746150970459,0.32133805751800537,3.086435079574585,-0.6282525062561035,0.418620228767395,2.872668743133545,-0.6429537534713745,0.4380766749382019,2.8299155235290527,-0.6723563075065613,0.4769895374774933,2.7444088459014893,-0.6013304591178894,0.46275588870048523,2.7701711654663086,-0.2676522731781006,0.5070871114730835,2.9310643672943115,-0.2495398223400116,0.6014617681503296,2.565321683883667,-0.24269713461399078,0.9331529140472412,2.6193928718566895,-0.23632501065731049,1.0321893692016602,2.5334739685058594,-0.43655645847320557,0.5116177797317505,2.967379331588745,-0.5991020798683167,0.5990257859230042,2.637316942214966,-0.5394737720489502,0.9202483892440796,2.716374397277832,-0.5669052600860596,1.029760718345642,2.6494009494781494,-0.321419894695282,-0.04800473153591156,3.1970009803771973,-0.32122254371643066,-0.0967327207326889,3.2170615196228027,-0.28288066387176514,-0.1192842572927475,3.258803129196167,-0.20659440755844116,-0.06352436542510986,3.329820156097412,-0.3449016213417053,-0.11480465531349182,3.270294427871704,-0.38232043385505676,-0.05083216726779938,3.3623788356781006,-0.24254028499126434,1.010704517364502,2.6660563945770264,-0.5104538202285767,0.990818440914154,2.7650513648986816
-0.35020241141319275,0.5091700553894043,2.950554847717285,-0.33544039726257324,0.38184478878974915,3.03610897064209,-0.320712149143219,0.25412148237228394,3.1210734844207764,-0.3059834837913513,0.1263943314552307,3.206040620803833,-0.2647918462753296,0.12444742023944855,3.1974925994873047,-0.12396873533725739,0.12015614658594131,3.166630744934082,-0.11814645677804947,0.33692842721939087,3.0306966304779053,-0.14509925246238708,0.4380420446395874,2.8079633712768555,-0.15048980712890625,0.4582647681236267,2.7634167671203613,-0.16127093136310577,0.4987102150917053,2.674323558807373,-0.21337363123893738,0.4867452383041382,2.7295761108398438,-0.34701499342918396,0.12695299088954926,3.2155120372772217,-0.48783808946609497,0.1312442570924759,3.2463738918304443,-0.5510996580123901,0.32133615016937256,3.087109088897705,-0.6229875087738037,0.41795414686203003,2.8724987506866455,-0.6373651027679443,0.43727773427963257,2.8295767307281494,-0.6661202311515808,0.47592493891716003,2.7437326908111572,-0.5953109860420227,0.46132633090019226,2.76987886428833,-0.2658112943172455,0.5066334009170532,2.932218313217163,-0.24886858463287354,0.6022451519966125,2.5667476654052734,-0.24119307100772858,0.934090256690979,2.619715929031372,-0.23496167361736298,1.0328342914581299,2.533454179763794,-0.43459352850914,0.5117067098617554,2.9688913822174072,-0.5992827415466309,0.5951239466667175,2.638866424560547,-0.5365637540817261,0.9154961109161377,2.718952178955078,-0.5634485483169556,1.025514841079712,2.6525940895080566,-0.32061952352523804,-0.04743102192878723,3.2006478309631348,-0.3204104006290436,-0.09604427218437195,3.221038341522217,-0.28168630599975586,-0.11849777400493622,3.262514114379883,-0.20433348417282104,-0.06258644163608551,3.3323252201080322,-0.3435783386230469,-0.11366371810436249,3.2746737003326416,-0.3796943426132202,-0.048889949917793274,3.3667776584625244,-0.24071168899536133,1.0117906332015991,2.666126012802124,-0.5066958069801331,0.9856138825416565,2.7677667140960693
-0.34895026683807373,0.5088894367218018,2.952198028564453,-0.3343018889427185,0.38185691833496094,3.0381336212158203,-0.3195877969264984,0.2544187605381012,3.123455286026001,-0.3048732578754425,0.12697678804397583,3.2087795734405518,-0.2637227475643158,0.12491501867771149,3.200115203857422,-0.12300416827201843,0.1202237457036972,3.1688406467437744,-0.11791905015707016,0.3363244831562042,3.03183913230896,-0.14507578313350677,0.43766123056411743,2.8092474937438965,-0.1505071371793747,0.4579285681247711,2.7647292613983154,-0.16136983036994934,0.4984632730484009,2.675692558288574,-0.21343913674354553,0.48634982109069824,2.730938196182251,-0.34586384892463684,0.12765343487262726,3.2183711528778076,-0.4865824282169342,0.13234470784664154,3.249645709991455,-0.5497439503669739,0.3209693431854248,3.088629722595215,-0.6219767928123474,0.41658103466033936,2.8737008571624756,-0.6364233493804932,0.4357033669948578,2.8307151794433594,-0.6653164625167847,0.47394806146621704,2.744743585586548,-0.5944827795028687,0.45918628573417664,2.770718574523926,-0.2646287977695465,0.5060741901397705,2.9336631298065186,-0.24966761469841003,0.6003258228302002,2.567755937576294,-0.2426948994398117,0.9324214458465576,2.619213342666626,-0.2371503859758377,1.030797004699707,2.5324864387512207,-0.43327173590660095,0.511704683303833,2.9707329273223877,-0.5989781618118286,0.5933961868286133,2.6407885551452637,-0.5343908667564392,0.9133292436599731,2.7211339473724365,-0.5609062314033508,1.023575782775879,2.6550076007843018,-0.3201749324798584,-0.04691275954246521,3.204735517501831,-0.31990334391593933,-0.0954105406999588,3.225463628768921,-0.28077298402786255,-0.11772922426462173,3.2666733264923096,-0.2024085819721222,-0.06159115582704544,3.3352606296539307,-0.3425370454788208,-0.11259254068136215,3.279500961303711,-0.3774067163467407,-0.047037214040756226,3.37160587310791,-0.24221883714199066,1.0103281736373901,2.6652748584747314,-0.5040233135223389,0.9832247495651245,2.7699577808380127
-0.3478565216064453,0.5080118179321289,2.953435182571411,-0.3332071900367737,0.3812828063964844,3.0397603511810303,-0.318421334028244,0.2541392147541046,3.125450372695923,-0.30363503098487854,0.12699180841445923,3.2111430168151855,-0.26252174377441406,0.12484370172023773,3.202366352081299,-0.12190452218055725,0.11985016614198685,3.1706936359405518,-0.11681729555130005,0.3354898989200592,3.0329976081848145,-0.14359956979751587,0.4373798966407776,2.8106305599212646,-0.1489560306072235,0.4577578902244568,2.7661571502685547,-0.1596689373254776,0.4985139071941376,2.6772103309631348,-0.2118178904056549,0.48630544543266296,2.7323529720306396,-0.34458762407302856,0.1277579814195633,3.220850944519043,-0.4852048456668854,0.13275150954723358,3.25252366065979,-0.5485981702804565,0.3200949430465698,3.090134382247925,-0.621151864528656,0.4151886999607086,2.8751015663146973,-0.6356626152992249,0.4342074394226074,2.83209490776062,-0.6646841168403625,0.4722449481487274,2.746081829071045,-0.593822181224823,0.4574219286441803,2.771930456161499,-0.26358985900878906,0.505035400390625,2.9347658157348633,-0.2510957419872284,0.5964089035987854,2.5680437088012695,-0.24572975933551788,0.9286602139472961,2.6186423301696777,-0.24119287729263306,1.0268465280532837,2.531646251678467,-0.43212318420410156,0.5109882354736328,2.972104549407959,-0.5989558100700378,0.5918371081352234,2.6425282955169678,-0.533327043056488,0.9116872549057007,2.722332239151001,-0.5598166584968567,1.0219309329986572,2.6561954021453857,-0.3197048306465149,-0.04693351686000824,3.2079715728759766,-0.3194202184677124,-0.0953710675239563,3.22890567779541,-0.27994054555892944,-0.11769591271877289,3.269822835922241,-0.20060279965400696,-0.06157878041267395,3.33740234375,-0.3415779173374176,-0.11224615573883057,3.2832705974578857,-0.37524205446243286,-0.04613778367638588,3.3755037784576416,-0.2454533874988556,1.0066819190979004,2.6645071506500244,-0.5026209354400635,0.9815560579299927,2.770979166030884
-0.34717488288879395,0.5069849491119385,2.954031467437744,-0.33234623074531555,0.3804883360862732,3.0406272411346436,-0.3173915445804596,0.2535756826400757,3.1265902519226074,-0.3024364113807678,0.12665921449661255,3.2125558853149414,-0.26136264204978943,0.12444475293159485,3.2036404609680176,-0.12086670100688934,0.1192188411951065,3.1714835166931152,-0.11637957394123077,0.3343498706817627,3.0330021381378174,-0.14392976462841034,0.4366734027862549,2.8109447956085205,-0.14943979680538177,0.4571381211280823,2.766533374786377,-0.16045987606048584,0.4980675280094147,2.6777102947235107,-0.21239681541919708,0.4858289659023285,2.7330398559570312,-0.34334760904312134,0.12749427556991577,3.222405433654785,-0.4838435649871826,0.1327201873064041,3.2545623779296875,-0.5472731590270996,0.31900113821029663,3.090993881225586,-0.6199396848678589,0.4140491783618927,2.8759961128234863,-0.6344730257987976,0.43305879831314087,2.8329966068267822,-0.6635396480560303,0.4710780084133148,2.746997594833374,-0.5926772952079773,0.45609426498413086,2.772738218307495,-0.2629638910293579,0.5039726495742798,2.935210943222046,-0.2525442838668823,0.5925849676132202,2.5677645206451416,-0.24897180497646332,0.9247057437896729,2.6192708015441895,-0.2453797161579132,1.023154854774475,2.532536745071411,-0.43138587474823,0.5099972486495972,2.9728519916534424,-0.5998002290725708,0.5898117423057556,2.643847703933716,-0.5349736213684082,0.9102319478988647,2.7219393253326416,-0.5621525645256042,1.020080327987671,2.6554372310638428,-0.3193246126174927,-0.047282904386520386,3.210139274597168,-0.31902527809143066,-0.0956750139594078,3.2312400341033936,-0.27917811274528503,-0.11805357038974762,3.271812915802002,-0.19881238043308258,-0.06204672157764435,3.338358163833618,-0.3406672477722168,-0.11227962374687195,3.2859270572662354,-0.3730316460132599,-0.04568718373775482,3.3783483505249023,-0.24897834658622742,1.0025962591171265,2.665350914001465,-0.5043051242828369,0.9804225564002991,2.770137310028076
-0.34698909521102905,0.5060835480690002,2.9545202255249023,-0.33205363154411316,0.3798316717147827,3.0414257049560547,-0.3169393539428711,0.2531611919403076,3.1276888847351074,-0.3018246293067932,0.1264868974685669,3.213954448699951,-0.26079055666923523,0.12419754266738892,3.204897165298462,-0.12042133510112762,0.11871004849672318,3.1722450256347656,-0.11702357977628708,0.333168089389801,3.032719135284424,-0.14597125351428986,0.4354766309261322,2.810847759246826,-0.1517607867717743,0.45593833923339844,2.7664735317230225,-0.16333985328674316,0.4968617558479309,2.677725076675415,-0.21491757035255432,0.4846549928188324,2.7333903312683105,-0.3426944315433502,0.12739944458007812,3.223949432373047,-0.48306363821029663,0.13288694620132446,3.256601572036743,-0.5463339686393738,0.3181711435317993,3.0918657779693604,-0.6189693808555603,0.4131678640842438,2.8768503665924072,-0.6334964632987976,0.4321672022342682,2.8338472843170166,-0.6625506281852722,0.470165878534317,2.7478411197662354,-0.5917079448699951,0.4549809694290161,2.773505210876465,-0.262831449508667,0.5029906630516052,2.935563802719116,-0.2532491087913513,0.5886099338531494,2.5674169063568115,-0.2498793601989746,0.9204551577568054,2.6205122470855713,-0.24654629826545715,1.01931631565094,2.5342538356781006,-0.4311467409133911,0.5091764330863953,2.9734766483306885,-0.6009924411773682,0.5883303284645081,2.6450841426849365,-0.5366259813308716,0.9093974828720093,2.720745086669922,-0.5643976330757141,1.0187256336212158,2.653653860092163,-0.31932488083839417,-0.047482430934906006,3.2122108936309814,-0.3189427852630615,-0.09583970904350281,3.233449697494507,-0.2786867618560791,-0.11825160682201385,3.2736403942108154,-0.19733679294586182,-0.062308553606271744,3.3391306400299072,-0.3400174081325531,-0.1122305691242218,3.288452625274658,-0.37110692262649536,-0.045248955488204956,3.381098985671997,-0.24986712634563446,0.9981164932250977,2.666963577270508,-0.505913257598877,0.9799771308898926,2.76832914352417
-0.34712928533554077,0.5051811933517456,2.954732894897461,-0.3320449888706207,0.3791249394416809,3.041872501373291,-0.31673961877822876,0.25265538692474365,3.1283721923828125,-0.3014337718486786,0.12618203461170197,3.214874505996704,-0.26044273376464844,0.12382103502750397,3.2056593894958496,-0.12021324038505554,0.11808376759290695,3.1724586486816406,-0.11818543076515198,0.3318476378917694,3.031865358352661,-0.14880962669849396,0.43395477533340454,2.81013822555542,-0.15493446588516235,0.4543761909008026,2.7657928466796875,-0.16718414425849915,0.49521905183792114,2.6771020889282227,-0.2183418869972229,0.4830414354801178,2.7331554889678955,-0.3422584533691406,0.12716840207576752,3.225029945373535,-0.4824879467487335,0.13290566205978394,3.258230686187744,-0.5454951524734497,0.3173370361328125,3.0924575328826904,-0.6180482506752014,0.412389874458313,2.8774514198303223,-0.6325588822364807,0.43140044808387756,2.8344502449035645,-0.6615801453590393,0.4694215655326843,2.748447895050049,-0.5907652378082275,0.4539913535118103,2.7740321159362793,-0.2630334794521332,0.5020138621330261,2.935593605041504,-0.2532782554626465,0.586365818977356,2.5671701431274414,-0.2490210235118866,0.917826771736145,2.6224937438964844,-0.24542735517024994,1.0172536373138428,2.5369043350219727,-0.43122509121894836,0.5083485245704651,2.973872184753418,-0.6019346714019775,0.5870999097824097,2.645843505859375,-0.5373972058296204,0.9085219502449036,2.719789505004883,-0.565403401851654,1.017525315284729,2.652276039123535,-0.3195386230945587,-0.04780608415603638,3.2137320041656494,-0.31907814741134644,-0.09613645076751709,3.235086679458618,-0.27842968702316284,-0.1186007410287857,3.2748913764953613,-0.1961269974708557,-0.06275683641433716,3.339360237121582,-0.3395957350730896,-0.11233767867088318,3.2903850078582764,-0.369430810213089,-0.045011479407548904,3.3832590579986572,-0.24879983067512512,0.9951714873313904,2.6694648265838623,-0.5065492987632751,0.9793281555175781,2.7669427394866943
-0.34756842255592346,0.5045776963233948,2.95511531829834,-0.33237677812576294,0.37870317697525024,3.042478561401367,-0.316955029964447,0.252422571182251,3.1292130947113037,-0.3015328347682953,0.12613818049430847,3.2159502506256104,-0.26057520508766174,0.1237105131149292,3.2066187858581543,-0.12045249342918396,0.117740698158741,3.1730127334594727,-0.11885493248701096,0.33085542917251587,3.031446933746338,-0.1497650146484375,0.4328344762325287,2.8097095489501953,-0.1559470295906067,0.4532302916049957,2.765362024307251,-0.16831105947494507,0.4940219223499298,2.6766669750213623,-0.21939381957054138,0.48187944293022156,2.732793092727661,-0.34232282638549805,0.12719330191612244,3.226224422454834,-0.48244553804397583,0.13316312432289124,3.2598304748535156,-0.5449610948562622,0.3167320191860199,3.092930555343628,-0.6172041296958923,0.41179153323173523,2.8778321743011475,-0.6316527128219604,0.43080344796180725,2.8348124027252197,-0.6605499386787415,0.4688272476196289,2.7487730979919434,-0.5897923707962036,0.4531281590461731,2.7743449211120605,-0.2635355591773987,0.5013033151626587,2.9357850551605225,-0.25299176573753357,0.5859366655349731,2.5674545764923096,-0.24729451537132263,0.9170511960983276,2.6246559619903564,-0.24314872920513153,1.016940951347351,2.5396361351013184,-0.43160128593444824,0.5078520774841309,2.9744455814361572,-0.6025141477584839,0.5860123038291931,2.6463890075683594,-0.5374805927276611,0.9076120257377625,2.7190909385681152,-0.5654221177101135,1.016403317451477,2.651214122772217,-0.31992092728614807,-0.04790416359901428,3.21553897857666,-0.31931671500205994,-0.0961901992559433,3.2370498180389404,-0.27828145027160645,-0.11860295385122299,3.2765283584594727,-0.19520552456378937,-0.0626593828201294,3.3400115966796875,-0.33930540084838867,-0.11219363659620285,3.2926297187805176,-0.3681066930294037,-0.04449964314699173,3.385632038116455,-0.24677735567092896,0.9941260814666748,2.672063112258911,-0.5064888596534729,0.9785481691360474,2.7659504413604736
-0.3484807014465332,0.5040815472602844,2.956088066101074,-0.33320340514183044,0.3785467743873596,3.04390811920166,-0.3177013397216797,0.25260668992996216,3.13110613822937,-0.3021987974643707,0.12666286528110504,3.21830677986145,-0.26127785444259644,0.12413182854652405,3.2088537216186523,-0.12127570807933807,0.11780104786157608,3.1748206615448,-0.11851933598518372,0.32986345887184143,3.031719923019409,-0.14791053533554077,0.43262428045272827,2.810148239135742,-0.15378877520561218,0.45317643880844116,2.765833854675293,-0.165545254945755,0.49428075551986694,2.6772050857543945,-0.21693140268325806,0.48227277398109436,2.7330782413482666,-0.342951238155365,0.12782502174377441,3.228707790374756,-0.48295336961746216,0.13415580987930298,3.2627408504486084,-0.5445842742919922,0.3161659240722656,3.0938332080841064,-0.6161198616027832,0.4113374352455139,2.8785598278045654,-0.6304270029067993,0.4303717315196991,2.835505247116089,-0.6590412259101868,0.46844032406806946,2.7493958473205566,-0.5884025692939758,0.45229390263557434,2.775008201599121,-0.26452797651290894,0.500620424747467,2.9365360736846924,-0.2542467713356018,0.5863919258117676,2.5684735774993896,-0.24829062819480896,0.9169223308563232,2.6288764476776123,-0.24414369463920593,1.0176260471343994,2.544828414916992,-0.43243342638015747,0.5075426697731018,2.975640058517456,-0.6032819747924805,0.5844267010688782,2.6472620964050293,-0.5370005965232849,0.9060375690460205,2.718729257583618,-0.5645532011985779,1.0146753787994385,2.650456428527832,-0.32071825861930847,-0.04762142896652222,3.219412326812744,-0.31977152824401855,-0.09582947194576263,3.241274118423462,-0.27801674604415894,-0.11803096532821655,3.2802541255950928,-0.1937083750963211,-0.06162639334797859,3.3420071601867676,-0.3388412594795227,-0.11145910620689392,3.297379970550537,-0.36604443192481995,-0.04300614073872566,3.3905303478240967,-0.24768754839897156,0.9935312271118164,2.6770267486572266,-0.5057225823402405,0.9770286083221436,2.7653093338012695
-0.34925487637519836,0.5044623017311096,2.9545891284942627,-0.33399510383605957,0.3788934648036957,3.0423552989959717,-0.3185216188430786,0.2529139518737793,3.129493236541748,-0.30304768681526184,0.12693065404891968,3.2166337966918945,-0.262139230966568,0.12436683475971222,3.207141160964966,-0.12217551469802856,0.11792421340942383,3.1729726791381836,-0.11751174926757812,0.3300494849681854,3.030014991760254,-0.14491720497608185,0.4340997338294983,2.808791160583496,-0.15039829909801483,0.4549098014831543,2.7645463943481445,-0.1613604873418808,0.4965299069881439,2.6760568618774414,-0.21315833926200867,0.4845649003982544,2.731557607650757,-0.34378793835639954,0.1281251758337021,3.2270734310150146,-0.48375165462493896,0.13456779718399048,3.261241912841797,-0.5453821420669556,0.31627902388572693,3.092012882232666,-0.6170182824134827,0.4118500053882599,2.8769500255584717,-0.6313455104827881,0.4309642016887665,2.833937406539917,-0.6599999666213989,0.46919259428977966,2.7479124069213867,-0.5893603563308716,0.45286011695861816,2.7734036445617676,-0.2653481364250183,0.5008951425552368,2.93489670753479,-0.2547893524169922,0.5882784724235535,2.5672237873077393,-0.24771523475646973,0.9186170101165771,2.628537178039551,-0.24323445558547974,1.0195369720458984,2.544767379760742,-0.4331616163253784,0.5080294609069824,2.9742815494537354,-0.6041393280029297,0.5846044421195984,2.6459012031555176,-0.5369930267333984,0.9059780836105347,2.717617988586426,-0.5642967224121094,1.014745831489563,2.64945387840271,-0.3213028013706207,-0.04747810959815979,3.2171707153320312,-0.32015475630760193,-0.09579463303089142,3.2388508319854736,-0.2781182527542114,-0.11809372901916504,3.277522563934326,-0.1934947371482849,-0.06176750361919403,3.3390374183654785,-0.33888477087020874,-0.11167947947978973,3.2950351238250732,-0.36566653847694397,-0.04359380900859833,3.3886563777923584,-0.24685078859329224,0.9950898885726929,2.676898241043091,-0.5055096745491028,0.9768466949462891,2.76424503326416
